version 1
nodes
0 "root" -1
end
skeleton
time 0
0  0.000000 0.000000 0.000000  0.000000 -0.000000 0.000000
end
triangles
GRILL_GRILL_02
0  -19.522049 -71.162422 27.901220  0.270954 0.354691 0.894862  4.058474 0.371075 1 0 1.000000
0  -18.211771 -72.142380 27.901220  0.054321 0.069354 0.996112  4.228401 0.613269 1 0 1.000000
0  -16.769363 -72.935150 27.879198  0.126537 0.242002 0.961989  4.361217 0.878903 1 0 1.000000
GRILL_GRILL_02
0  -19.522049 -71.162422 27.901220  0.270954 0.354691 0.894862  4.058474 0.371075 1 0 1.000000
0  -21.129618 -68.696014 27.692017  0.511948 0.401285 0.759526  3.574328 0.072237 1 0 1.000000
0  -20.535038 -69.907196 27.846167  0.256552 0.248415 0.934062  3.839961 0.183569 1 0 1.000000
GRILL_GRILL_02
0  -19.522049 -71.162422 27.901220  0.270954 0.354691 0.894862  4.058474 0.371075 1 0 1.000000
0  -21.327810 -67.055420 26.293652  0.407434 0.484441 0.774154  3.246193 0.037080 1 0 1.000000
0  -21.129618 -68.696014 27.692017  0.511948 0.401285 0.759526  3.574328 0.072237 1 0 1.000000
GRILL_GRILL_02
0  -19.522049 -71.162422 27.901220  0.270954 0.354691 0.894862  4.058474 0.371075 1 0 1.000000
0  -20.931423 -66.857224 26.183544  0.134070 0.404628 0.904600  3.203223 0.111301 1 0 1.000000
0  -21.327810 -67.055420 26.293652  0.407434 0.484441 0.774154  3.246193 0.037080 1 0 1.000000
GRILL_GRILL_02
0  -19.522049 -71.162422 27.901220  0.270954 0.354691 0.894862  4.058474 0.371075 1 0 1.000000
0  -17.330912 -68.707031 26.150513  0.224501 0.403809 0.886869  3.519639 0.777337 1 0 1.000000
0  -20.931423 -66.857224 26.183544  0.134070 0.404628 0.904600  3.203223 0.111301 1 0 1.000000
GRILL_GRILL_02
0  -16.769363 -72.935150 27.879198  0.126537 0.242002 0.961989  4.361217 0.878903 1 0 1.000000
0  -17.330912 -68.707031 26.150513  0.224501 0.403809 0.886869  3.519639 0.777337 1 0 1.000000
0  -19.522049 -71.162422 27.901220  0.270954 0.354691 0.894862  4.058474 0.371075 1 0 1.000000
GRILL_GRILL_02
0  -16.769363 -72.935150 27.879198  0.126537 0.242002 0.961989  4.361217 0.878903 1 0 1.000000
0  -11.484207 -71.261520 26.073437  0.190663 0.376686 0.906507  3.951293 1.855495 1 0 1.000000
0  -17.330912 -68.707031 26.150513  0.224501 0.403809 0.886869  3.519639 0.777337 1 0 1.000000
GRILL_GRILL_02
0  -16.769363 -72.935150 27.879198  0.126537 0.242002 0.961989  4.361217 0.878903 1 0 1.000000
0  -11.109842 -71.690941 26.161522  0.180944 0.411045 0.893477  4.031129 1.925810 1 0 1.000000
0  -11.484207 -71.261520 26.073437  0.190663 0.376686 0.906507  3.951293 1.855495 1 0 1.000000
GRILL_GRILL_02
0  -16.769363 -72.935150 27.879198  0.126537 0.242002 0.961989  4.361217 0.878903 1 0 1.000000
0  -10.295049 -74.972137 27.736059  0.114666 0.298075 0.947630  4.703024 2.076205 1 0 1.000000
0  -11.109842 -71.690941 26.161522  0.180944 0.411045 0.893477  4.031129 1.925810 1 0 1.000000
GRILL_GRILL_02
0  -16.769363 -72.935150 27.879198  0.126537 0.242002 0.961989  4.361217 0.878903 1 0 1.000000
0  -10.328080 -75.137299 27.758080  0.050096 0.092946 0.994410  4.732322 2.068392 1 0 1.000000
0  -10.295049 -74.972137 27.736059  0.114666 0.298075 0.947630  4.703024 2.076205 1 0 1.000000
GRILL_GRILL_02
0  -16.769363 -72.935150 27.879198  0.126537 0.242002 0.961989  4.361217 0.878903 1 0 1.000000
0  -10.449199 -75.269432 27.769091  0.034220 0.047499 0.998285  4.755760 2.046907 1 0 1.000000
0  -10.328080 -75.137299 27.758080  0.050096 0.092946 0.994410  4.732322 2.068392 1 0 1.000000
GRILL_GRILL_02
0  -16.769363 -72.935150 27.879198  0.126537 0.242002 0.961989  4.361217 0.878903 1 0 1.000000
0  -10.735478 -75.280441 27.780102  0.029636 0.035083 0.998945  4.757713 1.992218 1 0 1.000000
0  -10.449199 -75.269432 27.769091  0.034220 0.047499 0.998285  4.755760 2.046907 1 0 1.000000
GRILL_GRILL_02
0  -18.828373 -57.916500 27.361694  0.203036 0.375563 0.904283  1.750053 0.499985 1 0 1.000000
0  -22.770218 -56.011642 27.262594  0.073688 0.203482 0.976302  1.416059 -0.228553 1 0 1.000000
0  -23.166605 -56.253880 27.339670  0.149836 0.400994 0.903744  1.462935 -0.302774 1 0 1.000000
GRILL_GRILL_02
0  -18.828373 -57.916500 27.361694  0.203036 0.375563 0.904283  1.750053 0.499985 1 0 1.000000
0  -23.166605 -56.253880 27.339670  0.149836 0.400994 0.903744  1.462935 -0.302774 1 0 1.000000
0  -23.078518 -58.213791 28.760056  0.247977 0.463551 0.850663  1.814509 -0.287149 1 0 1.000000
GRILL_GRILL_02
0  -18.828373 -57.916500 27.361694  0.203036 0.375563 0.904283  1.750053 0.499985 1 0 1.000000
0  -23.078518 -58.213791 28.760056  0.247977 0.463551 0.850663  1.814509 -0.287149 1 0 1.000000
0  -22.869314 -58.753319 28.903194  0.284739 0.301361 0.910003  2.000061 -0.248085 1 0 1.000000
GRILL_GRILL_02
0  -18.828373 -57.916500 27.361694  0.203036 0.375563 0.904283  1.750053 0.499985 1 0 1.000000
0  -22.869314 -58.753319 28.903194  0.284739 0.301361 0.910003  2.000061 -0.248085 1 0 1.000000
0  -22.318777 -59.722263 29.002293  0.269246 0.308513 0.912319  2.171941 -0.146519 1 0 1.000000
GRILL_GRILL_02
0  -18.828373 -57.916500 27.361694  0.203036 0.375563 0.904283  1.750053 0.499985 1 0 1.000000
0  -22.318777 -59.722263 29.002293  0.269246 0.308513 0.912319  2.171941 -0.146519 1 0 1.000000
0  -21.492971 -60.448971 29.068357  0.210856 0.383354 0.899211  2.302805 0.007782 1 0 1.000000
GRILL_GRILL_02
0  -18.828373 -57.916500 27.361694  0.203036 0.375563 0.904283  1.750053 0.499985 1 0 1.000000
0  -21.492971 -60.448971 29.068357  0.210856 0.383354 0.899211  2.302805 0.007782 1 0 1.000000
0  -20.524027 -60.988499 29.123411  0.176062 0.414162 0.893013  2.398511 0.185522 1 0 1.000000
GRILL_GRILL_02
0  -20.524027 -60.988499 29.123411  0.176062 0.414162 0.893013  2.398511 0.185522 1 0 1.000000
0  -17.352932 -62.463940 29.200487  0.174635 0.392072 0.903207  2.656331 0.771477 1 0 1.000000
0  -18.828373 -57.916500 27.361694  0.203036 0.375563 0.904283  1.750053 0.499985 1 0 1.000000
GRILL_GRILL_02
0  -17.352932 -62.463940 29.200487  0.174635 0.392072 0.903207  2.656331 0.771477 1 0 1.000000
0  -12.904593 -60.349876 27.460791  0.181293 0.366224 0.912695  2.175848 1.593768 1 0 1.000000
0  -18.828373 -57.916500 27.361694  0.203036 0.375563 0.904283  1.750053 0.499985 1 0 1.000000
GRILL_GRILL_02
0  -17.352932 -62.463940 29.200487  0.174635 0.392072 0.903207  2.656331 0.771477 1 0 1.000000
0  -12.541239 -60.823338 27.548876  0.185942 0.369951 0.910254  2.261788 1.660176 1 0 1.000000
0  -12.904593 -60.349876 27.460791  0.181293 0.366224 0.912695  2.175848 1.593768 1 0 1.000000
GRILL_GRILL_02
0  -17.352932 -62.463940 29.200487  0.174635 0.392072 0.903207  2.656331 0.771477 1 0 1.000000
0  -11.715433 -64.809227 29.266552  0.163363 0.419223 0.893065  3.064547 1.812525 1 0 1.000000
0  -12.541239 -60.823338 27.548876  0.185942 0.369951 0.910254  2.261788 1.660176 1 0 1.000000
GRILL_GRILL_02
0  16.769356 -72.935150 27.879198  -0.126521 0.241859 0.962027  4.361217 0.878903 1 0 1.000000
0  10.449189 -75.269432 27.769091  -0.034291 0.047516 0.998282  4.755760 2.046907 1 0 1.000000
0  10.735469 -75.280441 27.780102  -0.029707 0.035105 0.998942  4.757713 1.992218 1 0 1.000000
GRILL_GRILL_02
0  16.769356 -72.935150 27.879198  -0.126521 0.241859 0.962027  4.361217 0.878903 1 0 1.000000
0  10.328071 -75.137299 27.758080  -0.050166 0.092980 0.994403  4.732322 2.068392 1 0 1.000000
0  10.449189 -75.269432 27.769091  -0.034291 0.047516 0.998282  4.755760 2.046907 1 0 1.000000
GRILL_GRILL_02
0  16.769356 -72.935150 27.879198  -0.126521 0.241859 0.962027  4.361217 0.878903 1 0 1.000000
0  10.295039 -74.972137 27.736059  -0.114669 0.297920 0.947678  4.703024 2.076205 1 0 1.000000
0  10.328071 -75.137299 27.758080  -0.050166 0.092980 0.994403  4.732322 2.068392 1 0 1.000000
GRILL_GRILL_02
0  16.769356 -72.935150 27.879198  -0.126521 0.241859 0.962027  4.361217 0.878903 1 0 1.000000
0  11.109835 -71.690941 26.161522  -0.181000 0.411058 0.893460  4.031129 1.925810 1 0 1.000000
0  10.295039 -74.972137 27.736059  -0.114669 0.297920 0.947678  4.703024 2.076205 1 0 1.000000
GRILL_GRILL_02
0  16.769356 -72.935150 27.879198  -0.126521 0.241859 0.962027  4.361217 0.878903 1 0 1.000000
0  11.484200 -71.261520 26.073437  -0.190713 0.376700 0.906491  3.951293 1.855495 1 0 1.000000
0  11.109835 -71.690941 26.161522  -0.181000 0.411058 0.893460  4.031129 1.925810 1 0 1.000000
GRILL_GRILL_02
0  16.769356 -72.935150 27.879198  -0.126521 0.241859 0.962027  4.361217 0.878903 1 0 1.000000
0  17.330904 -68.707031 26.150513  -0.224510 0.403822 0.886861  3.519639 0.777337 1 0 1.000000
0  11.484200 -71.261520 26.073437  -0.190713 0.376700 0.906491  3.951293 1.855495 1 0 1.000000
GRILL_GRILL_02
0  19.522041 -71.162422 27.901220  -0.271083 0.354587 0.894864  4.058474 0.371075 1 0 1.000000
0  17.330904 -68.707031 26.150513  -0.224510 0.403822 0.886861  3.519639 0.777337 1 0 1.000000
0  16.769356 -72.935150 27.879198  -0.126521 0.241859 0.962027  4.361217 0.878903 1 0 1.000000
GRILL_GRILL_02
0  19.522041 -71.162422 27.901220  -0.271083 0.354587 0.894864  4.058474 0.371075 1 0 1.000000
0  20.931416 -66.857224 26.183544  -0.134172 0.404623 0.904587  3.203223 0.111301 1 0 1.000000
0  17.330904 -68.707031 26.150513  -0.224510 0.403822 0.886861  3.519639 0.777337 1 0 1.000000
GRILL_GRILL_02
0  19.522041 -71.162422 27.901220  -0.271083 0.354587 0.894864  4.058474 0.371075 1 0 1.000000
0  21.327803 -67.055420 26.293652  -0.407478 0.484430 0.774138  3.246193 0.037080 1 0 1.000000
0  20.931416 -66.857224 26.183544  -0.134172 0.404623 0.904587  3.203223 0.111301 1 0 1.000000
GRILL_GRILL_02
0  19.522041 -71.162422 27.901220  -0.271083 0.354587 0.894864  4.058474 0.371075 1 0 1.000000
0  21.129610 -68.696014 27.692017  -0.511855 0.401221 0.759622  3.574328 0.072237 1 0 1.000000
0  21.327803 -67.055420 26.293652  -0.407478 0.484430 0.774138  3.246193 0.037080 1 0 1.000000
GRILL_GRILL_02
0  19.522041 -71.162422 27.901220  -0.271083 0.354587 0.894864  4.058474 0.371075 1 0 1.000000
0  20.535030 -69.907196 27.846167  -0.256612 0.248414 0.934046  3.839961 0.183569 1 0 1.000000
0  21.129610 -68.696014 27.692017  -0.511855 0.401221 0.759622  3.574328 0.072237 1 0 1.000000
GRILL_GRILL_02
0  16.769356 -72.935150 27.879198  -0.126521 0.241859 0.962027  4.361217 0.878903 1 0 1.000000
0  18.211763 -72.142380 27.901220  -0.054393 0.069376 0.996107  4.228401 0.613269 1 0 1.000000
0  19.522041 -71.162422 27.901220  -0.271083 0.354587 0.894864  4.058474 0.371075 1 0 1.000000
GRILL_GRILL_02
0  -23.078518 -49.779564 29.993259  0.166721 0.355638 0.919633  0.535173 -0.285195 1 0 1.000000
0  -24.179592 -48.821629 29.883152  0.020063 0.147835 0.988809  0.363292 -0.488327 1 0 1.000000
0  -23.684109 -49.350143 29.949215  0.013480 0.140387 0.990005  0.457045 -0.398480 1 0 1.000000
GRILL_GRILL_02
0  -23.078518 -49.779564 29.993259  0.166721 0.355638 0.919633  0.535173 -0.285195 1 0 1.000000
0  -24.531937 -48.072899 29.773045  0.138430 0.246962 0.959086  0.226569 -0.554735 1 0 1.000000
0  -24.179592 -48.821629 29.883152  0.020063 0.147835 0.988809  0.363292 -0.488327 1 0 1.000000
GRILL_GRILL_02
0  -23.078518 -49.779564 29.993259  0.166721 0.355638 0.919633  0.535173 -0.285195 1 0 1.000000
0  -24.763163 -47.357201 29.574850  0.426526 0.438157 0.791261  0.007813 -0.597705 1 0 1.000000
0  -24.531937 -48.072899 29.773045  0.138430 0.246962 0.959086  0.226569 -0.554735 1 0 1.000000
GRILL_GRILL_02
0  -23.078518 -49.779564 29.993259  0.166721 0.355638 0.919633  0.535173 -0.285195 1 0 1.000000
0  -24.796194 -45.617504 28.154465  0.281722 0.483443 0.828804  -0.304697 -0.603320 1 0 1.000000
0  -24.763163 -47.357201 29.574850  0.426526 0.438157 0.791261  0.007813 -0.597705 1 0 1.000000
GRILL_GRILL_02
0  -23.078518 -49.779564 29.993259  0.166721 0.355638 0.919633  0.535173 -0.285195 1 0 1.000000
0  -24.399807 -45.375267 28.077391  0.051161 0.412283 0.909618  -0.351573 -0.531053 1 0 1.000000
0  -24.796194 -45.617504 28.154465  0.281722 0.483443 0.828804  -0.304697 -0.603320 1 0 1.000000
GRILL_GRILL_02
0  -23.078518 -49.779564 29.993259  0.166721 0.355638 0.919633  0.535173 -0.285195 1 0 1.000000
0  -20.171682 -47.236084 28.242552  0.149520 0.433371 0.888726  -0.021485 0.250221 1 0 1.000000
0  -24.399807 -45.375267 28.077391  0.051161 0.412283 0.909618  -0.351573 -0.531053 1 0 1.000000
GRILL_GRILL_02
0  -23.078518 -49.779564 29.993259  0.166721 0.355638 0.919633  0.535173 -0.285195 1 0 1.000000
0  -18.828373 -51.684422 30.191454  0.157011 0.410488 0.898247  0.875027 0.498032 1 0 1.000000
0  -20.171682 -47.236084 28.242552  0.149520 0.433371 0.888726  -0.021485 0.250221 1 0 1.000000
GRILL_GRILL_02
0  -18.828373 -51.684422 30.191454  0.157011 0.410488 0.898247  0.875027 0.498032 1 0 1.000000
0  -14.071732 -49.559349 28.429735  0.163077 0.385032 0.908381  0.390637 1.376965 1 0 1.000000
0  -20.171682 -47.236084 28.242552  0.149520 0.433371 0.888726  -0.021485 0.250221 1 0 1.000000
GRILL_GRILL_02
0  -18.828373 -51.684422 30.191454  0.157011 0.410488 0.898247  0.875027 0.498032 1 0 1.000000
0  -13.719388 -49.999779 28.528831  0.167853 0.387433 0.906488  0.472671 1.441420 1 0 1.000000
0  -14.071732 -49.559349 28.429735  0.163077 0.385032 0.908381  0.390637 1.376965 1 0 1.000000
GRILL_GRILL_02
0  -18.828373 -51.684422 30.191454  0.157011 0.410488 0.898247  0.875027 0.498032 1 0 1.000000
0  -12.970657 -53.985668 30.356615  0.145875 0.436024 0.888033  1.281289 1.580096 1 0 1.000000
0  -13.719388 -49.999779 28.528831  0.167853 0.387433 0.906488  0.472671 1.441420 1 0 1.000000
GRILL_GRILL_02
0  21.272751 -30.984228 31.688915  -0.144521 0.413476 0.898972  -2.572344 0.047090 1 0 1.000000
0  16.009617 -29.310595 30.081347  -0.150658 0.397301 0.905237  -2.970794 1.019776 1 0 1.000000
0  15.128757 -33.065258 31.920141  -0.122878 0.459485 0.879645  -2.199286 1.181890 1 0 1.000000
GRILL_GRILL_02
0  21.272751 -30.984228 31.688915  -0.144521 0.413476 0.898972  -2.572344 0.047090 1 0 1.000000
0  16.361961 -28.870165 29.993261  -0.151617 0.381537 0.911834  -3.052828 0.955321 1 0 1.000000
0  16.009617 -29.310595 30.081347  -0.150658 0.397301 0.905237  -2.970794 1.019776 1 0 1.000000
GRILL_GRILL_02
0  21.272751 -30.984228 31.688915  -0.144521 0.413476 0.898972  -2.572344 0.047090 1 0 1.000000
0  21.889353 -26.800148 29.773048  -0.141653 0.430938 0.891194  -3.421979 -0.066195 1 0 1.000000
0  16.361961 -28.870165 29.993261  -0.151617 0.381537 0.911834  -3.052828 0.955321 1 0 1.000000
GRILL_GRILL_02
0  25.588963 -29.079370 31.501734  -0.176293 0.370714 0.911862  -2.912198 -0.749809 1 0 1.000000
0  21.889353 -26.800148 29.773048  -0.141653 0.430938 0.891194  -3.421979 -0.066195 1 0 1.000000
0  21.272751 -30.984228 31.688915  -0.144521 0.413476 0.898972  -2.572344 0.047090 1 0 1.000000
GRILL_GRILL_02
0  25.588963 -29.079370 31.501734  -0.176293 0.370714 0.911862  -2.912198 -0.749809 1 0 1.000000
0  26.954294 -24.675074 29.585865  -0.047742 0.411828 0.910010  -3.800897 -1.001770 1 0 1.000000
0  21.889353 -26.800148 29.773048  -0.141653 0.430938 0.891194  -3.421979 -0.066195 1 0 1.000000
GRILL_GRILL_02
0  25.588963 -29.079370 31.501734  -0.176293 0.370714 0.911862  -2.912198 -0.749809 1 0 1.000000
0  27.350681 -24.917311 29.662941  -0.253288 0.479700 0.840079  -3.752068 -1.075991 1 0 1.000000
0  26.954294 -24.675074 29.585865  -0.047742 0.411828 0.910010  -3.800897 -1.001770 1 0 1.000000
GRILL_GRILL_02
0  25.588963 -29.079370 31.501734  -0.176293 0.370714 0.911862  -2.912198 -0.749809 1 0 1.000000
0  27.328659 -26.668018 31.006250  -0.456076 0.483175 0.747353  -3.443465 -1.072085 1 0 1.000000
0  27.350681 -24.917311 29.662941  -0.253288 0.479700 0.840079  -3.752068 -1.075991 1 0 1.000000
GRILL_GRILL_02
0  25.588963 -29.079370 31.501734  -0.176293 0.370714 0.911862  -2.912198 -0.749809 1 0 1.000000
0  27.086424 -27.383717 31.270508  -0.205874 0.305672 0.929613  -3.220801 -1.025208 1 0 1.000000
0  27.328659 -26.668018 31.006250  -0.456076 0.483175 0.747353  -3.443465 -1.072085 1 0 1.000000
GRILL_GRILL_02
0  25.588963 -29.079370 31.501734  -0.176293 0.370714 0.911862  -2.912198 -0.749809 1 0 1.000000
0  26.723068 -28.132448 31.380615  -0.019530 0.147825 0.988821  -3.084079 -0.958800 1 0 1.000000
0  27.086424 -27.383717 31.270508  -0.205874 0.305672 0.929613  -3.220801 -1.025208 1 0 1.000000
GRILL_GRILL_02
0  25.588963 -29.079370 31.501734  -0.176293 0.370714 0.911862  -2.912198 -0.749809 1 0 1.000000
0  26.216574 -28.649952 31.446680  -0.013176 0.140383 0.990009  -2.988373 -0.865047 1 0 1.000000
0  26.723068 -28.132448 31.380615  -0.019530 0.147825 0.988821  -3.084079 -0.958800 1 0 1.000000
GRILL_GRILL_02
0  -24.377787 -39.429466 30.753000  0.163008 0.355966 0.920172  -1.187536 -0.525193 1 0 1.000000
0  -25.511892 -38.471531 30.631882  0.019479 0.147847 0.988818  -1.359416 -0.734184 1 0 1.000000
0  -25.005398 -39.000046 30.697947  0.013089 0.140370 0.990013  -1.265664 -0.640431 1 0 1.000000
GRILL_GRILL_02
0  -24.377787 -39.429466 30.753000  0.163008 0.355966 0.920172  -1.187536 -0.525193 1 0 1.000000
0  -25.864237 -37.722801 30.521774  0.134687 0.247190 0.959561  -1.496139 -0.802545 1 0 1.000000
0  -25.511892 -38.471531 30.631882  0.019479 0.147847 0.988818  -1.359416 -0.734184 1 0 1.000000
GRILL_GRILL_02
0  -24.377787 -39.429466 30.753000  0.163008 0.355966 0.920172  -1.187536 -0.525193 1 0 1.000000
0  -26.117483 -37.018112 30.323582  0.417322 0.440814 0.794685  -1.714896 -0.847468 1 0 1.000000
0  -25.864237 -37.722801 30.521774  0.134687 0.247190 0.959561  -1.496139 -0.802545 1 0 1.000000
GRILL_GRILL_02
0  -24.377787 -39.429466 30.753000  0.163008 0.355966 0.920172  -1.187536 -0.525193 1 0 1.000000
0  -26.139503 -35.267406 28.914206  0.276021 0.484807 0.829924  -2.027406 -0.851375 1 0 1.000000
0  -26.117483 -37.018112 30.323582  0.417322 0.440814 0.794685  -1.714896 -0.847468 1 0 1.000000
GRILL_GRILL_02
0  -24.377787 -39.429466 30.753000  0.163008 0.355966 0.920172  -1.187536 -0.525193 1 0 1.000000
0  -25.743116 -35.025169 28.826120  0.049739 0.412314 0.909683  -2.076235 -0.779107 1 0 1.000000
0  -26.139503 -35.267406 28.914206  0.276021 0.484807 0.829924  -2.027406 -0.851375 1 0 1.000000
GRILL_GRILL_02
0  -24.377787 -39.429466 30.753000  0.163008 0.355966 0.920172  -1.187536 -0.525193 1 0 1.000000
0  -21.393875 -36.885986 28.991283  0.143471 0.432486 0.890153  -1.746147 0.025605 1 0 1.000000
0  -25.743116 -35.025169 28.826120  0.049739 0.412314 0.909683  -2.076235 -0.779107 1 0 1.000000
GRILL_GRILL_02
0  -24.377787 -39.429466 30.753000  0.163008 0.355966 0.920172  -1.187536 -0.525193 1 0 1.000000
0  -20.061575 -41.334324 30.940184  0.147684 0.408000 0.900958  -0.849635 0.271706 1 0 1.000000
0  -21.393875 -36.885986 28.991283  0.143471 0.432486 0.890153  -1.746147 0.025605 1 0 1.000000
GRILL_GRILL_02
0  -20.061575 -41.334324 30.940184  0.147684 0.408000 0.900958  -0.849635 0.271706 1 0 1.000000
0  -15.150784 -39.209251 29.233519  0.151564 0.381547 0.911839  -1.328166 1.177984 1 0 1.000000
0  -21.393875 -36.885986 28.991283  0.143471 0.432486 0.890153  -1.746147 0.025605 1 0 1.000000
GRILL_GRILL_02
0  -20.061575 -41.334324 30.940184  0.147684 0.408000 0.900958  -0.849635 0.271706 1 0 1.000000
0  -14.787429 -39.660690 29.332617  0.156235 0.384174 0.909946  -1.246132 1.244392 1 0 1.000000
0  -15.150784 -39.209251 29.233519  0.151564 0.381547 0.911839  -1.328166 1.177984 1 0 1.000000
GRILL_GRILL_02
0  -20.061575 -41.334324 30.940184  0.147684 0.408000 0.900958  -0.849635 0.271706 1 0 1.000000
0  -14.027688 -43.558495 31.116356  0.134701 0.434071 0.890751  -0.455092 1.386975 1 0 1.000000
0  -14.787429 -39.660690 29.332617  0.156235 0.384174 0.909946  -1.246132 1.244392 1 0 1.000000
GRILL_GRILL_02
0  20.061567 -41.334324 30.940184  -0.147748 0.407976 0.900959  -0.849635 0.271706 1 0 1.000000
0  14.787423 -39.660690 29.332617  -0.156283 0.384195 0.909928  -1.246132 1.244392 1 0 1.000000
0  14.027682 -43.558495 31.116356  -0.134351 0.433956 0.890860  -0.455092 1.386975 1 0 1.000000
GRILL_GRILL_02
0  20.061567 -41.334324 30.940184  -0.147748 0.407976 0.900959  -0.849635 0.271706 1 0 1.000000
0  15.150778 -39.209251 29.233519  -0.151630 0.381525 0.911837  -1.328166 1.177984 1 0 1.000000
0  14.787423 -39.660690 29.332617  -0.156283 0.384195 0.909928  -1.246132 1.244392 1 0 1.000000
GRILL_GRILL_02
0  20.061567 -41.334324 30.940184  -0.147748 0.407976 0.900959  -0.849635 0.271706 1 0 1.000000
0  21.393867 -36.885986 28.991283  -0.143697 0.432633 0.890045  -1.746147 0.025605 1 0 1.000000
0  15.150778 -39.209251 29.233519  -0.151630 0.381525 0.911837  -1.328166 1.177984 1 0 1.000000
GRILL_GRILL_02
0  24.377779 -39.429466 30.753004  -0.163066 0.355991 0.920152  -1.187536 -0.525193 1 0 1.000000
0  21.393867 -36.885986 28.991283  -0.143697 0.432633 0.890045  -1.746147 0.025605 1 0 1.000000
0  20.061567 -41.334324 30.940184  -0.147748 0.407976 0.900959  -0.849635 0.271706 1 0 1.000000
GRILL_GRILL_02
0  24.377779 -39.429466 30.753004  -0.163066 0.355991 0.920152  -1.187536 -0.525193 1 0 1.000000
0  25.743113 -35.025169 28.826124  -0.049795 0.412309 0.909682  -2.076235 -0.779107 1 0 1.000000
0  21.393867 -36.885986 28.991283  -0.143697 0.432633 0.890045  -1.746147 0.025605 1 0 1.000000
GRILL_GRILL_02
0  24.377779 -39.429466 30.753004  -0.163066 0.355991 0.920152  -1.187536 -0.525193 1 0 1.000000
0  26.139500 -35.267406 28.914209  -0.276065 0.484817 0.829904  -2.027406 -0.851375 1 0 1.000000
0  25.743113 -35.025169 28.826124  -0.049795 0.412309 0.909682  -2.076235 -0.779107 1 0 1.000000
GRILL_GRILL_02
0  24.377779 -39.429466 30.753004  -0.163066 0.355991 0.920152  -1.187536 -0.525193 1 0 1.000000
0  26.117476 -37.018112 30.323586  -0.417342 0.440785 0.794691  -1.714896 -0.847468 1 0 1.000000
0  26.139500 -35.267406 28.914209  -0.276065 0.484817 0.829904  -2.027406 -0.851375 1 0 1.000000
GRILL_GRILL_02
0  24.377779 -39.429466 30.753004  -0.163066 0.355991 0.920152  -1.187536 -0.525193 1 0 1.000000
0  25.864229 -37.722801 30.521778  -0.134753 0.247182 0.959553  -1.496139 -0.802545 1 0 1.000000
0  26.117476 -37.018112 30.323586  -0.417342 0.440785 0.794691  -1.714896 -0.847468 1 0 1.000000
GRILL_GRILL_02
0  24.377779 -39.429466 30.753004  -0.163066 0.355991 0.920152  -1.187536 -0.525193 1 0 1.000000
0  25.511885 -38.471531 30.631886  -0.019526 0.147815 0.988822  -1.359416 -0.734184 1 0 1.000000
0  25.864229 -37.722801 30.521778  -0.134753 0.247182 0.959553  -1.496139 -0.802545 1 0 1.000000
GRILL_GRILL_02
0  24.377779 -39.429466 30.753004  -0.163066 0.355991 0.920152  -1.187536 -0.525193 1 0 1.000000
0  25.005390 -39.000046 30.697950  -0.013193 0.140374 0.990010  -1.265664 -0.640431 1 0 1.000000
0  25.511885 -38.471531 30.631886  -0.019526 0.147815 0.988822  -1.359416 -0.734184 1 0 1.000000
GRILL_GRILL_02
0  -25.588966 -29.079367 31.501730  0.176239 0.370679 0.911886  -2.912198 -0.749809 1 0 1.000000
0  -26.723072 -28.132444 31.380611  0.019462 0.147812 0.988824  -3.084079 -0.958800 1 0 1.000000
0  -26.216578 -28.649948 31.446676  0.013146 0.140378 0.990011  -2.988373 -0.865047 1 0 1.000000
GRILL_GRILL_02
0  -25.588966 -29.079367 31.501730  0.176239 0.370679 0.911886  -2.912198 -0.749809 1 0 1.000000
0  -27.086428 -27.383713 31.270504  0.205789 0.305692 0.929626  -3.220801 -1.025208 1 0 1.000000
0  -26.723072 -28.132444 31.380611  0.019462 0.147812 0.988824  -3.084079 -0.958800 1 0 1.000000
GRILL_GRILL_02
0  -25.588966 -29.079367 31.501730  0.176239 0.370679 0.911886  -2.912198 -0.749809 1 0 1.000000
0  -27.328663 -26.668015 31.006247  0.456028 0.483178 0.747381  -3.443465 -1.072085 1 0 1.000000
0  -27.086428 -27.383713 31.270504  0.205789 0.305692 0.929626  -3.220801 -1.025208 1 0 1.000000
GRILL_GRILL_02
0  -25.588966 -29.079367 31.501730  0.176239 0.370679 0.911886  -2.912198 -0.749809 1 0 1.000000
0  -27.350685 -24.917307 29.662937  0.253173 0.479680 0.840125  -3.752068 -1.075991 1 0 1.000000
0  -27.328663 -26.668015 31.006247  0.456028 0.483178 0.747381  -3.443465 -1.072085 1 0 1.000000
GRILL_GRILL_02
0  -25.588966 -29.079367 31.501730  0.176239 0.370679 0.911886  -2.912198 -0.749809 1 0 1.000000
0  -26.954298 -24.675070 29.585861  0.047794 0.411846 0.909999  -3.800897 -1.001770 1 0 1.000000
0  -27.350685 -24.917307 29.662937  0.253173 0.479680 0.840125  -3.752068 -1.075991 1 0 1.000000
GRILL_GRILL_02
0  -25.588966 -29.079367 31.501730  0.176239 0.370679 0.911886  -2.912198 -0.749809 1 0 1.000000
0  -21.889357 -26.800144 29.773045  0.141506 0.430774 0.891296  -3.421979 -0.066195 1 0 1.000000
0  -26.954298 -24.675070 29.585861  0.047794 0.411846 0.909999  -3.800897 -1.001770 1 0 1.000000
GRILL_GRILL_02
0  -25.588966 -29.079367 31.501730  0.176239 0.370679 0.911886  -2.912198 -0.749809 1 0 1.000000
0  -21.272755 -30.984228 31.688915  0.144474 0.413460 0.898987  -2.572344 0.047090 1 0 1.000000
0  -21.889357 -26.800144 29.773045  0.141506 0.430774 0.891296  -3.421979 -0.066195 1 0 1.000000
GRILL_GRILL_02
0  -21.272755 -30.984228 31.688915  0.144474 0.413460 0.898987  -2.572344 0.047090 1 0 1.000000
0  -16.361965 -28.870165 29.993261  0.151566 0.381516 0.911851  -3.052828 0.955321 1 0 1.000000
0  -21.889357 -26.800144 29.773045  0.141506 0.430774 0.891296  -3.421979 -0.066195 1 0 1.000000
GRILL_GRILL_02
0  -21.272755 -30.984228 31.688915  0.144474 0.413460 0.898987  -2.572344 0.047090 1 0 1.000000
0  -16.009621 -29.310595 30.081347  0.150605 0.397312 0.905241  -2.970794 1.019776 1 0 1.000000
0  -16.361965 -28.870165 29.993261  0.151566 0.381516 0.911851  -3.052828 0.955321 1 0 1.000000
GRILL_GRILL_02
0  -21.272755 -30.984228 31.688915  0.144474 0.413460 0.898987  -2.572344 0.047090 1 0 1.000000
0  -15.128762 -33.065258 31.920141  0.122549 0.459551 0.879656  -2.199286 1.181890 1 0 1.000000
0  -16.009621 -29.310595 30.081347  0.150605 0.397312 0.905241  -2.970794 1.019776 1 0 1.000000
GRILL_GRILL_02
0  18.828365 -51.684422 30.191454  -0.157071 0.410464 0.898247  0.875027 0.498032 1 0 1.000000
0  13.719380 -49.999779 28.528831  -0.167921 0.387412 0.906485  0.472671 1.441420 1 0 1.000000
0  12.970650 -53.985668 30.356615  -0.145943 0.436101 0.887985  1.281289 1.580096 1 0 1.000000
GRILL_GRILL_02
0  18.828365 -51.684422 30.191454  -0.157071 0.410464 0.898247  0.875027 0.498032 1 0 1.000000
0  14.071724 -49.559349 28.429735  -0.163139 0.385014 0.908378  0.390637 1.376965 1 0 1.000000
0  13.719380 -49.999779 28.528831  -0.167921 0.387412 0.906485  0.472671 1.441420 1 0 1.000000
GRILL_GRILL_02
0  18.828365 -51.684422 30.191454  -0.157071 0.410464 0.898247  0.875027 0.498032 1 0 1.000000
0  20.171675 -47.236084 28.242552  -0.149521 0.433371 0.888726  -0.021485 0.250221 1 0 1.000000
0  14.071724 -49.559349 28.429735  -0.163139 0.385014 0.908378  0.390637 1.376965 1 0 1.000000
GRILL_GRILL_02
0  23.078510 -49.779564 29.993263  -0.166771 0.355619 0.919632  0.535173 -0.285195 1 0 1.000000
0  20.171675 -47.236084 28.242552  -0.149521 0.433371 0.888726  -0.021485 0.250221 1 0 1.000000
0  18.828365 -51.684422 30.191454  -0.157071 0.410464 0.898247  0.875027 0.498032 1 0 1.000000
GRILL_GRILL_02
0  23.078510 -49.779564 29.993263  -0.166771 0.355619 0.919632  0.535173 -0.285195 1 0 1.000000
0  24.399799 -45.375267 28.077394  -0.051124 0.412256 0.909632  -0.351573 -0.531053 1 0 1.000000
0  20.171675 -47.236084 28.242552  -0.149521 0.433371 0.888726  -0.021485 0.250221 1 0 1.000000
GRILL_GRILL_02
0  23.078510 -49.779564 29.993263  -0.166771 0.355619 0.919632  0.535173 -0.285195 1 0 1.000000
0  24.796186 -45.617504 28.154469  -0.281767 0.483452 0.828783  -0.304697 -0.603320 1 0 1.000000
0  24.399799 -45.375267 28.077394  -0.051124 0.412256 0.909632  -0.351573 -0.531053 1 0 1.000000
GRILL_GRILL_02
0  23.078510 -49.779564 29.993263  -0.166771 0.355619 0.919632  0.535173 -0.285195 1 0 1.000000
0  24.763155 -47.357201 29.574854  -0.426559 0.438178 0.791232  0.007813 -0.597705 1 0 1.000000
0  24.796186 -45.617504 28.154469  -0.281767 0.483452 0.828783  -0.304697 -0.603320 1 0 1.000000
GRILL_GRILL_02
0  23.078510 -49.779564 29.993263  -0.166771 0.355619 0.919632  0.535173 -0.285195 1 0 1.000000
0  24.531929 -48.072899 29.773048  -0.138498 0.246964 0.959076  0.226569 -0.554735 1 0 1.000000
0  24.763155 -47.357201 29.574854  -0.426559 0.438178 0.791232  0.007813 -0.597705 1 0 1.000000
GRILL_GRILL_02
0  23.078510 -49.779564 29.993263  -0.166771 0.355619 0.919632  0.535173 -0.285195 1 0 1.000000
0  24.179585 -48.821629 29.883156  -0.020114 0.147834 0.988808  0.363292 -0.488327 1 0 1.000000
0  24.531929 -48.072899 29.773048  -0.138498 0.246964 0.959076  0.226569 -0.554735 1 0 1.000000
GRILL_GRILL_02
0  23.078510 -49.779564 29.993263  -0.166771 0.355619 0.919632  0.535173 -0.285195 1 0 1.000000
0  23.684101 -49.350143 29.949219  -0.013526 0.140387 0.990004  0.457045 -0.398480 1 0 1.000000
0  24.179585 -48.821629 29.883156  -0.020114 0.147834 0.988808  0.363292 -0.488327 1 0 1.000000
GRILL_GRILL_02
0  18.828365 -57.916500 27.361694  -0.203091 0.375614 0.904250  1.750053 0.499985 1 0 1.000000
0  23.166597 -56.253880 27.339674  -0.149960 0.401120 0.903667  1.462935 -0.302774 1 0 1.000000
0  22.770210 -56.011642 27.262598  -0.073768 0.203499 0.976292  1.416059 -0.228553 1 0 1.000000
GRILL_GRILL_02
0  18.828365 -57.916500 27.361694  -0.203091 0.375614 0.904250  1.750053 0.499985 1 0 1.000000
0  23.078510 -58.213791 28.760059  -0.247980 0.463601 0.850635  1.814509 -0.287149 1 0 1.000000
0  23.166597 -56.253880 27.339674  -0.149960 0.401120 0.903667  1.462935 -0.302774 1 0 1.000000
GRILL_GRILL_02
0  18.828365 -57.916500 27.361694  -0.203091 0.375614 0.904250  1.750053 0.499985 1 0 1.000000
0  22.869307 -58.753319 28.903198  -0.284791 0.301372 0.909983  2.000061 -0.248085 1 0 1.000000
0  23.078510 -58.213791 28.760059  -0.247980 0.463601 0.850635  1.814509 -0.287149 1 0 1.000000
GRILL_GRILL_02
0  18.828365 -57.916500 27.361694  -0.203091 0.375614 0.904250  1.750053 0.499985 1 0 1.000000
0  22.318769 -59.722263 29.002296  -0.269161 0.308414 0.912378  2.171941 -0.146519 1 0 1.000000
0  22.869307 -58.753319 28.903198  -0.284791 0.301372 0.909983  2.000061 -0.248085 1 0 1.000000
GRILL_GRILL_02
0  18.828365 -57.916500 27.361694  -0.203091 0.375614 0.904250  1.750053 0.499985 1 0 1.000000
0  21.492964 -60.448971 29.068357  -0.210914 0.383349 0.899199  2.302805 0.007782 1 0 1.000000
0  22.318769 -59.722263 29.002296  -0.269161 0.308414 0.912378  2.171941 -0.146519 1 0 1.000000
GRILL_GRILL_02
0  20.524019 -60.988499 29.123411  -0.176034 0.414340 0.892936  2.398511 0.185522 1 0 1.000000
0  21.492964 -60.448971 29.068357  -0.210914 0.383349 0.899199  2.302805 0.007782 1 0 1.000000
0  18.828365 -57.916500 27.361694  -0.203091 0.375614 0.904250  1.750053 0.499985 1 0 1.000000
GRILL_GRILL_02
0  18.828365 -57.916500 27.361694  -0.203091 0.375614 0.904250  1.750053 0.499985 1 0 1.000000
0  17.352924 -62.463940 29.200487  -0.174702 0.392050 0.903203  2.656331 0.771477 1 0 1.000000
0  20.524019 -60.988499 29.123411  -0.176034 0.414340 0.892936  2.398511 0.185522 1 0 1.000000
GRILL_GRILL_02
0  17.352924 -62.463940 29.200487  -0.174702 0.392050 0.903203  2.656331 0.771477 1 0 1.000000
0  18.828365 -57.916500 27.361694  -0.203091 0.375614 0.904250  1.750053 0.499985 1 0 1.000000
0  12.904586 -60.349876 27.460791  -0.181351 0.366205 0.912692  2.175848 1.593768 1 0 1.000000
GRILL_GRILL_02
0  17.352924 -62.463940 29.200487  -0.174702 0.392050 0.903203  2.656331 0.771477 1 0 1.000000
0  12.904586 -60.349876 27.460791  -0.181351 0.366205 0.912692  2.175848 1.593768 1 0 1.000000
0  12.541231 -60.823338 27.548876  -0.185976 0.370006 0.910224  2.261788 1.660176 1 0 1.000000
GRILL_GRILL_02
0  17.352924 -62.463940 29.200487  -0.174702 0.392050 0.903203  2.656331 0.771477 1 0 1.000000
0  12.541231 -60.823338 27.548876  -0.185976 0.370006 0.910224  2.261788 1.660176 1 0 1.000000
0  11.715425 -64.809227 29.266552  -0.163318 0.419307 0.893033  3.064547 1.812525 1 0 1.000000
PLAINNOTHING_BLACK
0  -4.382280 -79.772827 30.059324  0.502830 -0.863411 -0.041017  0.810572 0.964843 1 0 1.000000
0  -4.822710 -79.827881 25.610985  0.797546 -0.576310 0.178288  0.806665 0.966796 1 0 1.000000
0  -2.290239 -79.695747 30.213476  -0.002913 -0.999371 0.035339  0.810572 0.974609 1 0 1.000000
PLAINNOTHING_BLACK
0  -4.195097 -79.893944 25.115501  0.228879 -0.898339 0.374970  0.806665 0.968749 1 0 1.000000
0  -2.290239 -79.695747 30.213476  -0.002913 -0.999371 0.035339  0.810572 0.974609 1 0 1.000000
0  -4.822710 -79.827881 25.610985  0.797546 -0.576310 0.178288  0.806665 0.966796 1 0 1.000000
PLAINNOTHING_BLACK
0  -4.195097 -79.893944 25.115501  0.228879 -0.898339 0.374970  0.806665 0.968749 1 0 1.000000
0  -3.479399 -79.904953 24.829224  0.011506 -0.999311 0.035287  0.804712 0.972655 1 0 1.000000
0  -2.290239 -79.695747 30.213476  -0.002913 -0.999371 0.035339  0.810572 0.974609 1 0 1.000000
PLAINNOTHING_BLACK
0  -0.000005 -79.651703 30.235497  -0.000000 -0.999455 0.033016  0.810572 0.988281 1 0 1.000000
0  -2.290239 -79.695747 30.213476  -0.002913 -0.999371 0.035339  0.810572 0.974609 1 0 1.000000
0  -3.479399 -79.904953 24.829224  0.011506 -0.999311 0.035287  0.804712 0.972655 1 0 1.000000
PLAINNOTHING_BLACK
0  -3.479399 -79.904953 24.829224  0.011506 -0.999311 0.035287  0.804712 0.972655 1 0 1.000000
0  -0.000005 -79.816864 24.763159  0.000000 -0.999545 0.030167  0.804712 0.988281 1 0 1.000000
0  -0.000005 -79.651703 30.235497  -0.000000 -0.999455 0.033016  0.810572 0.988281 1 0 1.000000
PLAINNOTHING_BLACK
0  -0.000005 -79.651703 30.235497  -0.000000 -0.999455 0.033016  0.810572 0.988281 1 0 1.000000
0  -0.000005 -79.816864 24.763159  0.000000 -0.999545 0.030167  0.804712 0.988281 1 0 1.000000
0  3.479390 -79.904953 24.829224  -0.011506 -0.999311 0.035287  0.804712 0.972655 1 0 1.000000
PLAINNOTHING_BLACK
0  3.479390 -79.904953 24.829224  -0.011506 -0.999311 0.035287  0.804712 0.972655 1 0 1.000000
0  2.290230 -79.695747 30.213476  0.002913 -0.999371 0.035338  0.810572 0.974609 1 0 1.000000
0  -0.000005 -79.651703 30.235497  -0.000000 -0.999455 0.033016  0.810572 0.988281 1 0 1.000000
PLAINNOTHING_BLACK
0  4.195088 -79.893944 25.115501  -0.228867 -0.898361 0.374924  0.806665 0.968749 1 0 1.000000
0  2.290230 -79.695747 30.213476  0.002913 -0.999371 0.035338  0.810572 0.974609 1 0 1.000000
0  3.479390 -79.904953 24.829224  -0.011506 -0.999311 0.035287  0.804712 0.972655 1 0 1.000000
PLAINNOTHING_BLACK
0  4.195088 -79.893944 25.115501  -0.228867 -0.898361 0.374924  0.806665 0.968749 1 0 1.000000
0  4.822700 -79.827881 25.610985  -0.797528 -0.576350 0.178242  0.806665 0.966796 1 0 1.000000
0  2.290230 -79.695747 30.213476  0.002913 -0.999371 0.035338  0.810572 0.974609 1 0 1.000000
PLAINNOTHING_BLACK
0  4.382270 -79.772827 30.059324  -0.502833 -0.863411 -0.040978  0.810572 0.964843 1 0 1.000000
0  2.290230 -79.695747 30.213476  0.002913 -0.999371 0.035338  0.810572 0.974609 1 0 1.000000
0  4.822700 -79.827881 25.610985  -0.797528 -0.576350 0.178242  0.806665 0.966796 1 0 1.000000
PLAINNOTHING_BLACK
0  26.007370 -15.844459 32.349560  -0.722323 0.688584 0.064045  0.093753 0.654286 1 0 1.000000
0  29.607883 -11.594312 32.206421  -0.760111 0.648092 0.046995  0.093753 0.634754 1 0 1.000000
0  29.607883 -11.561280 31.666895  -0.758585 0.648839 0.059640  0.095706 0.634754 1 0 1.000000
PLAINNOTHING_BLACK
0  29.607883 -11.561280 31.666895  -0.758585 0.648839 0.059640  0.095706 0.634754 1 0 1.000000
0  25.974339 -15.811426 31.799025  -0.681829 0.726763 0.083215  0.093753 0.654286 1 0 1.000000
0  26.007370 -15.844459 32.349560  -0.722323 0.688584 0.064045  0.093753 0.654286 1 0 1.000000
PLAINNOTHING_BLACK
0  20.920408 -20.149658 32.536743  -0.579747 0.808949 0.097446  0.093753 0.679678 1 0 1.000000
0  26.007370 -15.844459 32.349560  -0.722323 0.688584 0.064045  0.093753 0.654286 1 0 1.000000
0  25.974339 -15.811426 31.799025  -0.681829 0.726763 0.083215  0.093753 0.654286 1 0 1.000000
PLAINNOTHING_BLACK
0  25.974339 -15.811426 31.799025  -0.681829 0.726763 0.083215  0.093753 0.654286 1 0 1.000000
0  20.909397 -20.083593 31.986204  -0.507326 0.848831 0.148682  0.093753 0.679678 1 0 1.000000
0  20.920408 -20.149658 32.536743  -0.579747 0.808949 0.097446  0.093753 0.679678 1 0 1.000000
PLAINNOTHING_BLACK
0  15.789401 -22.748192 32.690891  -0.324069 0.934506 0.147235  0.093753 0.701163 1 0 1.000000
0  20.920408 -20.149658 32.536743  -0.579747 0.808949 0.097446  0.093753 0.679678 1 0 1.000000
0  20.909397 -20.083593 31.986204  -0.507326 0.848831 0.148682  0.093753 0.679678 1 0 1.000000
PLAINNOTHING_BLACK
0  20.909397 -20.083593 31.986204  -0.507326 0.848831 0.148682  0.093753 0.679678 1 0 1.000000
0  15.580196 -22.715160 32.151367  -0.142845 0.978987 0.145533  0.093753 0.705069 1 0 1.000000
0  15.789401 -22.748192 32.690891  -0.324069 0.934506 0.147235  0.093753 0.701163 1 0 1.000000
PLAINNOTHING_BLACK
0  15.580196 -22.715160 32.151367  -0.142845 0.978987 0.145533  0.093753 0.705069 1 0 1.000000
0  15.404025 -22.781225 32.712914  -0.084827 0.991773 0.095867  0.093753 0.703116 1 0 1.000000
0  15.789401 -22.748192 32.690891  -0.324069 0.934506 0.147235  0.093753 0.701163 1 0 1.000000
PLAINNOTHING_BLACK
0  15.580196 -22.715160 32.151367  -0.142845 0.978987 0.145533  0.093753 0.705069 1 0 1.000000
0  14.578219 -22.858299 32.745945  -0.075131 0.990787 0.112681  0.093753 0.707022 1 0 1.000000
0  15.404025 -22.781225 32.712914  -0.084827 0.991773 0.095867  0.093753 0.703116 1 0 1.000000
PLAINNOTHING_BLACK
0  13.961617 -22.913353 32.856052  -0.043407 0.997600 -0.053954  0.091800 0.708975 1 0 1.000000
0  14.578219 -22.858299 32.745945  -0.075131 0.990787 0.112681  0.093753 0.707022 1 0 1.000000
0  15.580196 -22.715160 32.151367  -0.142845 0.978987 0.145533  0.093753 0.705069 1 0 1.000000
PLAINNOTHING_BLACK
0  13.961617 -22.913353 32.856052  -0.043407 0.997600 -0.053954  0.091800 0.708975 1 0 1.000000
0  15.580196 -22.715160 32.151367  -0.142845 0.978987 0.145533  0.093753 0.705069 1 0 1.000000
0  5.769626 -23.232666 32.503712  -0.046142 0.951766 -0.303336  0.941435 0.933592 1 0 1.000000
PLAINNOTHING_BLACK
0  5.769626 -23.232666 32.503712  -0.046142 0.951766 -0.303336  0.941435 0.933592 1 0 1.000000
0  11.352072 -20.733227 37.183273  -0.081779 0.916425 -0.391763  0.093753 0.716788 1 0 1.000000
0  13.961617 -22.913353 32.856052  -0.043407 0.997600 -0.053954  0.091800 0.708975 1 0 1.000000
PLAINNOTHING_BLACK
0  5.769626 -23.232666 32.503712  -0.046142 0.951766 -0.303336  0.941435 0.933592 1 0 1.000000
0  10.966696 -20.755249 37.304394  -0.084241 0.919600 -0.383717  0.091800 0.718741 1 0 1.000000
0  11.352072 -20.733227 37.183273  -0.081779 0.916425 -0.391763  0.093753 0.716788 1 0 1.000000
PLAINNOTHING_BLACK
0  -0.000003 -20.832323 37.634716  -0.000022 0.902270 -0.431170  0.091800 0.775384 1 0 1.000000
0  10.966696 -20.755249 37.304394  -0.084241 0.919600 -0.383717  0.091800 0.718741 1 0 1.000000
0  5.769626 -23.232666 32.503712  -0.046142 0.951766 -0.303336  0.941435 0.933592 1 0 1.000000
PLAINNOTHING_BLACK
0  5.769626 -23.232666 32.503712  -0.046142 0.951766 -0.303336  0.941435 0.933592 1 0 1.000000
0  -0.000002 -23.254686 32.404613  0.000000 0.907399 -0.420269  0.941435 0.960936 1 0 1.000000
0  -0.000003 -20.832323 37.634716  -0.000022 0.902270 -0.431170  0.091800 0.775384 1 0 1.000000
PLAINNOTHING_BLACK
0  -0.000003 -20.832323 37.634716  -0.000022 0.902270 -0.431170  0.091800 0.775384 1 0 1.000000
0  -0.000002 -23.254686 32.404613  0.000000 0.907399 -0.420269  0.941435 0.960936 1 0 1.000000
0  -5.769631 -23.232666 32.503712  0.046078 0.951773 -0.303322  0.941435 0.933592 1 0 1.000000
PLAINNOTHING_BLACK
0  -5.769631 -23.232666 32.503712  0.046078 0.951773 -0.303322  0.941435 0.933592 1 0 1.000000
0  -10.966702 -20.755249 37.304394  0.084182 0.919602 -0.383725  0.091800 0.718741 1 0 1.000000
0  -0.000003 -20.832323 37.634716  -0.000022 0.902270 -0.431170  0.091800 0.775384 1 0 1.000000
PLAINNOTHING_BLACK
0  -5.769631 -23.232666 32.503712  0.046078 0.951773 -0.303322  0.941435 0.933592 1 0 1.000000
0  -11.352077 -20.733227 37.183273  0.081721 0.916423 -0.391778  0.093753 0.716788 1 0 1.000000
0  -10.966702 -20.755249 37.304394  0.084182 0.919602 -0.383725  0.091800 0.718741 1 0 1.000000
PLAINNOTHING_BLACK
0  -13.961623 -22.913353 32.856052  0.043324 0.997602 -0.053971  0.091800 0.708975 1 0 1.000000
0  -11.352077 -20.733227 37.183273  0.081721 0.916423 -0.391778  0.093753 0.716788 1 0 1.000000
0  -5.769631 -23.232666 32.503712  0.046078 0.951773 -0.303322  0.941435 0.933592 1 0 1.000000
PLAINNOTHING_BLACK
0  -5.769631 -23.232666 32.503712  0.046078 0.951773 -0.303322  0.941435 0.933592 1 0 1.000000
0  -15.580202 -22.715160 32.151367  0.142840 0.978983 0.145567  0.093753 0.705069 1 0 1.000000
0  -13.961623 -22.913353 32.856052  0.043324 0.997602 -0.053971  0.091800 0.708975 1 0 1.000000
PLAINNOTHING_BLACK
0  -13.961623 -22.913353 32.856052  0.043324 0.997602 -0.053971  0.091800 0.708975 1 0 1.000000
0  -15.580202 -22.715160 32.151367  0.142840 0.978983 0.145567  0.093753 0.705069 1 0 1.000000
0  -14.578225 -22.858299 32.745945  0.075063 0.990790 0.112694  0.093753 0.707022 1 0 1.000000
PLAINNOTHING_BLACK
0  -15.580202 -22.715160 32.151367  0.142840 0.978983 0.145567  0.093753 0.705069 1 0 1.000000
0  -15.404031 -22.781225 32.712914  0.084772 0.991783 0.095813  0.093753 0.703116 1 0 1.000000
0  -14.578225 -22.858299 32.745945  0.075063 0.990790 0.112694  0.093753 0.707022 1 0 1.000000
PLAINNOTHING_BLACK
0  -15.580202 -22.715160 32.151367  0.142840 0.978983 0.145567  0.093753 0.705069 1 0 1.000000
0  -15.789407 -22.748192 32.690891  0.324020 0.934524 0.147231  0.093753 0.701163 1 0 1.000000
0  -15.404031 -22.781225 32.712914  0.084772 0.991783 0.095813  0.093753 0.703116 1 0 1.000000
PLAINNOTHING_BLACK
0  -15.789407 -22.748192 32.690891  0.324020 0.934524 0.147231  0.093753 0.701163 1 0 1.000000
0  -15.580202 -22.715160 32.151367  0.142840 0.978983 0.145567  0.093753 0.705069 1 0 1.000000
0  -20.909401 -20.083593 31.986204  0.507317 0.848838 0.148674  0.093753 0.679678 1 0 1.000000
PLAINNOTHING_BLACK
0  -20.909401 -20.083593 31.986204  0.507317 0.848838 0.148674  0.093753 0.679678 1 0 1.000000
0  -20.920412 -20.149658 32.536743  0.579742 0.808954 0.097436  0.093753 0.679678 1 0 1.000000
0  -15.789407 -22.748192 32.690891  0.324020 0.934524 0.147231  0.093753 0.701163 1 0 1.000000
PLAINNOTHING_BLACK
0  -20.920412 -20.149658 32.536743  0.579742 0.808954 0.097436  0.093753 0.679678 1 0 1.000000
0  -20.909401 -20.083593 31.986204  0.507317 0.848838 0.148674  0.093753 0.679678 1 0 1.000000
0  -25.974342 -15.811424 31.799021  0.681758 0.726788 0.083581  0.093753 0.654286 1 0 1.000000
PLAINNOTHING_BLACK
0  -25.974342 -15.811424 31.799021  0.681758 0.726788 0.083581  0.093753 0.654286 1 0 1.000000
0  -26.007374 -15.844457 32.349560  0.722261 0.688646 0.064077  0.093753 0.654286 1 0 1.000000
0  -20.920412 -20.149658 32.536743  0.579742 0.808954 0.097436  0.093753 0.679678 1 0 1.000000
PLAINNOTHING_BLACK
0  -26.007374 -15.844457 32.349560  0.722261 0.688646 0.064077  0.093753 0.654286 1 0 1.000000
0  -25.974342 -15.811424 31.799021  0.681758 0.726788 0.083581  0.093753 0.654286 1 0 1.000000
0  -29.607887 -11.561278 31.666891  0.758564 0.648865 0.059630  0.095706 0.634754 1 0 1.000000
PLAINNOTHING_BLACK
0  -29.607887 -11.561278 31.666891  0.758564 0.648865 0.059630  0.095706 0.634754 1 0 1.000000
0  -29.607887 -11.594310 32.206421  0.760090 0.648117 0.046981  0.093753 0.634754 1 0 1.000000
0  -26.007374 -15.844457 32.349560  0.722261 0.688646 0.064077  0.093753 0.654286 1 0 1.000000
DECALDULL_BADGING
0  10.030782 -42.171143 36.060181  0.855209 -0.095123 0.509480  0.003906 0.697256 1 0 1.000000
0  11.263986 -42.270237 33.979149  0.853680 -0.094765 0.512104  0.000000 0.591784 1 0 1.000000
0  12.827512 -22.770214 34.992138  0.855276 -0.095141 0.509364  1.005890 0.601550 1 0 1.000000
DECALDULL_BADGING
0  12.827512 -22.770214 34.992138  0.855276 -0.095141 0.509364  1.005890 0.601550 1 0 1.000000
0  11.770480 -22.924364 36.742844  0.856745 -0.095514 0.506818  0.996124 0.708975 1 0 1.000000
0  10.030782 -42.171143 36.060181  0.855209 -0.095123 0.509480  0.003906 0.697256 1 0 1.000000
DECALDULL_BADGING
0  -12.827518 -22.770214 34.992138  -0.855276 -0.095140 0.509364  0.000000 0.591784 1 0 1.000000
0  -11.263991 -42.270237 33.979149  -0.853656 -0.094756 0.512144  1.005890 0.591784 1 0 1.000000
0  -10.030789 -42.171143 36.060181  -0.855282 -0.095128 0.509356  1.000031 0.714835 1 0 1.000000
DECALDULL_BADGING
0  -10.030789 -42.171143 36.060181  -0.855282 -0.095128 0.509356  1.000031 0.714835 1 0 1.000000
0  -11.770486 -22.924364 36.742844  -0.856793 -0.095521 0.506736  0.007813 0.697256 1 0 1.000000
0  -12.827518 -22.770214 34.992138  -0.855276 -0.095140 0.509364  0.000000 0.591784 1 0 1.000000
CARBONFIBER_CARBONFIBRE
0  -29.960230 -12.287987 32.151367  -0.088620 -0.029447 0.995630  2.740318 -3.929594 1 0 1.000000
0  -30.929176 -14.214867 32.008228  -0.088546 -0.029465 0.995636  3.023530 -4.072176 1 0 1.000000
0  -30.863111 -15.117747 31.986202  -0.089781 -0.037484 0.995256  3.158299 -4.062410 1 0 1.000000
CARBONFIBER_CARBONFIBRE
0  -23.640066 -59.634178 29.387669  0.043909 -0.083590 0.995532  8.000000 -2.996216 1 0 1.000000
0  -24.245657 -53.754440 29.872141  0.094348 -0.068936 0.993150  8.000000 -3.083865 1 0 1.000000
0  -24.586990 -53.798485 29.916183  0.101512 -0.064093 0.992768  8.000000 -3.134648 1 0 1.000000
CARBONFIBER_CARBONFIBRE
0  -24.586990 -53.798485 29.916183  0.101512 -0.064093 0.992768  8.000000 -3.134648 1 0 1.000000
0  -24.245657 -53.754440 29.872141  0.094348 -0.068936 0.993150  8.000000 -3.083865 1 0 1.000000
0  -25.258646 -46.993847 30.389645  -0.026304 -0.108850 0.993710  7.869137 -3.232307 1 0 1.000000
CARBONFIBER_CARBONFIBRE
0  -25.258646 -46.993847 30.389645  -0.026304 -0.108850 0.993710  7.869137 -3.232307 1 0 1.000000
0  -25.622000 -47.015869 30.422678  0.058315 -0.060244 0.996479  7.873043 -3.286996 1 0 1.000000
0  -24.586990 -53.798485 29.916183  0.101512 -0.064093 0.992768  8.000000 -3.134648 1 0 1.000000
CARBONFIBER_CARBONFIBRE
0  -25.622000 -47.015869 30.422678  0.058315 -0.060244 0.996479  7.873043 -3.286996 1 0 1.000000
0  -25.258646 -46.993847 30.389645  -0.026304 -0.108850 0.993710  7.869137 -3.232307 1 0 1.000000
0  -26.745096 -36.643749 31.094334  -0.055481 -0.102167 0.993219  6.339793 -3.453017 1 0 1.000000
CARBONFIBER_CARBONFIBRE
0  -26.745096 -36.643749 31.094334  -0.055481 -0.102167 0.993219  6.339793 -3.453017 1 0 1.000000
0  -27.086430 -36.709812 31.083323  0.016400 -0.058842 0.998133  6.349559 -3.503799 1 0 1.000000
0  -25.622000 -47.015869 30.422678  0.058315 -0.060244 0.996479  7.873043 -3.286996 1 0 1.000000
CARBONFIBER_CARBONFIBRE
0  -27.086430 -36.709812 31.083323  0.016400 -0.058842 0.998133  6.349559 -3.503799 1 0 1.000000
0  -26.745096 -36.643749 31.094334  -0.055481 -0.102167 0.993219  6.339793 -3.453017 1 0 1.000000
0  -28.099415 -26.304661 31.699924  -0.057316 -0.073994 0.995610  4.810450 -3.654195 1 0 1.000000
CARBONFIBER_CARBONFIBRE
0  -28.099415 -26.304661 31.699924  -0.057316 -0.073994 0.995610  4.810450 -3.654195 1 0 1.000000
0  -28.429737 -26.326681 31.710934  -0.007068 -0.044745 0.998973  4.814356 -3.701071 1 0 1.000000
0  -27.086430 -36.709812 31.083323  0.016400 -0.058842 0.998133  6.349559 -3.503799 1 0 1.000000
CARBONFIBER_CARBONFIBRE
0  -28.429737 -26.326681 31.710934  -0.007068 -0.044745 0.998973  4.814356 -3.701071 1 0 1.000000
0  -28.099415 -26.304661 31.699924  -0.057316 -0.073994 0.995610  4.810450 -3.654195 1 0 1.000000
0  -29.387672 -15.337962 32.118336  -0.048500 -0.036194 0.998167  3.191504 -3.843654 1 0 1.000000
CARBONFIBER_CARBONFIBRE
0  -29.387672 -15.337962 32.118336  -0.048500 -0.036194 0.998167  3.191504 -3.843654 1 0 1.000000
0  -29.740015 -15.282908 32.085300  -0.104682 -0.042910 0.993580  3.183691 -3.896389 1 0 1.000000
0  -28.429737 -26.326681 31.710934  -0.007068 -0.044745 0.998973  4.814356 -3.701071 1 0 1.000000
CARBONFIBER_CARBONFIBRE
0  -29.740015 -15.282908 32.085300  -0.104682 -0.042910 0.993580  3.183691 -3.896389 1 0 1.000000
0  -29.387672 -15.337962 32.118336  -0.048500 -0.036194 0.998167  3.191504 -3.843654 1 0 1.000000
0  -29.607887 -11.594310 32.206421  -0.086983 -0.031947 0.995697  2.636799 -3.876858 1 0 1.000000
CARBONFIBER_CARBONFIBRE
0  -29.607887 -11.594310 32.206421  -0.086983 -0.031947 0.995697  2.636799 -3.876858 1 0 1.000000
0  -29.960230 -12.287987 32.151367  -0.088620 -0.029447 0.995630  2.740318 -3.929594 1 0 1.000000
0  -29.740015 -15.282908 32.085300  -0.104682 -0.042910 0.993580  3.183691 -3.896389 1 0 1.000000
CARBONFIBER_CARBONFIBRE
0  -30.863111 -15.117747 31.986202  -0.089781 -0.037484 0.995256  3.158299 -4.062410 1 0 1.000000
0  -29.740015 -15.282908 32.085300  -0.104682 -0.042910 0.993580  3.183691 -3.896389 1 0 1.000000
0  -29.960230 -12.287987 32.151367  -0.088620 -0.029447 0.995630  2.740318 -3.929594 1 0 1.000000
CARBONFIBER_CARBONFIBRE
0  -29.740015 -15.282908 32.085300  -0.104682 -0.042910 0.993580  3.183691 -3.896389 1 0 1.000000
0  -30.863111 -15.117747 31.986202  -0.089781 -0.037484 0.995256  3.158299 -4.062410 1 0 1.000000
0  -29.596876 -26.161520 31.556784  -0.112658 -0.055215 0.992099  4.790918 -3.874905 1 0 1.000000
CARBONFIBER_CARBONFIBRE
0  -29.596876 -26.161520 31.556784  -0.112658 -0.055215 0.992099  4.790918 -3.874905 1 0 1.000000
0  -28.429737 -26.326681 31.710934  -0.130873 -0.066498 0.989167  4.814356 -3.701071 1 0 1.000000
0  -29.740015 -15.282908 32.085300  -0.104682 -0.042910 0.993580  3.183691 -3.896389 1 0 1.000000
CARBONFIBER_CARBONFIBRE
0  -28.429737 -26.326681 31.710934  -0.130873 -0.066498 0.989167  4.814356 -3.701071 1 0 1.000000
0  -29.596876 -26.161520 31.556784  -0.112658 -0.055215 0.992099  4.790918 -3.874905 1 0 1.000000
0  -28.165482 -36.974072 30.940182  -0.125832 -0.078280 0.988958  6.388623 -3.663960 1 0 1.000000
CARBONFIBER_CARBONFIBRE
0  -28.165482 -36.974072 30.940182  -0.125832 -0.078280 0.988958  6.388623 -3.663960 1 0 1.000000
0  -27.086430 -36.709812 31.083323  -0.130865 -0.081790 0.988021  6.349559 -3.503799 1 0 1.000000
0  -28.429737 -26.326681 31.710934  -0.130873 -0.066498 0.989167  4.814356 -3.701071 1 0 1.000000
CARBONFIBER_CARBONFIBRE
0  -27.086430 -36.709812 31.083323  -0.130865 -0.081790 0.988021  6.349559 -3.503799 1 0 1.000000
0  -28.165482 -36.974072 30.940182  -0.125832 -0.078280 0.988958  6.388623 -3.663960 1 0 1.000000
0  -26.833181 -47.136986 30.224483  -0.140296 -0.093112 0.985722  7.890622 -3.466689 1 0 1.000000
CARBONFIBER_CARBONFIBRE
0  -26.833181 -47.136986 30.224483  -0.140296 -0.093112 0.985722  7.890622 -3.466689 1 0 1.000000
0  -25.622000 -47.015869 30.422678  -0.171403 -0.099767 0.980137  7.873043 -3.286996 1 0 1.000000
0  -27.086430 -36.709812 31.083323  -0.130865 -0.081790 0.988021  6.349559 -3.503799 1 0 1.000000
CARBONFIBER_CARBONFIBRE
0  -10.339091 -75.698853 27.956274  -0.086524 -0.056608 0.994640  8.000000 -1.029359 1 0 1.000000
0  -10.427177 -75.379539 27.967285  -0.118514 -0.091783 0.988701  8.000000 -1.041078 1 0 1.000000
0  -10.724467 -75.357513 27.945263  -0.043019 -0.044642 0.998076  8.000000 -1.086001 1 0 1.000000
CARBONFIBER_CARBONFIBRE
0  -10.724467 -75.357513 27.945263  -0.043019 -0.044642 0.998076  8.000000 -1.086001 1 0 1.000000
0  -10.702446 -75.709862 27.934252  -0.018436 -0.038389 0.999093  8.000000 -1.082095 1 0 1.000000
0  -10.339091 -75.698853 27.956274  -0.086524 -0.056608 0.994640  8.000000 -1.029359 1 0 1.000000
CARBONFIBER_CARBONFIBRE
0  -10.702446 -75.709862 27.934252  -0.018436 -0.038389 0.999093  8.000000 -1.082095 1 0 1.000000
0  -10.724467 -75.357513 27.945263  -0.043019 -0.044642 0.998076  8.000000 -1.086001 1 0 1.000000
0  -16.802397 -73.001221 28.044359  0.000997 -0.037982 0.999278  8.000000 -1.984466 1 0 1.000000
CARBONFIBER_CARBONFIBRE
0  -16.802397 -73.001221 28.044359  0.000997 -0.037982 0.999278  8.000000 -1.984466 1 0 1.000000
0  -16.945536 -73.298508 28.022339  0.000513 -0.038860 0.999244  8.000000 -2.005951 1 0 1.000000
0  -10.702446 -75.709862 27.934252  -0.018436 -0.038389 0.999093  8.000000 -1.082095 1 0 1.000000
CARBONFIBER_CARBONFIBRE
0  -16.945536 -73.298508 28.022339  0.000513 -0.038860 0.999244  8.000000 -2.005951 1 0 1.000000
0  -16.802397 -73.001221 28.044359  0.000997 -0.037982 0.999278  8.000000 -1.984466 1 0 1.000000
0  -18.255814 -72.208443 28.066381  0.004054 -0.041570 0.999127  8.000000 -2.199317 1 0 1.000000
CARBONFIBER_CARBONFIBRE
0  -18.255814 -72.208443 28.066381  0.004054 -0.041570 0.999127  8.000000 -2.199317 1 0 1.000000
0  -18.454006 -72.483711 28.055370  0.007905 -0.043798 0.999009  8.000000 -2.226661 1 0 1.000000
0  -16.945536 -73.298508 28.022339  0.000513 -0.038860 0.999244  8.000000 -2.005951 1 0 1.000000
CARBONFIBER_CARBONFIBRE
0  -18.454006 -72.483711 28.055370  0.007905 -0.043798 0.999009  8.000000 -2.226661 1 0 1.000000
0  -18.255814 -72.208443 28.066381  0.004054 -0.041570 0.999127  8.000000 -2.199317 1 0 1.000000
0  -19.599125 -71.239502 28.132446  0.018088 -0.051901 0.998488  8.000000 -2.396588 1 0 1.000000
CARBONFIBER_CARBONFIBRE
0  -19.599125 -71.239502 28.132446  0.018088 -0.051901 0.998488  8.000000 -2.396588 1 0 1.000000
0  -19.830349 -71.481735 28.121435  0.025153 -0.057141 0.998049  8.000000 -2.431745 1 0 1.000000
0  -18.454006 -72.483711 28.055370  0.007905 -0.043798 0.999009  8.000000 -2.226661 1 0 1.000000
CARBONFIBER_CARBONFIBRE
0  -19.830349 -71.481735 28.121435  0.025153 -0.057141 0.998049  8.000000 -2.431745 1 0 1.000000
0  -19.599125 -71.239502 28.132446  0.018088 -0.051901 0.998488  8.000000 -2.396588 1 0 1.000000
0  -20.711208 -70.017303 28.242552  0.037728 -0.070312 0.996811  8.000000 -2.562609 1 0 1.000000
CARBONFIBER_CARBONFIBRE
0  -20.711208 -70.017303 28.242552  0.037728 -0.070312 0.996811  8.000000 -2.562609 1 0 1.000000
0  -20.964457 -70.215500 28.242552  0.041156 -0.078536 0.996061  8.000000 -2.599719 1 0 1.000000
0  -19.830349 -71.481735 28.121435  0.025153 -0.057141 0.998049  8.000000 -2.431745 1 0 1.000000
CARBONFIBER_CARBONFIBRE
0  -20.964457 -70.215500 28.242552  0.041156 -0.078536 0.996061  8.000000 -2.599719 1 0 1.000000
0  -20.711208 -70.017303 28.242552  0.037728 -0.070312 0.996811  8.000000 -2.562609 1 0 1.000000
0  -21.503983 -68.574898 28.407713  0.047471 -0.093450 0.994492  8.000000 -2.679800 1 0 1.000000
CARBONFIBER_CARBONFIBRE
0  -21.503983 -68.574898 28.407713  0.047471 -0.093450 0.994492  8.000000 -2.679800 1 0 1.000000
0  -21.790262 -68.729050 28.407713  0.044683 -0.101256 0.993856  8.000000 -2.722770 1 0 1.000000
0  -20.964457 -70.215500 28.242552  0.041156 -0.078536 0.996061  8.000000 -2.599719 1 0 1.000000
CARBONFIBER_CARBONFIBRE
0  -21.790262 -68.729050 28.407713  0.044683 -0.101256 0.993856  8.000000 -2.722770 1 0 1.000000
0  -21.503983 -68.574898 28.407713  0.047471 -0.093450 0.994492  8.000000 -2.679800 1 0 1.000000
0  -22.318777 -65.403809 28.793087  0.034468 -0.102878 0.994097  8.000000 -2.798944 1 0 1.000000
CARBONFIBER_CARBONFIBRE
0  -22.318777 -65.403809 28.793087  0.034468 -0.102878 0.994097  8.000000 -2.798944 1 0 1.000000
0  -22.660110 -65.447853 28.804098  0.040549 -0.101284 0.994031  8.000000 -2.849727 1 0 1.000000
0  -21.790262 -68.729050 28.407713  0.044683 -0.101256 0.993856  8.000000 -2.722770 1 0 1.000000
CARBONFIBER_CARBONFIBRE
0  -23.640066 -59.634178 29.387669  0.043909 -0.083590 0.995532  8.000000 -2.996216 1 0 1.000000
0  -22.660110 -65.447853 28.804098  0.040549 -0.101284 0.994031  8.000000 -2.849727 1 0 1.000000
0  -22.318777 -65.403809 28.793087  0.034468 -0.102878 0.994097  8.000000 -2.798944 1 0 1.000000
CARBONFIBER_CARBONFIBRE
0  -22.318777 -65.403809 28.793087  0.034468 -0.102878 0.994097  8.000000 -2.798944 1 0 1.000000
0  -23.298733 -59.579124 29.387669  0.003292 -0.088139 0.996103  8.000000 -2.945433 1 0 1.000000
0  -23.640066 -59.634178 29.387669  0.043909 -0.083590 0.995532  8.000000 -2.996216 1 0 1.000000
CARBONFIBER_CARBONFIBRE
0  -23.640066 -59.634178 29.387669  0.043909 -0.083590 0.995532  8.000000 -2.996216 1 0 1.000000
0  -23.298733 -59.579124 29.387669  0.003292 -0.088139 0.996103  8.000000 -2.945433 1 0 1.000000
0  -23.585012 -57.751339 29.530807  0.031756 -0.075502 0.996640  8.000000 -2.986450 1 0 1.000000
CARBONFIBER_CARBONFIBRE
0  -23.640066 -59.634178 29.387669  0.043909 -0.083590 0.995532  8.000000 -2.996216 1 0 1.000000
0  -23.585012 -57.751339 29.530807  0.031756 -0.075502 0.996640  8.000000 -2.986450 1 0 1.000000
0  -24.245657 -53.754440 29.872141  0.094348 -0.068936 0.993150  8.000000 -3.083865 1 0 1.000000
CARBONFIBER_CARBONFIBRE
0  -15.404031 -22.781225 32.712914  -0.110517 -0.046686 0.992777  4.290903 -1.777429 1 0 1.000000
0  -15.789407 -22.748192 32.690891  -0.048095 -0.044251 0.997862  4.285043 -1.834071 1 0 1.000000
0  -14.952590 -33.318504 32.261475  -0.133903 -0.061099 0.989109  5.849544 -1.711020 1 0 1.000000
CARBONFIBER_CARBONFIBRE
0  -14.952590 -33.318504 32.261475  -0.133903 -0.061099 0.989109  5.849544 -1.711020 1 0 1.000000
0  -14.567214 -33.406590 32.327538  -0.206257 -0.081630 0.975087  5.861263 -1.652425 1 0 1.000000
0  -15.404031 -22.781225 32.712914  -0.110517 -0.046686 0.992777  4.290903 -1.777429 1 0 1.000000
CARBONFIBER_CARBONFIBRE
0  -14.567214 -33.406590 32.327538  -0.206257 -0.081630 0.975087  5.861263 -1.652425 1 0 1.000000
0  -14.952590 -33.318504 32.261475  -0.133903 -0.061099 0.989109  5.849544 -1.711020 1 0 1.000000
0  -13.873538 -43.745678 31.512743  -0.118426 -0.086387 0.989198  7.390606 -1.550859 1 0 1.000000
CARBONFIBER_CARBONFIBRE
0  -14.567214 -33.406590 32.327538  -0.206257 -0.081630 0.975087  5.861263 -1.652425 1 0 1.000000
0  -13.873538 -43.745678 31.512743  -0.118426 -0.086387 0.989198  7.390606 -1.550859 1 0 1.000000
0  -13.444119 -48.238060 31.160398  -0.295366 -0.100843 0.950047  8.000000 -1.488357 1 0 1.000000
CARBONFIBER_CARBONFIBRE
0  -14.567214 -33.406590 32.327538  -0.206257 -0.081630 0.975087  5.861263 -1.652425 1 0 1.000000
0  -13.444119 -48.238060 31.160398  -0.295366 -0.100843 0.950047  8.000000 -1.488357 1 0 1.000000
0  -13.091776 -48.216038 31.325560  -0.355763 -0.109463 0.928144  8.000000 -1.435621 1 0 1.000000
CARBONFIBER_CARBONFIBRE
0  -12.838529 -54.095776 30.708960  -0.298584 -0.111974 0.947792  8.000000 -1.396558 1 0 1.000000
0  -13.091776 -48.216038 31.325560  -0.355763 -0.109463 0.928144  8.000000 -1.435621 1 0 1.000000
0  -13.444119 -48.238060 31.160398  -0.295366 -0.100843 0.950047  8.000000 -1.488357 1 0 1.000000
CARBONFIBER_CARBONFIBRE
0  -12.838529 -54.095776 30.708960  -0.298584 -0.111974 0.947792  8.000000 -1.396558 1 0 1.000000
0  -12.265970 -56.463085 30.576830  -0.219296 -0.118467 0.968439  8.000000 -1.312571 1 0 1.000000
0  -13.091776 -48.216038 31.325560  -0.355763 -0.109463 0.928144  8.000000 -1.435621 1 0 1.000000
CARBONFIBER_CARBONFIBRE
0  -12.838529 -54.095776 30.708960  -0.298584 -0.111974 0.947792  8.000000 -1.396558 1 0 1.000000
0  -12.552250 -56.639256 30.488745  -0.231848 -0.118746 0.965477  8.000000 -1.355541 1 0 1.000000
0  -12.265970 -56.463085 30.576830  -0.219296 -0.118467 0.968439  8.000000 -1.312571 1 0 1.000000
CARBONFIBER_CARBONFIBRE
0  -12.265970 -56.463085 30.576830  -0.219296 -0.118467 0.968439  8.000000 -1.312571 1 0 1.000000
0  -12.552250 -56.639256 30.488745  -0.231848 -0.118746 0.965477  8.000000 -1.355541 1 0 1.000000
0  -11.572293 -64.886299 29.618895  -0.274258 -0.163634 0.947632  8.000000 -1.211005 1 0 1.000000
CARBONFIBER_CARBONFIBRE
0  -11.572293 -64.886299 29.618895  -0.274258 -0.163634 0.947632  8.000000 -1.211005 1 0 1.000000
0  -11.230961 -65.073486 29.662939  -0.174521 -0.152872 0.972714  8.000000 -1.160222 1 0 1.000000
0  -12.265970 -56.463085 30.576830  -0.219296 -0.118467 0.968439  8.000000 -1.312571 1 0 1.000000
CARBONFIBER_CARBONFIBRE
0  -11.230961 -65.073486 29.662939  -0.174521 -0.152872 0.972714  8.000000 -1.160222 1 0 1.000000
0  -11.572293 -64.886299 29.618895  -0.274258 -0.163634 0.947632  8.000000 -1.211005 1 0 1.000000
0  -10.471220 -73.001221 28.429735  -0.175771 -0.178692 0.968077  8.000000 -1.048891 1 0 1.000000
CARBONFIBER_CARBONFIBRE
0  -10.471220 -73.001221 28.429735  -0.175771 -0.178692 0.968077  8.000000 -1.048891 1 0 1.000000
0  -10.206963 -73.001221 28.473778  -0.160029 -0.190154 0.968624  8.000000 -1.009827 1 0 1.000000
0  -11.230961 -65.073486 29.662939  -0.174521 -0.152872 0.972714  8.000000 -1.160222 1 0 1.000000
CARBONFIBER_CARBONFIBRE
0  -10.206963 -73.001221 28.473778  -0.160029 -0.190154 0.968624  8.000000 -1.009827 1 0 1.000000
0  -10.471220 -73.001221 28.429735  -0.175771 -0.178692 0.968077  8.000000 -1.048891 1 0 1.000000
0  -10.184941 -75.060226 28.055370  -0.146098 -0.190490 0.970757  8.000000 -1.005921 1 0 1.000000
CARBONFIBER_CARBONFIBRE
0  -10.184941 -75.060226 28.055370  -0.146098 -0.190490 0.970757  8.000000 -1.005921 1 0 1.000000
0  -9.920683 -75.170334 28.066381  -0.136090 -0.167170 0.976490  8.000000 -0.964904 1 0 1.000000
0  -10.206963 -73.001221 28.473778  -0.160029 -0.190154 0.968624  8.000000 -1.009827 1 0 1.000000
CARBONFIBER_CARBONFIBRE
0  -9.920683 -75.170334 28.066381  -0.136090 -0.167170 0.976490  8.000000 -0.964904 1 0 1.000000
0  -10.184941 -75.060226 28.055370  -0.146098 -0.190490 0.970757  8.000000 -1.005921 1 0 1.000000
0  -10.273026 -75.280441 28.000317  -0.140114 -0.148135 0.978991  8.000000 -1.017640 1 0 1.000000
CARBONFIBER_CARBONFIBRE
0  -10.273026 -75.280441 28.000317  -0.140114 -0.148135 0.978991  8.000000 -1.017640 1 0 1.000000
0  -10.041801 -75.511665 28.000317  -0.140482 -0.116425 0.983214  8.000000 -0.984436 1 0 1.000000
0  -9.920683 -75.170334 28.066381  -0.136090 -0.167170 0.976490  8.000000 -0.964904 1 0 1.000000
CARBONFIBER_CARBONFIBRE
0  -10.041801 -75.511665 28.000317  -0.140482 -0.116425 0.983214  8.000000 -0.984436 1 0 1.000000
0  -10.273026 -75.280441 28.000317  -0.140114 -0.148135 0.978991  8.000000 -1.017640 1 0 1.000000
0  -10.427177 -75.379539 27.967285  -0.118514 -0.091783 0.988701  8.000000 -1.041078 1 0 1.000000
CARBONFIBER_CARBONFIBRE
0  -10.427177 -75.379539 27.967285  -0.118514 -0.091783 0.988701  8.000000 -1.041078 1 0 1.000000
0  -10.339091 -75.698853 27.956274  -0.086524 -0.056608 0.994640  8.000000 -1.029359 1 0 1.000000
0  -10.041801 -75.511665 28.000317  -0.140482 -0.116425 0.983214  8.000000 -0.984436 1 0 1.000000
CARBONFIBER_CARBONFIBRE
0  29.596872 -26.161524 31.556787  0.104950 -0.056386 0.992878  4.790918 4.873165 1 0 1.000000
0  30.863108 -15.117749 31.986206  0.089733 -0.037484 0.995260  3.158299 5.062380 1 0 1.000000
0  29.740011 -15.282910 32.085300  0.104693 -0.042912 0.993578  3.183691 4.894650 1 0 1.000000
CARBONFIBER_CARBONFIBRE
0  29.740011 -15.282910 32.085300  0.104693 -0.042912 0.993578  3.183691 4.894650 1 0 1.000000
0  28.429733 -26.326685 31.710938  0.130873 -0.066498 0.989166  4.814356 4.701285 1 0 1.000000
0  29.596872 -26.161524 31.556787  0.104950 -0.056386 0.992878  4.790918 4.873165 1 0 1.000000
CARBONFIBER_CARBONFIBRE
0  28.165474 -36.974072 30.940186  0.125830 -0.078280 0.988959  6.388623 4.664174 1 0 1.000000
0  29.596872 -26.161524 31.556787  0.104950 -0.056386 0.992878  4.790918 4.873165 1 0 1.000000
0  28.429733 -26.326685 31.710938  0.130873 -0.066498 0.989166  4.814356 4.701285 1 0 1.000000
CARBONFIBER_CARBONFIBRE
0  28.429733 -26.326685 31.710938  0.130873 -0.066498 0.989166  4.814356 4.701285 1 0 1.000000
0  27.086422 -36.709812 31.083326  0.130862 -0.081790 0.988021  6.349559 4.504013 1 0 1.000000
0  28.165474 -36.974072 30.940186  0.125830 -0.078280 0.988959  6.388623 4.664174 1 0 1.000000
CARBONFIBER_CARBONFIBRE
0  26.833174 -47.136986 30.224487  0.140294 -0.093112 0.985722  7.890622 4.466903 1 0 1.000000
0  28.165474 -36.974072 30.940186  0.125830 -0.078280 0.988959  6.388623 4.664174 1 0 1.000000
0  27.086422 -36.709812 31.083326  0.130862 -0.081790 0.988021  6.349559 4.504013 1 0 1.000000
CARBONFIBER_CARBONFIBRE
0  27.086422 -36.709812 31.083326  0.130862 -0.081790 0.988021  6.349559 4.504013 1 0 1.000000
0  25.621992 -47.015869 30.422682  0.171401 -0.099767 0.980137  7.873043 4.285256 1 0 1.000000
0  26.833174 -47.136986 30.224487  0.140294 -0.093112 0.985722  7.890622 4.466903 1 0 1.000000
CARBONFIBER_CARBONFIBRE
0  25.886250 -53.996677 29.607887  0.189536 -0.116679 0.974916  8.000000 4.326273 1 0 1.000000
0  26.833174 -47.136986 30.224487  0.140294 -0.093112 0.985722  7.890622 4.466903 1 0 1.000000
0  25.621992 -47.015869 30.422682  0.171401 -0.099767 0.980137  7.873043 4.285256 1 0 1.000000
CARBONFIBER_CARBONFIBRE
0  25.621992 -47.015869 30.422682  0.171401 -0.099767 0.980137  7.873043 4.285256 1 0 1.000000
0  24.586983 -53.798485 29.916187  0.228772 -0.123509 0.965613  8.000000 4.134861 1 0 1.000000
0  25.886250 -53.996677 29.607887  0.189536 -0.116679 0.974916  8.000000 4.326273 1 0 1.000000
CARBONFIBER_CARBONFIBRE
0  25.060444 -59.744286 28.980274  0.245904 -0.144328 0.958489  8.000000 4.203223 1 0 1.000000
0  25.886250 -53.996677 29.607887  0.189536 -0.116679 0.974916  8.000000 4.326273 1 0 1.000000
0  24.586983 -53.798485 29.916187  0.228772 -0.123509 0.965613  8.000000 4.134861 1 0 1.000000
CARBONFIBER_CARBONFIBRE
0  24.586983 -53.798485 29.916187  0.228772 -0.123509 0.965613  8.000000 4.134861 1 0 1.000000
0  23.640059 -59.634178 29.387672  0.296561 -0.150179 0.943132  8.000000 3.994232 1 0 1.000000
0  25.060444 -59.744286 28.980274  0.245904 -0.144328 0.958489  8.000000 4.203223 1 0 1.000000
CARBONFIBER_CARBONFIBRE
0  24.157564 -65.624023 28.187502  0.323304 -0.179229 0.929167  8.000000 4.070406 1 0 1.000000
0  25.060444 -59.744286 28.980274  0.245904 -0.144328 0.958489  8.000000 4.203223 1 0 1.000000
0  23.640059 -59.634178 29.387672  0.296561 -0.150179 0.943132  8.000000 3.994232 1 0 1.000000
CARBONFIBER_CARBONFIBRE
0  23.640059 -59.634178 29.387672  0.296561 -0.150179 0.943132  8.000000 3.994232 1 0 1.000000
0  22.660103 -65.447853 28.804102  0.360486 -0.192782 0.912625  8.000000 3.849696 1 0 1.000000
0  24.157564 -65.624023 28.187502  0.323304 -0.179229 0.929167  8.000000 4.070406 1 0 1.000000
CARBONFIBER_CARBONFIBRE
0  23.309736 -69.466766 27.603931  0.353437 -0.236383 0.905100  8.000000 3.945402 1 0 1.000000
0  24.157564 -65.624023 28.187502  0.323304 -0.179229 0.929167  8.000000 4.070406 1 0 1.000000
0  22.660103 -65.447853 28.804102  0.360486 -0.192782 0.912625  8.000000 3.849696 1 0 1.000000
CARBONFIBER_CARBONFIBRE
0  22.660103 -65.447853 28.804102  0.360486 -0.192782 0.912625  8.000000 3.849696 1 0 1.000000
0  21.790255 -68.729050 28.407713  0.348762 -0.259391 0.900601  8.000000 3.720786 1 0 1.000000
0  23.309736 -69.466766 27.603931  0.353437 -0.236383 0.905100  8.000000 3.945402 1 0 1.000000
CARBONFIBER_CARBONFIBRE
0  22.395845 -71.283539 27.372705  0.311741 -0.310526 0.897993  8.000000 3.810633 1 0 1.000000
0  23.309736 -69.466766 27.603931  0.353437 -0.236383 0.905100  8.000000 3.945402 1 0 1.000000
0  21.790255 -68.729050 28.407713  0.348762 -0.259391 0.900601  8.000000 3.720786 1 0 1.000000
CARBONFIBER_CARBONFIBRE
0  21.790255 -68.729050 28.407713  0.348762 -0.259391 0.900601  8.000000 3.720786 1 0 1.000000
0  20.964449 -70.215500 28.242552  0.310784 -0.313796 0.897188  8.000000 3.599689 1 0 1.000000
0  22.395845 -71.283539 27.372705  0.311741 -0.310526 0.897993  8.000000 3.810633 1 0 1.000000
CARBONFIBER_CARBONFIBRE
0  22.395845 -71.283539 27.372705  0.311741 -0.310526 0.897993  8.000000 3.810633 1 0 1.000000
0  20.964449 -70.215500 28.242552  0.310784 -0.313796 0.897188  8.000000 3.599689 1 0 1.000000
0  19.830341 -71.481735 28.121435  0.270680 -0.350489 0.896599  8.000000 3.429762 1 0 1.000000
CARBONFIBER_CARBONFIBRE
0  19.830341 -71.481735 28.121435  0.270680 -0.350489 0.896599  8.000000 3.429762 1 0 1.000000
0  21.140621 -72.847069 27.196533  0.254023 -0.358879 0.898153  8.000000 3.625080 1 0 1.000000
0  22.395845 -71.283539 27.372705  0.311741 -0.310526 0.897993  8.000000 3.810633 1 0 1.000000
CARBONFIBER_CARBONFIBRE
0  21.140621 -72.847069 27.196533  0.254023 -0.358879 0.898153  8.000000 3.625080 1 0 1.000000
0  19.830341 -71.481735 28.121435  0.270680 -0.350489 0.896599  8.000000 3.429762 1 0 1.000000
0  18.453999 -72.483711 28.055370  0.223304 -0.380848 0.897268  8.000000 3.226630 1 0 1.000000
CARBONFIBER_CARBONFIBRE
0  18.453999 -72.483711 28.055370  0.223304 -0.380848 0.897268  8.000000 3.226630 1 0 1.000000
0  19.610126 -74.069260 27.108446  0.211048 -0.385321 0.898324  8.000000 3.398511 1 0 1.000000
0  21.140621 -72.847069 27.196533  0.254023 -0.358879 0.898153  8.000000 3.625080 1 0 1.000000
CARBONFIBER_CARBONFIBRE
0  19.610126 -74.069260 27.108446  0.211048 -0.385321 0.898324  8.000000 3.398511 1 0 1.000000
0  18.453999 -72.483711 28.055370  0.223304 -0.380848 0.897268  8.000000 3.226630 1 0 1.000000
0  16.945528 -73.298508 28.022339  0.180645 -0.401835 0.897717  8.000000 3.003968 1 0 1.000000
CARBONFIBER_CARBONFIBRE
0  16.945528 -73.298508 28.022339  0.180645 -0.401835 0.897717  8.000000 3.003968 1 0 1.000000
0  17.826387 -75.082245 27.053392  0.164242 -0.415094 0.894830  8.000000 3.134831 1 0 1.000000
0  19.610126 -74.069260 27.108446  0.211048 -0.385321 0.898324  8.000000 3.398511 1 0 1.000000
CARBONFIBER_CARBONFIBRE
0  17.826387 -75.082245 27.053392  0.164242 -0.415094 0.894830  8.000000 3.134831 1 0 1.000000
0  16.945528 -73.298508 28.022339  0.180645 -0.401835 0.897717  8.000000 3.003968 1 0 1.000000
0  10.702436 -75.709862 27.934252  0.090088 -0.432664 0.897043  8.000000 2.082064 1 0 1.000000
CARBONFIBER_CARBONFIBRE
0  10.702436 -75.709862 27.934252  0.090088 -0.432664 0.897043  8.000000 2.082064 1 0 1.000000
0  10.570308 -77.768867 26.943285  0.086289 -0.435838 0.895879  8.000000 2.062532 1 0 1.000000
0  17.826387 -75.082245 27.053392  0.164242 -0.415094 0.894830  8.000000 3.134831 1 0 1.000000
CARBONFIBER_CARBONFIBRE
0  9.634395 -77.658760 27.020361  -0.021492 -0.422217 0.906240  8.000000 1.923856 1 0 1.000000
0  10.570308 -77.768867 26.943285  0.086289 -0.435838 0.895879  8.000000 2.062532 1 0 1.000000
0  10.702436 -75.709862 27.934252  0.090088 -0.432664 0.897043  8.000000 2.082064 1 0 1.000000
CARBONFIBER_CARBONFIBRE
0  10.702436 -75.709862 27.934252  0.090088 -0.432664 0.897043  8.000000 2.082064 1 0 1.000000
0  10.339082 -75.698853 27.956274  -0.063453 -0.414756 0.907718  8.000000 2.027375 1 0 1.000000
0  9.634395 -77.658760 27.020361  -0.021492 -0.422217 0.906240  8.000000 1.923856 1 0 1.000000
CARBONFIBER_CARBONFIBRE
0  9.050825 -77.009125 27.207542  -0.176924 -0.363065 0.914812  8.000000 1.835963 1 0 1.000000
0  9.634395 -77.658760 27.020361  -0.021492 -0.422217 0.906240  8.000000 1.923856 1 0 1.000000
0  10.339082 -75.698853 27.956274  -0.063453 -0.414756 0.907718  8.000000 2.027375 1 0 1.000000
CARBONFIBER_CARBONFIBRE
0  10.339082 -75.698853 27.956274  -0.063453 -0.414756 0.907718  8.000000 2.027375 1 0 1.000000
0  10.041792 -75.511665 28.000317  -0.233515 -0.328047 0.915344  8.000000 1.984405 1 0 1.000000
0  9.050825 -77.009125 27.207542  -0.176924 -0.363065 0.914812  8.000000 1.835963 1 0 1.000000
CARBONFIBER_CARBONFIBRE
0  8.863643 -76.029175 27.460791  -0.345704 -0.208826 0.914812  8.000000 1.810572 1 0 1.000000
0  9.050825 -77.009125 27.207542  -0.176924 -0.363065 0.914812  8.000000 1.835963 1 0 1.000000
0  10.041792 -75.511665 28.000317  -0.233515 -0.328047 0.915344  8.000000 1.984405 1 0 1.000000
CARBONFIBER_CARBONFIBRE
0  10.041792 -75.511665 28.000317  -0.233515 -0.328047 0.915344  8.000000 1.984405 1 0 1.000000
0  9.920673 -75.170334 28.066381  -0.365902 -0.197652 0.909423  8.000000 1.964873 1 0 1.000000
0  8.863643 -76.029175 27.460791  -0.345704 -0.208826 0.914812  8.000000 1.810572 1 0 1.000000
CARBONFIBER_CARBONFIBRE
0  8.863643 -76.029175 27.460791  -0.345704 -0.208826 0.914812  8.000000 1.810572 1 0 1.000000
0  9.920673 -75.170334 28.066381  -0.365902 -0.197652 0.909423  8.000000 1.964873 1 0 1.000000
0  10.206953 -73.001221 28.473778  -0.373395 -0.112572 0.920817  8.000000 2.007843 1 0 1.000000
CARBONFIBER_CARBONFIBRE
0  10.206953 -73.001221 28.473778  -0.373395 -0.112572 0.920817  8.000000 2.007843 1 0 1.000000
0  9.226996 -72.891113 28.121435  -0.350531 -0.123639 0.928354  8.000000 1.863308 1 0 1.000000
0  8.863643 -76.029175 27.460791  -0.345704 -0.208826 0.914812  8.000000 1.810572 1 0 1.000000
CARBONFIBER_CARBONFIBRE
0  10.856587 -60.823338 29.927197  -0.274054 -0.088011 0.957679  8.000000 2.103549 1 0 1.000000
0  9.226996 -72.891113 28.121435  -0.350531 -0.123639 0.928354  8.000000 1.863308 1 0 1.000000
0  10.206953 -73.001221 28.473778  -0.373395 -0.112572 0.920817  8.000000 2.007843 1 0 1.000000
CARBONFIBER_CARBONFIBRE
0  10.206953 -73.001221 28.473778  -0.373395 -0.112572 0.920817  8.000000 2.007843 1 0 1.000000
0  11.230953 -65.073486 29.662939  -0.281834 -0.086159 0.955587  8.000000 2.160192 1 0 1.000000
0  10.856587 -60.823338 29.927197  -0.274054 -0.088011 0.957679  8.000000 2.103549 1 0 1.000000
CARBONFIBER_CARBONFIBRE
0  11.230953 -65.073486 29.662939  -0.281834 -0.086159 0.955587  8.000000 2.160192 1 0 1.000000
0  12.265963 -56.463085 30.576830  -0.135357 -0.085150 0.987131  8.000000 2.312540 1 0 1.000000
0  10.856587 -60.823338 29.927197  -0.274054 -0.088011 0.957679  8.000000 2.103549 1 0 1.000000
CARBONFIBER_CARBONFIBRE
0  12.276974 -48.171997 31.314550  -0.076199 -0.081328 0.993770  8.000000 2.314493 1 0 1.000000
0  10.856587 -60.823338 29.927197  -0.274054 -0.088011 0.957679  8.000000 2.103549 1 0 1.000000
0  12.265963 -56.463085 30.576830  -0.135357 -0.085150 0.987131  8.000000 2.312540 1 0 1.000000
CARBONFIBER_CARBONFIBRE
0  12.265963 -56.463085 30.576830  -0.135357 -0.085150 0.987131  8.000000 2.312540 1 0 1.000000
0  13.091768 -48.216038 31.325560  -0.001242 -0.076363 0.997079  8.000000 2.433638 1 0 1.000000
0  12.276974 -48.171997 31.314550  -0.076199 -0.081328 0.993770  8.000000 2.314493 1 0 1.000000
CARBONFIBER_CARBONFIBRE
0  13.741403 -33.505688 32.360569  0.019315 -0.060121 0.998004  5.876888 2.531297 1 0 1.000000
0  12.276974 -48.171997 31.314550  -0.076199 -0.081328 0.993770  8.000000 2.314493 1 0 1.000000
0  13.091768 -48.216038 31.325560  -0.001242 -0.076363 0.997079  8.000000 2.433638 1 0 1.000000
CARBONFIBER_CARBONFIBRE
0  13.091768 -48.216038 31.325560  -0.001242 -0.076363 0.997079  8.000000 2.433638 1 0 1.000000
0  14.567208 -33.406590 32.327538  0.041400 -0.050165 0.997882  5.861263 2.652394 1 0 1.000000
0  13.741403 -33.505688 32.360569  0.019315 -0.060121 0.998004  5.876888 2.531297 1 0 1.000000
CARBONFIBER_CARBONFIBRE
0  14.578219 -22.858299 32.745945  0.040925 -0.039273 0.998390  4.302621 2.654347 1 0 1.000000
0  13.741403 -33.505688 32.360569  0.019315 -0.060121 0.998004  5.876888 2.531297 1 0 1.000000
0  14.567208 -33.406590 32.327538  0.041400 -0.050165 0.997882  5.861263 2.652394 1 0 1.000000
CARBONFIBER_CARBONFIBRE
0  14.567208 -33.406590 32.327538  0.041400 -0.050165 0.997882  5.861263 2.652394 1 0 1.000000
0  15.404025 -22.781225 32.712914  0.043631 -0.039643 0.998261  4.290903 2.775445 1 0 1.000000
0  14.578219 -22.858299 32.745945  0.040925 -0.039273 0.998390  4.302621 2.654347 1 0 1.000000
CARBONFIBER_CARBONFIBRE
0  -25.622000 -47.015869 30.422678  -0.171403 -0.099767 0.980137  7.873043 -3.286996 1 0 1.000000
0  -26.833181 -47.136986 30.224483  -0.140296 -0.093112 0.985722  7.890622 -3.466689 1 0 1.000000
0  -25.886257 -53.996677 29.607883  -0.189536 -0.116679 0.974916  8.000000 -3.328013 1 0 1.000000
CARBONFIBER_CARBONFIBRE
0  -25.886257 -53.996677 29.607883  -0.189536 -0.116679 0.974916  8.000000 -3.328013 1 0 1.000000
0  -24.586990 -53.798485 29.916183  -0.228772 -0.123510 0.965613  8.000000 -3.134648 1 0 1.000000
0  -25.622000 -47.015869 30.422678  -0.171403 -0.099767 0.980137  7.873043 -3.286996 1 0 1.000000
CARBONFIBER_CARBONFIBRE
0  -24.586990 -53.798485 29.916183  -0.228772 -0.123510 0.965613  8.000000 -3.134648 1 0 1.000000
0  -25.886257 -53.996677 29.607883  -0.189536 -0.116679 0.974916  8.000000 -3.328013 1 0 1.000000
0  -25.060452 -59.744286 28.980270  -0.245905 -0.144328 0.958488  8.000000 -3.204962 1 0 1.000000
CARBONFIBER_CARBONFIBRE
0  -25.060452 -59.744286 28.980270  -0.245905 -0.144328 0.958488  8.000000 -3.204962 1 0 1.000000
0  -23.640066 -59.634178 29.387669  -0.296562 -0.150179 0.943132  8.000000 -2.996216 1 0 1.000000
0  -24.586990 -53.798485 29.916183  -0.228772 -0.123510 0.965613  8.000000 -3.134648 1 0 1.000000
CARBONFIBER_CARBONFIBRE
0  -23.640066 -59.634178 29.387669  -0.296562 -0.150179 0.943132  8.000000 -2.996216 1 0 1.000000
0  -25.060452 -59.744286 28.980270  -0.245905 -0.144328 0.958488  8.000000 -3.204962 1 0 1.000000
0  -24.157572 -65.624023 28.187498  -0.323304 -0.179226 0.929168  8.000000 -3.072146 1 0 1.000000
CARBONFIBER_CARBONFIBRE
0  -24.157572 -65.624023 28.187498  -0.323304 -0.179226 0.929168  8.000000 -3.072146 1 0 1.000000
0  -22.660110 -65.447853 28.804098  -0.360487 -0.192781 0.912625  8.000000 -2.849727 1 0 1.000000
0  -23.640066 -59.634178 29.387669  -0.296562 -0.150179 0.943132  8.000000 -2.996216 1 0 1.000000
CARBONFIBER_CARBONFIBRE
0  -22.660110 -65.447853 28.804098  -0.360487 -0.192781 0.912625  8.000000 -2.849727 1 0 1.000000
0  -24.157572 -65.624023 28.187498  -0.323304 -0.179226 0.929168  8.000000 -3.072146 1 0 1.000000
0  -23.309744 -69.466766 27.603928  -0.353418 -0.236429 0.905095  8.000000 -2.945433 1 0 1.000000
CARBONFIBER_CARBONFIBRE
0  -23.309744 -69.466766 27.603928  -0.353418 -0.236429 0.905095  8.000000 -2.945433 1 0 1.000000
0  -21.790262 -68.729050 28.407713  -0.348738 -0.259432 0.900598  8.000000 -2.722770 1 0 1.000000
0  -22.660110 -65.447853 28.804098  -0.360487 -0.192781 0.912625  8.000000 -2.849727 1 0 1.000000
CARBONFIBER_CARBONFIBRE
0  -21.790262 -68.729050 28.407713  -0.348738 -0.259432 0.900598  8.000000 -2.722770 1 0 1.000000
0  -23.309744 -69.466766 27.603928  -0.353418 -0.236429 0.905095  8.000000 -2.945433 1 0 1.000000
0  -22.395853 -71.283539 27.372702  -0.311708 -0.310562 0.897992  8.000000 -2.810663 1 0 1.000000
CARBONFIBER_CARBONFIBRE
0  -22.395853 -71.283539 27.372702  -0.311708 -0.310562 0.897992  8.000000 -2.810663 1 0 1.000000
0  -20.964457 -70.215500 28.242552  -0.310827 -0.313767 0.897183  8.000000 -2.599719 1 0 1.000000
0  -21.790262 -68.729050 28.407713  -0.348738 -0.259432 0.900598  8.000000 -2.722770 1 0 1.000000
CARBONFIBER_CARBONFIBRE
0  -19.830349 -71.481735 28.121435  -0.270680 -0.350488 0.896600  8.000000 -2.431745 1 0 1.000000
0  -20.964457 -70.215500 28.242552  -0.310827 -0.313767 0.897183  8.000000 -2.599719 1 0 1.000000
0  -22.395853 -71.283539 27.372702  -0.311708 -0.310562 0.897992  8.000000 -2.810663 1 0 1.000000
CARBONFIBER_CARBONFIBRE
0  -22.395853 -71.283539 27.372702  -0.311708 -0.310562 0.897992  8.000000 -2.810663 1 0 1.000000
0  -21.140629 -72.847069 27.196533  -0.254023 -0.358878 0.898153  8.000000 -2.625111 1 0 1.000000
0  -19.830349 -71.481735 28.121435  -0.270680 -0.350488 0.896600  8.000000 -2.431745 1 0 1.000000
CARBONFIBER_CARBONFIBRE
0  -18.454006 -72.483711 28.055370  -0.223303 -0.380846 0.897269  8.000000 -2.226661 1 0 1.000000
0  -19.830349 -71.481735 28.121435  -0.270680 -0.350488 0.896600  8.000000 -2.431745 1 0 1.000000
0  -21.140629 -72.847069 27.196533  -0.254023 -0.358878 0.898153  8.000000 -2.625111 1 0 1.000000
CARBONFIBER_CARBONFIBRE
0  -21.140629 -72.847069 27.196533  -0.254023 -0.358878 0.898153  8.000000 -2.625111 1 0 1.000000
0  -19.610134 -74.069260 27.108446  -0.211048 -0.385321 0.898324  8.000000 -2.398541 1 0 1.000000
0  -18.454006 -72.483711 28.055370  -0.223303 -0.380846 0.897269  8.000000 -2.226661 1 0 1.000000
CARBONFIBER_CARBONFIBRE
0  -16.945536 -73.298508 28.022339  -0.180645 -0.401833 0.897718  8.000000 -2.005951 1 0 1.000000
0  -18.454006 -72.483711 28.055370  -0.223303 -0.380846 0.897269  8.000000 -2.226661 1 0 1.000000
0  -19.610134 -74.069260 27.108446  -0.211048 -0.385321 0.898324  8.000000 -2.398541 1 0 1.000000
CARBONFIBER_CARBONFIBRE
0  -19.610134 -74.069260 27.108446  -0.211048 -0.385321 0.898324  8.000000 -2.398541 1 0 1.000000
0  -17.826395 -75.082245 27.053392  -0.164242 -0.415095 0.894830  8.000000 -2.134861 1 0 1.000000
0  -16.945536 -73.298508 28.022339  -0.180645 -0.401833 0.897718  8.000000 -2.005951 1 0 1.000000
CARBONFIBER_CARBONFIBRE
0  -10.702446 -75.709862 27.934252  -0.090089 -0.432665 0.897042  8.000000 -1.082095 1 0 1.000000
0  -16.945536 -73.298508 28.022339  -0.180645 -0.401833 0.897718  8.000000 -2.005951 1 0 1.000000
0  -17.826395 -75.082245 27.053392  -0.164242 -0.415095 0.894830  8.000000 -2.134861 1 0 1.000000
CARBONFIBER_CARBONFIBRE
0  -17.826395 -75.082245 27.053392  -0.164242 -0.415095 0.894830  8.000000 -2.134861 1 0 1.000000
0  -10.570317 -77.768867 26.943285  -0.086291 -0.435841 0.895878  8.000000 -1.062563 1 0 1.000000
0  -10.702446 -75.709862 27.934252  -0.090089 -0.432665 0.897042  8.000000 -1.082095 1 0 1.000000
CARBONFIBER_CARBONFIBRE
0  -10.702446 -75.709862 27.934252  -0.090089 -0.432665 0.897042  8.000000 -1.082095 1 0 1.000000
0  -10.570317 -77.768867 26.943285  -0.086291 -0.435841 0.895878  8.000000 -1.062563 1 0 1.000000
0  -9.634404 -77.658760 27.020361  0.021492 -0.422219 0.906239  8.000000 -0.923887 1 0 1.000000
CARBONFIBER_CARBONFIBRE
0  -9.634404 -77.658760 27.020361  0.021492 -0.422219 0.906239  8.000000 -0.923887 1 0 1.000000
0  -10.339091 -75.698853 27.956274  0.063453 -0.414758 0.907717  8.000000 -1.029359 1 0 1.000000
0  -10.702446 -75.709862 27.934252  -0.090089 -0.432665 0.897042  8.000000 -1.082095 1 0 1.000000
CARBONFIBER_CARBONFIBRE
0  -10.339091 -75.698853 27.956274  0.063453 -0.414758 0.907717  8.000000 -1.029359 1 0 1.000000
0  -9.634404 -77.658760 27.020361  0.021492 -0.422219 0.906239  8.000000 -0.923887 1 0 1.000000
0  -9.050835 -77.009125 27.207542  0.176926 -0.363068 0.914811  8.000000 -0.837947 1 0 1.000000
CARBONFIBER_CARBONFIBRE
0  -9.050835 -77.009125 27.207542  0.176926 -0.363068 0.914811  8.000000 -0.837947 1 0 1.000000
0  -10.041801 -75.511665 28.000317  0.233471 -0.328064 0.915350  8.000000 -0.984436 1 0 1.000000
0  -10.339091 -75.698853 27.956274  0.063453 -0.414758 0.907717  8.000000 -1.029359 1 0 1.000000
CARBONFIBER_CARBONFIBRE
0  -10.041801 -75.511665 28.000317  0.233471 -0.328064 0.915350  8.000000 -0.984436 1 0 1.000000
0  -9.050835 -77.009125 27.207542  0.176926 -0.363068 0.914811  8.000000 -0.837947 1 0 1.000000
0  -8.863652 -76.029175 27.460791  0.345710 -0.208829 0.914809  8.000000 -0.810602 1 0 1.000000
CARBONFIBER_CARBONFIBRE
0  -8.863652 -76.029175 27.460791  0.345710 -0.208829 0.914809  8.000000 -0.810602 1 0 1.000000
0  -9.920683 -75.170334 28.066381  0.365914 -0.197658 0.909417  8.000000 -0.964904 1 0 1.000000
0  -10.041801 -75.511665 28.000317  0.233471 -0.328064 0.915350  8.000000 -0.984436 1 0 1.000000
CARBONFIBER_CARBONFIBRE
0  -10.206963 -73.001221 28.473778  0.373394 -0.112574 0.920817  8.000000 -1.009827 1 0 1.000000
0  -9.920683 -75.170334 28.066381  0.365914 -0.197658 0.909417  8.000000 -0.964904 1 0 1.000000
0  -8.863652 -76.029175 27.460791  0.345710 -0.208829 0.914809  8.000000 -0.810602 1 0 1.000000
CARBONFIBER_CARBONFIBRE
0  -8.863652 -76.029175 27.460791  0.345710 -0.208829 0.914809  8.000000 -0.810602 1 0 1.000000
0  -9.227006 -72.891113 28.121435  0.350612 -0.123594 0.928329  8.000000 -0.863338 1 0 1.000000
0  -10.206963 -73.001221 28.473778  0.373394 -0.112574 0.920817  8.000000 -1.009827 1 0 1.000000
CARBONFIBER_CARBONFIBRE
0  -10.206963 -73.001221 28.473778  0.373394 -0.112574 0.920817  8.000000 -1.009827 1 0 1.000000
0  -9.227006 -72.891113 28.121435  0.350612 -0.123594 0.928329  8.000000 -0.863338 1 0 1.000000
0  -10.856595 -60.823338 29.927197  0.274054 -0.088011 0.957679  8.000000 -1.105533 1 0 1.000000
CARBONFIBER_CARBONFIBRE
0  -10.856595 -60.823338 29.927197  0.274054 -0.088011 0.957679  8.000000 -1.105533 1 0 1.000000
0  -11.230961 -65.073486 29.662939  0.281835 -0.086152 0.955587  8.000000 -1.160222 1 0 1.000000
0  -10.206963 -73.001221 28.473778  0.373394 -0.112574 0.920817  8.000000 -1.009827 1 0 1.000000
CARBONFIBER_CARBONFIBRE
0  -11.230961 -65.073486 29.662939  0.281835 -0.086152 0.955587  8.000000 -1.160222 1 0 1.000000
0  -10.856595 -60.823338 29.927197  0.274054 -0.088011 0.957679  8.000000 -1.105533 1 0 1.000000
0  -12.265970 -56.463085 30.576830  0.135355 -0.085150 0.987132  8.000000 -1.312571 1 0 1.000000
CARBONFIBER_CARBONFIBRE
0  -12.265970 -56.463085 30.576830  0.135355 -0.085150 0.987132  8.000000 -1.312571 1 0 1.000000
0  -10.856595 -60.823338 29.927197  0.274054 -0.088011 0.957679  8.000000 -1.105533 1 0 1.000000
0  -12.276981 -48.171997 31.314550  0.076199 -0.081328 0.993770  8.000000 -1.314524 1 0 1.000000
CARBONFIBER_CARBONFIBRE
0  -12.276981 -48.171997 31.314550  0.076199 -0.081328 0.993770  8.000000 -1.314524 1 0 1.000000
0  -13.091776 -48.216038 31.325560  0.001243 -0.076362 0.997079  8.000000 -1.435621 1 0 1.000000
0  -12.265970 -56.463085 30.576830  0.135355 -0.085150 0.987132  8.000000 -1.312571 1 0 1.000000
CARBONFIBER_CARBONFIBRE
0  -13.091776 -48.216038 31.325560  0.001243 -0.076362 0.997079  8.000000 -1.435621 1 0 1.000000
0  -12.276981 -48.171997 31.314550  0.076199 -0.081328 0.993770  8.000000 -1.314524 1 0 1.000000
0  -13.741408 -33.505688 32.360569  -0.019315 -0.060119 0.998004  5.876888 -1.531327 1 0 1.000000
CARBONFIBER_CARBONFIBRE
0  -13.741408 -33.505688 32.360569  -0.019315 -0.060119 0.998004  5.876888 -1.531327 1 0 1.000000
0  -14.567214 -33.406590 32.327538  -0.041439 -0.050194 0.997879  5.861263 -1.652425 1 0 1.000000
0  -13.091776 -48.216038 31.325560  0.001243 -0.076362 0.997079  8.000000 -1.435621 1 0 1.000000
CARBONFIBER_CARBONFIBRE
0  -14.567214 -33.406590 32.327538  -0.041439 -0.050194 0.997879  5.861263 -1.652425 1 0 1.000000
0  -13.741408 -33.505688 32.360569  -0.019315 -0.060119 0.998004  5.876888 -1.531327 1 0 1.000000
0  -14.578225 -22.858299 32.745945  -0.040924 -0.039273 0.998390  4.302621 -1.656331 1 0 1.000000
CARBONFIBER_CARBONFIBRE
0  -14.578225 -22.858299 32.745945  -0.040924 -0.039273 0.998390  4.302621 -1.656331 1 0 1.000000
0  -15.404031 -22.781225 32.712914  -0.043630 -0.039642 0.998261  4.290903 -1.777429 1 0 1.000000
0  -14.567214 -33.406590 32.327538  -0.041439 -0.050194 0.997879  5.861263 -1.652425 1 0 1.000000
CARBONFIBER_CARBONFIBRE
0  10.184932 -75.060226 28.055370  0.146092 -0.190486 0.970758  8.000000 2.003937 1 0 1.000000
0  10.471210 -73.001221 28.429735  0.175771 -0.178692 0.968077  8.000000 2.046907 1 0 1.000000
0  10.206953 -73.001221 28.473778  0.160029 -0.190153 0.968624  8.000000 2.007843 1 0 1.000000
CARBONFIBER_CARBONFIBRE
0  11.230953 -65.073486 29.662939  0.174518 -0.152869 0.972715  8.000000 2.160192 1 0 1.000000
0  10.206953 -73.001221 28.473778  0.160029 -0.190153 0.968624  8.000000 2.007843 1 0 1.000000
0  10.471210 -73.001221 28.429735  0.175771 -0.178692 0.968077  8.000000 2.046907 1 0 1.000000
CARBONFIBER_CARBONFIBRE
0  10.471210 -73.001221 28.429735  0.175771 -0.178692 0.968077  8.000000 2.046907 1 0 1.000000
0  11.572286 -64.886299 29.618895  0.274251 -0.163634 0.947634  8.000000 2.209021 1 0 1.000000
0  11.230953 -65.073486 29.662939  0.174518 -0.152869 0.972715  8.000000 2.160192 1 0 1.000000
CARBONFIBER_CARBONFIBRE
0  12.265963 -56.463085 30.576830  0.219295 -0.118467 0.968440  8.000000 2.312540 1 0 1.000000
0  11.230953 -65.073486 29.662939  0.174518 -0.152869 0.972715  8.000000 2.160192 1 0 1.000000
0  11.572286 -64.886299 29.618895  0.274251 -0.163634 0.947634  8.000000 2.209021 1 0 1.000000
CARBONFIBER_CARBONFIBRE
0  11.572286 -64.886299 29.618895  0.274251 -0.163634 0.947634  8.000000 2.209021 1 0 1.000000
0  12.552242 -56.639256 30.488745  0.231846 -0.118744 0.965478  8.000000 2.353557 1 0 1.000000
0  12.265963 -56.463085 30.576830  0.219295 -0.118467 0.968440  8.000000 2.312540 1 0 1.000000
CARBONFIBER_CARBONFIBRE
0  12.838521 -54.095776 30.708960  0.298584 -0.111974 0.947792  8.000000 2.396527 1 0 1.000000
0  12.265963 -56.463085 30.576830  0.219295 -0.118467 0.968440  8.000000 2.312540 1 0 1.000000
0  12.552242 -56.639256 30.488745  0.231846 -0.118744 0.965478  8.000000 2.353557 1 0 1.000000
CARBONFIBER_CARBONFIBRE
0  12.838521 -54.095776 30.708960  0.298584 -0.111974 0.947792  8.000000 2.396527 1 0 1.000000
0  13.091768 -48.216038 31.325560  0.355762 -0.109468 0.928143  8.000000 2.433638 1 0 1.000000
0  12.265963 -56.463085 30.576830  0.219295 -0.118467 0.968440  8.000000 2.312540 1 0 1.000000
CARBONFIBER_CARBONFIBRE
0  12.838521 -54.095776 30.708960  0.298584 -0.111974 0.947792  8.000000 2.396527 1 0 1.000000
0  13.444112 -48.238060 31.160398  0.295366 -0.100841 0.950047  8.000000 2.486373 1 0 1.000000
0  13.091768 -48.216038 31.325560  0.355762 -0.109468 0.928143  8.000000 2.433638 1 0 1.000000
CARBONFIBER_CARBONFIBRE
0  14.567208 -33.406590 32.327538  0.206256 -0.081630 0.975087  5.861263 2.652394 1 0 1.000000
0  13.091768 -48.216038 31.325560  0.355762 -0.109468 0.928143  8.000000 2.433638 1 0 1.000000
0  13.444112 -48.238060 31.160398  0.295366 -0.100841 0.950047  8.000000 2.486373 1 0 1.000000
CARBONFIBER_CARBONFIBRE
0  14.567208 -33.406590 32.327538  0.206256 -0.081630 0.975087  5.861263 2.652394 1 0 1.000000
0  13.444112 -48.238060 31.160398  0.295366 -0.100841 0.950047  8.000000 2.486373 1 0 1.000000
0  13.873532 -43.745678 31.512743  0.118426 -0.086390 0.989198  7.390606 2.550828 1 0 1.000000
CARBONFIBER_CARBONFIBRE
0  14.567208 -33.406590 32.327538  0.206256 -0.081630 0.975087  5.861263 2.652394 1 0 1.000000
0  13.873532 -43.745678 31.512743  0.118426 -0.086390 0.989198  7.390606 2.550828 1 0 1.000000
0  14.952584 -33.318504 32.261475  0.133902 -0.061099 0.989109  5.849544 2.709037 1 0 1.000000
CARBONFIBER_CARBONFIBRE
0  15.404025 -22.781225 32.712914  0.110513 -0.046703 0.992777  4.290903 2.775445 1 0 1.000000
0  14.567208 -33.406590 32.327538  0.206256 -0.081630 0.975087  5.861263 2.652394 1 0 1.000000
0  14.952584 -33.318504 32.261475  0.133902 -0.061099 0.989109  5.849544 2.709037 1 0 1.000000
CARBONFIBER_CARBONFIBRE
0  14.952584 -33.318504 32.261475  0.133902 -0.061099 0.989109  5.849544 2.709037 1 0 1.000000
0  15.789401 -22.748192 32.690891  0.048091 -0.044252 0.997862  4.285043 2.834040 1 0 1.000000
0  15.404025 -22.781225 32.712914  0.110513 -0.046703 0.992777  4.290903 2.775445 1 0 1.000000
CARBONFIBER_CARBONFIBRE
0  22.318769 -65.403809 28.793091  -0.034464 -0.102883 0.994096  8.000000 3.796960 1 0 1.000000
0  21.503975 -68.574898 28.407713  -0.047463 -0.093451 0.994492  8.000000 3.677816 1 0 1.000000
0  21.790255 -68.729050 28.407713  -0.044675 -0.101256 0.993857  8.000000 3.720786 1 0 1.000000
CARBONFIBER_CARBONFIBRE
0  20.964449 -70.215500 28.242552  -0.041156 -0.078535 0.996061  8.000000 3.599689 1 0 1.000000
0  21.790255 -68.729050 28.407713  -0.044675 -0.101256 0.993857  8.000000 3.720786 1 0 1.000000
0  21.503975 -68.574898 28.407713  -0.047463 -0.093451 0.994492  8.000000 3.677816 1 0 1.000000
CARBONFIBER_CARBONFIBRE
0  21.503975 -68.574898 28.407713  -0.047463 -0.093451 0.994492  8.000000 3.677816 1 0 1.000000
0  20.711201 -70.017303 28.242552  -0.037728 -0.070311 0.996811  8.000000 3.560625 1 0 1.000000
0  20.964449 -70.215500 28.242552  -0.041156 -0.078535 0.996061  8.000000 3.599689 1 0 1.000000
CARBONFIBER_CARBONFIBRE
0  19.830341 -71.481735 28.121435  -0.025197 -0.057122 0.998049  8.000000 3.429762 1 0 1.000000
0  20.964449 -70.215500 28.242552  -0.041156 -0.078535 0.996061  8.000000 3.599689 1 0 1.000000
0  20.711201 -70.017303 28.242552  -0.037728 -0.070311 0.996811  8.000000 3.560625 1 0 1.000000
CARBONFIBER_CARBONFIBRE
0  20.711201 -70.017303 28.242552  -0.037728 -0.070311 0.996811  8.000000 3.560625 1 0 1.000000
0  19.599117 -71.239502 28.132446  -0.018089 -0.051901 0.998488  8.000000 3.396558 1 0 1.000000
0  19.830341 -71.481735 28.121435  -0.025197 -0.057122 0.998049  8.000000 3.429762 1 0 1.000000
CARBONFIBER_CARBONFIBRE
0  18.453999 -72.483711 28.055370  -0.007908 -0.043798 0.999009  8.000000 3.226630 1 0 1.000000
0  19.830341 -71.481735 28.121435  -0.025197 -0.057122 0.998049  8.000000 3.429762 1 0 1.000000
0  19.599117 -71.239502 28.132446  -0.018089 -0.051901 0.998488  8.000000 3.396558 1 0 1.000000
CARBONFIBER_CARBONFIBRE
0  19.599117 -71.239502 28.132446  -0.018089 -0.051901 0.998488  8.000000 3.396558 1 0 1.000000
0  18.255806 -72.208443 28.066381  -0.004057 -0.041570 0.999127  8.000000 3.197333 1 0 1.000000
0  18.453999 -72.483711 28.055370  -0.007908 -0.043798 0.999009  8.000000 3.226630 1 0 1.000000
CARBONFIBER_CARBONFIBRE
0  16.945528 -73.298508 28.022339  -0.000515 -0.038862 0.999244  8.000000 3.003968 1 0 1.000000
0  18.453999 -72.483711 28.055370  -0.007908 -0.043798 0.999009  8.000000 3.226630 1 0 1.000000
0  18.255806 -72.208443 28.066381  -0.004057 -0.041570 0.999127  8.000000 3.197333 1 0 1.000000
CARBONFIBER_CARBONFIBRE
0  18.255806 -72.208443 28.066381  -0.004057 -0.041570 0.999127  8.000000 3.197333 1 0 1.000000
0  16.802389 -73.001221 28.044359  -0.001000 -0.037984 0.999278  8.000000 2.982482 1 0 1.000000
0  16.945528 -73.298508 28.022339  -0.000515 -0.038862 0.999244  8.000000 3.003968 1 0 1.000000
CARBONFIBER_CARBONFIBRE
0  10.702436 -75.709862 27.934252  0.018435 -0.038392 0.999093  8.000000 2.082064 1 0 1.000000
0  16.945528 -73.298508 28.022339  -0.000515 -0.038862 0.999244  8.000000 3.003968 1 0 1.000000
0  16.802389 -73.001221 28.044359  -0.001000 -0.037984 0.999278  8.000000 2.982482 1 0 1.000000
CARBONFIBER_CARBONFIBRE
0  16.802389 -73.001221 28.044359  -0.001000 -0.037984 0.999278  8.000000 2.982482 1 0 1.000000
0  10.724458 -75.357513 27.945263  0.043017 -0.044642 0.998076  8.000000 2.085971 1 0 1.000000
0  10.702436 -75.709862 27.934252  0.018435 -0.038392 0.999093  8.000000 2.082064 1 0 1.000000
CARBONFIBER_CARBONFIBRE
0  10.339082 -75.698853 27.956274  0.086522 -0.056561 0.994643  8.000000 2.027375 1 0 1.000000
0  10.702436 -75.709862 27.934252  0.018435 -0.038392 0.999093  8.000000 2.082064 1 0 1.000000
0  10.724458 -75.357513 27.945263  0.043017 -0.044642 0.998076  8.000000 2.085971 1 0 1.000000
CARBONFIBER_CARBONFIBRE
0  10.724458 -75.357513 27.945263  0.043017 -0.044642 0.998076  8.000000 2.085971 1 0 1.000000
0  10.427168 -75.379539 27.967285  0.118511 -0.091783 0.988702  8.000000 2.041048 1 0 1.000000
0  10.339082 -75.698853 27.956274  0.086522 -0.056561 0.994643  8.000000 2.027375 1 0 1.000000
CARBONFIBER_CARBONFIBRE
0  10.041792 -75.511665 28.000317  0.140476 -0.116432 0.983214  8.000000 1.984405 1 0 1.000000
0  10.339082 -75.698853 27.956274  0.086522 -0.056561 0.994643  8.000000 2.027375 1 0 1.000000
0  10.427168 -75.379539 27.967285  0.118511 -0.091783 0.988702  8.000000 2.041048 1 0 1.000000
CARBONFIBER_CARBONFIBRE
0  10.427168 -75.379539 27.967285  0.118511 -0.091783 0.988702  8.000000 2.041048 1 0 1.000000
0  10.273017 -75.280441 28.000317  0.140112 -0.148134 0.978992  8.000000 2.017609 1 0 1.000000
0  10.041792 -75.511665 28.000317  0.140476 -0.116432 0.983214  8.000000 1.984405 1 0 1.000000
CARBONFIBER_CARBONFIBRE
0  9.920673 -75.170334 28.066381  0.136087 -0.167170 0.976491  8.000000 1.964873 1 0 1.000000
0  10.041792 -75.511665 28.000317  0.140476 -0.116432 0.983214  8.000000 1.984405 1 0 1.000000
0  10.273017 -75.280441 28.000317  0.140112 -0.148134 0.978992  8.000000 2.017609 1 0 1.000000
CARBONFIBER_CARBONFIBRE
0  10.273017 -75.280441 28.000317  0.140112 -0.148134 0.978992  8.000000 2.017609 1 0 1.000000
0  10.184932 -75.060226 28.055370  0.146092 -0.190486 0.970758  8.000000 2.003937 1 0 1.000000
0  9.920673 -75.170334 28.066381  0.136087 -0.167170 0.976491  8.000000 1.964873 1 0 1.000000
CARBONFIBER_CARBONFIBRE
0  10.206953 -73.001221 28.473778  0.160029 -0.190153 0.968624  8.000000 2.007843 1 0 1.000000
0  9.920673 -75.170334 28.066381  0.136087 -0.167170 0.976491  8.000000 1.964873 1 0 1.000000
0  10.184932 -75.060226 28.055370  0.146092 -0.190486 0.970758  8.000000 2.003937 1 0 1.000000
CARBONFIBER_CARBONFIBRE
0  30.863108 -15.117749 31.986206  0.089733 -0.037484 0.995260  3.158299 5.062380 1 0 1.000000
0  30.929173 -14.214869 32.008228  0.088495 -0.029477 0.995640  3.023530 5.070192 1 0 1.000000
0  29.960226 -12.287989 32.151367  0.088618 -0.029445 0.995630  2.740318 4.927855 1 0 1.000000
CARBONFIBER_CARBONFIBRE
0  29.960226 -12.287989 32.151367  0.088618 -0.029445 0.995630  2.740318 4.927855 1 0 1.000000
0  29.740011 -15.282910 32.085300  0.104693 -0.042912 0.993578  3.183691 4.894650 1 0 1.000000
0  30.863108 -15.117749 31.986206  0.089733 -0.037484 0.995260  3.158299 5.062380 1 0 1.000000
CARBONFIBER_CARBONFIBRE
0  29.740011 -15.282910 32.085300  0.104693 -0.042912 0.993578  3.183691 4.894650 1 0 1.000000
0  29.960226 -12.287989 32.151367  0.088618 -0.029445 0.995630  2.740318 4.927855 1 0 1.000000
0  29.607883 -11.594312 32.206421  0.086973 -0.031949 0.995698  2.636799 4.877071 1 0 1.000000
CARBONFIBER_CARBONFIBRE
0  29.607883 -11.594312 32.206421  0.086992 -0.031944 0.995697  2.636799 4.877071 1 0 1.000000
0  29.387669 -15.337964 32.118336  0.048490 -0.036189 0.998168  3.191504 4.841914 1 0 1.000000
0  29.740011 -15.282910 32.085300  0.104686 -0.042907 0.993579  3.183691 4.894650 1 0 1.000000
CARBONFIBER_CARBONFIBRE
0  28.429733 -26.326685 31.710938  0.007077 -0.044744 0.998973  4.814356 4.701285 1 0 1.000000
0  29.740011 -15.282910 32.085300  0.104686 -0.042907 0.993579  3.183691 4.894650 1 0 1.000000
0  29.387669 -15.337964 32.118336  0.048490 -0.036189 0.998168  3.191504 4.841914 1 0 1.000000
CARBONFIBER_CARBONFIBRE
0  29.387669 -15.337964 32.118336  0.048490 -0.036189 0.998168  3.191504 4.841914 1 0 1.000000
0  28.099411 -26.304665 31.699928  0.057369 -0.074009 0.995606  4.810450 4.652455 1 0 1.000000
0  28.429733 -26.326685 31.710938  0.007077 -0.044744 0.998973  4.814356 4.701285 1 0 1.000000
CARBONFIBER_CARBONFIBRE
0  27.086422 -36.709812 31.083326  -0.016400 -0.058842 0.998133  6.349559 4.504013 1 0 1.000000
0  28.429733 -26.326685 31.710938  0.007077 -0.044744 0.998973  4.814356 4.701285 1 0 1.000000
0  28.099411 -26.304665 31.699928  0.057369 -0.074009 0.995606  4.810450 4.652455 1 0 1.000000
CARBONFIBER_CARBONFIBRE
0  28.099411 -26.304665 31.699928  0.057369 -0.074009 0.995606  4.810450 4.652455 1 0 1.000000
0  26.745089 -36.643749 31.094337  0.055480 -0.102168 0.993219  6.339793 4.453230 1 0 1.000000
0  27.086422 -36.709812 31.083326  -0.016400 -0.058842 0.998133  6.349559 4.504013 1 0 1.000000
CARBONFIBER_CARBONFIBRE
0  25.621992 -47.015869 30.422682  -0.058314 -0.060244 0.996479  7.873043 4.285256 1 0 1.000000
0  27.086422 -36.709812 31.083326  -0.016400 -0.058842 0.998133  6.349559 4.504013 1 0 1.000000
0  26.745089 -36.643749 31.094337  0.055480 -0.102168 0.993219  6.339793 4.453230 1 0 1.000000
CARBONFIBER_CARBONFIBRE
0  26.745089 -36.643749 31.094337  0.055480 -0.102168 0.993219  6.339793 4.453230 1 0 1.000000
0  25.258638 -46.993847 30.389648  0.026305 -0.108851 0.993710  7.869137 4.232521 1 0 1.000000
0  25.621992 -47.015869 30.422682  -0.058314 -0.060244 0.996479  7.873043 4.285256 1 0 1.000000
CARBONFIBER_CARBONFIBRE
0  24.586983 -53.798485 29.916187  -0.101521 -0.064089 0.992767  8.000000 4.134861 1 0 1.000000
0  25.621992 -47.015869 30.422682  -0.058314 -0.060244 0.996479  7.873043 4.285256 1 0 1.000000
0  25.258638 -46.993847 30.389648  0.026305 -0.108851 0.993710  7.869137 4.232521 1 0 1.000000
CARBONFIBER_CARBONFIBRE
0  25.258638 -46.993847 30.389648  0.026305 -0.108851 0.993710  7.869137 4.232521 1 0 1.000000
0  24.245649 -53.754440 29.872145  -0.094357 -0.068936 0.993149  8.000000 4.082126 1 0 1.000000
0  24.586983 -53.798485 29.916187  -0.101521 -0.064089 0.992767  8.000000 4.134861 1 0 1.000000
CARBONFIBER_CARBONFIBRE
0  23.640059 -59.634178 29.387672  -0.043904 -0.083590 0.995533  8.000000 3.994232 1 0 1.000000
0  24.586983 -53.798485 29.916187  -0.101521 -0.064089 0.992767  8.000000 4.134861 1 0 1.000000
0  24.245649 -53.754440 29.872145  -0.094357 -0.068936 0.993149  8.000000 4.082126 1 0 1.000000
CARBONFIBER_CARBONFIBRE
0  23.640059 -59.634178 29.387672  -0.043904 -0.083590 0.995533  8.000000 3.994232 1 0 1.000000
0  24.245649 -53.754440 29.872145  -0.094357 -0.068936 0.993149  8.000000 4.082126 1 0 1.000000
0  23.585005 -57.751339 29.530811  -0.031756 -0.075502 0.996640  8.000000 3.984466 1 0 1.000000
CARBONFIBER_CARBONFIBRE
0  23.640059 -59.634178 29.387672  -0.043904 -0.083590 0.995533  8.000000 3.994232 1 0 1.000000
0  23.585005 -57.751339 29.530811  -0.031756 -0.075502 0.996640  8.000000 3.984466 1 0 1.000000
0  23.298725 -59.579124 29.387672  -0.003286 -0.088139 0.996103  8.000000 3.943449 1 0 1.000000
CARBONFIBER_CARBONFIBRE
0  23.640059 -59.634178 29.387672  -0.043904 -0.083590 0.995533  8.000000 3.994232 1 0 1.000000
0  23.298725 -59.579124 29.387672  -0.003286 -0.088139 0.996103  8.000000 3.943449 1 0 1.000000
0  22.318769 -65.403809 28.793091  -0.034464 -0.102883 0.994096  8.000000 3.796960 1 0 1.000000
CARBONFIBER_CARBONFIBRE
0  22.318769 -65.403809 28.793091  -0.034464 -0.102883 0.994096  8.000000 3.796960 1 0 1.000000
0  22.660103 -65.447853 28.804102  -0.040591 -0.101270 0.994031  8.000000 3.849696 1 0 1.000000
0  23.640059 -59.634178 29.387672  -0.043904 -0.083590 0.995533  8.000000 3.994232 1 0 1.000000
CARBONFIBER_CARBONFIBRE
0  21.790255 -68.729050 28.407713  -0.044675 -0.101256 0.993857  8.000000 3.720786 1 0 1.000000
0  22.660103 -65.447853 28.804102  -0.040591 -0.101270 0.994031  8.000000 3.849696 1 0 1.000000
0  22.318769 -65.403809 28.793091  -0.034464 -0.102883 0.994096  8.000000 3.796960 1 0 1.000000
CARSKIN_SKIN1_DMG
0  -4.822710 -79.827881 25.610985  0.797546 -0.576310 0.178288  0.188014 0.082958 1 0 1.000000
0  -4.382280 -79.772827 30.059324  0.502830 -0.863411 -0.041017  0.189953 0.083200 1 0 1.000000
0  -4.613505 -80.125168 29.861132  0.965845 -0.250667 -0.065654  0.188935 0.081649 1 0 1.000000
CARSKIN_SKIN1_DMG
0  -4.822710 -79.827881 25.610985  0.797498 -0.576442 0.178081  0.188014 0.082958 1 0 1.000000
0  -4.371269 -83.219185 24.730125  0.729580 -0.097296 0.676939  0.190001 0.068031 1 0 1.000000
0  -4.195097 -79.893944 25.115501  0.318975 -0.617740 0.718785  0.190777 0.082667 1 0 1.000000
CARSKIN_SKIN1_DMG
0  -4.547441 -83.120087 28.660961  0.936340 -0.141040 0.321520  0.189226 0.068467 1 0 1.000000
0  -4.371269 -83.219185 24.730125  0.729580 -0.097296 0.676939  0.190001 0.068031 1 0 1.000000
0  -4.822710 -79.827881 25.610985  0.797498 -0.576442 0.178081  0.188014 0.082958 1 0 1.000000
CARSKIN_SKIN1_DMG
0  -4.822710 -79.827881 25.610985  0.797498 -0.576442 0.178081  0.188014 0.082958 1 0 1.000000
0  -4.613505 -80.125168 29.861132  0.773130 -0.405196 0.487940  0.188935 0.081649 1 0 1.000000
0  -4.547441 -83.120087 28.660961  0.936340 -0.141040 0.321520  0.189226 0.068467 1 0 1.000000
CARSKIN_SKIN1_DMG
0  -4.470366 -85.377289 24.256664  0.841667 -0.167789 0.513267  0.189565 0.058532 1 0 1.000000
0  -4.371269 -83.219185 24.730125  0.729580 -0.097296 0.676939  0.190001 0.068031 1 0 1.000000
0  -4.547441 -83.120087 28.660961  0.936340 -0.141040 0.321520  0.189226 0.068467 1 0 1.000000
CARSKIN_SKIN1_DMG
0  -4.547441 -83.120087 28.660961  0.936340 -0.141040 0.321520  0.189226 0.068467 1 0 1.000000
0  -4.547441 -85.597504 27.053392  0.643573 -0.515247 0.565981  0.189226 0.057563 1 0 1.000000
0  -4.470366 -85.377289 24.256664  0.841667 -0.167789 0.513267  0.189565 0.058532 1 0 1.000000
CARSKIN_SKIN1_DMG
0  -2.290239 -79.508568 30.444700  0.008831 -0.818869 0.573912  0.199161 0.084363 1 0 1.000000
0  -2.290239 -79.695747 30.213476  -0.003970 -0.784168 0.620536  0.199161 0.083539 1 0 1.000000
0  -0.000005 -79.651703 30.235497  0.000003 -0.785927 0.618319  0.209241 0.083733 1 0 1.000000
CARSKIN_SKIN1_DMG
0  -4.382280 -79.772827 30.059324  0.218355 -0.767037 0.603304  0.189953 0.083200 1 0 1.000000
0  -2.290239 -79.695747 30.213476  -0.003970 -0.784168 0.620536  0.199161 0.083539 1 0 1.000000
0  -2.290239 -79.508568 30.444700  0.008831 -0.818869 0.573912  0.199161 0.084363 1 0 1.000000
CARSKIN_SKIN1_DMG
0  -2.290239 -79.508568 30.444700  0.008831 -0.818869 0.573912  0.199161 0.084363 1 0 1.000000
0  -4.591484 -79.673729 30.301561  0.233447 -0.802344 0.549314  0.189032 0.083636 1 0 1.000000
0  -4.382280 -79.772827 30.059324  0.218355 -0.767037 0.603304  0.189953 0.083200 1 0 1.000000
CARSKIN_SKIN1_DMG
0  -4.382280 -79.772827 30.059324  0.218355 -0.767037 0.603304  0.189953 0.083200 1 0 1.000000
0  -4.591484 -79.673729 30.301561  0.233447 -0.802344 0.549314  0.189032 0.083636 1 0 1.000000
0  -4.855742 -80.037079 30.103369  0.490631 -0.537417 0.685904  0.187869 0.082037 1 0 1.000000
CARSKIN_SKIN1_DMG
0  -4.855742 -80.037079 30.103369  0.490631 -0.537417 0.685904  0.187869 0.082037 1 0 1.000000
0  -4.613505 -80.125168 29.861132  0.703940 -0.346928 0.619766  0.188935 0.081649 1 0 1.000000
0  -4.382280 -79.772827 30.059324  0.218355 -0.767037 0.603304  0.189953 0.083200 1 0 1.000000
CARSKIN_SKIN1_DMG
0  -4.613505 -80.125168 29.861132  0.703940 -0.346928 0.619766  0.188935 0.081649 1 0 1.000000
0  -4.855742 -80.037079 30.103369  0.490631 -0.537417 0.685904  0.187869 0.082037 1 0 1.000000
0  -4.789678 -83.131104 28.782080  0.482518 -0.404871 0.776695  0.188160 0.068419 1 0 1.000000
CARSKIN_SKIN1_DMG
0  -4.789678 -83.131104 28.782080  0.482518 -0.404871 0.776695  0.188160 0.068419 1 0 1.000000
0  -4.547441 -83.120087 28.660961  0.936340 -0.141040 0.321520  0.189226 0.068467 1 0 1.000000
0  -4.613505 -80.125168 29.861132  0.703940 -0.346928 0.619766  0.188935 0.081649 1 0 1.000000
CARSKIN_SKIN1_DMG
0  -4.547441 -85.597504 27.053392  0.643573 -0.515247 0.565981  0.189226 0.057563 1 0 1.000000
0  -4.547441 -83.120087 28.660961  0.936340 -0.141040 0.321520  0.189226 0.068467 1 0 1.000000
0  -4.789678 -83.131104 28.782080  0.482518 -0.404871 0.776695  0.188160 0.068419 1 0 1.000000
CARSKIN_SKIN1_DMG
0  -4.789678 -83.131104 28.782080  0.482518 -0.404871 0.776695  0.188160 0.068419 1 0 1.000000
0  -4.756645 -85.619530 27.152489  0.411081 -0.611238 0.676314  0.188305 0.057466 1 0 1.000000
0  -4.547441 -85.597504 27.053392  0.643573 -0.515247 0.565981  0.189226 0.057563 1 0 1.000000
CARSKIN_SKIN1_DMG
0  -4.547441 -85.597504 27.053392  0.643573 -0.515247 0.565981  0.189226 0.057563 1 0 1.000000
0  -4.756645 -85.619530 27.152489  0.411081 -0.611238 0.676314  0.188305 0.057466 1 0 1.000000
0  -4.690581 -88.856689 23.111547  0.033885 -0.670476 0.741157  0.188596 0.043217 1 0 1.000000
CARSKIN_SKIN1_DMG
0  -4.690581 -88.856689 23.111547  0.033885 -0.670476 0.741157  0.188596 0.043217 1 0 1.000000
0  -4.613505 -88.867699 23.111547  0.214450 -0.474264 0.853864  0.188935 0.043169 1 0 1.000000
0  -4.547441 -85.597504 27.053392  0.643573 -0.515247 0.565981  0.189226 0.057563 1 0 1.000000
CARSKIN_SKIN1_DMG
0  -4.613505 -88.867699 23.111547  0.214450 -0.474264 0.853864  0.188935 0.043169 1 0 1.000000
0  -4.470366 -85.377289 24.256664  0.841667 -0.167789 0.513267  0.189565 0.058532 1 0 1.000000
0  -4.547441 -85.597504 27.053392  0.643573 -0.515247 0.565981  0.189226 0.057563 1 0 1.000000
CARSKIN_SKIN1_DMG
0  -3.765678 -84.749680 24.322729  0.127716 -0.195581 0.972336  0.192667 0.061294 1 0 1.000000
0  -4.470366 -85.377289 24.256664  0.841667 -0.167789 0.513267  0.189565 0.058532 1 0 1.000000
0  -4.613505 -88.867699 23.111547  0.214450 -0.474264 0.853864  0.188935 0.043169 1 0 1.000000
CARSKIN_SKIN1_DMG
0  -4.470366 -85.377289 24.256664  0.841667 -0.167789 0.513267  0.189565 0.058532 1 0 1.000000
0  -3.765678 -84.749680 24.322729  0.127716 -0.195581 0.972336  0.192667 0.061294 1 0 1.000000
0  -4.371269 -83.219185 24.730125  0.729580 -0.097296 0.676939  0.190001 0.068031 1 0 1.000000
CARSKIN_SKIN1_DMG
0  -4.195097 -79.893944 25.115501  0.433544 -0.123431 0.892639  0.190777 0.082667 1 0 1.000000
0  -4.371269 -83.219185 24.730125  0.729580 -0.097296 0.676939  0.190001 0.068031 1 0 1.000000
0  -3.765678 -84.749680 24.322729  0.127716 -0.195581 0.972336  0.192667 0.061294 1 0 1.000000
CARSKIN_SKIN1_DMG
0  -3.765678 -84.749680 24.322729  0.127716 -0.195581 0.972336  0.192667 0.061294 1 0 1.000000
0  -3.479399 -79.904953 24.829224  0.199195 -0.113834 0.973326  0.193927 0.082618 1 0 1.000000
0  -4.195097 -79.893944 25.115501  0.433544 -0.123431 0.892639  0.190777 0.082667 1 0 1.000000
CARSKIN_SKIN1_DMG
0  -0.000005 -79.816864 24.763159  -0.000000 -0.100732 0.994914  0.209241 0.083006 1 0 1.000000
0  -3.479399 -79.904953 24.829224  0.199195 -0.113834 0.973326  0.193927 0.082618 1 0 1.000000
0  -3.765678 -84.749680 24.322729  0.127716 -0.195581 0.972336  0.192667 0.061294 1 0 1.000000
CARSKIN_SKIN1_DMG
0  -5.219096 -88.823654 23.100536  -0.252684 -0.595879 0.762285  0.186270 0.043363 1 0 1.000000
0  -4.437334 -89.891693 22.538988  -0.021632 -0.475823 0.879275  0.189711 0.038662 1 0 1.000000
0  -4.690581 -88.856689 23.111547  0.033885 -0.670476 0.741157  0.188596 0.043217 1 0 1.000000
CARSKIN_SKIN1_DMG
0  -4.437334 -89.891693 22.538988  -0.021639 -0.475820 0.879276  0.189711 0.038662 1 0 1.000000
0  -5.219096 -88.823654 23.100536  -0.099418 -0.628399 0.771512  0.186270 0.043363 1 0 1.000000
0  -5.736601 -89.847656 22.527977  -0.052432 -0.463283 0.884658  0.183992 0.038856 1 0 1.000000
CARSKIN_SKIN1_DMG
0  4.547431 -83.120087 28.660961  -0.936339 -0.141001 0.321540  0.229257 0.068467 1 0 1.000000
0  4.613496 -80.125168 29.861132  -0.773130 -0.405215 0.487924  0.229548 0.081649 1 0 1.000000
0  4.822700 -79.827881 25.610985  -0.797490 -0.576465 0.178039  0.230469 0.082958 1 0 1.000000
CARSKIN_SKIN1_DMG
0  4.822700 -79.827881 25.610985  -0.797490 -0.576465 0.178039  0.230469 0.082958 1 0 1.000000
0  4.371260 -83.219185 24.730125  -0.729581 -0.097296 0.676939  0.228482 0.068031 1 0 1.000000
0  4.547431 -83.120087 28.660961  -0.936339 -0.141001 0.321540  0.229257 0.068467 1 0 1.000000
CARSKIN_SKIN1_DMG
0  4.547431 -83.120087 28.660961  -0.936339 -0.141001 0.321540  0.229257 0.068467 1 0 1.000000
0  4.371260 -83.219185 24.730125  -0.729581 -0.097296 0.676939  0.228482 0.068031 1 0 1.000000
0  4.470356 -85.377289 24.256664  -0.841665 -0.167744 0.513285  0.228918 0.058532 1 0 1.000000
CARSKIN_SKIN1_DMG
0  4.470356 -85.377289 24.256664  -0.841665 -0.167744 0.513285  0.228918 0.058532 1 0 1.000000
0  4.371260 -83.219185 24.730125  -0.729581 -0.097296 0.676939  0.228482 0.068031 1 0 1.000000
0  3.765669 -84.749680 24.322729  -0.127784 -0.195624 0.972318  0.225816 0.061294 1 0 1.000000
CARSKIN_SKIN1_DMG
0  3.765669 -84.749680 24.322729  -0.127784 -0.195624 0.972318  0.225816 0.061294 1 0 1.000000
0  4.371260 -83.219185 24.730125  -0.729581 -0.097296 0.676939  0.228482 0.068031 1 0 1.000000
0  4.195088 -79.893944 25.115501  -0.433543 -0.123442 0.892638  0.227706 0.082667 1 0 1.000000
CARSKIN_SKIN1_DMG
0  4.195088 -79.893944 25.115501  -0.433543 -0.123442 0.892638  0.227706 0.082667 1 0 1.000000
0  3.479390 -79.904953 24.829224  -0.199311 -0.112332 0.973476  0.224556 0.082618 1 0 1.000000
0  3.765669 -84.749680 24.322729  -0.127784 -0.195624 0.972318  0.225816 0.061294 1 0 1.000000
CARSKIN_SKIN1_DMG
0  3.765669 -84.749680 24.322729  -0.127784 -0.195624 0.972318  0.225816 0.061294 1 0 1.000000
0  3.479390 -79.904953 24.829224  -0.199311 -0.112332 0.973476  0.224556 0.082618 1 0 1.000000
0  -0.000005 -79.816864 24.763159  -0.000000 -0.100732 0.994914  0.209241 0.083006 1 0 1.000000
CARSKIN_SKIN1_DMG
0  -0.000005 -79.816864 24.763159  -0.000000 -0.100732 0.994914  0.209241 0.083006 1 0 1.000000
0  -0.000005 -84.782715 24.278687  0.000001 -0.218188 0.975907  0.209241 0.061149 1 0 1.000000
0  3.765669 -84.749680 24.322729  -0.127784 -0.195624 0.972318  0.225816 0.061294 1 0 1.000000
CARSKIN_SKIN1_DMG
0  -3.765678 -84.749680 24.322729  0.127716 -0.195581 0.972336  0.192667 0.061294 1 0 1.000000
0  -0.000005 -84.782715 24.278687  0.000001 -0.218188 0.975907  0.209241 0.061149 1 0 1.000000
0  -0.000005 -79.816864 24.763159  -0.000000 -0.100732 0.994914  0.209241 0.083006 1 0 1.000000
CARSKIN_SKIN1_DMG
0  -0.000005 -84.782715 24.278687  0.000001 -0.218188 0.975907  0.209241 0.061149 1 0 1.000000
0  -3.765678 -84.749680 24.322729  0.127716 -0.195581 0.972336  0.192667 0.061294 1 0 1.000000
0  -4.007915 -88.878708 23.100536  -0.000388 -0.363487 0.931599  0.191601 0.043121 1 0 1.000000
CARSKIN_SKIN1_DMG
0  -4.613505 -88.867699 23.111547  0.214450 -0.474264 0.853864  0.188935 0.043169 1 0 1.000000
0  -4.007915 -88.878708 23.100536  -0.000388 -0.363487 0.931599  0.191601 0.043121 1 0 1.000000
0  -3.765678 -84.749680 24.322729  0.127716 -0.195581 0.972336  0.192667 0.061294 1 0 1.000000
CARSKIN_SKIN1_DMG
0  -4.437334 -89.891693 22.538988  -0.021632 -0.475823 0.879275  0.189711 0.038662 1 0 1.000000
0  -4.007915 -88.878708 23.100536  -0.000388 -0.363487 0.931599  0.191601 0.043121 1 0 1.000000
0  -4.613505 -88.867699 23.111547  0.214450 -0.474264 0.853864  0.188935 0.043169 1 0 1.000000
CARSKIN_SKIN1_DMG
0  -4.613505 -88.867699 23.111547  0.214450 -0.474264 0.853864  0.188935 0.043169 1 0 1.000000
0  -4.690581 -88.856689 23.111547  0.033885 -0.670476 0.741157  0.188596 0.043217 1 0 1.000000
0  -4.437334 -89.891693 22.538988  -0.021632 -0.475823 0.879275  0.189711 0.038662 1 0 1.000000
CARSKIN_SKIN1_DMG
0  4.822700 -79.827881 25.610985  -0.797490 -0.576465 0.178039  0.230469 0.082958 1 0 1.000000
0  4.195088 -79.893944 25.115501  -0.319052 -0.617776 0.718720  0.227706 0.082667 1 0 1.000000
0  4.371260 -83.219185 24.730125  -0.729581 -0.097296 0.676939  0.228482 0.068031 1 0 1.000000
CARSKIN_SKIN1_DMG
0  4.822700 -79.827881 25.610985  -0.797528 -0.576350 0.178242  0.230469 0.082958 1 0 1.000000
0  4.613496 -80.125168 29.861132  -0.965843 -0.250672 -0.065649  0.229548 0.081649 1 0 1.000000
0  4.382270 -79.772827 30.059324  -0.502833 -0.863411 -0.040978  0.228530 0.083200 1 0 1.000000
CARSKIN_SKIN1_DMG
0  -0.000005 -88.933762 23.111547  -0.000003 -0.398980 0.916960  0.209241 0.042878 1 0 1.000000
0  -4.007915 -88.878708 23.100536  -0.000388 -0.363487 0.931599  0.191601 0.043121 1 0 1.000000
0  -4.437334 -89.891693 22.538988  -0.021632 -0.475823 0.879275  0.189711 0.038662 1 0 1.000000
CARSKIN_SKIN1_DMG
0  -4.007915 -88.878708 23.100536  -0.000388 -0.363487 0.931599  0.191601 0.043121 1 0 1.000000
0  -0.000005 -88.933762 23.111547  -0.000003 -0.398980 0.916960  0.209241 0.042878 1 0 1.000000
0  -0.000005 -84.782715 24.278687  0.000001 -0.218188 0.975907  0.209241 0.061149 1 0 1.000000
CARSKIN_SKIN1_DMG
0  -0.000005 -84.782715 24.278687  0.000001 -0.218188 0.975907  0.209241 0.061149 1 0 1.000000
0  -0.000005 -88.933762 23.111547  -0.000003 -0.398980 0.916960  0.209241 0.042878 1 0 1.000000
0  4.007905 -88.878708 23.100536  0.000383 -0.363486 0.931599  0.226882 0.043121 1 0 1.000000
CARSKIN_SKIN1_DMG
0  4.007905 -88.878708 23.100536  0.000383 -0.363486 0.931599  0.226882 0.043121 1 0 1.000000
0  3.765669 -84.749680 24.322729  -0.127784 -0.195624 0.972318  0.225816 0.061294 1 0 1.000000
0  -0.000005 -84.782715 24.278687  0.000001 -0.218188 0.975907  0.209241 0.061149 1 0 1.000000
CARSKIN_SKIN1_DMG
0  3.765669 -84.749680 24.322729  -0.127784 -0.195624 0.972318  0.225816 0.061294 1 0 1.000000
0  4.007905 -88.878708 23.100536  0.000383 -0.363486 0.931599  0.226882 0.043121 1 0 1.000000
0  4.613496 -88.867699 23.111547  -0.214455 -0.474283 0.853853  0.229548 0.043169 1 0 1.000000
CARSKIN_SKIN1_DMG
0  4.613496 -88.867699 23.111547  -0.214455 -0.474283 0.853853  0.229548 0.043169 1 0 1.000000
0  4.470356 -85.377289 24.256664  -0.841665 -0.167744 0.513285  0.228918 0.058532 1 0 1.000000
0  3.765669 -84.749680 24.322729  -0.127784 -0.195624 0.972318  0.225816 0.061294 1 0 1.000000
CARSKIN_SKIN1_DMG
0  4.613496 -88.867699 23.111547  -0.214455 -0.474283 0.853853  0.229548 0.043169 1 0 1.000000
0  4.547431 -85.597504 27.053392  -0.643446 -0.515313 0.566065  0.229257 0.057563 1 0 1.000000
0  4.470356 -85.377289 24.256664  -0.841665 -0.167744 0.513285  0.228918 0.058532 1 0 1.000000
CARSKIN_SKIN1_DMG
0  4.470356 -85.377289 24.256664  -0.841665 -0.167744 0.513285  0.228918 0.058532 1 0 1.000000
0  4.547431 -85.597504 27.053392  -0.643446 -0.515313 0.566065  0.229257 0.057563 1 0 1.000000
0  4.547431 -83.120087 28.660961  -0.936339 -0.141001 0.321540  0.229257 0.068467 1 0 1.000000
CARSKIN_SKIN1_DMG
0  4.789668 -83.131104 28.782080  -0.482520 -0.404872 0.776694  0.230323 0.068419 1 0 1.000000
0  4.547431 -83.120087 28.660961  -0.936339 -0.141001 0.321540  0.229257 0.068467 1 0 1.000000
0  4.547431 -85.597504 27.053392  -0.643446 -0.515313 0.566065  0.229257 0.057563 1 0 1.000000
CARSKIN_SKIN1_DMG
0  4.613496 -80.125168 29.861132  -0.703941 -0.346922 0.619768  0.229548 0.081649 1 0 1.000000
0  4.547431 -83.120087 28.660961  -0.936339 -0.141001 0.321540  0.229257 0.068467 1 0 1.000000
0  4.789668 -83.131104 28.782080  -0.482520 -0.404872 0.776694  0.230323 0.068419 1 0 1.000000
CARSKIN_SKIN1_DMG
0  4.789668 -83.131104 28.782080  -0.482520 -0.404872 0.776694  0.230323 0.068419 1 0 1.000000
0  4.855732 -80.037079 30.103369  -0.490633 -0.537418 0.685901  0.230614 0.082037 1 0 1.000000
0  4.613496 -80.125168 29.861132  -0.703941 -0.346922 0.619768  0.229548 0.081649 1 0 1.000000
CARSKIN_SKIN1_DMG
0  4.382270 -79.772827 30.059324  -0.218310 -0.767014 0.603350  0.228530 0.083200 1 0 1.000000
0  4.613496 -80.125168 29.861132  -0.703941 -0.346922 0.619768  0.229548 0.081649 1 0 1.000000
0  4.855732 -80.037079 30.103369  -0.490633 -0.537418 0.685901  0.230614 0.082037 1 0 1.000000
CARSKIN_SKIN1_DMG
0  4.855732 -80.037079 30.103369  -0.490633 -0.537418 0.685901  0.230614 0.082037 1 0 1.000000
0  4.591475 -79.673729 30.301561  -0.233427 -0.802318 0.549361  0.229451 0.083636 1 0 1.000000
0  4.382270 -79.772827 30.059324  -0.218310 -0.767014 0.603350  0.228530 0.083200 1 0 1.000000
CARSKIN_SKIN1_DMG
0  4.382270 -79.772827 30.059324  -0.218310 -0.767014 0.603350  0.228530 0.083200 1 0 1.000000
0  4.591475 -79.673729 30.301561  -0.233427 -0.802318 0.549361  0.229451 0.083636 1 0 1.000000
0  2.290230 -79.508568 30.444700  -0.008785 -0.818818 0.573986  0.219322 0.084363 1 0 1.000000
CARSKIN_SKIN1_DMG
0  2.290230 -79.508568 30.444700  -0.008785 -0.818818 0.573986  0.219322 0.084363 1 0 1.000000
0  2.290230 -79.695747 30.213476  0.003971 -0.784168 0.620536  0.219322 0.083539 1 0 1.000000
0  4.382270 -79.772827 30.059324  -0.218310 -0.767014 0.603350  0.228530 0.083200 1 0 1.000000
CARSKIN_SKIN1_DMG
0  -0.000005 -79.651703 30.235497  0.000003 -0.785927 0.618319  0.209241 0.083733 1 0 1.000000
0  2.290230 -79.695747 30.213476  0.003971 -0.784168 0.620536  0.219322 0.083539 1 0 1.000000
0  2.290230 -79.508568 30.444700  -0.008785 -0.818818 0.573986  0.219322 0.084363 1 0 1.000000
CARSKIN_SKIN1_DMG
0  2.290230 -79.508568 30.444700  -0.008785 -0.818818 0.573986  0.219322 0.084363 1 0 1.000000
0  -0.000005 -79.464523 30.466722  0.000004 -0.787611 0.616173  0.209241 0.084557 1 0 1.000000
0  -0.000005 -79.651703 30.235497  0.000003 -0.785927 0.618319  0.209241 0.083733 1 0 1.000000
CARSKIN_SKIN1_DMG
0  -0.000005 -79.651703 30.235497  0.000003 -0.785927 0.618319  0.209241 0.083733 1 0 1.000000
0  -0.000005 -79.464523 30.466722  0.000004 -0.787611 0.616173  0.209241 0.084557 1 0 1.000000
0  -2.290239 -79.508568 30.444700  0.008831 -0.818869 0.573912  0.199161 0.084363 1 0 1.000000
CARSKIN_SKIN1_DMG
0  -4.437334 -89.891693 22.538988  -0.021632 -0.475823 0.879275  0.189711 0.038662 1 0 1.000000
0  -0.000005 -90.034836 22.572021  -0.000027 -0.436929 0.899496  0.209241 0.038032 1 0 1.000000
0  -0.000005 -88.933762 23.111547  -0.000003 -0.398980 0.916960  0.209241 0.042878 1 0 1.000000
CARSKIN_SKIN1_DMG
0  -0.000005 -88.933762 23.111547  -0.000003 -0.398980 0.916960  0.209241 0.042878 1 0 1.000000
0  -0.000005 -90.034836 22.572021  -0.000027 -0.436929 0.899496  0.209241 0.038032 1 0 1.000000
0  4.437324 -89.891693 22.538988  0.021632 -0.475823 0.879275  0.228772 0.038662 1 0 1.000000
CARSKIN_SKIN1_DMG
0  4.437324 -89.891693 22.538988  0.021632 -0.475823 0.879275  0.228772 0.038662 1 0 1.000000
0  4.007905 -88.878708 23.100536  0.000383 -0.363486 0.931599  0.226882 0.043121 1 0 1.000000
0  -0.000005 -88.933762 23.111547  -0.000003 -0.398980 0.916960  0.209241 0.042878 1 0 1.000000
CARSKIN_SKIN1_DMG
0  4.437324 -89.891693 22.538988  0.021632 -0.475823 0.879275  0.228772 0.038662 1 0 1.000000
0  4.613496 -88.867699 23.111547  -0.214455 -0.474283 0.853853  0.229548 0.043169 1 0 1.000000
0  4.007905 -88.878708 23.100536  0.000383 -0.363486 0.931599  0.226882 0.043121 1 0 1.000000
CARSKIN_SKIN1_DMG
0  4.613496 -88.867699 23.111547  -0.214455 -0.474283 0.853853  0.229548 0.043169 1 0 1.000000
0  4.437324 -89.891693 22.538988  0.021632 -0.475823 0.879275  0.228772 0.038662 1 0 1.000000
0  4.690571 -88.856689 23.111547  -0.034020 -0.670458 0.741167  0.229887 0.043217 1 0 1.000000
CARSKIN_SKIN1_DMG
0  4.547431 -85.597504 27.053392  -0.643446 -0.515313 0.566065  0.229257 0.057563 1 0 1.000000
0  4.613496 -88.867699 23.111547  -0.214455 -0.474283 0.853853  0.229548 0.043169 1 0 1.000000
0  4.690571 -88.856689 23.111547  -0.034020 -0.670458 0.741167  0.229887 0.043217 1 0 1.000000
CARSKIN_SKIN1_DMG
0  4.690571 -88.856689 23.111547  -0.034020 -0.670458 0.741167  0.229887 0.043217 1 0 1.000000
0  4.756636 -85.619530 27.152489  -0.411082 -0.611237 0.676314  0.230178 0.057466 1 0 1.000000
0  4.547431 -85.597504 27.053392  -0.643446 -0.515313 0.566065  0.229257 0.057563 1 0 1.000000
CARSKIN_SKIN1_DMG
0  4.547431 -85.597504 27.053392  -0.643446 -0.515313 0.566065  0.229257 0.057563 1 0 1.000000
0  4.756636 -85.619530 27.152489  -0.411082 -0.611237 0.676314  0.230178 0.057466 1 0 1.000000
0  4.789668 -83.131104 28.782080  -0.482520 -0.404872 0.776694  0.230323 0.068419 1 0 1.000000
CARSKIN_SKIN1_DMG
0  5.219087 -88.823654 23.100536  0.252663 -0.595911 0.762267  0.232213 0.043363 1 0 1.000000
0  4.690571 -88.856689 23.111547  -0.034020 -0.670458 0.741167  0.229887 0.043217 1 0 1.000000
0  4.437324 -89.891693 22.538988  0.021632 -0.475823 0.879275  0.228772 0.038662 1 0 1.000000
CARSKIN_SKIN1_DMG
0  4.437324 -89.891693 22.538988  0.021663 -0.475856 0.879256  0.228772 0.038662 1 0 1.000000
0  5.736592 -89.847656 22.527977  0.052432 -0.463284 0.884658  0.234491 0.038856 1 0 1.000000
0  5.219087 -88.823654 23.100536  0.099418 -0.628399 0.771512  0.232213 0.043363 1 0 1.000000
CARSKIN_SKIN1_DMG
0  5.461323 -83.109077 28.517820  0.575797 -0.405264 0.710083  0.233279 0.068515 1 0 1.000000
0  5.329194 -85.564476 27.009350  0.635362 -0.522236 0.568845  0.232698 0.057708 1 0 1.000000
0  6.397236 -84.375313 25.148535  0.651294 -0.386437 0.653056  0.237399 0.062942 1 0 1.000000
CARSKIN_SKIN1_DMG
0  5.219087 -88.823654 23.100536  0.252779 -0.595864 0.762266  0.232213 0.043363 1 0 1.000000
0  6.397236 -84.375313 25.148535  0.651294 -0.386437 0.653056  0.237399 0.062942 1 0 1.000000
0  5.329194 -85.564476 27.009350  0.635362 -0.522236 0.568845  0.232698 0.057708 1 0 1.000000
CARSKIN_SKIN1_DMG
0  6.397236 -84.375313 25.148535  0.651294 -0.386437 0.653056  0.237399 0.062942 1 0 1.000000
0  5.219087 -88.823654 23.100536  0.252779 -0.595864 0.762266  0.232213 0.043363 1 0 1.000000
0  5.769624 -88.779610 23.067505  0.104876 -0.439193 0.892250  0.234637 0.043557 1 0 1.000000
CARSKIN_SKIN1_DMG
0  5.769624 -88.779610 23.067505  0.104876 -0.439193 0.892250  0.234637 0.043557 1 0 1.000000
0  7.046870 -84.309250 25.016405  0.159148 -0.385201 0.909006  0.240258 0.063233 1 0 1.000000
0  6.397236 -84.375313 25.148535  0.651294 -0.386437 0.653056  0.237399 0.062942 1 0 1.000000
CARSKIN_SKIN1_DMG
0  11.208930 -89.308128 22.417870  0.075056 -0.425995 0.901607  0.258578 0.041230 1 0 1.000000
0  7.046870 -84.309250 25.016405  0.159148 -0.385201 0.909006  0.240258 0.063233 1 0 1.000000
0  5.769624 -88.779610 23.067505  0.104876 -0.439193 0.892250  0.234637 0.043557 1 0 1.000000
CARSKIN_SKIN1_DMG
0  11.208930 -89.308128 22.417870  0.075056 -0.425995 0.901607  0.258578 0.041230 1 0 1.000000
0  5.769624 -88.779610 23.067505  0.104876 -0.439193 0.892250  0.234637 0.043557 1 0 1.000000
0  5.736592 -89.847656 22.527977  0.052431 -0.463283 0.884658  0.234491 0.038856 1 0 1.000000
CARSKIN_SKIN1_DMG
0  5.219087 -88.823654 23.100536  0.218190 -0.580510 0.784475  0.232213 0.043363 1 0 1.000000
0  5.736592 -89.847656 22.527977  0.052431 -0.463283 0.884658  0.234491 0.038856 1 0 1.000000
0  5.769624 -88.779610 23.067505  0.104876 -0.439193 0.892250  0.234637 0.043557 1 0 1.000000
CARSKIN_SKIN1_DMG
0  5.923774 -78.748825 30.235497  0.720889 -0.310180 0.619764  0.235315 0.087707 1 0 1.000000
0  5.461323 -83.109077 28.517820  0.575797 -0.405264 0.710083  0.233279 0.068515 1 0 1.000000
0  6.397236 -84.375313 25.148535  0.651294 -0.386437 0.653056  0.237399 0.062942 1 0 1.000000
CARSKIN_SKIN1_DMG
0  5.461323 -83.109077 28.517820  0.575797 -0.405264 0.710083  0.233279 0.068515 1 0 1.000000
0  5.923774 -78.748825 30.235497  0.720889 -0.310180 0.619764  0.235315 0.087707 1 0 1.000000
0  5.527388 -78.748825 30.422680  0.292314 -0.325242 0.899316  0.233570 0.087707 1 0 1.000000
CARSKIN_SKIN1_DMG
0  5.527388 -78.748825 30.422680  0.292314 -0.325242 0.899316  0.233570 0.087707 1 0 1.000000
0  5.042915 -83.142113 28.682981  0.298454 -0.453535 0.839781  0.231438 0.068370 1 0 1.000000
0  5.461323 -83.109077 28.517820  0.575797 -0.405264 0.710083  0.233279 0.068515 1 0 1.000000
CARSKIN_SKIN1_DMG
0  5.461323 -83.109077 28.517820  0.575797 -0.405264 0.710083  0.233279 0.068515 1 0 1.000000
0  5.042915 -83.142113 28.682981  0.298454 -0.453535 0.839781  0.231438 0.068370 1 0 1.000000
0  4.888764 -85.586494 27.152489  0.214852 -0.652785 0.726436  0.230759 0.057611 1 0 1.000000
CARSKIN_SKIN1_DMG
0  4.888764 -85.586494 27.152489  0.214852 -0.652785 0.726436  0.230759 0.057611 1 0 1.000000
0  5.329194 -85.564476 27.009350  0.635362 -0.522236 0.568845  0.232698 0.057708 1 0 1.000000
0  5.461323 -83.109077 28.517820  0.575797 -0.405264 0.710083  0.233279 0.068515 1 0 1.000000
CARSKIN_SKIN1_DMG
0  5.219087 -88.823654 23.100536  0.218212 -0.580642 0.784371  0.232213 0.043363 1 0 1.000000
0  5.329194 -85.564476 27.009350  0.635362 -0.522236 0.568845  0.232698 0.057708 1 0 1.000000
0  4.888764 -85.586494 27.152489  0.214852 -0.652785 0.726436  0.230759 0.057611 1 0 1.000000
CARSKIN_SKIN1_DMG
0  4.888764 -85.586494 27.152489  0.214852 -0.652785 0.726436  0.230759 0.057611 1 0 1.000000
0  4.690571 -88.856689 23.111547  0.007393 -0.691027 0.722791  0.229887 0.043217 1 0 1.000000
0  5.219087 -88.823654 23.100536  0.218212 -0.580642 0.784371  0.232213 0.043363 1 0 1.000000
CARSKIN_SKIN1_DMG
0  4.690571 -88.856689 23.111547  0.133058 -0.773745 0.619365  0.229887 0.043217 1 0 1.000000
0  4.888764 -85.586494 27.152489  0.214852 -0.652785 0.726436  0.230759 0.057611 1 0 1.000000
0  4.756636 -85.619530 27.152489  0.214640 -0.615858 0.758056  0.230178 0.057466 1 0 1.000000
CARSKIN_SKIN1_DMG
0  4.756636 -85.619530 27.152489  0.214640 -0.615858 0.758056  0.230178 0.057466 1 0 1.000000
0  4.888764 -85.586494 27.152489  0.214852 -0.652785 0.726436  0.230759 0.057611 1 0 1.000000
0  5.042915 -83.142113 28.682981  0.298454 -0.453535 0.839781  0.231438 0.068370 1 0 1.000000
CARSKIN_SKIN1_DMG
0  5.042915 -83.142113 28.682981  0.298454 -0.453535 0.839781  0.231438 0.068370 1 0 1.000000
0  4.789668 -83.131104 28.782080  0.300740 -0.454283 0.838560  0.230323 0.068419 1 0 1.000000
0  4.756636 -85.619530 27.152489  0.214640 -0.615858 0.758056  0.230178 0.057466 1 0 1.000000
CARSKIN_SKIN1_DMG
0  4.855732 -80.037079 30.103369  0.280301 -0.365873 0.887451  0.230614 0.082037 1 0 1.000000
0  4.789668 -83.131104 28.782080  0.300740 -0.454283 0.838560  0.230323 0.068419 1 0 1.000000
0  5.042915 -83.142113 28.682981  0.298454 -0.453535 0.839781  0.231438 0.068370 1 0 1.000000
CARSKIN_SKIN1_DMG
0  5.042915 -83.142113 28.682981  0.298454 -0.453535 0.839781  0.231438 0.068370 1 0 1.000000
0  5.527388 -78.748825 30.422680  0.249343 -0.332749 0.909454  0.233570 0.087707 1 0 1.000000
0  4.855732 -80.037079 30.103369  0.280301 -0.365873 0.887451  0.230614 0.082037 1 0 1.000000
CARSKIN_SKIN1_DMG
0  5.527388 -78.748825 30.422680  0.249343 -0.332749 0.909454  0.233570 0.087707 1 0 1.000000
0  4.591475 -79.673729 30.301561  0.114573 -0.303923 0.945782  0.229451 0.083636 1 0 1.000000
0  4.855732 -80.037079 30.103369  0.280301 -0.365873 0.887451  0.230614 0.082037 1 0 1.000000
CARSKIN_SKIN1_DMG
0  4.591475 -79.673729 30.301561  0.114573 -0.303923 0.945782  0.229451 0.083636 1 0 1.000000
0  5.527388 -78.748825 30.422680  0.249343 -0.332749 0.909454  0.233570 0.087707 1 0 1.000000
0  2.334272 -78.770844 30.719969  0.046231 -0.290531 0.955748  0.219516 0.087610 1 0 1.000000
CARSKIN_SKIN1_DMG
0  2.334272 -78.770844 30.719969  0.046231 -0.290531 0.955748  0.219516 0.087610 1 0 1.000000
0  2.290230 -79.508568 30.444700  0.014070 -0.345559 0.938292  0.219322 0.084363 1 0 1.000000
0  4.591475 -79.673729 30.301561  0.114573 -0.303923 0.945782  0.229451 0.083636 1 0 1.000000
CARSKIN_SKIN1_DMG
0  2.290230 -79.508568 30.444700  0.014070 -0.345559 0.938292  0.219322 0.084363 1 0 1.000000
0  2.334272 -78.770844 30.719969  0.046231 -0.290531 0.955748  0.219516 0.087610 1 0 1.000000
0  -0.000005 -78.726807 30.741991  -0.000003 -0.323150 0.946348  0.209241 0.087804 1 0 1.000000
CARSKIN_SKIN1_DMG
0  -0.000005 -78.726807 30.741991  -0.000003 -0.323150 0.946348  0.209241 0.087804 1 0 1.000000
0  -0.000005 -79.464523 30.466722  0.000001 -0.345458 0.938434  0.209241 0.084557 1 0 1.000000
0  2.290230 -79.508568 30.444700  0.014070 -0.345559 0.938292  0.219322 0.084363 1 0 1.000000
CARSKIN_SKIN1_DMG
0  -2.290239 -79.508568 30.444700  -0.014097 -0.345596 0.938277  0.199161 0.084363 1 0 1.000000
0  -0.000005 -79.464523 30.466722  0.000001 -0.345458 0.938434  0.209241 0.084557 1 0 1.000000
0  -0.000005 -78.726807 30.741991  -0.000003 -0.323150 0.946348  0.209241 0.087804 1 0 1.000000
CARSKIN_SKIN1_DMG
0  -0.000005 -78.726807 30.741991  -0.000003 -0.323150 0.946348  0.209241 0.087804 1 0 1.000000
0  -2.334282 -78.770844 30.719969  -0.046234 -0.290532 0.955748  0.198967 0.087610 1 0 1.000000
0  -2.290239 -79.508568 30.444700  -0.014097 -0.345596 0.938277  0.199161 0.084363 1 0 1.000000
CARSKIN_SKIN1_DMG
0  -4.591484 -79.673729 30.301561  -0.114576 -0.303927 0.945780  0.189032 0.083636 1 0 1.000000
0  -2.290239 -79.508568 30.444700  -0.014097 -0.345596 0.938277  0.199161 0.084363 1 0 1.000000
0  -2.334282 -78.770844 30.719969  -0.046234 -0.290532 0.955748  0.198967 0.087610 1 0 1.000000
CARSKIN_SKIN1_DMG
0  -2.334282 -78.770844 30.719969  -0.046234 -0.290532 0.955748  0.198967 0.087610 1 0 1.000000
0  -5.527397 -78.748825 30.422680  -0.249341 -0.332752 0.909453  0.184913 0.087707 1 0 1.000000
0  -4.591484 -79.673729 30.301561  -0.114576 -0.303927 0.945780  0.189032 0.083636 1 0 1.000000
CARSKIN_SKIN1_DMG
0  -5.527397 -78.748825 30.422680  -0.249341 -0.332752 0.909453  0.184913 0.087707 1 0 1.000000
0  -4.855742 -80.037079 30.103369  -0.280303 -0.365873 0.887450  0.187869 0.082037 1 0 1.000000
0  -4.591484 -79.673729 30.301561  -0.114576 -0.303927 0.945780  0.189032 0.083636 1 0 1.000000
CARSKIN_SKIN1_DMG
0  -4.855742 -80.037079 30.103369  -0.280303 -0.365873 0.887450  0.187869 0.082037 1 0 1.000000
0  -5.527397 -78.748825 30.422680  -0.249341 -0.332752 0.909453  0.184913 0.087707 1 0 1.000000
0  -5.042924 -83.142113 28.682981  -0.298453 -0.453535 0.839781  0.187045 0.068370 1 0 1.000000
CARSKIN_SKIN1_DMG
0  -5.042924 -83.142113 28.682981  -0.298453 -0.453535 0.839781  0.187045 0.068370 1 0 1.000000
0  -4.789678 -83.131104 28.782080  -0.300747 -0.454288 0.838555  0.188160 0.068419 1 0 1.000000
0  -4.855742 -80.037079 30.103369  -0.280303 -0.365873 0.887450  0.187869 0.082037 1 0 1.000000
CARSKIN_SKIN1_DMG
0  -4.756645 -85.619530 27.152489  -0.214623 -0.615858 0.758060  0.188305 0.057466 1 0 1.000000
0  -4.789678 -83.131104 28.782080  -0.300747 -0.454288 0.838555  0.188160 0.068419 1 0 1.000000
0  -5.042924 -83.142113 28.682981  -0.298453 -0.453535 0.839781  0.187045 0.068370 1 0 1.000000
CARSKIN_SKIN1_DMG
0  5.527388 -78.748825 30.422680  0.292141 -0.325201 0.899388  0.233570 0.087707 1 0 1.000000
0  6.232075 -73.034248 32.074291  0.184111 -0.246770 0.951424  0.236672 0.112860 1 0 1.000000
0  2.334272 -78.770844 30.719969  0.046231 -0.290531 0.955748  0.219516 0.087610 1 0 1.000000
CARSKIN_SKIN1_DMG
0  2.334272 -78.770844 30.719969  0.046231 -0.290531 0.955748  0.219516 0.087610 1 0 1.000000
0  6.232075 -73.034248 32.074291  0.184111 -0.246770 0.951424  0.236672 0.112860 1 0 1.000000
0  -0.000005 -73.155365 32.360569  0.000030 -0.244837 0.969564  0.209241 0.112327 1 0 1.000000
CARSKIN_SKIN1_DMG
0  -0.000005 -73.155365 32.360569  0.000030 -0.244837 0.969564  0.209241 0.112327 1 0 1.000000
0  -0.000005 -78.726807 30.741991  -0.000003 -0.323150 0.946348  0.209241 0.087804 1 0 1.000000
0  2.334272 -78.770844 30.719969  0.046231 -0.290531 0.955748  0.219516 0.087610 1 0 1.000000
CARSKIN_SKIN1_DMG
0  -2.334282 -78.770844 30.719969  -0.046234 -0.290532 0.955748  0.198967 0.087610 1 0 1.000000
0  -0.000005 -78.726807 30.741991  -0.000003 -0.323150 0.946348  0.209241 0.087804 1 0 1.000000
0  -0.000005 -73.155365 32.360569  0.000030 -0.244837 0.969564  0.209241 0.112327 1 0 1.000000
CARSKIN_SKIN1_DMG
0  -0.000004 -61.131638 34.738892  0.000000 -0.174783 0.984607  0.209242 0.165249 1 0 1.000000
0  -0.000005 -73.155365 32.360569  0.000030 -0.244837 0.969564  0.209241 0.112327 1 0 1.000000
0  6.232075 -73.034248 32.074291  0.184111 -0.246770 0.951424  0.236672 0.112860 1 0 1.000000
CARSKIN_SKIN1_DMG
0  -6.232085 -73.034248 32.074291  -0.184112 -0.246759 0.951427  0.181811 0.112860 1 0 1.000000
0  -0.000005 -73.155365 32.360569  0.000030 -0.244837 0.969564  0.209241 0.112327 1 0 1.000000
0  -0.000004 -61.131638 34.738892  0.000000 -0.174783 0.984607  0.209242 0.165249 1 0 1.000000
CARSKIN_SKIN1_DMG
0  -0.000005 -73.155365 32.360569  0.000030 -0.244837 0.969564  0.209241 0.112327 1 0 1.000000
0  -6.232085 -73.034248 32.074291  -0.184112 -0.246759 0.951427  0.181811 0.112860 1 0 1.000000
0  -2.334282 -78.770844 30.719969  -0.046234 -0.290532 0.955748  0.198967 0.087610 1 0 1.000000
CARSKIN_SKIN1_DMG
0  -5.527397 -78.748825 30.422680  -0.292143 -0.325192 0.899390  0.184913 0.087707 1 0 1.000000
0  -2.334282 -78.770844 30.719969  -0.046234 -0.290532 0.955748  0.198967 0.087610 1 0 1.000000
0  -6.232085 -73.034248 32.074291  -0.184112 -0.246759 0.951427  0.181811 0.112860 1 0 1.000000
CARSKIN_SKIN1_DMG
0  -6.397246 -84.375313 25.148535  -0.651296 -0.386384 0.653086  0.181084 0.062942 1 0 1.000000
0  -5.461333 -83.109077 28.517820  -0.575802 -0.405179 0.710128  0.185204 0.068515 1 0 1.000000
0  -5.923784 -78.748825 30.235497  -0.720898 -0.310131 0.619778  0.183168 0.087707 1 0 1.000000
CARSKIN_SKIN1_DMG
0  -5.527397 -78.748825 30.422680  -0.292307 -0.325253 0.899315  0.184913 0.087707 1 0 1.000000
0  -5.923784 -78.748825 30.235497  -0.720898 -0.310131 0.619778  0.183168 0.087707 1 0 1.000000
0  -5.461333 -83.109077 28.517820  -0.575802 -0.405179 0.710128  0.185204 0.068515 1 0 1.000000
CARSKIN_SKIN1_DMG
0  -5.461333 -83.109077 28.517820  -0.575802 -0.405179 0.710128  0.185204 0.068515 1 0 1.000000
0  -5.042924 -83.142113 28.682981  -0.298453 -0.453535 0.839781  0.187045 0.068370 1 0 1.000000
0  -5.527397 -78.748825 30.422680  -0.292307 -0.325253 0.899315  0.184913 0.087707 1 0 1.000000
CARSKIN_SKIN1_DMG
0  -5.042924 -83.142113 28.682981  -0.298453 -0.453535 0.839781  0.187045 0.068370 1 0 1.000000
0  -4.888774 -85.586494 27.152489  -0.214838 -0.652790 0.726436  0.187724 0.057611 1 0 1.000000
0  -4.756645 -85.619530 27.152489  -0.214623 -0.615858 0.758060  0.188305 0.057466 1 0 1.000000
CARSKIN_SKIN1_DMG
0  -4.888774 -85.586494 27.152489  -0.214838 -0.652790 0.726436  0.187724 0.057611 1 0 1.000000
0  -5.042924 -83.142113 28.682981  -0.298453 -0.453535 0.839781  0.187045 0.068370 1 0 1.000000
0  -5.461333 -83.109077 28.517820  -0.575802 -0.405179 0.710128  0.185204 0.068515 1 0 1.000000
CARSKIN_SKIN1_DMG
0  -5.461333 -83.109077 28.517820  -0.575802 -0.405179 0.710128  0.185204 0.068515 1 0 1.000000
0  -5.329204 -85.564476 27.009350  -0.635365 -0.522242 0.568837  0.185785 0.057708 1 0 1.000000
0  -4.888774 -85.586494 27.152489  -0.214838 -0.652790 0.726436  0.187724 0.057611 1 0 1.000000
CARSKIN_SKIN1_DMG
0  -5.461333 -83.109077 28.517820  -0.575802 -0.405179 0.710128  0.185204 0.068515 1 0 1.000000
0  -6.397246 -84.375313 25.148535  -0.651296 -0.386384 0.653086  0.181084 0.062942 1 0 1.000000
0  -5.329204 -85.564476 27.009350  -0.635365 -0.522242 0.568837  0.185785 0.057708 1 0 1.000000
CARSKIN_SKIN1_DMG
0  -5.219096 -88.823654 23.100536  -0.252766 -0.595858 0.762275  0.186270 0.043363 1 0 1.000000
0  -5.329204 -85.564476 27.009350  -0.635365 -0.522242 0.568837  0.185785 0.057708 1 0 1.000000
0  -6.397246 -84.375313 25.148535  -0.651296 -0.386384 0.653086  0.181084 0.062942 1 0 1.000000
CARSKIN_SKIN1_DMG
0  -5.769633 -88.779610 23.067505  -0.104876 -0.439193 0.892250  0.183847 0.043557 1 0 1.000000
0  -5.219096 -88.823654 23.100536  -0.252766 -0.595858 0.762275  0.186270 0.043363 1 0 1.000000
0  -6.397246 -84.375313 25.148535  -0.651296 -0.386384 0.653086  0.181084 0.062942 1 0 1.000000
CARSKIN_SKIN1_DMG
0  -4.690581 -88.856689 23.111547  -0.133057 -0.773743 0.619369  0.188596 0.043217 1 0 1.000000
0  -4.756645 -85.619530 27.152489  -0.214623 -0.615858 0.758060  0.188305 0.057466 1 0 1.000000
0  -4.888774 -85.586494 27.152489  -0.214838 -0.652790 0.726436  0.187724 0.057611 1 0 1.000000
CARSKIN_SKIN1_DMG
0  -4.888774 -85.586494 27.152489  -0.214838 -0.652790 0.726436  0.187724 0.057611 1 0 1.000000
0  -5.329204 -85.564476 27.009350  -0.635365 -0.522242 0.568837  0.185785 0.057708 1 0 1.000000
0  -5.219096 -88.823654 23.100536  -0.218204 -0.580640 0.784375  0.186270 0.043363 1 0 1.000000
CARSKIN_SKIN1_DMG
0  -5.219096 -88.823654 23.100536  -0.218204 -0.580640 0.784375  0.186270 0.043363 1 0 1.000000
0  -4.690581 -88.856689 23.111547  -0.007400 -0.691027 0.722791  0.188596 0.043217 1 0 1.000000
0  -4.888774 -85.586494 27.152489  -0.214838 -0.652790 0.726436  0.187724 0.057611 1 0 1.000000
CARSKIN_SKIN1_DMG
0  -0.000004 -61.131638 34.738892  0.000000 -0.174783 0.984607  0.209242 0.165249 1 0 1.000000
0  -7.542362 -60.966476 34.430588  -0.219207 -0.179815 0.958965  0.176044 0.165976 1 0 1.000000
0  -6.232085 -73.034248 32.074291  -0.184112 -0.246759 0.951427  0.181811 0.112860 1 0 1.000000
CARSKIN_SKIN1_DMG
0  -6.639482 -73.034248 31.876097  -0.631934 -0.255064 0.731848  0.180018 0.112860 1 0 1.000000
0  -6.232085 -73.034248 32.074291  -0.184112 -0.246759 0.951427  0.181811 0.112860 1 0 1.000000
0  -7.542362 -60.966476 34.430588  -0.219207 -0.179815 0.958965  0.176044 0.165976 1 0 1.000000
CARSKIN_SKIN1_DMG
0  -5.527397 -78.748825 30.422680  -0.342285 -0.329741 0.879836  0.184913 0.087707 1 0 1.000000
0  -6.232085 -73.034248 32.074291  -0.184112 -0.246759 0.951427  0.181811 0.112860 1 0 1.000000
0  -6.639482 -73.034248 31.876097  -0.631934 -0.255064 0.731848  0.180018 0.112860 1 0 1.000000
CARSKIN_SKIN1_DMG
0  -6.639482 -73.034248 31.876097  -0.631934 -0.255064 0.731848  0.180018 0.112860 1 0 1.000000
0  -5.923784 -78.748825 30.235497  -0.720898 -0.310131 0.619778  0.183168 0.087707 1 0 1.000000
0  -5.527397 -78.748825 30.422680  -0.342285 -0.329741 0.879836  0.184913 0.087707 1 0 1.000000
CARSKIN_SKIN1_DMG
0  -7.630449 -78.759834 27.020361  -0.568669 -0.310268 0.761807  0.175656 0.087659 1 0 1.000000
0  -5.923784 -78.748825 30.235497  -0.720898 -0.310131 0.619778  0.183168 0.087707 1 0 1.000000
0  -6.639482 -73.034248 31.876097  -0.631934 -0.255064 0.731848  0.180018 0.112860 1 0 1.000000
CARSKIN_SKIN1_DMG
0  -5.923784 -78.748825 30.235497  -0.720898 -0.310131 0.619778  0.183168 0.087707 1 0 1.000000
0  -7.630449 -78.759834 27.020361  -0.568669 -0.310268 0.761807  0.175656 0.087659 1 0 1.000000
0  -6.397246 -84.375313 25.148535  -0.651296 -0.386384 0.653086  0.181084 0.062942 1 0 1.000000
CARSKIN_SKIN1_DMG
0  -7.046880 -84.309250 25.016405  -0.159148 -0.385198 0.909007  0.178225 0.063233 1 0 1.000000
0  -6.397246 -84.375313 25.148535  -0.651296 -0.386384 0.653086  0.181084 0.062942 1 0 1.000000
0  -7.630449 -78.759834 27.020361  -0.568669 -0.310268 0.761807  0.175656 0.087659 1 0 1.000000
CARSKIN_SKIN1_DMG
0  -6.397246 -84.375313 25.148535  -0.651296 -0.386384 0.653086  0.181084 0.062942 1 0 1.000000
0  -7.046880 -84.309250 25.016405  -0.159148 -0.385198 0.909007  0.178225 0.063233 1 0 1.000000
0  -5.769633 -88.779610 23.067505  -0.104876 -0.439193 0.892250  0.183847 0.043557 1 0 1.000000
CARSKIN_SKIN1_DMG
0  -11.208940 -89.308128 22.417870  -0.075056 -0.425995 0.901607  0.159905 0.041230 1 0 1.000000
0  -5.769633 -88.779610 23.067505  -0.104876 -0.439193 0.892250  0.183847 0.043557 1 0 1.000000
0  -7.046880 -84.309250 25.016405  -0.159148 -0.385198 0.909007  0.178225 0.063233 1 0 1.000000
CARSKIN_SKIN1_DMG
0  -11.208940 -89.308128 22.417870  -0.075056 -0.425995 0.901607  0.159905 0.041230 1 0 1.000000
0  -5.736601 -89.847656 22.527977  -0.052431 -0.463282 0.884659  0.183992 0.038856 1 0 1.000000
0  -5.769633 -88.779610 23.067505  -0.104876 -0.439193 0.892250  0.183847 0.043557 1 0 1.000000
CARSKIN_SKIN1_DMG
0  -5.219096 -88.823654 23.100536  -0.218197 -0.580505 0.784477  0.186270 0.043363 1 0 1.000000
0  -5.769633 -88.779610 23.067505  -0.104876 -0.439193 0.892250  0.183847 0.043557 1 0 1.000000
0  -5.736601 -89.847656 22.527977  -0.052431 -0.463282 0.884659  0.183992 0.038856 1 0 1.000000
CARSKIN_SKIN1_DMG
0  -8.247050 -78.825897 26.778124  -0.071757 -0.274971 0.958771  0.172942 0.087368 1 0 1.000000
0  -11.275004 -78.693771 26.634985  -0.071410 -0.296485 0.952364  0.159615 0.087949 1 0 1.000000
0  -11.263993 -84.000946 24.873266  -0.077303 -0.370132 0.925757  0.159663 0.064590 1 0 1.000000
CARSKIN_SKIN1_DMG
0  -17.980545 -83.263229 24.498901  -0.100731 -0.370086 0.923520  0.130100 0.067837 1 0 1.000000
0  -11.263993 -84.000946 24.873266  -0.077303 -0.370132 0.925757  0.159663 0.064590 1 0 1.000000
0  -11.275004 -78.693771 26.634985  -0.071410 -0.296485 0.952364  0.159615 0.087949 1 0 1.000000
CARSKIN_SKIN1_DMG
0  -11.263993 -84.000946 24.873266  -0.077303 -0.370132 0.925757  0.159663 0.064590 1 0 1.000000
0  -17.980545 -83.263229 24.498901  -0.100731 -0.370086 0.923520  0.130100 0.067837 1 0 1.000000
0  -17.958525 -88.163010 22.142601  -0.115078 -0.447782 0.886707  0.130197 0.046271 1 0 1.000000
CARSKIN_SKIN1_DMG
0  -17.958525 -88.163010 22.142601  -0.115078 -0.447782 0.886707  0.130197 0.046271 1 0 1.000000
0  -11.208940 -89.308128 22.417870  -0.075056 -0.425995 0.901607  0.159905 0.041230 1 0 1.000000
0  -11.263993 -84.000946 24.873266  -0.077303 -0.370132 0.925757  0.159663 0.064590 1 0 1.000000
CARSKIN_SKIN1_DMG
0  -11.208940 -89.308128 22.417870  -0.075056 -0.425995 0.901607  0.159905 0.041230 1 0 1.000000
0  -7.046880 -84.309250 25.016405  -0.159148 -0.385198 0.909007  0.178225 0.063233 1 0 1.000000
0  -11.263993 -84.000946 24.873266  -0.077303 -0.370132 0.925757  0.159663 0.064590 1 0 1.000000
CARSKIN_SKIN1_DMG
0  -11.263993 -84.000946 24.873266  -0.077303 -0.370132 0.925757  0.159663 0.064590 1 0 1.000000
0  -7.046880 -84.309250 25.016405  -0.159148 -0.385198 0.909007  0.178225 0.063233 1 0 1.000000
0  -8.247050 -78.825897 26.778124  -0.071757 -0.274971 0.958771  0.172942 0.087368 1 0 1.000000
CARSKIN_SKIN1_DMG
0  -7.630449 -78.759834 27.020361  -0.568669 -0.310268 0.761807  0.175656 0.087659 1 0 1.000000
0  -8.247050 -78.825897 26.778124  -0.071757 -0.274971 0.958771  0.172942 0.087368 1 0 1.000000
0  -7.046880 -84.309250 25.016405  -0.159148 -0.385198 0.909007  0.178225 0.063233 1 0 1.000000
CARSKIN_SKIN1_DMG
0  -7.542362 -60.966476 34.430588  -0.219207 -0.179815 0.958965  0.176044 0.165976 1 0 1.000000
0  -7.949760 -60.955467 34.265427  -0.651727 -0.186823 0.735084  0.174251 0.166024 1 0 1.000000
0  -6.639482 -73.034248 31.876097  -0.631934 -0.255064 0.731848  0.180018 0.112860 1 0 1.000000
CARSKIN_SKIN1_DMG
0  -8.577373 -72.902122 28.330639  -0.681554 -0.224535 0.696468  0.171488 0.113441 1 0 1.000000
0  -6.639482 -73.034248 31.876097  -0.631934 -0.255064 0.731848  0.180018 0.112860 1 0 1.000000
0  -7.949760 -60.955467 34.265427  -0.651727 -0.186823 0.735084  0.174251 0.166024 1 0 1.000000
CARSKIN_SKIN1_DMG
0  -6.639482 -73.034248 31.876097  -0.631934 -0.255064 0.731848  0.180018 0.112860 1 0 1.000000
0  -8.577373 -72.902122 28.330639  -0.681554 -0.224535 0.696468  0.171488 0.113441 1 0 1.000000
0  -7.630449 -78.759834 27.020361  -0.568669 -0.310268 0.761807  0.175656 0.087659 1 0 1.000000
CARSKIN_SKIN1_DMG
0  -7.630449 -78.759834 27.020361  -0.568669 -0.310268 0.761807  0.175656 0.087659 1 0 1.000000
0  -8.577373 -72.902122 28.330639  -0.681554 -0.224535 0.696468  0.171488 0.113441 1 0 1.000000
0  -9.227006 -72.891113 28.121435  -0.194857 -0.214984 0.956981  0.168629 0.113490 1 0 1.000000
CARSKIN_SKIN1_DMG
0  -9.227006 -72.891113 28.121435  -0.194857 -0.214984 0.956981  0.168629 0.113490 1 0 1.000000
0  -8.247050 -78.825897 26.778124  -0.071757 -0.274971 0.958771  0.172942 0.087368 1 0 1.000000
0  -7.630449 -78.759834 27.020361  -0.568669 -0.310268 0.761807  0.175656 0.087659 1 0 1.000000
CARSKIN_SKIN1_DMG
0  -9.227006 -72.891113 28.121435  -0.194857 -0.214984 0.956981  0.168629 0.113490 1 0 1.000000
0  -8.863652 -76.029175 27.460791  0.136337 -0.206124 0.968981  0.170228 0.099678 1 0 1.000000
0  -8.247050 -78.825897 26.778124  -0.071757 -0.274971 0.958771  0.172942 0.087368 1 0 1.000000
CARSKIN_SKIN1_DMG
0  -8.247050 -78.825897 26.778124  -0.071757 -0.274971 0.958771  0.172942 0.087368 1 0 1.000000
0  -8.863652 -76.029175 27.460791  0.136337 -0.206124 0.968981  0.170228 0.099678 1 0 1.000000
0  -9.050835 -77.009125 27.207542  -0.028807 -0.245398 0.968994  0.169404 0.095364 1 0 1.000000
CARSKIN_SKIN1_DMG
0  -9.050835 -77.009125 27.207542  -0.028807 -0.245398 0.968994  0.169404 0.095364 1 0 1.000000
0  -9.634404 -77.658760 27.020361  -0.044581 -0.255427 0.965800  0.166836 0.092505 1 0 1.000000
0  -8.247050 -78.825897 26.778124  -0.071757 -0.274971 0.958771  0.172942 0.087368 1 0 1.000000
CARSKIN_SKIN1_DMG
0  -8.247050 -78.825897 26.778124  -0.071757 -0.274971 0.958771  0.172942 0.087368 1 0 1.000000
0  -9.634404 -77.658760 27.020361  -0.044581 -0.255427 0.965800  0.166836 0.092505 1 0 1.000000
0  -10.570317 -77.768867 26.943285  -0.065276 -0.260877 0.963163  0.162716 0.092020 1 0 1.000000
CARSKIN_SKIN1_DMG
0  -10.570317 -77.768867 26.943285  -0.065276 -0.260877 0.963163  0.162716 0.092020 1 0 1.000000
0  -11.275004 -78.693771 26.634985  -0.071410 -0.296485 0.952364  0.159615 0.087949 1 0 1.000000
0  -8.247050 -78.825897 26.778124  -0.071757 -0.274971 0.958771  0.172942 0.087368 1 0 1.000000
CARSKIN_SKIN1_DMG
0  -18.013577 -78.297386 26.205566  -0.098614 -0.287695 0.952631  0.129955 0.089694 1 0 1.000000
0  -11.275004 -78.693771 26.634985  -0.071410 -0.296485 0.952364  0.159615 0.087949 1 0 1.000000
0  -10.570317 -77.768867 26.943285  -0.065276 -0.260877 0.963163  0.162716 0.092020 1 0 1.000000
CARSKIN_SKIN1_DMG
0  -11.275004 -78.693771 26.634985  -0.071410 -0.296485 0.952364  0.159615 0.087949 1 0 1.000000
0  -18.013577 -78.297386 26.205566  -0.098614 -0.287695 0.952631  0.129955 0.089694 1 0 1.000000
0  -17.980545 -83.263229 24.498901  -0.100731 -0.370086 0.923520  0.130100 0.067837 1 0 1.000000
CARSKIN_SKIN1_DMG
0  -21.680155 -82.723701 24.212622  -0.122751 -0.345985 0.930176  0.113816 0.070212 1 0 1.000000
0  -17.980545 -83.263229 24.498901  -0.100731 -0.370086 0.923520  0.130100 0.067837 1 0 1.000000
0  -18.013577 -78.297386 26.205566  -0.098614 -0.287695 0.952631  0.129955 0.089694 1 0 1.000000
CARSKIN_SKIN1_DMG
0  -21.680155 -82.723701 24.212622  -0.122751 -0.345985 0.930176  0.113816 0.070212 1 0 1.000000
0  -20.953445 -85.674583 23.045483  -0.128182 -0.444457 0.886582  0.117015 0.057223 1 0 1.000000
0  -17.980545 -83.263229 24.498901  -0.100731 -0.370086 0.923520  0.130100 0.067837 1 0 1.000000
CARSKIN_SKIN1_DMG
0  -17.958525 -88.163010 22.142601  -0.115078 -0.447782 0.886707  0.130197 0.046271 1 0 1.000000
0  -17.980545 -83.263229 24.498901  -0.100731 -0.370086 0.923520  0.130100 0.067837 1 0 1.000000
0  -20.953445 -85.674583 23.045483  -0.128166 -0.444463 0.886581  0.117015 0.057223 1 0 1.000000
CARSKIN_SKIN1_DMG
0  -20.953445 -85.674583 23.045483  -0.128166 -0.444463 0.886581  0.117015 0.057223 1 0 1.000000
0  -20.281792 -87.656517 21.988451  -0.165485 -0.505409 0.846863  0.119971 0.048500 1 0 1.000000
0  -17.958525 -88.163010 22.142601  -0.115078 -0.447782 0.886707  0.130197 0.046271 1 0 1.000000
CARSKIN_SKIN1_DMG
0  -18.013577 -78.297386 26.205566  -0.098614 -0.287695 0.952631  0.129955 0.089694 1 0 1.000000
0  -22.682133 -77.889984 25.743113  -0.118903 -0.260024 0.958253  0.109406 0.091487 1 0 1.000000
0  -21.680155 -82.723701 24.212622  -0.122751 -0.345985 0.930176  0.113816 0.070212 1 0 1.000000
CARSKIN_SKIN1_DMG
0  -7.949760 -60.955467 34.265427  -0.651727 -0.186823 0.735084  0.174251 0.166024 1 0 1.000000
0  -10.184940 -60.856369 30.147411  -0.631677 -0.175372 0.755135  0.164413 0.166461 1 0 1.000000
0  -8.577373 -72.902122 28.330639  -0.681554 -0.224535 0.696468  0.171488 0.113441 1 0 1.000000
CARSKIN_SKIN1_DMG
0  -9.227006 -72.891113 28.121435  -0.194857 -0.214984 0.956981  0.168629 0.113490 1 0 1.000000
0  -8.577373 -72.902122 28.330639  -0.681554 -0.224535 0.696468  0.171488 0.113441 1 0 1.000000
0  -10.184940 -60.856369 30.147411  -0.631677 -0.175372 0.755135  0.164413 0.166461 1 0 1.000000
CARSKIN_SKIN1_DMG
0  -10.184940 -60.856369 30.147411  -0.631677 -0.175372 0.755135  0.164413 0.166461 1 0 1.000000
0  -10.856595 -60.823338 29.927197  -0.298098 -0.150617 0.942577  0.161456 0.166606 1 0 1.000000
0  -9.227006 -72.891113 28.121435  -0.194857 -0.214984 0.956981  0.168629 0.113490 1 0 1.000000
CARSKIN_SKIN1_DMG
0  -13.047732 -33.549732 32.514721  -0.588518 -0.093453 0.803065  0.151812 0.286651 1 0 1.000000
0  -13.741408 -33.505688 32.360569  -0.208327 -0.063998 0.975963  0.148759 0.286844 1 0 1.000000
0  -12.276981 -48.171997 31.314550  -0.258962 -0.106655 0.959981  0.155204 0.222291 1 0 1.000000
CARSKIN_SKIN1_DMG
0  -12.276981 -48.171997 31.314550  -0.258962 -0.106655 0.959981  0.155204 0.222291 1 0 1.000000
0  -11.583304 -48.216038 31.512743  -0.624184 -0.132602 0.769943  0.158258 0.222097 1 0 1.000000
0  -13.047732 -33.549732 32.514721  -0.588518 -0.093453 0.803065  0.151812 0.286651 1 0 1.000000
CARSKIN_SKIN1_DMG
0  -11.583304 -48.216038 31.512743  -0.624184 -0.132602 0.769943  0.158258 0.222097 1 0 1.000000
0  -12.276981 -48.171997 31.314550  -0.258962 -0.106655 0.959981  0.155204 0.222291 1 0 1.000000
0  -10.856595 -60.823338 29.927197  -0.298098 -0.150617 0.942577  0.161456 0.166606 1 0 1.000000
CARSKIN_SKIN1_DMG
0  -10.856595 -60.823338 29.927197  -0.298098 -0.150617 0.942577  0.161456 0.166606 1 0 1.000000
0  -10.184940 -60.856369 30.147411  -0.631677 -0.175372 0.755135  0.164413 0.166461 1 0 1.000000
0  -11.583304 -48.216038 31.512743  -0.624184 -0.132602 0.769943  0.158258 0.222097 1 0 1.000000
CARSKIN_SKIN1_DMG
0  -9.182962 -48.304123 35.972092  -0.645447 -0.130802 0.752522  0.168823 0.221709 1 0 1.000000
0  -11.583304 -48.216038 31.512743  -0.624184 -0.132602 0.769943  0.158258 0.222097 1 0 1.000000
0  -10.184940 -60.856369 30.147411  -0.631677 -0.175372 0.755135  0.164413 0.166461 1 0 1.000000
CARSKIN_SKIN1_DMG
0  -10.184940 -60.856369 30.147411  -0.631677 -0.175372 0.755135  0.164413 0.166461 1 0 1.000000
0  -7.949760 -60.955467 34.265427  -0.651727 -0.186823 0.735084  0.174251 0.166024 1 0 1.000000
0  -9.182962 -48.304123 35.972092  -0.645447 -0.130802 0.752522  0.168823 0.221709 1 0 1.000000
CARSKIN_SKIN1_DMG
0  -8.753544 -48.326145 36.115234  -0.194730 -0.112047 0.974436  0.170713 0.221612 1 0 1.000000
0  -9.182962 -48.304123 35.972092  -0.645447 -0.130802 0.752522  0.168823 0.221709 1 0 1.000000
0  -7.949760 -60.955467 34.265427  -0.651727 -0.186823 0.735084  0.174251 0.166024 1 0 1.000000
CARSKIN_SKIN1_DMG
0  -7.949760 -60.955467 34.265427  -0.651727 -0.186823 0.735084  0.174251 0.166024 1 0 1.000000
0  -7.542362 -60.966476 34.430588  -0.219207 -0.179815 0.958965  0.176044 0.165976 1 0 1.000000
0  -8.753544 -48.326145 36.115234  -0.194730 -0.112047 0.974436  0.170713 0.221612 1 0 1.000000
CARSKIN_SKIN1_DMG
0  -0.000004 -48.656467 36.423534  -0.000001 -0.110428 0.993884  0.209242 0.220158 1 0 1.000000
0  -8.753544 -48.326145 36.115234  -0.194730 -0.112047 0.974436  0.170713 0.221612 1 0 1.000000
0  -7.542362 -60.966476 34.430588  -0.219207 -0.179815 0.958965  0.176044 0.165976 1 0 1.000000
CARSKIN_SKIN1_DMG
0  -7.542362 -60.966476 34.430588  -0.219207 -0.179815 0.958965  0.176044 0.165976 1 0 1.000000
0  -0.000004 -61.131638 34.738892  0.000000 -0.174783 0.984607  0.209242 0.165249 1 0 1.000000
0  -0.000004 -48.656467 36.423534  -0.000001 -0.110428 0.993884  0.209242 0.220158 1 0 1.000000
CARSKIN_SKIN1_DMG
0  -0.000004 -48.656467 36.423534  -0.000001 -0.110428 0.993884  0.209242 0.220158 1 0 1.000000
0  -0.000004 -61.131638 34.738892  0.000000 -0.174783 0.984607  0.209242 0.165249 1 0 1.000000
0  7.542354 -60.966476 34.430588  0.219161 -0.179795 0.958980  0.242439 0.165976 1 0 1.000000
CARSKIN_SKIN1_DMG
0  6.232075 -73.034248 32.074291  0.184111 -0.246770 0.951424  0.236672 0.112860 1 0 1.000000
0  7.542354 -60.966476 34.430588  0.219161 -0.179795 0.958980  0.242439 0.165976 1 0 1.000000
0  -0.000004 -61.131638 34.738892  0.000000 -0.174783 0.984607  0.209242 0.165249 1 0 1.000000
CARSKIN_SKIN1_DMG
0  7.542354 -60.966476 34.430588  0.219161 -0.179795 0.958980  0.242439 0.165976 1 0 1.000000
0  6.232075 -73.034248 32.074291  0.184111 -0.246770 0.951424  0.236672 0.112860 1 0 1.000000
0  6.639472 -73.034248 31.876097  0.631814 -0.255058 0.731954  0.238465 0.112860 1 0 1.000000
CARSKIN_SKIN1_DMG
0  6.639472 -73.034248 31.876097  0.631814 -0.255058 0.731954  0.238465 0.112860 1 0 1.000000
0  6.232075 -73.034248 32.074291  0.184111 -0.246770 0.951424  0.236672 0.112860 1 0 1.000000
0  5.527388 -78.748825 30.422680  0.342285 -0.329740 0.879837  0.233570 0.087707 1 0 1.000000
CARSKIN_SKIN1_DMG
0  5.527388 -78.748825 30.422680  0.342285 -0.329740 0.879837  0.233570 0.087707 1 0 1.000000
0  5.923774 -78.748825 30.235497  0.720889 -0.310180 0.619764  0.235315 0.087707 1 0 1.000000
0  6.639472 -73.034248 31.876097  0.631814 -0.255058 0.731954  0.238465 0.112860 1 0 1.000000
CARSKIN_SKIN1_DMG
0  6.639472 -73.034248 31.876097  0.631814 -0.255058 0.731954  0.238465 0.112860 1 0 1.000000
0  5.923774 -78.748825 30.235497  0.720889 -0.310180 0.619764  0.235315 0.087707 1 0 1.000000
0  7.630439 -78.759834 27.020361  0.568682 -0.310222 0.761816  0.242827 0.087659 1 0 1.000000
CARSKIN_SKIN1_DMG
0  6.397236 -84.375313 25.148535  0.651294 -0.386437 0.653056  0.237399 0.062942 1 0 1.000000
0  7.630439 -78.759834 27.020361  0.568682 -0.310222 0.761816  0.242827 0.087659 1 0 1.000000
0  5.923774 -78.748825 30.235497  0.720889 -0.310180 0.619764  0.235315 0.087707 1 0 1.000000
CARSKIN_SKIN1_DMG
0  7.630439 -78.759834 27.020361  0.568682 -0.310222 0.761816  0.242827 0.087659 1 0 1.000000
0  6.397236 -84.375313 25.148535  0.651294 -0.386437 0.653056  0.237399 0.062942 1 0 1.000000
0  7.046870 -84.309250 25.016405  0.159148 -0.385201 0.909006  0.240258 0.063233 1 0 1.000000
CARSKIN_SKIN1_DMG
0  -10.328078 -35.498631 36.753857  -0.629347 -0.086850 0.772256  0.163783 0.278073 1 0 1.000000
0  -13.047732 -33.549732 32.514721  -0.588518 -0.093453 0.803065  0.151812 0.286651 1 0 1.000000
0  -11.583304 -48.216038 31.512743  -0.624184 -0.132602 0.769943  0.158258 0.222097 1 0 1.000000
CARSKIN_SKIN1_DMG
0  -11.583304 -48.216038 31.512743  -0.624184 -0.132602 0.769943  0.158258 0.222097 1 0 1.000000
0  -9.182962 -48.304123 35.972092  -0.645447 -0.130802 0.752522  0.168823 0.221709 1 0 1.000000
0  -10.328078 -35.498631 36.753857  -0.629347 -0.086850 0.772256  0.163783 0.278073 1 0 1.000000
CARSKIN_SKIN1_DMG
0  -9.909671 -35.531662 36.896996  -0.180723 -0.058176 0.981812  0.165624 0.277927 1 0 1.000000
0  -10.328078 -35.498631 36.753857  -0.629347 -0.086850 0.772256  0.163783 0.278073 1 0 1.000000
0  -9.182962 -48.304123 35.972092  -0.645447 -0.130802 0.752522  0.168823 0.221709 1 0 1.000000
CARSKIN_SKIN1_DMG
0  -9.182962 -48.304123 35.972092  -0.645447 -0.130802 0.752522  0.168823 0.221709 1 0 1.000000
0  -8.753544 -48.326145 36.115234  -0.194730 -0.112047 0.974436  0.170713 0.221612 1 0 1.000000
0  -9.909671 -35.531662 36.896996  -0.180723 -0.058176 0.981812  0.165624 0.277927 1 0 1.000000
CARSKIN_SKIN1_DMG
0  -0.000003 -36.016136 37.205296  0.000000 -0.051128 0.998692  0.209242 0.275795 1 0 1.000000
0  -9.909671 -35.531662 36.896996  -0.180723 -0.058176 0.981812  0.165624 0.277927 1 0 1.000000
0  -8.753544 -48.326145 36.115234  -0.194730 -0.112047 0.974436  0.170713 0.221612 1 0 1.000000
CARSKIN_SKIN1_DMG
0  -8.753544 -48.326145 36.115234  -0.194730 -0.112047 0.974436  0.170713 0.221612 1 0 1.000000
0  -0.000004 -48.656467 36.423534  -0.000001 -0.110428 0.993884  0.209242 0.220158 1 0 1.000000
0  -0.000003 -36.016136 37.205296  0.000000 -0.051128 0.998692  0.209242 0.275795 1 0 1.000000
CARSKIN_SKIN1_DMG
0  -0.000003 -36.016136 37.205296  0.000000 -0.051128 0.998692  0.209242 0.275795 1 0 1.000000
0  -0.000004 -48.656467 36.423534  -0.000001 -0.110428 0.993884  0.209242 0.220158 1 0 1.000000
0  8.753536 -48.326145 36.115234  0.194582 -0.112022 0.974468  0.247770 0.221612 1 0 1.000000
CARSKIN_SKIN1_DMG
0  7.542354 -60.966476 34.430588  0.219161 -0.179795 0.958980  0.242439 0.165976 1 0 1.000000
0  8.753536 -48.326145 36.115234  0.194582 -0.112022 0.974468  0.247770 0.221612 1 0 1.000000
0  -0.000004 -48.656467 36.423534  -0.000001 -0.110428 0.993884  0.209242 0.220158 1 0 1.000000
CARSKIN_SKIN1_DMG
0  8.753536 -48.326145 36.115234  0.194582 -0.112022 0.974468  0.247770 0.221612 1 0 1.000000
0  7.542354 -60.966476 34.430588  0.219161 -0.179795 0.958980  0.242439 0.165976 1 0 1.000000
0  7.949751 -60.955467 34.265427  0.651524 -0.186854 0.735257  0.244232 0.166024 1 0 1.000000
CARSKIN_SKIN1_DMG
0  6.639472 -73.034248 31.876097  0.631814 -0.255058 0.731954  0.238465 0.112860 1 0 1.000000
0  7.949751 -60.955467 34.265427  0.651524 -0.186854 0.735257  0.244232 0.166024 1 0 1.000000
0  7.542354 -60.966476 34.430588  0.219161 -0.179795 0.958980  0.242439 0.165976 1 0 1.000000
CARSKIN_SKIN1_DMG
0  7.949751 -60.955467 34.265427  0.651524 -0.186854 0.735257  0.244232 0.166024 1 0 1.000000
0  6.639472 -73.034248 31.876097  0.631814 -0.255058 0.731954  0.238465 0.112860 1 0 1.000000
0  8.577363 -72.902122 28.330639  0.681553 -0.224545 0.696466  0.246995 0.113441 1 0 1.000000
CARSKIN_SKIN1_DMG
0  7.630439 -78.759834 27.020361  0.568682 -0.310222 0.761816  0.242827 0.087659 1 0 1.000000
0  8.577363 -72.902122 28.330639  0.681553 -0.224545 0.696466  0.246995 0.113441 1 0 1.000000
0  6.639472 -73.034248 31.876097  0.631814 -0.255058 0.731954  0.238465 0.112860 1 0 1.000000
CARSKIN_SKIN1_DMG
0  9.909665 -35.531662 36.896996  0.180572 -0.058152 0.981841  0.252859 0.277927 1 0 1.000000
0  8.753536 -48.326145 36.115234  0.194582 -0.112022 0.974468  0.247770 0.221612 1 0 1.000000
0  9.182955 -48.304123 35.972092  0.645325 -0.130822 0.752623  0.249660 0.221709 1 0 1.000000
CARSKIN_SKIN1_DMG
0  8.753536 -48.326145 36.115234  0.194582 -0.112022 0.974468  0.247770 0.221612 1 0 1.000000
0  9.909665 -35.531662 36.896996  0.180572 -0.058152 0.981841  0.252859 0.277927 1 0 1.000000
0  -0.000003 -36.016136 37.205296  0.000000 -0.051128 0.998692  0.209242 0.275795 1 0 1.000000
CARSKIN_SKIN1_DMG
0  -0.000003 -20.832323 37.634716  -0.000000 -0.029179 0.999574  0.209242 0.342626 1 0 1.000000
0  -0.000003 -36.016136 37.205296  0.000000 -0.051128 0.998692  0.209242 0.275795 1 0 1.000000
0  9.909665 -35.531662 36.896996  0.180572 -0.058152 0.981841  0.252859 0.277927 1 0 1.000000
CARSKIN_SKIN1_DMG
0  -9.909671 -35.531662 36.896996  -0.180723 -0.058176 0.981812  0.165624 0.277927 1 0 1.000000
0  -0.000003 -36.016136 37.205296  0.000000 -0.051128 0.998692  0.209242 0.275795 1 0 1.000000
0  -0.000003 -20.832323 37.634716  -0.000000 -0.029179 0.999574  0.209242 0.342626 1 0 1.000000
CARSKIN_SKIN1_DMG
0  -0.000003 -20.832323 37.634716  -0.000000 -0.029179 0.999574  0.209242 0.342626 1 0 1.000000
0  -10.966702 -20.755249 37.304394  -0.215968 -0.042817 0.975461  0.160972 0.342965 1 0 1.000000
0  -9.909671 -35.531662 36.896996  -0.180723 -0.058176 0.981812  0.165624 0.277927 1 0 1.000000
CARSKIN_SKIN1_DMG
0  -10.328078 -35.498631 36.753857  -0.629347 -0.086850 0.772256  0.163783 0.278073 1 0 1.000000
0  -9.909671 -35.531662 36.896996  -0.180723 -0.058176 0.981812  0.165624 0.277927 1 0 1.000000
0  -10.966702 -20.755249 37.304394  -0.215968 -0.042817 0.975461  0.160972 0.342965 1 0 1.000000
CARSKIN_SKIN1_DMG
0  -10.966702 -20.755249 37.304394  -0.215968 -0.042817 0.975461  0.160972 0.342965 1 0 1.000000
0  -11.352077 -20.733227 37.183273  -0.699214 -0.074590 0.711011  0.159275 0.343062 1 0 1.000000
0  -10.328078 -35.498631 36.753857  -0.629347 -0.086850 0.772256  0.163783 0.278073 1 0 1.000000
CARSKIN_SKIN1_DMG
0  -13.047732 -33.549732 32.514721  -0.588518 -0.093453 0.803065  0.151812 0.286651 1 0 1.000000
0  -10.328078 -35.498631 36.753857  -0.629347 -0.086850 0.772256  0.163783 0.278073 1 0 1.000000
0  -11.352077 -20.733227 37.183273  -0.699214 -0.074590 0.711011  0.159275 0.343062 1 0 1.000000
CARSKIN_SKIN1_DMG
0  -11.352077 -20.733227 37.183273  -0.699214 -0.074590 0.711011  0.159275 0.343062 1 0 1.000000
0  -13.961623 -22.913353 32.856052  -0.441620 -0.067542 0.894656  0.147790 0.333467 1 0 1.000000
0  -13.047732 -33.549732 32.514721  -0.588518 -0.093453 0.803065  0.151812 0.286651 1 0 1.000000
CARSKIN_SKIN1_DMG
0  -13.741408 -33.505688 32.360569  -0.208327 -0.063998 0.975963  0.148759 0.286844 1 0 1.000000
0  -13.047732 -33.549732 32.514721  -0.588518 -0.093453 0.803065  0.151812 0.286651 1 0 1.000000
0  -13.961623 -22.913353 32.856052  -0.441620 -0.067542 0.894656  0.147790 0.333467 1 0 1.000000
CARSKIN_SKIN1_DMG
0  -13.961623 -22.913353 32.856052  -0.441620 -0.067542 0.894656  0.147790 0.333467 1 0 1.000000
0  -14.578225 -22.858299 32.745945  -0.181214 -0.049923 0.982176  0.145076 0.333709 1 0 1.000000
0  -13.741408 -33.505688 32.360569  -0.208327 -0.063998 0.975963  0.148759 0.286844 1 0 1.000000
CARSKIN_SKIN1_DMG
0  9.909665 -35.531662 36.896996  0.180572 -0.058152 0.981841  0.252859 0.277927 1 0 1.000000
0  10.966696 -20.755249 37.304394  0.215870 -0.042811 0.975483  0.257511 0.342965 1 0 1.000000
0  -0.000003 -20.832323 37.634716  -0.000000 -0.029179 0.999574  0.209242 0.342626 1 0 1.000000
CARSKIN_SKIN1_DMG
0  10.966696 -20.755249 37.304394  0.215870 -0.042811 0.975483  0.257511 0.342965 1 0 1.000000
0  9.909665 -35.531662 36.896996  0.180572 -0.058152 0.981841  0.252859 0.277927 1 0 1.000000
0  10.328073 -35.498631 36.753857  0.629182 -0.086804 0.772396  0.254700 0.278073 1 0 1.000000
CARSKIN_SKIN1_DMG
0  9.182955 -48.304123 35.972092  0.645325 -0.130822 0.752623  0.249660 0.221709 1 0 1.000000
0  10.328073 -35.498631 36.753857  0.629182 -0.086804 0.772396  0.254700 0.278073 1 0 1.000000
0  9.909665 -35.531662 36.896996  0.180572 -0.058152 0.981841  0.252859 0.277927 1 0 1.000000
CARSKIN_SKIN1_DMG
0  10.328073 -35.498631 36.753857  0.629182 -0.086804 0.772396  0.254700 0.278073 1 0 1.000000
0  9.182955 -48.304123 35.972092  0.645325 -0.130822 0.752623  0.249660 0.221709 1 0 1.000000
0  11.583297 -48.216038 31.512743  0.624252 -0.132575 0.769891  0.260225 0.222097 1 0 1.000000
CARSKIN_SKIN1_DMG
0  10.184933 -60.856369 30.147411  0.631677 -0.175372 0.755135  0.254070 0.166461 1 0 1.000000
0  11.583297 -48.216038 31.512743  0.624252 -0.132575 0.769891  0.260225 0.222097 1 0 1.000000
0  9.182955 -48.304123 35.972092  0.645325 -0.130822 0.752623  0.249660 0.221709 1 0 1.000000
CARSKIN_SKIN1_DMG
0  11.583297 -48.216038 31.512743  0.624252 -0.132575 0.769891  0.260225 0.222097 1 0 1.000000
0  10.184933 -60.856369 30.147411  0.631677 -0.175372 0.755135  0.254070 0.166461 1 0 1.000000
0  10.856587 -60.823338 29.927197  0.298098 -0.150617 0.942577  0.257027 0.166606 1 0 1.000000
CARSKIN_SKIN1_DMG
0  9.226996 -72.891113 28.121435  0.194858 -0.214984 0.956981  0.249854 0.113490 1 0 1.000000
0  10.856587 -60.823338 29.927197  0.298098 -0.150617 0.942577  0.257027 0.166606 1 0 1.000000
0  10.184933 -60.856369 30.147411  0.631677 -0.175372 0.755135  0.254070 0.166461 1 0 1.000000
CARSKIN_SKIN1_DMG
0  10.856587 -60.823338 29.927197  0.298098 -0.150617 0.942577  0.257027 0.166606 1 0 1.000000
0  12.276974 -48.171997 31.314550  0.258962 -0.106655 0.959981  0.263279 0.222291 1 0 1.000000
0  11.583297 -48.216038 31.512743  0.624252 -0.132575 0.769891  0.260225 0.222097 1 0 1.000000
CARSKIN_SKIN1_DMG
0  13.047727 -33.549732 32.514721  0.588494 -0.093424 0.803086  0.266671 0.286651 1 0 1.000000
0  11.583297 -48.216038 31.512743  0.624252 -0.132575 0.769891  0.260225 0.222097 1 0 1.000000
0  12.276974 -48.171997 31.314550  0.258962 -0.106655 0.959981  0.263279 0.222291 1 0 1.000000
CARSKIN_SKIN1_DMG
0  11.583297 -48.216038 31.512743  0.624252 -0.132575 0.769891  0.260225 0.222097 1 0 1.000000
0  13.047727 -33.549732 32.514721  0.588494 -0.093424 0.803086  0.266671 0.286651 1 0 1.000000
0  10.328073 -35.498631 36.753857  0.629182 -0.086804 0.772396  0.254700 0.278073 1 0 1.000000
CARSKIN_SKIN1_DMG
0  11.352072 -20.733227 37.183273  0.699175 -0.074589 0.711049  0.259208 0.343062 1 0 1.000000
0  10.328073 -35.498631 36.753857  0.629182 -0.086804 0.772396  0.254700 0.278073 1 0 1.000000
0  13.047727 -33.549732 32.514721  0.588494 -0.093424 0.803086  0.266671 0.286651 1 0 1.000000
CARSKIN_SKIN1_DMG
0  10.328073 -35.498631 36.753857  0.629182 -0.086804 0.772396  0.254700 0.278073 1 0 1.000000
0  11.352072 -20.733227 37.183273  0.699175 -0.074589 0.711049  0.259208 0.343062 1 0 1.000000
0  10.966696 -20.755249 37.304394  0.215870 -0.042811 0.975483  0.257511 0.342965 1 0 1.000000
CARSKIN_SKIN1_DMG
0  12.276974 -48.171997 31.314550  0.258962 -0.106655 0.959981  0.263279 0.222291 1 0 1.000000
0  13.741403 -33.505688 32.360569  0.208328 -0.063997 0.975963  0.269724 0.286844 1 0 1.000000
0  13.047727 -33.549732 32.514721  0.588494 -0.093424 0.803086  0.266671 0.286651 1 0 1.000000
CARSKIN_SKIN1_DMG
0  13.961617 -22.913353 32.856052  0.441618 -0.067563 0.894655  0.270693 0.333467 1 0 1.000000
0  13.047727 -33.549732 32.514721  0.588494 -0.093424 0.803086  0.266671 0.286651 1 0 1.000000
0  13.741403 -33.505688 32.360569  0.208328 -0.063997 0.975963  0.269724 0.286844 1 0 1.000000
CARSKIN_SKIN1_DMG
0  13.047727 -33.549732 32.514721  0.588494 -0.093424 0.803086  0.266671 0.286651 1 0 1.000000
0  13.961617 -22.913353 32.856052  0.441618 -0.067563 0.894655  0.270693 0.333467 1 0 1.000000
0  11.352072 -20.733227 37.183273  0.699175 -0.074589 0.711049  0.259208 0.343062 1 0 1.000000
CARSKIN_SKIN1_DMG
0  13.741403 -33.505688 32.360569  0.208328 -0.063997 0.975963  0.269724 0.286844 1 0 1.000000
0  14.578219 -22.858299 32.745945  0.181307 -0.049939 0.982158  0.273407 0.333709 1 0 1.000000
0  13.961617 -22.913353 32.856052  0.441618 -0.067563 0.894655  0.270693 0.333467 1 0 1.000000
CARSKIN_SKIN1_DMG
0  21.140621 -72.847069 27.196533  0.118736 -0.225223 0.967045  0.302292 0.113684 1 0 1.000000
0  19.610126 -74.069260 27.108446  0.122760 -0.242821 0.962272  0.295555 0.108304 1 0 1.000000
0  22.682125 -77.889984 25.743116  0.118902 -0.260025 0.958253  0.309077 0.091487 1 0 1.000000
CARSKIN_SKIN1_DMG
0  22.682125 -77.889984 25.743116  0.118902 -0.260025 0.958253  0.309077 0.091487 1 0 1.000000
0  19.610126 -74.069260 27.108446  0.122760 -0.242821 0.962272  0.295555 0.108304 1 0 1.000000
0  17.826387 -75.082245 27.053392  0.102766 -0.250098 0.962751  0.287704 0.103846 1 0 1.000000
CARSKIN_SKIN1_DMG
0  17.826387 -75.082245 27.053392  0.102766 -0.250098 0.962751  0.287704 0.103846 1 0 1.000000
0  18.013569 -78.297386 26.205566  0.098674 -0.287567 0.952664  0.288528 0.089694 1 0 1.000000
0  22.682125 -77.889984 25.743116  0.118902 -0.260025 0.958253  0.309077 0.091487 1 0 1.000000
CARSKIN_SKIN1_DMG
0  21.680147 -82.723701 24.212622  0.122751 -0.345985 0.930176  0.304667 0.070212 1 0 1.000000
0  22.682125 -77.889984 25.743116  0.118902 -0.260025 0.958253  0.309077 0.091487 1 0 1.000000
0  18.013569 -78.297386 26.205566  0.098674 -0.287567 0.952664  0.288528 0.089694 1 0 1.000000
CARSKIN_SKIN1_DMG
0  18.013569 -78.297386 26.205566  0.098674 -0.287567 0.952664  0.288528 0.089694 1 0 1.000000
0  17.980537 -83.263229 24.498901  0.100730 -0.370087 0.923520  0.288383 0.067837 1 0 1.000000
0  21.680147 -82.723701 24.212622  0.122751 -0.345985 0.930176  0.304667 0.070212 1 0 1.000000
CARSKIN_SKIN1_DMG
0  21.680147 -82.723701 24.212622  0.122751 -0.345985 0.930176  0.304667 0.070212 1 0 1.000000
0  17.980537 -83.263229 24.498901  0.100730 -0.370087 0.923520  0.288383 0.067837 1 0 1.000000
0  20.953438 -85.674583 23.045483  0.128194 -0.444440 0.886589  0.301468 0.057223 1 0 1.000000
CARSKIN_SKIN1_DMG
0  20.953438 -85.674583 23.045483  0.128194 -0.444440 0.886589  0.301468 0.057223 1 0 1.000000
0  17.980537 -83.263229 24.498901  0.100730 -0.370087 0.923520  0.288383 0.067837 1 0 1.000000
0  17.958513 -88.163010 22.142601  0.115077 -0.447783 0.886706  0.288286 0.046271 1 0 1.000000
CARSKIN_SKIN1_DMG
0  17.958513 -88.163010 22.142601  0.115077 -0.447783 0.886706  0.288286 0.046271 1 0 1.000000
0  17.980537 -83.263229 24.498901  0.100730 -0.370087 0.923520  0.288383 0.067837 1 0 1.000000
0  11.263984 -84.000946 24.873266  0.077364 -0.369584 0.925971  0.258820 0.064590 1 0 1.000000
CARSKIN_SKIN1_DMG
0  11.263984 -84.000946 24.873266  0.077364 -0.369584 0.925971  0.258820 0.064590 1 0 1.000000
0  11.208930 -89.308128 22.417870  0.075056 -0.425995 0.901607  0.258578 0.041230 1 0 1.000000
0  17.958513 -88.163010 22.142601  0.115077 -0.447783 0.886706  0.288286 0.046271 1 0 1.000000
CARSKIN_SKIN1_DMG
0  11.208930 -89.308128 22.417870  0.075056 -0.425995 0.901607  0.258578 0.041230 1 0 1.000000
0  11.263984 -84.000946 24.873266  0.077364 -0.369584 0.925971  0.258820 0.064590 1 0 1.000000
0  7.046870 -84.309250 25.016405  0.159148 -0.385201 0.909006  0.240258 0.063233 1 0 1.000000
CARSKIN_SKIN1_DMG
0  8.247041 -78.825897 26.778124  0.071754 -0.274980 0.958769  0.245541 0.087368 1 0 1.000000
0  7.046870 -84.309250 25.016405  0.159148 -0.385201 0.909006  0.240258 0.063233 1 0 1.000000
0  11.263984 -84.000946 24.873266  0.077364 -0.369584 0.925971  0.258820 0.064590 1 0 1.000000
CARSKIN_SKIN1_DMG
0  7.046870 -84.309250 25.016405  0.159148 -0.385201 0.909006  0.240258 0.063233 1 0 1.000000
0  8.247041 -78.825897 26.778124  0.071754 -0.274980 0.958769  0.245541 0.087368 1 0 1.000000
0  7.630439 -78.759834 27.020361  0.568682 -0.310222 0.761816  0.242827 0.087659 1 0 1.000000
CARSKIN_SKIN1_DMG
0  7.630439 -78.759834 27.020361  0.568682 -0.310222 0.761816  0.242827 0.087659 1 0 1.000000
0  8.247041 -78.825897 26.778124  0.071754 -0.274980 0.958769  0.245541 0.087368 1 0 1.000000
0  9.226996 -72.891113 28.121435  0.194858 -0.214984 0.956981  0.249854 0.113490 1 0 1.000000
CARSKIN_SKIN1_DMG
0  9.226996 -72.891113 28.121435  0.194858 -0.214984 0.956981  0.249854 0.113490 1 0 1.000000
0  8.577363 -72.902122 28.330639  0.681553 -0.224545 0.696466  0.246995 0.113441 1 0 1.000000
0  7.630439 -78.759834 27.020361  0.568682 -0.310222 0.761816  0.242827 0.087659 1 0 1.000000
CARSKIN_SKIN1_DMG
0  10.184933 -60.856369 30.147411  0.631677 -0.175372 0.755135  0.254070 0.166461 1 0 1.000000
0  8.577363 -72.902122 28.330639  0.681553 -0.224545 0.696466  0.246995 0.113441 1 0 1.000000
0  9.226996 -72.891113 28.121435  0.194858 -0.214984 0.956981  0.249854 0.113490 1 0 1.000000
CARSKIN_SKIN1_DMG
0  8.577363 -72.902122 28.330639  0.681553 -0.224545 0.696466  0.246995 0.113441 1 0 1.000000
0  10.184933 -60.856369 30.147411  0.631677 -0.175372 0.755135  0.254070 0.166461 1 0 1.000000
0  7.949751 -60.955467 34.265427  0.651524 -0.186854 0.735257  0.244232 0.166024 1 0 1.000000
CARSKIN_SKIN1_DMG
0  9.182955 -48.304123 35.972092  0.645325 -0.130822 0.752623  0.249660 0.221709 1 0 1.000000
0  7.949751 -60.955467 34.265427  0.651524 -0.186854 0.735257  0.244232 0.166024 1 0 1.000000
0  10.184933 -60.856369 30.147411  0.631677 -0.175372 0.755135  0.254070 0.166461 1 0 1.000000
CARSKIN_SKIN1_DMG
0  7.949751 -60.955467 34.265427  0.651524 -0.186854 0.735257  0.244232 0.166024 1 0 1.000000
0  9.182955 -48.304123 35.972092  0.645325 -0.130822 0.752623  0.249660 0.221709 1 0 1.000000
0  8.753536 -48.326145 36.115234  0.194582 -0.112022 0.974468  0.247770 0.221612 1 0 1.000000
CARSKIN_SKIN1_DMG
0  17.958513 -88.163010 22.142601  0.115077 -0.447783 0.886706  0.288286 0.046271 1 0 1.000000
0  20.281780 -87.656517 21.988451  0.165507 -0.505446 0.846836  0.298512 0.048500 1 0 1.000000
0  20.953438 -85.674583 23.045483  0.128194 -0.444440 0.886589  0.301468 0.057223 1 0 1.000000
CARSKIN_SKIN1_DMG
0  17.980537 -83.263229 24.498901  0.100730 -0.370087 0.923520  0.288383 0.067837 1 0 1.000000
0  18.013569 -78.297386 26.205566  0.098674 -0.287567 0.952664  0.288528 0.089694 1 0 1.000000
0  11.274995 -78.693771 26.634985  0.071410 -0.296486 0.952364  0.258868 0.087949 1 0 1.000000
CARSKIN_SKIN1_DMG
0  11.274995 -78.693771 26.634985  0.071410 -0.296486 0.952364  0.258868 0.087949 1 0 1.000000
0  11.263984 -84.000946 24.873266  0.077364 -0.369584 0.925971  0.258820 0.064590 1 0 1.000000
0  17.980537 -83.263229 24.498901  0.100730 -0.370087 0.923520  0.288383 0.067837 1 0 1.000000
CARSKIN_SKIN1_DMG
0  11.263984 -84.000946 24.873266  0.077364 -0.369584 0.925971  0.258820 0.064590 1 0 1.000000
0  11.274995 -78.693771 26.634985  0.071410 -0.296486 0.952364  0.258868 0.087949 1 0 1.000000
0  8.247041 -78.825897 26.778124  0.071754 -0.274980 0.958769  0.245541 0.087368 1 0 1.000000
CARSKIN_SKIN1_DMG
0  8.247041 -78.825897 26.778124  0.071754 -0.274980 0.958769  0.245541 0.087368 1 0 1.000000
0  11.274995 -78.693771 26.634985  0.071410 -0.296486 0.952364  0.258868 0.087949 1 0 1.000000
0  10.570308 -77.768867 26.943285  0.065276 -0.260878 0.963162  0.255767 0.092020 1 0 1.000000
CARSKIN_SKIN1_DMG
0  10.570308 -77.768867 26.943285  0.065276 -0.260878 0.963162  0.255767 0.092020 1 0 1.000000
0  9.634395 -77.658760 27.020361  0.044580 -0.255427 0.965800  0.251647 0.092505 1 0 1.000000
0  8.247041 -78.825897 26.778124  0.071754 -0.274980 0.958769  0.245541 0.087368 1 0 1.000000
CARSKIN_SKIN1_DMG
0  9.050825 -77.009125 27.207542  0.028807 -0.245398 0.968994  0.249079 0.095364 1 0 1.000000
0  8.247041 -78.825897 26.778124  0.071754 -0.274980 0.958769  0.245541 0.087368 1 0 1.000000
0  9.634395 -77.658760 27.020361  0.044580 -0.255427 0.965800  0.251647 0.092505 1 0 1.000000
CARSKIN_SKIN1_DMG
0  8.247041 -78.825897 26.778124  0.071754 -0.274980 0.958769  0.245541 0.087368 1 0 1.000000
0  9.050825 -77.009125 27.207542  0.028807 -0.245398 0.968994  0.249079 0.095364 1 0 1.000000
0  8.863643 -76.029175 27.460791  -0.136331 -0.206096 0.968988  0.248255 0.099678 1 0 1.000000
CARSKIN_SKIN1_DMG
0  9.226996 -72.891113 28.121435  0.194858 -0.214984 0.956981  0.249854 0.113490 1 0 1.000000
0  8.247041 -78.825897 26.778124  0.071754 -0.274980 0.958769  0.245541 0.087368 1 0 1.000000
0  8.863643 -76.029175 27.460791  -0.136331 -0.206096 0.968988  0.248255 0.099678 1 0 1.000000
CARSKIN_SKIN1_DMG
0  18.013569 -78.297386 26.205566  0.098674 -0.287567 0.952664  0.288528 0.089694 1 0 1.000000
0  17.826387 -75.082245 27.053392  0.102766 -0.250098 0.962751  0.287704 0.103846 1 0 1.000000
0  10.570308 -77.768867 26.943285  0.065276 -0.260878 0.963162  0.255767 0.092020 1 0 1.000000
CARSKIN_SKIN1_DMG
0  10.570308 -77.768867 26.943285  0.065276 -0.260878 0.963162  0.255767 0.092020 1 0 1.000000
0  11.274995 -78.693771 26.634985  0.071410 -0.296486 0.952364  0.258868 0.087949 1 0 1.000000
0  18.013569 -78.297386 26.205566  0.098674 -0.287567 0.952664  0.288528 0.089694 1 0 1.000000
CARSKIN_SKIN1_DMG
0  -21.900368 -23.970383 31.986202  -0.186115 -0.373983 0.908569  0.112847 0.328814 1 0 1.000000
0  -28.099415 -21.492966 31.699924  -0.144095 -0.226330 0.963333  0.085562 0.339718 1 0 1.000000
0  -26.954298 -24.675070 29.585861  -0.276141 -0.596194 0.753856  0.090602 0.325712 1 0 1.000000
CARSKIN_SKIN1_DMG
0  -26.954298 -24.675070 29.585861  -0.276141 -0.596194 0.753856  0.090602 0.325712 1 0 1.000000
0  -21.889357 -26.800144 29.773045  -0.258952 -0.593781 0.761819  0.112896 0.316359 1 0 1.000000
0  -21.900368 -23.970383 31.986202  -0.186115 -0.373983 0.908569  0.112847 0.328814 1 0 1.000000
CARSKIN_SKIN1_DMG
0  -21.889357 -26.800144 29.773045  -0.258952 -0.593781 0.761819  0.112896 0.316359 1 0 1.000000
0  -16.361965 -28.870165 29.993261  -0.250631 -0.591448 0.766403  0.137224 0.307248 1 0 1.000000
0  -16.295900 -25.996361 32.228443  -0.202384 -0.454443 0.867480  0.137515 0.319897 1 0 1.000000
CARSKIN_SKIN1_DMG
0  -16.295900 -25.996361 32.228443  -0.202384 -0.454443 0.867480  0.137515 0.319897 1 0 1.000000
0  -21.900368 -23.970383 31.986202  -0.186115 -0.373983 0.908569  0.112847 0.328814 1 0 1.000000
0  -21.889357 -26.800144 29.773045  -0.258952 -0.593781 0.761819  0.112896 0.316359 1 0 1.000000
CARSKIN_SKIN1_DMG
0  -21.900368 -23.970383 31.986202  -0.186115 -0.373983 0.908569  0.112847 0.328814 1 0 1.000000
0  -16.295900 -25.996361 32.228443  -0.202384 -0.454443 0.867480  0.137515 0.319897 1 0 1.000000
0  -15.789407 -22.748192 32.690891  -0.176886 -0.105004 0.978614  0.139745 0.334193 1 0 1.000000
CARSKIN_SKIN1_DMG
0  -15.789407 -22.748192 32.690891  -0.176886 -0.105004 0.978614  0.139745 0.334193 1 0 1.000000
0  -20.920412 -20.149658 32.536743  -0.094547 -0.103974 0.990076  0.117160 0.345631 1 0 1.000000
0  -21.900368 -23.970383 31.986202  -0.186115 -0.373983 0.908569  0.112847 0.328814 1 0 1.000000
CARSKIN_SKIN1_DMG
0  -28.099415 -21.492966 31.699924  -0.144095 -0.226330 0.963333  0.085562 0.339718 1 0 1.000000
0  -21.900368 -23.970383 31.986202  -0.186115 -0.373983 0.908569  0.112847 0.328814 1 0 1.000000
0  -20.920412 -20.149658 32.536743  -0.094547 -0.103974 0.990076  0.117160 0.345631 1 0 1.000000
CARSKIN_SKIN1_DMG
0  -20.920412 -20.149658 32.536743  -0.094547 -0.103974 0.990076  0.117160 0.345631 1 0 1.000000
0  -26.007374 -15.844457 32.349560  -0.091429 -0.065002 0.993688  0.094770 0.364580 1 0 1.000000
0  -28.099415 -21.492966 31.699924  -0.144095 -0.226330 0.963333  0.085562 0.339718 1 0 1.000000
CARSKIN_SKIN1_DMG
0  -26.007374 -15.844457 32.349560  -0.091429 -0.065002 0.993688  0.094770 0.364580 1 0 1.000000
0  -29.112404 -15.382006 32.107323  -0.086890 -0.058777 0.994483  0.081103 0.366616 1 0 1.000000
0  -28.099415 -21.492966 31.699924  -0.144095 -0.226330 0.963333  0.085562 0.339718 1 0 1.000000
CARSKIN_SKIN1_DMG
0  -26.007374 -15.844457 32.349560  -0.091429 -0.065002 0.993688  0.094770 0.364580 1 0 1.000000
0  -29.607887 -11.594310 32.206421  -0.086942 -0.031962 0.995700  0.078923 0.383287 1 0 1.000000
0  -29.112404 -15.382006 32.107323  -0.086890 -0.058777 0.994483  0.081103 0.366616 1 0 1.000000
CARSKIN_SKIN1_DMG
0  -16.009621 -29.310595 30.081347  -0.943265 -0.070421 0.324488  0.138775 0.305309 1 0 1.000000
0  -15.128762 -33.065258 31.920141  -0.892906 0.011269 0.450102  0.142652 0.288783 1 0 1.000000
0  -14.952590 -33.318504 32.261475  -0.836522 -0.088346 0.540765  0.143428 0.287668 1 0 1.000000
CARSKIN_SKIN1_DMG
0  -14.952590 -33.318504 32.261475  -0.836522 -0.088346 0.540765  0.143428 0.287668 1 0 1.000000
0  -16.042652 -26.150513 32.360569  -0.753918 -0.123350 0.645285  0.138630 0.319218 1 0 1.000000
0  -16.009621 -29.310595 30.081347  -0.943265 -0.070421 0.324488  0.138775 0.305309 1 0 1.000000
CARSKIN_SKIN1_DMG
0  -16.042652 -26.150513 32.360569  -0.753918 -0.123350 0.645285  0.138630 0.319218 1 0 1.000000
0  -14.952590 -33.318504 32.261475  -0.836522 -0.088346 0.540765  0.143428 0.287668 1 0 1.000000
0  -15.789407 -22.748192 32.690891  -0.176987 -0.104991 0.978597  0.139745 0.334193 1 0 1.000000
CARSKIN_SKIN1_DMG
0  -14.787429 -39.660690 29.332617  -0.964768 -0.082381 0.249871  0.144155 0.259753 1 0 1.000000
0  -14.027688 -43.558495 31.116356  -0.942299 -0.032863 0.333156  0.147499 0.242597 1 0 1.000000
0  -13.873538 -43.745678 31.512743  -0.940403 -0.101690 0.324502  0.148177 0.241773 1 0 1.000000
CARSKIN_SKIN1_DMG
0  -13.873538 -43.745678 31.512743  -0.940403 -0.101690 0.324502  0.148177 0.241773 1 0 1.000000
0  -14.831472 -36.489597 31.611839  -0.945172 -0.128543 0.300210  0.143961 0.273711 1 0 1.000000
0  -14.787429 -39.660690 29.332617  -0.964768 -0.082381 0.249871  0.144155 0.259753 1 0 1.000000
CARSKIN_SKIN1_DMG
0  -14.831472 -36.489597 31.611839  -0.945172 -0.128543 0.300210  0.143961 0.273711 1 0 1.000000
0  -13.873538 -43.745678 31.512743  -0.940403 -0.101690 0.324502  0.148177 0.241773 1 0 1.000000
0  -14.952590 -33.318504 32.261475  -0.836524 -0.088392 0.540753  0.143428 0.287668 1 0 1.000000
CARSKIN_SKIN1_DMG
0  -13.444119 -48.238060 31.160398  -0.954191 -0.127817 0.270523  0.150067 0.222000 1 0 1.000000
0  -12.970657 -53.985668 30.356615  -0.960693 -0.114648 0.252834  0.152151 0.196702 1 0 1.000000
0  -12.838529 -54.095776 30.708960  -0.940593 -0.127672 0.314617  0.152733 0.196217 1 0 1.000000
CARSKIN_SKIN1_DMG
0  -13.444119 -48.238060 31.160398  -0.954191 -0.127817 0.270523  0.150067 0.222000 1 0 1.000000
0  -13.719388 -49.999779 28.528831  -0.972079 -0.134635 0.192190  0.148856 0.214246 1 0 1.000000
0  -12.970657 -53.985668 30.356615  -0.960693 -0.114648 0.252834  0.152151 0.196702 1 0 1.000000
CARSKIN_SKIN1_DMG
0  -13.444119 -48.238060 31.160398  -0.954191 -0.127817 0.270523  0.150067 0.222000 1 0 1.000000
0  -13.763432 -46.839695 30.808056  -0.947212 -0.140918 0.287977  0.148662 0.228155 1 0 1.000000
0  -13.719388 -49.999779 28.528831  -0.972079 -0.134635 0.192190  0.148856 0.214246 1 0 1.000000
CARSKIN_SKIN1_DMG
0  -13.763432 -46.839695 30.808056  -0.947212 -0.140918 0.287977  0.148662 0.228155 1 0 1.000000
0  -13.444119 -48.238060 31.160398  -0.954191 -0.127817 0.270523  0.150067 0.222000 1 0 1.000000
0  -13.873538 -43.745678 31.512743  -0.940385 -0.101721 0.324545  0.148177 0.241773 1 0 1.000000
CARSKIN_SKIN1_DMG
0  -12.552250 -56.639256 30.488745  -0.937666 -0.139956 0.318113  0.153993 0.185022 1 0 1.000000
0  -12.838529 -54.095776 30.708960  -0.940591 -0.127667 0.314627  0.152733 0.196217 1 0 1.000000
0  -12.596292 -57.762352 29.850121  -0.956596 -0.136721 0.257353  0.153799 0.180079 1 0 1.000000
CARSKIN_SKIN1_DMG
0  -11.715433 -64.809227 29.266552  -0.952089 -0.141326 0.271206  0.157676 0.149062 1 0 1.000000
0  -12.552250 -56.639256 30.488745  -0.937666 -0.139956 0.318113  0.153993 0.185022 1 0 1.000000
0  -12.596292 -57.762352 29.850121  -0.956596 -0.136721 0.257353  0.153799 0.180079 1 0 1.000000
CARSKIN_SKIN1_DMG
0  -11.715433 -64.809227 29.266552  -0.952089 -0.141326 0.271206  0.157676 0.149062 1 0 1.000000
0  -11.572293 -64.886299 29.618895  -0.897366 -0.166480 0.408679  0.158306 0.148723 1 0 1.000000
0  -12.552250 -56.639256 30.488745  -0.937666 -0.139956 0.318113  0.153993 0.185022 1 0 1.000000
CARSKIN_SKIN1_DMG
0  -11.715433 -64.809227 29.266552  -0.952089 -0.141326 0.271206  0.157676 0.149062 1 0 1.000000
0  -12.596292 -57.762352 29.850121  -0.956596 -0.136721 0.257353  0.153799 0.180079 1 0 1.000000
0  -12.541239 -60.823338 27.548876  -0.978725 -0.134505 0.154938  0.154041 0.166606 1 0 1.000000
CARSKIN_SKIN1_DMG
0  -10.471220 -73.001221 28.429735  -0.944337 -0.176581 0.277572  0.163153 0.113005 1 0 1.000000
0  -11.572293 -64.886299 29.618895  -0.897355 -0.166488 0.408700  0.158306 0.148723 1 0 1.000000
0  -11.308036 -67.539894 29.057348  -0.926978 -0.180126 0.329039  0.159469 0.137043 1 0 1.000000
CARSKIN_SKIN1_DMG
0  -11.308036 -67.539894 29.057348  -0.926978 -0.180126 0.329039  0.159469 0.137043 1 0 1.000000
0  -11.109842 -71.690941 26.161522  -0.965813 -0.143344 0.216003  0.160342 0.118772 1 0 1.000000
0  -10.471220 -73.001221 28.429735  -0.944337 -0.176581 0.277572  0.163153 0.113005 1 0 1.000000
CARSKIN_SKIN1_DMG
0  -10.184941 -75.060226 28.055370  -0.946902 0.069116 0.314006  0.164413 0.103942 1 0 1.000000
0  -10.471220 -73.001221 28.429735  -0.944337 -0.176581 0.277572  0.163153 0.113005 1 0 1.000000
0  -11.109842 -71.690941 26.161522  -0.965813 -0.143344 0.216003  0.160342 0.118772 1 0 1.000000
CARSKIN_SKIN1_DMG
0  -11.109842 -71.690941 26.161522  -0.965813 -0.143344 0.216003  0.160342 0.118772 1 0 1.000000
0  -10.295049 -74.972137 27.736059  -0.934887 0.085507 0.344492  0.163928 0.104330 1 0 1.000000
0  -10.184941 -75.060226 28.055370  -0.946902 0.069116 0.314006  0.164413 0.103942 1 0 1.000000
CARSKIN_SKIN1_DMG
0  -10.184941 -75.060226 28.055370  -0.946902 0.069116 0.314006  0.164413 0.103942 1 0 1.000000
0  -10.295049 -74.972137 27.736059  -0.934887 0.085507 0.344492  0.163928 0.104330 1 0 1.000000
0  -10.328080 -75.137299 27.758080  -0.815538 0.391399 0.426267  0.163783 0.103603 1 0 1.000000
CARSKIN_SKIN1_DMG
0  -10.328080 -75.137299 27.758080  -0.815538 0.391399 0.426267  0.163783 0.103603 1 0 1.000000
0  -10.273026 -75.280441 28.000317  -0.706393 0.542267 0.454924  0.164025 0.102973 1 0 1.000000
0  -10.184941 -75.060226 28.055370  -0.946902 0.069116 0.314006  0.164413 0.103942 1 0 1.000000
CARSKIN_SKIN1_DMG
0  -10.273026 -75.280441 28.000317  -0.706393 0.542267 0.454924  0.164025 0.102973 1 0 1.000000
0  -10.328080 -75.137299 27.758080  -0.815538 0.391399 0.426267  0.163783 0.103603 1 0 1.000000
0  -10.449199 -75.269432 27.769091  -0.413498 0.760205 0.501107  0.163249 0.103022 1 0 1.000000
CARSKIN_SKIN1_DMG
0  -10.449199 -75.269432 27.769091  -0.413498 0.760205 0.501107  0.163249 0.103022 1 0 1.000000
0  -10.427177 -75.379539 27.967285  -0.194386 0.854025 0.482551  0.163346 0.102537 1 0 1.000000
0  -10.273026 -75.280441 28.000317  -0.706393 0.542267 0.454924  0.164025 0.102973 1 0 1.000000
CARSKIN_SKIN1_DMG
0  -10.427177 -75.379539 27.967285  -0.194386 0.854025 0.482551  0.163346 0.102537 1 0 1.000000
0  -10.449199 -75.269432 27.769091  -0.413498 0.760205 0.501107  0.163249 0.103022 1 0 1.000000
0  -10.735478 -75.280441 27.780102  0.170353 0.878873 0.445603  0.161989 0.102973 1 0 1.000000
CARSKIN_SKIN1_DMG
0  -10.735478 -75.280441 27.780102  0.170353 0.878873 0.445603  0.161989 0.102973 1 0 1.000000
0  -10.724467 -75.357513 27.945263  0.178237 0.884480 0.431192  0.162038 0.102634 1 0 1.000000
0  -10.427177 -75.379539 27.967285  -0.194386 0.854025 0.482551  0.163346 0.102537 1 0 1.000000
CARSKIN_SKIN1_DMG
0  -16.802397 -73.001221 28.044359  0.389796 0.822509 0.414171  0.135286 0.113005 1 0 1.000000
0  -10.724467 -75.357513 27.945263  0.178237 0.884480 0.431192  0.162038 0.102634 1 0 1.000000
0  -10.735478 -75.280441 27.780102  0.170353 0.878873 0.445603  0.161989 0.102973 1 0 1.000000
CARSKIN_SKIN1_DMG
0  -10.735478 -75.280441 27.780102  0.170353 0.878873 0.445603  0.161989 0.102973 1 0 1.000000
0  -16.769363 -72.935150 27.879198  0.389519 0.821162 0.417095  0.135431 0.113296 1 0 1.000000
0  -16.802397 -73.001221 28.044359  0.389796 0.822509 0.414171  0.135286 0.113005 1 0 1.000000
CARSKIN_SKIN1_DMG
0  -16.802397 -73.001221 28.044359  0.389796 0.822509 0.414171  0.135286 0.113005 1 0 1.000000
0  -16.769363 -72.935150 27.879198  0.389519 0.821162 0.417095  0.135431 0.113296 1 0 1.000000
0  -18.211771 -72.142380 27.901220  0.477175 0.772695 0.418624  0.129083 0.116785 1 0 1.000000
CARSKIN_SKIN1_DMG
0  -18.211771 -72.142380 27.901220  0.477175 0.772695 0.418624  0.129083 0.116785 1 0 1.000000
0  -18.255814 -72.208443 28.066381  0.509987 0.748055 0.424650  0.128889 0.116495 1 0 1.000000
0  -16.802397 -73.001221 28.044359  0.389796 0.822509 0.414171  0.135286 0.113005 1 0 1.000000
CARSKIN_SKIN1_DMG
0  -18.255814 -72.208443 28.066381  0.509987 0.748055 0.424650  0.128889 0.116495 1 0 1.000000
0  -18.211771 -72.142380 27.901220  0.477175 0.772695 0.418624  0.129083 0.116785 1 0 1.000000
0  -19.522049 -71.162422 27.901220  0.594274 0.677916 0.432745  0.123315 0.121099 1 0 1.000000
CARSKIN_SKIN1_DMG
0  -19.522049 -71.162422 27.901220  0.594274 0.677916 0.432745  0.123315 0.121099 1 0 1.000000
0  -19.599125 -71.239502 28.132446  0.637389 0.627102 0.447749  0.122976 0.120759 1 0 1.000000
0  -18.255814 -72.208443 28.066381  0.509987 0.748055 0.424650  0.128889 0.116495 1 0 1.000000
CARSKIN_SKIN1_DMG
0  -19.599125 -71.239502 28.132446  0.637389 0.627102 0.447749  0.122976 0.120759 1 0 1.000000
0  -19.522049 -71.162422 27.901220  0.594274 0.677916 0.432745  0.123315 0.121099 1 0 1.000000
0  -20.535038 -69.907196 27.846167  0.711390 0.532035 0.459199  0.118857 0.126623 1 0 1.000000
CARSKIN_SKIN1_DMG
0  -20.535038 -69.907196 27.846167  0.711390 0.532035 0.459199  0.118857 0.126623 1 0 1.000000
0  -20.711208 -70.017303 28.242552  0.762203 0.479485 0.434903  0.118081 0.126139 1 0 1.000000
0  -19.599125 -71.239502 28.132446  0.637389 0.627102 0.447749  0.122976 0.120759 1 0 1.000000
CARSKIN_SKIN1_DMG
0  -20.711208 -70.017303 28.242552  0.762203 0.479485 0.434903  0.118081 0.126139 1 0 1.000000
0  -20.535038 -69.907196 27.846167  0.711390 0.532035 0.459199  0.118857 0.126623 1 0 1.000000
0  -21.129618 -68.696014 27.692017  0.813712 0.422775 0.398916  0.116240 0.131955 1 0 1.000000
CARSKIN_SKIN1_DMG
0  -21.129618 -68.696014 27.692017  0.813712 0.422775 0.398916  0.116240 0.131955 1 0 1.000000
0  -21.503983 -68.574898 28.407713  0.879946 0.349190 0.322120  0.114592 0.132488 1 0 1.000000
0  -20.711208 -70.017303 28.242552  0.762203 0.479485 0.434903  0.118081 0.126139 1 0 1.000000
CARSKIN_SKIN1_DMG
0  -21.503983 -68.574898 28.407713  0.879946 0.349190 0.322120  0.114592 0.132488 1 0 1.000000
0  -21.129618 -68.696014 27.692017  0.813712 0.422775 0.398916  0.116240 0.131955 1 0 1.000000
0  -21.327810 -67.055420 26.293652  0.806168 0.003050 0.591678  0.115367 0.139176 1 0 1.000000
CARSKIN_SKIN1_DMG
0  -21.327810 -67.055420 26.293652  0.806168 0.003050 0.591678  0.115367 0.139176 1 0 1.000000
0  -22.318777 -65.403809 28.793087  0.927866 0.143779 0.344081  0.111006 0.146445 1 0 1.000000
0  -21.503983 -68.574898 28.407713  0.879946 0.349190 0.322120  0.114592 0.132488 1 0 1.000000
CARSKIN_SKIN1_DMG
0  -22.737186 -62.397873 28.947239  0.654252 -0.060816 0.753827  0.109164 0.159676 1 0 1.000000
0  -22.318777 -65.403809 28.793087  0.927866 0.143779 0.344081  0.111006 0.146445 1 0 1.000000
0  -21.327810 -67.055420 26.293652  0.806168 0.003050 0.591678  0.115367 0.139176 1 0 1.000000
CARSKIN_SKIN1_DMG
0  -22.737186 -62.397873 28.947239  0.654252 -0.060816 0.753827  0.109164 0.159676 1 0 1.000000
0  -23.298733 -59.579124 29.387669  0.559875 0.003683 0.828569  0.106692 0.172082 1 0 1.000000
0  -22.318777 -65.403809 28.793087  0.927866 0.143779 0.344081  0.111006 0.146445 1 0 1.000000
CARSKIN_SKIN1_DMG
0  -23.166605 -59.568111 29.343624  0.223260 -0.074745 0.971889  0.107274 0.172131 1 0 1.000000
0  -23.298733 -59.579124 29.387669  0.559875 0.003683 0.828569  0.106692 0.172082 1 0 1.000000
0  -22.737186 -62.397873 28.947239  0.654252 -0.060816 0.753827  0.109164 0.159676 1 0 1.000000
CARSKIN_SKIN1_DMG
0  -23.166605 -59.568111 29.343624  0.223260 -0.074745 0.971889  0.107274 0.172131 1 0 1.000000
0  -23.585012 -57.751339 29.530807  0.302252 -0.030028 0.952755  0.105432 0.180127 1 0 1.000000
0  -23.298733 -59.579124 29.387669  0.559875 0.003683 0.828569  0.106692 0.172082 1 0 1.000000
CARSKIN_SKIN1_DMG
0  -23.166605 -58.918480 29.365646  0.116594 -0.047246 0.992055  0.107274 0.174990 1 0 1.000000
0  -23.585012 -57.751339 29.530807  0.302252 -0.030028 0.952755  0.105432 0.180127 1 0 1.000000
0  -23.166605 -59.568111 29.343624  0.223260 -0.074745 0.971889  0.107274 0.172131 1 0 1.000000
CARSKIN_SKIN1_DMG
0  -22.527981 -59.876415 29.332615  -0.091707 -0.152560 0.984030  0.110085 0.170774 1 0 1.000000
0  -23.166605 -58.918480 29.365646  0.116594 -0.047246 0.992055  0.107274 0.174990 1 0 1.000000
0  -23.166605 -59.568111 29.343624  0.223260 -0.074745 0.971889  0.107274 0.172131 1 0 1.000000
CARSKIN_SKIN1_DMG
0  -22.527981 -59.876415 29.332615  -0.091707 -0.152560 0.984030  0.110085 0.170774 1 0 1.000000
0  -23.166605 -59.568111 29.343624  0.223260 -0.074745 0.971889  0.107274 0.172131 1 0 1.000000
0  -22.439896 -62.430904 28.804098  0.030001 -0.284879 0.958094  0.110472 0.159530 1 0 1.000000
CARSKIN_SKIN1_DMG
0  -21.636112 -60.614132 29.332617  -0.160636 -0.209872 0.964443  0.114010 0.167527 1 0 1.000000
0  -22.527981 -59.876415 29.332615  -0.091707 -0.152560 0.984030  0.110085 0.170774 1 0 1.000000
0  -22.439896 -62.430904 28.804098  0.030001 -0.284879 0.958094  0.110472 0.159530 1 0 1.000000
CARSKIN_SKIN1_DMG
0  -20.623123 -61.164669 29.365648  -0.140447 -0.225809 0.963994  0.118469 0.165104 1 0 1.000000
0  -21.636112 -60.614132 29.332617  -0.160636 -0.209872 0.964443  0.114010 0.167527 1 0 1.000000
0  -22.439896 -62.430904 28.804098  0.030001 -0.284879 0.958094  0.110472 0.159530 1 0 1.000000
CARSKIN_SKIN1_DMG
0  -17.352932 -62.717186 29.442724  -0.123819 -0.234654 0.964161  0.132863 0.158270 1 0 1.000000
0  -20.623123 -61.164669 29.365648  -0.140447 -0.225809 0.963994  0.118469 0.165104 1 0 1.000000
0  -22.439896 -62.430904 28.804098  0.030001 -0.284879 0.958094  0.110472 0.159530 1 0 1.000000
CARSKIN_SKIN1_DMG
0  -22.439896 -62.430904 28.804098  0.030001 -0.284879 0.958094  0.110472 0.159530 1 0 1.000000
0  -17.341923 -64.985397 28.892187  -0.199284 -0.412153 0.889053  0.132911 0.148287 1 0 1.000000
0  -17.352932 -62.717186 29.442724  -0.123819 -0.234654 0.964161  0.132863 0.158270 1 0 1.000000
CARSKIN_SKIN1_DMG
0  -11.704422 -65.051460 29.497778  -0.107025 -0.240931 0.964623  0.157725 0.147996 1 0 1.000000
0  -17.352932 -62.717186 29.442724  -0.123819 -0.234654 0.964161  0.132863 0.158270 1 0 1.000000
0  -17.341923 -64.985397 28.892187  -0.199284 -0.412153 0.889053  0.132911 0.148287 1 0 1.000000
CARSKIN_SKIN1_DMG
0  -17.341923 -64.985397 28.892187  -0.199284 -0.412153 0.889053  0.132911 0.148287 1 0 1.000000
0  -11.550272 -67.429787 28.903196  -0.201720 -0.476351 0.855803  0.158403 0.137528 1 0 1.000000
0  -11.704422 -65.051460 29.497778  -0.107025 -0.240931 0.964623  0.157725 0.147996 1 0 1.000000
CARSKIN_SKIN1_DMG
0  -11.550272 -67.429787 28.903196  -0.201720 -0.476351 0.855803  0.158403 0.137528 1 0 1.000000
0  -17.341923 -64.985397 28.892187  -0.199284 -0.412153 0.889053  0.132911 0.148287 1 0 1.000000
0  -17.330912 -68.707031 26.150513  -0.257313 -0.574920 0.776696  0.132960 0.131906 1 0 1.000000
CARSKIN_SKIN1_DMG
0  -17.330912 -68.707031 26.150513  -0.257313 -0.574920 0.776696  0.132960 0.131906 1 0 1.000000
0  -11.484207 -71.261520 26.073437  -0.242355 -0.580254 0.777541  0.158694 0.120662 1 0 1.000000
0  -11.550272 -67.429787 28.903196  -0.201720 -0.476351 0.855803  0.158403 0.137528 1 0 1.000000
CARSKIN_SKIN1_DMG
0  -20.931423 -66.857224 26.183544  -0.062994 -0.527737 0.847069  0.117112 0.140048 1 0 1.000000
0  -17.330912 -68.707031 26.150513  -0.257313 -0.574920 0.776696  0.132960 0.131906 1 0 1.000000
0  -17.341923 -64.985397 28.892187  -0.199284 -0.412153 0.889053  0.132911 0.148287 1 0 1.000000
CARSKIN_SKIN1_DMG
0  -17.341923 -64.985397 28.892187  -0.199284 -0.412153 0.889053  0.132911 0.148287 1 0 1.000000
0  -22.439896 -62.430904 28.804098  0.030001 -0.284879 0.958094  0.110472 0.159530 1 0 1.000000
0  -20.931423 -66.857224 26.183544  -0.062994 -0.527737 0.847069  0.117112 0.140048 1 0 1.000000
CARSKIN_SKIN1_DMG
0  -21.327810 -67.055420 26.293652  0.806168 0.003050 0.591678  0.115367 0.139176 1 0 1.000000
0  -20.931423 -66.857224 26.183544  -0.062994 -0.527737 0.847069  0.117112 0.140048 1 0 1.000000
0  -22.439896 -62.430904 28.804098  0.030001 -0.284879 0.958094  0.110472 0.159530 1 0 1.000000
CARSKIN_SKIN1_DMG
0  -22.439896 -62.430904 28.804098  0.030001 -0.284879 0.958094  0.110472 0.159530 1 0 1.000000
0  -22.737186 -62.397873 28.947239  0.654252 -0.060816 0.753827  0.109164 0.159676 1 0 1.000000
0  -21.327810 -67.055420 26.293652  0.806168 0.003050 0.591678  0.115367 0.139176 1 0 1.000000
CARSKIN_SKIN1_DMG
0  -22.737186 -62.397873 28.947239  0.654252 -0.060816 0.753827  0.109164 0.159676 1 0 1.000000
0  -22.439896 -62.430904 28.804098  0.030001 -0.284879 0.958094  0.110472 0.159530 1 0 1.000000
0  -23.166605 -59.568111 29.343624  0.223260 -0.074745 0.971889  0.107274 0.172131 1 0 1.000000
CARSKIN_SKIN1_DMG
0  23.430855 -57.696285 29.365650  -0.857343 0.165091 0.487553  0.312372 0.180370 1 0 1.000000
0  24.135542 -53.457153 29.740015  -0.822229 0.085964 0.562627  0.315474 0.199028 1 0 1.000000
0  24.102510 -52.928635 29.508789  -0.743495 -0.096086 0.661803  0.315329 0.201354 1 0 1.000000
CARSKIN_SKIN1_DMG
0  22.406857 -59.777317 29.244532  -0.524176 0.485784 0.699467  0.307865 0.171210 1 0 1.000000
0  21.537006 -60.493015 29.244530  -0.434432 0.689908 0.579047  0.304036 0.168060 1 0 1.000000
0  21.636105 -60.614132 29.332617  -0.275218 0.428841 0.860436  0.304473 0.167527 1 0 1.000000
CARSKIN_SKIN1_DMG
0  21.636105 -60.614132 29.332617  -0.275218 0.428841 0.860436  0.304473 0.167527 1 0 1.000000
0  22.527973 -59.876415 29.332619  -0.373405 0.320386 0.870587  0.308398 0.170774 1 0 1.000000
0  22.406857 -59.777317 29.244532  -0.524176 0.485784 0.699467  0.307865 0.171210 1 0 1.000000
CARSKIN_SKIN1_DMG
0  22.406857 -59.777317 29.244532  -0.524176 0.485784 0.699467  0.307865 0.171210 1 0 1.000000
0  22.527973 -59.876415 29.332619  -0.373405 0.320386 0.870587  0.308398 0.170774 1 0 1.000000
0  23.166597 -58.918480 29.365650  -0.441956 0.179435 0.878907  0.311209 0.174990 1 0 1.000000
CARSKIN_SKIN1_DMG
0  23.166597 -58.918480 29.365650  -0.441956 0.179435 0.878907  0.311209 0.174990 1 0 1.000000
0  23.023457 -58.841404 29.288574  -0.728205 0.329261 0.601086  0.310579 0.175329 1 0 1.000000
0  22.406857 -59.777317 29.244532  -0.524176 0.485784 0.699467  0.307865 0.171210 1 0 1.000000
CARSKIN_SKIN1_DMG
0  23.023457 -58.841404 29.288574  -0.728205 0.329261 0.601086  0.310579 0.175329 1 0 1.000000
0  23.166597 -58.918480 29.365650  -0.441956 0.179435 0.878907  0.311209 0.174990 1 0 1.000000
0  23.585005 -57.751339 29.530811  -0.637688 0.103754 0.763275  0.313051 0.180127 1 0 1.000000
CARSKIN_SKIN1_DMG
0  23.585005 -57.751339 29.530811  -0.637688 0.103754 0.763275  0.313051 0.180127 1 0 1.000000
0  23.430855 -57.696285 29.365650  -0.857343 0.165091 0.487553  0.312372 0.180370 1 0 1.000000
0  23.023457 -58.841404 29.288574  -0.728205 0.329261 0.601086  0.310579 0.175329 1 0 1.000000
CARSKIN_SKIN1_DMG
0  23.430855 -57.696285 29.365650  -0.857343 0.165091 0.487553  0.312372 0.180370 1 0 1.000000
0  23.585005 -57.751339 29.530811  -0.637688 0.103754 0.763275  0.313051 0.180127 1 0 1.000000
0  24.245649 -53.754440 29.872145  -0.711229 0.054873 0.700815  0.315959 0.197720 1 0 1.000000
CARSKIN_SKIN1_DMG
0  24.245649 -53.754440 29.872145  -0.711229 0.054873 0.700815  0.315959 0.197720 1 0 1.000000
0  24.135542 -53.457153 29.740015  -0.822229 0.085964 0.562627  0.315474 0.199028 1 0 1.000000
0  23.430855 -57.696285 29.365650  -0.857343 0.165091 0.487553  0.312372 0.180370 1 0 1.000000
CARSKIN_SKIN1_DMG
0  24.135542 -53.457153 29.740015  -0.822229 0.085964 0.562627  0.315474 0.199028 1 0 1.000000
0  24.245649 -53.754440 29.872145  -0.711229 0.054873 0.700815  0.315959 0.197720 1 0 1.000000
0  25.258638 -46.993847 30.389648  -0.699102 0.036640 0.714083  0.320417 0.227476 1 0 1.000000
CARSKIN_SKIN1_DMG
0  25.258638 -46.993847 30.389648  -0.699102 0.036640 0.714083  0.320417 0.227476 1 0 1.000000
0  24.102510 -52.928635 29.508789  -0.743495 -0.096086 0.661803  0.315329 0.201354 1 0 1.000000
0  24.135542 -53.457153 29.740015  -0.822229 0.085964 0.562627  0.315474 0.199028 1 0 1.000000
CARSKIN_SKIN1_DMG
0  24.102510 -52.928635 29.508789  -0.743495 -0.096086 0.661803  0.315329 0.201354 1 0 1.000000
0  25.258638 -46.993847 30.389648  -0.699102 0.036640 0.714083  0.320417 0.227476 1 0 1.000000
0  23.794209 -52.829540 29.387672  -0.409296 -0.237259 0.881013  0.313972 0.201791 1 0 1.000000
CARSKIN_SKIN1_DMG
0  24.102510 -52.928635 29.508789  -0.743495 -0.096086 0.661803  0.315329 0.201354 1 0 1.000000
0  23.794209 -52.829540 29.387672  -0.409296 -0.237259 0.881013  0.313972 0.201791 1 0 1.000000
0  22.770210 -56.011642 27.262598  -0.423221 -0.406687 0.809623  0.309464 0.187785 1 0 1.000000
CARSKIN_SKIN1_DMG
0  22.770210 -56.011642 27.262598  -0.423221 -0.406687 0.809623  0.309464 0.187785 1 0 1.000000
0  23.166597 -56.253880 27.339674  -0.862995 -0.007125 0.505162  0.311209 0.186718 1 0 1.000000
0  24.102510 -52.928635 29.508789  -0.743495 -0.096086 0.661803  0.315329 0.201354 1 0 1.000000
CARSKIN_SKIN1_DMG
0  23.430855 -57.696285 29.365650  -0.857343 0.165091 0.487553  0.312372 0.180370 1 0 1.000000
0  24.102510 -52.928635 29.508789  -0.743495 -0.096086 0.661803  0.315329 0.201354 1 0 1.000000
0  23.166597 -56.253880 27.339674  -0.862995 -0.007125 0.505162  0.311209 0.186718 1 0 1.000000
CARSKIN_SKIN1_DMG
0  23.430855 -57.696285 29.365650  -0.857343 0.165091 0.487553  0.312372 0.180370 1 0 1.000000
0  23.166597 -56.253880 27.339674  -0.862995 -0.007125 0.505162  0.311209 0.186718 1 0 1.000000
0  23.078510 -58.213791 28.760059  -0.879008 0.333430 0.340836  0.310821 0.178092 1 0 1.000000
CARSKIN_SKIN1_DMG
0  23.023457 -58.841404 29.288574  -0.728205 0.329261 0.601086  0.310579 0.175329 1 0 1.000000
0  23.430855 -57.696285 29.365650  -0.857343 0.165091 0.487553  0.312372 0.180370 1 0 1.000000
0  23.078510 -58.213791 28.760059  -0.879008 0.333430 0.340836  0.310821 0.178092 1 0 1.000000
CARSKIN_SKIN1_DMG
0  23.078510 -58.213791 28.760059  -0.879008 0.333430 0.340836  0.310821 0.178092 1 0 1.000000
0  22.869307 -58.753319 28.903198  -0.781924 0.451111 0.430225  0.309901 0.175717 1 0 1.000000
0  23.023457 -58.841404 29.288574  -0.728205 0.329261 0.601086  0.310579 0.175329 1 0 1.000000
CARSKIN_SKIN1_DMG
0  23.023457 -58.841404 29.288574  -0.728205 0.329261 0.601086  0.310579 0.175329 1 0 1.000000
0  22.869307 -58.753319 28.903198  -0.781924 0.451111 0.430225  0.309901 0.175717 1 0 1.000000
0  22.318769 -59.722263 29.002296  -0.719278 0.567069 0.401337  0.307477 0.171452 1 0 1.000000
CARSKIN_SKIN1_DMG
0  22.318769 -59.722263 29.002296  -0.719278 0.567069 0.401337  0.307477 0.171452 1 0 1.000000
0  22.406857 -59.777317 29.244532  -0.524176 0.485784 0.699467  0.307865 0.171210 1 0 1.000000
0  23.023457 -58.841404 29.288574  -0.728205 0.329261 0.601086  0.310579 0.175329 1 0 1.000000
CARSKIN_SKIN1_DMG
0  22.406857 -59.777317 29.244532  -0.524176 0.485784 0.699467  0.307865 0.171210 1 0 1.000000
0  22.318769 -59.722263 29.002296  -0.719278 0.567069 0.401337  0.307477 0.171452 1 0 1.000000
0  21.492964 -60.448971 29.068357  -0.548875 0.757502 0.353450  0.303843 0.168254 1 0 1.000000
CARSKIN_SKIN1_DMG
0  21.492964 -60.448971 29.068357  -0.548875 0.757502 0.353450  0.303843 0.168254 1 0 1.000000
0  21.537006 -60.493015 29.244530  -0.434432 0.689908 0.579047  0.304036 0.168060 1 0 1.000000
0  22.406857 -59.777317 29.244532  -0.524176 0.485784 0.699467  0.307865 0.171210 1 0 1.000000
CARSKIN_SKIN1_DMG
0  21.537006 -60.493015 29.244530  -0.434432 0.689908 0.579047  0.304036 0.168060 1 0 1.000000
0  21.492964 -60.448971 29.068357  -0.548875 0.757502 0.353450  0.303843 0.168254 1 0 1.000000
0  20.524019 -60.988499 29.123411  -0.428532 0.842130 0.327379  0.299578 0.165879 1 0 1.000000
CARSKIN_SKIN1_DMG
0  20.524019 -60.988499 29.123411  -0.428532 0.842130 0.327379  0.299578 0.165879 1 0 1.000000
0  20.557051 -61.032543 29.277563  -0.335234 0.701737 0.628636  0.299723 0.165685 1 0 1.000000
0  21.537006 -60.493015 29.244530  -0.434432 0.689908 0.579047  0.304036 0.168060 1 0 1.000000
CARSKIN_SKIN1_DMG
0  20.557051 -61.032543 29.277563  -0.335234 0.701737 0.628636  0.299723 0.165685 1 0 1.000000
0  20.524019 -60.988499 29.123411  -0.428532 0.842130 0.327379  0.299578 0.165879 1 0 1.000000
0  17.352924 -62.463940 29.200487  -0.380117 0.860829 0.338356  0.285620 0.159385 1 0 1.000000
CARSKIN_SKIN1_DMG
0  17.352924 -62.463940 29.200487  -0.380117 0.860829 0.338356  0.285620 0.159385 1 0 1.000000
0  17.319893 -62.541012 29.354637  -0.278094 0.663564 0.694512  0.285475 0.159046 1 0 1.000000
0  20.557051 -61.032543 29.277563  -0.335234 0.701737 0.628636  0.299723 0.165685 1 0 1.000000
CARSKIN_SKIN1_DMG
0  17.319893 -62.541012 29.354637  -0.278094 0.663564 0.694512  0.285475 0.159046 1 0 1.000000
0  17.352924 -62.463940 29.200487  -0.380117 0.860829 0.338356  0.285620 0.159385 1 0 1.000000
0  11.715425 -64.809227 29.266552  -0.105423 0.922142 0.372209  0.260807 0.149062 1 0 1.000000
CARSKIN_SKIN1_DMG
0  11.715425 -64.809227 29.266552  -0.105423 0.922142 0.372209  0.260807 0.149062 1 0 1.000000
0  11.715425 -64.864281 29.409691  0.215854 0.725822 0.653139  0.260807 0.148820 1 0 1.000000
0  17.319893 -62.541012 29.354637  -0.278094 0.663564 0.694512  0.285475 0.159046 1 0 1.000000
CARSKIN_SKIN1_DMG
0  11.572286 -64.886299 29.618895  0.661645 0.572956 0.483681  0.260177 0.148723 1 0 1.000000
0  11.715425 -64.864281 29.409691  0.215854 0.725822 0.653139  0.260807 0.148820 1 0 1.000000
0  11.715425 -64.809227 29.266552  -0.105423 0.922142 0.372209  0.260807 0.149062 1 0 1.000000
CARSKIN_SKIN1_DMG
0  11.572286 -64.886299 29.618895  0.661645 0.572956 0.483681  0.260177 0.148723 1 0 1.000000
0  11.704414 -65.051460 29.497778  0.181738 0.412733 0.892537  0.260758 0.147996 1 0 1.000000
0  11.715425 -64.864281 29.409691  0.215854 0.725822 0.653139  0.260807 0.148820 1 0 1.000000
CARSKIN_SKIN1_DMG
0  17.319893 -62.541012 29.354637  -0.278094 0.663564 0.694512  0.285475 0.159046 1 0 1.000000
0  11.715425 -64.864281 29.409691  0.215854 0.725822 0.653139  0.260807 0.148820 1 0 1.000000
0  11.704414 -65.051460 29.497778  0.181738 0.412733 0.892537  0.260758 0.147996 1 0 1.000000
CARSKIN_SKIN1_DMG
0  11.704414 -65.051460 29.497778  0.181738 0.412733 0.892537  0.260758 0.147996 1 0 1.000000
0  17.352924 -62.717186 29.442724  -0.173274 0.423822 0.889017  0.285620 0.158270 1 0 1.000000
0  17.319893 -62.541012 29.354637  -0.278094 0.663564 0.694512  0.285475 0.159046 1 0 1.000000
CARSKIN_SKIN1_DMG
0  17.319893 -62.541012 29.354637  -0.278094 0.663564 0.694512  0.285475 0.159046 1 0 1.000000
0  17.352924 -62.717186 29.442724  -0.173274 0.423822 0.889017  0.285620 0.158270 1 0 1.000000
0  20.623116 -61.164669 29.365648  -0.204300 0.456395 0.866005  0.300014 0.165104 1 0 1.000000
CARSKIN_SKIN1_DMG
0  20.623116 -61.164669 29.365648  -0.204300 0.456395 0.866005  0.300014 0.165104 1 0 1.000000
0  20.557051 -61.032543 29.277563  -0.335234 0.701737 0.628636  0.299723 0.165685 1 0 1.000000
0  17.319893 -62.541012 29.354637  -0.278094 0.663564 0.694512  0.285475 0.159046 1 0 1.000000
CARSKIN_SKIN1_DMG
0  20.557051 -61.032543 29.277563  -0.335234 0.701737 0.628636  0.299723 0.165685 1 0 1.000000
0  20.623116 -61.164669 29.365648  -0.204300 0.456395 0.866005  0.300014 0.165104 1 0 1.000000
0  21.636105 -60.614132 29.332617  -0.275218 0.428841 0.860436  0.304473 0.167527 1 0 1.000000
CARSKIN_SKIN1_DMG
0  21.636105 -60.614132 29.332617  -0.275218 0.428841 0.860436  0.304473 0.167527 1 0 1.000000
0  21.537006 -60.493015 29.244530  -0.434432 0.689908 0.579047  0.304036 0.168060 1 0 1.000000
0  20.557051 -61.032543 29.277563  -0.335234 0.701737 0.628636  0.299723 0.165685 1 0 1.000000
CARSKIN_SKIN1_DMG
0  -23.430862 -57.696285 29.365646  0.857329 0.165151 0.487558  0.106111 0.180370 1 0 1.000000
0  -24.102518 -52.928635 29.508785  0.743483 -0.096082 0.661817  0.103154 0.201354 1 0 1.000000
0  -24.135550 -53.457153 29.740011  0.822172 0.085967 0.562711  0.103009 0.199028 1 0 1.000000
CARSKIN_SKIN1_DMG
0  -20.623123 -61.164669 29.365648  0.204264 0.456414 0.866004  0.118469 0.165104 1 0 1.000000
0  -17.352932 -62.717186 29.442724  0.173226 0.423842 0.889017  0.132863 0.158270 1 0 1.000000
0  -17.319901 -62.541012 29.354637  0.278021 0.663597 0.694510  0.133008 0.159046 1 0 1.000000
CARSKIN_SKIN1_DMG
0  -17.319901 -62.541012 29.354637  0.278021 0.663597 0.694510  0.133008 0.159046 1 0 1.000000
0  -20.557058 -61.032543 29.277563  0.335191 0.701747 0.628648  0.118760 0.165685 1 0 1.000000
0  -20.623123 -61.164669 29.365648  0.204264 0.456414 0.866004  0.118469 0.165104 1 0 1.000000
CARSKIN_SKIN1_DMG
0  -21.636112 -60.614132 29.332617  0.275157 0.428821 0.860466  0.114010 0.167527 1 0 1.000000
0  -20.623123 -61.164669 29.365648  0.204264 0.456414 0.866004  0.118469 0.165104 1 0 1.000000
0  -20.557058 -61.032543 29.277563  0.335191 0.701747 0.628648  0.118760 0.165685 1 0 1.000000
CARSKIN_SKIN1_DMG
0  -20.557058 -61.032543 29.277563  0.335191 0.701747 0.628648  0.118760 0.165685 1 0 1.000000
0  -21.537014 -60.493015 29.244530  0.434416 0.689914 0.579052  0.114447 0.168060 1 0 1.000000
0  -21.636112 -60.614132 29.332617  0.275157 0.428821 0.860466  0.114010 0.167527 1 0 1.000000
CARSKIN_SKIN1_DMG
0  -21.636112 -60.614132 29.332617  0.275157 0.428821 0.860466  0.114010 0.167527 1 0 1.000000
0  -21.537014 -60.493015 29.244530  0.434416 0.689914 0.579052  0.114447 0.168060 1 0 1.000000
0  -22.406864 -59.777317 29.244528  0.524216 0.485763 0.699452  0.110618 0.171210 1 0 1.000000
CARSKIN_SKIN1_DMG
0  -22.406864 -59.777317 29.244528  0.524216 0.485763 0.699452  0.110618 0.171210 1 0 1.000000
0  -22.527981 -59.876415 29.332615  0.373341 0.320425 0.870600  0.110085 0.170774 1 0 1.000000
0  -21.636112 -60.614132 29.332617  0.275157 0.428821 0.860466  0.114010 0.167527 1 0 1.000000
CARSKIN_SKIN1_DMG
0  -23.166605 -58.918480 29.365646  0.441917 0.179407 0.878933  0.107274 0.174990 1 0 1.000000
0  -22.527981 -59.876415 29.332615  0.373341 0.320425 0.870600  0.110085 0.170774 1 0 1.000000
0  -22.406864 -59.777317 29.244528  0.524216 0.485763 0.699452  0.110618 0.171210 1 0 1.000000
CARSKIN_SKIN1_DMG
0  -22.406864 -59.777317 29.244528  0.524216 0.485763 0.699452  0.110618 0.171210 1 0 1.000000
0  -23.023464 -58.841404 29.288570  0.728164 0.329273 0.601129  0.107904 0.175329 1 0 1.000000
0  -23.166605 -58.918480 29.365646  0.441917 0.179407 0.878933  0.107274 0.174990 1 0 1.000000
CARSKIN_SKIN1_DMG
0  -23.585012 -57.751339 29.530807  0.637682 0.103788 0.763275  0.105432 0.180127 1 0 1.000000
0  -23.166605 -58.918480 29.365646  0.441917 0.179407 0.878933  0.107274 0.174990 1 0 1.000000
0  -23.023464 -58.841404 29.288570  0.728164 0.329273 0.601129  0.107904 0.175329 1 0 1.000000
CARSKIN_SKIN1_DMG
0  -23.023464 -58.841404 29.288570  0.728164 0.329273 0.601129  0.107904 0.175329 1 0 1.000000
0  -23.430862 -57.696285 29.365646  0.857329 0.165151 0.487558  0.106111 0.180370 1 0 1.000000
0  -23.585012 -57.751339 29.530807  0.637682 0.103788 0.763275  0.105432 0.180127 1 0 1.000000
CARSKIN_SKIN1_DMG
0  -24.245657 -53.754440 29.872141  0.711192 0.054874 0.700853  0.102524 0.197720 1 0 1.000000
0  -23.585012 -57.751339 29.530807  0.637682 0.103788 0.763275  0.105432 0.180127 1 0 1.000000
0  -23.430862 -57.696285 29.365646  0.857329 0.165151 0.487558  0.106111 0.180370 1 0 1.000000
CARSKIN_SKIN1_DMG
0  -23.430862 -57.696285 29.365646  0.857329 0.165151 0.487558  0.106111 0.180370 1 0 1.000000
0  -24.135550 -53.457153 29.740011  0.822172 0.085967 0.562711  0.103009 0.199028 1 0 1.000000
0  -24.245657 -53.754440 29.872141  0.711192 0.054874 0.700853  0.102524 0.197720 1 0 1.000000
CARSKIN_SKIN1_DMG
0  -24.135550 -53.457153 29.740011  0.822172 0.085967 0.562711  0.103009 0.199028 1 0 1.000000
0  -25.258646 -46.993847 30.389645  0.699154 0.036704 0.714028  0.098066 0.227476 1 0 1.000000
0  -24.245657 -53.754440 29.872141  0.711192 0.054874 0.700853  0.102524 0.197720 1 0 1.000000
CARSKIN_SKIN1_DMG
0  -25.258646 -46.993847 30.389645  0.699154 0.036704 0.714028  0.098066 0.227476 1 0 1.000000
0  -24.135550 -53.457153 29.740011  0.822172 0.085967 0.562711  0.103009 0.199028 1 0 1.000000
0  -24.102518 -52.928635 29.508785  0.743483 -0.096082 0.661817  0.103154 0.201354 1 0 1.000000
CARSKIN_SKIN1_DMG
0  -24.102518 -52.928635 29.508785  0.743483 -0.096082 0.661817  0.103154 0.201354 1 0 1.000000
0  -23.794216 -52.829540 29.387669  0.409311 -0.237433 0.880960  0.104511 0.201791 1 0 1.000000
0  -25.258646 -46.993847 30.389645  0.699154 0.036704 0.714028  0.098066 0.227476 1 0 1.000000
CARSKIN_SKIN1_DMG
0  -22.770218 -56.011642 27.262594  0.423230 -0.406682 0.809621  0.109019 0.187785 1 0 1.000000
0  -23.794216 -52.829540 29.387669  0.409311 -0.237433 0.880960  0.104511 0.201791 1 0 1.000000
0  -24.102518 -52.928635 29.508785  0.743483 -0.096082 0.661817  0.103154 0.201354 1 0 1.000000
CARSKIN_SKIN1_DMG
0  -24.102518 -52.928635 29.508785  0.743483 -0.096082 0.661817  0.103154 0.201354 1 0 1.000000
0  -23.166605 -56.253880 27.339670  0.862975 -0.007139 0.505196  0.107274 0.186718 1 0 1.000000
0  -22.770218 -56.011642 27.262594  0.423230 -0.406682 0.809621  0.109019 0.187785 1 0 1.000000
CARSKIN_SKIN1_DMG
0  -23.430862 -57.696285 29.365646  0.857329 0.165151 0.487558  0.106111 0.180370 1 0 1.000000
0  -23.166605 -56.253880 27.339670  0.862975 -0.007139 0.505196  0.107274 0.186718 1 0 1.000000
0  -24.102518 -52.928635 29.508785  0.743483 -0.096082 0.661817  0.103154 0.201354 1 0 1.000000
CARSKIN_SKIN1_DMG
0  -23.430862 -57.696285 29.365646  0.857329 0.165151 0.487558  0.106111 0.180370 1 0 1.000000
0  -23.078518 -58.213791 28.760056  0.879032 0.333389 0.340815  0.107662 0.178092 1 0 1.000000
0  -23.166605 -56.253880 27.339670  0.862975 -0.007139 0.505196  0.107274 0.186718 1 0 1.000000
CARSKIN_SKIN1_DMG
0  -23.078518 -58.213791 28.760056  0.879032 0.333389 0.340815  0.107662 0.178092 1 0 1.000000
0  -23.430862 -57.696285 29.365646  0.857329 0.165151 0.487558  0.106111 0.180370 1 0 1.000000
0  -23.023464 -58.841404 29.288570  0.728164 0.329273 0.601129  0.107904 0.175329 1 0 1.000000
CARSKIN_SKIN1_DMG
0  -23.023464 -58.841404 29.288570  0.728164 0.329273 0.601129  0.107904 0.175329 1 0 1.000000
0  -22.869314 -58.753319 28.903194  0.781916 0.451135 0.430214  0.108582 0.175717 1 0 1.000000
0  -23.078518 -58.213791 28.760056  0.879032 0.333389 0.340815  0.107662 0.178092 1 0 1.000000
CARSKIN_SKIN1_DMG
0  -22.318777 -59.722263 29.002293  0.719327 0.566993 0.401356  0.111006 0.171452 1 0 1.000000
0  -22.869314 -58.753319 28.903194  0.781916 0.451135 0.430214  0.108582 0.175717 1 0 1.000000
0  -23.023464 -58.841404 29.288570  0.728164 0.329273 0.601129  0.107904 0.175329 1 0 1.000000
CARSKIN_SKIN1_DMG
0  -23.023464 -58.841404 29.288570  0.728164 0.329273 0.601129  0.107904 0.175329 1 0 1.000000
0  -22.406864 -59.777317 29.244528  0.524216 0.485763 0.699452  0.110618 0.171210 1 0 1.000000
0  -22.318777 -59.722263 29.002293  0.719327 0.566993 0.401356  0.111006 0.171452 1 0 1.000000
CARSKIN_SKIN1_DMG
0  -21.492971 -60.448971 29.068357  0.548839 0.757506 0.353498  0.114640 0.168254 1 0 1.000000
0  -22.318777 -59.722263 29.002293  0.719327 0.566993 0.401356  0.111006 0.171452 1 0 1.000000
0  -22.406864 -59.777317 29.244528  0.524216 0.485763 0.699452  0.110618 0.171210 1 0 1.000000
CARSKIN_SKIN1_DMG
0  -22.406864 -59.777317 29.244528  0.524216 0.485763 0.699452  0.110618 0.171210 1 0 1.000000
0  -21.537014 -60.493015 29.244530  0.434416 0.689914 0.579052  0.114447 0.168060 1 0 1.000000
0  -21.492971 -60.448971 29.068357  0.548839 0.757506 0.353498  0.114640 0.168254 1 0 1.000000
CARSKIN_SKIN1_DMG
0  -20.524027 -60.988499 29.123411  0.428486 0.842142 0.327410  0.118905 0.165879 1 0 1.000000
0  -21.492971 -60.448971 29.068357  0.548839 0.757506 0.353498  0.114640 0.168254 1 0 1.000000
0  -21.537014 -60.493015 29.244530  0.434416 0.689914 0.579052  0.114447 0.168060 1 0 1.000000
CARSKIN_SKIN1_DMG
0  -21.537014 -60.493015 29.244530  0.434416 0.689914 0.579052  0.114447 0.168060 1 0 1.000000
0  -20.557058 -61.032543 29.277563  0.335191 0.701747 0.628648  0.118760 0.165685 1 0 1.000000
0  -20.524027 -60.988499 29.123411  0.428486 0.842142 0.327410  0.118905 0.165879 1 0 1.000000
CARSKIN_SKIN1_DMG
0  -17.352932 -62.463940 29.200487  0.380043 0.860869 0.338337  0.132863 0.159385 1 0 1.000000
0  -20.524027 -60.988499 29.123411  0.428486 0.842142 0.327410  0.118905 0.165879 1 0 1.000000
0  -20.557058 -61.032543 29.277563  0.335191 0.701747 0.628648  0.118760 0.165685 1 0 1.000000
CARSKIN_SKIN1_DMG
0  -20.557058 -61.032543 29.277563  0.335191 0.701747 0.628648  0.118760 0.165685 1 0 1.000000
0  -17.319901 -62.541012 29.354637  0.278021 0.663597 0.694510  0.133008 0.159046 1 0 1.000000
0  -17.352932 -62.463940 29.200487  0.380043 0.860869 0.338337  0.132863 0.159385 1 0 1.000000
CARSKIN_SKIN1_DMG
0  -11.715433 -64.809227 29.266552  0.105378 0.922152 0.372197  0.157676 0.149062 1 0 1.000000
0  -17.352932 -62.463940 29.200487  0.380043 0.860869 0.338337  0.132863 0.159385 1 0 1.000000
0  -17.319901 -62.541012 29.354637  0.278021 0.663597 0.694510  0.133008 0.159046 1 0 1.000000
CARSKIN_SKIN1_DMG
0  -17.319901 -62.541012 29.354637  0.278021 0.663597 0.694510  0.133008 0.159046 1 0 1.000000
0  -11.715433 -64.864281 29.409691  -0.215936 0.725834 0.653098  0.157676 0.148820 1 0 1.000000
0  -11.715433 -64.809227 29.266552  0.105378 0.922152 0.372197  0.157676 0.149062 1 0 1.000000
CARSKIN_SKIN1_DMG
0  -11.572293 -64.886299 29.618895  -0.661665 0.572955 0.483655  0.158306 0.148723 1 0 1.000000
0  -11.715433 -64.809227 29.266552  0.105378 0.922152 0.372197  0.157676 0.149062 1 0 1.000000
0  -11.715433 -64.864281 29.409691  -0.215936 0.725834 0.653098  0.157676 0.148820 1 0 1.000000
CARSKIN_SKIN1_DMG
0  -11.572293 -64.886299 29.618895  -0.661665 0.572955 0.483655  0.158306 0.148723 1 0 1.000000
0  -11.715433 -64.864281 29.409691  -0.215936 0.725834 0.653098  0.157676 0.148820 1 0 1.000000
0  -11.704422 -65.051460 29.497778  -0.181817 0.412788 0.892496  0.157725 0.147996 1 0 1.000000
CARSKIN_SKIN1_DMG
0  -11.704422 -65.051460 29.497778  -0.181817 0.412788 0.892496  0.157725 0.147996 1 0 1.000000
0  -11.715433 -64.864281 29.409691  -0.215936 0.725834 0.653098  0.157676 0.148820 1 0 1.000000
0  -17.319901 -62.541012 29.354637  0.278021 0.663597 0.694510  0.133008 0.159046 1 0 1.000000
CARSKIN_SKIN1_DMG
0  -17.319901 -62.541012 29.354637  0.278021 0.663597 0.694510  0.133008 0.159046 1 0 1.000000
0  -17.352932 -62.717186 29.442724  0.173226 0.423842 0.889017  0.132863 0.158270 1 0 1.000000
0  -11.704422 -65.051460 29.497778  -0.181817 0.412788 0.892496  0.157725 0.147996 1 0 1.000000
CARSKIN_SKIN1_DMG
0  11.715425 -64.809227 29.266552  0.952091 -0.141323 0.271203  0.260807 0.149062 1 0 1.000000
0  12.552242 -56.639256 30.488745  0.937664 -0.139955 0.318117  0.264490 0.185022 1 0 1.000000
0  11.572286 -64.886299 29.618895  0.897368 -0.166481 0.408674  0.260177 0.148723 1 0 1.000000
CARSKIN_SKIN1_DMG
0  12.552242 -56.639256 30.488745  0.937664 -0.139955 0.318117  0.264490 0.185022 1 0 1.000000
0  12.596285 -57.762352 29.850121  0.956596 -0.136717 0.257356  0.264684 0.180079 1 0 1.000000
0  12.838521 -54.095776 30.708960  0.940589 -0.127668 0.314631  0.265750 0.196217 1 0 1.000000
CARSKIN_SKIN1_DMG
0  11.715425 -64.809227 29.266552  0.952091 -0.141323 0.271203  0.260807 0.149062 1 0 1.000000
0  12.596285 -57.762352 29.850121  0.956596 -0.136717 0.257356  0.264684 0.180079 1 0 1.000000
0  12.552242 -56.639256 30.488745  0.937664 -0.139955 0.318117  0.264490 0.185022 1 0 1.000000
CARSKIN_SKIN1_DMG
0  11.715425 -64.809227 29.266552  0.952091 -0.141323 0.271203  0.260807 0.149062 1 0 1.000000
0  12.541231 -60.823338 27.548876  0.978744 -0.134465 0.154854  0.264442 0.166606 1 0 1.000000
0  12.596285 -57.762352 29.850121  0.956596 -0.136717 0.257356  0.264684 0.180079 1 0 1.000000
CARSKIN_SKIN1_DMG
0  13.444112 -48.238060 31.160398  0.954190 -0.127821 0.270524  0.268416 0.222000 1 0 1.000000
0  12.838521 -54.095776 30.708960  0.940593 -0.127673 0.314617  0.265750 0.196217 1 0 1.000000
0  12.970650 -53.985668 30.356615  0.960693 -0.114650 0.252833  0.266332 0.196702 1 0 1.000000
CARSKIN_SKIN1_DMG
0  13.444112 -48.238060 31.160398  0.954190 -0.127821 0.270524  0.268416 0.222000 1 0 1.000000
0  12.970650 -53.985668 30.356615  0.960693 -0.114650 0.252833  0.266332 0.196702 1 0 1.000000
0  13.719380 -49.999779 28.528831  0.972078 -0.134635 0.192191  0.269627 0.214246 1 0 1.000000
CARSKIN_SKIN1_DMG
0  13.444112 -48.238060 31.160398  0.954190 -0.127821 0.270524  0.268416 0.222000 1 0 1.000000
0  13.719380 -49.999779 28.528831  0.972078 -0.134635 0.192191  0.269627 0.214246 1 0 1.000000
0  13.763424 -46.839695 30.808056  0.947211 -0.140924 0.287978  0.269821 0.228155 1 0 1.000000
CARSKIN_SKIN1_DMG
0  13.763424 -46.839695 30.808056  0.947211 -0.140924 0.287978  0.269821 0.228155 1 0 1.000000
0  13.873532 -43.745678 31.512743  0.940368 -0.101636 0.324621  0.270306 0.241773 1 0 1.000000
0  13.444112 -48.238060 31.160398  0.954190 -0.127821 0.270524  0.268416 0.222000 1 0 1.000000
CARSKIN_SKIN1_DMG
0  14.831467 -36.489597 31.611839  0.945171 -0.128554 0.300210  0.274522 0.273711 1 0 1.000000
0  14.952584 -33.318504 32.261475  0.836525 -0.088387 0.540752  0.275055 0.287668 1 0 1.000000
0  13.873532 -43.745678 31.512743  0.940377 -0.101620 0.324599  0.270306 0.241773 1 0 1.000000
CARSKIN_SKIN1_DMG
0  14.787423 -39.660690 29.332617  0.964746 -0.082296 0.249986  0.274328 0.259753 1 0 1.000000
0  14.831467 -36.489597 31.611839  0.945171 -0.128554 0.300210  0.274522 0.273711 1 0 1.000000
0  13.873532 -43.745678 31.512743  0.940377 -0.101620 0.324599  0.270306 0.241773 1 0 1.000000
CARSKIN_SKIN1_DMG
0  13.873532 -43.745678 31.512743  0.940377 -0.101620 0.324599  0.270306 0.241773 1 0 1.000000
0  14.027682 -43.558495 31.116356  0.942298 -0.032865 0.333157  0.270984 0.242597 1 0 1.000000
0  14.787423 -39.660690 29.332617  0.964746 -0.082296 0.249986  0.274328 0.259753 1 0 1.000000
CARSKIN_SKIN1_DMG
0  16.042648 -26.150513 32.360569  0.753915 -0.123364 0.645285  0.279853 0.319218 1 0 1.000000
0  15.789401 -22.748192 32.690891  0.176991 -0.105016 0.978594  0.278738 0.334193 1 0 1.000000
0  14.952584 -33.318504 32.261475  0.836523 -0.088345 0.540762  0.275055 0.287668 1 0 1.000000
CARSKIN_SKIN1_DMG
0  16.009617 -29.310595 30.081347  0.943219 -0.070318 0.324643  0.279708 0.305309 1 0 1.000000
0  16.042648 -26.150513 32.360569  0.753915 -0.123364 0.645285  0.279853 0.319218 1 0 1.000000
0  14.952584 -33.318504 32.261475  0.836523 -0.088345 0.540762  0.275055 0.287668 1 0 1.000000
CARSKIN_SKIN1_DMG
0  14.952584 -33.318504 32.261475  0.836523 -0.088345 0.540762  0.275055 0.287668 1 0 1.000000
0  15.128757 -33.065258 31.920141  0.892905 0.011258 0.450104  0.275831 0.288783 1 0 1.000000
0  16.009617 -29.310595 30.081347  0.943219 -0.070318 0.324643  0.279708 0.305309 1 0 1.000000
CARSKIN_SKIN1_DMG
0  21.900364 -23.970387 31.986206  0.186064 -0.373982 0.908580  0.305636 0.328814 1 0 1.000000
0  20.920408 -20.149658 32.536743  0.094541 -0.104021 0.990072  0.301323 0.345631 1 0 1.000000
0  15.789401 -22.748192 32.690891  0.176895 -0.105046 0.978608  0.278738 0.334193 1 0 1.000000
CARSKIN_SKIN1_DMG
0  15.789401 -22.748192 32.690891  0.176895 -0.105046 0.978608  0.278738 0.334193 1 0 1.000000
0  16.295897 -25.996361 32.228443  0.202383 -0.454443 0.867481  0.280968 0.319897 1 0 1.000000
0  21.900364 -23.970387 31.986206  0.186064 -0.373982 0.908580  0.305636 0.328814 1 0 1.000000
CARSKIN_SKIN1_DMG
0  16.295897 -25.996361 32.228443  0.202383 -0.454443 0.867481  0.280968 0.319897 1 0 1.000000
0  16.361961 -28.870165 29.993261  0.250595 -0.591478 0.766392  0.281259 0.307248 1 0 1.000000
0  21.889353 -26.800148 29.773048  0.258948 -0.593786 0.761816  0.305587 0.316359 1 0 1.000000
CARSKIN_SKIN1_DMG
0  21.889353 -26.800148 29.773048  0.258948 -0.593786 0.761816  0.305587 0.316359 1 0 1.000000
0  21.900364 -23.970387 31.986206  0.186064 -0.373982 0.908580  0.305636 0.328814 1 0 1.000000
0  16.295897 -25.996361 32.228443  0.202383 -0.454443 0.867481  0.280968 0.319897 1 0 1.000000
CARSKIN_SKIN1_DMG
0  21.900364 -23.970387 31.986206  0.186064 -0.373982 0.908580  0.305636 0.328814 1 0 1.000000
0  21.889353 -26.800148 29.773048  0.258948 -0.593786 0.761816  0.305587 0.316359 1 0 1.000000
0  26.954294 -24.675074 29.585865  0.276055 -0.596236 0.753854  0.327881 0.325712 1 0 1.000000
CARSKIN_SKIN1_DMG
0  26.954294 -24.675074 29.585865  0.276055 -0.596236 0.753854  0.327881 0.325712 1 0 1.000000
0  28.099411 -21.492970 31.699928  0.144095 -0.226330 0.963333  0.332921 0.339718 1 0 1.000000
0  21.900364 -23.970387 31.986206  0.186064 -0.373982 0.908580  0.305636 0.328814 1 0 1.000000
CARSKIN_SKIN1_DMG
0  20.920408 -20.149658 32.536743  0.094541 -0.104021 0.990072  0.301323 0.345631 1 0 1.000000
0  21.900364 -23.970387 31.986206  0.186064 -0.373982 0.908580  0.305636 0.328814 1 0 1.000000
0  28.099411 -21.492970 31.699928  0.144095 -0.226330 0.963333  0.332921 0.339718 1 0 1.000000
CARSKIN_SKIN1_DMG
0  28.099411 -21.492970 31.699928  0.144095 -0.226330 0.963333  0.332921 0.339718 1 0 1.000000
0  26.007370 -15.844459 32.349560  0.091430 -0.065001 0.993688  0.323713 0.364580 1 0 1.000000
0  20.920408 -20.149658 32.536743  0.094541 -0.104021 0.990072  0.301323 0.345631 1 0 1.000000
CARSKIN_SKIN1_DMG
0  26.007370 -15.844459 32.349560  0.091430 -0.065001 0.993688  0.323713 0.364580 1 0 1.000000
0  28.099411 -21.492970 31.699928  0.144095 -0.226330 0.963333  0.332921 0.339718 1 0 1.000000
0  29.112400 -15.382008 32.107323  0.086916 -0.058870 0.994475  0.337380 0.366616 1 0 1.000000
CARSKIN_SKIN1_DMG
0  26.007370 -15.844459 32.349560  0.091430 -0.065001 0.993688  0.323713 0.364580 1 0 1.000000
0  29.112400 -15.382008 32.107323  0.086916 -0.058870 0.994475  0.337380 0.366616 1 0 1.000000
0  29.607883 -11.594312 32.206421  0.086941 -0.031962 0.995700  0.339560 0.383287 1 0 1.000000
CARSKIN_SKIN1_DMG
0  20.446941 -87.590454 21.944408  0.464001 -0.532086 0.708229  0.299239 0.048791 1 0 1.000000
0  20.953438 -85.674583 23.045483  0.464000 -0.532090 0.708226  0.301468 0.057223 1 0 1.000000
0  20.281780 -87.656517 21.988451  0.464001 -0.532085 0.708229  0.298512 0.048500 1 0 1.000000
CARSKIN_SKIN1_DMG
0  22.770210 -56.011642 27.262598  0.309160 -0.597453 0.739912  0.309464 0.187785 1 0 1.000000
0  23.794209 -52.829540 29.387672  0.265183 -0.300025 0.916331  0.313972 0.201791 1 0 1.000000
0  18.850386 -55.174828 29.574852  0.219831 -0.437433 0.871967  0.292211 0.191468 1 0 1.000000
CARSKIN_SKIN1_DMG
0  18.850386 -55.174828 29.574852  0.219831 -0.437433 0.871967  0.292211 0.191468 1 0 1.000000
0  18.828365 -57.916500 27.361694  0.277577 -0.604870 0.746380  0.292114 0.179400 1 0 1.000000
0  22.770210 -56.011642 27.262598  0.309160 -0.597453 0.739912  0.309464 0.187785 1 0 1.000000
CARSKIN_SKIN1_DMG
0  12.871553 -57.586178 29.706982  0.221145 -0.500780 0.836848  0.265896 0.180854 1 0 1.000000
0  12.904586 -60.349876 27.460791  0.262264 -0.606631 0.750477  0.266041 0.168690 1 0 1.000000
0  18.828365 -57.916500 27.361694  0.277577 -0.604870 0.746380  0.292114 0.179400 1 0 1.000000
CARSKIN_SKIN1_DMG
0  18.828365 -57.916500 27.361694  0.277577 -0.604870 0.746380  0.292114 0.179400 1 0 1.000000
0  18.850386 -55.174828 29.574852  0.219831 -0.437433 0.871967  0.292211 0.191468 1 0 1.000000
0  12.871553 -57.586178 29.706982  0.221145 -0.500780 0.836848  0.265896 0.180854 1 0 1.000000
CARSKIN_SKIN1_DMG
0  12.970650 -54.205883 30.609861  0.125709 -0.253750 0.959066  0.266332 0.195733 1 0 1.000000
0  12.871553 -57.586178 29.706982  0.221145 -0.500780 0.836848  0.265896 0.180854 1 0 1.000000
0  18.850386 -55.174828 29.574852  0.219831 -0.437433 0.871967  0.292211 0.191468 1 0 1.000000
CARSKIN_SKIN1_DMG
0  18.850386 -55.174828 29.574852  0.219831 -0.437433 0.871967  0.292211 0.191468 1 0 1.000000
0  18.927462 -51.860596 30.433691  0.145248 -0.250722 0.957101  0.292551 0.206055 1 0 1.000000
0  12.970650 -54.205883 30.609861  0.125709 -0.253750 0.959066  0.266332 0.195733 1 0 1.000000
CARSKIN_SKIN1_DMG
0  18.927462 -51.860596 30.433691  0.145248 -0.250722 0.957101  0.292551 0.206055 1 0 1.000000
0  18.850386 -55.174828 29.574852  0.219831 -0.437433 0.871967  0.292211 0.191468 1 0 1.000000
0  23.794209 -52.829540 29.387672  0.265183 -0.300025 0.916331  0.313972 0.201791 1 0 1.000000
CARSKIN_SKIN1_DMG
0  23.794209 -52.829540 29.387672  0.265183 -0.300025 0.916331  0.313972 0.201791 1 0 1.000000
0  23.188618 -49.933716 30.246510  0.176389 -0.245341 0.953255  0.311306 0.214537 1 0 1.000000
0  18.927462 -51.860596 30.433691  0.145248 -0.250722 0.957101  0.292551 0.206055 1 0 1.000000
CARSKIN_SKIN1_DMG
0  23.188618 -49.933716 30.246510  0.176389 -0.245341 0.953255  0.311306 0.214537 1 0 1.000000
0  23.794209 -52.829540 29.387672  0.265183 -0.300025 0.916331  0.313972 0.201791 1 0 1.000000
0  23.849262 -49.504295 30.213478  0.224929 -0.239019 0.944604  0.314214 0.216427 1 0 1.000000
CARSKIN_SKIN1_DMG
0  23.794209 -52.829540 29.387672  0.265183 -0.300025 0.916331  0.313972 0.201791 1 0 1.000000
0  24.399799 -48.964767 30.202467  0.316509 -0.243592 0.916780  0.316637 0.218801 1 0 1.000000
0  23.849262 -49.504295 30.213478  0.224929 -0.239019 0.944604  0.314214 0.216427 1 0 1.000000
CARSKIN_SKIN1_DMG
0  24.851240 -48.205029 30.224487  0.380102 -0.248209 0.891019  0.318624 0.222145 1 0 1.000000
0  24.399799 -48.964767 30.202467  0.316509 -0.243592 0.916780  0.316637 0.218801 1 0 1.000000
0  23.794209 -52.829540 29.387672  0.265183 -0.300025 0.916331  0.313972 0.201791 1 0 1.000000
CARSKIN_SKIN1_DMG
0  23.794209 -52.829540 29.387672  0.265183 -0.300025 0.916331  0.313972 0.201791 1 0 1.000000
0  25.258638 -46.993847 30.389648  0.026657 -0.108978 0.993687  0.320417 0.227476 1 0 1.000000
0  24.851240 -48.205029 30.224487  0.380102 -0.248209 0.891019  0.318624 0.222145 1 0 1.000000
CARSKIN_SKIN1_DMG
0  -25.743116 -35.025169 28.826120  -0.268865 -0.616263 0.740224  0.095933 0.280156 1 0 1.000000
0  -21.393875 -36.885986 28.991283  -0.260366 -0.593895 0.761248  0.115077 0.271966 1 0 1.000000
0  -21.382862 -34.067234 31.204443  -0.191465 -0.434440 0.880116  0.115125 0.284373 1 0 1.000000
CARSKIN_SKIN1_DMG
0  -21.382862 -34.067234 31.204443  -0.191465 -0.434440 0.880116  0.115125 0.284373 1 0 1.000000
0  -26.877222 -31.843063 31.237473  -0.177396 -0.230926 0.956663  0.090942 0.294162 1 0 1.000000
0  -25.743116 -35.025169 28.826120  -0.268865 -0.616263 0.740224  0.095933 0.280156 1 0 1.000000
CARSKIN_SKIN1_DMG
0  -28.099415 -26.304661 31.699924  -0.057623 -0.074107 0.995584  0.085562 0.318540 1 0 1.000000
0  -26.877222 -31.843063 31.237473  -0.177396 -0.230926 0.956663  0.090942 0.294162 1 0 1.000000
0  -27.416750 -27.504831 31.732956  -0.242242 -0.140275 0.960022  0.088567 0.313257 1 0 1.000000
CARSKIN_SKIN1_DMG
0  -26.877222 -31.843063 31.237473  -0.177396 -0.230926 0.956663  0.090942 0.294162 1 0 1.000000
0  -26.954298 -28.264572 31.710934  -0.163108 -0.134245 0.977432  0.090602 0.309913 1 0 1.000000
0  -27.416750 -27.504831 31.732956  -0.242242 -0.140275 0.960022  0.088567 0.313257 1 0 1.000000
CARSKIN_SKIN1_DMG
0  -26.381739 -28.815109 31.721945  -0.137329 -0.135840 0.981167  0.093122 0.307490 1 0 1.000000
0  -26.954298 -28.264572 31.710934  -0.163108 -0.134245 0.977432  0.090602 0.309913 1 0 1.000000
0  -26.877222 -31.843063 31.237473  -0.177396 -0.230926 0.956663  0.090942 0.294162 1 0 1.000000
CARSKIN_SKIN1_DMG
0  -26.877222 -31.843063 31.237473  -0.177396 -0.230926 0.956663  0.090942 0.294162 1 0 1.000000
0  -25.710085 -29.233517 31.754978  -0.118197 -0.142260 0.982747  0.096079 0.305648 1 0 1.000000
0  -26.381739 -28.815109 31.721945  -0.137329 -0.135840 0.981167  0.093122 0.307490 1 0 1.000000
CARSKIN_SKIN1_DMG
0  -21.371851 -31.160398 31.942162  -0.106410 -0.210966 0.971684  0.115173 0.297167 1 0 1.000000
0  -25.710085 -29.233517 31.754978  -0.118197 -0.142260 0.982747  0.096079 0.305648 1 0 1.000000
0  -26.877222 -31.843063 31.237473  -0.177396 -0.230926 0.956663  0.090942 0.294162 1 0 1.000000
CARSKIN_SKIN1_DMG
0  -26.877222 -31.843063 31.237473  -0.177396 -0.230926 0.956663  0.090942 0.294162 1 0 1.000000
0  -21.382862 -34.067234 31.204443  -0.191465 -0.434440 0.880116  0.115125 0.284373 1 0 1.000000
0  -21.371851 -31.160398 31.942162  -0.106410 -0.210966 0.971684  0.115173 0.297167 1 0 1.000000
CARSKIN_SKIN1_DMG
0  -15.117751 -33.285473 32.173389  -0.119324 -0.231974 0.965376  0.142701 0.287814 1 0 1.000000
0  -21.371851 -31.160398 31.942162  -0.106410 -0.210966 0.971684  0.115173 0.297167 1 0 1.000000
0  -21.382862 -34.067234 31.204443  -0.191465 -0.434440 0.880116  0.115125 0.284373 1 0 1.000000
CARSKIN_SKIN1_DMG
0  -21.382862 -34.067234 31.204443  -0.191465 -0.434440 0.880116  0.115125 0.284373 1 0 1.000000
0  -15.084719 -36.346458 31.468700  -0.211321 -0.481052 0.850842  0.142846 0.274341 1 0 1.000000
0  -15.117751 -33.285473 32.173389  -0.119324 -0.231974 0.965376  0.142701 0.287814 1 0 1.000000
CARSKIN_SKIN1_DMG
0  -15.084719 -36.346458 31.468700  -0.211321 -0.481052 0.850842  0.142846 0.274341 1 0 1.000000
0  -21.382862 -34.067234 31.204443  -0.191465 -0.434440 0.880116  0.115125 0.284373 1 0 1.000000
0  -21.393875 -36.885986 28.991283  -0.260366 -0.593895 0.761248  0.115077 0.271966 1 0 1.000000
CARSKIN_SKIN1_DMG
0  -21.393875 -36.885986 28.991283  -0.260366 -0.593895 0.761248  0.115077 0.271966 1 0 1.000000
0  -15.150784 -39.209251 29.233519  -0.250465 -0.591664 0.766291  0.142555 0.261740 1 0 1.000000
0  -15.084719 -36.346458 31.468700  -0.211321 -0.481052 0.850842  0.142846 0.274341 1 0 1.000000
CARSKIN_SKIN1_DMG
0  -25.599979 -38.526585 30.874119  0.584368 0.445120 0.678514  0.096563 0.264745 1 0 1.000000
0  -25.743118 -38.614670 30.962204  0.381339 0.269017 0.884427  0.095933 0.264357 1 0 1.000000
0  -25.170559 -39.165207 30.973215  0.308971 0.395655 0.864866  0.098453 0.261934 1 0 1.000000
CARSKIN_SKIN1_DMG
0  -25.743118 -38.614670 30.962204  0.381339 0.269017 0.884427  0.095933 0.264357 1 0 1.000000
0  -25.599979 -38.526585 30.874119  0.584368 0.445120 0.678514  0.096563 0.264745 1 0 1.000000
0  -26.051418 -37.777855 30.896139  0.600156 0.281029 0.748889  0.094576 0.268041 1 0 1.000000
CARSKIN_SKIN1_DMG
0  -26.051418 -37.777855 30.896139  0.600156 0.281029 0.748889  0.094576 0.268041 1 0 1.000000
0  -26.205570 -37.854931 30.973215  0.420826 0.148141 0.894964  0.093898 0.267701 1 0 1.000000
0  -25.743118 -38.614670 30.962204  0.381339 0.269017 0.884427  0.095933 0.264357 1 0 1.000000
CARSKIN_SKIN1_DMG
0  -26.205570 -37.854931 30.973215  0.420826 0.148141 0.894964  0.093898 0.267701 1 0 1.000000
0  -26.051418 -37.777855 30.896139  0.600156 0.281029 0.748889  0.094576 0.268041 1 0 1.000000
0  -26.568924 -36.599705 30.995235  0.745742 0.214146 0.630881  0.092299 0.273226 1 0 1.000000
CARSKIN_SKIN1_DMG
0  -26.568924 -36.599705 30.995235  0.745742 0.214146 0.630881  0.092299 0.273226 1 0 1.000000
0  -26.745096 -36.643749 31.094334  0.495514 0.025071 0.868238  0.091523 0.273032 1 0 1.000000
0  -26.205570 -37.854931 30.973215  0.420826 0.148141 0.894964  0.093898 0.267701 1 0 1.000000
CARSKIN_SKIN1_DMG
0  -26.745096 -36.643749 31.094334  0.495514 0.025071 0.868238  0.091523 0.273032 1 0 1.000000
0  -26.568924 -36.599705 30.995235  0.745742 0.214146 0.630881  0.092299 0.273226 1 0 1.000000
0  -27.240578 -31.964182 31.336569  0.501906 -0.150242 0.851774  0.089342 0.293629 1 0 1.000000
CARSKIN_SKIN1_DMG
0  -27.240578 -31.964182 31.336569  0.501906 -0.150242 0.851774  0.089342 0.293629 1 0 1.000000
0  -28.099415 -26.304661 31.699924  0.377435 0.051568 0.924599  0.085562 0.318540 1 0 1.000000
0  -26.745096 -36.643749 31.094334  0.495514 0.025071 0.868238  0.091523 0.273032 1 0 1.000000
CARSKIN_SKIN1_DMG
0  -27.240578 -31.964182 31.336569  0.501906 -0.150242 0.851774  0.089342 0.293629 1 0 1.000000
0  -26.877222 -31.843063 31.237473  0.353192 -0.245682 0.902716  0.090942 0.294162 1 0 1.000000
0  -28.099415 -26.304661 31.699924  0.377435 0.051568 0.924599  0.085562 0.318540 1 0 1.000000
CARSKIN_SKIN1_DMG
0  -25.743116 -35.025169 28.826120  0.413076 -0.448850 0.792403  0.095933 0.280156 1 0 1.000000
0  -26.877222 -31.843063 31.237473  0.353192 -0.245682 0.902716  0.090942 0.294162 1 0 1.000000
0  -27.240578 -31.964182 31.336569  0.501906 -0.150242 0.851774  0.089342 0.293629 1 0 1.000000
CARSKIN_SKIN1_DMG
0  -27.240578 -31.964182 31.336569  0.501906 -0.150242 0.851774  0.089342 0.293629 1 0 1.000000
0  -26.139503 -35.267406 28.914206  0.841084 0.001894 0.540902  0.094189 0.279090 1 0 1.000000
0  -25.743116 -35.025169 28.826120  0.413076 -0.448850 0.792403  0.095933 0.280156 1 0 1.000000
CARSKIN_SKIN1_DMG
0  -26.139503 -35.267406 28.914206  0.841084 0.001894 0.540902  0.094189 0.279090 1 0 1.000000
0  -27.240578 -31.964182 31.336569  0.501906 -0.150242 0.851774  0.089342 0.293629 1 0 1.000000
0  -26.568924 -36.599705 30.995235  0.745742 0.214146 0.630881  0.092299 0.273226 1 0 1.000000
CARSKIN_SKIN1_DMG
0  -26.568924 -36.599705 30.995235  0.745742 0.214146 0.630881  0.092299 0.273226 1 0 1.000000
0  -26.117483 -37.018112 30.323582  0.860130 0.357767 0.363565  0.094286 0.271385 1 0 1.000000
0  -26.139503 -35.267406 28.914206  0.841084 0.001894 0.540902  0.094189 0.279090 1 0 1.000000
CARSKIN_SKIN1_DMG
0  -25.864237 -37.722801 30.521774  0.818275 0.404665 0.408255  0.095400 0.268283 1 0 1.000000
0  -26.117483 -37.018112 30.323582  0.860130 0.357767 0.363565  0.094286 0.271385 1 0 1.000000
0  -26.568924 -36.599705 30.995235  0.745742 0.214146 0.630881  0.092299 0.273226 1 0 1.000000
CARSKIN_SKIN1_DMG
0  -26.568924 -36.599705 30.995235  0.745742 0.214146 0.630881  0.092299 0.273226 1 0 1.000000
0  -26.051418 -37.777855 30.896139  0.600156 0.281029 0.748889  0.094576 0.268041 1 0 1.000000
0  -25.864237 -37.722801 30.521774  0.818275 0.404665 0.408255  0.095400 0.268283 1 0 1.000000
CARSKIN_SKIN1_DMG
0  -25.864237 -37.722801 30.521774  0.818275 0.404665 0.408255  0.095400 0.268283 1 0 1.000000
0  -26.051418 -37.777855 30.896139  0.600156 0.281029 0.748889  0.094576 0.268041 1 0 1.000000
0  -25.599979 -38.526585 30.874119  0.584368 0.445120 0.678514  0.096563 0.264745 1 0 1.000000
CARSKIN_SKIN1_DMG
0  -27.262598 -27.427755 31.644871  0.575950 0.332224 0.746933  0.089245 0.313596 1 0 1.000000
0  -27.416750 -27.504831 31.732956  0.388222 0.238134 0.890267  0.088567 0.313257 1 0 1.000000
0  -26.954298 -28.264572 31.710934  0.381363 0.269036 0.884411  0.090602 0.309913 1 0 1.000000
CARSKIN_SKIN1_DMG
0  -27.416750 -27.504831 31.732956  0.388222 0.238134 0.890267  0.088567 0.313257 1 0 1.000000
0  -27.262598 -27.427755 31.644871  0.575950 0.332224 0.746933  0.089245 0.313596 1 0 1.000000
0  -27.901222 -26.249607 31.589817  0.690483 0.289196 0.663022  0.086434 0.318782 1 0 1.000000
CARSKIN_SKIN1_DMG
0  -27.901222 -26.249607 31.589817  0.690483 0.289196 0.663022  0.086434 0.318782 1 0 1.000000
0  -28.099415 -26.304661 31.699924  0.377563 0.051662 0.924541  0.085562 0.318540 1 0 1.000000
0  -27.416750 -27.504831 31.732956  0.388222 0.238134 0.890267  0.088567 0.313257 1 0 1.000000
CARSKIN_SKIN1_DMG
0  -28.099415 -26.304661 31.699924  0.377563 0.051662 0.924541  0.085562 0.318540 1 0 1.000000
0  -27.901222 -26.249607 31.589817  0.690483 0.289196 0.663022  0.086434 0.318782 1 0 1.000000
0  -28.517822 -21.614084 31.810032  0.515668 -0.123796 0.847798  0.083721 0.339185 1 0 1.000000
CARSKIN_SKIN1_DMG
0  -28.517822 -21.614084 31.810032  0.515668 -0.123796 0.847798  0.083721 0.339185 1 0 1.000000
0  -29.387672 -15.337962 32.118336  0.195931 -0.019527 0.980423  0.079892 0.366810 1 0 1.000000
0  -28.099415 -26.304661 31.699924  0.377563 0.051662 0.924541  0.085562 0.318540 1 0 1.000000
CARSKIN_SKIN1_DMG
0  -29.387672 -15.337962 32.118336  0.195931 -0.019527 0.980423  0.079892 0.366810 1 0 1.000000
0  -28.517822 -21.614084 31.810032  0.515668 -0.123796 0.847798  0.083721 0.339185 1 0 1.000000
0  -28.099415 -21.492966 31.699924  0.206021 -0.176879 0.962429  0.085562 0.339718 1 0 1.000000
CARSKIN_SKIN1_DMG
0  -28.099415 -21.492966 31.699924  0.206021 -0.176879 0.962429  0.085562 0.339718 1 0 1.000000
0  -29.112404 -15.382006 32.107323  0.025577 -0.042300 0.998778  0.081103 0.366616 1 0 1.000000
0  -29.387672 -15.337962 32.118336  0.195931 -0.019527 0.980423  0.079892 0.366810 1 0 1.000000
CARSKIN_SKIN1_DMG
0  -29.112404 -15.382006 32.107323  0.025577 -0.042300 0.998778  0.081103 0.366616 1 0 1.000000
0  -29.607887 -11.594310 32.206421  0.028587 -0.022332 0.999342  0.078923 0.383287 1 0 1.000000
0  -29.387672 -15.337962 32.118336  0.195931 -0.019527 0.980423  0.079892 0.366810 1 0 1.000000
CARSKIN_SKIN1_DMG
0  -26.723072 -28.132444 31.380611  0.697766 0.598134 0.394156  0.091620 0.310495 1 0 1.000000
0  -26.811159 -28.176487 31.622849  0.584336 0.445129 0.678536  0.091232 0.310301 1 0 1.000000
0  -26.271631 -28.705002 31.633860  0.459349 0.600350 0.654659  0.093607 0.307975 1 0 1.000000
CARSKIN_SKIN1_DMG
0  -26.811159 -28.176487 31.622849  0.584336 0.445129 0.678536  0.091232 0.310301 1 0 1.000000
0  -26.723072 -28.132444 31.380611  0.697766 0.598134 0.394156  0.091620 0.310495 1 0 1.000000
0  -27.086428 -27.383713 31.270504  0.785074 0.444387 0.431485  0.090021 0.313790 1 0 1.000000
CARSKIN_SKIN1_DMG
0  -27.086428 -27.383713 31.270504  0.785074 0.444387 0.431485  0.090021 0.313790 1 0 1.000000
0  -27.262598 -27.427755 31.644871  0.575950 0.332224 0.746933  0.089245 0.313596 1 0 1.000000
0  -26.811159 -28.176487 31.622849  0.584336 0.445129 0.678536  0.091232 0.310301 1 0 1.000000
CARSKIN_SKIN1_DMG
0  -27.901222 -26.249607 31.589817  0.690483 0.289196 0.663022  0.086434 0.318782 1 0 1.000000
0  -27.262598 -27.427755 31.644871  0.575950 0.332224 0.746933  0.089245 0.313596 1 0 1.000000
0  -27.086428 -27.383713 31.270504  0.785074 0.444387 0.431485  0.090021 0.313790 1 0 1.000000
CARSKIN_SKIN1_DMG
0  -27.086428 -27.383713 31.270504  0.785074 0.444387 0.431485  0.090021 0.313790 1 0 1.000000
0  -27.328663 -26.668015 31.006247  0.781448 0.412855 0.467857  0.088955 0.316940 1 0 1.000000
0  -27.901222 -26.249607 31.589817  0.690483 0.289196 0.663022  0.086434 0.318782 1 0 1.000000
CARSKIN_SKIN1_DMG
0  -27.901222 -26.249607 31.589817  0.690483 0.289196 0.663022  0.086434 0.318782 1 0 1.000000
0  -27.328663 -26.668015 31.006247  0.781448 0.412855 0.467857  0.088955 0.316940 1 0 1.000000
0  -27.350685 -24.917307 29.662937  0.789233 0.039065 0.612850  0.088858 0.324646 1 0 1.000000
CARSKIN_SKIN1_DMG
0  -27.350685 -24.917307 29.662937  0.789233 0.039065 0.612850  0.088858 0.324646 1 0 1.000000
0  -28.517822 -21.614084 31.810032  0.515668 -0.123796 0.847798  0.083721 0.339185 1 0 1.000000
0  -27.901222 -26.249607 31.589817  0.690483 0.289196 0.663022  0.086434 0.318782 1 0 1.000000
CARSKIN_SKIN1_DMG
0  -28.517822 -21.614084 31.810032  0.515668 -0.123796 0.847798  0.083721 0.339185 1 0 1.000000
0  -27.350685 -24.917307 29.662937  0.789233 0.039065 0.612850  0.088858 0.324646 1 0 1.000000
0  -26.954298 -24.675070 29.585861  0.371391 -0.415165 0.830486  0.090602 0.325712 1 0 1.000000
CARSKIN_SKIN1_DMG
0  -26.954298 -24.675070 29.585861  0.371391 -0.415165 0.830486  0.090602 0.325712 1 0 1.000000
0  -28.099415 -21.492966 31.699924  0.206021 -0.176879 0.962429  0.085562 0.339718 1 0 1.000000
0  -28.517822 -21.614084 31.810032  0.515668 -0.123796 0.847798  0.083721 0.339185 1 0 1.000000
CARSKIN_SKIN1_DMG
0  -26.271631 -28.705002 31.633860  0.459349 0.600350 0.654659  0.093607 0.307975 1 0 1.000000
0  -26.216578 -28.649948 31.446676  0.553074 0.758923 0.343722  0.093849 0.308217 1 0 1.000000
0  -26.723072 -28.132444 31.380611  0.697766 0.598134 0.394156  0.091620 0.310495 1 0 1.000000
CARSKIN_SKIN1_DMG
0  -26.216578 -28.649948 31.446676  0.553074 0.758923 0.343722  0.093849 0.308217 1 0 1.000000
0  -26.271631 -28.705002 31.633860  0.459349 0.600350 0.654659  0.093607 0.307975 1 0 1.000000
0  -25.610987 -29.112400 31.655880  0.387447 0.759505 0.522530  0.096515 0.306181 1 0 1.000000
CARSKIN_SKIN1_DMG
0  -25.610987 -29.112400 31.655880  0.387447 0.759505 0.522530  0.096515 0.306181 1 0 1.000000
0  -25.588966 -29.079367 31.501730  0.452396 0.846782 0.279818  0.096612 0.306327 1 0 1.000000
0  -26.216578 -28.649948 31.446676  0.553074 0.758923 0.343722  0.093849 0.308217 1 0 1.000000
CARSKIN_SKIN1_DMG
0  -21.272755 -30.984228 31.688915  0.347473 0.884322 0.311829  0.115610 0.297943 1 0 1.000000
0  -25.588966 -29.079367 31.501730  0.452396 0.846782 0.279818  0.096612 0.306327 1 0 1.000000
0  -25.610987 -29.112400 31.655880  0.387447 0.759505 0.522530  0.096515 0.306181 1 0 1.000000
CARSKIN_SKIN1_DMG
0  -25.610987 -29.112400 31.655880  0.387447 0.759505 0.522530  0.096515 0.306181 1 0 1.000000
0  -21.305788 -31.028271 31.843065  0.259459 0.738193 0.622698  0.115464 0.297749 1 0 1.000000
0  -21.272755 -30.984228 31.688915  0.347473 0.884322 0.311829  0.115610 0.297943 1 0 1.000000
CARSKIN_SKIN1_DMG
0  -15.128762 -33.065258 31.920141  0.386915 0.866325 0.315877  0.142652 0.288783 1 0 1.000000
0  -21.272755 -30.984228 31.688915  0.347473 0.884322 0.311829  0.115610 0.297943 1 0 1.000000
0  -21.305788 -31.028271 31.843065  0.259459 0.738193 0.622698  0.115464 0.297749 1 0 1.000000
CARSKIN_SKIN1_DMG
0  -21.305788 -31.028271 31.843065  0.259459 0.738193 0.622698  0.115464 0.297749 1 0 1.000000
0  -15.128762 -33.120312 32.074291  0.171359 0.699562 0.693722  0.142652 0.288541 1 0 1.000000
0  -15.128762 -33.065258 31.920141  0.386915 0.866325 0.315877  0.142652 0.288783 1 0 1.000000
CARSKIN_SKIN1_DMG
0  -15.128762 -33.120312 32.074291  0.171359 0.699562 0.693722  0.142652 0.288541 1 0 1.000000
0  -14.952590 -33.318504 32.261475  0.117045 0.738273 0.664270  0.143428 0.287668 1 0 1.000000
0  -15.128762 -33.065258 31.920141  0.386915 0.866325 0.315877  0.142652 0.288783 1 0 1.000000
CARSKIN_SKIN1_DMG
0  -14.952590 -33.318504 32.261475  0.117045 0.738273 0.664270  0.143428 0.287668 1 0 1.000000
0  -15.128762 -33.120312 32.074291  0.171359 0.699562 0.693722  0.142652 0.288541 1 0 1.000000
0  -15.117751 -33.285473 32.173389  -0.118826 0.494571 0.860976  0.142701 0.287814 1 0 1.000000
CARSKIN_SKIN1_DMG
0  -21.371851 -31.160398 31.942162  0.155656 0.505790 0.848497  0.115173 0.297167 1 0 1.000000
0  -15.117751 -33.285473 32.173389  -0.118826 0.494571 0.860976  0.142701 0.287814 1 0 1.000000
0  -15.128762 -33.120312 32.074291  0.171359 0.699562 0.693722  0.142652 0.288541 1 0 1.000000
CARSKIN_SKIN1_DMG
0  -15.128762 -33.120312 32.074291  0.171359 0.699562 0.693722  0.142652 0.288541 1 0 1.000000
0  -21.305788 -31.028271 31.843065  0.259459 0.738193 0.622698  0.115464 0.297749 1 0 1.000000
0  -21.371851 -31.160398 31.942162  0.155656 0.505790 0.848497  0.115173 0.297167 1 0 1.000000
CARSKIN_SKIN1_DMG
0  -25.710085 -29.233517 31.754978  0.217420 0.475226 0.852578  0.096079 0.305648 1 0 1.000000
0  -21.371851 -31.160398 31.942162  0.155656 0.505790 0.848497  0.115173 0.297167 1 0 1.000000
0  -21.305788 -31.028271 31.843065  0.259459 0.738193 0.622698  0.115464 0.297749 1 0 1.000000
CARSKIN_SKIN1_DMG
0  -21.305788 -31.028271 31.843065  0.259459 0.738193 0.622698  0.115464 0.297749 1 0 1.000000
0  -25.610987 -29.112400 31.655880  0.387447 0.759505 0.522530  0.096515 0.306181 1 0 1.000000
0  -25.710085 -29.233517 31.754978  0.217420 0.475226 0.852578  0.096079 0.305648 1 0 1.000000
CARSKIN_SKIN1_DMG
0  -25.710085 -29.233517 31.754978  0.217420 0.475226 0.852578  0.096079 0.305648 1 0 1.000000
0  -25.610987 -29.112400 31.655880  0.387447 0.759505 0.522530  0.096515 0.306181 1 0 1.000000
0  -26.271631 -28.705002 31.633860  0.459349 0.600350 0.654659  0.093607 0.307975 1 0 1.000000
CARSKIN_SKIN1_DMG
0  -26.271631 -28.705002 31.633860  0.459349 0.600350 0.654659  0.093607 0.307975 1 0 1.000000
0  -26.381739 -28.815109 31.721945  0.309007 0.395656 0.864853  0.093122 0.307490 1 0 1.000000
0  -25.710085 -29.233517 31.754978  0.217420 0.475226 0.852578  0.096079 0.305648 1 0 1.000000
CARSKIN_SKIN1_DMG
0  -26.381739 -28.815109 31.721945  0.309007 0.395656 0.864853  0.093122 0.307490 1 0 1.000000
0  -26.271631 -28.705002 31.633860  0.459349 0.600350 0.654659  0.093607 0.307975 1 0 1.000000
0  -26.811159 -28.176487 31.622849  0.584336 0.445129 0.678536  0.091232 0.310301 1 0 1.000000
CARSKIN_SKIN1_DMG
0  -26.811159 -28.176487 31.622849  0.584336 0.445129 0.678536  0.091232 0.310301 1 0 1.000000
0  -26.954298 -28.264572 31.710934  0.381363 0.269036 0.884411  0.090602 0.309913 1 0 1.000000
0  -26.381739 -28.815109 31.721945  0.309007 0.395656 0.864853  0.093122 0.307490 1 0 1.000000
CARSKIN_SKIN1_DMG
0  -26.954298 -28.264572 31.710934  0.381363 0.269036 0.884411  0.090602 0.309913 1 0 1.000000
0  -26.811159 -28.176487 31.622849  0.584336 0.445129 0.678536  0.091232 0.310301 1 0 1.000000
0  -27.262598 -27.427755 31.644871  0.575950 0.332224 0.746933  0.089245 0.313596 1 0 1.000000
CARSKIN_SKIN1_DMG
0  -25.599979 -38.526585 30.874119  0.584368 0.445120 0.678514  0.096563 0.264745 1 0 1.000000
0  -25.511892 -38.471531 30.631882  0.697748 0.598147 0.394167  0.096951 0.264987 1 0 1.000000
0  -25.864237 -37.722801 30.521774  0.818275 0.404665 0.408255  0.095400 0.268283 1 0 1.000000
CARSKIN_SKIN1_DMG
0  -25.511892 -38.471531 30.631882  0.697748 0.598147 0.394167  0.096951 0.264987 1 0 1.000000
0  -25.599979 -38.526585 30.874119  0.584368 0.445120 0.678514  0.096563 0.264745 1 0 1.000000
0  -25.049442 -39.055099 30.885128  0.459330 0.600324 0.654696  0.098987 0.262419 1 0 1.000000
CARSKIN_SKIN1_DMG
0  -25.049442 -39.055099 30.885128  0.459330 0.600324 0.654696  0.098987 0.262419 1 0 1.000000
0  -25.005398 -39.000046 30.697947  0.553080 0.758929 0.343699  0.099180 0.262661 1 0 1.000000
0  -25.511892 -38.471531 30.631882  0.697748 0.598147 0.394167  0.096951 0.264987 1 0 1.000000
CARSKIN_SKIN1_DMG
0  -25.005398 -39.000046 30.697947  0.553080 0.758929 0.343699  0.099180 0.262661 1 0 1.000000
0  -25.049442 -39.055099 30.885128  0.459330 0.600324 0.654696  0.098987 0.262419 1 0 1.000000
0  -24.399807 -39.462498 30.907150  0.387437 0.759460 0.522603  0.101846 0.260626 1 0 1.000000
CARSKIN_SKIN1_DMG
0  -24.399807 -39.462498 30.907150  0.387437 0.759460 0.522603  0.101846 0.260626 1 0 1.000000
0  -24.377787 -39.429466 30.753000  0.452411 0.846777 0.279808  0.101943 0.260771 1 0 1.000000
0  -25.005398 -39.000046 30.697947  0.553080 0.758929 0.343699  0.099180 0.262661 1 0 1.000000
CARSKIN_SKIN1_DMG
0  -20.061575 -41.334324 30.940184  0.356094 0.880769 0.312157  0.120941 0.252387 1 0 1.000000
0  -24.377787 -39.429466 30.753000  0.452411 0.846777 0.279808  0.101943 0.260771 1 0 1.000000
0  -24.399807 -39.462498 30.907150  0.387437 0.759460 0.522603  0.101846 0.260626 1 0 1.000000
CARSKIN_SKIN1_DMG
0  -24.399807 -39.462498 30.907150  0.387437 0.759460 0.522603  0.101846 0.260626 1 0 1.000000
0  -20.083597 -41.378368 31.094336  0.272180 0.733439 0.622885  0.120844 0.252193 1 0 1.000000
0  -20.061575 -41.334324 30.940184  0.356094 0.880769 0.312157  0.120941 0.252387 1 0 1.000000
CARSKIN_SKIN1_DMG
0  -14.027688 -43.558495 31.116356  0.304927 0.895514 0.324152  0.147499 0.242597 1 0 1.000000
0  -20.061575 -41.334324 30.940184  0.356094 0.880769 0.312157  0.120941 0.252387 1 0 1.000000
0  -20.083597 -41.378368 31.094336  0.272180 0.733439 0.622885  0.120844 0.252193 1 0 1.000000
CARSKIN_SKIN1_DMG
0  -20.083597 -41.378368 31.094336  0.272180 0.733439 0.622885  0.120844 0.252193 1 0 1.000000
0  -14.027688 -43.613548 31.270506  0.048141 0.725117 0.686941  0.147499 0.242355 1 0 1.000000
0  -14.027688 -43.558495 31.116356  0.304927 0.895514 0.324152  0.147499 0.242597 1 0 1.000000
CARSKIN_SKIN1_DMG
0  -14.027688 -43.613548 31.270506  0.048141 0.725117 0.686941  0.147499 0.242355 1 0 1.000000
0  -13.873538 -43.745678 31.512743  -0.271180 0.760812 0.589599  0.148177 0.241773 1 0 1.000000
0  -14.027688 -43.558495 31.116356  0.304927 0.895514 0.324152  0.147499 0.242597 1 0 1.000000
CARSKIN_SKIN1_DMG
0  -13.873538 -43.745678 31.512743  -0.271180 0.760812 0.589599  0.148177 0.241773 1 0 1.000000
0  -14.027688 -43.613548 31.270506  0.048141 0.725117 0.686941  0.147499 0.242355 1 0 1.000000
0  -14.016677 -43.778709 31.358593  -0.310291 0.463921 0.829757  0.147547 0.241628 1 0 1.000000
CARSKIN_SKIN1_DMG
0  -20.160671 -41.510498 31.182421  0.169295 0.502525 0.847826  0.120504 0.251611 1 0 1.000000
0  -14.016677 -43.778709 31.358593  -0.310291 0.463921 0.829757  0.147547 0.241628 1 0 1.000000
0  -14.027688 -43.613548 31.270506  0.048141 0.725117 0.686941  0.147499 0.242355 1 0 1.000000
CARSKIN_SKIN1_DMG
0  -14.027688 -43.613548 31.270506  0.048141 0.725117 0.686941  0.147499 0.242355 1 0 1.000000
0  -20.083597 -41.378368 31.094336  0.272180 0.733439 0.622885  0.120844 0.252193 1 0 1.000000
0  -20.160671 -41.510498 31.182421  0.169295 0.502525 0.847826  0.120504 0.251611 1 0 1.000000
CARSKIN_SKIN1_DMG
0  -24.487894 -39.583618 30.995235  0.217404 0.475172 0.852612  0.101458 0.260092 1 0 1.000000
0  -20.160671 -41.510498 31.182421  0.169295 0.502525 0.847826  0.120504 0.251611 1 0 1.000000
0  -20.083597 -41.378368 31.094336  0.272180 0.733439 0.622885  0.120844 0.252193 1 0 1.000000
CARSKIN_SKIN1_DMG
0  -20.083597 -41.378368 31.094336  0.272180 0.733439 0.622885  0.120844 0.252193 1 0 1.000000
0  -24.399807 -39.462498 30.907150  0.387437 0.759460 0.522603  0.101846 0.260626 1 0 1.000000
0  -24.487894 -39.583618 30.995235  0.217404 0.475172 0.852612  0.101458 0.260092 1 0 1.000000
CARSKIN_SKIN1_DMG
0  -24.487894 -39.583618 30.995235  0.217404 0.475172 0.852612  0.101458 0.260092 1 0 1.000000
0  -24.399807 -39.462498 30.907150  0.387437 0.759460 0.522603  0.101846 0.260626 1 0 1.000000
0  -25.049442 -39.055099 30.885128  0.459330 0.600324 0.654696  0.098987 0.262419 1 0 1.000000
CARSKIN_SKIN1_DMG
0  -25.049442 -39.055099 30.885128  0.459330 0.600324 0.654696  0.098987 0.262419 1 0 1.000000
0  -25.170559 -39.165207 30.973215  0.308971 0.395655 0.864866  0.098453 0.261934 1 0 1.000000
0  -24.487894 -39.583618 30.995235  0.217404 0.475172 0.852612  0.101458 0.260092 1 0 1.000000
CARSKIN_SKIN1_DMG
0  -25.170559 -39.165207 30.973215  0.308971 0.395655 0.864866  0.098453 0.261934 1 0 1.000000
0  -25.049442 -39.055099 30.885128  0.459330 0.600324 0.654696  0.098987 0.262419 1 0 1.000000
0  -25.599979 -38.526585 30.874119  0.584368 0.445120 0.678514  0.096563 0.264745 1 0 1.000000
CARSKIN_SKIN1_DMG
0  24.399799 -45.375267 28.077394  0.289902 -0.590266 0.753354  0.316637 0.234601 1 0 1.000000
0  25.412788 -42.171143 30.191456  0.240750 -0.287794 0.926938  0.321096 0.248704 1 0 1.000000
0  20.171675 -44.417332 30.455711  0.207337 -0.425661 0.880809  0.298027 0.238817 1 0 1.000000
CARSKIN_SKIN1_DMG
0  20.171675 -44.417332 30.455711  0.207337 -0.425661 0.880809  0.298027 0.238817 1 0 1.000000
0  20.171675 -47.236084 28.242552  0.262135 -0.593647 0.760834  0.298027 0.226410 1 0 1.000000
0  24.399799 -45.375267 28.077394  0.289902 -0.590266 0.753354  0.316637 0.234601 1 0 1.000000
CARSKIN_SKIN1_DMG
0  14.005660 -46.696556 30.664915  0.209593 -0.483927 0.849639  0.270887 0.228785 1 0 1.000000
0  14.071724 -49.559349 28.429735  0.249363 -0.591890 0.766475  0.271178 0.216184 1 0 1.000000
0  20.171675 -47.236084 28.242552  0.262135 -0.593647 0.760834  0.298027 0.226410 1 0 1.000000
CARSKIN_SKIN1_DMG
0  20.171675 -47.236084 28.242552  0.262135 -0.593647 0.760834  0.298027 0.226410 1 0 1.000000
0  20.171675 -44.417332 30.455711  0.207337 -0.425661 0.880809  0.298027 0.238817 1 0 1.000000
0  14.005660 -46.696556 30.664915  0.209593 -0.483927 0.849639  0.270887 0.228785 1 0 1.000000
CARSKIN_SKIN1_DMG
0  14.016671 -43.778709 31.358593  0.117879 -0.236343 0.964493  0.270936 0.241628 1 0 1.000000
0  14.005660 -46.696556 30.664915  0.209593 -0.483927 0.849639  0.270887 0.228785 1 0 1.000000
0  20.171675 -44.417332 30.455711  0.207337 -0.425661 0.880809  0.298027 0.238817 1 0 1.000000
CARSKIN_SKIN1_DMG
0  20.171675 -44.417332 30.455711  0.207337 -0.425661 0.880809  0.298027 0.238817 1 0 1.000000
0  20.160664 -41.510498 31.182421  0.139612 -0.243033 0.959918  0.297979 0.251611 1 0 1.000000
0  14.016671 -43.778709 31.358593  0.117879 -0.236343 0.964493  0.270936 0.241628 1 0 1.000000
CARSKIN_SKIN1_DMG
0  20.160664 -41.510498 31.182421  0.139612 -0.243033 0.959918  0.297979 0.251611 1 0 1.000000
0  20.171675 -44.417332 30.455711  0.207337 -0.425661 0.880809  0.298027 0.238817 1 0 1.000000
0  25.412788 -42.171143 30.191456  0.240750 -0.287794 0.926938  0.321096 0.248704 1 0 1.000000
CARSKIN_SKIN1_DMG
0  25.412788 -42.171143 30.191456  0.240750 -0.287794 0.926938  0.321096 0.248704 1 0 1.000000
0  24.487886 -39.583618 30.995239  0.168885 -0.238957 0.956231  0.317025 0.260092 1 0 1.000000
0  20.160664 -41.510498 31.182421  0.139612 -0.243033 0.959918  0.297979 0.251611 1 0 1.000000
CARSKIN_SKIN1_DMG
0  25.412788 -42.171143 30.191456  0.240750 -0.287794 0.926938  0.321096 0.248704 1 0 1.000000
0  25.170551 -39.165207 30.973219  0.210413 -0.228887 0.950441  0.320030 0.261934 1 0 1.000000
0  24.487886 -39.583618 30.995239  0.168885 -0.238957 0.956231  0.317025 0.260092 1 0 1.000000
CARSKIN_SKIN1_DMG
0  25.170551 -39.165207 30.973219  0.210413 -0.228887 0.950441  0.320030 0.261934 1 0 1.000000
0  25.412788 -42.171143 30.191456  0.240750 -0.287794 0.926938  0.321096 0.248704 1 0 1.000000
0  25.743111 -38.614670 30.962208  0.284850 -0.227306 0.931232  0.322550 0.264357 1 0 1.000000
CARSKIN_SKIN1_DMG
0  25.412788 -42.171143 30.191456  0.240750 -0.287794 0.926938  0.321096 0.248704 1 0 1.000000
0  26.205563 -37.854931 30.973219  0.325736 -0.227054 0.917792  0.324585 0.267701 1 0 1.000000
0  25.743111 -38.614670 30.962208  0.284850 -0.227306 0.931232  0.322550 0.264357 1 0 1.000000
CARSKIN_SKIN1_DMG
0  26.745089 -36.643749 31.094337  0.055613 -0.102280 0.993200  0.326960 0.273032 1 0 1.000000
0  26.205563 -37.854931 30.973219  0.325736 -0.227054 0.917792  0.324585 0.267701 1 0 1.000000
0  25.412788 -42.171143 30.191456  0.240750 -0.287794 0.926938  0.321096 0.248704 1 0 1.000000
CARSKIN_SKIN1_DMG
0  13.763424 -46.839695 30.808056  0.644415 -0.368564 0.669992  0.269821 0.228155 1 0 1.000000
0  13.719380 -49.999779 28.528831  0.695669 -0.426041 0.578389  0.269627 0.214246 1 0 1.000000
0  14.071724 -49.559349 28.429735  0.666415 -0.445743 0.597666  0.271178 0.216184 1 0 1.000000
CARSKIN_SKIN1_DMG
0  14.071724 -49.559349 28.429735  0.666415 -0.445743 0.597666  0.271178 0.216184 1 0 1.000000
0  14.005660 -46.696556 30.664915  0.643163 -0.282501 0.711712  0.270887 0.228785 1 0 1.000000
0  13.763424 -46.839695 30.808056  0.644415 -0.368564 0.669992  0.269821 0.228155 1 0 1.000000
CARSKIN_SKIN1_DMG
0  13.873532 -43.745678 31.512743  0.636507 -0.186536 0.748374  0.270306 0.241773 1 0 1.000000
0  13.763424 -46.839695 30.808056  0.644415 -0.368564 0.669992  0.269821 0.228155 1 0 1.000000
0  14.005660 -46.696556 30.664915  0.643163 -0.282501 0.711712  0.270887 0.228785 1 0 1.000000
CARSKIN_SKIN1_DMG
0  14.005660 -46.696556 30.664915  0.643163 -0.282501 0.711712  0.270887 0.228785 1 0 1.000000
0  14.016671 -43.778709 31.358593  0.691790 -0.170779 0.701613  0.270936 0.241628 1 0 1.000000
0  13.873532 -43.745678 31.512743  0.636507 -0.186536 0.748374  0.270306 0.241773 1 0 1.000000
CARSKIN_SKIN1_DMG
0  12.970650 -54.205883 30.609861  0.498313 -0.229985 0.835938  0.266332 0.195733 1 0 1.000000
0  12.838521 -54.095776 30.708960  0.455732 -0.230566 0.859737  0.265750 0.196217 1 0 1.000000
0  12.596285 -57.762352 29.850121  0.586235 -0.355693 0.727881  0.264684 0.180079 1 0 1.000000
CARSKIN_SKIN1_DMG
0  12.596285 -57.762352 29.850121  0.586235 -0.355693 0.727881  0.264684 0.180079 1 0 1.000000
0  12.871553 -57.586178 29.706982  0.585648 -0.366248 0.723104  0.265896 0.180854 1 0 1.000000
0  12.970650 -54.205883 30.609861  0.498313 -0.229985 0.835938  0.266332 0.195733 1 0 1.000000
CARSKIN_SKIN1_DMG
0  12.904586 -60.349876 27.460791  0.653460 -0.469067 0.594110  0.266041 0.168690 1 0 1.000000
0  12.871553 -57.586178 29.706982  0.585648 -0.366248 0.723104  0.265896 0.180854 1 0 1.000000
0  12.596285 -57.762352 29.850121  0.586235 -0.355693 0.727881  0.264684 0.180079 1 0 1.000000
CARSKIN_SKIN1_DMG
0  12.596285 -57.762352 29.850121  0.586235 -0.355693 0.727881  0.264684 0.180079 1 0 1.000000
0  12.541231 -60.823338 27.548876  0.690432 -0.443675 0.571363  0.264442 0.166606 1 0 1.000000
0  12.904586 -60.349876 27.460791  0.653460 -0.469067 0.594110  0.266041 0.168690 1 0 1.000000
CARSKIN_SKIN1_DMG
0  -24.399807 -45.375267 28.077391  -0.290196 -0.589921 0.753512  0.101846 0.234601 1 0 1.000000
0  -20.171682 -47.236084 28.242552  -0.262215 -0.593672 0.760787  0.120456 0.226410 1 0 1.000000
0  -20.171682 -44.417332 30.455711  -0.207319 -0.425660 0.880814  0.120456 0.238817 1 0 1.000000
CARSKIN_SKIN1_DMG
0  -20.171682 -44.417332 30.455711  -0.207319 -0.425660 0.880814  0.120456 0.238817 1 0 1.000000
0  -25.412796 -42.171143 30.191452  -0.240750 -0.287794 0.926938  0.097387 0.248704 1 0 1.000000
0  -24.399807 -45.375267 28.077391  -0.290196 -0.589921 0.753512  0.101846 0.234601 1 0 1.000000
CARSKIN_SKIN1_DMG
0  -20.171682 -47.236084 28.242552  -0.262215 -0.593672 0.760787  0.120456 0.226410 1 0 1.000000
0  -14.071732 -49.559349 28.429735  -0.249331 -0.591966 0.766427  0.147305 0.216184 1 0 1.000000
0  -14.005668 -46.696556 30.664915  -0.209595 -0.483926 0.849639  0.147596 0.228785 1 0 1.000000
CARSKIN_SKIN1_DMG
0  -14.005668 -46.696556 30.664915  -0.209595 -0.483926 0.849639  0.147596 0.228785 1 0 1.000000
0  -20.171682 -44.417332 30.455711  -0.207319 -0.425660 0.880814  0.120456 0.238817 1 0 1.000000
0  -20.171682 -47.236084 28.242552  -0.262215 -0.593672 0.760787  0.120456 0.226410 1 0 1.000000
CARSKIN_SKIN1_DMG
0  -20.171682 -44.417332 30.455711  -0.207319 -0.425660 0.880814  0.120456 0.238817 1 0 1.000000
0  -14.005668 -46.696556 30.664915  -0.209595 -0.483926 0.849639  0.147596 0.228785 1 0 1.000000
0  -14.016677 -43.778709 31.358593  -0.117884 -0.236390 0.964481  0.147547 0.241628 1 0 1.000000
CARSKIN_SKIN1_DMG
0  -14.016677 -43.778709 31.358593  -0.117884 -0.236390 0.964481  0.147547 0.241628 1 0 1.000000
0  -20.160671 -41.510498 31.182421  -0.139614 -0.243033 0.959918  0.120504 0.251611 1 0 1.000000
0  -20.171682 -44.417332 30.455711  -0.207319 -0.425660 0.880814  0.120456 0.238817 1 0 1.000000
CARSKIN_SKIN1_DMG
0  -25.412796 -42.171143 30.191452  -0.240750 -0.287794 0.926938  0.097387 0.248704 1 0 1.000000
0  -20.171682 -44.417332 30.455711  -0.207319 -0.425660 0.880814  0.120456 0.238817 1 0 1.000000
0  -20.160671 -41.510498 31.182421  -0.139614 -0.243033 0.959918  0.120504 0.251611 1 0 1.000000
CARSKIN_SKIN1_DMG
0  -20.160671 -41.510498 31.182421  -0.139614 -0.243033 0.959918  0.120504 0.251611 1 0 1.000000
0  -24.487894 -39.583618 30.995235  -0.168884 -0.238958 0.956231  0.101458 0.260092 1 0 1.000000
0  -25.412796 -42.171143 30.191452  -0.240750 -0.287794 0.926938  0.097387 0.248704 1 0 1.000000
CARSKIN_SKIN1_DMG
0  -25.412796 -42.171143 30.191452  -0.240750 -0.287794 0.926938  0.097387 0.248704 1 0 1.000000
0  -24.487894 -39.583618 30.995235  -0.168884 -0.238958 0.956231  0.101458 0.260092 1 0 1.000000
0  -25.170559 -39.165207 30.973215  -0.210366 -0.228877 0.950453  0.098453 0.261934 1 0 1.000000
CARSKIN_SKIN1_DMG
0  -25.170559 -39.165207 30.973215  -0.210366 -0.228877 0.950453  0.098453 0.261934 1 0 1.000000
0  -25.743118 -38.614670 30.962204  -0.284855 -0.227311 0.931229  0.095933 0.264357 1 0 1.000000
0  -25.412796 -42.171143 30.191452  -0.240750 -0.287794 0.926938  0.097387 0.248704 1 0 1.000000
CARSKIN_SKIN1_DMG
0  -25.412796 -42.171143 30.191452  -0.240750 -0.287794 0.926938  0.097387 0.248704 1 0 1.000000
0  -25.743118 -38.614670 30.962204  -0.284855 -0.227311 0.931229  0.095933 0.264357 1 0 1.000000
0  -26.205570 -37.854931 30.973215  -0.325736 -0.227055 0.917792  0.093898 0.267701 1 0 1.000000
CARSKIN_SKIN1_DMG
0  -26.745096 -36.643749 31.094334  -0.055631 -0.102247 0.993202  0.091523 0.273032 1 0 1.000000
0  -25.412796 -42.171143 30.191452  -0.240750 -0.287794 0.926938  0.097387 0.248704 1 0 1.000000
0  -26.205570 -37.854931 30.973215  -0.325736 -0.227055 0.917792  0.093898 0.267701 1 0 1.000000
CARSKIN_SKIN1_DMG
0  -22.770218 -56.011642 27.262594  -0.309174 -0.597416 0.739936  0.109019 0.187785 1 0 1.000000
0  -18.828373 -57.916500 27.361694  -0.277669 -0.604845 0.746366  0.126369 0.179400 1 0 1.000000
0  -18.850393 -55.174828 29.574852  -0.219812 -0.437482 0.871947  0.126272 0.191468 1 0 1.000000
CARSKIN_SKIN1_DMG
0  -18.850393 -55.174828 29.574852  -0.219812 -0.437482 0.871947  0.126272 0.191468 1 0 1.000000
0  -23.794216 -52.829540 29.387669  -0.265183 -0.300025 0.916331  0.104511 0.201791 1 0 1.000000
0  -22.770218 -56.011642 27.262594  -0.309174 -0.597416 0.739936  0.109019 0.187785 1 0 1.000000
CARSKIN_SKIN1_DMG
0  -23.794216 -52.829540 29.387669  -0.265183 -0.300025 0.916331  0.104511 0.201791 1 0 1.000000
0  -24.851248 -48.205029 30.224483  -0.380093 -0.248214 0.891022  0.099859 0.222145 1 0 1.000000
0  -25.258646 -46.993847 30.389645  -0.026645 -0.108988 0.993686  0.098066 0.227476 1 0 1.000000
CARSKIN_SKIN1_DMG
0  -24.851248 -48.205029 30.224483  -0.380093 -0.248214 0.891022  0.099859 0.222145 1 0 1.000000
0  -23.794216 -52.829540 29.387669  -0.265183 -0.300025 0.916331  0.104511 0.201791 1 0 1.000000
0  -24.399807 -48.964767 30.202463  -0.316510 -0.243594 0.916779  0.101846 0.218801 1 0 1.000000
CARSKIN_SKIN1_DMG
0  -23.794216 -52.829540 29.387669  -0.265183 -0.300025 0.916331  0.104511 0.201791 1 0 1.000000
0  -23.849270 -49.504295 30.213474  -0.224931 -0.239016 0.944604  0.104269 0.216427 1 0 1.000000
0  -24.399807 -48.964767 30.202463  -0.316510 -0.243594 0.916779  0.101846 0.218801 1 0 1.000000
CARSKIN_SKIN1_DMG
0  -23.188625 -49.933716 30.246506  -0.176386 -0.245342 0.953255  0.107177 0.214537 1 0 1.000000
0  -23.849270 -49.504295 30.213474  -0.224931 -0.239016 0.944604  0.104269 0.216427 1 0 1.000000
0  -23.794216 -52.829540 29.387669  -0.265183 -0.300025 0.916331  0.104511 0.201791 1 0 1.000000
CARSKIN_SKIN1_DMG
0  -18.927469 -51.860596 30.433691  -0.145346 -0.250557 0.957129  0.125932 0.206055 1 0 1.000000
0  -23.188625 -49.933716 30.246506  -0.176386 -0.245342 0.953255  0.107177 0.214537 1 0 1.000000
0  -23.794216 -52.829540 29.387669  -0.265183 -0.300025 0.916331  0.104511 0.201791 1 0 1.000000
CARSKIN_SKIN1_DMG
0  -23.794216 -52.829540 29.387669  -0.265183 -0.300025 0.916331  0.104511 0.201791 1 0 1.000000
0  -18.850393 -55.174828 29.574852  -0.219812 -0.437482 0.871947  0.126272 0.191468 1 0 1.000000
0  -18.927469 -51.860596 30.433691  -0.145346 -0.250557 0.957129  0.125932 0.206055 1 0 1.000000
CARSKIN_SKIN1_DMG
0  -12.970657 -54.205883 30.609861  -0.125715 -0.253796 0.959053  0.152151 0.195733 1 0 1.000000
0  -18.927469 -51.860596 30.433691  -0.145346 -0.250557 0.957129  0.125932 0.206055 1 0 1.000000
0  -18.850393 -55.174828 29.574852  -0.219812 -0.437482 0.871947  0.126272 0.191468 1 0 1.000000
CARSKIN_SKIN1_DMG
0  -18.850393 -55.174828 29.574852  -0.219812 -0.437482 0.871947  0.126272 0.191468 1 0 1.000000
0  -12.871561 -57.586178 29.706982  -0.221115 -0.500792 0.836848  0.152587 0.180854 1 0 1.000000
0  -12.970657 -54.205883 30.609861  -0.125715 -0.253796 0.959053  0.152151 0.195733 1 0 1.000000
CARSKIN_SKIN1_DMG
0  -12.871561 -57.586178 29.706982  -0.221115 -0.500792 0.836848  0.152587 0.180854 1 0 1.000000
0  -18.850393 -55.174828 29.574852  -0.219812 -0.437482 0.871947  0.126272 0.191468 1 0 1.000000
0  -18.828373 -57.916500 27.361694  -0.277669 -0.604845 0.746366  0.126369 0.179400 1 0 1.000000
CARSKIN_SKIN1_DMG
0  -18.828373 -57.916500 27.361694  -0.277669 -0.604845 0.746366  0.126369 0.179400 1 0 1.000000
0  -12.904593 -60.349876 27.460791  -0.262352 -0.606593 0.750477  0.152442 0.168690 1 0 1.000000
0  -12.871561 -57.586178 29.706982  -0.221115 -0.500792 0.836848  0.152587 0.180854 1 0 1.000000
CARSKIN_SKIN1_DMG
0  21.382858 -34.067234 31.204443  0.191455 -0.434440 0.880117  0.303358 0.284373 1 0 1.000000
0  21.393867 -36.885986 28.991283  0.260366 -0.593894 0.761248  0.303407 0.271966 1 0 1.000000
0  25.743113 -35.025169 28.826124  0.268865 -0.616264 0.740224  0.322550 0.280156 1 0 1.000000
CARSKIN_SKIN1_DMG
0  25.743113 -35.025169 28.826124  0.268865 -0.616264 0.740224  0.322550 0.280156 1 0 1.000000
0  26.877218 -31.843067 31.237476  0.177390 -0.230874 0.956677  0.327541 0.294162 1 0 1.000000
0  21.382858 -34.067234 31.204443  0.191455 -0.434440 0.880117  0.303358 0.284373 1 0 1.000000
CARSKIN_SKIN1_DMG
0  28.099411 -26.304665 31.699928  0.057615 -0.074097 0.995585  0.332921 0.318540 1 0 1.000000
0  27.416746 -27.504835 31.732960  0.242233 -0.140271 0.960025  0.329916 0.313257 1 0 1.000000
0  26.877218 -31.843067 31.237476  0.177390 -0.230874 0.956677  0.327541 0.294162 1 0 1.000000
CARSKIN_SKIN1_DMG
0  26.877218 -31.843067 31.237476  0.177390 -0.230874 0.956677  0.327541 0.294162 1 0 1.000000
0  27.416746 -27.504835 31.732960  0.242233 -0.140271 0.960025  0.329916 0.313257 1 0 1.000000
0  26.954294 -28.264576 31.710938  0.163113 -0.134245 0.977432  0.327881 0.309913 1 0 1.000000
CARSKIN_SKIN1_DMG
0  26.381735 -28.815113 31.721949  0.137332 -0.135840 0.981166  0.325361 0.307490 1 0 1.000000
0  26.877218 -31.843067 31.237476  0.177390 -0.230874 0.956677  0.327541 0.294162 1 0 1.000000
0  26.954294 -28.264576 31.710938  0.163113 -0.134245 0.977432  0.327881 0.309913 1 0 1.000000
CARSKIN_SKIN1_DMG
0  26.877218 -31.843067 31.237476  0.177390 -0.230874 0.956677  0.327541 0.294162 1 0 1.000000
0  26.381735 -28.815113 31.721949  0.137332 -0.135840 0.981166  0.325361 0.307490 1 0 1.000000
0  25.710081 -29.233521 31.754982  0.118195 -0.142260 0.982747  0.322404 0.305648 1 0 1.000000
CARSKIN_SKIN1_DMG
0  26.877218 -31.843067 31.237476  0.177390 -0.230874 0.956677  0.327541 0.294162 1 0 1.000000
0  25.710081 -29.233521 31.754982  0.118195 -0.142260 0.982747  0.322404 0.305648 1 0 1.000000
0  21.371847 -31.160398 31.942162  0.106409 -0.210966 0.971684  0.303310 0.297167 1 0 1.000000
CARSKIN_SKIN1_DMG
0  21.371847 -31.160398 31.942162  0.106409 -0.210966 0.971684  0.303310 0.297167 1 0 1.000000
0  21.382858 -34.067234 31.204443  0.191455 -0.434440 0.880117  0.303358 0.284373 1 0 1.000000
0  26.877218 -31.843067 31.237476  0.177390 -0.230874 0.956677  0.327541 0.294162 1 0 1.000000
CARSKIN_SKIN1_DMG
0  21.382858 -34.067234 31.204443  0.191455 -0.434440 0.880117  0.303358 0.284373 1 0 1.000000
0  21.371847 -31.160398 31.942162  0.106409 -0.210966 0.971684  0.303310 0.297167 1 0 1.000000
0  15.117745 -33.285473 32.173389  0.119365 -0.231889 0.965391  0.275782 0.287814 1 0 1.000000
CARSKIN_SKIN1_DMG
0  15.117745 -33.285473 32.173389  0.119365 -0.231889 0.965391  0.275782 0.287814 1 0 1.000000
0  15.084713 -36.346458 31.468700  0.211320 -0.481053 0.850842  0.275637 0.274341 1 0 1.000000
0  21.382858 -34.067234 31.204443  0.191455 -0.434440 0.880117  0.303358 0.284373 1 0 1.000000
CARSKIN_SKIN1_DMG
0  21.393867 -36.885986 28.991283  0.260366 -0.593894 0.761248  0.303407 0.271966 1 0 1.000000
0  21.382858 -34.067234 31.204443  0.191455 -0.434440 0.880117  0.303358 0.284373 1 0 1.000000
0  15.084713 -36.346458 31.468700  0.211320 -0.481053 0.850842  0.275637 0.274341 1 0 1.000000
CARSKIN_SKIN1_DMG
0  15.084713 -36.346458 31.468700  0.211320 -0.481053 0.850842  0.275637 0.274341 1 0 1.000000
0  15.150778 -39.209251 29.233519  0.250335 -0.591887 0.766161  0.275928 0.261740 1 0 1.000000
0  21.393867 -36.885986 28.991283  0.260366 -0.593894 0.761248  0.303407 0.271966 1 0 1.000000
CARSKIN_SKIN1_DMG
0  17.341915 -64.985397 28.892187  0.199238 -0.412071 0.889101  0.285572 0.148287 1 0 1.000000
0  17.330904 -68.707031 26.150513  0.257359 -0.574904 0.776693  0.285523 0.131906 1 0 1.000000
0  20.931416 -66.857224 26.183544  0.063146 -0.527292 0.847334  0.301371 0.140048 1 0 1.000000
CARSKIN_SKIN1_DMG
0  20.931416 -66.857224 26.183544  0.063146 -0.527292 0.847334  0.301371 0.140048 1 0 1.000000
0  22.439888 -62.430904 28.804102  -0.029997 -0.284886 0.958092  0.308011 0.159530 1 0 1.000000
0  17.341915 -64.985397 28.892187  0.199238 -0.412071 0.889101  0.285572 0.148287 1 0 1.000000
CARSKIN_SKIN1_DMG
0  22.439888 -62.430904 28.804102  -0.029997 -0.284886 0.958092  0.308011 0.159530 1 0 1.000000
0  20.931416 -66.857224 26.183544  0.063146 -0.527292 0.847334  0.301371 0.140048 1 0 1.000000
0  21.327803 -67.055420 26.293652  -0.806227 0.003034 0.591598  0.303116 0.139176 1 0 1.000000
CARSKIN_SKIN1_DMG
0  21.327803 -67.055420 26.293652  -0.806227 0.003034 0.591598  0.303116 0.139176 1 0 1.000000
0  22.737179 -62.397873 28.947243  -0.654249 -0.060801 0.753831  0.309319 0.159676 1 0 1.000000
0  22.439888 -62.430904 28.804102  -0.029997 -0.284886 0.958092  0.308011 0.159530 1 0 1.000000
CARSKIN_SKIN1_DMG
0  23.166597 -59.568111 29.343628  -0.223177 -0.074769 0.971906  0.311209 0.172131 1 0 1.000000
0  22.439888 -62.430904 28.804102  -0.029997 -0.284886 0.958092  0.308011 0.159530 1 0 1.000000
0  22.737179 -62.397873 28.947243  -0.654249 -0.060801 0.753831  0.309319 0.159676 1 0 1.000000
CARSKIN_SKIN1_DMG
0  11.550264 -67.429787 28.903196  0.201714 -0.476354 0.855803  0.260080 0.137528 1 0 1.000000
0  11.484200 -71.261520 26.073437  0.242332 -0.580332 0.777490  0.259789 0.120662 1 0 1.000000
0  17.330904 -68.707031 26.150513  0.257359 -0.574904 0.776693  0.285523 0.131906 1 0 1.000000
CARSKIN_SKIN1_DMG
0  17.330904 -68.707031 26.150513  0.257359 -0.574904 0.776693  0.285523 0.131906 1 0 1.000000
0  17.341915 -64.985397 28.892187  0.199238 -0.412071 0.889101  0.285572 0.148287 1 0 1.000000
0  11.550264 -67.429787 28.903196  0.201714 -0.476354 0.855803  0.260080 0.137528 1 0 1.000000
CARSKIN_SKIN1_DMG
0  11.704414 -65.051460 29.497778  0.107025 -0.240932 0.964623  0.260758 0.147996 1 0 1.000000
0  11.550264 -67.429787 28.903196  0.201714 -0.476354 0.855803  0.260080 0.137528 1 0 1.000000
0  17.341915 -64.985397 28.892187  0.199238 -0.412071 0.889101  0.285572 0.148287 1 0 1.000000
CARSKIN_SKIN1_DMG
0  17.341915 -64.985397 28.892187  0.199238 -0.412071 0.889101  0.285572 0.148287 1 0 1.000000
0  17.352924 -62.717186 29.442724  0.124581 -0.234570 0.964083  0.285620 0.158270 1 0 1.000000
0  11.704414 -65.051460 29.497778  0.107025 -0.240932 0.964623  0.260758 0.147996 1 0 1.000000
CARSKIN_SKIN1_DMG
0  17.352924 -62.717186 29.442724  0.124581 -0.234570 0.964083  0.285620 0.158270 1 0 1.000000
0  17.341915 -64.985397 28.892187  0.199238 -0.412071 0.889101  0.285572 0.148287 1 0 1.000000
0  22.439888 -62.430904 28.804102  -0.029997 -0.284886 0.958092  0.308011 0.159530 1 0 1.000000
CARSKIN_SKIN1_DMG
0  22.439888 -62.430904 28.804102  -0.029997 -0.284886 0.958092  0.308011 0.159530 1 0 1.000000
0  20.623116 -61.164669 29.365648  0.140419 -0.225848 0.963989  0.300014 0.165104 1 0 1.000000
0  17.352924 -62.717186 29.442724  0.124581 -0.234570 0.964083  0.285620 0.158270 1 0 1.000000
CARSKIN_SKIN1_DMG
0  20.623116 -61.164669 29.365648  0.140419 -0.225848 0.963989  0.300014 0.165104 1 0 1.000000
0  22.439888 -62.430904 28.804102  -0.029997 -0.284886 0.958092  0.308011 0.159530 1 0 1.000000
0  21.636105 -60.614132 29.332617  0.160189 -0.209726 0.964549  0.304473 0.167527 1 0 1.000000
CARSKIN_SKIN1_DMG
0  21.636105 -60.614132 29.332617  0.160189 -0.209726 0.964549  0.304473 0.167527 1 0 1.000000
0  22.439888 -62.430904 28.804102  -0.029997 -0.284886 0.958092  0.308011 0.159530 1 0 1.000000
0  22.527973 -59.876415 29.332619  0.091712 -0.152560 0.984030  0.308398 0.170774 1 0 1.000000
CARSKIN_SKIN1_DMG
0  22.527973 -59.876415 29.332619  0.091712 -0.152560 0.984030  0.308398 0.170774 1 0 1.000000
0  22.439888 -62.430904 28.804102  -0.029997 -0.284886 0.958092  0.308011 0.159530 1 0 1.000000
0  23.166597 -59.568111 29.343628  -0.223177 -0.074769 0.971906  0.311209 0.172131 1 0 1.000000
CARSKIN_SKIN1_DMG
0  22.527973 -59.876415 29.332619  0.091712 -0.152560 0.984030  0.308398 0.170774 1 0 1.000000
0  23.166597 -59.568111 29.343628  -0.223177 -0.074769 0.971906  0.311209 0.172131 1 0 1.000000
0  23.166597 -58.918480 29.365650  -0.116572 -0.047224 0.992059  0.311209 0.174990 1 0 1.000000
CARSKIN_SKIN1_DMG
0  23.166597 -58.918480 29.365650  -0.116572 -0.047224 0.992059  0.311209 0.174990 1 0 1.000000
0  23.166597 -59.568111 29.343628  -0.223177 -0.074769 0.971906  0.311209 0.172131 1 0 1.000000
0  23.585005 -57.751339 29.530811  -0.302202 -0.030017 0.952771  0.313051 0.180127 1 0 1.000000
CARSKIN_SKIN1_DMG
0  23.166597 -59.568111 29.343628  -0.223177 -0.074769 0.971906  0.311209 0.172131 1 0 1.000000
0  23.298725 -59.579124 29.387672  -0.559948 0.003594 0.828520  0.311791 0.172082 1 0 1.000000
0  23.585005 -57.751339 29.530811  -0.302202 -0.030017 0.952771  0.313051 0.180127 1 0 1.000000
CARSKIN_SKIN1_DMG
0  22.737179 -62.397873 28.947243  -0.654249 -0.060801 0.753831  0.309319 0.159676 1 0 1.000000
0  23.298725 -59.579124 29.387672  -0.559948 0.003594 0.828520  0.311791 0.172082 1 0 1.000000
0  23.166597 -59.568111 29.343628  -0.223177 -0.074769 0.971906  0.311209 0.172131 1 0 1.000000
CARSKIN_SKIN1_DMG
0  22.737179 -62.397873 28.947243  -0.654249 -0.060801 0.753831  0.309319 0.159676 1 0 1.000000
0  22.318769 -65.403809 28.793091  -0.927867 0.143780 0.344080  0.307477 0.146445 1 0 1.000000
0  23.298725 -59.579124 29.387672  -0.559948 0.003594 0.828520  0.311791 0.172082 1 0 1.000000
CARSKIN_SKIN1_DMG
0  22.737179 -62.397873 28.947243  -0.654249 -0.060801 0.753831  0.309319 0.159676 1 0 1.000000
0  21.327803 -67.055420 26.293652  -0.806227 0.003034 0.591598  0.303116 0.139176 1 0 1.000000
0  22.318769 -65.403809 28.793091  -0.927867 0.143780 0.344080  0.307477 0.146445 1 0 1.000000
CARSKIN_SKIN1_DMG
0  21.503975 -68.574898 28.407713  -0.879928 0.349232 0.322125  0.303891 0.132488 1 0 1.000000
0  22.318769 -65.403809 28.793091  -0.927867 0.143780 0.344080  0.307477 0.146445 1 0 1.000000
0  21.327803 -67.055420 26.293652  -0.806227 0.003034 0.591598  0.303116 0.139176 1 0 1.000000
CARSKIN_SKIN1_DMG
0  21.327803 -67.055420 26.293652  -0.806227 0.003034 0.591598  0.303116 0.139176 1 0 1.000000
0  21.129610 -68.696014 27.692017  -0.813739 0.422758 0.398878  0.302243 0.131955 1 0 1.000000
0  21.503975 -68.574898 28.407713  -0.879928 0.349232 0.322125  0.303891 0.132488 1 0 1.000000
CARSKIN_SKIN1_DMG
0  20.711201 -70.017303 28.242552  -0.762235 0.479465 0.434868  0.300402 0.126139 1 0 1.000000
0  21.503975 -68.574898 28.407713  -0.879928 0.349232 0.322125  0.303891 0.132488 1 0 1.000000
0  21.129610 -68.696014 27.692017  -0.813739 0.422758 0.398878  0.302243 0.131955 1 0 1.000000
CARSKIN_SKIN1_DMG
0  21.129610 -68.696014 27.692017  -0.813739 0.422758 0.398878  0.302243 0.131955 1 0 1.000000
0  20.535030 -69.907196 27.846167  -0.711431 0.532003 0.459172  0.299626 0.126623 1 0 1.000000
0  20.711201 -70.017303 28.242552  -0.762235 0.479465 0.434868  0.300402 0.126139 1 0 1.000000
CARSKIN_SKIN1_DMG
0  19.599117 -71.239502 28.132446  -0.637069 0.627039 0.448291  0.295507 0.120759 1 0 1.000000
0  20.711201 -70.017303 28.242552  -0.762235 0.479465 0.434868  0.300402 0.126139 1 0 1.000000
0  20.535030 -69.907196 27.846167  -0.711431 0.532003 0.459172  0.299626 0.126623 1 0 1.000000
CARSKIN_SKIN1_DMG
0  20.535030 -69.907196 27.846167  -0.711431 0.532003 0.459172  0.299626 0.126623 1 0 1.000000
0  19.522041 -71.162422 27.901220  -0.594311 0.677892 0.432732  0.295168 0.121099 1 0 1.000000
0  19.599117 -71.239502 28.132446  -0.637069 0.627039 0.448291  0.295507 0.120759 1 0 1.000000
CARSKIN_SKIN1_DMG
0  18.255806 -72.208443 28.066381  -0.510124 0.748244 0.424152  0.289594 0.116495 1 0 1.000000
0  19.599117 -71.239502 28.132446  -0.637069 0.627039 0.448291  0.295507 0.120759 1 0 1.000000
0  19.522041 -71.162422 27.901220  -0.594311 0.677892 0.432732  0.295168 0.121099 1 0 1.000000
CARSKIN_SKIN1_DMG
0  19.522041 -71.162422 27.901220  -0.594311 0.677892 0.432732  0.295168 0.121099 1 0 1.000000
0  18.211763 -72.142380 27.901220  -0.477215 0.772691 0.418585  0.289400 0.116785 1 0 1.000000
0  18.255806 -72.208443 28.066381  -0.510124 0.748244 0.424152  0.289594 0.116495 1 0 1.000000
CARSKIN_SKIN1_DMG
0  16.802389 -73.001221 28.044359  -0.389873 0.822481 0.414154  0.283197 0.113005 1 0 1.000000
0  18.255806 -72.208443 28.066381  -0.510124 0.748244 0.424152  0.289594 0.116495 1 0 1.000000
0  18.211763 -72.142380 27.901220  -0.477215 0.772691 0.418585  0.289400 0.116785 1 0 1.000000
CARSKIN_SKIN1_DMG
0  18.211763 -72.142380 27.901220  -0.477215 0.772691 0.418585  0.289400 0.116785 1 0 1.000000
0  16.769356 -72.935150 27.879198  -0.389564 0.821137 0.417102  0.283052 0.113296 1 0 1.000000
0  16.802389 -73.001221 28.044359  -0.389873 0.822481 0.414154  0.283197 0.113005 1 0 1.000000
CARSKIN_SKIN1_DMG
0  16.802389 -73.001221 28.044359  -0.389873 0.822481 0.414154  0.283197 0.113005 1 0 1.000000
0  16.769356 -72.935150 27.879198  -0.389564 0.821137 0.417102  0.283052 0.113296 1 0 1.000000
0  10.735469 -75.280441 27.780102  -0.170440 0.878852 0.445612  0.256494 0.102973 1 0 1.000000
CARSKIN_SKIN1_DMG
0  10.735469 -75.280441 27.780102  -0.170440 0.878852 0.445612  0.256494 0.102973 1 0 1.000000
0  10.724458 -75.357513 27.945263  -0.178290 0.884469 0.431193  0.256445 0.102634 1 0 1.000000
0  16.802389 -73.001221 28.044359  -0.389873 0.822481 0.414154  0.283197 0.113005 1 0 1.000000
CARSKIN_SKIN1_DMG
0  10.427168 -75.379539 27.967285  0.194259 0.854027 0.482598  0.255137 0.102537 1 0 1.000000
0  10.724458 -75.357513 27.945263  -0.178290 0.884469 0.431193  0.256445 0.102634 1 0 1.000000
0  10.735469 -75.280441 27.780102  -0.170440 0.878852 0.445612  0.256494 0.102973 1 0 1.000000
CARSKIN_SKIN1_DMG
0  10.735469 -75.280441 27.780102  -0.170440 0.878852 0.445612  0.256494 0.102973 1 0 1.000000
0  10.449189 -75.269432 27.769091  0.413459 0.760221 0.501115  0.255234 0.103022 1 0 1.000000
0  10.427168 -75.379539 27.967285  0.194259 0.854027 0.482598  0.255137 0.102537 1 0 1.000000
CARSKIN_SKIN1_DMG
0  10.273017 -75.280441 28.000317  0.706363 0.542283 0.454952  0.254458 0.102973 1 0 1.000000
0  10.427168 -75.379539 27.967285  0.194259 0.854027 0.482598  0.255137 0.102537 1 0 1.000000
0  10.449189 -75.269432 27.769091  0.413459 0.760221 0.501115  0.255234 0.103022 1 0 1.000000
CARSKIN_SKIN1_DMG
0  10.449189 -75.269432 27.769091  0.413459 0.760221 0.501115  0.255234 0.103022 1 0 1.000000
0  10.328071 -75.137299 27.758080  0.815506 0.391426 0.426304  0.254700 0.103603 1 0 1.000000
0  10.273017 -75.280441 28.000317  0.706363 0.542283 0.454952  0.254458 0.102973 1 0 1.000000
CARSKIN_SKIN1_DMG
0  10.184932 -75.060226 28.055370  0.946876 0.069156 0.314077  0.254070 0.103942 1 0 1.000000
0  10.273017 -75.280441 28.000317  0.706363 0.542283 0.454952  0.254458 0.102973 1 0 1.000000
0  10.328071 -75.137299 27.758080  0.815506 0.391426 0.426304  0.254700 0.103603 1 0 1.000000
CARSKIN_SKIN1_DMG
0  10.328071 -75.137299 27.758080  0.815506 0.391426 0.426304  0.254700 0.103603 1 0 1.000000
0  10.295039 -74.972137 27.736059  0.934878 0.085497 0.344519  0.254555 0.104330 1 0 1.000000
0  10.184932 -75.060226 28.055370  0.946876 0.069156 0.314077  0.254070 0.103942 1 0 1.000000
CARSKIN_SKIN1_DMG
0  10.184932 -75.060226 28.055370  0.946876 0.069156 0.314077  0.254070 0.103942 1 0 1.000000
0  10.295039 -74.972137 27.736059  0.934878 0.085497 0.344519  0.254555 0.104330 1 0 1.000000
0  11.109835 -71.690941 26.161522  0.965815 -0.143338 0.216000  0.258141 0.118772 1 0 1.000000
CARSKIN_SKIN1_DMG
0  11.109835 -71.690941 26.161522  0.965815 -0.143338 0.216000  0.258141 0.118772 1 0 1.000000
0  10.471210 -73.001221 28.429735  0.944336 -0.176592 0.277571  0.255330 0.113005 1 0 1.000000
0  10.184932 -75.060226 28.055370  0.946876 0.069156 0.314077  0.254070 0.103942 1 0 1.000000
CARSKIN_SKIN1_DMG
0  10.471210 -73.001221 28.429735  0.944336 -0.176592 0.277571  0.255330 0.113005 1 0 1.000000
0  11.109835 -71.690941 26.161522  0.965815 -0.143338 0.216000  0.258141 0.118772 1 0 1.000000
0  11.308028 -67.539894 29.057348  0.926976 -0.180122 0.329046  0.259014 0.137043 1 0 1.000000
CARSKIN_SKIN1_DMG
0  11.308028 -67.539894 29.057348  0.926976 -0.180122 0.329046  0.259014 0.137043 1 0 1.000000
0  11.572286 -64.886299 29.618895  0.897351 -0.166492 0.408708  0.260177 0.148723 1 0 1.000000
0  10.471210 -73.001221 28.429735  0.944336 -0.176592 0.277571  0.255330 0.113005 1 0 1.000000
CARSKIN_SKIN1_DMG
0  -11.550272 -67.429787 28.903196  -0.632960 -0.387679 0.670124  0.158403 0.137528 1 0 1.000000
0  -11.484207 -71.261520 26.073437  -0.665713 -0.452136 0.593632  0.158694 0.120662 1 0 1.000000
0  -11.109842 -71.690941 26.161522  -0.643350 -0.461067 0.611161  0.160342 0.118772 1 0 1.000000
CARSKIN_SKIN1_DMG
0  -11.109842 -71.690941 26.161522  -0.643350 -0.461067 0.611161  0.160342 0.118772 1 0 1.000000
0  -11.308036 -67.539894 29.057348  -0.579850 -0.312659 0.752342  0.159469 0.137043 1 0 1.000000
0  -11.550272 -67.429787 28.903196  -0.632960 -0.387679 0.670124  0.158403 0.137528 1 0 1.000000
CARSKIN_SKIN1_DMG
0  -11.704422 -65.051460 29.497778  -0.550377 -0.229040 0.802886  0.157725 0.147996 1 0 1.000000
0  -11.550272 -67.429787 28.903196  -0.632960 -0.387679 0.670124  0.158403 0.137528 1 0 1.000000
0  -11.308036 -67.539894 29.057348  -0.579850 -0.312659 0.752342  0.159469 0.137043 1 0 1.000000
CARSKIN_SKIN1_DMG
0  -11.308036 -67.539894 29.057348  -0.579850 -0.312659 0.752342  0.159469 0.137043 1 0 1.000000
0  -11.572293 -64.886299 29.618895  -0.274457 -0.163696 0.947564  0.158306 0.148723 1 0 1.000000
0  -11.704422 -65.051460 29.497778  -0.550377 -0.229040 0.802886  0.157725 0.147996 1 0 1.000000
CARSKIN_SKIN1_DMG
0  -24.851248 -48.205029 30.224483  0.542623 0.164486 0.823714  0.099859 0.222145 1 0 1.000000
0  -24.708109 -48.127953 30.136398  0.614231 0.265247 0.743212  0.100489 0.222485 1 0 1.000000
0  -25.104496 -46.949802 30.202463  0.837996 0.207081 0.504856  0.098744 0.227670 1 0 1.000000
CARSKIN_SKIN1_DMG
0  -24.708109 -48.127953 30.136398  0.614231 0.265247 0.743212  0.100489 0.222485 1 0 1.000000
0  -24.851248 -48.205029 30.224483  0.542623 0.164486 0.823714  0.099859 0.222145 1 0 1.000000
0  -24.399807 -48.964767 30.202463  0.390682 0.267919 0.880674  0.101846 0.218801 1 0 1.000000
CARSKIN_SKIN1_DMG
0  -25.104496 -46.949802 30.202463  0.837996 0.207081 0.504856  0.098744 0.227670 1 0 1.000000
0  -25.258646 -46.993847 30.389645  0.805159 0.115711 0.581661  0.098066 0.227476 1 0 1.000000
0  -24.851248 -48.205029 30.224483  0.542623 0.164486 0.823714  0.099859 0.222145 1 0 1.000000
CARSKIN_SKIN1_DMG
0  -25.258646 -46.993847 30.389645  0.805159 0.115711 0.581661  0.098066 0.227476 1 0 1.000000
0  -25.104496 -46.949802 30.202463  0.837996 0.207081 0.504856  0.098744 0.227670 1 0 1.000000
0  -25.710087 -42.292259 30.290548  0.702458 -0.100494 0.704595  0.096079 0.248170 1 0 1.000000
CARSKIN_SKIN1_DMG
0  -25.710087 -42.292259 30.290548  0.702458 -0.100494 0.704595  0.096079 0.248170 1 0 1.000000
0  -26.745096 -36.643749 31.094334  0.495590 0.025031 0.868196  0.091523 0.273032 1 0 1.000000
0  -25.258646 -46.993847 30.389645  0.805159 0.115711 0.581661  0.098066 0.227476 1 0 1.000000
CARSKIN_SKIN1_DMG
0  -25.710087 -42.292259 30.290548  0.702458 -0.100494 0.704595  0.096079 0.248170 1 0 1.000000
0  -25.412796 -42.171143 30.191452  0.415102 -0.229475 0.880359  0.097387 0.248704 1 0 1.000000
0  -26.745096 -36.643749 31.094334  0.495590 0.025031 0.868196  0.091523 0.273032 1 0 1.000000
CARSKIN_SKIN1_DMG
0  -24.399807 -45.375267 28.077391  0.439658 -0.395376 0.806460  0.101846 0.234601 1 0 1.000000
0  -25.412796 -42.171143 30.191452  0.415102 -0.229475 0.880359  0.097387 0.248704 1 0 1.000000
0  -25.710087 -42.292259 30.290548  0.702458 -0.100494 0.704595  0.096079 0.248170 1 0 1.000000
CARSKIN_SKIN1_DMG
0  -25.710087 -42.292259 30.290548  0.702458 -0.100494 0.704595  0.096079 0.248170 1 0 1.000000
0  -24.796194 -45.617504 28.154465  0.862600 -0.005500 0.505856  0.100101 0.233534 1 0 1.000000
0  -24.399807 -45.375267 28.077391  0.439658 -0.395376 0.806460  0.101846 0.234601 1 0 1.000000
CARSKIN_SKIN1_DMG
0  -24.796194 -45.617504 28.154465  0.862600 -0.005500 0.505856  0.100101 0.233534 1 0 1.000000
0  -25.710087 -42.292259 30.290548  0.702458 -0.100494 0.704595  0.096079 0.248170 1 0 1.000000
0  -25.104496 -46.949802 30.202463  0.837996 0.207081 0.504856  0.098744 0.227670 1 0 1.000000
CARSKIN_SKIN1_DMG
0  -24.763163 -47.357201 29.574850  0.906193 0.318481 0.278180  0.100247 0.225877 1 0 1.000000
0  -24.796194 -45.617504 28.154465  0.862600 -0.005500 0.505856  0.100101 0.233534 1 0 1.000000
0  -25.104496 -46.949802 30.202463  0.837996 0.207081 0.504856  0.098744 0.227670 1 0 1.000000
CARSKIN_SKIN1_DMG
0  -24.531937 -48.072899 29.773045  0.842747 0.381921 0.379360  0.101264 0.222727 1 0 1.000000
0  -24.763163 -47.357201 29.574850  0.906193 0.318481 0.278180  0.100247 0.225877 1 0 1.000000
0  -25.104496 -46.949802 30.202463  0.837996 0.207081 0.504856  0.098744 0.227670 1 0 1.000000
CARSKIN_SKIN1_DMG
0  -25.104496 -46.949802 30.202463  0.837996 0.207081 0.504856  0.098744 0.227670 1 0 1.000000
0  -24.708109 -48.127953 30.136398  0.614231 0.265247 0.743212  0.100489 0.222485 1 0 1.000000
0  -24.531937 -48.072899 29.773045  0.842747 0.381921 0.379360  0.101264 0.222727 1 0 1.000000
CARSKIN_SKIN1_DMG
0  -24.531937 -48.072899 29.773045  0.842747 0.381921 0.379360  0.101264 0.222727 1 0 1.000000
0  -24.708109 -48.127953 30.136398  0.614231 0.265247 0.743212  0.100489 0.222485 1 0 1.000000
0  -24.267679 -48.876682 30.125387  0.593961 0.440343 0.673282  0.102427 0.219189 1 0 1.000000
CARSKIN_SKIN1_DMG
0  -24.399807 -48.964767 30.202463  0.390682 0.267919 0.880674  0.101846 0.218801 1 0 1.000000
0  -24.267679 -48.876682 30.125387  0.593961 0.440343 0.673282  0.102427 0.219189 1 0 1.000000
0  -24.708109 -48.127953 30.136398  0.614231 0.265247 0.743212  0.100489 0.222485 1 0 1.000000
CARSKIN_SKIN1_DMG
0  -24.267679 -48.876682 30.125387  0.593961 0.440343 0.673282  0.102427 0.219189 1 0 1.000000
0  -24.399807 -48.964767 30.202463  0.390682 0.267919 0.880674  0.101846 0.218801 1 0 1.000000
0  -23.849270 -49.504295 30.213474  0.316958 0.394614 0.862448  0.104269 0.216427 1 0 1.000000
CARSKIN_SKIN1_DMG
0  -23.849270 -49.504295 30.213474  0.316958 0.394614 0.862448  0.104269 0.216427 1 0 1.000000
0  -23.739162 -49.405197 30.125387  0.468910 0.596181 0.651683  0.104754 0.216863 1 0 1.000000
0  -24.267679 -48.876682 30.125387  0.593961 0.440343 0.673282  0.102427 0.219189 1 0 1.000000
CARSKIN_SKIN1_DMG
0  -23.739162 -49.405197 30.125387  0.468910 0.596181 0.651683  0.104754 0.216863 1 0 1.000000
0  -23.849270 -49.504295 30.213474  0.316958 0.394614 0.862448  0.104269 0.216427 1 0 1.000000
0  -23.188625 -49.933716 30.246506  0.222484 0.475051 0.851368  0.107177 0.214537 1 0 1.000000
CARSKIN_SKIN1_DMG
0  -23.188625 -49.933716 30.246506  0.222484 0.475051 0.851368  0.107177 0.214537 1 0 1.000000
0  -23.100540 -49.812595 30.158421  0.394933 0.756765 0.520897  0.107565 0.215070 1 0 1.000000
0  -23.739162 -49.405197 30.125387  0.468910 0.596181 0.651683  0.104754 0.216863 1 0 1.000000
CARSKIN_SKIN1_DMG
0  -18.850393 -51.728466 30.345604  0.282895 0.730345 0.621745  0.126272 0.206637 1 0 1.000000
0  -23.100540 -49.812595 30.158421  0.394933 0.756765 0.520897  0.107565 0.215070 1 0 1.000000
0  -23.188625 -49.933716 30.246506  0.222484 0.475051 0.851368  0.107177 0.214537 1 0 1.000000
CARSKIN_SKIN1_DMG
0  -23.100540 -49.812595 30.158421  0.394933 0.756765 0.520897  0.107565 0.215070 1 0 1.000000
0  -18.850393 -51.728466 30.345604  0.282895 0.730345 0.621745  0.126272 0.206637 1 0 1.000000
0  -18.828373 -51.684422 30.191454  0.365859 0.877173 0.310989  0.126369 0.206831 1 0 1.000000
CARSKIN_SKIN1_DMG
0  -18.828373 -51.684422 30.191454  0.365859 0.877173 0.310989  0.126369 0.206831 1 0 1.000000
0  -23.078518 -49.779564 29.993259  0.460638 0.842903 0.278079  0.107662 0.215215 1 0 1.000000
0  -23.100540 -49.812595 30.158421  0.394933 0.756765 0.520897  0.107565 0.215070 1 0 1.000000
CARSKIN_SKIN1_DMG
0  -23.100540 -49.812595 30.158421  0.394933 0.756765 0.520897  0.107565 0.215070 1 0 1.000000
0  -23.078518 -49.779564 29.993259  0.460638 0.842903 0.278079  0.107662 0.215215 1 0 1.000000
0  -23.684109 -49.350143 29.949215  0.563855 0.752337 0.340671  0.104996 0.217105 1 0 1.000000
CARSKIN_SKIN1_DMG
0  -23.684109 -49.350143 29.949215  0.563855 0.752337 0.340671  0.104996 0.217105 1 0 1.000000
0  -23.739162 -49.405197 30.125387  0.468910 0.596181 0.651683  0.104754 0.216863 1 0 1.000000
0  -23.100540 -49.812595 30.158421  0.394933 0.756765 0.520897  0.107565 0.215070 1 0 1.000000
CARSKIN_SKIN1_DMG
0  -23.739162 -49.405197 30.125387  0.468910 0.596181 0.651683  0.104754 0.216863 1 0 1.000000
0  -23.684109 -49.350143 29.949215  0.563855 0.752337 0.340671  0.104996 0.217105 1 0 1.000000
0  -24.179592 -48.821629 29.883152  0.707635 0.590070 0.388677  0.102815 0.219431 1 0 1.000000
CARSKIN_SKIN1_DMG
0  -24.179592 -48.821629 29.883152  0.707635 0.590070 0.388677  0.102815 0.219431 1 0 1.000000
0  -24.267679 -48.876682 30.125387  0.593961 0.440343 0.673282  0.102427 0.219189 1 0 1.000000
0  -23.739162 -49.405197 30.125387  0.468910 0.596181 0.651683  0.104754 0.216863 1 0 1.000000
CARSKIN_SKIN1_DMG
0  -24.267679 -48.876682 30.125387  0.593961 0.440343 0.673282  0.102427 0.219189 1 0 1.000000
0  -24.179592 -48.821629 29.883152  0.707635 0.590070 0.388677  0.102815 0.219431 1 0 1.000000
0  -24.531937 -48.072899 29.773045  0.842747 0.381921 0.379360  0.101264 0.222727 1 0 1.000000
CARSKIN_SKIN1_DMG
0  -12.970657 -53.985668 30.356615  0.197693 0.923039 0.330025  0.152151 0.196702 1 0 1.000000
0  -18.828373 -51.684422 30.191454  0.365859 0.877173 0.310989  0.126369 0.206831 1 0 1.000000
0  -18.850393 -51.728466 30.345604  0.282895 0.730345 0.621745  0.126272 0.206637 1 0 1.000000
CARSKIN_SKIN1_DMG
0  -18.850393 -51.728466 30.345604  0.282895 0.730345 0.621745  0.126272 0.206637 1 0 1.000000
0  -12.981668 -54.040722 30.510765  -0.030635 0.729618 0.683169  0.152103 0.196460 1 0 1.000000
0  -12.970657 -53.985668 30.356615  0.197693 0.923039 0.330025  0.152151 0.196702 1 0 1.000000
CARSKIN_SKIN1_DMG
0  -12.981668 -54.040722 30.510765  -0.030635 0.729618 0.683169  0.152103 0.196460 1 0 1.000000
0  -12.838529 -54.095776 30.708960  -0.462708 0.710205 0.530576  0.152733 0.196217 1 0 1.000000
0  -12.970657 -53.985668 30.356615  0.197693 0.923039 0.330025  0.152151 0.196702 1 0 1.000000
CARSKIN_SKIN1_DMG
0  -12.838529 -54.095776 30.708960  -0.462708 0.710205 0.530576  0.152733 0.196217 1 0 1.000000
0  -12.981668 -54.040722 30.510765  -0.030635 0.729618 0.683169  0.152103 0.196460 1 0 1.000000
0  -12.970657 -54.205883 30.609861  -0.311271 0.464198 0.829235  0.152151 0.195733 1 0 1.000000
CARSKIN_SKIN1_DMG
0  -18.927469 -51.860596 30.433691  0.177898 0.501329 0.846772  0.125932 0.206055 1 0 1.000000
0  -12.970657 -54.205883 30.609861  -0.311271 0.464198 0.829235  0.152151 0.195733 1 0 1.000000
0  -12.981668 -54.040722 30.510765  -0.030635 0.729618 0.683169  0.152103 0.196460 1 0 1.000000
CARSKIN_SKIN1_DMG
0  -12.981668 -54.040722 30.510765  -0.030635 0.729618 0.683169  0.152103 0.196460 1 0 1.000000
0  -18.850393 -51.728466 30.345604  0.282895 0.730345 0.621745  0.126272 0.206637 1 0 1.000000
0  -18.927469 -51.860596 30.433691  0.177898 0.501329 0.846772  0.125932 0.206055 1 0 1.000000
CARSKIN_SKIN1_DMG
0  -23.188625 -49.933716 30.246506  0.222484 0.475051 0.851368  0.107177 0.214537 1 0 1.000000
0  -18.927469 -51.860596 30.433691  0.177898 0.501329 0.846772  0.125932 0.206055 1 0 1.000000
0  -18.850393 -51.728466 30.345604  0.282895 0.730345 0.621745  0.126272 0.206637 1 0 1.000000
CARSKIN_SKIN1_DMG
0  16.042648 -26.150513 32.360569  0.624466 -0.325290 0.710090  0.279853 0.319218 1 0 1.000000
0  16.009617 -29.310595 30.081347  0.685350 -0.431563 0.586556  0.279708 0.305309 1 0 1.000000
0  16.361961 -28.870165 29.993261  0.655889 -0.451283 0.605106  0.281259 0.307248 1 0 1.000000
CARSKIN_SKIN1_DMG
0  16.361961 -28.870165 29.993261  0.655889 -0.451283 0.605106  0.281259 0.307248 1 0 1.000000
0  16.295897 -25.996361 32.228443  0.585584 -0.266595 0.765518  0.280968 0.319897 1 0 1.000000
0  16.042648 -26.150513 32.360569  0.624466 -0.325290 0.710090  0.279853 0.319218 1 0 1.000000
CARSKIN_SKIN1_DMG
0  16.295897 -25.996361 32.228443  0.585584 -0.266595 0.765518  0.280968 0.319897 1 0 1.000000
0  15.789401 -22.748192 32.690891  0.508677 -0.045805 0.859738  0.278738 0.334193 1 0 1.000000
0  16.042648 -26.150513 32.360569  0.624466 -0.325290 0.710090  0.279853 0.319218 1 0 1.000000
CARSKIN_SKIN1_DMG
0  -15.150784 -39.209251 29.233519  -0.655843 -0.451323 0.605126  0.142555 0.261740 1 0 1.000000
0  -14.787429 -39.660690 29.332617  -0.685347 -0.431595 0.586536  0.144155 0.259753 1 0 1.000000
0  -14.831472 -36.489597 31.611839  -0.632917 -0.368528 0.680884  0.143961 0.273711 1 0 1.000000
CARSKIN_SKIN1_DMG
0  -14.831472 -36.489597 31.611839  -0.632917 -0.368528 0.680884  0.143961 0.273711 1 0 1.000000
0  -15.084719 -36.346458 31.468700  -0.579790 -0.288638 0.761926  0.142846 0.274341 1 0 1.000000
0  -15.150784 -39.209251 29.233519  -0.655843 -0.451323 0.605126  0.142555 0.261740 1 0 1.000000
CARSKIN_SKIN1_DMG
0  -15.084719 -36.346458 31.468700  -0.579790 -0.288638 0.761926  0.142846 0.274341 1 0 1.000000
0  -14.831472 -36.489597 31.611839  -0.632917 -0.368528 0.680884  0.143961 0.273711 1 0 1.000000
0  -14.952590 -33.318504 32.261475  -0.545072 -0.191785 0.816159  0.143428 0.287668 1 0 1.000000
CARSKIN_SKIN1_DMG
0  -14.952590 -33.318504 32.261475  -0.545072 -0.191785 0.816159  0.143428 0.287668 1 0 1.000000
0  -15.117751 -33.285473 32.173389  -0.528000 -0.195208 0.826505  0.142701 0.287814 1 0 1.000000
0  -15.084719 -36.346458 31.468700  -0.579790 -0.288638 0.761926  0.142846 0.274341 1 0 1.000000
CARSKIN_SKIN1_DMG
0  -20.446953 -87.590454 21.944408  -0.463996 -0.532074 0.708241  0.119244 0.048791 1 0 1.000000
0  -20.281792 -87.656517 21.988451  -0.463995 -0.532076 0.708239  0.119971 0.048500 1 0 1.000000
0  -20.953445 -85.674583 23.045483  -0.463998 -0.532071 0.708241  0.117015 0.057223 1 0 1.000000
CARSKIN_SKIN1_DMG
0  15.084713 -36.346458 31.468700  0.579764 -0.288604 0.761959  0.275637 0.274341 1 0 1.000000
0  15.117745 -33.285473 32.173389  0.528007 -0.195205 0.826501  0.275782 0.287814 1 0 1.000000
0  14.952584 -33.318504 32.261475  0.545079 -0.191798 0.816151  0.275055 0.287668 1 0 1.000000
CARSKIN_SKIN1_DMG
0  14.952584 -33.318504 32.261475  0.545079 -0.191798 0.816151  0.275055 0.287668 1 0 1.000000
0  14.831467 -36.489597 31.611839  0.632936 -0.368490 0.680887  0.274522 0.273711 1 0 1.000000
0  15.084713 -36.346458 31.468700  0.579764 -0.288604 0.761959  0.275637 0.274341 1 0 1.000000
CARSKIN_SKIN1_DMG
0  15.150778 -39.209251 29.233519  0.655912 -0.451275 0.605087  0.275928 0.261740 1 0 1.000000
0  15.084713 -36.346458 31.468700  0.579764 -0.288604 0.761959  0.275637 0.274341 1 0 1.000000
0  14.831467 -36.489597 31.611839  0.632936 -0.368490 0.680887  0.274522 0.273711 1 0 1.000000
CARSKIN_SKIN1_DMG
0  14.831467 -36.489597 31.611839  0.632936 -0.368490 0.680887  0.274522 0.273711 1 0 1.000000
0  14.787423 -39.660690 29.332617  0.685345 -0.431599 0.586536  0.274328 0.259753 1 0 1.000000
0  15.150778 -39.209251 29.233519  0.655912 -0.451275 0.605087  0.275928 0.261740 1 0 1.000000
CARSKIN_SKIN1_DMG
0  -29.596876 -26.161520 31.556784  -0.085195 -0.057266 0.994717  0.078971 0.319170 1 0 1.000000
0  -30.257521 -25.434813 31.523752  -0.117448 -0.059977 0.991266  0.076063 0.322368 1 0 1.000000
0  -28.605911 -38.493553 30.841085  -0.039278 -0.065680 0.997067  0.083333 0.264890 1 0 1.000000
CARSKIN_SKIN1_DMG
0  -31.347584 -15.040672 31.953171  -0.096293 -0.043686 0.994394  0.071265 0.368118 1 0 1.000000
0  -30.257521 -25.434813 31.523752  -0.117448 -0.059977 0.991266  0.076063 0.322368 1 0 1.000000
0  -29.596876 -26.161520 31.556784  -0.085195 -0.057266 0.994717  0.078971 0.319170 1 0 1.000000
CARSKIN_SKIN1_DMG
0  -29.596876 -26.161520 31.556784  -0.085195 -0.057266 0.994717  0.078971 0.319170 1 0 1.000000
0  -30.863111 -15.117747 31.986202  -0.089781 -0.037484 0.995256  0.073398 0.367779 1 0 1.000000
0  -31.347584 -15.040672 31.953171  -0.096293 -0.043686 0.994394  0.071265 0.368118 1 0 1.000000
CARSKIN_SKIN1_DMG
0  -30.929176 -14.214867 32.008228  -0.088546 -0.029465 0.995636  0.073107 0.371753 1 0 1.000000
0  -31.347584 -15.040672 31.953171  -0.096293 -0.043686 0.994394  0.071265 0.368118 1 0 1.000000
0  -30.863111 -15.117747 31.986202  -0.089781 -0.037484 0.995256  0.073398 0.367779 1 0 1.000000
CARSKIN_SKIN1_DMG
0  -10.570317 -77.768867 26.943285  -0.065276 -0.260877 0.963163  0.162716 0.092020 1 0 1.000000
0  -17.826395 -75.082245 27.053392  -0.102577 -0.250072 0.962778  0.130779 0.103846 1 0 1.000000
0  -18.013577 -78.297386 26.205566  -0.098614 -0.287695 0.952631  0.129955 0.089694 1 0 1.000000
CARSKIN_SKIN1_DMG
0  -22.682133 -77.889984 25.743113  -0.118903 -0.260024 0.958253  0.109406 0.091487 1 0 1.000000
0  -18.013577 -78.297386 26.205566  -0.098614 -0.287695 0.952631  0.129955 0.089694 1 0 1.000000
0  -17.826395 -75.082245 27.053392  -0.102577 -0.250072 0.962778  0.130779 0.103846 1 0 1.000000
CARSKIN_SKIN1_DMG
0  -17.826395 -75.082245 27.053392  -0.102577 -0.250072 0.962778  0.130779 0.103846 1 0 1.000000
0  -19.610134 -74.069260 27.108446  -0.122727 -0.242638 0.962323  0.122928 0.108304 1 0 1.000000
0  -22.682133 -77.889984 25.743113  -0.118903 -0.260024 0.958253  0.109406 0.091487 1 0 1.000000
CARSKIN_SKIN1_DMG
0  -22.682133 -77.889984 25.743113  -0.118903 -0.260024 0.958253  0.109406 0.091487 1 0 1.000000
0  -19.610134 -74.069260 27.108446  -0.122727 -0.242638 0.962323  0.122928 0.108304 1 0 1.000000
0  -21.140629 -72.847069 27.196533  -0.118736 -0.225223 0.967045  0.116191 0.113684 1 0 1.000000
CARSKIN_SKIN1_DMG
0  -21.140629 -72.847069 27.196533  -0.118736 -0.225223 0.967045  0.116191 0.113684 1 0 1.000000
0  -23.651077 -72.582809 26.965305  -0.115056 -0.202975 0.972401  0.105141 0.114847 1 0 1.000000
0  -22.682133 -77.889984 25.743113  -0.118903 -0.260024 0.958253  0.109406 0.091487 1 0 1.000000
CARSKIN_SKIN1_DMG
0  -21.140629 -72.847069 27.196533  -0.118736 -0.225223 0.967045  0.116191 0.113684 1 0 1.000000
0  -22.395853 -71.283539 27.372702  -0.116638 -0.191294 0.974578  0.110666 0.120566 1 0 1.000000
0  -23.651077 -72.582809 26.965305  -0.115056 -0.202975 0.972401  0.105141 0.114847 1 0 1.000000
CARSKIN_SKIN1_DMG
0  -23.651077 -72.582809 26.965305  -0.115056 -0.202975 0.972401  0.105141 0.114847 1 0 1.000000
0  -22.395853 -71.283539 27.372702  -0.116638 -0.191294 0.974578  0.110666 0.120566 1 0 1.000000
0  -23.309744 -69.466766 27.603928  -0.088648 -0.177167 0.980180  0.106644 0.128562 1 0 1.000000
CARSKIN_SKIN1_DMG
0  -24.774174 -65.690086 28.154465  -0.048750 -0.155020 0.986708  0.100198 0.145185 1 0 1.000000
0  -23.651077 -72.582809 26.965305  -0.115056 -0.202975 0.972401  0.105141 0.114847 1 0 1.000000
0  -23.309744 -69.466766 27.603928  -0.088648 -0.177167 0.980180  0.106644 0.128562 1 0 1.000000
CARSKIN_SKIN1_DMG
0  -23.309744 -69.466766 27.603928  -0.088648 -0.177167 0.980180  0.106644 0.128562 1 0 1.000000
0  -24.157572 -65.624023 28.187498  -0.032550 -0.147684 0.988499  0.102912 0.145476 1 0 1.000000
0  -24.774174 -65.690086 28.154465  -0.048750 -0.155020 0.986708  0.100198 0.145185 1 0 1.000000
CARSKIN_SKIN1_DMG
0  -24.774174 -65.690086 28.154465  -0.048750 -0.155020 0.986708  0.100198 0.145185 1 0 1.000000
0  -24.157572 -65.624023 28.187498  -0.032550 -0.147684 0.988499  0.102912 0.145476 1 0 1.000000
0  -25.060452 -59.744286 28.980270  -0.022200 -0.124549 0.991965  0.098938 0.171355 1 0 1.000000
CARSKIN_SKIN1_DMG
0  -25.060452 -59.744286 28.980270  -0.022200 -0.124549 0.991965  0.098938 0.171355 1 0 1.000000
0  -25.677053 -59.777317 28.958248  -0.018531 -0.124452 0.992052  0.096224 0.171210 1 0 1.000000
0  -24.774174 -65.690086 28.154465  -0.048750 -0.155020 0.986708  0.100198 0.145185 1 0 1.000000
CARSKIN_SKIN1_DMG
0  -26.491848 -54.062744 29.585861  -0.019152 -0.105312 0.994255  0.092638 0.196363 1 0 1.000000
0  -25.677053 -59.777317 28.958248  -0.018531 -0.124452 0.992052  0.096224 0.171210 1 0 1.000000
0  -25.060452 -59.744286 28.980270  -0.022200 -0.124549 0.991965  0.098938 0.171355 1 0 1.000000
CARSKIN_SKIN1_DMG
0  -25.060452 -59.744286 28.980270  -0.022200 -0.124549 0.991965  0.098938 0.171355 1 0 1.000000
0  -25.886257 -53.996677 29.607883  -0.017770 -0.098424 0.994986  0.095303 0.196654 1 0 1.000000
0  -26.491848 -54.062744 29.585861  -0.019152 -0.105312 0.994255  0.092638 0.196363 1 0 1.000000
CARSKIN_SKIN1_DMG
0  -27.449783 -47.192039 30.202463  -0.007595 -0.081396 0.996653  0.088422 0.226604 1 0 1.000000
0  -26.491848 -54.062744 29.585861  -0.019152 -0.105312 0.994255  0.092638 0.196363 1 0 1.000000
0  -25.886257 -53.996677 29.607883  -0.017770 -0.098424 0.994986  0.095303 0.196654 1 0 1.000000
CARSKIN_SKIN1_DMG
0  -25.886257 -53.996677 29.607883  -0.017770 -0.098424 0.994986  0.095303 0.196654 1 0 1.000000
0  -26.833181 -47.136986 30.224483  -0.016138 -0.081796 0.996518  0.091135 0.226846 1 0 1.000000
0  -27.449783 -47.192039 30.202463  -0.007595 -0.081396 0.996653  0.088422 0.226604 1 0 1.000000
CARSKIN_SKIN1_DMG
0  -27.449783 -47.192039 30.202463  -0.007595 -0.081396 0.996653  0.088422 0.226604 1 0 1.000000
0  -26.833181 -47.136986 30.224483  -0.016138 -0.081796 0.996518  0.091135 0.226846 1 0 1.000000
0  -28.165482 -36.974072 30.940182  -0.002897 -0.067048 0.997746  0.085271 0.271578 1 0 1.000000
CARSKIN_SKIN1_DMG
0  -28.165482 -36.974072 30.940182  -0.002897 -0.067048 0.997746  0.085271 0.271578 1 0 1.000000
0  -28.605911 -38.493553 30.841085  -0.039278 -0.065680 0.997067  0.083333 0.264890 1 0 1.000000
0  -27.449783 -47.192039 30.202463  -0.007595 -0.081396 0.996653  0.088422 0.226604 1 0 1.000000
CARSKIN_SKIN1_DMG
0  -28.605911 -38.493553 30.841085  -0.039278 -0.065680 0.997067  0.083333 0.264890 1 0 1.000000
0  -28.165482 -36.974072 30.940182  -0.002897 -0.067048 0.997746  0.085271 0.271578 1 0 1.000000
0  -29.596876 -26.161520 31.556784  -0.085195 -0.057266 0.994717  0.078971 0.319170 1 0 1.000000
CARSKIN_SKIN1_DMG
0  25.049435 -39.055099 30.885132  -0.459365 0.600192 0.654793  0.319496 0.262419 1 0 1.000000
0  25.599972 -38.526585 30.874123  -0.584323 0.445036 0.678608  0.321920 0.264745 1 0 1.000000
0  25.511885 -38.471531 30.631886  -0.697811 0.598081 0.394156  0.321532 0.264987 1 0 1.000000
CARSKIN_SKIN1_DMG
0  25.511885 -38.471531 30.631886  -0.697811 0.598081 0.394156  0.321532 0.264987 1 0 1.000000
0  25.005390 -39.000046 30.697950  -0.553113 0.758913 0.343681  0.319303 0.262661 1 0 1.000000
0  25.049435 -39.055099 30.885132  -0.459365 0.600192 0.654793  0.319496 0.262419 1 0 1.000000
CARSKIN_SKIN1_DMG
0  24.399799 -39.462498 30.907154  -0.387476 0.759436 0.522607  0.316637 0.260626 1 0 1.000000
0  25.049435 -39.055099 30.885132  -0.459365 0.600192 0.654793  0.319496 0.262419 1 0 1.000000
0  25.005390 -39.000046 30.697950  -0.553113 0.758913 0.343681  0.319303 0.262661 1 0 1.000000
CARSKIN_SKIN1_DMG
0  25.005390 -39.000046 30.697950  -0.553113 0.758913 0.343681  0.319303 0.262661 1 0 1.000000
0  24.377779 -39.429466 30.753004  -0.452410 0.846775 0.279817  0.316540 0.260771 1 0 1.000000
0  24.399799 -39.462498 30.907154  -0.387476 0.759436 0.522607  0.316637 0.260626 1 0 1.000000
CARSKIN_SKIN1_DMG
0  24.399799 -39.462498 30.907154  -0.387476 0.759436 0.522607  0.316637 0.260626 1 0 1.000000
0  24.377779 -39.429466 30.753004  -0.452410 0.846775 0.279817  0.316540 0.260771 1 0 1.000000
0  20.061567 -41.334324 30.940184  -0.356157 0.880733 0.312189  0.297542 0.252387 1 0 1.000000
CARSKIN_SKIN1_DMG
0  20.061567 -41.334324 30.940184  -0.356157 0.880733 0.312189  0.297542 0.252387 1 0 1.000000
0  20.083590 -41.378368 31.094336  -0.272265 0.733346 0.622957  0.297639 0.252193 1 0 1.000000
0  24.399799 -39.462498 30.907154  -0.387476 0.759436 0.522607  0.316637 0.260626 1 0 1.000000
CARSKIN_SKIN1_DMG
0  20.083590 -41.378368 31.094336  -0.272265 0.733346 0.622957  0.297639 0.252193 1 0 1.000000
0  20.061567 -41.334324 30.940184  -0.356157 0.880733 0.312189  0.297542 0.252387 1 0 1.000000
0  14.027682 -43.558495 31.116356  -0.305024 0.895477 0.324161  0.270984 0.242597 1 0 1.000000
CARSKIN_SKIN1_DMG
0  14.027682 -43.558495 31.116356  -0.305024 0.895477 0.324161  0.270984 0.242597 1 0 1.000000
0  14.027682 -43.613548 31.270506  -0.048240 0.725027 0.687029  0.270984 0.242355 1 0 1.000000
0  20.083590 -41.378368 31.094336  -0.272265 0.733346 0.622957  0.297639 0.252193 1 0 1.000000
CARSKIN_SKIN1_DMG
0  14.027682 -43.613548 31.270506  -0.048240 0.725027 0.687029  0.270984 0.242355 1 0 1.000000
0  14.027682 -43.558495 31.116356  -0.305024 0.895477 0.324161  0.270984 0.242597 1 0 1.000000
0  13.873532 -43.745678 31.512743  0.271085 0.760854 0.589588  0.270306 0.241773 1 0 1.000000
CARSKIN_SKIN1_DMG
0  13.873532 -43.745678 31.512743  0.271085 0.760854 0.589588  0.270306 0.241773 1 0 1.000000
0  14.016671 -43.778709 31.358593  0.310247 0.463932 0.829767  0.270936 0.241628 1 0 1.000000
0  14.027682 -43.613548 31.270506  -0.048240 0.725027 0.687029  0.270984 0.242355 1 0 1.000000
CARSKIN_SKIN1_DMG
0  14.027682 -43.613548 31.270506  -0.048240 0.725027 0.687029  0.270984 0.242355 1 0 1.000000
0  14.016671 -43.778709 31.358593  0.310247 0.463932 0.829767  0.270936 0.241628 1 0 1.000000
0  20.160664 -41.510498 31.182421  -0.169328 0.502510 0.847827  0.297979 0.251611 1 0 1.000000
CARSKIN_SKIN1_DMG
0  20.160664 -41.510498 31.182421  -0.169328 0.502510 0.847827  0.297979 0.251611 1 0 1.000000
0  20.083590 -41.378368 31.094336  -0.272265 0.733346 0.622957  0.297639 0.252193 1 0 1.000000
0  14.027682 -43.613548 31.270506  -0.048240 0.725027 0.687029  0.270984 0.242355 1 0 1.000000
CARSKIN_SKIN1_DMG
0  20.083590 -41.378368 31.094336  -0.272265 0.733346 0.622957  0.297639 0.252193 1 0 1.000000
0  20.160664 -41.510498 31.182421  -0.169328 0.502510 0.847827  0.297979 0.251611 1 0 1.000000
0  24.487886 -39.583618 30.995239  -0.217470 0.475160 0.852602  0.317025 0.260092 1 0 1.000000
CARSKIN_SKIN1_DMG
0  24.487886 -39.583618 30.995239  -0.217470 0.475160 0.852602  0.317025 0.260092 1 0 1.000000
0  24.399799 -39.462498 30.907154  -0.387476 0.759436 0.522607  0.316637 0.260626 1 0 1.000000
0  20.083590 -41.378368 31.094336  -0.272265 0.733346 0.622957  0.297639 0.252193 1 0 1.000000
CARSKIN_SKIN1_DMG
0  25.049435 -39.055099 30.885132  -0.459365 0.600192 0.654793  0.319496 0.262419 1 0 1.000000
0  24.399799 -39.462498 30.907154  -0.387476 0.759436 0.522607  0.316637 0.260626 1 0 1.000000
0  24.487886 -39.583618 30.995239  -0.217470 0.475160 0.852602  0.317025 0.260092 1 0 1.000000
CARSKIN_SKIN1_DMG
0  24.487886 -39.583618 30.995239  -0.217470 0.475160 0.852602  0.317025 0.260092 1 0 1.000000
0  25.170551 -39.165207 30.973219  -0.309029 0.395656 0.864846  0.320030 0.261934 1 0 1.000000
0  25.049435 -39.055099 30.885132  -0.459365 0.600192 0.654793  0.319496 0.262419 1 0 1.000000
CARSKIN_SKIN1_DMG
0  25.599972 -38.526585 30.874123  -0.584323 0.445036 0.678608  0.321920 0.264745 1 0 1.000000
0  25.049435 -39.055099 30.885132  -0.459365 0.600192 0.654793  0.319496 0.262419 1 0 1.000000
0  25.170551 -39.165207 30.973219  -0.309029 0.395656 0.864846  0.320030 0.261934 1 0 1.000000
CARSKIN_SKIN1_DMG
0  25.170551 -39.165207 30.973219  -0.309029 0.395656 0.864846  0.320030 0.261934 1 0 1.000000
0  25.743111 -38.614670 30.962208  -0.381381 0.269004 0.884413  0.322550 0.264357 1 0 1.000000
0  25.599972 -38.526585 30.874123  -0.584323 0.445036 0.678608  0.321920 0.264745 1 0 1.000000
CARSKIN_SKIN1_DMG
0  26.051411 -37.777855 30.896143  -0.600189 0.281043 0.748858  0.323907 0.268041 1 0 1.000000
0  25.599972 -38.526585 30.874123  -0.584323 0.445036 0.678608  0.321920 0.264745 1 0 1.000000
0  25.743111 -38.614670 30.962208  -0.381381 0.269004 0.884413  0.322550 0.264357 1 0 1.000000
CARSKIN_SKIN1_DMG
0  25.743111 -38.614670 30.962208  -0.381381 0.269004 0.884413  0.322550 0.264357 1 0 1.000000
0  26.205563 -37.854931 30.973219  -0.420858 0.148135 0.894949  0.324585 0.267701 1 0 1.000000
0  26.051411 -37.777855 30.896143  -0.600189 0.281043 0.748858  0.323907 0.268041 1 0 1.000000
CARSKIN_SKIN1_DMG
0  26.568916 -36.599705 30.995239  -0.745739 0.214156 0.630881  0.326184 0.273226 1 0 1.000000
0  26.051411 -37.777855 30.896143  -0.600189 0.281043 0.748858  0.323907 0.268041 1 0 1.000000
0  26.205563 -37.854931 30.973219  -0.420858 0.148135 0.894949  0.324585 0.267701 1 0 1.000000
CARSKIN_SKIN1_DMG
0  26.205563 -37.854931 30.973219  -0.420858 0.148135 0.894949  0.324585 0.267701 1 0 1.000000
0  26.745089 -36.643749 31.094337  -0.495547 0.025083 0.868219  0.326960 0.273032 1 0 1.000000
0  26.568916 -36.599705 30.995239  -0.745739 0.214156 0.630881  0.326184 0.273226 1 0 1.000000
CARSKIN_SKIN1_DMG
0  27.240574 -31.964186 31.336573  -0.501924 -0.150268 0.851758  0.329141 0.293629 1 0 1.000000
0  26.568916 -36.599705 30.995239  -0.745739 0.214156 0.630881  0.326184 0.273226 1 0 1.000000
0  26.745089 -36.643749 31.094337  -0.495547 0.025083 0.868219  0.326960 0.273032 1 0 1.000000
CARSKIN_SKIN1_DMG
0  26.745089 -36.643749 31.094337  -0.495547 0.025083 0.868219  0.326960 0.273032 1 0 1.000000
0  28.099411 -26.304665 31.699928  -0.377474 0.051575 0.924583  0.332921 0.318540 1 0 1.000000
0  27.240574 -31.964186 31.336573  -0.501924 -0.150268 0.851758  0.329141 0.293629 1 0 1.000000
CARSKIN_SKIN1_DMG
0  27.240574 -31.964186 31.336573  -0.501924 -0.150268 0.851758  0.329141 0.293629 1 0 1.000000
0  28.099411 -26.304665 31.699928  -0.377474 0.051575 0.924583  0.332921 0.318540 1 0 1.000000
0  26.877218 -31.843067 31.237476  -0.353143 -0.245717 0.902726  0.327541 0.294162 1 0 1.000000
CARSKIN_SKIN1_DMG
0  27.240574 -31.964186 31.336573  -0.501924 -0.150268 0.851758  0.329141 0.293629 1 0 1.000000
0  26.877218 -31.843067 31.237476  -0.353143 -0.245717 0.902726  0.327541 0.294162 1 0 1.000000
0  25.743113 -35.025169 28.826124  -0.413087 -0.448844 0.792400  0.322550 0.280156 1 0 1.000000
CARSKIN_SKIN1_DMG
0  25.743113 -35.025169 28.826124  -0.413087 -0.448844 0.792400  0.322550 0.280156 1 0 1.000000
0  26.139500 -35.267406 28.914209  -0.841124 0.001868 0.540839  0.324294 0.279090 1 0 1.000000
0  27.240574 -31.964186 31.336573  -0.501924 -0.150268 0.851758  0.329141 0.293629 1 0 1.000000
CARSKIN_SKIN1_DMG
0  26.568916 -36.599705 30.995239  -0.745739 0.214156 0.630881  0.326184 0.273226 1 0 1.000000
0  27.240574 -31.964186 31.336573  -0.501924 -0.150268 0.851758  0.329141 0.293629 1 0 1.000000
0  26.139500 -35.267406 28.914209  -0.841124 0.001868 0.540839  0.324294 0.279090 1 0 1.000000
CARSKIN_SKIN1_DMG
0  26.139500 -35.267406 28.914209  -0.841124 0.001868 0.540839  0.324294 0.279090 1 0 1.000000
0  26.117476 -37.018112 30.323586  -0.860142 0.357748 0.363556  0.324197 0.271385 1 0 1.000000
0  26.568916 -36.599705 30.995239  -0.745739 0.214156 0.630881  0.326184 0.273226 1 0 1.000000
CARSKIN_SKIN1_DMG
0  26.568916 -36.599705 30.995239  -0.745739 0.214156 0.630881  0.326184 0.273226 1 0 1.000000
0  26.117476 -37.018112 30.323586  -0.860142 0.357748 0.363556  0.324197 0.271385 1 0 1.000000
0  25.864229 -37.722801 30.521778  -0.818329 0.404614 0.408198  0.323083 0.268283 1 0 1.000000
CARSKIN_SKIN1_DMG
0  25.864229 -37.722801 30.521778  -0.818329 0.404614 0.408198  0.323083 0.268283 1 0 1.000000
0  26.051411 -37.777855 30.896143  -0.600189 0.281043 0.748858  0.323907 0.268041 1 0 1.000000
0  26.568916 -36.599705 30.995239  -0.745739 0.214156 0.630881  0.326184 0.273226 1 0 1.000000
CARSKIN_SKIN1_DMG
0  25.599972 -38.526585 30.874123  -0.584323 0.445036 0.678608  0.321920 0.264745 1 0 1.000000
0  26.051411 -37.777855 30.896143  -0.600189 0.281043 0.748858  0.323907 0.268041 1 0 1.000000
0  25.864229 -37.722801 30.521778  -0.818329 0.404614 0.408198  0.323083 0.268283 1 0 1.000000
CARSKIN_SKIN1_DMG
0  25.864229 -37.722801 30.521778  -0.818329 0.404614 0.408198  0.323083 0.268283 1 0 1.000000
0  25.511885 -38.471531 30.631886  -0.697811 0.598081 0.394156  0.321532 0.264987 1 0 1.000000
0  25.599972 -38.526585 30.874123  -0.584323 0.445036 0.678608  0.321920 0.264745 1 0 1.000000
CARSKIN_SKIN1_DMG
0  26.381735 -28.815113 31.721949  -0.309015 0.395680 0.864839  0.325361 0.307490 1 0 1.000000
0  26.954294 -28.264576 31.710938  -0.381410 0.269016 0.884396  0.327881 0.309913 1 0 1.000000
0  26.811155 -28.176491 31.622852  -0.584419 0.445105 0.678481  0.327251 0.310301 1 0 1.000000
CARSKIN_SKIN1_DMG
0  27.262594 -27.427759 31.644875  -0.575994 0.332164 0.746926  0.329238 0.313596 1 0 1.000000
0  26.811155 -28.176491 31.622852  -0.584419 0.445105 0.678481  0.327251 0.310301 1 0 1.000000
0  26.954294 -28.264576 31.710938  -0.381410 0.269016 0.884396  0.327881 0.309913 1 0 1.000000
CARSKIN_SKIN1_DMG
0  26.954294 -28.264576 31.710938  -0.381410 0.269016 0.884396  0.327881 0.309913 1 0 1.000000
0  27.416746 -27.504835 31.732960  -0.388208 0.238168 0.890264  0.329916 0.313257 1 0 1.000000
0  27.262594 -27.427759 31.644875  -0.575994 0.332164 0.746926  0.329238 0.313596 1 0 1.000000
CARSKIN_SKIN1_DMG
0  27.901218 -26.249611 31.589821  -0.690488 0.289142 0.663041  0.332049 0.318782 1 0 1.000000
0  27.262594 -27.427759 31.644875  -0.575994 0.332164 0.746926  0.329238 0.313596 1 0 1.000000
0  27.416746 -27.504835 31.732960  -0.388208 0.238168 0.890264  0.329916 0.313257 1 0 1.000000
CARSKIN_SKIN1_DMG
0  27.416746 -27.504835 31.732960  -0.388208 0.238168 0.890264  0.329916 0.313257 1 0 1.000000
0  28.099411 -26.304665 31.699928  -0.377597 0.051682 0.924526  0.332921 0.318540 1 0 1.000000
0  27.901218 -26.249611 31.589821  -0.690488 0.289142 0.663041  0.332049 0.318782 1 0 1.000000
CARSKIN_SKIN1_DMG
0  28.517818 -21.614088 31.810036  -0.515660 -0.123810 0.847801  0.334762 0.339185 1 0 1.000000
0  27.901218 -26.249611 31.589821  -0.690488 0.289142 0.663041  0.332049 0.318782 1 0 1.000000
0  28.099411 -26.304665 31.699928  -0.377597 0.051682 0.924526  0.332921 0.318540 1 0 1.000000
CARSKIN_SKIN1_DMG
0  28.099411 -26.304665 31.699928  -0.377597 0.051682 0.924526  0.332921 0.318540 1 0 1.000000
0  29.387669 -15.337964 32.118336  -0.195930 -0.019545 0.980423  0.338591 0.366810 1 0 1.000000
0  28.517818 -21.614088 31.810036  -0.515660 -0.123810 0.847801  0.334762 0.339185 1 0 1.000000
CARSKIN_SKIN1_DMG
0  28.099411 -21.492970 31.699928  -0.206033 -0.176850 0.962431  0.332921 0.339718 1 0 1.000000
0  28.517818 -21.614088 31.810036  -0.515660 -0.123810 0.847801  0.334762 0.339185 1 0 1.000000
0  29.387669 -15.337964 32.118336  -0.195930 -0.019545 0.980423  0.338591 0.366810 1 0 1.000000
CARSKIN_SKIN1_DMG
0  29.387669 -15.337964 32.118336  -0.195930 -0.019545 0.980423  0.338591 0.366810 1 0 1.000000
0  29.112400 -15.382008 32.107323  -0.025573 -0.042300 0.998778  0.337380 0.366616 1 0 1.000000
0  28.099411 -21.492970 31.699928  -0.206033 -0.176850 0.962431  0.332921 0.339718 1 0 1.000000
CARSKIN_SKIN1_DMG
0  29.112400 -15.382008 32.107323  -0.025573 -0.042300 0.998778  0.337380 0.366616 1 0 1.000000
0  29.387669 -15.337964 32.118336  -0.195930 -0.019545 0.980423  0.338591 0.366810 1 0 1.000000
0  29.607883 -11.594312 32.206421  -0.028587 -0.022335 0.999342  0.339560 0.383287 1 0 1.000000
CARSKIN_SKIN1_DMG
0  26.811155 -28.176491 31.622852  -0.584419 0.445105 0.678481  0.327251 0.310301 1 0 1.000000
0  27.262594 -27.427759 31.644875  -0.575994 0.332164 0.746926  0.329238 0.313596 1 0 1.000000
0  27.086424 -27.383717 31.270508  -0.785102 0.444386 0.431434  0.328462 0.313790 1 0 1.000000
CARSKIN_SKIN1_DMG
0  27.086424 -27.383717 31.270508  -0.785102 0.444386 0.431434  0.328462 0.313790 1 0 1.000000
0  27.262594 -27.427759 31.644875  -0.575994 0.332164 0.746926  0.329238 0.313596 1 0 1.000000
0  27.901218 -26.249611 31.589821  -0.690488 0.289142 0.663041  0.332049 0.318782 1 0 1.000000
CARSKIN_SKIN1_DMG
0  27.901218 -26.249611 31.589821  -0.690488 0.289142 0.663041  0.332049 0.318782 1 0 1.000000
0  27.328659 -26.668018 31.006250  -0.781464 0.412831 0.467851  0.329528 0.316940 1 0 1.000000
0  27.086424 -27.383717 31.270508  -0.785102 0.444386 0.431434  0.328462 0.313790 1 0 1.000000
CARSKIN_SKIN1_DMG
0  27.350681 -24.917311 29.662941  -0.789280 0.038970 0.612796  0.329625 0.324646 1 0 1.000000
0  27.328659 -26.668018 31.006250  -0.781464 0.412831 0.467851  0.329528 0.316940 1 0 1.000000
0  27.901218 -26.249611 31.589821  -0.690488 0.289142 0.663041  0.332049 0.318782 1 0 1.000000
CARSKIN_SKIN1_DMG
0  27.901218 -26.249611 31.589821  -0.690488 0.289142 0.663041  0.332049 0.318782 1 0 1.000000
0  28.517818 -21.614088 31.810036  -0.515660 -0.123810 0.847801  0.334762 0.339185 1 0 1.000000
0  27.350681 -24.917311 29.662941  -0.789280 0.038970 0.612796  0.329625 0.324646 1 0 1.000000
CARSKIN_SKIN1_DMG
0  26.954294 -24.675074 29.585865  -0.371389 -0.415161 0.830489  0.327881 0.325712 1 0 1.000000
0  27.350681 -24.917311 29.662941  -0.789280 0.038970 0.612796  0.329625 0.324646 1 0 1.000000
0  28.517818 -21.614088 31.810036  -0.515660 -0.123810 0.847801  0.334762 0.339185 1 0 1.000000
CARSKIN_SKIN1_DMG
0  28.517818 -21.614088 31.810036  -0.515660 -0.123810 0.847801  0.334762 0.339185 1 0 1.000000
0  28.099411 -21.492970 31.699928  -0.206033 -0.176850 0.962431  0.332921 0.339718 1 0 1.000000
0  26.954294 -24.675074 29.585865  -0.371389 -0.415161 0.830489  0.327881 0.325712 1 0 1.000000
CARSKIN_SKIN1_DMG
0  27.086424 -27.383717 31.270508  -0.785102 0.444386 0.431434  0.328462 0.313790 1 0 1.000000
0  26.723068 -28.132448 31.380615  -0.697795 0.598101 0.394153  0.326863 0.310495 1 0 1.000000
0  26.811155 -28.176491 31.622852  -0.584419 0.445105 0.678481  0.327251 0.310301 1 0 1.000000
CARSKIN_SKIN1_DMG
0  26.271627 -28.705006 31.633863  -0.459355 0.600342 0.654662  0.324876 0.307975 1 0 1.000000
0  26.811155 -28.176491 31.622852  -0.584419 0.445105 0.678481  0.327251 0.310301 1 0 1.000000
0  26.723068 -28.132448 31.380615  -0.697795 0.598101 0.394153  0.326863 0.310495 1 0 1.000000
CARSKIN_SKIN1_DMG
0  26.723068 -28.132448 31.380615  -0.697795 0.598101 0.394153  0.326863 0.310495 1 0 1.000000
0  26.216574 -28.649952 31.446680  -0.553095 0.758916 0.343704  0.324634 0.308217 1 0 1.000000
0  26.271627 -28.705006 31.633863  -0.459355 0.600342 0.654662  0.324876 0.307975 1 0 1.000000
CARSKIN_SKIN1_DMG
0  25.610983 -29.112404 31.655884  -0.387475 0.759448 0.522591  0.321968 0.306181 1 0 1.000000
0  26.271627 -28.705006 31.633863  -0.459355 0.600342 0.654662  0.324876 0.307975 1 0 1.000000
0  26.216574 -28.649952 31.446680  -0.553095 0.758916 0.343704  0.324634 0.308217 1 0 1.000000
CARSKIN_SKIN1_DMG
0  26.216574 -28.649952 31.446680  -0.553095 0.758916 0.343704  0.324634 0.308217 1 0 1.000000
0  25.588963 -29.079370 31.501734  -0.452400 0.846769 0.279851  0.321871 0.306327 1 0 1.000000
0  25.610983 -29.112404 31.655884  -0.387475 0.759448 0.522591  0.321968 0.306181 1 0 1.000000
CARSKIN_SKIN1_DMG
0  25.610983 -29.112404 31.655884  -0.387475 0.759448 0.522591  0.321968 0.306181 1 0 1.000000
0  25.588963 -29.079370 31.501734  -0.452400 0.846769 0.279851  0.321871 0.306327 1 0 1.000000
0  21.272751 -30.984228 31.688915  -0.347516 0.884314 0.311804  0.302873 0.297943 1 0 1.000000
CARSKIN_SKIN1_DMG
0  21.272751 -30.984228 31.688915  -0.347516 0.884314 0.311804  0.302873 0.297943 1 0 1.000000
0  21.305784 -31.028271 31.843065  -0.259539 0.738225 0.622626  0.303019 0.297749 1 0 1.000000
0  25.610983 -29.112404 31.655884  -0.387475 0.759448 0.522591  0.321968 0.306181 1 0 1.000000
CARSKIN_SKIN1_DMG
0  21.305784 -31.028271 31.843065  -0.259539 0.738225 0.622626  0.303019 0.297749 1 0 1.000000
0  21.272751 -30.984228 31.688915  -0.347516 0.884314 0.311804  0.302873 0.297943 1 0 1.000000
0  15.128757 -33.065258 31.920141  -0.386961 0.866306 0.315872  0.275831 0.288783 1 0 1.000000
CARSKIN_SKIN1_DMG
0  15.128757 -33.065258 31.920141  -0.386961 0.866306 0.315872  0.275831 0.288783 1 0 1.000000
0  15.128757 -33.120312 32.074291  -0.171420 0.699560 0.693708  0.275831 0.288541 1 0 1.000000
0  21.305784 -31.028271 31.843065  -0.259539 0.738225 0.622626  0.303019 0.297749 1 0 1.000000
CARSKIN_SKIN1_DMG
0  15.128757 -33.120312 32.074291  -0.171420 0.699560 0.693708  0.275831 0.288541 1 0 1.000000
0  15.128757 -33.065258 31.920141  -0.386961 0.866306 0.315872  0.275831 0.288783 1 0 1.000000
0  14.952584 -33.318504 32.261475  -0.117098 0.738283 0.664249  0.275055 0.287668 1 0 1.000000
CARSKIN_SKIN1_DMG
0  14.952584 -33.318504 32.261475  -0.117098 0.738283 0.664249  0.275055 0.287668 1 0 1.000000
0  15.117745 -33.285473 32.173389  0.118728 0.494613 0.860965  0.275782 0.287814 1 0 1.000000
0  15.128757 -33.120312 32.074291  -0.171420 0.699560 0.693708  0.275831 0.288541 1 0 1.000000
CARSKIN_SKIN1_DMG
0  15.128757 -33.120312 32.074291  -0.171420 0.699560 0.693708  0.275831 0.288541 1 0 1.000000
0  15.117745 -33.285473 32.173389  0.118728 0.494613 0.860965  0.275782 0.287814 1 0 1.000000
0  21.371847 -31.160398 31.942162  -0.155726 0.505796 0.848481  0.303310 0.297167 1 0 1.000000
CARSKIN_SKIN1_DMG
0  21.371847 -31.160398 31.942162  -0.155726 0.505796 0.848481  0.303310 0.297167 1 0 1.000000
0  21.305784 -31.028271 31.843065  -0.259539 0.738225 0.622626  0.303019 0.297749 1 0 1.000000
0  15.128757 -33.120312 32.074291  -0.171420 0.699560 0.693708  0.275831 0.288541 1 0 1.000000
CARSKIN_SKIN1_DMG
0  21.305784 -31.028271 31.843065  -0.259539 0.738225 0.622626  0.303019 0.297749 1 0 1.000000
0  21.371847 -31.160398 31.942162  -0.155726 0.505796 0.848481  0.303310 0.297167 1 0 1.000000
0  25.710081 -29.233521 31.754982  -0.217490 0.475173 0.852589  0.322404 0.305648 1 0 1.000000
CARSKIN_SKIN1_DMG
0  25.710081 -29.233521 31.754982  -0.217490 0.475173 0.852589  0.322404 0.305648 1 0 1.000000
0  25.610983 -29.112404 31.655884  -0.387475 0.759448 0.522591  0.321968 0.306181 1 0 1.000000
0  21.305784 -31.028271 31.843065  -0.259539 0.738225 0.622626  0.303019 0.297749 1 0 1.000000
CARSKIN_SKIN1_DMG
0  26.271627 -28.705006 31.633863  -0.459355 0.600342 0.654662  0.324876 0.307975 1 0 1.000000
0  25.610983 -29.112404 31.655884  -0.387475 0.759448 0.522591  0.321968 0.306181 1 0 1.000000
0  25.710081 -29.233521 31.754982  -0.217490 0.475173 0.852589  0.322404 0.305648 1 0 1.000000
CARSKIN_SKIN1_DMG
0  25.710081 -29.233521 31.754982  -0.217490 0.475173 0.852589  0.322404 0.305648 1 0 1.000000
0  26.381735 -28.815113 31.721949  -0.309015 0.395680 0.864839  0.325361 0.307490 1 0 1.000000
0  26.271627 -28.705006 31.633863  -0.459355 0.600342 0.654662  0.324876 0.307975 1 0 1.000000
CARSKIN_SKIN1_DMG
0  26.811155 -28.176491 31.622852  -0.584419 0.445105 0.678481  0.327251 0.310301 1 0 1.000000
0  26.271627 -28.705006 31.633863  -0.459355 0.600342 0.654662  0.324876 0.307975 1 0 1.000000
0  26.381735 -28.815113 31.721949  -0.309015 0.395680 0.864839  0.325361 0.307490 1 0 1.000000
CARSKIN_SKIN1_DMG
0  24.531929 -48.072899 29.773048  -0.842807 0.381893 0.379256  0.317219 0.222727 1 0 1.000000
0  24.179585 -48.821629 29.883156  -0.707671 0.590036 0.388664  0.315668 0.219431 1 0 1.000000
0  24.267672 -48.876682 30.125391  -0.594010 0.440332 0.673246  0.316056 0.219189 1 0 1.000000
CARSKIN_SKIN1_DMG
0  23.739155 -49.405197 30.125391  -0.468960 0.596171 0.651657  0.313729 0.216863 1 0 1.000000
0  24.267672 -48.876682 30.125391  -0.594010 0.440332 0.673246  0.316056 0.219189 1 0 1.000000
0  24.179585 -48.821629 29.883156  -0.707671 0.590036 0.388664  0.315668 0.219431 1 0 1.000000
CARSKIN_SKIN1_DMG
0  24.179585 -48.821629 29.883156  -0.707671 0.590036 0.388664  0.315668 0.219431 1 0 1.000000
0  23.684101 -49.350143 29.949219  -0.563908 0.752308 0.340646  0.313487 0.217105 1 0 1.000000
0  23.739155 -49.405197 30.125391  -0.468960 0.596171 0.651657  0.313729 0.216863 1 0 1.000000
CARSKIN_SKIN1_DMG
0  23.100533 -49.812595 30.158424  -0.394951 0.756786 0.520854  0.310918 0.215070 1 0 1.000000
0  23.739155 -49.405197 30.125391  -0.468960 0.596171 0.651657  0.313729 0.216863 1 0 1.000000
0  23.684101 -49.350143 29.949219  -0.563908 0.752308 0.340646  0.313487 0.217105 1 0 1.000000
CARSKIN_SKIN1_DMG
0  23.684101 -49.350143 29.949219  -0.563908 0.752308 0.340646  0.313487 0.217105 1 0 1.000000
0  23.078510 -49.779564 29.993263  -0.460702 0.842880 0.278040  0.310821 0.215215 1 0 1.000000
0  23.100533 -49.812595 30.158424  -0.394951 0.756786 0.520854  0.310918 0.215070 1 0 1.000000
CARSKIN_SKIN1_DMG
0  23.100533 -49.812595 30.158424  -0.394951 0.756786 0.520854  0.310918 0.215070 1 0 1.000000
0  23.078510 -49.779564 29.993263  -0.460702 0.842880 0.278040  0.310821 0.215215 1 0 1.000000
0  18.828365 -51.684422 30.191454  -0.365930 0.877137 0.311007  0.292114 0.206831 1 0 1.000000
CARSKIN_SKIN1_DMG
0  24.851240 -48.205029 30.224487  -0.542662 0.164519 0.823682  0.318624 0.222145 1 0 1.000000
0  25.258638 -46.993847 30.389648  -0.805078 0.115721 0.581771  0.320417 0.227476 1 0 1.000000
0  25.104488 -46.949802 30.202467  -0.838019 0.207041 0.504835  0.319739 0.227670 1 0 1.000000
CARSKIN_SKIN1_DMG
0  25.710079 -42.292259 30.290552  -0.702446 -0.100422 0.704617  0.322404 0.248170 1 0 1.000000
0  25.104488 -46.949802 30.202467  -0.838019 0.207041 0.504835  0.319739 0.227670 1 0 1.000000
0  25.258638 -46.993847 30.389648  -0.805078 0.115721 0.581771  0.320417 0.227476 1 0 1.000000
CARSKIN_SKIN1_DMG
0  25.258638 -46.993847 30.389648  -0.805078 0.115721 0.581771  0.320417 0.227476 1 0 1.000000
0  26.745089 -36.643749 31.094337  -0.495635 0.025073 0.868169  0.326960 0.273032 1 0 1.000000
0  25.710079 -42.292259 30.290552  -0.702446 -0.100422 0.704617  0.322404 0.248170 1 0 1.000000
CARSKIN_SKIN1_DMG
0  25.710079 -42.292259 30.290552  -0.702446 -0.100422 0.704617  0.322404 0.248170 1 0 1.000000
0  26.745089 -36.643749 31.094337  -0.495635 0.025073 0.868169  0.326960 0.273032 1 0 1.000000
0  25.412788 -42.171143 30.191456  -0.415023 -0.229336 0.880432  0.321096 0.248704 1 0 1.000000
CARSKIN_SKIN1_DMG
0  25.710079 -42.292259 30.290552  -0.702446 -0.100422 0.704617  0.322404 0.248170 1 0 1.000000
0  25.412788 -42.171143 30.191456  -0.415023 -0.229336 0.880432  0.321096 0.248704 1 0 1.000000
0  24.399799 -45.375267 28.077394  -0.439650 -0.395376 0.806465  0.316637 0.234601 1 0 1.000000
CARSKIN_SKIN1_DMG
0  24.399799 -45.375267 28.077394  -0.439650 -0.395376 0.806465  0.316637 0.234601 1 0 1.000000
0  24.796186 -45.617504 28.154469  -0.862602 -0.005504 0.505854  0.318382 0.233534 1 0 1.000000
0  25.710079 -42.292259 30.290552  -0.702446 -0.100422 0.704617  0.322404 0.248170 1 0 1.000000
CARSKIN_SKIN1_DMG
0  24.796186 -45.617504 28.154469  -0.862602 -0.005504 0.505854  0.318382 0.233534 1 0 1.000000
0  25.104488 -46.949802 30.202467  -0.838019 0.207041 0.504835  0.319739 0.227670 1 0 1.000000
0  25.710079 -42.292259 30.290552  -0.702446 -0.100422 0.704617  0.322404 0.248170 1 0 1.000000
CARSKIN_SKIN1_DMG
0  24.763155 -47.357201 29.574854  -0.906215 0.318426 0.278171  0.318236 0.225877 1 0 1.000000
0  25.104488 -46.949802 30.202467  -0.838019 0.207041 0.504835  0.319739 0.227670 1 0 1.000000
0  24.796186 -45.617504 28.154469  -0.862602 -0.005504 0.505854  0.318382 0.233534 1 0 1.000000
CARSKIN_SKIN1_DMG
0  25.104488 -46.949802 30.202467  -0.838019 0.207041 0.504835  0.319739 0.227670 1 0 1.000000
0  24.763155 -47.357201 29.574854  -0.906215 0.318426 0.278171  0.318236 0.225877 1 0 1.000000
0  24.531929 -48.072899 29.773048  -0.842807 0.381893 0.379256  0.317219 0.222727 1 0 1.000000
CARSKIN_SKIN1_DMG
0  24.531929 -48.072899 29.773048  -0.842807 0.381893 0.379256  0.317219 0.222727 1 0 1.000000
0  24.708101 -48.127953 30.136402  -0.614398 0.265194 0.743093  0.317994 0.222485 1 0 1.000000
0  25.104488 -46.949802 30.202467  -0.838019 0.207041 0.504835  0.319739 0.227670 1 0 1.000000
CARSKIN_SKIN1_DMG
0  24.267672 -48.876682 30.125391  -0.594010 0.440332 0.673246  0.316056 0.219189 1 0 1.000000
0  24.708101 -48.127953 30.136402  -0.614398 0.265194 0.743093  0.317994 0.222485 1 0 1.000000
0  24.531929 -48.072899 29.773048  -0.842807 0.381893 0.379256  0.317219 0.222727 1 0 1.000000
CARSKIN_SKIN1_DMG
0  24.708101 -48.127953 30.136402  -0.614398 0.265194 0.743093  0.317994 0.222485 1 0 1.000000
0  24.267672 -48.876682 30.125391  -0.594010 0.440332 0.673246  0.316056 0.219189 1 0 1.000000
0  24.399799 -48.964767 30.202467  -0.390727 0.267897 0.880661  0.316637 0.218801 1 0 1.000000
CARSKIN_SKIN1_DMG
0  23.849262 -49.504295 30.213478  -0.317011 0.394629 0.862422  0.314214 0.216427 1 0 1.000000
0  24.399799 -48.964767 30.202467  -0.390727 0.267897 0.880661  0.316637 0.218801 1 0 1.000000
0  24.267672 -48.876682 30.125391  -0.594010 0.440332 0.673246  0.316056 0.219189 1 0 1.000000
CARSKIN_SKIN1_DMG
0  24.267672 -48.876682 30.125391  -0.594010 0.440332 0.673246  0.316056 0.219189 1 0 1.000000
0  23.739155 -49.405197 30.125391  -0.468960 0.596171 0.651657  0.313729 0.216863 1 0 1.000000
0  23.849262 -49.504295 30.213478  -0.317011 0.394629 0.862422  0.314214 0.216427 1 0 1.000000
CARSKIN_SKIN1_DMG
0  23.188618 -49.933716 30.246510  -0.222514 0.475074 0.851347  0.311306 0.214537 1 0 1.000000
0  23.849262 -49.504295 30.213478  -0.317011 0.394629 0.862422  0.314214 0.216427 1 0 1.000000
0  23.739155 -49.405197 30.125391  -0.468960 0.596171 0.651657  0.313729 0.216863 1 0 1.000000
CARSKIN_SKIN1_DMG
0  23.739155 -49.405197 30.125391  -0.468960 0.596171 0.651657  0.313729 0.216863 1 0 1.000000
0  23.100533 -49.812595 30.158424  -0.394951 0.756786 0.520854  0.310918 0.215070 1 0 1.000000
0  23.188618 -49.933716 30.246510  -0.222514 0.475074 0.851347  0.311306 0.214537 1 0 1.000000
CARSKIN_SKIN1_DMG
0  23.188618 -49.933716 30.246510  -0.222514 0.475074 0.851347  0.311306 0.214537 1 0 1.000000
0  23.100533 -49.812595 30.158424  -0.394951 0.756786 0.520854  0.310918 0.215070 1 0 1.000000
0  18.850386 -51.728466 30.345604  -0.282944 0.730298 0.621778  0.292211 0.206637 1 0 1.000000
CARSKIN_SKIN1_DMG
0  18.828365 -51.684422 30.191454  -0.365930 0.877137 0.311007  0.292114 0.206831 1 0 1.000000
0  18.850386 -51.728466 30.345604  -0.282944 0.730298 0.621778  0.292211 0.206637 1 0 1.000000
0  23.100533 -49.812595 30.158424  -0.394951 0.756786 0.520854  0.310918 0.215070 1 0 1.000000
CARSKIN_SKIN1_DMG
0  25.104488 -46.949802 30.202467  -0.838019 0.207041 0.504835  0.319739 0.227670 1 0 1.000000
0  24.708101 -48.127953 30.136402  -0.614398 0.265194 0.743093  0.317994 0.222485 1 0 1.000000
0  24.851240 -48.205029 30.224487  -0.542662 0.164519 0.823682  0.318624 0.222145 1 0 1.000000
CARSKIN_SKIN1_DMG
0  24.399799 -48.964767 30.202467  -0.390727 0.267897 0.880661  0.316637 0.218801 1 0 1.000000
0  24.851240 -48.205029 30.224487  -0.542662 0.164519 0.823682  0.318624 0.222145 1 0 1.000000
0  24.708101 -48.127953 30.136402  -0.614398 0.265194 0.743093  0.317994 0.222485 1 0 1.000000
CARSKIN_SKIN1_DMG
0  18.850386 -51.728466 30.345604  -0.282944 0.730298 0.621778  0.292211 0.206637 1 0 1.000000
0  18.828365 -51.684422 30.191454  -0.365930 0.877137 0.311007  0.292114 0.206831 1 0 1.000000
0  12.970650 -53.985668 30.356615  -0.197786 0.923024 0.330010  0.266332 0.196702 1 0 1.000000
CARSKIN_SKIN1_DMG
0  12.970650 -53.985668 30.356615  -0.197786 0.923024 0.330010  0.266332 0.196702 1 0 1.000000
0  12.981661 -54.040722 30.510765  0.030551 0.729540 0.683255  0.266380 0.196460 1 0 1.000000
0  18.850386 -51.728466 30.345604  -0.282944 0.730298 0.621778  0.292211 0.206637 1 0 1.000000
CARSKIN_SKIN1_DMG
0  12.981661 -54.040722 30.510765  0.030551 0.729540 0.683255  0.266380 0.196460 1 0 1.000000
0  12.970650 -53.985668 30.356615  -0.197786 0.923024 0.330010  0.266332 0.196702 1 0 1.000000
0  12.838521 -54.095776 30.708960  0.462678 0.710238 0.530557  0.265750 0.196217 1 0 1.000000
CARSKIN_SKIN1_DMG
0  12.838521 -54.095776 30.708960  0.462678 0.710238 0.530557  0.265750 0.196217 1 0 1.000000
0  12.970650 -54.205883 30.609861  0.311200 0.464203 0.829259  0.266332 0.195733 1 0 1.000000
0  12.981661 -54.040722 30.510765  0.030551 0.729540 0.683255  0.266380 0.196460 1 0 1.000000
CARSKIN_SKIN1_DMG
0  12.981661 -54.040722 30.510765  0.030551 0.729540 0.683255  0.266380 0.196460 1 0 1.000000
0  12.970650 -54.205883 30.609861  0.311200 0.464203 0.829259  0.266332 0.195733 1 0 1.000000
0  18.927462 -51.860596 30.433691  -0.177948 0.501318 0.846767  0.292551 0.206055 1 0 1.000000
CARSKIN_SKIN1_DMG
0  18.927462 -51.860596 30.433691  -0.177948 0.501318 0.846767  0.292551 0.206055 1 0 1.000000
0  18.850386 -51.728466 30.345604  -0.282944 0.730298 0.621778  0.292211 0.206637 1 0 1.000000
0  12.981661 -54.040722 30.510765  0.030551 0.729540 0.683255  0.266380 0.196460 1 0 1.000000
CARSKIN_SKIN1_DMG
0  18.850386 -51.728466 30.345604  -0.282944 0.730298 0.621778  0.292211 0.206637 1 0 1.000000
0  18.927462 -51.860596 30.433691  -0.177948 0.501318 0.846767  0.292551 0.206055 1 0 1.000000
0  23.188618 -49.933716 30.246510  -0.222514 0.475074 0.851347  0.311306 0.214537 1 0 1.000000
CARSKIN_SKIN1_DMG
0  11.704414 -65.051460 29.497778  0.550413 -0.229037 0.802862  0.260758 0.147996 1 0 1.000000
0  11.572286 -64.886299 29.618895  0.274448 -0.163706 0.947564  0.260177 0.148723 1 0 1.000000
0  11.308028 -67.539894 29.057348  0.579860 -0.312650 0.752338  0.259014 0.137043 1 0 1.000000
CARSKIN_SKIN1_DMG
0  11.308028 -67.539894 29.057348  0.579860 -0.312650 0.752338  0.259014 0.137043 1 0 1.000000
0  11.550264 -67.429787 28.903196  0.633032 -0.387664 0.670065  0.260080 0.137528 1 0 1.000000
0  11.704414 -65.051460 29.497778  0.550413 -0.229037 0.802862  0.260758 0.147996 1 0 1.000000
CARSKIN_SKIN1_DMG
0  11.550264 -67.429787 28.903196  0.633032 -0.387664 0.670065  0.260080 0.137528 1 0 1.000000
0  11.308028 -67.539894 29.057348  0.579860 -0.312650 0.752338  0.259014 0.137043 1 0 1.000000
0  11.109835 -71.690941 26.161522  0.643388 -0.461054 0.611131  0.258141 0.118772 1 0 1.000000
CARSKIN_SKIN1_DMG
0  11.109835 -71.690941 26.161522  0.643388 -0.461054 0.611131  0.258141 0.118772 1 0 1.000000
0  11.484200 -71.261520 26.073437  0.665749 -0.452125 0.593600  0.259789 0.120662 1 0 1.000000
0  11.550264 -67.429787 28.903196  0.633032 -0.387664 0.670065  0.260080 0.137528 1 0 1.000000
CARSKIN_SKIN1_DMG
0  30.929173 -14.214869 32.008228  0.088495 -0.029477 0.995640  0.345376 0.371753 1 0 1.000000
0  30.863108 -15.117749 31.986206  0.089733 -0.037484 0.995260  0.345085 0.367779 1 0 1.000000
0  31.347580 -15.040674 31.953175  0.096341 -0.043692 0.994389  0.347218 0.368118 1 0 1.000000
CARSKIN_SKIN1_DMG
0  31.347580 -15.040674 31.953175  0.096341 -0.043692 0.994389  0.347218 0.368118 1 0 1.000000
0  30.863108 -15.117749 31.986206  0.089733 -0.037484 0.995260  0.345085 0.367779 1 0 1.000000
0  29.596872 -26.161524 31.556787  0.104950 -0.056386 0.992878  0.339512 0.319170 1 0 1.000000
CARSKIN_SKIN1_DMG
0  29.596872 -26.161524 31.556787  0.104950 -0.056386 0.992878  0.339512 0.319170 1 0 1.000000
0  30.257517 -25.434816 31.523756  0.117478 -0.060009 0.991261  0.342420 0.322368 1 0 1.000000
0  31.347580 -15.040674 31.953175  0.096341 -0.043692 0.994389  0.347218 0.368118 1 0 1.000000
CARSKIN_SKIN1_DMG
0  28.605904 -38.493553 30.841089  0.039274 -0.065679 0.997068  0.335150 0.264890 1 0 1.000000
0  30.257517 -25.434816 31.523756  0.117478 -0.060009 0.991261  0.342420 0.322368 1 0 1.000000
0  29.596872 -26.161524 31.556787  0.104950 -0.056386 0.992878  0.339512 0.319170 1 0 1.000000
CARSKIN_SKIN1_DMG
0  29.596872 -26.161524 31.556787  0.104950 -0.056386 0.992878  0.339512 0.319170 1 0 1.000000
0  28.165474 -36.974072 30.940186  0.002900 -0.067048 0.997746  0.333212 0.271578 1 0 1.000000
0  28.605904 -38.493553 30.841089  0.039274 -0.065679 0.997068  0.335150 0.264890 1 0 1.000000
CARSKIN_SKIN1_DMG
0  27.449776 -47.192039 30.202467  0.007596 -0.081396 0.996653  0.330062 0.226604 1 0 1.000000
0  28.605904 -38.493553 30.841089  0.039274 -0.065679 0.997068  0.335150 0.264890 1 0 1.000000
0  28.165474 -36.974072 30.940186  0.002900 -0.067048 0.997746  0.333212 0.271578 1 0 1.000000
CARSKIN_SKIN1_DMG
0  28.165474 -36.974072 30.940186  0.002900 -0.067048 0.997746  0.333212 0.271578 1 0 1.000000
0  26.833174 -47.136986 30.224487  0.016140 -0.081794 0.996519  0.327348 0.226846 1 0 1.000000
0  27.449776 -47.192039 30.202467  0.007596 -0.081396 0.996653  0.330062 0.226604 1 0 1.000000
CARSKIN_SKIN1_DMG
0  27.449776 -47.192039 30.202467  0.007596 -0.081396 0.996653  0.330062 0.226604 1 0 1.000000
0  26.833174 -47.136986 30.224487  0.016140 -0.081794 0.996519  0.327348 0.226846 1 0 1.000000
0  25.886250 -53.996677 29.607887  0.017770 -0.098424 0.994986  0.323180 0.196654 1 0 1.000000
CARSKIN_SKIN1_DMG
0  25.886250 -53.996677 29.607887  0.017770 -0.098424 0.994986  0.323180 0.196654 1 0 1.000000
0  26.491840 -54.062744 29.585865  0.019152 -0.105312 0.994255  0.325845 0.196363 1 0 1.000000
0  27.449776 -47.192039 30.202467  0.007596 -0.081396 0.996653  0.330062 0.226604 1 0 1.000000
CARSKIN_SKIN1_DMG
0  26.491840 -54.062744 29.585865  0.019152 -0.105312 0.994255  0.325845 0.196363 1 0 1.000000
0  25.886250 -53.996677 29.607887  0.017770 -0.098424 0.994986  0.323180 0.196654 1 0 1.000000
0  25.060444 -59.744286 28.980274  0.022199 -0.124550 0.991965  0.319545 0.171355 1 0 1.000000
CARSKIN_SKIN1_DMG
0  25.060444 -59.744286 28.980274  0.022199 -0.124550 0.991965  0.319545 0.171355 1 0 1.000000
0  25.677046 -59.777317 28.958252  0.018529 -0.124453 0.992053  0.322259 0.171210 1 0 1.000000
0  26.491840 -54.062744 29.585865  0.019152 -0.105312 0.994255  0.325845 0.196363 1 0 1.000000
CARSKIN_SKIN1_DMG
0  24.774166 -65.690086 28.154469  0.048745 -0.155028 0.986707  0.318285 0.145185 1 0 1.000000
0  25.677046 -59.777317 28.958252  0.018529 -0.124453 0.992053  0.322259 0.171210 1 0 1.000000
0  25.060444 -59.744286 28.980274  0.022199 -0.124550 0.991965  0.319545 0.171355 1 0 1.000000
CARSKIN_SKIN1_DMG
0  25.060444 -59.744286 28.980274  0.022199 -0.124550 0.991965  0.319545 0.171355 1 0 1.000000
0  24.157564 -65.624023 28.187502  0.032597 -0.147697 0.988495  0.315571 0.145476 1 0 1.000000
0  24.774166 -65.690086 28.154469  0.048745 -0.155028 0.986707  0.318285 0.145185 1 0 1.000000
CARSKIN_SKIN1_DMG
0  24.774166 -65.690086 28.154469  0.048745 -0.155028 0.986707  0.318285 0.145185 1 0 1.000000
0  24.157564 -65.624023 28.187502  0.032597 -0.147697 0.988495  0.315571 0.145476 1 0 1.000000
0  23.309736 -69.466766 27.603931  0.088651 -0.177164 0.980181  0.311839 0.128562 1 0 1.000000
CARSKIN_SKIN1_DMG
0  23.309736 -69.466766 27.603931  0.088651 -0.177164 0.980181  0.311839 0.128562 1 0 1.000000
0  23.651070 -72.582809 26.965309  0.115056 -0.202976 0.972401  0.313342 0.114847 1 0 1.000000
0  24.774166 -65.690086 28.154469  0.048745 -0.155028 0.986707  0.318285 0.145185 1 0 1.000000
CARSKIN_SKIN1_DMG
0  23.651070 -72.582809 26.965309  0.115056 -0.202976 0.972401  0.313342 0.114847 1 0 1.000000
0  23.309736 -69.466766 27.603931  0.088651 -0.177164 0.980181  0.311839 0.128562 1 0 1.000000
0  22.395845 -71.283539 27.372705  0.116638 -0.191294 0.974578  0.307817 0.120566 1 0 1.000000
CARSKIN_SKIN1_DMG
0  21.140621 -72.847069 27.196533  0.118736 -0.225223 0.967045  0.302292 0.113684 1 0 1.000000
0  23.651070 -72.582809 26.965309  0.115056 -0.202976 0.972401  0.313342 0.114847 1 0 1.000000
0  22.395845 -71.283539 27.372705  0.116638 -0.191294 0.974578  0.307817 0.120566 1 0 1.000000
CARSKIN_SKIN1_DMG
0  22.682125 -77.889984 25.743116  0.118902 -0.260025 0.958253  0.309077 0.091487 1 0 1.000000
0  23.651070 -72.582809 26.965309  0.115056 -0.202976 0.972401  0.313342 0.114847 1 0 1.000000
0  21.140621 -72.847069 27.196533  0.118736 -0.225223 0.967045  0.302292 0.113684 1 0 1.000000
CARSKIN_SKIN1_DMG
0  -16.361965 -28.870165 29.993261  -0.655850 -0.451311 0.605128  0.137224 0.307248 1 0 1.000000
0  -16.009621 -29.310595 30.081347  -0.685347 -0.431568 0.586557  0.138775 0.305309 1 0 1.000000
0  -16.042652 -26.150513 32.360569  -0.624409 -0.325319 0.710128  0.138630 0.319218 1 0 1.000000
CARSKIN_SKIN1_DMG
0  -16.042652 -26.150513 32.360569  -0.624409 -0.325319 0.710128  0.138630 0.319218 1 0 1.000000
0  -16.295900 -25.996361 32.228443  -0.585586 -0.266590 0.765519  0.137515 0.319897 1 0 1.000000
0  -16.361965 -28.870165 29.993261  -0.655850 -0.451311 0.605128  0.137224 0.307248 1 0 1.000000
CARSKIN_SKIN1_DMG
0  -16.295900 -25.996361 32.228443  -0.585586 -0.266590 0.765519  0.137515 0.319897 1 0 1.000000
0  -16.042652 -26.150513 32.360569  -0.624409 -0.325319 0.710128  0.138630 0.319218 1 0 1.000000
0  -15.789407 -22.748192 32.690891  -0.508677 -0.045806 0.859738  0.139745 0.334193 1 0 1.000000
CARSKIN_SKIN1_DMG
0  -13.873538 -43.745678 31.512743  -0.636503 -0.186524 0.748380  0.148177 0.241773 1 0 1.000000
0  -14.016677 -43.778709 31.358593  -0.691787 -0.170776 0.701617  0.147547 0.241628 1 0 1.000000
0  -14.005668 -46.696556 30.664915  -0.643159 -0.282497 0.711718  0.147596 0.228785 1 0 1.000000
CARSKIN_SKIN1_DMG
0  -14.005668 -46.696556 30.664915  -0.643159 -0.282497 0.711718  0.147596 0.228785 1 0 1.000000
0  -13.763432 -46.839695 30.808056  -0.644409 -0.368574 0.669993  0.148662 0.228155 1 0 1.000000
0  -13.873538 -43.745678 31.512743  -0.636503 -0.186524 0.748380  0.148177 0.241773 1 0 1.000000
CARSKIN_SKIN1_DMG
0  -13.763432 -46.839695 30.808056  -0.644409 -0.368574 0.669993  0.148662 0.228155 1 0 1.000000
0  -14.005668 -46.696556 30.664915  -0.643159 -0.282497 0.711718  0.147596 0.228785 1 0 1.000000
0  -14.071732 -49.559349 28.429735  -0.666415 -0.445746 0.597664  0.147305 0.216184 1 0 1.000000
CARSKIN_SKIN1_DMG
0  -14.071732 -49.559349 28.429735  -0.666415 -0.445746 0.597664  0.147305 0.216184 1 0 1.000000
0  -13.719388 -49.999779 28.528831  -0.695661 -0.425969 0.578452  0.148856 0.214246 1 0 1.000000
0  -13.763432 -46.839695 30.808056  -0.644409 -0.368574 0.669993  0.148662 0.228155 1 0 1.000000
CARSKIN_SKIN1_DMG
0  -12.904593 -60.349876 27.460791  -0.653498 -0.469050 0.594081  0.152442 0.168690 1 0 1.000000
0  -12.541239 -60.823338 27.548876  -0.690433 -0.443671 0.571366  0.154041 0.166606 1 0 1.000000
0  -12.596292 -57.762352 29.850121  -0.586182 -0.355748 0.727897  0.153799 0.180079 1 0 1.000000
CARSKIN_SKIN1_DMG
0  -12.596292 -57.762352 29.850121  -0.586182 -0.355748 0.727897  0.153799 0.180079 1 0 1.000000
0  -12.871561 -57.586178 29.706982  -0.585671 -0.366206 0.723106  0.152587 0.180854 1 0 1.000000
0  -12.904593 -60.349876 27.460791  -0.653498 -0.469050 0.594081  0.152442 0.168690 1 0 1.000000
CARSKIN_SKIN1_DMG
0  -12.970657 -54.205883 30.609861  -0.498276 -0.229994 0.835957  0.152151 0.195733 1 0 1.000000
0  -12.871561 -57.586178 29.706982  -0.585671 -0.366206 0.723106  0.152587 0.180854 1 0 1.000000
0  -12.596292 -57.762352 29.850121  -0.586182 -0.355748 0.727897  0.153799 0.180079 1 0 1.000000
CARSKIN_SKIN1_DMG
0  -12.596292 -57.762352 29.850121  -0.586182 -0.355748 0.727897  0.153799 0.180079 1 0 1.000000
0  -12.838529 -54.095776 30.708960  -0.455613 -0.230608 0.859789  0.152733 0.196217 1 0 1.000000
0  -12.970657 -54.205883 30.609861  -0.498276 -0.229994 0.835957  0.152151 0.195733 1 0 1.000000
end
