version 1
nodes
0 "root" -1
1 "steering_wheel" 0
end
skeleton
time 0
0  0.000000 0.000000 0.000000  0.000000 -0.000000 -1.570797
1  19.916300 17.934299 33.308498  0.000000 -0.000000 0.000000
end
triangles
black
0  43.409504 77.473663 23.065205  -0.011881 -0.521081 -0.853424  1.000031 0.355449 1 0 1.000000
0  42.336174 77.681038 22.953529  0.034506 -0.608270 -0.792980  0.500015 0.354472 1 0 1.000000
0  43.435734 77.722801 22.912724  -0.012606 -0.509013 -0.860667  0.000000 0.352519 1 0 1.000000
black
0  37.840443 86.739212 3.190380  0.037550 -0.998886 -0.028573  0.029298 0.009735 1 0 1.000000
0  38.695301 86.728745 4.301840  0.035621 -0.997516 -0.060767  0.029298 0.009735 1 0 1.000000
0  37.595737 86.686981 4.342646  0.039854 -0.997919 -0.050685  0.029298 0.009735 1 0 1.000000
black
0  37.840443 86.739212 3.190380  0.037550 -0.998886 -0.028573  0.029298 0.009735 1 0 1.000000
0  37.595737 86.686981 4.342646  0.039854 -0.997919 -0.050685  0.029298 0.009735 1 0 1.000000
0  35.321251 86.614601 4.261778  0.038270 -0.999002 -0.023036  0.029298 0.009735 1 0 1.000000
black
0  36.175152 86.691879 1.723343  0.039059 -0.999044 -0.019649  0.029298 0.009735 1 0 1.000000
0  37.840443 86.739212 3.190380  0.037558 -0.998887 -0.028540  0.029298 0.009735 1 0 1.000000
0  35.321251 86.614601 4.261778  0.038285 -0.999003 -0.022979  0.029298 0.009735 1 0 1.000000
black
0  35.321251 86.614601 4.261778  0.038285 -0.999003 -0.022979  0.029298 0.009735 1 0 1.000000
0  34.677006 86.634979 1.778942  0.037200 -0.999105 -0.020122  0.029298 0.009735 1 0 1.000000
0  36.175152 86.691879 1.723343  0.039059 -0.999044 -0.019649  0.029298 0.009735 1 0 1.000000
black
0  -33.804039 99.471321 5.464281  0.006515 0.150988 -0.988514  0.580096 0.033174 1 0 1.000000
0  -33.528763 101.095459 5.725794  0.006397 0.157532 -0.987493  0.645528 0.037080 1 0 1.000000
0  -32.881863 103.380257 6.083654  0.000149 0.158452 -0.987367  0.737327 0.045869 1 0 1.000000
black
0  -32.881863 103.380257 6.083654  0.000149 0.158452 -0.987367  0.737327 0.045869 1 0 1.000000
0  -29.055513 103.380257 6.083654  0.007387 0.154200 -0.988012  0.737327 0.088839 1 0 1.000000
0  -33.804039 99.471321 5.464281  0.006515 0.150988 -0.988514  0.580096 0.033174 1 0 1.000000
black
0  -34.492229 95.493576 4.858670  0.028286 0.135408 -0.990386  0.420911 0.023408 1 0 1.000000
0  -33.804039 99.471321 5.464281  0.006515 0.150988 -0.988514  0.580096 0.033174 1 0 1.000000
0  -29.055513 103.380257 6.083654  0.007387 0.154200 -0.988012  0.737327 0.088839 1 0 1.000000
black
0  -35.579575 89.134674 3.964018  0.022149 0.135468 -0.990534  0.166997 0.008759 1 0 1.000000
0  -34.492229 95.493576 4.858670  0.028286 0.135408 -0.990386  0.420911 0.023408 1 0 1.000000
0  -29.055513 103.380257 6.083654  0.007387 0.154200 -0.988012  0.737327 0.088839 1 0 1.000000
black
0  -29.055513 103.380257 6.083654  0.007387 0.154200 -0.988012  0.737327 0.088839 1 0 1.000000
0  -34.657394 84.964226 3.413463  0.045712 -0.387780 -0.920618  0.100589 0.038057 1 0 1.000000
0  -35.579575 89.134674 3.964018  0.022149 0.135468 -0.990534  0.166997 0.008759 1 0 1.000000
black
0  -35.579575 89.134674 3.964018  0.022149 0.135468 -0.990534  0.166997 0.008759 1 0 1.000000
0  -34.657394 84.964226 3.413463  0.045712 -0.387780 -0.920618  0.100589 0.038057 1 0 1.000000
0  -35.868614 87.483009 3.743796  -0.000432 0.130159 -0.991493  0.100589 0.004852 1 0 1.000000
black
0  -35.882378 87.290314 3.730033  -0.000436 0.130156 -0.991493  0.087893 0.003876 1 0 1.000000
0  -35.868614 87.483009 3.743796  -0.000432 0.130159 -0.991493  0.100589 0.004852 1 0 1.000000
0  -34.657394 84.964226 3.413463  0.045712 -0.387780 -0.920618  0.100589 0.038057 1 0 1.000000
black
0  -34.657394 84.964226 3.413463  0.045712 -0.387780 -0.920618  0.100589 0.038057 1 0 1.000000
0  -36.157650 84.964226 3.413463  -0.000031 0.130291 -0.991476  0.000000 0.000946 1 0 1.000000
0  -35.882378 87.290314 3.730033  -0.000436 0.130156 -0.991493  0.087893 0.003876 1 0 1.000000
black
0  -29.220676 107.289185 6.730558  -0.006960 0.160436 -0.987022  0.893582 0.096652 1 0 1.000000
0  -31.739462 105.417305 6.413989  0.001199 0.159610 -0.987179  0.818384 0.061495 1 0 1.000000
0  -30.486952 106.532173 6.606682  0.000700 0.160230 -0.987080  0.863308 0.079073 1 0 1.000000
black
0  -29.220676 107.289185 6.730558  -0.006960 0.160436 -0.987022  0.893582 0.096652 1 0 1.000000
0  -32.881863 103.380257 6.083654  0.000149 0.158452 -0.987367  0.737327 0.045869 1 0 1.000000
0  -31.739462 105.417305 6.413989  0.001199 0.159610 -0.987179  0.818384 0.061495 1 0 1.000000
black
0  -29.220676 107.289185 6.730558  -0.006960 0.160436 -0.987022  0.893582 0.096652 1 0 1.000000
0  -29.055513 103.380257 6.083654  0.007387 0.154200 -0.988012  0.737327 0.078097 1 0 1.000000
0  -32.881863 103.380257 6.083654  0.000149 0.158452 -0.987367  0.737327 0.045869 1 0 1.000000
black
0  -26.288980 107.481888 6.716793  -0.011593 0.160220 -0.987013  0.901395 0.136692 1 0 1.000000
0  -29.055513 103.380257 6.083654  0.007387 0.154200 -0.988012  0.737327 0.078097 1 0 1.000000
0  -29.220676 107.289185 6.730558  -0.006960 0.160436 -0.987022  0.893582 0.096652 1 0 1.000000
black
0  -42.241272 75.508461 25.008940  0.000000 -0.521454 -0.853279  1.000031 0.355449 1 0 1.000000
0  -42.282562 75.756210 24.857536  0.000000 -0.509507 -0.860467  0.000000 0.352519 1 0 1.000000
0  -41.181454 75.756210 24.857536  -0.040772 -0.610255 -0.791155  0.500015 0.354472 1 0 1.000000
black
0  37.595737 86.686981 4.342646  0.039854 -0.997919 -0.050685  0.882839 0.241188 1 0 1.000000
0  38.695301 86.728745 4.301840  0.035621 -0.997516 -0.060767  0.882839 0.241188 1 0 1.000000
0  39.465279 86.631592 6.008705  0.061825 -0.991328 -0.115956  0.875027 0.241188 1 0 1.000000
black
0  39.465279 86.631592 6.008705  0.061825 -0.991328 -0.115956  0.875027 0.241188 1 0 1.000000
0  38.903152 86.387512 7.696136  0.064570 -0.986040 -0.153478  0.866237 0.242164 1 0 1.000000
0  37.595737 86.686981 4.342646  0.039854 -0.997919 -0.050685  0.882839 0.241188 1 0 1.000000
black
0  40.526905 86.212685 9.302448  0.146864 -0.957864 -0.246836  0.858425 0.243141 1 0 1.000000
0  38.903152 86.387512 7.696136  0.064570 -0.986040 -0.153478  0.866237 0.242164 1 0 1.000000
0  39.465279 86.631592 6.008705  0.061825 -0.991328 -0.115956  0.875027 0.241188 1 0 1.000000
black
0  38.903152 86.387512 7.696136  0.064570 -0.986040 -0.153478  0.866237 0.242164 1 0 1.000000
0  40.526905 86.212685 9.302448  0.146864 -0.957864 -0.246836  0.858425 0.243141 1 0 1.000000
0  41.345974 85.481789 12.426144  0.137214 -0.949757 -0.281309  0.842799 0.245094 1 0 1.000000
black
0  41.345974 85.481789 12.426144  0.137214 -0.949757 -0.281309  0.842799 0.245094 1 0 1.000000
0  40.596764 84.927811 13.955239  0.097191 -0.928843 -0.357499  0.835963 0.247047 1 0 1.000000
0  38.903152 86.387512 7.696136  0.064570 -0.986040 -0.153478  0.866237 0.242164 1 0 1.000000
black
0  42.047199 84.443619 15.402702  0.214874 -0.843699 -0.491936  0.828150 0.249000 1 0 1.000000
0  40.596764 84.927811 13.955239  0.097191 -0.928843 -0.357499  0.835963 0.247047 1 0 1.000000
0  41.345974 85.481789 12.426144  0.137214 -0.949757 -0.281309  0.842799 0.245094 1 0 1.000000
black
0  40.596764 84.927811 13.955239  0.097191 -0.928843 -0.357499  0.835963 0.247047 1 0 1.000000
0  42.047199 84.443619 15.402702  0.214874 -0.843699 -0.491936  0.828150 0.249000 1 0 1.000000
0  42.592583 82.890289 18.109581  0.198495 -0.813292 -0.546951  0.815455 0.253883 1 0 1.000000
black
0  42.592583 82.890289 18.109581  0.198495 -0.813292 -0.546951  0.815455 0.253883 1 0 1.000000
0  41.715534 81.822189 19.381725  0.094977 -0.755035 -0.648769  0.809595 0.256813 1 0 1.000000
0  40.596764 84.927811 13.955239  0.097191 -0.928843 -0.357499  0.835963 0.247047 1 0 1.000000
black
0  43.037609 80.837631 20.572262  0.233313 -0.606435 -0.760132  0.802759 0.260720 1 0 1.000000
0  41.715534 81.822189 19.381725  0.094977 -0.755035 -0.648769  0.809595 0.256813 1 0 1.000000
0  42.592583 82.890289 18.109581  0.198495 -0.813292 -0.546951  0.815455 0.253883 1 0 1.000000
black
0  41.715534 81.822189 19.381725  0.094977 -0.755035 -0.648769  0.809595 0.256813 1 0 1.000000
0  43.037609 80.837631 20.572262  0.233313 -0.606435 -0.760132  0.802759 0.260720 1 0 1.000000
0  43.404915 78.011101 22.748590  0.042714 -0.582233 -0.811899  0.792993 0.269509 1 0 1.000000
black
0  43.404915 78.011101 22.748590  0.042714 -0.582233 -0.811899  0.792993 0.269509 1 0 1.000000
0  42.336174 77.681038 22.953529  0.034506 -0.608270 -0.792980  0.792016 0.270486 1 0 1.000000
0  41.715534 81.822189 19.381725  0.094977 -0.755035 -0.648769  0.809595 0.256813 1 0 1.000000
black
0  43.435734 77.722801 22.912724  -0.012606 -0.509013 -0.860667  0.792016 0.270486 1 0 1.000000
0  42.336174 77.681038 22.953529  0.034506 -0.608270 -0.792980  0.792016 0.270486 1 0 1.000000
0  43.404915 78.011101 22.748590  0.042714 -0.582233 -0.811899  0.792993 0.269509 1 0 1.000000
black
0  -37.768024 84.950462 4.941251  -0.000893 -0.999603 -0.028162  0.029298 0.009735 1 0 1.000000
0  -37.478981 84.909172 6.083650  -0.003806 -0.998779 -0.049262  0.029298 0.009735 1 0 1.000000
0  -38.580090 84.909172 6.083650  0.000000 -0.998214 -0.059747  0.029298 0.009735 1 0 1.000000
black
0  -37.768024 84.950462 4.941251  -0.000893 -0.999603 -0.028162  0.029298 0.009735 1 0 1.000000
0  -35.207947 84.922935 5.918484  -0.001192 -0.999767 -0.021541  0.029298 0.009735 1 0 1.000000
0  -37.478981 84.909172 6.083650  -0.003806 -0.998779 -0.049262  0.029298 0.009735 1 0 1.000000
black
0  -35.207947 84.922935 5.918484  -0.001192 -0.999767 -0.021541  0.029298 0.009735 1 0 1.000000
0  -37.768024 84.950462 4.941251  -0.000893 -0.999603 -0.028162  0.029298 0.009735 1 0 1.000000
0  -36.157650 84.964226 3.413463  -0.001837 -0.999833 -0.018193  0.029298 0.009735 1 0 1.000000
black
0  -36.157650 84.964226 3.413463  -0.001837 -0.999833 -0.018193  0.029298 0.009735 1 0 1.000000
0  -34.657394 84.964226 3.413463  0.000000 -0.999821 -0.018928  0.029298 0.009735 1 0 1.000000
0  -35.207947 84.922935 5.918484  -0.001192 -0.999767 -0.021541  0.029298 0.009735 1 0 1.000000
black
0  -42.282562 75.756210 24.857536  0.000000 -0.509507 -0.860467  0.792016 0.270486 1 0 1.000000
0  -42.268799 76.045242 24.692373  -0.050660 -0.585141 -0.809347  0.792993 0.269509 1 0 1.000000
0  -41.181454 75.756210 24.857536  -0.040772 -0.610255 -0.791155  0.792016 0.270486 1 0 1.000000
black
0  -40.851124 79.912888 21.265173  -0.090245 -0.759008 -0.644797  0.809595 0.256813 1 0 1.000000
0  -41.181454 75.756210 24.857536  -0.040772 -0.610255 -0.791155  0.792016 0.270486 1 0 1.000000
0  -42.268799 76.045242 24.692373  -0.050660 -0.585141 -0.809347  0.792993 0.269509 1 0 1.000000
black
0  -42.268799 76.045242 24.692373  -0.050660 -0.585141 -0.809347  0.792993 0.269509 1 0 1.000000
0  -42.089867 78.880600 22.503922  -0.237668 -0.616024 -0.751018  0.802759 0.260720 1 0 1.000000
0  -40.851124 79.912888 21.265173  -0.090245 -0.759008 -0.644797  0.809595 0.256813 1 0 1.000000
black
0  -42.089867 78.880600 22.503922  -0.237668 -0.616024 -0.751018  0.802759 0.260720 1 0 1.000000
0  -41.814590 80.945183 20.026428  -0.187408 -0.821037 -0.539237  0.815455 0.253883 1 0 1.000000
0  -40.851124 79.912888 21.265173  -0.090245 -0.759008 -0.644797  0.809595 0.256813 1 0 1.000000
black
0  -40.052818 83.051041 15.800927  -0.075073 -0.932362 -0.353645  0.835963 0.247047 1 0 1.000000
0  -40.851124 79.912888 21.265173  -0.090245 -0.759008 -0.644797  0.809595 0.256813 1 0 1.000000
0  -41.814590 80.945183 20.026428  -0.187408 -0.821037 -0.539237  0.815455 0.253883 1 0 1.000000
black
0  -41.814590 80.945183 20.026428  -0.187408 -0.821037 -0.539237  0.815455 0.253883 1 0 1.000000
0  -41.429203 82.514259 17.301186  -0.200802 -0.851927 -0.483630  0.828150 0.249000 1 0 1.000000
0  -40.052818 83.051041 15.800927  -0.075073 -0.932362 -0.353645  0.835963 0.247047 1 0 1.000000
black
0  -41.429203 82.514259 17.301186  -0.200802 -0.851927 -0.483630  0.828150 0.249000 1 0 1.000000
0  -40.878651 83.574074 14.300668  -0.111423 -0.954668 -0.276032  0.842799 0.245094 1 0 1.000000
0  -40.052818 83.051041 15.800927  -0.075073 -0.932362 -0.353645  0.835963 0.247047 1 0 1.000000
black
0  -38.648907 84.565079 9.483319  -0.032721 -0.987996 -0.150974  0.866237 0.242164 1 0 1.000000
0  -40.052818 83.051041 15.800927  -0.075073 -0.932362 -0.353645  0.835963 0.247047 1 0 1.000000
0  -40.878651 83.574074 14.300668  -0.111423 -0.954668 -0.276032  0.842799 0.245094 1 0 1.000000
black
0  -40.878651 83.574074 14.300668  -0.111423 -0.954668 -0.276032  0.842799 0.245094 1 0 1.000000
0  -40.204220 84.331093 11.148746  -0.119472 -0.963090 -0.241215  0.858425 0.243141 1 0 1.000000
0  -38.648907 84.565079 9.483319  -0.032721 -0.987996 -0.150974  0.866237 0.242164 1 0 1.000000
black
0  -40.204220 84.331093 11.148746  -0.119472 -0.963090 -0.241215  0.858425 0.243141 1 0 1.000000
0  -39.282047 84.785301 7.817895  -0.028522 -0.993115 -0.113623  0.875027 0.241188 1 0 1.000000
0  -38.648907 84.565079 9.483319  -0.032721 -0.987996 -0.150974  0.866237 0.242164 1 0 1.000000
black
0  -37.478981 84.909172 6.083650  -0.003806 -0.998779 -0.049262  0.882839 0.241188 1 0 1.000000
0  -38.648907 84.565079 9.483319  -0.032721 -0.987996 -0.150974  0.866237 0.242164 1 0 1.000000
0  -39.282047 84.785301 7.817895  -0.028522 -0.993115 -0.113623  0.875027 0.241188 1 0 1.000000
black
0  -39.282047 84.785301 7.817895  -0.028522 -0.993115 -0.113623  0.875027 0.241188 1 0 1.000000
0  -38.580090 84.909172 6.083650  0.000000 -0.998214 -0.059747  0.882839 0.241188 1 0 1.000000
0  -37.478981 84.909172 6.083650  -0.003806 -0.998779 -0.049262  0.882839 0.241188 1 0 1.000000
black
0  25.589401 108.819046 5.421804  -0.031159 0.160544 -0.986537  0.901395 0.136692 1 0 1.000000
0  28.524788 108.737671 5.326641  -0.035885 0.160458 -0.986390  0.893582 0.096652 1 0 1.000000
0  28.484024 104.825294 4.680807  -0.049828 0.153904 -0.986829  0.737327 0.078097 1 0 1.000000
black
0  28.524788 108.737671 5.326641  -0.035885 0.160458 -0.986390  0.893582 0.096652 1 0 1.000000
0  32.304989 104.970421 4.539003  -0.042934 0.159505 -0.986263  0.737327 0.045869 1 0 1.000000
0  28.484024 104.825294 4.680807  -0.049828 0.153904 -0.986829  0.737327 0.078097 1 0 1.000000
black
0  28.524788 108.737671 5.326641  -0.035885 0.160458 -0.986390  0.893582 0.096652 1 0 1.000000
0  31.099239 106.962669 4.914310  -0.043915 0.159452 -0.986228  0.818384 0.061495 1 0 1.000000
0  32.304989 104.970421 4.539003  -0.042934 0.159505 -0.986263  0.737327 0.045869 1 0 1.000000
black
0  28.524788 108.737671 5.326641  -0.035885 0.160458 -0.986390  0.893582 0.096652 1 0 1.000000
0  29.813377 108.029236 5.154858  -0.043465 0.160066 -0.986149  0.863308 0.079073 1 0 1.000000
0  31.099239 106.962669 4.914310  -0.043915 0.159452 -0.986228  0.818384 0.061495 1 0 1.000000
black
0  32.304989 104.970421 4.539003  -0.042934 0.159505 -0.986263  0.737327 0.045869 1 0 1.000000
0  33.024307 102.711800 4.154202  -0.049012 0.157225 -0.986346  0.645528 0.037080 1 0 1.000000
0  33.351055 101.099274 3.880379  -0.049128 0.150603 -0.987373  0.580096 0.033174 1 0 1.000000
black
0  33.351055 101.099274 3.880379  -0.049128 0.150603 -0.987373  0.580096 0.033174 1 0 1.000000
0  28.484024 104.825294 4.680807  -0.049828 0.153904 -0.986829  0.737327 0.088839 1 0 1.000000
0  32.304989 104.970421 4.539003  -0.042934 0.159505 -0.986263  0.737327 0.045869 1 0 1.000000
black
0  34.166584 97.150490 3.244087  -0.070205 0.134219 -0.988462  0.420911 0.023408 1 0 1.000000
0  28.484024 104.825294 4.680807  -0.049828 0.153904 -0.986829  0.737327 0.088839 1 0 1.000000
0  33.351055 101.099274 3.880379  -0.049128 0.150603 -0.987373  0.580096 0.033174 1 0 1.000000
black
0  28.484024 104.825294 4.680807  -0.049828 0.153904 -0.986829  0.737327 0.088839 1 0 1.000000
0  34.166584 97.150490 3.244087  -0.070205 0.134219 -0.988462  0.420911 0.023408 1 0 1.000000
0  35.460236 90.837402 2.300810  -0.064714 0.134063 -0.988858  0.166997 0.008759 1 0 1.000000
black
0  35.460236 90.837402 2.300810  -0.064714 0.134063 -0.988858  0.166997 0.008759 1 0 1.000000
0  34.677006 86.634979 1.778942  -0.064938 -0.389122 -0.918894  0.100589 0.038057 1 0 1.000000
0  28.484024 104.825294 4.680807  -0.049828 0.153904 -0.986829  0.737327 0.088839 1 0 1.000000
black
0  35.460236 90.837402 2.300810  -0.064714 0.134063 -0.988858  0.166997 0.008759 1 0 1.000000
0  35.803310 89.197891 2.067703  -0.041332 0.130080 -0.990642  0.100589 0.004852 1 0 1.000000
0  34.677006 86.634979 1.778942  -0.064938 -0.389122 -0.918894  0.100589 0.038057 1 0 1.000000
black
0  34.677006 86.634979 1.778942  -0.064938 -0.389122 -0.918894  0.100589 0.038057 1 0 1.000000
0  35.803310 89.197891 2.067703  -0.041332 0.130080 -0.990642  0.100589 0.004852 1 0 1.000000
0  35.823845 89.005859 2.053167  -0.041339 0.130071 -0.990643  0.087893 0.003876 1 0 1.000000
black
0  35.823845 89.005859 2.053167  -0.041339 0.130071 -0.990643  0.087893 0.003876 1 0 1.000000
0  36.175152 86.691879 1.723343  -0.041739 0.130241 -0.990603  0.000000 0.000946 1 0 1.000000
0  34.677006 86.634979 1.778942  -0.064938 -0.389122 -0.918894  0.100589 0.038057 1 0 1.000000
black
0  -0.516835 103.723793 5.757082  -0.033479 -0.006175 -0.999420  0.737327 0.499985 1 0 1.000000
0  20.986700 109.016037 5.647715  -0.037064 0.129984 -0.990823  0.916044 0.200171 1 0 1.000000
0  17.296013 104.400352 5.096014  -0.071382 0.087977 -0.993562  0.737327 0.240211 1 0 1.000000
black
0  -0.516835 103.723793 5.757082  -0.033479 -0.006175 -0.999420  0.737327 0.499985 1 0 1.000000
0  12.507965 109.713295 5.934830  -0.027067 0.087302 -0.995814  0.956084 0.317362 1 0 1.000000
0  20.986700 109.016037 5.647715  -0.037064 0.129984 -0.990823  0.916044 0.200171 1 0 1.000000
black
0  -0.516835 103.723793 5.757082  -0.033479 -0.006175 -0.999420  0.737327 0.499985 1 0 1.000000
0  -0.740653 110.270668 6.426510  -0.040695 0.099398 -0.994215  0.999054 0.499985 1 0 1.000000
0  12.507965 109.713295 5.934830  -0.027067 0.087302 -0.995814  0.956084 0.317362 1 0 1.000000
black
0  -0.516835 103.723793 5.757082  -0.033479 -0.006175 -0.999420  0.737327 0.499985 1 0 1.000000
0  -13.908932 108.709946 6.915211  -0.012332 0.193729 -0.980978  0.956084 0.317362 1 0 1.000000
0  -0.740653 110.270668 6.426510  -0.040695 0.099398 -0.994215  0.999054 0.499985 1 0 1.000000
black
0  -0.516835 103.723793 5.757082  -0.033479 -0.006175 -0.999420  0.737327 0.499985 1 0 1.000000
0  -21.691853 107.853508 6.771848  0.003834 0.254577 -0.967045  0.916044 0.200171 1 0 1.000000
0  -13.908932 108.709946 6.915211  -0.012332 0.193729 -0.980978  0.956084 0.317362 1 0 1.000000
black
0  -0.516835 103.723793 5.757082  -0.033479 -0.006175 -0.999420  0.737327 0.499985 1 0 1.000000
0  -17.851740 103.380264 6.083653  0.018666 0.070590 -0.997331  0.737327 0.240211 1 0 1.000000
0  -21.691853 107.853508 6.771848  -0.025978 0.111886 -0.993381  0.916044 0.200171 1 0 1.000000
misc
0  5.913722 113.278305 6.083141  0.998593 0.037929 -0.037060  0.968780 0.641591 1 0 1.000000
0  5.910766 113.773438 6.510225  0.998593 0.037931 -0.037062  0.968780 0.651357 1 0 1.000000
0  5.967668 114.103539 8.381285  0.998593 0.037929 -0.037060  0.965850 0.651357 1 0 1.000000
misc
0  5.967668 114.103539 8.381285  0.998593 0.037929 -0.037060  0.965850 0.651357 1 0 1.000000
0  6.106700 108.244362 6.131069  0.998593 0.037929 -0.037060  0.965850 0.537095 1 0 1.000000
0  5.913722 113.278305 6.083141  0.998593 0.037929 -0.037060  0.968780 0.641591 1 0 1.000000
misc
0  16.618225 113.833130 7.999796  0.082969 0.871094 -0.484058  0.967803 0.150365 1 0 1.000000
0  12.664366 112.486198 7.044664  0.000807 0.463243 -0.886231  0.966826 0.226539 1 0 1.000000
0  9.287563 114.408669 8.271851  0.012326 0.871210 -0.490755  0.965850 0.150365 1 0 1.000000
misc
0  -0.818104 114.479378 8.646893  -0.050497 0.893900 -0.445413  0.961943 0.150365 1 0 1.000000
0  9.287563 114.408669 8.271851  0.012326 0.871210 -0.490755  0.965850 0.150365 1 0 1.000000
0  12.664366 112.486198 7.044664  0.000807 0.463243 -0.886231  0.966826 0.226539 1 0 1.000000
misc
0  -26.288980 107.481888 6.716793  0.381221 0.409468 -0.828858  0.971709 0.226539 1 0 1.000000
0  -27.128574 108.885796 6.826904  -0.101075 0.695410 -0.711470  0.971709 0.150365 1 0 1.000000
0  -26.674368 109.849266 7.707790  -0.274603 0.688208 -0.671538  0.971709 0.150365 1 0 1.000000
misc
0  -26.674368 109.849266 7.707790  -0.274603 0.688208 -0.671538  0.971709 0.150365 1 0 1.000000
0  -25.986174 109.298714 7.501332  0.113348 0.439784 -0.890922  0.970733 0.226539 1 0 1.000000
0  -26.288980 107.481888 6.716793  0.380896 0.409457 -0.829014  0.971709 0.226539 1 0 1.000000
misc
0  -25.986174 109.298714 7.501332  0.113348 0.439784 -0.890922  0.970733 0.226539 1 0 1.000000
0  -26.674368 109.849266 7.707790  -0.274603 0.688208 -0.671538  0.971709 0.150365 1 0 1.000000
0  -25.931118 110.812729 8.437275  -0.216716 0.818640 -0.531848  0.970733 0.150365 1 0 1.000000
misc
0  -25.931118 110.812729 8.437275  -0.216716 0.818640 -0.531848  0.970733 0.150365 1 0 1.000000
0  -25.449385 109.959373 8.148233  0.281451 0.435147 -0.855238  0.970733 0.226539 1 0 1.000000
0  -25.986174 109.298714 7.501332  0.113348 0.439784 -0.890922  0.970733 0.226539 1 0 1.000000
misc
0  -25.449385 109.959373 8.148233  0.281451 0.435147 -0.855238  0.970733 0.226539 1 0 1.000000
0  -25.931118 110.812729 8.437275  -0.216716 0.818640 -0.531848  0.970733 0.150365 1 0 1.000000
0  -24.926359 111.170601 8.740082  -0.137208 0.805452 -0.576559  0.970733 0.150365 1 0 1.000000
misc
0  -24.926359 111.170601 8.740082  -0.137208 0.805452 -0.576559  0.970733 0.150365 1 0 1.000000
0  -24.499678 110.289711 8.506093  0.090721 0.324537 -0.941512  0.970733 0.226539 1 0 1.000000
0  -25.449385 109.959373 8.148233  0.281451 0.435147 -0.855238  0.970733 0.226539 1 0 1.000000
misc
0  -24.499678 110.289711 8.506093  0.090721 0.324537 -0.941512  0.970733 0.226539 1 0 1.000000
0  -24.926359 111.170601 8.740082  -0.137208 0.805452 -0.576559  0.970733 0.150365 1 0 1.000000
0  -23.701376 111.542229 8.877719  -0.193634 0.782558 -0.591701  0.970733 0.150365 1 0 1.000000
misc
0  -23.701376 111.542229 8.877719  -0.193634 0.782558 -0.591701  0.970733 0.150365 1 0 1.000000
0  -23.288460 110.496170 8.492330  -0.187144 0.376763 -0.907208  0.969756 0.226539 1 0 1.000000
0  -24.499678 110.289711 8.506093  0.090721 0.324537 -0.941512  0.970733 0.226539 1 0 1.000000
misc
0  -23.288460 110.496170 8.492330  -0.187144 0.376763 -0.907208  0.969756 0.226539 1 0 1.000000
0  -23.701376 111.542229 8.877719  -0.193634 0.782558 -0.591701  0.970733 0.150365 1 0 1.000000
0  -22.503922 111.872559 8.891482  -0.215257 0.836196 -0.504422  0.969756 0.150365 1 0 1.000000
misc
0  -22.503922 111.872559 8.891482  -0.215257 0.836196 -0.504422  0.969756 0.150365 1 0 1.000000
0  -22.311226 110.317238 7.941776  -0.146789 0.463791 -0.873700  0.969756 0.226539 1 0 1.000000
0  -23.288460 110.496170 8.492330  -0.187144 0.376763 -0.907208  0.969756 0.226539 1 0 1.000000
misc
0  -22.311226 110.317238 7.941776  -0.146789 0.463791 -0.873700  0.969756 0.226539 1 0 1.000000
0  -22.503922 111.872559 8.891482  -0.215257 0.836196 -0.504422  0.969756 0.150365 1 0 1.000000
0  -17.425064 112.836029 8.960301  -0.124055 0.853351 -0.506361  0.967803 0.150365 1 0 1.000000
misc
0  -17.425064 112.836029 8.960301  -0.124055 0.853351 -0.506361  0.967803 0.150365 1 0 1.000000
0  -14.192354 111.466141 8.041370  -0.054918 0.430171 -0.901076  0.966826 0.226539 1 0 1.000000
0  -22.311226 110.317238 7.941776  -0.146789 0.463791 -0.873700  0.969756 0.226539 1 0 1.000000
misc
0  -17.425064 112.836029 8.960301  -0.124055 0.853351 -0.506361  0.967803 0.150365 1 0 1.000000
0  -10.889338 113.642326 9.020657  -0.100414 0.866352 -0.489235  0.965850 0.150365 1 0 1.000000
0  -14.192354 111.466141 8.041370  -0.054918 0.430171 -0.901076  0.966826 0.226539 1 0 1.000000
misc
0  -14.192354 111.466141 8.041370  -0.054918 0.430171 -0.901076  0.966826 0.226539 1 0 1.000000
0  -10.889338 113.642326 9.020657  -0.100414 0.866352 -0.489235  0.965850 0.150365 1 0 1.000000
0  -0.818104 114.479378 8.646893  -0.050497 0.893900 -0.445413  0.961943 0.150365 1 0 1.000000
misc
0  -0.818104 114.479378 8.646893  -0.050497 0.893900 -0.445413  0.961943 0.150365 1 0 1.000000
0  -0.803121 113.007713 7.544470  -0.051041 0.496812 -0.866356  0.961943 0.226539 1 0 1.000000
0  -14.192354 111.466141 8.041370  -0.054918 0.430171 -0.901076  0.966826 0.226539 1 0 1.000000
misc
0  12.664366 112.486198 7.044664  0.000807 0.463243 -0.886231  0.966826 0.226539 1 0 1.000000
0  -0.803121 113.007713 7.544470  -0.051041 0.496812 -0.866356  0.961943 0.226539 1 0 1.000000
0  -0.818104 114.479378 8.646893  -0.050497 0.893900 -0.445413  0.961943 0.150365 1 0 1.000000
misc
0  -0.803121 113.007713 7.544470  -0.051041 0.496812 -0.866356  0.961943 0.226539 1 0 1.000000
0  12.664366 112.486198 7.044664  0.000807 0.463243 -0.886231  0.966826 0.226539 1 0 1.000000
0  12.507965 109.713295 5.934830  -0.009980 0.371652 -0.928318  0.966826 0.371075 1 0 1.000000
misc
0  20.986700 109.016037 5.647715  0.015902 0.404390 -0.914449  0.969756 0.371075 1 0 1.000000
0  12.507965 109.713295 5.934830  -0.009980 0.371652 -0.928318  0.966826 0.371075 1 0 1.000000
0  12.664366 112.486198 7.044664  0.000807 0.463243 -0.886231  0.966826 0.226539 1 0 1.000000
misc
0  12.507965 109.713295 5.934830  -0.009980 0.371652 -0.928318  0.966826 0.371075 1 0 1.000000
0  -0.740653 110.270668 6.426510  -0.048639 0.376730 -0.925045  0.961943 0.371075 1 0 1.000000
0  -0.803121 113.007713 7.544470  -0.051041 0.496812 -0.866356  0.961943 0.226539 1 0 1.000000
misc
0  -0.803121 113.007713 7.544470  -0.051041 0.496812 -0.866356  0.961943 0.226539 1 0 1.000000
0  -0.740653 110.270668 6.426510  -0.048639 0.376730 -0.925045  0.961943 0.371075 1 0 1.000000
0  -13.908932 108.709946 6.915211  -0.050866 0.373099 -0.926396  0.966826 0.371075 1 0 1.000000
misc
0  -13.908932 108.709946 6.915211  -0.050866 0.373099 -0.926396  0.966826 0.371075 1 0 1.000000
0  -14.192354 111.466141 8.041370  -0.054918 0.430171 -0.901076  0.966826 0.226539 1 0 1.000000
0  -0.803121 113.007713 7.544470  -0.051041 0.496812 -0.866356  0.961943 0.226539 1 0 1.000000
misc
0  -14.192354 111.466141 8.041370  -0.054918 0.430171 -0.901076  0.966826 0.226539 1 0 1.000000
0  -13.908932 108.709946 6.915211  -0.050866 0.373099 -0.926396  0.966826 0.371075 1 0 1.000000
0  -21.691853 107.853508 6.771848  -0.042431 0.406828 -0.912519  0.969756 0.371075 1 0 1.000000
misc
0  -21.691853 107.853508 6.771848  -0.042431 0.406828 -0.912519  0.969756 0.371075 1 0 1.000000
0  -22.311226 110.317238 7.941776  -0.146789 0.463791 -0.873700  0.969756 0.226539 1 0 1.000000
0  -14.192354 111.466141 8.041370  -0.054918 0.430171 -0.901076  0.966826 0.226539 1 0 1.000000
misc
0  12.664366 112.486198 7.044664  0.000807 0.463243 -0.886231  0.966826 0.226539 1 0 1.000000
0  21.555210 111.501488 6.797348  0.107182 0.471560 -0.875296  0.969756 0.226539 1 0 1.000000
0  20.986700 109.016037 5.647715  0.015896 0.404383 -0.914451  0.969756 0.371075 1 0 1.000000
misc
0  21.555210 111.501488 6.797348  0.107182 0.471560 -0.875296  0.969756 0.226539 1 0 1.000000
0  12.664366 112.486198 7.044664  0.000807 0.463243 -0.886231  0.966826 0.226539 1 0 1.000000
0  16.618225 113.833130 7.999796  0.082969 0.871094 -0.484058  0.967803 0.150365 1 0 1.000000
misc
0  16.618225 113.833130 7.999796  0.082969 0.871094 -0.484058  0.967803 0.150365 1 0 1.000000
0  21.723906 113.062996 7.741447  0.164492 0.843788 -0.510847  0.969756 0.150365 1 0 1.000000
0  21.555210 111.501488 6.797348  0.107182 0.471560 -0.875296  0.969756 0.226539 1 0 1.000000
misc
0  22.544706 111.717354 7.311560  0.138867 0.383598 -0.913000  0.969756 0.226539 1 0 1.000000
0  21.555210 111.501488 6.797348  0.107182 0.471560 -0.875296  0.969756 0.226539 1 0 1.000000
0  21.723906 113.062996 7.741447  0.164492 0.843788 -0.510847  0.969756 0.150365 1 0 1.000000
misc
0  21.723906 113.062996 7.741447  0.164492 0.843788 -0.510847  0.969756 0.150365 1 0 1.000000
0  22.931684 112.778320 7.682852  0.141817 0.789234 -0.597492  0.970733 0.150365 1 0 1.000000
0  22.544706 111.717354 7.311560  0.138867 0.383598 -0.913000  0.969756 0.226539 1 0 1.000000
misc
0  23.762550 111.556984 7.280138  -0.137855 0.320877 -0.937035  0.970733 0.226539 1 0 1.000000
0  22.544706 111.717354 7.311560  0.138867 0.383598 -0.913000  0.969756 0.226539 1 0 1.000000
0  22.931684 112.778320 7.682852  0.141817 0.789234 -0.597492  0.970733 0.150365 1 0 1.000000
misc
0  22.931684 112.778320 7.682852  0.141817 0.789234 -0.597492  0.970733 0.150365 1 0 1.000000
0  24.163925 112.453423 7.499388  0.085099 0.810065 -0.580132  0.970733 0.150365 1 0 1.000000
0  23.762550 111.556984 7.280138  -0.137855 0.320877 -0.937035  0.970733 0.226539 1 0 1.000000
misc
0  24.710171 111.262901 6.886862  -0.329273 0.424171 -0.843598  0.970733 0.226539 1 0 1.000000
0  23.762550 111.556984 7.280138  -0.137855 0.320877 -0.937035  0.970733 0.226539 1 0 1.000000
0  24.163925 112.453423 7.499388  0.085099 0.810065 -0.580132  0.970733 0.150365 1 0 1.000000
misc
0  24.163925 112.453423 7.499388  0.085099 0.810065 -0.580132  0.970733 0.150365 1 0 1.000000
0  25.169601 112.133919 7.159050  0.165580 0.826265 -0.538395  0.970733 0.150365 1 0 1.000000
0  24.710171 111.262901 6.886862  -0.329273 0.424171 -0.843598  0.970733 0.226539 1 0 1.000000
misc
0  25.247253 110.623077 6.219584  -0.162898 0.435163 -0.885493  0.970733 0.226539 1 0 1.000000
0  24.710171 111.262901 6.886862  -0.329273 0.424171 -0.843598  0.970733 0.226539 1 0 1.000000
0  25.169601 112.133919 7.159050  0.165580 0.826265 -0.538395  0.970733 0.150365 1 0 1.000000
misc
0  25.169601 112.133919 7.159050  0.165580 0.826265 -0.538395  0.970733 0.150365 1 0 1.000000
0  25.921272 111.199333 6.401171  0.223259 0.698154 -0.680247  0.971709 0.150365 1 0 1.000000
0  25.247253 110.623077 6.219584  -0.162898 0.435163 -0.885493  0.970733 0.226539 1 0 1.000000
misc
0  25.589401 108.819046 5.421804  -0.427063 0.394697 -0.813530  0.971709 0.226539 1 0 1.000000
0  25.247253 110.623077 6.219584  -0.162898 0.435163 -0.885493  0.970733 0.226539 1 0 1.000000
0  25.921272 111.199333 6.401171  0.223259 0.698154 -0.680247  0.971709 0.150365 1 0 1.000000
misc
0  25.921272 111.199333 6.401171  0.223259 0.698154 -0.680247  0.971709 0.150365 1 0 1.000000
0  26.378689 110.253784 5.502701  0.048095 0.698727 -0.713769  0.971709 0.150365 1 0 1.000000
0  25.589401 108.819046 5.421804  -0.427063 0.394697 -0.813530  0.971709 0.226539 1 0 1.000000
misc
0  5.362912 114.080574 8.403728  -0.043762 0.984074 -0.172288  0.987335 0.590808 1 0 1.000000
0  5.967668 114.103539 8.381285  -0.043762 0.984074 -0.172289  0.994171 0.590808 1 0 1.000000
0  5.910766 113.773438 6.510225  -0.051285 0.868923 -0.492283  0.994171 0.496078 1 0 1.000000
misc
0  5.910766 113.773438 6.510225  -0.051285 0.868923 -0.492283  0.994171 0.496078 1 0 1.000000
0  5.306010 113.750473 6.532669  -0.051283 0.868787 -0.492524  0.987335 0.496078 1 0 1.000000
0  5.362912 114.080574 8.403728  -0.043762 0.984074 -0.172288  0.987335 0.590808 1 0 1.000000
misc
0  5.306010 113.750473 6.532669  -0.051283 0.868787 -0.492524  0.987335 0.496078 1 0 1.000000
0  5.910766 113.773438 6.510225  -0.051285 0.868923 -0.492283  0.994171 0.496078 1 0 1.000000
0  5.913722 113.278305 6.083141  -0.047832 0.342658 -0.938242  0.994171 0.475570 1 0 1.000000
misc
0  5.913722 113.278305 6.083141  -0.047832 0.342658 -0.938242  0.994171 0.475570 1 0 1.000000
0  5.308967 113.255341 6.105585  -0.047833 0.342655 -0.938243  0.987335 0.475570 1 0 1.000000
0  5.306010 113.750473 6.532669  -0.051283 0.868787 -0.492524  0.987335 0.496078 1 0 1.000000
misc
0  5.308967 113.255341 6.105585  -0.047833 0.342655 -0.938243  0.987335 0.475570 1 0 1.000000
0  5.913722 113.278305 6.083141  -0.047832 0.342658 -0.938242  0.994171 0.475570 1 0 1.000000
0  6.106700 108.244362 6.131069  -0.036585 -0.013123 -0.999244  0.994171 0.362285 1 0 1.000000
misc
0  6.106700 108.244362 6.131069  -0.036585 -0.013123 -0.999244  0.994171 0.362285 1 0 1.000000
0  5.501942 108.221397 6.153513  -0.036583 -0.013171 -0.999244  0.987335 0.362285 1 0 1.000000
0  5.308967 113.255341 6.105585  -0.047833 0.342655 -0.938243  0.987335 0.475570 1 0 1.000000
misc
0  19.138494 112.678108 6.019316  -0.998593 -0.037928 0.037060  0.965850 0.651357 1 0 1.000000
0  19.141451 112.182961 5.592236  -0.998593 -0.037928 0.037061  0.965850 0.641591 1 0 1.000000
0  19.333904 107.162773 5.640184  -0.998593 -0.037928 0.037060  0.965850 0.537095 1 0 1.000000
misc
0  19.333904 107.162773 5.640184  -0.998593 -0.037928 0.037060  0.965850 0.537095 1 0 1.000000
0  19.195396 113.008202 7.890379  -0.998593 -0.037928 0.037060  0.968780 0.651357 1 0 1.000000
0  19.138494 112.678108 6.019316  -0.998593 -0.037928 0.037060  0.965850 0.651357 1 0 1.000000
misc
0  19.746210 112.205933 5.569792  0.998593 0.037929 -0.037059  0.968780 0.641591 1 0 1.000000
0  19.743254 112.701080 5.996872  0.998593 0.037934 -0.037058  0.968780 0.651357 1 0 1.000000
0  19.800154 113.031174 7.867935  0.998593 0.037929 -0.037059  0.965850 0.651357 1 0 1.000000
misc
0  19.800154 113.031174 7.867935  0.998593 0.037929 -0.037059  0.965850 0.651357 1 0 1.000000
0  19.938662 107.185745 5.617741  0.998593 0.037928 -0.037059  0.965850 0.537095 1 0 1.000000
0  19.746210 112.205933 5.569792  0.998593 0.037929 -0.037059  0.968780 0.641591 1 0 1.000000
misc
0  -7.009046 113.282730 6.989702  0.998593 0.037928 -0.037059  0.965850 0.651357 1 0 1.000000
0  -6.952146 113.612831 8.860764  0.998593 0.037928 -0.037059  0.968780 0.651357 1 0 1.000000
0  -6.813115 107.753654 6.610550  0.998593 0.037928 -0.037059  0.965850 0.537095 1 0 1.000000
misc
0  -6.813115 107.753654 6.610550  0.998593 0.037928 -0.037061  0.965850 0.537095 1 0 1.000000
0  -7.006090 112.787598 6.562622  0.998593 0.037928 -0.037061  0.965850 0.641591 1 0 1.000000
0  -7.009046 113.282730 6.989702  0.998593 0.037928 -0.037061  0.965850 0.651357 1 0 1.000000
misc
0  -7.610847 112.764626 6.585066  -0.998593 -0.037928 0.037060  0.968780 0.641591 1 0 1.000000
0  -7.417871 107.730682 6.632994  -0.998593 -0.037928 0.037060  0.965850 0.537095 1 0 1.000000
0  -7.556902 113.589859 8.883209  -0.998593 -0.037928 0.037060  0.965850 0.651357 1 0 1.000000
misc
0  -7.556902 113.589859 8.883209  -0.998593 -0.037924 0.037059  0.965850 0.651357 1 0 1.000000
0  -7.613802 113.259758 7.012146  -0.998593 -0.037924 0.037059  0.968780 0.651357 1 0 1.000000
0  -7.610847 112.764626 6.585066  -0.998593 -0.037924 0.037059  0.968780 0.641591 1 0 1.000000
misc
0  -20.576982 111.583519 7.074653  -0.000192 0.869808 -0.493390  0.993194 0.495102 1 0 1.000000
0  -20.576982 111.913849 8.946538  -0.000036 0.984951 -0.172833  0.993194 0.589831 1 0 1.000000
0  -19.971373 111.913849 8.946538  -0.000024 0.984901 -0.173116  0.986358 0.589831 1 0 1.000000
misc
0  -19.971373 111.913849 8.946538  -0.000027 0.984916 -0.173035  0.986358 0.589831 1 0 1.000000
0  -19.971373 111.583519 7.074653  -0.000026 0.869651 -0.493667  0.986358 0.495102 1 0 1.000000
0  -20.576982 111.583519 7.074653  -0.000027 0.869723 -0.493540  0.993194 0.495102 1 0 1.000000
misc
0  -20.576982 111.088013 6.647974  0.000000 0.342884 -0.939378  0.993194 0.474593 1 0 1.000000
0  -20.576982 111.583519 7.074653  -0.000027 0.869723 -0.493540  0.993194 0.495102 1 0 1.000000
0  -19.971373 111.583519 7.074653  -0.000026 0.869651 -0.493667  0.986358 0.495102 1 0 1.000000
misc
0  -19.971373 111.583519 7.074653  -0.000026 0.869651 -0.493667  0.986358 0.495102 1 0 1.000000
0  -19.971373 111.088013 6.647974  0.000021 0.342621 -0.939474  0.986358 0.474593 1 0 1.000000
0  -20.576982 111.088013 6.647974  0.000000 0.342884 -0.939378  0.993194 0.474593 1 0 1.000000
misc
0  -20.576982 106.064209 6.703027  -0.000000 -0.013163 -0.999913  0.993194 0.361309 1 0 1.000000
0  -20.576982 111.088013 6.647974  0.000000 0.342884 -0.939378  0.993194 0.474593 1 0 1.000000
0  -19.971373 111.088013 6.647974  0.000021 0.342621 -0.939474  0.986358 0.474593 1 0 1.000000
misc
0  -19.971373 111.088013 6.647974  0.000021 0.342419 -0.939547  0.986358 0.474593 1 0 1.000000
0  -19.971373 106.064209 6.703027  -0.000000 -0.013163 -0.999913  0.986358 0.361309 1 0 1.000000
0  -20.576982 106.064209 6.703027  0.000000 -0.013163 -0.999913  0.993194 0.361309 1 0 1.000000
misc
0  -19.971373 111.583519 7.074653  1.000000 0.000000 0.000000  0.965850 0.651357 1 0 1.000000
0  -19.971373 111.913849 8.946538  1.000000 0.000000 0.000000  0.968780 0.651357 1 0 1.000000
0  -19.971373 106.064209 6.703027  1.000000 0.000000 0.000000  0.965850 0.537095 1 0 1.000000
misc
0  -19.971373 106.064209 6.703027  1.000000 0.000000 0.000000  0.965850 0.537095 1 0 1.000000
0  -19.971373 111.088013 6.647974  1.000000 0.000000 0.000000  0.965850 0.641591 1 0 1.000000
0  -19.971373 111.583519 7.074653  1.000000 0.000000 0.000000  0.965850 0.651357 1 0 1.000000
misc
0  -20.576982 111.088013 6.647974  -1.000000 0.000000 0.000000  0.968780 0.641591 1 0 1.000000
0  -20.576982 106.064209 6.703027  -1.000000 0.000000 0.000000  0.965850 0.537095 1 0 1.000000
0  -20.576982 111.913849 8.946538  -1.000000 0.000000 0.000000  0.965850 0.651357 1 0 1.000000
misc
0  -20.576982 111.913849 8.946538  -1.000000 0.000002 0.000000  0.965850 0.651357 1 0 1.000000
0  -20.576982 111.583519 7.074653  -1.000000 0.000002 0.000000  0.968780 0.651357 1 0 1.000000
0  -20.576982 111.088013 6.647974  -1.000000 0.000002 0.000000  0.968780 0.641591 1 0 1.000000
misc
0  5.306010 113.750473 6.532669  -0.998593 -0.037928 0.037060  0.965850 0.651357 1 0 1.000000
0  5.308967 113.255341 6.105585  -0.998593 -0.037928 0.037057  0.965850 0.641591 1 0 1.000000
0  5.501942 108.221397 6.153513  -0.998593 -0.037928 0.037060  0.965850 0.537095 1 0 1.000000
misc
0  5.501942 108.221397 6.153513  -0.998593 -0.037928 0.037060  0.965850 0.537095 1 0 1.000000
0  5.362912 114.080574 8.403728  -0.998593 -0.037928 0.037061  0.968780 0.651357 1 0 1.000000
0  5.306010 113.750473 6.532669  -0.998593 -0.037928 0.037060  0.965850 0.651357 1 0 1.000000
misc
0  -7.613802 113.259758 7.012146  -0.051522 0.869184 -0.491797  0.994171 0.496078 1 0 1.000000
0  -7.556902 113.589859 8.883209  -0.043775 0.984073 -0.172292  0.994171 0.590808 1 0 1.000000
0  -6.952146 113.612831 8.860764  -0.043775 0.984073 -0.172292  0.987335 0.590808 1 0 1.000000
misc
0  -6.952146 113.612831 8.860764  -0.043774 0.984075 -0.172279  0.987335 0.590808 1 0 1.000000
0  -7.009046 113.282730 6.989702  -0.051287 0.868538 -0.492962  0.987335 0.496078 1 0 1.000000
0  -7.613802 113.259758 7.012146  -0.051295 0.869102 -0.491967  0.994171 0.496078 1 0 1.000000
misc
0  -7.610847 112.764626 6.585066  -0.047836 0.342651 -0.938244  0.994171 0.475570 1 0 1.000000
0  -7.613802 113.259758 7.012146  -0.051295 0.869102 -0.491967  0.994171 0.496078 1 0 1.000000
0  -7.009046 113.282730 6.989702  -0.051287 0.868538 -0.492962  0.987335 0.496078 1 0 1.000000
misc
0  -7.009046 113.282730 6.989702  -0.051287 0.868538 -0.492962  0.987335 0.496078 1 0 1.000000
0  -7.006090 112.787598 6.562622  -0.047801 0.342396 -0.938339  0.987335 0.475570 1 0 1.000000
0  -7.610847 112.764626 6.585066  -0.047836 0.342651 -0.938244  0.994171 0.475570 1 0 1.000000
misc
0  -7.417871 107.730682 6.632994  -0.036583 -0.013219 -0.999243  0.994171 0.362285 1 0 1.000000
0  -7.610847 112.764626 6.585066  -0.047836 0.342651 -0.938244  0.994171 0.475570 1 0 1.000000
0  -7.006090 112.787598 6.562622  -0.047801 0.342396 -0.938339  0.987335 0.475570 1 0 1.000000
misc
0  -7.006090 112.787598 6.562622  -0.047796 0.342202 -0.938410  0.987335 0.475570 1 0 1.000000
0  -6.813115 107.753654 6.610550  -0.036592 -0.012979 -0.999246  0.987335 0.362285 1 0 1.000000
0  -7.417871 107.730682 6.632994  -0.036589 -0.013027 -0.999246  0.994171 0.362285 1 0 1.000000
misc
0  25.596275 111.570877 7.680378  0.723106 0.514032 0.461400  0.991241 0.376934 1 0 1.000000
0  26.462460 110.627235 6.656549  0.873439 0.482576 0.064996  0.988311 0.376934 1 0 1.000000
0  26.320171 110.883858 6.427687  0.763732 0.627247 -0.152563  0.988311 0.298807 1 0 1.000000
misc
0  26.320171 110.883858 6.427687  0.763732 0.627247 -0.152563  0.988311 0.298807 1 0 1.000000
0  25.486393 112.007866 7.395214  0.635657 0.746898 0.195151  0.991241 0.298807 1 0 1.000000
0  25.596275 111.570877 7.680378  0.723106 0.514032 0.461400  0.991241 0.376934 1 0 1.000000
misc
0  24.467865 111.940681 8.107908  0.376728 0.567498 0.732135  0.991241 0.376934 1 0 1.000000
0  25.596275 111.570877 7.680378  0.723106 0.514032 0.461400  0.991241 0.376934 1 0 1.000000
0  25.486393 112.007866 7.395214  0.635657 0.746898 0.195151  0.991241 0.298807 1 0 1.000000
misc
0  25.486393 112.007866 7.395214  0.635657 0.746898 0.195151  0.991241 0.298807 1 0 1.000000
0  24.369667 112.405716 7.794764  0.354869 0.841103 0.408183  0.992218 0.298807 1 0 1.000000
0  24.467865 111.940681 8.107908  0.376728 0.567498 0.732135  0.991241 0.376934 1 0 1.000000
misc
0  23.056911 112.300056 8.339323  0.236104 0.556688 0.796463  0.992218 0.376934 1 0 1.000000
0  24.467865 111.940681 8.107908  0.376728 0.567498 0.732135  0.991241 0.376934 1 0 1.000000
0  24.369667 112.405716 7.794764  0.354869 0.841103 0.408183  0.992218 0.298807 1 0 1.000000
misc
0  24.369667 112.405716 7.794764  0.354869 0.841103 0.408183  0.992218 0.298807 1 0 1.000000
0  23.012657 112.780930 8.010406  0.258575 0.864085 0.431852  0.993194 0.298807 1 0 1.000000
0  23.056911 112.300056 8.339323  0.236104 0.556688 0.796463  0.992218 0.376934 1 0 1.000000
misc
0  21.767687 112.581604 8.428488  0.156048 0.555185 0.816957  0.994171 0.376934 1 0 1.000000
0  23.056911 112.300056 8.339323  0.236104 0.556688 0.796463  0.992218 0.376934 1 0 1.000000
0  23.012657 112.780930 8.010406  0.258575 0.864085 0.431852  0.993194 0.298807 1 0 1.000000
misc
0  9.301344 114.408669 8.643219  0.054998 0.883741 0.464734  0.993194 0.298807 1 0 1.000000
0  9.331343 113.927277 8.958893  0.055733 0.556233 0.829155  0.994171 0.376934 1 0 1.000000
0  16.662531 113.337982 8.686817  0.101961 0.556224 0.824754  0.994171 0.376934 1 0 1.000000
misc
0  16.662531 113.337982 8.686817  0.101961 0.556224 0.824754  0.994171 0.376934 1 0 1.000000
0  16.632008 113.833130 8.371164  0.119896 0.878717 0.462040  0.993194 0.298807 1 0 1.000000
0  9.301344 114.408669 8.643219  0.054998 0.883741 0.464734  0.993194 0.298807 1 0 1.000000
misc
0  16.632008 113.833130 8.371164  0.119896 0.878717 0.462040  0.993194 0.298807 1 0 1.000000
0  16.662531 113.337982 8.686817  0.101961 0.556224 0.824754  0.994171 0.376934 1 0 1.000000
0  21.767687 112.581604 8.428488  0.156048 0.555185 0.816957  0.994171 0.376934 1 0 1.000000
misc
0  21.767687 112.581604 8.428488  0.156048 0.555185 0.816957  0.994171 0.376934 1 0 1.000000
0  21.737688 113.062996 8.112816  0.189247 0.869942 0.455398  0.993194 0.298807 1 0 1.000000
0  16.632008 113.833130 8.371164  0.119896 0.878717 0.462040  0.993194 0.298807 1 0 1.000000
misc
0  23.012657 112.780930 8.010406  0.258575 0.864085 0.431852  0.993194 0.298807 1 0 1.000000
0  21.737688 113.062996 8.112816  0.189247 0.869942 0.455398  0.993194 0.298807 1 0 1.000000
0  21.767687 112.581604 8.428488  0.156048 0.555185 0.816957  0.994171 0.376934 1 0 1.000000
misc
0  21.737688 113.062996 8.112816  0.189247 0.869942 0.455398  0.993194 0.298807 1 0 1.000000
0  23.012657 112.780930 8.010406  0.258575 0.864085 0.431852  0.993194 0.298807 1 0 1.000000
0  22.931684 112.778320 7.682852  0.141817 0.789234 -0.597492  0.992218 0.273415 1 0 1.000000
misc
0  24.163925 112.453423 7.499388  0.085099 0.810065 -0.580132  0.991241 0.273415 1 0 1.000000
0  22.931684 112.778320 7.682852  0.141817 0.789234 -0.597492  0.992218 0.273415 1 0 1.000000
0  23.012657 112.780930 8.010406  0.258575 0.864085 0.431852  0.993194 0.298807 1 0 1.000000
misc
0  23.012657 112.780930 8.010406  0.258575 0.864085 0.431852  0.993194 0.298807 1 0 1.000000
0  24.369667 112.405716 7.794764  0.354869 0.841103 0.408183  0.992218 0.298807 1 0 1.000000
0  24.163925 112.453423 7.499388  0.085099 0.810065 -0.580132  0.991241 0.273415 1 0 1.000000
misc
0  25.169601 112.133919 7.159050  0.165580 0.826265 -0.538395  0.990265 0.273415 1 0 1.000000
0  24.163925 112.453423 7.499388  0.085099 0.810065 -0.580132  0.991241 0.273415 1 0 1.000000
0  24.369667 112.405716 7.794764  0.354869 0.841103 0.408183  0.992218 0.298807 1 0 1.000000
misc
0  24.369667 112.405716 7.794764  0.354869 0.841103 0.408183  0.992218 0.298807 1 0 1.000000
0  25.486393 112.007866 7.395214  0.635657 0.746898 0.195151  0.991241 0.298807 1 0 1.000000
0  25.169601 112.133919 7.159050  0.165580 0.826265 -0.538395  0.990265 0.273415 1 0 1.000000
misc
0  25.921272 111.199333 6.401171  0.223259 0.698154 -0.680247  0.988311 0.273415 1 0 1.000000
0  25.169601 112.133919 7.159050  0.165580 0.826265 -0.538395  0.990265 0.273415 1 0 1.000000
0  25.486393 112.007866 7.395214  0.635657 0.746898 0.195151  0.991241 0.298807 1 0 1.000000
misc
0  25.486393 112.007866 7.395214  0.635657 0.746898 0.195151  0.991241 0.298807 1 0 1.000000
0  26.320171 110.883858 6.427687  0.763732 0.627247 -0.152563  0.988311 0.298807 1 0 1.000000
0  25.921272 111.199333 6.401171  0.223259 0.698154 -0.680247  0.988311 0.273415 1 0 1.000000
misc
0  26.378689 110.253784 5.502701  0.048095 0.698727 -0.713769  0.984405 0.273415 1 0 1.000000
0  25.921272 111.199333 6.401171  0.223259 0.698154 -0.680247  0.988311 0.273415 1 0 1.000000
0  26.320171 110.883858 6.427687  0.763732 0.627247 -0.152563  0.988311 0.298807 1 0 1.000000
misc
0  26.320171 110.883858 6.427687  0.763732 0.627247 -0.152563  0.988311 0.298807 1 0 1.000000
0  26.792393 109.883820 5.501118  0.921725 0.386971 -0.026026  0.984405 0.298807 1 0 1.000000
0  26.378689 110.253784 5.502701  0.048095 0.698727 -0.713769  0.984405 0.273415 1 0 1.000000
misc
0  26.792393 109.883820 5.501118  0.921725 0.386971 -0.026026  0.984405 0.298807 1 0 1.000000
0  26.320171 110.883858 6.427687  0.763732 0.627247 -0.152563  0.988311 0.298807 1 0 1.000000
0  26.462460 110.627235 6.656549  0.873439 0.482576 0.064996  0.988311 0.376934 1 0 1.000000
misc
0  26.462460 110.627235 6.656549  0.873439 0.482576 0.064996  0.988311 0.376934 1 0 1.000000
0  26.921654 109.379089 5.496321  0.962626 0.243898 0.117747  0.984405 0.376934 1 0 1.000000
0  26.792393 109.883820 5.501118  0.921725 0.386971 -0.026026  0.984405 0.298807 1 0 1.000000
misc
0  22.931684 112.778320 7.682852  0.141817 0.789234 -0.597492  0.992218 0.273415 1 0 1.000000
0  21.723906 113.062996 7.741447  0.164492 0.843788 -0.510847  0.992218 0.273415 1 0 1.000000
0  21.737688 113.062996 8.112816  0.189247 0.869942 0.455398  0.993194 0.298807 1 0 1.000000
misc
0  21.737688 113.062996 8.112816  0.189247 0.869942 0.455398  0.993194 0.298807 1 0 1.000000
0  21.723906 113.062996 7.741447  0.164492 0.843788 -0.510847  0.992218 0.273415 1 0 1.000000
0  16.618225 113.833130 7.999796  0.082969 0.871094 -0.484058  0.992218 0.273415 1 0 1.000000
misc
0  16.618225 113.833130 7.999796  0.082969 0.871094 -0.484058  0.992218 0.273415 1 0 1.000000
0  16.632008 113.833130 8.371164  0.119896 0.878717 0.462040  0.993194 0.298807 1 0 1.000000
0  21.737688 113.062996 8.112816  0.189247 0.869942 0.455398  0.993194 0.298807 1 0 1.000000
misc
0  16.632008 113.833130 8.371164  0.119896 0.878717 0.462040  0.993194 0.298807 1 0 1.000000
0  16.618225 113.833130 7.999796  0.082969 0.871094 -0.484058  0.992218 0.273415 1 0 1.000000
0  9.287563 114.408669 8.271851  0.012326 0.871210 -0.490755  0.992218 0.273415 1 0 1.000000
misc
0  9.287563 114.408669 8.271851  0.012326 0.871210 -0.490755  0.992218 0.273415 1 0 1.000000
0  9.301344 114.408669 8.643219  0.054998 0.883741 0.464734  0.993194 0.298807 1 0 1.000000
0  16.632008 113.833130 8.371164  0.119896 0.878717 0.462040  0.993194 0.298807 1 0 1.000000
misc
0  9.301344 114.408669 8.643219  0.054998 0.883741 0.464734  0.993194 0.298807 1 0 1.000000
0  9.287563 114.408669 8.271851  0.012326 0.871210 -0.490755  0.992218 0.273415 1 0 1.000000
0  -0.818104 114.479378 8.646893  -0.050497 0.893900 -0.445413  0.992218 0.273415 1 0 1.000000
misc
0  -0.818104 114.479378 8.646893  -0.050497 0.893900 -0.445413  0.992218 0.273415 1 0 1.000000
0  -0.804321 114.479378 9.018259  -0.016273 0.884069 0.467072  0.993194 0.298807 1 0 1.000000
0  9.301344 114.408669 8.643219  0.054998 0.883741 0.464734  0.993194 0.298807 1 0 1.000000
misc
0  -0.804321 114.479378 9.018259  -0.016273 0.884069 0.467072  0.993194 0.298807 1 0 1.000000
0  -0.818104 114.479378 8.646893  -0.050497 0.893900 -0.445413  0.992218 0.273415 1 0 1.000000
0  -10.889338 113.642326 9.020657  -0.100414 0.866352 -0.489235  0.992218 0.273415 1 0 1.000000
misc
0  -10.889338 113.642326 9.020657  -0.100414 0.866352 -0.489235  0.992218 0.273415 1 0 1.000000
0  -10.875556 113.642326 9.392023  -0.083580 0.874981 0.476889  0.993194 0.298807 1 0 1.000000
0  -0.804321 114.479378 9.018259  -0.016273 0.884069 0.467072  0.993194 0.298807 1 0 1.000000
misc
0  -10.875556 113.642326 9.392023  -0.083580 0.874981 0.476889  0.993194 0.298807 1 0 1.000000
0  -10.889338 113.642326 9.020657  -0.100414 0.866352 -0.489235  0.992218 0.273415 1 0 1.000000
0  -17.425064 112.836029 8.960301  -0.124055 0.853351 -0.506361  0.992218 0.273415 1 0 1.000000
misc
0  -17.425064 112.836029 8.960301  -0.124055 0.853351 -0.506361  0.992218 0.273415 1 0 1.000000
0  -17.425064 112.836029 9.331924  -0.140968 0.873885 0.465246  0.993194 0.298807 1 0 1.000000
0  -10.875556 113.642326 9.392023  -0.083580 0.874981 0.476889  0.993194 0.298807 1 0 1.000000
misc
0  -17.425064 112.836029 9.331924  -0.140968 0.873885 0.465246  0.993194 0.298807 1 0 1.000000
0  -17.425064 112.836029 8.960301  -0.124055 0.853351 -0.506361  0.992218 0.273415 1 0 1.000000
0  -22.503922 111.872559 8.891482  -0.215257 0.836196 -0.504422  0.992218 0.273415 1 0 1.000000
misc
0  -22.503922 111.872559 8.891482  -0.215257 0.836196 -0.504422  0.992218 0.273415 1 0 1.000000
0  -22.503922 111.872559 9.263106  -0.205119 0.862798 0.462067  0.993194 0.298807 1 0 1.000000
0  -17.425064 112.836029 9.331924  -0.140968 0.873885 0.465246  0.993194 0.298807 1 0 1.000000
misc
0  -22.503922 111.872559 9.263106  -0.205119 0.862798 0.462067  0.993194 0.298807 1 0 1.000000
0  -22.503922 111.872559 8.891482  -0.215257 0.836196 -0.504422  0.992218 0.273415 1 0 1.000000
0  -23.701376 111.542229 8.877719  -0.193634 0.782558 -0.591701  0.992218 0.273415 1 0 1.000000
misc
0  -23.701376 111.542229 8.877719  -0.193634 0.782558 -0.591701  0.992218 0.273415 1 0 1.000000
0  -23.770195 111.542229 9.208052  -0.275032 0.854226 0.441197  0.993194 0.298807 1 0 1.000000
0  -22.503922 111.872559 9.263106  -0.205119 0.862798 0.462067  0.993194 0.298807 1 0 1.000000
misc
0  -23.770195 111.542229 9.208052  -0.275032 0.854226 0.441197  0.993194 0.298807 1 0 1.000000
0  -23.701376 111.542229 8.877719  -0.193634 0.782558 -0.591701  0.992218 0.273415 1 0 1.000000
0  -24.926359 111.170601 8.740082  -0.137208 0.805452 -0.576559  0.991241 0.273415 1 0 1.000000
misc
0  -24.926359 111.170601 8.740082  -0.137208 0.805452 -0.576559  0.991241 0.273415 1 0 1.000000
0  -25.119051 111.115547 9.042884  -0.370999 0.827564 0.421304  0.992218 0.298807 1 0 1.000000
0  -23.770195 111.542229 9.208052  -0.275032 0.854226 0.441197  0.993194 0.298807 1 0 1.000000
misc
0  -25.119051 111.115547 9.042884  -0.370999 0.827564 0.421304  0.992218 0.298807 1 0 1.000000
0  -24.926359 111.170601 8.740082  -0.137208 0.805452 -0.576559  0.991241 0.273415 1 0 1.000000
0  -25.931118 110.812729 8.437275  -0.216716 0.818640 -0.531848  0.990265 0.273415 1 0 1.000000
misc
0  -27.527723 108.500412 6.840668  -0.936039 0.351803 0.008033  0.984405 0.298807 1 0 1.000000
0  -27.637836 107.991142 6.840668  -0.966187 0.207224 0.153431  0.984405 0.376934 1 0 1.000000
0  -27.183630 109.257423 7.983068  -0.888110 0.449204 0.097349  0.988311 0.376934 1 0 1.000000
misc
0  -27.183630 109.257423 7.983068  -0.888110 0.449204 0.097349  0.988311 0.376934 1 0 1.000000
0  -27.059757 109.518936 7.749083  -0.792112 0.597619 -0.124136  0.988311 0.298807 1 0 1.000000
0  -27.527723 108.500412 6.840668  -0.936039 0.351803 0.008033  0.984405 0.298807 1 0 1.000000
misc
0  -27.059757 109.518936 7.749083  -0.792112 0.597619 -0.124136  0.988311 0.298807 1 0 1.000000
0  -27.183630 109.257423 7.983068  -0.888110 0.449204 0.097349  0.988311 0.376934 1 0 1.000000
0  -26.316507 110.234657 8.974065  -0.724514 0.486841 0.487919  0.991241 0.376934 1 0 1.000000
misc
0  -26.316507 110.234657 8.974065  -0.724514 0.486841 0.487919  0.991241 0.376934 1 0 1.000000
0  -26.233925 110.675095 8.685024  -0.655908 0.722497 0.218593  0.991241 0.298807 1 0 1.000000
0  -27.059757 109.518936 7.749083  -0.792112 0.597619 -0.124136  0.988311 0.298807 1 0 1.000000
misc
0  -26.233925 110.675095 8.685024  -0.655908 0.722497 0.218593  0.991241 0.298807 1 0 1.000000
0  -26.316507 110.234657 8.974065  -0.724514 0.486841 0.487919  0.991241 0.376934 1 0 1.000000
0  -25.187872 110.647568 9.359452  -0.370639 0.554031 0.745437  0.991241 0.376934 1 0 1.000000
misc
0  -25.187872 110.647568 9.359452  -0.370639 0.554031 0.745437  0.991241 0.376934 1 0 1.000000
0  -25.119051 111.115547 9.042884  -0.370999 0.827564 0.421304  0.992218 0.298807 1 0 1.000000
0  -26.233925 110.675095 8.685024  -0.655908 0.722497 0.218593  0.991241 0.298807 1 0 1.000000
misc
0  -25.119051 111.115547 9.042884  -0.370999 0.827564 0.421304  0.992218 0.298807 1 0 1.000000
0  -25.187872 110.647568 9.359452  -0.370639 0.554031 0.745437  0.991241 0.376934 1 0 1.000000
0  -23.783958 111.060486 9.538383  -0.227424 0.548444 0.804666  0.992218 0.376934 1 0 1.000000
misc
0  -23.783958 111.060486 9.538383  -0.227424 0.548444 0.804666  0.992218 0.376934 1 0 1.000000
0  -23.770195 111.542229 9.208052  -0.275032 0.854226 0.441197  0.993194 0.298807 1 0 1.000000
0  -25.119051 111.115547 9.042884  -0.370999 0.827564 0.421304  0.992218 0.298807 1 0 1.000000
misc
0  -23.770195 111.542229 9.208052  -0.275032 0.854226 0.441197  0.993194 0.298807 1 0 1.000000
0  -23.783958 111.060486 9.538383  -0.227424 0.548444 0.804666  0.992218 0.376934 1 0 1.000000
0  -22.503922 111.390816 9.579675  -0.146670 0.549959 0.822212  0.994171 0.376934 1 0 1.000000
misc
0  -22.503922 111.390816 9.579675  -0.146670 0.549959 0.822212  0.994171 0.376934 1 0 1.000000
0  -22.503922 111.872559 9.263106  -0.205119 0.862798 0.462067  0.993194 0.298807 1 0 1.000000
0  -23.770195 111.542229 9.208052  -0.275032 0.854226 0.441197  0.993194 0.298807 1 0 1.000000
misc
0  -22.503922 111.872559 9.263106  -0.205119 0.862798 0.462067  0.993194 0.298807 1 0 1.000000
0  -22.503922 111.390816 9.579675  -0.146670 0.549959 0.822212  0.994171 0.376934 1 0 1.000000
0  -17.425062 112.340530 9.648494  -0.097358 0.552820 0.827594  0.994171 0.376934 1 0 1.000000
misc
0  -17.425062 112.340530 9.648494  -0.097358 0.552820 0.827594  0.994171 0.376934 1 0 1.000000
0  -17.425064 112.836029 9.331924  -0.140968 0.873885 0.465246  0.993194 0.298807 1 0 1.000000
0  -22.503922 111.872559 9.263106  -0.205119 0.862798 0.462067  0.993194 0.298807 1 0 1.000000
misc
0  -17.425064 112.836029 9.331924  -0.140968 0.873885 0.465246  0.993194 0.298807 1 0 1.000000
0  -17.425062 112.340530 9.648494  -0.097358 0.552820 0.827594  0.994171 0.376934 1 0 1.000000
0  -10.845557 113.160934 9.707696  -0.046466 0.552192 0.832421  0.994171 0.376934 1 0 1.000000
misc
0  -10.845557 113.160934 9.707696  -0.046466 0.552192 0.832421  0.994171 0.376934 1 0 1.000000
0  -10.875556 113.642326 9.392023  -0.083580 0.874981 0.476889  0.993194 0.298807 1 0 1.000000
0  -17.425064 112.836029 9.331924  -0.140968 0.873885 0.465246  0.993194 0.298807 1 0 1.000000
misc
0  -10.875556 113.642326 9.392023  -0.083580 0.874981 0.476889  0.993194 0.298807 1 0 1.000000
0  -10.845557 113.160934 9.707696  -0.046466 0.552192 0.832421  0.994171 0.376934 1 0 1.000000
0  -0.774323 113.997986 9.333933  0.009755 0.555088 0.831735  0.994171 0.376934 1 0 1.000000
misc
0  -0.774323 113.997986 9.333933  0.009755 0.555088 0.831735  0.994171 0.376934 1 0 1.000000
0  -0.804321 114.479378 9.018259  -0.016273 0.884069 0.467072  0.993194 0.298807 1 0 1.000000
0  -10.875556 113.642326 9.392023  -0.083580 0.874981 0.476889  0.993194 0.298807 1 0 1.000000
misc
0  -0.804321 114.479378 9.018259  -0.016273 0.884069 0.467072  0.993194 0.298807 1 0 1.000000
0  -0.774323 113.997986 9.333933  0.009755 0.555088 0.831735  0.994171 0.376934 1 0 1.000000
0  9.331343 113.927277 8.958893  0.055733 0.556233 0.829155  0.994171 0.376934 1 0 1.000000
misc
0  9.331343 113.927277 8.958893  0.055733 0.556233 0.829155  0.994171 0.376934 1 0 1.000000
0  9.301344 114.408669 8.643219  0.054998 0.883741 0.464734  0.993194 0.298807 1 0 1.000000
0  -0.804321 114.479378 9.018259  -0.016273 0.884069 0.467072  0.993194 0.298807 1 0 1.000000
misc
0  -25.931118 110.812729 8.437275  -0.216716 0.818640 -0.531848  0.990265 0.273415 1 0 1.000000
0  -26.233925 110.675095 8.685024  -0.655908 0.722497 0.218593  0.991241 0.298807 1 0 1.000000
0  -25.119051 111.115547 9.042884  -0.370999 0.827564 0.421304  0.992218 0.298807 1 0 1.000000
misc
0  -26.233925 110.675095 8.685024  -0.655908 0.722497 0.218593  0.991241 0.298807 1 0 1.000000
0  -25.931118 110.812729 8.437275  -0.216716 0.818640 -0.531848  0.990265 0.273415 1 0 1.000000
0  -26.674368 109.849266 7.707790  -0.274603 0.688208 -0.671538  0.988311 0.273415 1 0 1.000000
misc
0  -26.674368 109.849266 7.707790  -0.274603 0.688208 -0.671538  0.988311 0.273415 1 0 1.000000
0  -27.059757 109.518936 7.749083  -0.792112 0.597619 -0.124136  0.988311 0.298807 1 0 1.000000
0  -26.233925 110.675095 8.685024  -0.655908 0.722497 0.218593  0.991241 0.298807 1 0 1.000000
misc
0  -27.059757 109.518936 7.749083  -0.792112 0.597619 -0.124136  0.988311 0.298807 1 0 1.000000
0  -26.674368 109.849266 7.707790  -0.274603 0.688208 -0.671538  0.988311 0.273415 1 0 1.000000
0  -27.128574 108.885796 6.826904  -0.101075 0.695410 -0.711470  0.984405 0.273415 1 0 1.000000
misc
0  -27.128574 108.885796 6.826904  -0.101075 0.695410 -0.711470  0.984405 0.273415 1 0 1.000000
0  -27.527723 108.500412 6.840668  -0.936039 0.351803 0.008033  0.984405 0.298807 1 0 1.000000
0  -27.059757 109.518936 7.749083  -0.792112 0.597619 -0.124136  0.988311 0.298807 1 0 1.000000
misc
0  -29.220676 107.289185 6.730558  -0.013743 0.192041 -0.981291  0.963897 0.201147 1 0 1.000000
0  -27.637836 107.991142 6.840668  -0.042827 0.116235 -0.992298  0.963897 0.201147 1 0 1.000000
0  -26.288980 107.481888 6.716793  -0.050286 0.088482 -0.994808  0.963897 0.201147 1 0 1.000000
misc
0  -26.288980 107.481888 6.716793  -0.050286 0.088482 -0.994808  0.963897 0.201147 1 0 1.000000
0  -27.637836 107.991142 6.840668  -0.042827 0.116235 -0.992298  0.963897 0.201147 1 0 1.000000
0  -27.527723 108.500412 6.840668  -0.072038 0.023310 -0.997129  0.963897 0.201147 1 0 1.000000
misc
0  -27.527723 108.500412 6.840668  -0.072038 0.023310 -0.997129  0.963897 0.201147 1 0 1.000000
0  -27.128574 108.885796 6.826904  -0.064246 0.032668 -0.997399  0.963897 0.201147 1 0 1.000000
0  -26.288980 107.481888 6.716793  -0.050286 0.088482 -0.994808  0.963897 0.201147 1 0 1.000000
misc
0  28.524788 108.737671 5.326641  -0.029997 0.192417 -0.980855  0.963897 0.201147 1 0 1.000000
0  25.589401 108.819046 5.421804  0.009903 0.090312 -0.995864  0.963897 0.201147 1 0 1.000000
0  26.921654 109.379089 5.496321  0.001648 0.117941 -0.993019  0.963897 0.201147 1 0 1.000000
misc
0  26.792393 109.883820 5.501118  0.034006 0.026015 -0.999083  0.963897 0.201147 1 0 1.000000
0  26.921654 109.379089 5.496321  0.001648 0.117941 -0.993019  0.963897 0.201147 1 0 1.000000
0  25.589401 108.819046 5.421804  0.009903 0.090312 -0.995864  0.963897 0.201147 1 0 1.000000
misc
0  25.589401 108.819046 5.421804  0.009903 0.090312 -0.995864  0.963897 0.201147 1 0 1.000000
0  26.378689 110.253784 5.502701  0.025903 0.035113 -0.999048  0.963897 0.201147 1 0 1.000000
0  26.792393 109.883820 5.501118  0.034006 0.026015 -0.999083  0.963897 0.201147 1 0 1.000000
misc
0  19.938662 107.185745 5.617741  -0.036582 -0.013201 -0.999243  0.993194 0.361309 1 0 1.000000
0  19.333904 107.162773 5.640184  -0.036583 -0.013153 -0.999244  0.986358 0.361309 1 0 1.000000
0  19.141451 112.182961 5.592236  -0.047835 0.342619 -0.938256  0.986358 0.474593 1 0 1.000000
misc
0  19.141451 112.182961 5.592236  -0.047835 0.342619 -0.938256  0.986358 0.474593 1 0 1.000000
0  19.746210 112.205933 5.569792  -0.047836 0.342634 -0.938250  0.993194 0.474593 1 0 1.000000
0  19.938662 107.185745 5.617741  -0.036582 -0.013201 -0.999243  0.993194 0.361309 1 0 1.000000
misc
0  19.746210 112.205933 5.569792  -0.047836 0.342634 -0.938250  0.993194 0.474593 1 0 1.000000
0  19.141451 112.182961 5.592236  -0.047835 0.342619 -0.938256  0.986358 0.474593 1 0 1.000000
0  19.138494 112.678108 6.019316  -0.051293 0.868779 -0.492537  0.986358 0.495102 1 0 1.000000
misc
0  19.138494 112.678108 6.019316  -0.051293 0.868779 -0.492537  0.986358 0.495102 1 0 1.000000
0  19.743254 112.701080 5.996872  -0.051300 0.869112 -0.491947  0.993194 0.495102 1 0 1.000000
0  19.746210 112.205933 5.569792  -0.047836 0.342634 -0.938250  0.993194 0.474593 1 0 1.000000
misc
0  19.743254 112.701080 5.996872  -0.051300 0.869112 -0.491947  0.993194 0.495102 1 0 1.000000
0  19.138494 112.678108 6.019316  -0.051293 0.868779 -0.492537  0.986358 0.495102 1 0 1.000000
0  19.195396 113.008202 7.890379  -0.043779 0.984175 -0.171708  0.986358 0.589831 1 0 1.000000
misc
0  19.195396 113.008202 7.890379  -0.043779 0.984175 -0.171708  0.986358 0.589831 1 0 1.000000
0  19.800154 113.031174 7.867935  -0.043781 0.984208 -0.171518  0.993194 0.589831 1 0 1.000000
0  19.743254 112.701080 5.996872  -0.051300 0.869112 -0.491947  0.993194 0.495102 1 0 1.000000
chassis
0  -29.275728 85.060570 3.895197  0.086463 0.117147 -0.989344  0.726585 0.061495 1 0 1.000000
0  -34.657394 84.964226 3.413463  0.045712 -0.387780 -0.920618  0.726585 0.039033 1 0 1.000000
0  -29.055513 103.380257 6.083654  0.007387 0.154200 -0.988012  0.805689 0.054659 1 0 1.000000
chassis
0  17.296013 104.400352 5.096014  -0.071382 0.087977 -0.993562  0.805689 0.106418 1 0 1.000000
0  17.787952 87.423805 3.948339  -0.120846 0.063860 -0.990615  0.751976 0.089816 1 0 1.000000
0  13.405405 87.959251 4.510410  -0.142692 0.068922 -0.987365  0.728538 0.104465 1 0 1.000000
chassis
0  13.405405 87.959251 4.510410  -0.142692 0.068922 -0.987365  0.728538 0.104465 1 0 1.000000
0  11.543985 98.368584 5.860415  -0.125356 -0.011078 -0.992050  0.730491 0.130833 1 0 1.000000
0  17.296013 104.400352 5.096014  -0.071382 0.087977 -0.993562  0.805689 0.106418 1 0 1.000000
chassis
0  -0.516835 103.723793 5.757082  -0.033479 -0.006175 -0.999420  0.805689 0.189428 1 0 1.000000
0  17.296013 104.400352 5.096014  -0.071382 0.087977 -0.993562  0.805689 0.106418 1 0 1.000000
0  11.543985 98.368584 5.860415  -0.125356 -0.011078 -0.992050  0.730491 0.130833 1 0 1.000000
chassis
0  11.543985 98.368584 5.860415  -0.125356 -0.011078 -0.992050  0.730491 0.130833 1 0 1.000000
0  -0.269645 97.933388 6.491667  -0.031963 -0.127132 -0.991371  0.734397 0.189428 1 0 1.000000
0  -0.516835 103.723793 5.757082  -0.033479 -0.006175 -0.999420  0.805689 0.189428 1 0 1.000000
chassis
0  -0.516835 103.723793 5.757082  -0.033479 -0.006175 -0.999420  0.805689 0.189428 1 0 1.000000
0  -0.269645 97.933388 6.491667  -0.031963 -0.127132 -0.991371  0.734397 0.189428 1 0 1.000000
0  -12.096523 97.470680 6.737759  0.099493 -0.013380 -0.994948  0.730491 0.130833 1 0 1.000000
chassis
0  -12.096523 97.470680 6.737759  0.099493 -0.013380 -0.994948  0.730491 0.130833 1 0 1.000000
0  -17.851740 103.380264 6.083653  0.018666 0.070590 -0.997331  0.805689 0.106418 1 0 1.000000
0  -0.516835 103.723793 5.757082  -0.033479 -0.006175 -0.999420  0.805689 0.189428 1 0 1.000000
chassis
0  -17.851740 103.380264 6.083653  0.018666 0.070590 -0.997331  0.805689 0.106418 1 0 1.000000
0  -12.096523 97.470680 6.737759  0.099493 -0.013380 -0.994948  0.730491 0.130833 1 0 1.000000
0  -13.364720 87.097633 5.354164  0.110636 0.074907 -0.991034  0.728538 0.104465 1 0 1.000000
chassis
0  -13.364720 87.097633 5.354164  0.110636 0.074907 -0.991034  0.728538 0.104465 1 0 1.000000
0  -17.741623 86.395676 4.955013  0.081538 0.067016 -0.994415  0.751976 0.089816 1 0 1.000000
0  -17.851740 103.380264 6.083653  0.018666 0.070590 -0.997331  0.805689 0.106418 1 0 1.000000
chassis
0  -34.657394 84.964226 3.413463  0.045755 -0.388326 -0.920385  0.724631 0.037080 1 0 1.000000
0  -25.476906 85.143166 4.239293  0.020028 -0.999697 -0.014295  0.727561 0.077120 1 0 1.000000
0  -35.207947 84.922935 5.918484  0.020029 -0.999697 -0.014295  0.724631 0.034150 1 0 1.000000
chassis
0  35.321251 86.614601 4.261778  0.017392 -0.999735 -0.015117  0.724631 0.034150 1 0 1.000000
0  25.533283 86.465591 2.944683  0.017391 -0.999735 -0.015110  0.727561 0.077120 1 0 1.000000
0  29.317127 86.527138 2.459923  -0.044308 -0.874201 -0.483538  0.726585 0.061495 1 0 1.000000
chassis
0  29.317127 86.527138 2.459923  -0.044308 -0.874201 -0.483538  0.726585 0.061495 1 0 1.000000
0  34.677006 86.634979 1.778942  -0.064938 -0.389122 -0.918894  0.726585 0.039033 1 0 1.000000
0  35.321251 86.614601 4.261778  0.017392 -0.999735 -0.015117  0.724631 0.034150 1 0 1.000000
chassis
0  29.317127 86.527138 2.459923  -0.044308 -0.874201 -0.483538  0.726585 0.061495 1 0 1.000000
0  28.484024 104.825294 4.680807  -0.049828 0.153904 -0.986829  0.805689 0.054659 1 0 1.000000
0  34.677006 86.634979 1.778942  -0.064938 -0.389122 -0.918894  0.726585 0.039033 1 0 1.000000
skin_0dam
0  -38.483746 98.356445 26.550497  -0.971700 0.163680 0.170315  0.915241 0.648682 1 0 1.000000
0  -37.988243 99.485077 28.339796  -0.953479 0.130908 0.271551  0.912228 0.659561 1 0 1.000000
0  -38.002007 99.512604 28.133339  -0.955793 0.281428 0.085188  0.912312 0.658306 1 0 1.000000
skin_0dam
0  -38.965477 96.746071 24.582268  -0.971583 0.236388 0.012107  0.918170 0.636716 1 0 1.000000
0  -39.116879 95.961533 25.876068  -0.973599 0.226315 0.029783  0.919090 0.644582 1 0 1.000000
0  -38.772785 97.337921 25.889833  -0.967924 0.248772 0.035167  0.916998 0.644666 1 0 1.000000
skin_0dam
0  -38.772785 97.337921 25.889833  -0.967924 0.248772 0.035167  0.916998 0.644666 1 0 1.000000
0  -39.116879 95.961533 25.876068  -0.973599 0.226315 0.029783  0.919090 0.644582 1 0 1.000000
0  -39.130642 95.865189 26.041235  -0.952385 0.210834 0.220253  0.919174 0.645586 1 0 1.000000
skin_0dam
0  -39.130642 95.865189 26.041235  -0.952385 0.210834 0.220253  0.919174 0.645586 1 0 1.000000
0  -38.745258 97.434265 26.096291  -0.957822 0.219742 0.185175  0.916831 0.645921 1 0 1.000000
0  -38.772785 97.337921 25.889833  -0.967924 0.248772 0.035167  0.916998 0.644666 1 0 1.000000
skin_0dam
0  -38.648911 97.503090 26.288986  -0.909158 0.094310 0.405631  0.916245 0.647092 1 0 1.000000
0  -38.745258 97.434265 26.096291  -0.957822 0.219742 0.185175  0.916831 0.645921 1 0 1.000000
0  -39.130642 95.865189 26.041235  -0.952385 0.210834 0.220253  0.919174 0.645586 1 0 1.000000
skin_0dam
0  -38.745258 97.434265 26.096291  -0.957822 0.219742 0.185175  0.916831 0.645921 1 0 1.000000
0  -38.648911 97.503090 26.288986  -0.909158 0.094310 0.405631  0.916245 0.647092 1 0 1.000000
0  -38.456215 98.177521 26.633080  -0.933222 0.030242 0.358026  0.915074 0.649184 1 0 1.000000
skin_0dam
0  -38.456215 98.177521 26.633080  -0.933222 0.030242 0.358026  0.915074 0.649184 1 0 1.000000
0  -38.483746 98.356445 26.550497  -0.971700 0.163680 0.170315  0.915241 0.648682 1 0 1.000000
0  -38.745258 97.434265 26.096291  -0.957822 0.219742 0.185175  0.916831 0.645921 1 0 1.000000
skin_0dam
0  -38.745258 97.434265 26.096291  -0.957822 0.219742 0.185175  0.916831 0.645921 1 0 1.000000
0  -38.483746 98.356445 26.550497  -0.971700 0.163680 0.170315  0.915241 0.648682 1 0 1.000000
0  -38.442451 98.521606 26.467916  -0.961176 0.269703 0.058313  0.914990 0.648180 1 0 1.000000
skin_0dam
0  -38.002007 99.512604 28.133339  -0.955793 0.281428 0.085188  0.912312 0.658306 1 0 1.000000
0  -38.442451 98.521606 26.467916  -0.961176 0.269703 0.058313  0.914990 0.648180 1 0 1.000000
0  -38.483746 98.356445 26.550497  -0.971700 0.163680 0.170315  0.915241 0.648682 1 0 1.000000
skin_0dam
0  -38.098354 99.870476 25.752193  -0.958579 0.281384 0.044145  0.912898 0.643829 1 0 1.000000
0  -38.442451 98.521606 26.467916  -0.961176 0.269703 0.058313  0.914990 0.648180 1 0 1.000000
0  -38.002007 99.512604 28.133339  -0.955793 0.281428 0.085188  0.912312 0.658306 1 0 1.000000
skin_0dam
0  -38.772785 97.337921 25.889833  -0.967924 0.248772 0.035167  0.916998 0.644666 1 0 1.000000
0  -38.442451 98.521606 26.467916  -0.961176 0.269703 0.058313  0.914990 0.648180 1 0 1.000000
0  -38.098354 99.870476 25.752193  -0.958579 0.281384 0.044145  0.912898 0.643829 1 0 1.000000
skin_0dam
0  -38.098354 99.870476 25.752193  -0.958579 0.281384 0.044145  0.912898 0.643829 1 0 1.000000
0  -38.965477 96.746071 24.582268  -0.971583 0.236388 0.012107  0.918170 0.636716 1 0 1.000000
0  -38.772785 97.337921 25.889833  -0.967924 0.248772 0.035167  0.916998 0.644666 1 0 1.000000
skin_0dam
0  -38.249760 99.622711 18.966618  -0.969389 0.241516 -0.044213  0.913818 0.602575 1 0 1.000000
0  -38.965477 96.746071 24.582268  -0.971583 0.236388 0.012107  0.918170 0.636716 1 0 1.000000
0  -38.098354 99.870476 25.752193  -0.958579 0.281384 0.044145  0.912898 0.643829 1 0 1.000000
skin_0dam
0  -38.965477 96.746071 24.582268  -0.971583 0.236388 0.012107  0.918170 0.636716 1 0 1.000000
0  -38.249760 99.622711 18.966618  -0.969389 0.241516 -0.044213  0.913818 0.602575 1 0 1.000000
0  -39.392162 94.227295 17.452593  -0.974610 0.210662 -0.075876  0.920764 0.593370 1 0 1.000000
skin_0dam
0  -38.469982 95.823906 12.621482  -0.964740 0.210536 -0.157964  0.915157 0.563998 1 0 1.000000
0  -39.392162 94.227295 17.452593  -0.974610 0.210662 -0.075876  0.920764 0.593370 1 0 1.000000
0  -38.249760 99.622711 18.966618  -0.969389 0.241516 -0.044213  0.913818 0.602575 1 0 1.000000
skin_0dam
0  -39.392162 94.227295 17.452593  -0.974610 0.210662 -0.075876  0.920764 0.593370 1 0 1.000000
0  -38.469982 95.823906 12.621482  -0.964740 0.210536 -0.157964  0.915157 0.563998 1 0 1.000000
0  -39.433453 90.290833 11.768122  -0.961718 0.187471 -0.199883  0.921015 0.558810 1 0 1.000000
skin_0dam
0  -39.378399 90.304596 11.602956  -0.885648 0.199715 -0.419216  0.920680 0.557806 1 0 1.000000
0  -39.433453 90.290833 11.768122  -0.961718 0.187471 -0.199883  0.921015 0.558810 1 0 1.000000
0  -38.469982 95.823906 12.621482  -0.964740 0.210536 -0.157964  0.915157 0.563998 1 0 1.000000
skin_0dam
0  -39.433453 90.290833 11.768122  -0.961718 0.187471 -0.199883  0.921015 0.558810 1 0 1.000000
0  -39.378399 90.304596 11.602956  -0.885648 0.199715 -0.419216  0.920680 0.557806 1 0 1.000000
0  -39.818836 87.359138 11.148746  -0.899425 0.216725 -0.379560  0.923358 0.555044 1 0 1.000000
skin_0dam
0  -38.951717 88.941978 10.598194  -0.885190 0.246819 -0.394360  0.918086 0.551697 1 0 1.000000
0  -39.818836 87.359138 11.148746  -0.899425 0.216725 -0.379560  0.923358 0.555044 1 0 1.000000
0  -39.378399 90.304596 11.602956  -0.885648 0.199715 -0.419216  0.920680 0.557806 1 0 1.000000
skin_0dam
0  -38.442451 98.521606 26.467916  -0.961176 0.269703 0.058313  0.914990 0.648180 1 0 1.000000
0  -38.772785 97.337921 25.889833  -0.967924 0.248772 0.035167  0.916998 0.644666 1 0 1.000000
0  -38.745258 97.434265 26.096291  -0.957822 0.219742 0.185175  0.916831 0.645921 1 0 1.000000
skin_0dam
0  -38.772789 90.029327 10.625721  -0.915978 0.160133 -0.367889  0.916998 0.551865 1 0 1.000000
0  -38.951717 88.941978 10.598194  -0.885190 0.246819 -0.394360  0.918086 0.551697 1 0 1.000000
0  -39.378399 90.304596 11.602956  -0.885648 0.199715 -0.419216  0.920680 0.557806 1 0 1.000000
skin_0dam
0  -39.130642 95.865189 26.041235  -0.952385 0.210834 0.220253  0.919174 0.645586 1 0 1.000000
0  -39.089352 95.755081 26.192638  -0.896820 0.183141 0.402707  0.918923 0.646507 1 0 1.000000
0  -38.648911 97.503090 26.288986  -0.909158 0.094310 0.405631  0.916245 0.647092 1 0 1.000000
skin_0dam
0  -38.249760 99.622711 18.966618  -0.969389 0.241516 -0.044213  0.913818 0.602575 1 0 1.000000
0  -37.313820 101.412025 13.433551  -0.961372 0.234480 -0.144165  0.908128 0.568935 1 0 1.000000
0  -38.469982 95.823906 12.621482  -0.964740 0.210536 -0.157964  0.915157 0.563998 1 0 1.000000
skin_0dam
0  -38.249760 99.622711 18.966618  -0.969389 0.241516 -0.044213  0.913818 0.602575 1 0 1.000000
0  -37.946957 100.792648 19.296951  -0.958723 0.283199 -0.025480  0.911977 0.604583 1 0 1.000000
0  -37.313820 101.412025 13.433551  -0.961372 0.234480 -0.144165  0.908128 0.568935 1 0 1.000000
skin_0dam
0  -38.098354 99.870476 25.752193  -0.958579 0.281384 0.044145  0.912898 0.643829 1 0 1.000000
0  -37.946957 100.792648 19.296951  -0.958723 0.283199 -0.025480  0.911977 0.604583 1 0 1.000000
0  -38.249760 99.622711 18.966618  -0.969389 0.241516 -0.044213  0.913818 0.602575 1 0 1.000000
skin_0dam
0  -39.846363 86.959991 10.997345  -0.955158 0.086135 -0.283291  0.923525 0.554124 1 0 1.000000
0  -39.818836 87.359138 11.148746  -0.899425 0.216725 -0.379560  0.923358 0.555044 1 0 1.000000
0  -38.951717 88.941978 10.598194  -0.885190 0.246819 -0.394360  0.918086 0.551697 1 0 1.000000
skin_0dam
0  -38.951717 88.941978 10.598194  -0.885190 0.246819 -0.394360  0.918086 0.551697 1 0 1.000000
0  -38.896660 88.955742 10.377972  -0.946355 0.254059 -0.199664  0.917751 0.550358 1 0 1.000000
0  -39.846363 86.959991 10.997345  -0.955158 0.086135 -0.283291  0.923525 0.554124 1 0 1.000000
skin_0dam
0  -38.896660 88.955742 10.377972  -0.946355 0.254059 -0.199664  0.917751 0.550358 1 0 1.000000
0  -38.951717 88.941978 10.598194  -0.885190 0.246819 -0.394360  0.918086 0.551697 1 0 1.000000
0  -38.772789 90.029327 10.625721  -0.915978 0.160133 -0.367889  0.916998 0.551865 1 0 1.000000
skin_0dam
0  -38.772789 90.029327 10.625721  -0.915978 0.160133 -0.367889  0.916998 0.551865 1 0 1.000000
0  -38.745262 89.974274 10.405499  -0.972015 0.143006 -0.186375  0.916831 0.550526 1 0 1.000000
0  -38.896660 88.955742 10.377972  -0.946355 0.254059 -0.199664  0.917751 0.550358 1 0 1.000000
skin_0dam
0  -38.745262 89.974274 10.405499  -0.972015 0.143006 -0.186375  0.916831 0.550526 1 0 1.000000
0  -38.772789 90.029327 10.625721  -0.915978 0.160133 -0.367889  0.916998 0.551865 1 0 1.000000
0  -38.194706 95.906487 11.878234  -0.930598 0.196653 -0.308730  0.913484 0.559480 1 0 1.000000
skin_0dam
0  -38.428692 95.837669 12.442551  -0.934266 0.210018 -0.288167  0.914906 0.562910 1 0 1.000000
0  -38.194706 95.906487 11.878234  -0.930598 0.196653 -0.308730  0.913484 0.559480 1 0 1.000000
0  -38.772789 90.029327 10.625721  -0.915978 0.160133 -0.367889  0.916998 0.551865 1 0 1.000000
skin_0dam
0  -38.772789 90.029327 10.625721  -0.915978 0.160133 -0.367889  0.916998 0.551865 1 0 1.000000
0  -39.378399 90.304596 11.602956  -0.885648 0.199715 -0.419216  0.920680 0.557806 1 0 1.000000
0  -38.428692 95.837669 12.442551  -0.934266 0.210018 -0.288167  0.914906 0.562910 1 0 1.000000
skin_0dam
0  -38.469982 95.823906 12.621482  -0.964740 0.210536 -0.157964  0.915157 0.563998 1 0 1.000000
0  -38.428692 95.837669 12.442551  -0.934266 0.210018 -0.288167  0.914906 0.562910 1 0 1.000000
0  -39.378399 90.304596 11.602956  -0.885648 0.199715 -0.419216  0.920680 0.557806 1 0 1.000000
skin_0dam
0  -38.428692 95.837669 12.442551  -0.934266 0.210018 -0.288167  0.914906 0.562910 1 0 1.000000
0  -38.469982 95.823906 12.621482  -0.964740 0.210536 -0.157964  0.915157 0.563998 1 0 1.000000
0  -37.313820 101.412025 13.433551  -0.961372 0.234480 -0.144165  0.908128 0.568935 1 0 1.000000
skin_0dam
0  -37.313820 101.412025 13.433551  -0.961372 0.234480 -0.144165  0.908128 0.568935 1 0 1.000000
0  -37.286293 101.425789 13.282148  -0.966499 0.215521 -0.139392  0.907961 0.568015 1 0 1.000000
0  -38.428692 95.837669 12.442551  -0.934266 0.210018 -0.288167  0.914906 0.562910 1 0 1.000000
skin_0dam
0  -37.286293 101.425789 13.282148  -0.966499 0.215521 -0.139392  0.907961 0.568015 1 0 1.000000
0  -38.194706 95.906487 11.878234  -0.930598 0.196653 -0.308730  0.913484 0.559480 1 0 1.000000
0  -38.428692 95.837669 12.442551  -0.934266 0.210018 -0.288167  0.914906 0.562910 1 0 1.000000
skin_0dam
0  -38.139648 95.906487 11.699305  -0.952611 0.183777 -0.242401  0.913149 0.558392 1 0 1.000000
0  -38.194706 95.906487 11.878234  -0.930598 0.196653 -0.308730  0.913484 0.559480 1 0 1.000000
0  -37.286293 101.425789 13.282148  -0.966499 0.215521 -0.139392  0.907961 0.568015 1 0 1.000000
skin_0dam
0  -38.194706 95.906487 11.878234  -0.930598 0.196653 -0.308730  0.913484 0.559480 1 0 1.000000
0  -38.139648 95.906487 11.699305  -0.952611 0.183777 -0.242401  0.913149 0.558392 1 0 1.000000
0  -38.745262 89.974274 10.405499  -0.972015 0.143006 -0.186375  0.916831 0.550526 1 0 1.000000
skin_0dam
0  -38.469982 89.203491 8.340923  -0.936896 0.234125 -0.259638  0.915157 0.537974 1 0 1.000000
0  -38.745262 89.974274 10.405499  -0.972015 0.143006 -0.186375  0.916831 0.550526 1 0 1.000000
0  -38.139648 95.906487 11.699305  -0.952611 0.183777 -0.242401  0.913149 0.558392 1 0 1.000000
skin_0dam
0  -38.896660 88.955742 10.377972  -0.946355 0.254059 -0.199664  0.917751 0.550358 1 0 1.000000
0  -38.745262 89.974274 10.405499  -0.972015 0.143006 -0.186375  0.916831 0.550526 1 0 1.000000
0  -38.469982 89.203491 8.340923  -0.936896 0.234125 -0.259638  0.915157 0.537974 1 0 1.000000
skin_0dam
0  -38.896660 88.955742 10.377972  -0.946355 0.254059 -0.199664  0.917751 0.550358 1 0 1.000000
0  -38.469982 89.203491 8.340923  -0.936896 0.234125 -0.259638  0.915157 0.537974 1 0 1.000000
0  -39.048061 87.290314 8.065644  -0.931033 0.223888 -0.288187  0.918672 0.536300 1 0 1.000000
skin_0dam
0  -39.048061 87.290314 8.065644  -0.931033 0.223888 -0.288187  0.918672 0.536300 1 0 1.000000
0  -39.846363 86.959991 10.997345  -0.955158 0.086135 -0.283291  0.923525 0.554124 1 0 1.000000
0  -38.896660 88.955742 10.377972  -0.946355 0.254059 -0.199664  0.917751 0.550358 1 0 1.000000
skin_0dam
0  -39.928944 86.904938 11.272621  -0.966696 0.143495 -0.211913  0.924027 0.555798 1 0 1.000000
0  -39.846363 86.959991 10.997345  -0.955158 0.086135 -0.283291  0.923525 0.554124 1 0 1.000000
0  -39.048061 87.290314 8.065644  -0.931033 0.223888 -0.288187  0.918672 0.536300 1 0 1.000000
skin_0dam
0  -39.928944 86.904938 11.272621  -0.966696 0.143495 -0.211913  0.924027 0.555798 1 0 1.000000
0  -39.818836 87.359138 11.148746  -0.899425 0.216725 -0.379560  0.923358 0.555044 1 0 1.000000
0  -39.846363 86.959991 10.997345  -0.955158 0.086135 -0.283291  0.923525 0.554124 1 0 1.000000
skin_0dam
0  -39.818836 87.359138 11.148746  -0.899425 0.216725 -0.379560  0.923358 0.555044 1 0 1.000000
0  -39.928944 86.904938 11.272621  -0.966696 0.143495 -0.211913  0.924027 0.555798 1 0 1.000000
0  -39.901417 87.125153 11.300150  -0.963988 0.173315 -0.201713  0.923860 0.555965 1 0 1.000000
skin_0dam
0  -39.818836 87.359138 11.148746  -0.899425 0.216725 -0.379560  0.923358 0.555044 1 0 1.000000
0  -39.901417 87.125153 11.300150  -0.963988 0.173315 -0.201713  0.923860 0.555965 1 0 1.000000
0  -39.433453 90.290833 11.768122  -0.961718 0.187471 -0.199883  0.921015 0.558810 1 0 1.000000
skin_0dam
0  -40.245518 89.354897 16.034914  -0.975436 0.192324 -0.107405  0.925952 0.584751 1 0 1.000000
0  -39.433453 90.290833 11.768122  -0.961718 0.187471 -0.199883  0.921015 0.558810 1 0 1.000000
0  -39.901417 87.125153 11.300150  -0.963988 0.173315 -0.201713  0.923860 0.555965 1 0 1.000000
skin_0dam
0  -39.433453 90.290833 11.768122  -0.961718 0.187471 -0.199883  0.921015 0.558810 1 0 1.000000
0  -40.245518 89.354897 16.034914  -0.975436 0.192324 -0.107405  0.925952 0.584751 1 0 1.000000
0  -39.392162 94.227295 17.452593  -0.974610 0.210662 -0.075876  0.920764 0.593370 1 0 1.000000
skin_0dam
0  -40.066586 91.942490 22.256174  -0.977357 0.211157 -0.013605  0.924864 0.622574 1 0 1.000000
0  -39.392162 94.227295 17.452593  -0.974610 0.210662 -0.075876  0.920764 0.593370 1 0 1.000000
0  -40.245518 89.354897 16.034914  -0.975436 0.192324 -0.107405  0.925952 0.584751 1 0 1.000000
skin_0dam
0  -39.392162 94.227295 17.452593  -0.974610 0.210662 -0.075876  0.920764 0.593370 1 0 1.000000
0  -40.066586 91.942490 22.256174  -0.977357 0.211157 -0.013605  0.924864 0.622574 1 0 1.000000
0  -38.965477 96.746071 24.582268  -0.971583 0.236388 0.012107  0.918170 0.636716 1 0 1.000000
skin_0dam
0  -39.116879 95.961533 25.876068  -0.973599 0.226315 0.029783  0.919090 0.644582 1 0 1.000000
0  -38.965477 96.746071 24.582268  -0.971583 0.236388 0.012107  0.918170 0.636716 1 0 1.000000
0  -40.066586 91.942490 22.256174  -0.977357 0.211157 -0.013605  0.924864 0.622574 1 0 1.000000
skin_0dam
0  -36.639393 101.315689 10.336685  -0.918808 0.236352 -0.316115  0.904028 0.550107 1 0 1.000000
0  -35.730980 100.806419 8.024358  -0.841323 0.233219 -0.487631  0.898505 0.536049 1 0 1.000000
0  -36.708210 95.906487 7.418747  -0.848113 0.214900 -0.484275  0.904446 0.532367 1 0 1.000000
skin_0dam
0  -36.708210 95.906487 7.418747  -0.848113 0.214900 -0.484275  0.904446 0.532367 1 0 1.000000
0  -37.561569 96.002831 9.414505  -0.928989 0.197686 -0.312890  0.909634 0.544501 1 0 1.000000
0  -36.639393 101.315689 10.336685  -0.918808 0.236352 -0.316115  0.904028 0.550107 1 0 1.000000
skin_0dam
0  -37.561569 96.002831 9.414505  -0.928989 0.197686 -0.312890  0.909634 0.544501 1 0 1.000000
0  -36.708210 95.906487 7.418747  -0.848113 0.214900 -0.484275  0.904446 0.532367 1 0 1.000000
0  -37.809319 89.299850 6.592914  -0.854150 0.244732 -0.458839  0.911141 0.527346 1 0 1.000000
skin_0dam
0  -37.809319 89.299850 6.592914  -0.854150 0.244732 -0.458839  0.911141 0.527346 1 0 1.000000
0  -38.469982 89.203491 8.340923  -0.936896 0.234125 -0.259638  0.915157 0.537974 1 0 1.000000
0  -37.561569 96.002831 9.414505  -0.928989 0.197686 -0.312890  0.909634 0.544501 1 0 1.000000
skin_0dam
0  -38.139648 95.906487 11.699305  -0.952611 0.183777 -0.242401  0.913149 0.558392 1 0 1.000000
0  -37.561569 96.002831 9.414505  -0.928989 0.197686 -0.312890  0.909634 0.544501 1 0 1.000000
0  -38.469982 89.203491 8.340923  -0.936896 0.234125 -0.259638  0.915157 0.537974 1 0 1.000000
skin_0dam
0  -37.561569 96.002831 9.414505  -0.928989 0.197686 -0.312890  0.909634 0.544501 1 0 1.000000
0  -38.139648 95.906487 11.699305  -0.952611 0.183777 -0.242401  0.913149 0.558392 1 0 1.000000
0  -37.272530 101.412025 12.951816  -0.965111 0.217139 -0.146326  0.907877 0.566007 1 0 1.000000
skin_0dam
0  -37.286293 101.425789 13.282148  -0.966499 0.215521 -0.139392  0.907961 0.568015 1 0 1.000000
0  -37.272530 101.412025 12.951816  -0.965111 0.217139 -0.146326  0.907877 0.566007 1 0 1.000000
0  -38.139648 95.906487 11.699305  -0.952611 0.183777 -0.242401  0.913149 0.558392 1 0 1.000000
skin_0dam
0  -37.272530 101.412025 12.951816  -0.965111 0.217139 -0.146326  0.907877 0.566007 1 0 1.000000
0  -36.639393 101.315689 10.336685  -0.918808 0.236352 -0.316115  0.904028 0.550107 1 0 1.000000
0  -37.561569 96.002831 9.414505  -0.928989 0.197686 -0.312890  0.909634 0.544501 1 0 1.000000
skin_0dam
0  -35.730980 100.806419 8.024358  -0.841323 0.233219 -0.487631  0.898505 0.536049 1 0 1.000000
0  -35.070316 100.352211 6.950778  -0.730893 0.228272 -0.643186  0.894488 0.529522 1 0 1.000000
0  -35.978729 95.768852 6.358931  -0.737213 0.217657 -0.639642  0.900011 0.525924 1 0 1.000000
skin_0dam
0  -35.978729 95.768852 6.358931  -0.737213 0.217657 -0.639642  0.900011 0.525924 1 0 1.000000
0  -36.708210 95.906487 7.418747  -0.848113 0.214900 -0.484275  0.904446 0.532367 1 0 1.000000
0  -35.730980 100.806419 8.024358  -0.841323 0.233219 -0.487631  0.898505 0.536049 1 0 1.000000
skin_0dam
0  -36.708210 95.906487 7.418747  -0.848113 0.214900 -0.484275  0.904446 0.532367 1 0 1.000000
0  -35.978729 95.768852 6.358931  -0.737213 0.217657 -0.639642  0.900011 0.525924 1 0 1.000000
0  -37.052307 89.258545 5.519333  -0.738441 0.237135 -0.631247  0.906538 0.520819 1 0 1.000000
skin_0dam
0  -37.052307 89.258545 5.519333  -0.738441 0.237135 -0.631247  0.906538 0.520819 1 0 1.000000
0  -37.809319 89.299850 6.592914  -0.854150 0.244732 -0.458839  0.911141 0.527346 1 0 1.000000
0  -36.708210 95.906487 7.418747  -0.848113 0.214900 -0.484275  0.904446 0.532367 1 0 1.000000
skin_0dam
0  -37.809319 89.299850 6.592914  -0.854150 0.244732 -0.458839  0.911141 0.527346 1 0 1.000000
0  -37.052307 89.258545 5.519333  -0.738441 0.237135 -0.631247  0.906538 0.520819 1 0 1.000000
0  -37.547802 87.455482 5.285348  -0.731290 0.217087 -0.646597  0.909551 0.519397 1 0 1.000000
skin_0dam
0  -37.547802 87.455482 5.285348  -0.731290 0.217087 -0.646597  0.909551 0.519397 1 0 1.000000
0  -38.332340 87.414192 6.345164  -0.858713 0.216810 -0.464332  0.914320 0.525840 1 0 1.000000
0  -37.809319 89.299850 6.592914  -0.854150 0.244732 -0.458839  0.911141 0.527346 1 0 1.000000
skin_0dam
0  -38.469982 89.203491 8.340923  -0.936896 0.234125 -0.259638  0.915157 0.537974 1 0 1.000000
0  -37.809319 89.299850 6.592914  -0.854150 0.244732 -0.458839  0.911141 0.527346 1 0 1.000000
0  -38.332340 87.414192 6.345164  -0.858713 0.216810 -0.464332  0.914320 0.525840 1 0 1.000000
skin_0dam
0  -38.332340 87.414192 6.345164  -0.858713 0.216810 -0.464332  0.914320 0.525840 1 0 1.000000
0  -39.048061 87.290314 8.065644  -0.931033 0.223888 -0.288187  0.918672 0.536300 1 0 1.000000
0  -38.469982 89.203491 8.340923  -0.936896 0.234125 -0.259638  0.915157 0.537974 1 0 1.000000
skin_0dam
0  -39.928944 86.904938 11.272621  -0.966696 0.143495 -0.211913  0.924027 0.555798 1 0 1.000000
0  -39.061825 87.070099 8.051881  -0.942997 0.119728 -0.310520  0.918755 0.536216 1 0 1.000000
0  -39.956470 86.684708 11.258858  -0.968871 0.115821 -0.218804  0.924195 0.555714 1 0 1.000000
skin_0dam
0  -39.928944 86.904938 11.272621  -0.966696 0.143495 -0.211913  0.924027 0.555798 1 0 1.000000
0  -39.048061 87.290314 8.065644  -0.931033 0.223888 -0.288187  0.918672 0.536300 1 0 1.000000
0  -39.061825 87.070099 8.051881  -0.942997 0.119728 -0.310520  0.918755 0.536216 1 0 1.000000
skin_0dam
0  -38.359867 87.207733 6.331401  -0.867626 0.135029 -0.478531  0.914488 0.525757 1 0 1.000000
0  -39.061825 87.070099 8.051881  -0.942997 0.119728 -0.310520  0.918755 0.536216 1 0 1.000000
0  -39.048061 87.290314 8.065644  -0.931033 0.223888 -0.288187  0.918672 0.536300 1 0 1.000000
skin_0dam
0  -39.048061 87.290314 8.065644  -0.931033 0.223888 -0.288187  0.918672 0.536300 1 0 1.000000
0  -38.332340 87.414192 6.345164  -0.858713 0.216810 -0.464332  0.914320 0.525840 1 0 1.000000
0  -38.359867 87.207733 6.331401  -0.867626 0.135029 -0.478531  0.914488 0.525757 1 0 1.000000
skin_0dam
0  -37.575329 87.262787 5.257820  -0.738819 0.151790 -0.656587  0.909718 0.519230 1 0 1.000000
0  -38.359867 87.207733 6.331401  -0.867626 0.135029 -0.478531  0.914488 0.525757 1 0 1.000000
0  -38.332340 87.414192 6.345164  -0.858713 0.216810 -0.464332  0.914320 0.525840 1 0 1.000000
skin_0dam
0  -38.332340 87.414192 6.345164  -0.858713 0.216810 -0.464332  0.914320 0.525840 1 0 1.000000
0  -37.547802 87.455482 5.285348  -0.731290 0.217087 -0.646597  0.909551 0.519397 1 0 1.000000
0  -37.575329 87.262787 5.257820  -0.738819 0.151790 -0.656587  0.909718 0.519230 1 0 1.000000
skin_0dam
0  -35.882378 87.290314 3.730033  -0.664711 0.170456 -0.727396  0.899425 0.509941 1 0 1.000000
0  -37.575329 87.262787 5.257820  -0.738819 0.151790 -0.656587  0.909718 0.519230 1 0 1.000000
0  -37.547802 87.455482 5.285348  -0.731290 0.217087 -0.646597  0.909551 0.519397 1 0 1.000000
skin_0dam
0  -37.547802 87.455482 5.285348  -0.731290 0.217087 -0.646597  0.909551 0.519397 1 0 1.000000
0  -35.868614 87.483009 3.743796  -0.672039 0.205995 -0.711287  0.899342 0.510025 1 0 1.000000
0  -35.882378 87.290314 3.730033  -0.664711 0.170456 -0.727396  0.899425 0.509941 1 0 1.000000
skin_0dam
0  -35.868614 87.483009 3.743796  -0.672039 0.205995 -0.711287  0.899342 0.510025 1 0 1.000000
0  -37.547802 87.455482 5.285348  -0.731290 0.217087 -0.646597  0.909551 0.519397 1 0 1.000000
0  -37.052307 89.258545 5.519333  -0.738441 0.237135 -0.631247  0.906538 0.520819 1 0 1.000000
skin_0dam
0  -37.052307 89.258545 5.519333  -0.738441 0.237135 -0.631247  0.906538 0.520819 1 0 1.000000
0  -35.579575 89.134674 3.964018  -0.700000 0.208101 -0.683150  0.897584 0.511364 1 0 1.000000
0  -35.868614 87.483009 3.743796  -0.672039 0.205995 -0.711287  0.899342 0.510025 1 0 1.000000
skin_0dam
0  -35.579575 89.134674 3.964018  -0.700000 0.208101 -0.683150  0.897584 0.511364 1 0 1.000000
0  -37.052307 89.258545 5.519333  -0.738441 0.237135 -0.631247  0.906538 0.520819 1 0 1.000000
0  -35.978729 95.768852 6.358931  -0.737213 0.217657 -0.639642  0.900011 0.525924 1 0 1.000000
skin_0dam
0  -35.978729 95.768852 6.358931  -0.737213 0.217657 -0.639642  0.900011 0.525924 1 0 1.000000
0  -34.492229 95.493576 4.858670  -0.672822 0.219089 -0.706619  0.890974 0.516803 1 0 1.000000
0  -35.579575 89.134674 3.964018  -0.700000 0.208101 -0.683150  0.897584 0.511364 1 0 1.000000
skin_0dam
0  -34.492229 95.493576 4.858670  -0.672822 0.219089 -0.706619  0.890974 0.516803 1 0 1.000000
0  -35.978729 95.768852 6.358931  -0.737213 0.217657 -0.639642  0.900011 0.525924 1 0 1.000000
0  -35.070316 100.352211 6.950778  -0.730893 0.228272 -0.643186  0.894488 0.529522 1 0 1.000000
skin_0dam
0  -35.070316 100.352211 6.950778  -0.730893 0.228272 -0.643186  0.894488 0.529522 1 0 1.000000
0  -33.804039 99.471321 5.464281  -0.671565 0.224266 -0.706190  0.886790 0.520485 1 0 1.000000
0  -34.492229 95.493576 4.858670  -0.672822 0.219089 -0.706619  0.890974 0.516803 1 0 1.000000
skin_0dam
0  -37.575329 87.262787 5.257820  -0.738819 0.151790 -0.656587  0.909718 0.519230 1 0 1.000000
0  -35.882378 87.290314 3.730033  -0.664711 0.170456 -0.727396  0.899425 0.509941 1 0 1.000000
0  -36.157650 84.964226 3.413463  -0.673268 0.161696 -0.721501  0.901099 0.508016 1 0 1.000000
skin_0dam
0  -36.157650 84.964226 3.413463  -0.673268 0.161696 -0.721501  0.901099 0.508016 1 0 1.000000
0  -37.768024 84.950462 4.941251  -0.745251 0.147648 -0.650232  0.910890 0.517305 1 0 1.000000
0  -37.575329 87.262787 5.257820  -0.738819 0.151790 -0.656587  0.909718 0.519230 1 0 1.000000
skin_0dam
0  -38.359867 87.207733 6.331401  -0.867626 0.135029 -0.478531  0.914488 0.525757 1 0 1.000000
0  -37.575329 87.262787 5.257820  -0.738819 0.151790 -0.656587  0.909718 0.519230 1 0 1.000000
0  -37.768024 84.950462 4.941251  -0.745251 0.147648 -0.650232  0.910890 0.517305 1 0 1.000000
skin_0dam
0  -37.768024 84.950462 4.941251  -0.745251 0.147648 -0.650232  0.910890 0.517305 1 0 1.000000
0  -38.580090 84.909172 6.083650  -0.870655 0.132619 -0.473680  0.915827 0.524250 1 0 1.000000
0  -38.359867 87.207733 6.331401  -0.867626 0.135029 -0.478531  0.914488 0.525757 1 0 1.000000
skin_0dam
0  -39.061825 87.070099 8.051881  -0.942997 0.119728 -0.310520  0.918755 0.536216 1 0 1.000000
0  -38.359867 87.207733 6.331401  -0.867626 0.135029 -0.478531  0.914488 0.525757 1 0 1.000000
0  -38.580090 84.909172 6.083650  -0.870655 0.132619 -0.473680  0.915827 0.524250 1 0 1.000000
skin_0dam
0  -38.580090 84.909172 6.083650  -0.870655 0.132619 -0.473680  0.915827 0.524250 1 0 1.000000
0  -39.282047 84.785301 7.817895  -0.944061 0.119444 -0.307379  0.920094 0.534794 1 0 1.000000
0  -39.061825 87.070099 8.051881  -0.942997 0.119728 -0.310520  0.918755 0.536216 1 0 1.000000
skin_0dam
0  -39.956470 86.684708 11.258858  -0.968871 0.115821 -0.218804  0.924195 0.555714 1 0 1.000000
0  -39.061825 87.070099 8.051881  -0.942997 0.119728 -0.310520  0.918755 0.536216 1 0 1.000000
0  -39.282047 84.785301 7.817895  -0.944061 0.119444 -0.307379  0.920094 0.534794 1 0 1.000000
skin_0dam
0  -39.282047 84.785301 7.817895  -0.944061 0.119444 -0.307379  0.920094 0.534794 1 0 1.000000
0  -40.204220 84.331093 11.148746  -0.969823 0.114430 -0.215288  0.925701 0.555044 1 0 1.000000
0  -39.956470 86.684708 11.258858  -0.968871 0.115821 -0.218804  0.924195 0.555714 1 0 1.000000
skin_0dam
0  -41.346622 85.542297 23.384811  -0.981933 0.189074 0.007642  0.932646 0.629436 1 0 1.000000
0  -40.589611 89.162193 25.490677  -0.979923 0.198987 0.012421  0.928044 0.642239 1 0 1.000000
0  -40.066586 91.942490 22.256174  -0.977357 0.211157 -0.013605  0.924864 0.622574 1 0 1.000000
skin_0dam
0  -40.066586 91.942490 22.256174  -0.977357 0.211157 -0.013605  0.924864 0.622574 1 0 1.000000
0  -40.878651 87.648178 19.998901  -0.978570 0.200230 -0.048050  0.929801 0.608851 1 0 1.000000
0  -41.346622 85.542297 23.384811  -0.981933 0.189074 0.007642  0.932646 0.629436 1 0 1.000000
skin_0dam
0  -40.245518 89.354897 16.034914  -0.975436 0.192324 -0.107405  0.925952 0.584751 1 0 1.000000
0  -40.878651 87.648178 19.998901  -0.978570 0.200230 -0.048050  0.929801 0.608851 1 0 1.000000
0  -40.066586 91.942490 22.256174  -0.977357 0.211157 -0.013605  0.924864 0.622574 1 0 1.000000
skin_0dam
0  -40.878651 87.648178 19.998901  -0.978570 0.200230 -0.048050  0.929801 0.608851 1 0 1.000000
0  -40.245518 89.354897 16.034914  -0.975436 0.192324 -0.107405  0.925952 0.584751 1 0 1.000000
0  -40.727245 86.189201 15.126500  -0.973195 0.189526 -0.130273  0.928881 0.579228 1 0 1.000000
skin_0dam
0  -39.901417 87.125153 11.300150  -0.963988 0.173315 -0.201713  0.923860 0.555965 1 0 1.000000
0  -40.727245 86.189201 15.126500  -0.973195 0.189526 -0.130273  0.928881 0.579228 1 0 1.000000
0  -40.245518 89.354897 16.034914  -0.975436 0.192324 -0.107405  0.925952 0.584751 1 0 1.000000
skin_0dam
0  -40.727245 86.189201 15.126500  -0.973195 0.189526 -0.130273  0.928881 0.579228 1 0 1.000000
0  -39.901417 87.125153 11.300150  -0.963988 0.173315 -0.201713  0.923860 0.555965 1 0 1.000000
0  -39.928944 86.904938 11.272621  -0.966696 0.143495 -0.211913  0.924027 0.555798 1 0 1.000000
skin_0dam
0  -39.928944 86.904938 11.272621  -0.966696 0.143495 -0.211913  0.924027 0.555798 1 0 1.000000
0  -40.754772 85.996513 15.071444  -0.977766 0.147260 -0.149292  0.929048 0.578893 1 0 1.000000
0  -40.727245 86.189201 15.126500  -0.973195 0.189526 -0.130273  0.928881 0.579228 1 0 1.000000
skin_0dam
0  -40.754772 85.996513 15.071444  -0.977766 0.147260 -0.149292  0.929048 0.578893 1 0 1.000000
0  -39.928944 86.904938 11.272621  -0.966696 0.143495 -0.211913  0.924027 0.555798 1 0 1.000000
0  -39.956470 86.684708 11.258858  -0.968871 0.115821 -0.218804  0.924195 0.555714 1 0 1.000000
skin_0dam
0  -39.956470 86.684708 11.258858  -0.968871 0.115821 -0.218804  0.924195 0.555714 1 0 1.000000
0  -40.768536 85.803818 15.016388  -0.981056 0.102795 -0.164204  0.929132 0.578559 1 0 1.000000
0  -40.754772 85.996513 15.071444  -0.977766 0.147260 -0.149292  0.929048 0.578893 1 0 1.000000
skin_0dam
0  -40.768536 85.803818 15.016388  -0.981056 0.102795 -0.164204  0.929132 0.578559 1 0 1.000000
0  -39.956470 86.684708 11.258858  -0.968871 0.115821 -0.218804  0.924195 0.555714 1 0 1.000000
0  -40.204220 84.331093 11.148746  -0.969823 0.114430 -0.215288  0.925701 0.555044 1 0 1.000000
skin_0dam
0  -40.204220 84.331093 11.148746  -0.969823 0.114430 -0.215288  0.925701 0.555044 1 0 1.000000
0  -40.878651 83.574074 14.300668  -0.981217 0.101718 -0.163913  0.929801 0.574207 1 0 1.000000
0  -40.768536 85.803818 15.016388  -0.981056 0.102795 -0.164204  0.929132 0.578559 1 0 1.000000
skin_0dam
0  -40.768536 85.803818 15.016388  -0.981056 0.102795 -0.164204  0.929132 0.578559 1 0 1.000000
0  -40.878651 83.574074 14.300668  -0.981217 0.101718 -0.163913  0.929801 0.574207 1 0 1.000000
0  -41.429203 82.514259 17.301186  -0.988632 0.085357 -0.123777  0.933148 0.592449 1 0 1.000000
skin_0dam
0  -41.429203 82.514259 17.301186  -0.988632 0.085357 -0.123777  0.933148 0.592449 1 0 1.000000
0  -41.374149 84.551308 18.388533  -0.988527 0.087905 -0.122832  0.932814 0.599060 1 0 1.000000
0  -40.768536 85.803818 15.016388  -0.981056 0.102795 -0.164204  0.929132 0.578559 1 0 1.000000
skin_0dam
0  -41.842117 82.844589 21.485395  -0.994000 0.057463 -0.093073  0.935659 0.617888 1 0 1.000000
0  -41.374149 84.551308 18.388533  -0.988527 0.087905 -0.122832  0.932814 0.599060 1 0 1.000000
0  -41.429203 82.514259 17.301186  -0.988632 0.085357 -0.123777  0.933148 0.592449 1 0 1.000000
skin_0dam
0  -41.374149 84.730240 18.484879  -0.984501 0.147654 -0.094636  0.932814 0.599646 1 0 1.000000
0  -41.374149 84.551308 18.388533  -0.988527 0.087905 -0.122832  0.932814 0.599060 1 0 1.000000
0  -41.842117 82.844589 21.485395  -0.994000 0.057463 -0.093073  0.935659 0.617888 1 0 1.000000
skin_0dam
0  -41.842117 82.844589 21.485395  -0.994000 0.057463 -0.093073  0.935659 0.617888 1 0 1.000000
0  -41.842117 82.995987 21.609272  -0.990707 0.128380 -0.044929  0.935659 0.618641 1 0 1.000000
0  -41.374149 84.730240 18.484879  -0.984501 0.147654 -0.094636  0.932814 0.599646 1 0 1.000000
skin_0dam
0  -41.346622 84.922928 18.581226  -0.977142 0.201421 -0.067990  0.932646 0.600232 1 0 1.000000
0  -41.374149 84.730240 18.484879  -0.984501 0.147654 -0.094636  0.932814 0.599646 1 0 1.000000
0  -41.842117 82.995987 21.609272  -0.990707 0.128380 -0.044929  0.935659 0.618641 1 0 1.000000
skin_0dam
0  -41.842117 82.995987 21.609272  -0.990707 0.128380 -0.044929  0.935659 0.618641 1 0 1.000000
0  -41.814590 83.133629 21.705616  -0.982338 0.187114 -0.000416  0.935491 0.619227 1 0 1.000000
0  -41.346622 84.922928 18.581226  -0.977142 0.201421 -0.067990  0.932646 0.600232 1 0 1.000000
skin_0dam
0  -40.754772 85.996513 15.071444  -0.977766 0.147260 -0.149292  0.929048 0.578893 1 0 1.000000
0  -40.768536 85.803818 15.016388  -0.981056 0.102795 -0.164204  0.929132 0.578559 1 0 1.000000
0  -41.374149 84.551308 18.388533  -0.988527 0.087905 -0.122832  0.932814 0.599060 1 0 1.000000
skin_0dam
0  -41.374149 84.551308 18.388533  -0.988527 0.087905 -0.122832  0.932814 0.599060 1 0 1.000000
0  -41.374149 84.730240 18.484879  -0.984501 0.147654 -0.094636  0.932814 0.599646 1 0 1.000000
0  -40.754772 85.996513 15.071444  -0.977766 0.147260 -0.149292  0.929048 0.578893 1 0 1.000000
skin_0dam
0  -40.754772 85.996513 15.071444  -0.977766 0.147260 -0.149292  0.929048 0.578893 1 0 1.000000
0  -41.374149 84.730240 18.484879  -0.984501 0.147654 -0.094636  0.932814 0.599646 1 0 1.000000
0  -41.346622 84.922928 18.581226  -0.977142 0.201421 -0.067990  0.932646 0.600232 1 0 1.000000
skin_0dam
0  -41.346622 84.922928 18.581226  -0.977142 0.201421 -0.067990  0.932646 0.600232 1 0 1.000000
0  -40.727245 86.189201 15.126500  -0.973195 0.189526 -0.130273  0.928881 0.579228 1 0 1.000000
0  -40.754772 85.996513 15.071444  -0.977766 0.147260 -0.149292  0.929048 0.578893 1 0 1.000000
skin_0dam
0  -40.727245 86.189201 15.126500  -0.973195 0.189526 -0.130273  0.928881 0.579228 1 0 1.000000
0  -41.346622 84.922928 18.581226  -0.977142 0.201421 -0.067990  0.932646 0.600232 1 0 1.000000
0  -40.878651 87.648178 19.998901  -0.978570 0.200230 -0.048050  0.929801 0.608851 1 0 1.000000
skin_0dam
0  -42.089867 78.880600 22.503922  -0.997001 0.029751 -0.071435  0.937165 0.624080 1 0 1.000000
0  -42.172451 80.504738 24.279459  -0.996782 0.032335 -0.073350  0.937667 0.634875 1 0 1.000000
0  -41.842117 82.844589 21.485395  -0.994000 0.057463 -0.093073  0.935659 0.617888 1 0 1.000000
skin_0dam
0  -41.842117 82.844589 21.485395  -0.994000 0.057463 -0.093073  0.935659 0.617888 1 0 1.000000
0  -41.814590 80.945183 20.026428  -0.994397 0.054198 -0.090758  0.935491 0.609018 1 0 1.000000
0  -42.089867 78.880600 22.503922  -0.997001 0.029751 -0.071435  0.937165 0.624080 1 0 1.000000
skin_0dam
0  -41.429203 82.514259 17.301186  -0.988632 0.085357 -0.123777  0.933148 0.592449 1 0 1.000000
0  -41.814590 80.945183 20.026428  -0.994397 0.054198 -0.090758  0.935491 0.609018 1 0 1.000000
0  -41.842117 82.844589 21.485395  -0.994000 0.057463 -0.093073  0.935659 0.617888 1 0 1.000000
skin_0dam
0  -42.172451 80.504738 24.279459  -0.996782 0.032335 -0.073350  0.937667 0.634875 1 0 1.000000
0  -42.227509 79.747719 24.981415  -0.997717 0.020329 -0.064394  0.938002 0.639143 1 0 1.000000
0  -42.227509 80.022995 24.995178  -0.997075 0.076209 -0.005769  0.938002 0.639226 1 0 1.000000
skin_0dam
0  -42.227509 79.747719 24.981415  -0.997717 0.020329 -0.064394  0.938002 0.639143 1 0 1.000000
0  -42.172451 80.504738 24.279459  -0.996782 0.032335 -0.073350  0.937667 0.634875 1 0 1.000000
0  -42.089867 78.880600 22.503922  -0.997001 0.029751 -0.071435  0.937165 0.624080 1 0 1.000000
skin_0dam
0  -42.089867 78.880600 22.503922  -0.997001 0.029751 -0.071435  0.937165 0.624080 1 0 1.000000
0  -42.268799 76.045242 24.692373  -0.998515 0.013307 -0.052825  0.938253 0.637386 1 0 1.000000
0  -42.227509 79.747719 24.981415  -0.997717 0.020329 -0.064394  0.938002 0.639143 1 0 1.000000
skin_0dam
0  -42.227509 80.022995 24.995178  -0.997075 0.076209 -0.005769  0.938002 0.639226 1 0 1.000000
0  -42.241272 79.857834 25.160345  -0.979924 0.066434 0.187976  0.938085 0.640231 1 0 1.000000
0  -42.213741 80.091820 25.160345  -0.963087 0.118968 0.241474  0.937918 0.640231 1 0 1.000000
skin_0dam
0  -42.241272 79.857834 25.160345  -0.979924 0.066434 0.187976  0.938085 0.640231 1 0 1.000000
0  -42.227509 80.022995 24.995178  -0.997075 0.076209 -0.005769  0.938002 0.639226 1 0 1.000000
0  -42.227509 79.747719 24.981415  -0.997717 0.020329 -0.064394  0.938002 0.639143 1 0 1.000000
skin_0dam
0  -42.227509 79.747719 24.981415  -0.997717 0.020329 -0.064394  0.938002 0.639143 1 0 1.000000
0  -42.241272 79.582550 25.132818  -0.992183 0.006148 0.124640  0.938085 0.640063 1 0 1.000000
0  -42.241272 79.857834 25.160345  -0.979924 0.066434 0.187976  0.938085 0.640231 1 0 1.000000
skin_0dam
0  -42.241272 79.582550 25.132818  -0.992183 0.006148 0.124640  0.938085 0.640063 1 0 1.000000
0  -42.227509 79.747719 24.981415  -0.997717 0.020329 -0.064394  0.938002 0.639143 1 0 1.000000
0  -42.268799 76.045242 24.692373  -0.998515 0.013307 -0.052825  0.938253 0.637386 1 0 1.000000
skin_0dam
0  -42.268799 76.045242 24.692373  -0.998515 0.013307 -0.052825  0.938253 0.637386 1 0 1.000000
0  -42.282562 75.756210 24.857536  -0.983076 -0.008129 0.183017  0.938337 0.638390 1 0 1.000000
0  -42.241272 79.582550 25.132818  -0.992183 0.006148 0.124640  0.938085 0.640063 1 0 1.000000
skin_0dam
0  -41.842117 82.995987 21.609272  -0.990707 0.128380 -0.044929  0.935659 0.618641 1 0 1.000000
0  -41.842117 82.844589 21.485395  -0.994000 0.057463 -0.093073  0.935659 0.617888 1 0 1.000000
0  -42.172451 80.504738 24.279459  -0.996782 0.032335 -0.073350  0.937667 0.634875 1 0 1.000000
skin_0dam
0  -42.172451 80.504738 24.279459  -0.996782 0.032335 -0.073350  0.937667 0.634875 1 0 1.000000
0  -42.172451 80.642372 24.417097  -0.995598 0.092236 -0.016619  0.937667 0.635712 1 0 1.000000
0  -41.842117 82.995987 21.609272  -0.990707 0.128380 -0.044929  0.935659 0.618641 1 0 1.000000
skin_0dam
0  -42.227509 80.022995 24.995178  -0.997075 0.076209 -0.005769  0.938002 0.639226 1 0 1.000000
0  -42.172451 80.642372 24.417097  -0.995598 0.092236 -0.016619  0.937667 0.635712 1 0 1.000000
0  -42.172451 80.504738 24.279459  -0.996782 0.032335 -0.073350  0.937667 0.634875 1 0 1.000000
skin_0dam
0  -42.172451 80.642372 24.417097  -0.995598 0.092236 -0.016619  0.937667 0.635712 1 0 1.000000
0  -42.227509 80.022995 24.995178  -0.997075 0.076209 -0.005769  0.938002 0.639226 1 0 1.000000
0  -42.199978 80.270752 24.995178  -0.990251 0.129150 0.052185  0.937834 0.639226 1 0 1.000000
skin_0dam
0  -42.213741 80.091820 25.160345  -0.963087 0.118968 0.241474  0.937918 0.640231 1 0 1.000000
0  -42.199978 80.270752 24.995178  -0.990251 0.129150 0.052185  0.937834 0.639226 1 0 1.000000
0  -42.227509 80.022995 24.995178  -0.997075 0.076209 -0.005769  0.938002 0.639226 1 0 1.000000
skin_0dam
0  -42.199978 80.270752 24.995178  -0.990251 0.129150 0.052185  0.937834 0.639226 1 0 1.000000
0  -42.213741 80.091820 25.160345  -0.963087 0.118968 0.241474  0.937918 0.640231 1 0 1.000000
0  -42.048576 81.344322 25.201635  -0.965428 0.137055 0.221730  0.936914 0.640482 1 0 1.000000
skin_0dam
0  -42.048576 81.344322 25.201635  -0.965428 0.137055 0.221730  0.936914 0.640482 1 0 1.000000
0  -42.076103 81.179161 25.022705  -0.988299 0.148290 0.035718  0.937081 0.639394 1 0 1.000000
0  -42.199978 80.270752 24.995178  -0.990251 0.129150 0.052185  0.937834 0.639226 1 0 1.000000
skin_0dam
0  -42.076103 81.179161 25.022705  -0.988299 0.148290 0.035718  0.937081 0.639394 1 0 1.000000
0  -42.158688 80.766251 24.554735  -0.988492 0.146865 0.036266  0.937583 0.636549 1 0 1.000000
0  -42.199978 80.270752 24.995178  -0.990251 0.129150 0.052185  0.937834 0.639226 1 0 1.000000
skin_0dam
0  -42.076103 81.179161 25.022705  -0.988299 0.148290 0.035718  0.937081 0.639394 1 0 1.000000
0  -41.814590 83.133629 21.705616  -0.982338 0.187114 -0.000416  0.935491 0.619227 1 0 1.000000
0  -42.158688 80.766251 24.554735  -0.988492 0.146865 0.036266  0.937583 0.636549 1 0 1.000000
skin_0dam
0  -42.158688 80.766251 24.554735  -0.988492 0.146865 0.036266  0.937583 0.636549 1 0 1.000000
0  -41.814590 83.133629 21.705616  -0.982338 0.187114 -0.000416  0.935491 0.619227 1 0 1.000000
0  -41.842117 82.995987 21.609272  -0.990707 0.128380 -0.044929  0.935659 0.618641 1 0 1.000000
skin_0dam
0  -41.842117 82.995987 21.609272  -0.990707 0.128380 -0.044929  0.935659 0.618641 1 0 1.000000
0  -42.172451 80.642372 24.417097  -0.995598 0.092236 -0.016619  0.937667 0.635712 1 0 1.000000
0  -42.158688 80.766251 24.554735  -0.988492 0.146865 0.036266  0.937583 0.636549 1 0 1.000000
skin_0dam
0  -42.199978 80.270752 24.995178  -0.990251 0.129150 0.052185  0.937834 0.639226 1 0 1.000000
0  -42.158688 80.766251 24.554735  -0.988492 0.146865 0.036266  0.937583 0.636549 1 0 1.000000
0  -42.172451 80.642372 24.417097  -0.995598 0.092236 -0.016619  0.937667 0.635712 1 0 1.000000
skin_0dam
0  -40.878651 87.648178 19.998901  -0.978570 0.200230 -0.048050  0.929801 0.608851 1 0 1.000000
0  -41.346622 84.922928 18.581226  -0.977142 0.201421 -0.067990  0.932646 0.600232 1 0 1.000000
0  -41.814590 83.133629 21.705616  -0.982338 0.187114 -0.000416  0.935491 0.619227 1 0 1.000000
skin_0dam
0  -41.814590 83.133629 21.705616  -0.982338 0.187114 -0.000416  0.935491 0.619227 1 0 1.000000
0  -41.346622 85.542297 23.384811  -0.981933 0.189074 0.007642  0.932646 0.629436 1 0 1.000000
0  -40.878651 87.648178 19.998901  -0.978570 0.200230 -0.048050  0.929801 0.608851 1 0 1.000000
skin_0dam
0  -42.076103 81.179161 25.022705  -0.988299 0.148290 0.035718  0.937081 0.639394 1 0 1.000000
0  -41.346622 85.542297 23.384811  -0.981933 0.189074 0.007642  0.932646 0.629436 1 0 1.000000
0  -41.814590 83.133629 21.705616  -0.982338 0.187114 -0.000416  0.935491 0.619227 1 0 1.000000
skin_0dam
0  -42.076103 81.179161 25.022705  -0.988299 0.148290 0.035718  0.937081 0.639394 1 0 1.000000
0  -41.594368 84.042046 25.201637  -0.983901 0.177758 0.018446  0.934153 0.640482 1 0 1.000000
0  -41.346622 85.542297 23.384811  -0.981933 0.189074 0.007642  0.932646 0.629436 1 0 1.000000
skin_0dam
0  -41.594368 84.042046 25.201637  -0.983901 0.177758 0.018446  0.934153 0.640482 1 0 1.000000
0  -42.076103 81.179161 25.022705  -0.988299 0.148290 0.035718  0.937081 0.639394 1 0 1.000000
0  -42.048576 81.344322 25.201635  -0.965428 0.137055 0.221730  0.936914 0.640482 1 0 1.000000
skin_0dam
0  -42.048576 81.344322 25.201635  -0.965428 0.137055 0.221730  0.936914 0.640482 1 0 1.000000
0  -41.608131 83.904404 25.353041  -0.964352 0.162440 0.208896  0.934236 0.641402 1 0 1.000000
0  -41.594368 84.042046 25.201637  -0.983901 0.177758 0.018446  0.934153 0.640482 1 0 1.000000
skin_0dam
0  -40.589611 89.162193 25.490677  -0.979923 0.198987 0.012421  0.928044 0.642239 1 0 1.000000
0  -41.594368 84.042046 25.201637  -0.983901 0.177758 0.018446  0.934153 0.640482 1 0 1.000000
0  -41.608131 83.904404 25.353041  -0.964352 0.162440 0.208896  0.934236 0.641402 1 0 1.000000
skin_0dam
0  -41.608131 83.904404 25.353041  -0.964352 0.162440 0.208896  0.934236 0.641402 1 0 1.000000
0  -40.575848 89.244774 25.655844  -0.961816 0.186739 0.200097  0.927960 0.643243 1 0 1.000000
0  -40.589611 89.162193 25.490677  -0.979923 0.198987 0.012421  0.928044 0.642239 1 0 1.000000
skin_0dam
0  -41.346622 85.542297 23.384811  -0.981933 0.189074 0.007642  0.932646 0.629436 1 0 1.000000
0  -41.594368 84.042046 25.201637  -0.983901 0.177758 0.018446  0.934153 0.640482 1 0 1.000000
0  -40.589611 89.162193 25.490677  -0.979923 0.198987 0.012421  0.928044 0.642239 1 0 1.000000
skin_0dam
0  -40.066586 91.942490 22.256174  -0.977357 0.211157 -0.013605  0.924864 0.622574 1 0 1.000000
0  -40.589611 89.162193 25.490677  -0.979923 0.198987 0.012421  0.928044 0.642239 1 0 1.000000
0  -39.116879 95.961533 25.876068  -0.973599 0.226315 0.029783  0.919090 0.644582 1 0 1.000000
skin_0dam
0  -39.130642 95.865189 26.041235  -0.952385 0.210834 0.220253  0.919174 0.645586 1 0 1.000000
0  -39.116879 95.961533 25.876068  -0.973599 0.226315 0.029783  0.919090 0.644582 1 0 1.000000
0  -40.589611 89.162193 25.490677  -0.979923 0.198987 0.012421  0.928044 0.642239 1 0 1.000000
skin_0dam
0  -40.589611 89.162193 25.490677  -0.979923 0.198987 0.012421  0.928044 0.642239 1 0 1.000000
0  -40.575848 89.244774 25.655844  -0.961816 0.186739 0.200097  0.927960 0.643243 1 0 1.000000
0  -39.130642 95.865189 26.041235  -0.952385 0.210834 0.220253  0.919174 0.645586 1 0 1.000000
skin_0dam
0  -39.089352 95.755081 26.192638  -0.896820 0.183141 0.402707  0.918923 0.646507 1 0 1.000000
0  -39.130642 95.865189 26.041235  -0.952385 0.210834 0.220253  0.919174 0.645586 1 0 1.000000
0  -40.575848 89.244774 25.655844  -0.961816 0.186739 0.200097  0.927960 0.643243 1 0 1.000000
skin_0dam
0  -40.575848 89.244774 25.655844  -0.961816 0.186739 0.200097  0.927960 0.643243 1 0 1.000000
0  -40.493267 89.313606 25.834774  -0.907753 0.168819 0.384037  0.927458 0.644331 1 0 1.000000
0  -39.089352 95.755081 26.192638  -0.896820 0.183141 0.402707  0.918923 0.646507 1 0 1.000000
skin_0dam
0  -40.493267 89.313606 25.834774  -0.907753 0.168819 0.384037  0.927458 0.644331 1 0 1.000000
0  -40.575848 89.244774 25.655844  -0.961816 0.186739 0.200097  0.927960 0.643243 1 0 1.000000
0  -41.608131 83.904404 25.353041  -0.964352 0.162440 0.208896  0.934236 0.641402 1 0 1.000000
skin_0dam
0  -41.608131 83.904404 25.353041  -0.964352 0.162440 0.208896  0.934236 0.641402 1 0 1.000000
0  -41.566841 83.752998 25.518206  -0.910294 0.137941 0.390305  0.933985 0.642406 1 0 1.000000
0  -40.493267 89.313606 25.834774  -0.907753 0.168819 0.384037  0.927458 0.644331 1 0 1.000000
skin_0dam
0  -41.566841 83.752998 25.518206  -0.910294 0.137941 0.390305  0.933985 0.642406 1 0 1.000000
0  -41.608131 83.904404 25.353041  -0.964352 0.162440 0.208896  0.934236 0.641402 1 0 1.000000
0  -42.048576 81.344322 25.201635  -0.965428 0.137055 0.221730  0.936914 0.640482 1 0 1.000000
skin_0dam
0  -42.048576 81.344322 25.201635  -0.965428 0.137055 0.221730  0.936914 0.640482 1 0 1.000000
0  -41.952229 81.481964 25.380566  -0.906745 0.122865 0.403383  0.936328 0.641569 1 0 1.000000
0  -41.566841 83.752998 25.518206  -0.910294 0.137941 0.390305  0.933985 0.642406 1 0 1.000000
skin_0dam
0  -41.952229 81.481964 25.380566  -0.906745 0.122865 0.403383  0.936328 0.641569 1 0 1.000000
0  -42.048576 81.344322 25.201635  -0.965428 0.137055 0.221730  0.936914 0.640482 1 0 1.000000
0  -42.213741 80.091820 25.160345  -0.963087 0.118968 0.241474  0.937918 0.640231 1 0 1.000000
skin_0dam
0  -42.213741 80.091820 25.160345  -0.963087 0.118968 0.241474  0.937918 0.640231 1 0 1.000000
0  -42.158688 79.899124 25.311749  -0.898502 0.107772 0.425534  0.937583 0.641151 1 0 1.000000
0  -41.952229 81.481964 25.380566  -0.906745 0.122865 0.403383  0.936328 0.641569 1 0 1.000000
skin_0dam
0  -42.158688 79.899124 25.311749  -0.898502 0.107772 0.425534  0.937583 0.641151 1 0 1.000000
0  -42.213741 80.091820 25.160345  -0.963087 0.118968 0.241474  0.937918 0.640231 1 0 1.000000
0  -42.241272 79.857834 25.160345  -0.979924 0.066434 0.187976  0.938085 0.640231 1 0 1.000000
skin_0dam
0  -42.241272 79.857834 25.160345  -0.979924 0.066434 0.187976  0.938085 0.640231 1 0 1.000000
0  -42.186214 79.678902 25.311749  -0.937903 0.027120 0.345836  0.937751 0.641151 1 0 1.000000
0  -42.158688 79.899124 25.311749  -0.898502 0.107772 0.425534  0.937583 0.641151 1 0 1.000000
skin_0dam
0  -42.186214 79.678902 25.311749  -0.937903 0.027120 0.345836  0.937751 0.641151 1 0 1.000000
0  -42.241272 79.857834 25.160345  -0.979924 0.066434 0.187976  0.938085 0.640231 1 0 1.000000
0  -42.241272 79.582550 25.132818  -0.992183 0.006148 0.124640  0.938085 0.640063 1 0 1.000000
skin_0dam
0  -42.241272 79.582550 25.132818  -0.992183 0.006148 0.124640  0.938085 0.640063 1 0 1.000000
0  -42.186214 79.403625 25.297985  -0.951961 -0.009945 0.306057  0.937751 0.641067 1 0 1.000000
0  -42.186214 79.678902 25.311749  -0.937903 0.027120 0.345836  0.937751 0.641151 1 0 1.000000
skin_0dam
0  -42.186214 79.403625 25.297985  -0.951961 -0.009945 0.306057  0.937751 0.641067 1 0 1.000000
0  -42.241272 79.582550 25.132818  -0.992183 0.006148 0.124640  0.938085 0.640063 1 0 1.000000
0  -42.282562 75.756210 24.857536  -0.983076 -0.008129 0.183017  0.938337 0.638390 1 0 1.000000
skin_0dam
0  -42.282562 75.756210 24.857536  -0.983076 -0.008129 0.183017  0.938337 0.638390 1 0 1.000000
0  -42.241272 76.829788 25.091522  -0.988065 0.005367 0.153943  0.938085 0.639812 1 0 1.000000
0  -42.186214 79.403625 25.297985  -0.951961 -0.009945 0.306057  0.937751 0.641067 1 0 1.000000
skin_0dam
0  -42.282562 75.756210 24.857536  -0.983076 -0.008129 0.183017  0.938337 0.638390 1 0 1.000000
0  -42.241272 75.508461 25.008940  -0.970886 -0.013685 0.239150  0.938085 0.639310 1 0 1.000000
0  -42.241272 76.829788 25.091522  -0.988065 0.005367 0.153943  0.938085 0.639812 1 0 1.000000
skin_0dam
0  -11.823174 112.946129 21.774443  0.176324 0.979561 0.096803  0.753153 0.619645 1 0 1.000000
0  -11.520370 113.345276 18.856508  0.189779 0.974121 0.122771  0.751312 0.601905 1 0 1.000000
0  -11.740592 113.317749 18.856508  -0.104391 0.990563 0.088809  0.752651 0.601905 1 0 1.000000
skin_0dam
0  -11.740592 113.317749 18.856508  -0.104391 0.990563 0.088809  0.752651 0.601905 1 0 1.000000
0  -12.029632 112.891075 22.146065  -0.095314 0.986564 0.132690  0.754408 0.621905 1 0 1.000000
0  -11.823174 112.946129 21.774443  0.176324 0.979561 0.096803  0.753153 0.619645 1 0 1.000000
skin_0dam
0  10.412685 113.632858 22.196245  0.037886 0.992740 0.114160  0.616420 0.626591 1 0 1.000000
0  5.687327 113.797646 22.426706  0.019660 0.993665 0.110653  0.645122 0.626926 1 0 1.000000
0  5.787910 113.634171 23.855398  0.019213 0.993574 0.111540  0.644871 0.635628 1 0 1.000000
skin_0dam
0  5.787910 113.634171 23.855398  0.019213 0.993574 0.111540  0.644871 0.635628 1 0 1.000000
0  5.687327 113.797646 22.426706  0.019660 0.993665 0.110653  0.645122 0.626926 1 0 1.000000
0  -0.270828 113.764175 22.661596  -0.034281 0.993160 0.111616  0.681356 0.627009 1 0 1.000000
skin_0dam
0  -0.270828 113.764175 22.661596  -0.034281 0.993160 0.111616  0.681356 0.627009 1 0 1.000000
0  -0.211469 113.585358 24.078047  -0.033831 0.991150 0.128364  0.681356 0.635628 1 0 1.000000
0  5.787910 113.634171 23.855398  0.019213 0.993574 0.111540  0.644871 0.635628 1 0 1.000000
skin_0dam
0  -0.211469 113.585358 24.078047  -0.033831 0.991150 0.128364  0.681356 0.635628 1 0 1.000000
0  -0.270828 113.764175 22.661596  -0.034281 0.993160 0.111616  0.681356 0.627009 1 0 1.000000
0  -6.215393 113.345566 22.868437  -0.086176 0.989591 0.115250  0.717589 0.626926 1 0 1.000000
skin_0dam
0  -6.215393 113.345566 22.868437  -0.086176 0.989591 0.115250  0.717589 0.626926 1 0 1.000000
0  -6.197280 113.178955 24.300190  -0.085191 0.989719 0.114890  0.717840 0.635628 1 0 1.000000
0  -0.211469 113.585358 24.078047  -0.033831 0.991150 0.128364  0.681356 0.635628 1 0 1.000000
skin_0dam
0  -6.197280 113.178955 24.300190  -0.085191 0.989719 0.114890  0.717840 0.635628 1 0 1.000000
0  -6.215393 113.345566 22.868437  -0.086176 0.989591 0.115250  0.717589 0.626926 1 0 1.000000
0  -10.918752 112.822662 22.987894  -0.067216 0.985753 0.154182  0.746291 0.626591 1 0 1.000000
skin_0dam
0  -10.918752 112.822662 22.987894  -0.067216 0.985753 0.154182  0.746291 0.626591 1 0 1.000000
0  -12.311636 112.492241 24.485786  -0.103122 0.985494 0.134784  0.755161 0.635377 1 0 1.000000
0  -6.197280 113.178955 24.300190  -0.085191 0.989719 0.114890  0.717840 0.635628 1 0 1.000000
skin_0dam
0  -12.311636 112.492241 24.485786  -0.103122 0.985494 0.134784  0.755161 0.635377 1 0 1.000000
0  -10.918752 112.822662 22.987894  -0.067216 0.985753 0.154182  0.746291 0.626591 1 0 1.000000
0  -11.547897 112.849785 22.696621  -0.069214 0.984977 0.158207  0.751479 0.625252 1 0 1.000000
skin_0dam
0  -12.029632 112.891075 22.146065  -0.095314 0.986564 0.132690  0.754408 0.621905 1 0 1.000000
0  -12.311636 112.492241 24.485786  -0.103122 0.985494 0.134784  0.755161 0.635377 1 0 1.000000
0  -11.547897 112.849785 22.696621  -0.069214 0.984977 0.158207  0.751479 0.625252 1 0 1.000000
skin_0dam
0  -11.658009 112.904839 22.256176  0.134794 0.990825 -0.009783  0.752149 0.622574 1 0 1.000000
0  -12.029632 112.891075 22.146065  -0.095314 0.986564 0.132690  0.754408 0.621905 1 0 1.000000
0  -11.547897 112.849785 22.696621  -0.069214 0.984977 0.158207  0.751479 0.625252 1 0 1.000000
skin_0dam
0  -12.029632 112.891075 22.146065  -0.095314 0.986564 0.132690  0.754408 0.621905 1 0 1.000000
0  -11.658009 112.904839 22.256176  0.134794 0.990825 -0.009783  0.752149 0.622574 1 0 1.000000
0  -11.823174 112.946129 21.774443  0.176324 0.979561 0.096803  0.753153 0.619645 1 0 1.000000
skin_0dam
0  -11.823174 112.946129 21.774443  0.176324 0.979561 0.096803  0.753153 0.619645 1 0 1.000000
0  -11.658009 112.904839 22.256176  0.134794 0.990825 -0.009783  0.752149 0.622574 1 0 1.000000
0  -7.755252 110.837852 21.148827  0.287967 0.949856 0.121857  0.727128 0.616131 1 0 1.000000
skin_0dam
0  -11.520370 113.345276 18.856508  0.189779 0.974121 0.122771  0.751312 0.601905 1 0 1.000000
0  -11.823174 112.946129 21.774443  0.176324 0.979561 0.096803  0.753153 0.619645 1 0 1.000000
0  -7.755252 110.837852 21.148827  0.287967 0.949856 0.121857  0.727128 0.616131 1 0 1.000000
skin_0dam
0  -7.755252 110.837852 21.148827  0.287967 0.949856 0.121857  0.727128 0.616131 1 0 1.000000
0  -7.859524 111.540344 18.315392  0.220138 0.951189 0.216283  0.726961 0.598893 1 0 1.000000
0  -11.520370 113.345276 18.856508  0.189779 0.974121 0.122771  0.751312 0.601905 1 0 1.000000
skin_0dam
0  -7.859524 111.540344 18.315392  0.220138 0.951189 0.216283  0.726961 0.598893 1 0 1.000000
0  -7.755252 110.837852 21.148827  0.287967 0.949856 0.121857  0.727128 0.616131 1 0 1.000000
0  -7.550109 110.845680 21.113667  0.001722 0.972432 0.233178  0.725873 0.615963 1 0 1.000000
skin_0dam
0  -7.550109 110.845680 21.113667  0.001722 0.972432 0.233178  0.725873 0.615963 1 0 1.000000
0  -7.665048 111.533905 18.349495  -0.017329 0.969733 0.243554  0.725790 0.599144 1 0 1.000000
0  -7.859524 111.540344 18.315392  0.220138 0.951189 0.216283  0.726961 0.598893 1 0 1.000000
skin_0dam
0  -7.665048 111.533905 18.349495  -0.017329 0.969733 0.243554  0.725790 0.599144 1 0 1.000000
0  -7.550109 110.845680 21.113667  0.001722 0.972432 0.233178  0.725873 0.615963 1 0 1.000000
0  -7.337689 110.742958 21.532755  -0.002022 0.980685 0.195584  0.724702 0.618558 1 0 1.000000
skin_0dam
0  -7.337689 110.742958 21.532755  -0.002022 0.980685 0.195584  0.724702 0.618558 1 0 1.000000
0  -7.472116 111.541214 18.356110  -0.028110 0.969281 0.244342  0.724618 0.599227 1 0 1.000000
0  -7.665048 111.533905 18.349495  -0.017329 0.969733 0.243554  0.725790 0.599144 1 0 1.000000
skin_0dam
0  -6.190123 113.165207 24.478979  -0.064176 0.894576 0.442284  0.717840 0.636716 1 0 1.000000
0  -6.197280 113.178955 24.300190  -0.085191 0.989719 0.114890  0.717840 0.635628 1 0 1.000000
0  -12.311636 112.492241 24.485786  -0.103122 0.985494 0.134784  0.755161 0.635377 1 0 1.000000
skin_0dam
0  -6.197280 113.178955 24.300190  -0.085191 0.989719 0.114890  0.717840 0.635628 1 0 1.000000
0  -6.190123 113.165207 24.478979  -0.064176 0.894576 0.442284  0.717840 0.636716 1 0 1.000000
0  -0.203789 113.557854 24.256815  -0.017282 0.891327 0.453032  0.681356 0.636716 1 0 1.000000
skin_0dam
0  -0.203789 113.557854 24.256815  -0.017282 0.891327 0.453032  0.681356 0.636716 1 0 1.000000
0  -0.211469 113.585358 24.078047  -0.033831 0.991150 0.128364  0.681356 0.635628 1 0 1.000000
0  -6.197280 113.178955 24.300190  -0.085191 0.989719 0.114890  0.717840 0.635628 1 0 1.000000
skin_0dam
0  -0.211469 113.585358 24.078047  -0.033831 0.991150 0.128364  0.681356 0.635628 1 0 1.000000
0  -0.203789 113.557854 24.256815  -0.017282 0.891327 0.453032  0.681356 0.636716 1 0 1.000000
0  5.795066 113.620415 24.034187  0.029093 0.898223 0.438577  0.644871 0.636716 1 0 1.000000
skin_0dam
0  5.795066 113.620415 24.034187  0.029093 0.898223 0.438577  0.644871 0.636716 1 0 1.000000
0  5.787910 113.634171 23.855398  0.019213 0.993574 0.111540  0.644871 0.635628 1 0 1.000000
0  -0.211469 113.585358 24.078047  -0.033831 0.991150 0.128364  0.681356 0.635628 1 0 1.000000
skin_0dam
0  -0.194501 113.434074 24.380432  0.000659 0.684517 0.728997  0.681356 0.637469 1 0 1.000000
0  -0.203789 113.557854 24.256815  -0.017282 0.891327 0.453032  0.681356 0.636716 1 0 1.000000
0  -6.190123 113.165207 24.478979  -0.064176 0.894576 0.442284  0.717840 0.636716 1 0 1.000000
skin_0dam
0  -0.203789 113.557854 24.256815  -0.017282 0.891327 0.453032  0.681356 0.636716 1 0 1.000000
0  -0.194501 113.434074 24.380432  0.000659 0.684517 0.728997  0.681356 0.637469 1 0 1.000000
0  5.804876 113.482872 24.157784  0.036307 0.693887 0.719168  0.644871 0.637469 1 0 1.000000
skin_0dam
0  5.804876 113.482872 24.157784  0.036307 0.693887 0.719168  0.644871 0.637469 1 0 1.000000
0  5.795066 113.620415 24.034187  0.029093 0.898223 0.438577  0.644871 0.636716 1 0 1.000000
0  -0.203789 113.557854 24.256815  -0.017282 0.891327 0.453032  0.681356 0.636716 1 0 1.000000
skin_0dam
0  5.838427 113.028992 24.597286  0.035496 0.693665 0.719422  0.644871 0.640147 1 0 1.000000
0  5.804876 113.482872 24.157784  0.036307 0.693887 0.719168  0.644871 0.637469 1 0 1.000000
0  -0.194501 113.434074 24.380432  0.000659 0.684517 0.728997  0.681356 0.637469 1 0 1.000000
skin_0dam
0  5.787910 113.634171 23.855398  0.019213 0.993574 0.111540  0.644871 0.635628 1 0 1.000000
0  5.795066 113.620415 24.034187  0.029093 0.898223 0.438577  0.644871 0.636716 1 0 1.000000
0  11.956587 113.386124 23.805521  0.070103 0.893889 0.442774  0.607466 0.636716 1 0 1.000000
skin_0dam
0  11.966398 113.248589 23.929119  0.070880 0.692924 0.717518  0.607466 0.637469 1 0 1.000000
0  11.956587 113.386124 23.805521  0.070103 0.893889 0.442774  0.607466 0.636716 1 0 1.000000
0  5.795066 113.620415 24.034187  0.029093 0.898223 0.438577  0.644871 0.636716 1 0 1.000000
skin_0dam
0  5.795066 113.620415 24.034187  0.029093 0.898223 0.438577  0.644871 0.636716 1 0 1.000000
0  5.804876 113.482872 24.157784  0.036307 0.693887 0.719168  0.644871 0.637469 1 0 1.000000
0  11.966398 113.248589 23.929119  0.070880 0.692924 0.717518  0.607466 0.637469 1 0 1.000000
skin_0dam
0  11.655291 112.809174 24.381411  0.065643 0.694958 0.716047  0.609558 0.640147 1 0 1.000000
0  11.966398 113.248589 23.929119  0.070880 0.692924 0.717518  0.607466 0.637469 1 0 1.000000
0  5.804876 113.482872 24.157784  0.036307 0.693887 0.719168  0.644871 0.637469 1 0 1.000000
skin_0dam
0  5.804876 113.482872 24.157784  0.036307 0.693887 0.719168  0.644871 0.637469 1 0 1.000000
0  5.838427 113.028992 24.597286  0.035496 0.693665 0.719422  0.644871 0.640147 1 0 1.000000
0  11.655291 112.809174 24.381411  0.065643 0.694958 0.716047  0.609558 0.640147 1 0 1.000000
skin_0dam
0  11.655291 112.809174 24.381411  0.065643 0.694958 0.716047  0.609558 0.640147 1 0 1.000000
0  5.838427 113.028992 24.597286  0.035496 0.693665 0.719422  0.644871 0.640147 1 0 1.000000
0  5.847206 112.905212 24.707146  0.038812 0.418949 0.907180  0.644871 0.640816 1 0 1.000000
skin_0dam
0  5.847206 112.905212 24.707146  0.038812 0.418949 0.907180  0.644871 0.640816 1 0 1.000000
0  5.838427 113.028992 24.597286  0.035496 0.693665 0.719422  0.644871 0.640147 1 0 1.000000
0  -0.159906 112.952675 24.819895  0.000660 0.684515 0.728999  0.681356 0.640147 1 0 1.000000
skin_0dam
0  -0.194501 113.434074 24.380432  0.000659 0.684517 0.728997  0.681356 0.637469 1 0 1.000000
0  -0.159906 112.952675 24.819895  0.000660 0.684515 0.728999  0.681356 0.640147 1 0 1.000000
0  5.838427 113.028992 24.597286  0.035496 0.693665 0.719422  0.644871 0.640147 1 0 1.000000
skin_0dam
0  -0.159906 112.952675 24.819895  0.000660 0.684515 0.728999  0.681356 0.640147 1 0 1.000000
0  -0.194501 113.434074 24.380432  0.000659 0.684517 0.728997  0.681356 0.637469 1 0 1.000000
0  -6.180312 113.027664 24.602577  -0.035358 0.690933 0.722054  0.717840 0.637469 1 0 1.000000
skin_0dam
0  -6.190123 113.165207 24.478979  -0.064176 0.894576 0.442284  0.717840 0.636716 1 0 1.000000
0  -6.180312 113.027664 24.602577  -0.035358 0.690933 0.722054  0.717840 0.637469 1 0 1.000000
0  -0.194501 113.434074 24.380432  0.000659 0.684517 0.728997  0.681356 0.637469 1 0 1.000000
skin_0dam
0  -6.180312 113.027664 24.602577  -0.035358 0.690933 0.722054  0.717840 0.637469 1 0 1.000000
0  -6.190123 113.165207 24.478979  -0.064176 0.894576 0.442284  0.717840 0.636716 1 0 1.000000
0  -12.316170 112.464211 24.706327  -0.091988 0.884371 0.457631  0.755245 0.636716 1 0 1.000000
skin_0dam
0  -12.311636 112.492241 24.485786  -0.103122 0.985494 0.134784  0.755161 0.635377 1 0 1.000000
0  -12.316170 112.464211 24.706327  -0.091988 0.884371 0.457631  0.755245 0.636716 1 0 1.000000
0  -6.190123 113.165207 24.478979  -0.064176 0.894576 0.442284  0.717840 0.636716 1 0 1.000000
skin_0dam
0  -12.316170 112.464211 24.706327  -0.091988 0.884371 0.457631  0.755245 0.636716 1 0 1.000000
0  -12.311636 112.492241 24.485786  -0.103122 0.985494 0.134784  0.755161 0.635377 1 0 1.000000
0  -17.425060 111.982666 24.375813  -0.134807 0.983441 0.121124  0.787211 0.635461 1 0 1.000000
skin_0dam
0  -17.438826 112.257942 22.104776  -0.143428 0.982318 0.120329  0.787294 0.621654 1 0 1.000000
0  -17.425060 111.982666 24.375813  -0.134807 0.983441 0.121124  0.787211 0.635461 1 0 1.000000
0  -12.311636 112.492241 24.485786  -0.103122 0.985494 0.134784  0.755161 0.635377 1 0 1.000000
skin_0dam
0  -12.311636 112.492241 24.485786  -0.103122 0.985494 0.134784  0.755161 0.635377 1 0 1.000000
0  -12.029632 112.891075 22.146065  -0.095314 0.986564 0.132690  0.754408 0.621905 1 0 1.000000
0  -17.438826 112.257942 22.104776  -0.143428 0.982318 0.120329  0.787294 0.621654 1 0 1.000000
skin_0dam
0  -17.438826 112.643333 18.952856  -0.148291 0.984838 0.090027  0.787294 0.602491 1 0 1.000000
0  -17.438826 112.257942 22.104776  -0.143428 0.982318 0.120329  0.787294 0.621654 1 0 1.000000
0  -12.029632 112.891075 22.146065  -0.095314 0.986564 0.132690  0.754408 0.621905 1 0 1.000000
skin_0dam
0  -12.029632 112.891075 22.146065  -0.095314 0.986564 0.132690  0.754408 0.621905 1 0 1.000000
0  -11.740592 113.317749 18.856508  -0.104391 0.990563 0.088809  0.752651 0.601905 1 0 1.000000
0  -17.438826 112.643333 18.952856  -0.148291 0.984838 0.090027  0.787294 0.602491 1 0 1.000000
skin_0dam
0  -17.425064 112.863548 15.195324  -0.144931 0.986013 0.082301  0.787211 0.579646 1 0 1.000000
0  -17.438826 112.643333 18.952856  -0.148291 0.984838 0.090027  0.787294 0.602491 1 0 1.000000
0  -11.740592 113.317749 18.856508  -0.104391 0.990563 0.088809  0.752651 0.601905 1 0 1.000000
skin_0dam
0  -0.159906 112.952675 24.819895  0.000660 0.684515 0.728999  0.681356 0.640147 1 0 1.000000
0  -0.151649 112.842644 24.929773  0.017913 0.414364 0.909935  0.681356 0.640816 1 0 1.000000
0  5.847206 112.905212 24.707146  0.038812 0.418949 0.907180  0.644871 0.640816 1 0 1.000000
skin_0dam
0  -0.151649 112.842644 24.929773  0.017913 0.414364 0.909935  0.681356 0.640816 1 0 1.000000
0  -0.159906 112.952675 24.819895  0.000660 0.684515 0.728999  0.681356 0.640147 1 0 1.000000
0  -6.146762 112.573776 25.042078  -0.034648 0.691308 0.721729  0.717840 0.640147 1 0 1.000000
skin_0dam
0  -6.180312 113.027664 24.602577  -0.035358 0.690933 0.722054  0.717840 0.637469 1 0 1.000000
0  -6.146762 112.573776 25.042078  -0.034648 0.691308 0.721729  0.717840 0.640147 1 0 1.000000
0  -0.159906 112.952675 24.819895  0.000660 0.684515 0.728999  0.681356 0.640147 1 0 1.000000
skin_0dam
0  -6.146762 112.573776 25.042078  -0.034648 0.691308 0.721729  0.717840 0.640147 1 0 1.000000
0  -6.180312 113.027664 24.602577  -0.035358 0.690933 0.722054  0.717840 0.637469 1 0 1.000000
0  -12.306358 112.326675 24.829926  -0.072326 0.687127 0.722929  0.755245 0.637469 1 0 1.000000
skin_0dam
0  -12.316170 112.464211 24.706327  -0.091988 0.884371 0.457631  0.755245 0.636716 1 0 1.000000
0  -12.306358 112.326675 24.829926  -0.072326 0.687127 0.722929  0.755245 0.637469 1 0 1.000000
0  -6.180312 113.027664 24.602577  -0.035358 0.690933 0.722054  0.717840 0.637469 1 0 1.000000
skin_0dam
0  -12.306358 112.326675 24.829926  -0.072326 0.687127 0.722929  0.755245 0.637469 1 0 1.000000
0  -12.316170 112.464211 24.706327  -0.091988 0.884371 0.457631  0.755245 0.636716 1 0 1.000000
0  -17.425060 111.955139 24.582270  -0.124935 0.887428 0.443692  0.787211 0.636716 1 0 1.000000
skin_0dam
0  -17.425060 111.982666 24.375813  -0.134807 0.983441 0.121124  0.787211 0.635461 1 0 1.000000
0  -17.425060 111.955139 24.582270  -0.124935 0.887428 0.443692  0.787211 0.636716 1 0 1.000000
0  -12.316170 112.464211 24.706327  -0.091988 0.884371 0.457631  0.755245 0.636716 1 0 1.000000
skin_0dam
0  -17.425060 111.955139 24.582270  -0.124935 0.887428 0.443692  0.787211 0.636716 1 0 1.000000
0  -17.425060 111.982666 24.375813  -0.134807 0.983441 0.121124  0.787211 0.635461 1 0 1.000000
0  -22.503920 111.101776 24.375813  -0.188455 0.976258 0.106796  0.818088 0.635461 1 0 1.000000
skin_0dam
0  -17.438826 112.257942 22.104776  -0.143428 0.982318 0.120329  0.787294 0.621654 1 0 1.000000
0  -22.503920 111.101776 24.375813  -0.188455 0.976258 0.106796  0.818088 0.635461 1 0 1.000000
0  -17.425060 111.982666 24.375813  -0.134807 0.983441 0.121124  0.787211 0.635461 1 0 1.000000
skin_0dam
0  -17.438826 112.257942 22.104776  -0.143428 0.982318 0.120329  0.787294 0.621654 1 0 1.000000
0  -22.503922 111.693619 18.952856  -0.192546 0.977155 0.089967  0.818089 0.602491 1 0 1.000000
0  -22.503920 111.101776 24.375813  -0.188455 0.976258 0.106796  0.818088 0.635461 1 0 1.000000
skin_0dam
0  -17.438826 112.257942 22.104776  -0.143428 0.982318 0.120329  0.787294 0.621654 1 0 1.000000
0  -17.438826 112.643333 18.952856  -0.148291 0.984838 0.090027  0.787294 0.602491 1 0 1.000000
0  -22.503922 111.693619 18.952856  -0.192546 0.977155 0.089967  0.818089 0.602491 1 0 1.000000
skin_0dam
0  -22.503922 111.968895 15.154034  -0.189870 0.978190 0.084223  0.818089 0.579395 1 0 1.000000
0  -22.503922 111.693619 18.952856  -0.192546 0.977155 0.089967  0.818089 0.602491 1 0 1.000000
0  -17.438826 112.643333 18.952856  -0.148291 0.984838 0.090027  0.787294 0.602491 1 0 1.000000
skin_0dam
0  -17.438826 112.643333 18.952856  -0.148291 0.984838 0.090027  0.787294 0.602491 1 0 1.000000
0  -17.425064 112.863548 15.195324  -0.144931 0.986013 0.082301  0.787211 0.579646 1 0 1.000000
0  -22.503922 111.968895 15.154034  -0.189870 0.978190 0.084223  0.818089 0.579395 1 0 1.000000
skin_0dam
0  -22.503922 111.996422 14.864993  -0.170336 0.881106 0.441178  0.818089 0.577638 1 0 1.000000
0  -22.503922 111.968895 15.154034  -0.189870 0.978190 0.084223  0.818089 0.579395 1 0 1.000000
0  -17.425064 112.863548 15.195324  -0.144931 0.986013 0.082301  0.787211 0.579646 1 0 1.000000
skin_0dam
0  -17.425064 112.863548 15.195324  -0.144931 0.986013 0.082301  0.787211 0.579646 1 0 1.000000
0  -17.425064 112.904839 14.864992  -0.129704 0.881701 0.453631  0.787211 0.577638 1 0 1.000000
0  -22.503922 111.996422 14.864993  -0.170336 0.881106 0.441178  0.818089 0.577638 1 0 1.000000
skin_0dam
0  -17.425064 112.904839 14.864992  -0.129704 0.881701 0.453631  0.787211 0.577638 1 0 1.000000
0  -17.425064 112.863548 15.195324  -0.144931 0.986013 0.082301  0.787211 0.579646 1 0 1.000000
0  -11.313913 113.565506 15.236615  -0.098208 0.993795 0.052222  0.750057 0.579897 1 0 1.000000
skin_0dam
0  -11.313913 113.565506 15.236615  -0.098208 0.993795 0.052222  0.750057 0.579897 1 0 1.000000
0  -11.093692 113.606796 14.864992  -0.069820 0.865841 0.495423  0.748718 0.577638 1 0 1.000000
0  -17.425064 112.904839 14.864992  -0.129704 0.881701 0.453631  0.787211 0.577638 1 0 1.000000
skin_0dam
0  -11.093692 113.606796 14.864992  -0.069820 0.865841 0.495423  0.748718 0.577638 1 0 1.000000
0  -11.313913 113.565506 15.236615  -0.098208 0.993795 0.052222  0.750057 0.579897 1 0 1.000000
0  -11.121219 113.579269 15.236615  0.129844 0.982702 0.132046  0.748885 0.579897 1 0 1.000000
skin_0dam
0  -22.503920 111.101776 24.375813  -0.188455 0.976258 0.106796  0.818088 0.635461 1 0 1.000000
0  -22.503922 111.693619 18.952856  -0.192546 0.977155 0.089967  0.818089 0.602491 1 0 1.000000
0  -26.770714 110.798958 18.952856  -0.237215 0.967328 0.089479  0.844029 0.602491 1 0 1.000000
skin_0dam
0  -26.770714 110.798958 18.952856  -0.237215 0.967328 0.089479  0.844029 0.602491 1 0 1.000000
0  -26.812004 111.074242 15.098977  -0.235021 0.968018 0.087787  0.844280 0.579061 1 0 1.000000
0  -30.789759 109.973129 15.016394  -0.341985 0.936148 0.081687  0.868464 0.578559 1 0 1.000000
skin_0dam
0  -26.812004 111.074242 15.098977  -0.235021 0.968018 0.087787  0.844280 0.579061 1 0 1.000000
0  -26.770714 110.798958 18.952856  -0.237215 0.967328 0.089479  0.844029 0.602491 1 0 1.000000
0  -22.503922 111.693619 18.952856  -0.192546 0.977155 0.089967  0.818089 0.602491 1 0 1.000000
skin_0dam
0  -22.503922 111.693619 18.952856  -0.192546 0.977155 0.089967  0.818089 0.602491 1 0 1.000000
0  -22.503922 111.968895 15.154034  -0.189870 0.978190 0.084223  0.818089 0.579395 1 0 1.000000
0  -26.812004 111.074242 15.098977  -0.235021 0.968018 0.087787  0.844280 0.579061 1 0 1.000000
skin_0dam
0  -22.503922 111.968895 15.154034  -0.189870 0.978190 0.084223  0.818089 0.579395 1 0 1.000000
0  -22.503922 111.996422 14.864993  -0.170336 0.881106 0.441178  0.818089 0.577638 1 0 1.000000
0  -26.825768 111.101776 14.864993  -0.220178 0.874344 0.432486  0.844364 0.577638 1 0 1.000000
skin_0dam
0  -26.825768 111.101776 14.864993  -0.220178 0.874344 0.432486  0.844364 0.577638 1 0 1.000000
0  -26.812004 111.074242 15.098977  -0.235021 0.968018 0.087787  0.844280 0.579061 1 0 1.000000
0  -22.503922 111.968895 15.154034  -0.189870 0.978190 0.084223  0.818089 0.579395 1 0 1.000000
skin_0dam
0  -26.812004 111.074242 15.098977  -0.235021 0.968018 0.087787  0.844280 0.579061 1 0 1.000000
0  -26.825768 111.101776 14.864993  -0.220178 0.874344 0.432486  0.844364 0.577638 1 0 1.000000
0  -30.803522 110.000656 14.809936  -0.334493 0.875508 0.348713  0.868548 0.577303 1 0 1.000000
skin_0dam
0  -30.803522 110.000656 14.809936  -0.334493 0.875508 0.348713  0.868548 0.577303 1 0 1.000000
0  -30.789759 109.973129 15.016394  -0.341985 0.936148 0.081687  0.868464 0.578559 1 0 1.000000
0  -26.812004 111.074242 15.098977  -0.235021 0.968018 0.087787  0.844280 0.579061 1 0 1.000000
skin_0dam
0  -30.789759 109.973129 15.016394  -0.341985 0.936148 0.081687  0.868464 0.578559 1 0 1.000000
0  -30.803522 110.000656 14.809936  -0.334493 0.875508 0.348713  0.868548 0.577303 1 0 1.000000
0  -33.542530 108.748154 14.589715  -0.563064 0.758449 0.328199  0.885200 0.575965 1 0 1.000000
skin_0dam
0  -33.542530 108.748154 14.589715  -0.563064 0.758449 0.328199  0.885200 0.575965 1 0 1.000000
0  -33.542530 108.734390 14.713591  -0.532582 0.845099 0.046514  0.885200 0.576718 1 0 1.000000
0  -30.789759 109.973129 15.016394  -0.341985 0.936148 0.081687  0.868464 0.578559 1 0 1.000000
skin_0dam
0  -31.009979 109.601509 18.952856  -0.330706 0.939777 0.086325  0.869803 0.602491 1 0 1.000000
0  -30.789759 109.973129 15.016394  -0.341985 0.936148 0.081687  0.868464 0.578559 1 0 1.000000
0  -33.542530 108.734390 14.713591  -0.532582 0.845099 0.046514  0.885200 0.576718 1 0 1.000000
skin_0dam
0  -30.789759 109.973129 15.016394  -0.341985 0.936148 0.081687  0.868464 0.578559 1 0 1.000000
0  -31.009979 109.601509 18.952856  -0.330706 0.939777 0.086325  0.869803 0.602491 1 0 1.000000
0  -26.770714 110.798958 18.952856  -0.237215 0.967328 0.089479  0.844029 0.602491 1 0 1.000000
skin_0dam
0  -26.743185 110.207108 24.375813  -0.244949 0.963440 0.108548  0.843862 0.635461 1 0 1.000000
0  -26.770714 110.798958 18.952856  -0.237215 0.967328 0.089479  0.844029 0.602491 1 0 1.000000
0  -31.009979 109.601509 18.952856  -0.330706 0.939777 0.086325  0.869803 0.602491 1 0 1.000000
skin_0dam
0  -26.770714 110.798958 18.952856  -0.237215 0.967328 0.089479  0.844029 0.602491 1 0 1.000000
0  -26.743185 110.207108 24.375813  -0.244949 0.963440 0.108548  0.843862 0.635461 1 0 1.000000
0  -22.503920 111.101776 24.375813  -0.188455 0.976258 0.106796  0.818088 0.635461 1 0 1.000000
skin_0dam
0  -22.503920 111.088005 24.582270  -0.170169 0.891060 0.420779  0.818088 0.636716 1 0 1.000000
0  -22.503920 111.101776 24.375813  -0.188455 0.976258 0.106796  0.818088 0.635461 1 0 1.000000
0  -26.743185 110.207108 24.375813  -0.244949 0.963440 0.108548  0.843862 0.635461 1 0 1.000000
skin_0dam
0  -22.503920 111.101776 24.375813  -0.188455 0.976258 0.106796  0.818088 0.635461 1 0 1.000000
0  -22.503920 111.088005 24.582270  -0.170169 0.891060 0.420779  0.818088 0.636716 1 0 1.000000
0  -17.425060 111.955139 24.582270  -0.124935 0.887428 0.443692  0.787211 0.636716 1 0 1.000000
skin_0dam
0  -17.425060 111.817505 24.706146  -0.101007 0.682215 0.724141  0.787211 0.637469 1 0 1.000000
0  -17.425060 111.955139 24.582270  -0.124935 0.887428 0.443692  0.787211 0.636716 1 0 1.000000
0  -22.503920 111.088005 24.582270  -0.170169 0.891060 0.420779  0.818088 0.636716 1 0 1.000000
skin_0dam
0  -17.425060 111.955139 24.582270  -0.124935 0.887428 0.443692  0.787211 0.636716 1 0 1.000000
0  -17.425060 111.817505 24.706146  -0.101007 0.682215 0.724141  0.787211 0.637469 1 0 1.000000
0  -12.306358 112.326675 24.829926  -0.072326 0.687127 0.722929  0.755245 0.637469 1 0 1.000000
skin_0dam
0  -11.930241 111.913361 25.256712  -0.033599 0.273024 0.961420  0.753153 0.640147 1 0 1.000000
0  -12.306358 112.326675 24.829926  -0.072326 0.687127 0.722929  0.755245 0.637469 1 0 1.000000
0  -17.425060 111.817505 24.706146  -0.101007 0.682215 0.724141  0.787211 0.637469 1 0 1.000000
skin_0dam
0  -12.306358 112.326675 24.829926  -0.072326 0.687127 0.722929  0.755245 0.637469 1 0 1.000000
0  -11.930241 111.913361 25.256712  -0.033599 0.273024 0.961420  0.753153 0.640147 1 0 1.000000
0  -6.146762 112.573776 25.042078  -0.034648 0.691308 0.721729  0.717840 0.640147 1 0 1.000000
skin_0dam
0  -6.137984 112.449997 25.151937  -0.004860 0.416942 0.908920  0.717840 0.640816 1 0 1.000000
0  -6.146762 112.573776 25.042078  -0.034648 0.691308 0.721729  0.717840 0.640147 1 0 1.000000
0  -11.930241 111.913361 25.256712  -0.033599 0.273024 0.961420  0.753153 0.640147 1 0 1.000000
skin_0dam
0  -6.146762 112.573776 25.042078  -0.034648 0.691308 0.721729  0.717840 0.640147 1 0 1.000000
0  -6.137984 112.449997 25.151937  -0.004860 0.416942 0.908920  0.717840 0.640816 1 0 1.000000
0  -0.151649 112.842644 24.929773  0.017913 0.414364 0.909935  0.681356 0.640816 1 0 1.000000
skin_0dam
0  -6.137984 112.449997 25.151937  -0.004860 0.416942 0.908920  0.717840 0.640816 1 0 1.000000
0  -11.823174 111.913849 25.256697  -0.002785 0.133033 0.991108  0.753153 0.640816 1 0 1.000000
0  -8.930783 109.726593 25.475952  0.009947 0.094467 0.995478  0.735496 0.642155 1 0 1.000000
skin_0dam
0  -11.930241 111.913361 25.256712  -0.033599 0.273024 0.961420  0.753153 0.640147 1 0 1.000000
0  -11.823174 111.913849 25.256697  -0.002785 0.133033 0.991108  0.753153 0.640816 1 0 1.000000
0  -6.137984 112.449997 25.151937  -0.004860 0.416942 0.908920  0.717840 0.640816 1 0 1.000000
skin_0dam
0  -11.823174 111.913849 25.256697  -0.002785 0.133033 0.991108  0.753153 0.640816 1 0 1.000000
0  -11.930241 111.913361 25.256712  -0.033599 0.273024 0.961420  0.753153 0.640147 1 0 1.000000
0  -17.425060 111.349525 25.146589  -0.097562 0.683262 0.723626  0.787211 0.640147 1 0 1.000000
skin_0dam
0  -17.425060 111.817505 24.706146  -0.101007 0.682215 0.724141  0.787211 0.637469 1 0 1.000000
0  -17.425060 111.349525 25.146589  -0.097562 0.683262 0.723626  0.787211 0.640147 1 0 1.000000
0  -11.930241 111.913361 25.256712  -0.033599 0.273024 0.961420  0.753153 0.640147 1 0 1.000000
skin_0dam
0  -17.425060 111.349525 25.146589  -0.097562 0.683262 0.723626  0.787211 0.640147 1 0 1.000000
0  -17.425060 111.817505 24.706146  -0.101007 0.682215 0.724141  0.787211 0.637469 1 0 1.000000
0  -22.503920 110.950371 24.706146  -0.127224 0.709344 0.693286  0.818088 0.637469 1 0 1.000000
skin_0dam
0  -22.503920 111.088005 24.582270  -0.170169 0.891060 0.420779  0.818088 0.636716 1 0 1.000000
0  -22.503920 110.950371 24.706146  -0.127224 0.709344 0.693286  0.818088 0.637469 1 0 1.000000
0  -17.425060 111.817505 24.706146  -0.101007 0.682215 0.724141  0.787211 0.637469 1 0 1.000000
skin_0dam
0  -22.503920 110.950371 24.706146  -0.127224 0.709344 0.693286  0.818088 0.637469 1 0 1.000000
0  -22.503920 111.088005 24.582270  -0.170169 0.891060 0.420779  0.818088 0.636716 1 0 1.000000
0  -26.743185 110.179581 24.582270  -0.225577 0.886869 0.403210  0.843862 0.636716 1 0 1.000000
skin_0dam
0  -26.743185 110.207108 24.375813  -0.244949 0.963440 0.108548  0.843862 0.635461 1 0 1.000000
0  -26.743185 110.179581 24.582270  -0.225577 0.886869 0.403210  0.843862 0.636716 1 0 1.000000
0  -22.503920 111.088005 24.582270  -0.170169 0.891060 0.420779  0.818088 0.636716 1 0 1.000000
skin_0dam
0  -26.743185 110.179581 24.582270  -0.225577 0.886869 0.403210  0.843862 0.636716 1 0 1.000000
0  -26.743185 110.207108 24.375813  -0.244949 0.963440 0.108548  0.843862 0.635461 1 0 1.000000
0  -31.188908 108.858261 24.417103  -0.344876 0.931116 0.118673  0.870891 0.635712 1 0 1.000000
skin_0dam
0  -31.009979 109.601509 18.952856  -0.330706 0.939777 0.086325  0.869803 0.602491 1 0 1.000000
0  -31.188908 108.858261 24.417103  -0.344876 0.931116 0.118673  0.870891 0.635712 1 0 1.000000
0  -26.743185 110.207108 24.375813  -0.244949 0.963440 0.108548  0.843862 0.635461 1 0 1.000000
skin_0dam
0  -31.188908 108.858261 24.417103  -0.344876 0.931116 0.118673  0.870891 0.635712 1 0 1.000000
0  -31.009979 109.601509 18.952856  -0.330706 0.939777 0.086325  0.869803 0.602491 1 0 1.000000
0  -33.817806 108.445351 19.035437  -0.519429 0.851981 0.065742  0.886873 0.602993 1 0 1.000000
skin_0dam
0  -33.542530 108.734390 14.713591  -0.532582 0.845099 0.046514  0.885200 0.576718 1 0 1.000000
0  -33.817806 108.445351 19.035437  -0.519429 0.851981 0.065742  0.886873 0.602993 1 0 1.000000
0  -31.009979 109.601509 18.952856  -0.330706 0.939777 0.086325  0.869803 0.602491 1 0 1.000000
skin_0dam
0  -33.817806 108.445351 19.035437  -0.519429 0.851981 0.065742  0.886873 0.602993 1 0 1.000000
0  -33.542530 108.734390 14.713591  -0.532582 0.845099 0.046514  0.885200 0.576718 1 0 1.000000
0  -35.029022 107.495644 14.218090  -0.770546 0.632448 -0.079173  0.894237 0.573705 1 0 1.000000
skin_0dam
0  -33.542530 108.734390 14.713591  -0.532582 0.845099 0.046514  0.885200 0.576718 1 0 1.000000
0  -33.542530 108.748154 14.589715  -0.563064 0.758449 0.328199  0.885200 0.575965 1 0 1.000000
0  -35.029022 107.495644 14.218090  -0.770546 0.632448 -0.079173  0.894237 0.573705 1 0 1.000000
skin_0dam
0  -35.029022 107.495644 14.218090  -0.770546 0.632448 -0.079173  0.894237 0.573705 1 0 1.000000
0  -33.542530 108.748154 14.589715  -0.563064 0.758449 0.328199  0.885200 0.575965 1 0 1.000000
0  -33.514999 108.872025 14.479605  -0.539533 0.795884 0.274723  0.885032 0.575295 1 0 1.000000
skin_0dam
0  -33.514999 108.872025 14.479605  -0.539533 0.795884 0.274723  0.885032 0.575295 1 0 1.000000
0  -33.542530 108.748154 14.589715  -0.563064 0.758449 0.328199  0.885200 0.575965 1 0 1.000000
0  -30.803522 110.000656 14.809936  -0.334493 0.875508 0.348713  0.868548 0.577303 1 0 1.000000
skin_0dam
0  -30.803522 110.000656 14.809936  -0.334493 0.875508 0.348713  0.868548 0.577303 1 0 1.000000
0  -30.872339 110.193344 14.507133  -0.358433 0.898761 0.252495  0.868966 0.575463 1 0 1.000000
0  -33.514999 108.872025 14.479605  -0.539533 0.795884 0.274723  0.885032 0.575295 1 0 1.000000
skin_0dam
0  -30.872339 110.193344 14.507133  -0.358433 0.898761 0.252495  0.868966 0.575463 1 0 1.000000
0  -30.803522 110.000656 14.809936  -0.334493 0.875508 0.348713  0.868548 0.577303 1 0 1.000000
0  -26.825768 111.101776 14.864993  -0.220178 0.874344 0.432486  0.844364 0.577638 1 0 1.000000
skin_0dam
0  -17.425060 111.225655 25.256699  -0.053830 0.415150 0.908159  0.787211 0.640816 1 0 1.000000
0  -17.425060 111.349525 25.146589  -0.097562 0.683262 0.723626  0.787211 0.640147 1 0 1.000000
0  -20.040190 110.881554 25.201643  -0.127080 0.693242 0.709413  0.803110 0.640482 1 0 1.000000
skin_0dam
0  -17.425060 111.349525 25.146589  -0.097562 0.683262 0.723626  0.787211 0.640147 1 0 1.000000
0  -17.425060 111.225655 25.256699  -0.053830 0.415150 0.908159  0.787211 0.640816 1 0 1.000000
0  -11.823174 111.913849 25.256697  -0.002785 0.133033 0.991108  0.753153 0.640816 1 0 1.000000
skin_0dam
0  -11.823174 111.913849 25.256697  -0.002785 0.133033 0.991108  0.753153 0.640816 1 0 1.000000
0  -17.425060 111.225655 25.256699  -0.053830 0.415150 0.908159  0.787211 0.640816 1 0 1.000000
0  -17.438824 108.858269 25.476917  -0.005561 0.091563 0.995784  0.787294 0.642155 1 0 1.000000
skin_0dam
0  -17.438824 108.858269 25.476917  -0.005561 0.091563 0.995784  0.787294 0.642155 1 0 1.000000
0  -8.930783 109.726593 25.475952  0.009947 0.094467 0.995478  0.735496 0.642155 1 0 1.000000
0  -11.823174 111.913849 25.256697  -0.002785 0.133033 0.991108  0.753153 0.640816 1 0 1.000000
skin_0dam
0  -8.930783 109.726593 25.475952  0.009947 0.094467 0.995478  0.735496 0.642155 1 0 1.000000
0  -17.438824 108.858269 25.476917  -0.005561 0.091563 0.995784  0.787294 0.642155 1 0 1.000000
0  -17.438824 108.679344 25.490681  0.008422 -0.018330 0.999797  0.787294 0.642239 1 0 1.000000
skin_0dam
0  -17.438824 108.679344 25.490681  0.008422 -0.018330 0.999797  0.787294 0.642239 1 0 1.000000
0  -17.438824 108.858269 25.476917  -0.005561 0.091563 0.995784  0.787294 0.642155 1 0 1.000000
0  -19.296944 108.555466 25.504444  0.012481 0.090960 0.995776  0.798591 0.642323 1 0 1.000000
skin_0dam
0  -19.296944 108.555466 25.504444  0.012481 0.090960 0.995776  0.798591 0.642323 1 0 1.000000
0  -19.255651 108.390305 25.518209  0.029595 -0.021431 0.999332  0.798340 0.642406 1 0 1.000000
0  -17.438824 108.679344 25.490681  0.008422 -0.018330 0.999797  0.787294 0.642239 1 0 1.000000
skin_0dam
0  -20.081482 108.252663 25.559500  0.203322 0.026547 0.978752  0.803361 0.642657 1 0 1.000000
0  -19.255651 108.390305 25.518209  0.029595 -0.021431 0.999332  0.798340 0.642406 1 0 1.000000
0  -19.296944 108.555466 25.504444  0.012481 0.090960 0.995776  0.798591 0.642323 1 0 1.000000
skin_0dam
0  -19.296944 108.555466 25.504444  0.012481 0.090960 0.995776  0.798591 0.642323 1 0 1.000000
0  -20.136538 108.417824 25.545736  0.186538 0.142373 0.972077  0.803696 0.642574 1 0 1.000000
0  -20.081482 108.252663 25.559500  0.203322 0.026547 0.978752  0.803361 0.642657 1 0 1.000000
skin_0dam
0  -20.755909 108.142540 25.821014  0.508986 0.152367 0.847182  0.807461 0.644247 1 0 1.000000
0  -20.081482 108.252663 25.559500  0.203322 0.026547 0.978752  0.803361 0.642657 1 0 1.000000
0  -20.136538 108.417824 25.545736  0.186538 0.142373 0.972077  0.803696 0.642574 1 0 1.000000
skin_0dam
0  -20.136538 108.417824 25.545736  0.186538 0.142373 0.972077  0.803696 0.642574 1 0 1.000000
0  -20.838495 108.293953 25.821014  0.480656 0.267684 0.835054  0.807963 0.644247 1 0 1.000000
0  -20.755909 108.142540 25.821014  0.508986 0.152367 0.847182  0.807461 0.644247 1 0 1.000000
skin_0dam
0  -20.838495 108.293953 25.821014  0.480656 0.267684 0.835054  0.807963 0.644247 1 0 1.000000
0  -20.136538 108.417824 25.545736  0.186538 0.142373 0.972077  0.803696 0.642574 1 0 1.000000
0  -20.907312 110.454872 25.394337  0.024728 0.439106 0.898095  0.808382 0.641653 1 0 1.000000
skin_0dam
0  -20.907312 110.454872 25.394337  0.024728 0.439106 0.898095  0.808382 0.641653 1 0 1.000000
0  -21.691851 110.028183 25.765959  0.162749 0.559270 0.812853  0.813151 0.643913 1 0 1.000000
0  -20.838495 108.293953 25.821014  0.480656 0.267684 0.835054  0.807963 0.644247 1 0 1.000000
skin_0dam
0  -21.774435 110.124527 25.655849  -0.068380 0.723574 0.686852  0.813654 0.643243 1 0 1.000000
0  -21.691851 110.028183 25.765959  0.162749 0.559270 0.812853  0.813151 0.643913 1 0 1.000000
0  -20.907312 110.454872 25.394337  0.024728 0.439106 0.898095  0.808382 0.641653 1 0 1.000000
skin_0dam
0  -21.691851 110.028183 25.765959  0.162749 0.559270 0.812853  0.813151 0.643913 1 0 1.000000
0  -21.774435 110.124527 25.655849  -0.068380 0.723574 0.686852  0.813654 0.643243 1 0 1.000000
0  -22.517683 109.050949 26.729429  -0.112716 0.749545 0.652286  0.818172 0.649770 1 0 1.000000
skin_0dam
0  -22.517683 109.050949 26.729429  -0.112716 0.749545 0.652286  0.818172 0.649770 1 0 1.000000
0  -21.774435 110.124527 25.655849  -0.068380 0.723574 0.686852  0.813654 0.643243 1 0 1.000000
0  -22.503920 110.950371 24.706146  -0.127224 0.709344 0.693286  0.818088 0.637469 1 0 1.000000
skin_0dam
0  -22.517683 109.050949 26.729429  -0.112716 0.749545 0.652286  0.818172 0.649770 1 0 1.000000
0  -22.503920 110.950371 24.706146  -0.127224 0.709344 0.693286  0.818088 0.637469 1 0 1.000000
0  -26.715656 110.069473 24.719910  -0.179885 0.720679 0.669525  0.843695 0.637553 1 0 1.000000
skin_0dam
0  -26.743185 110.179581 24.582270  -0.225577 0.886869 0.403210  0.843862 0.636716 1 0 1.000000
0  -26.715656 110.069473 24.719910  -0.179885 0.720679 0.669525  0.843695 0.637553 1 0 1.000000
0  -22.503920 110.950371 24.706146  -0.127224 0.709344 0.693286  0.818088 0.637469 1 0 1.000000
skin_0dam
0  -21.774435 110.124527 25.655849  -0.068380 0.723574 0.686852  0.813654 0.643243 1 0 1.000000
0  -21.086243 110.509926 25.325520  -0.104983 0.674809 0.730487  0.809469 0.641235 1 0 1.000000
0  -22.503920 110.950371 24.706146  -0.127224 0.709344 0.693286  0.818088 0.637469 1 0 1.000000
skin_0dam
0  -20.907312 110.454872 25.394337  0.024728 0.439106 0.898095  0.808382 0.641653 1 0 1.000000
0  -21.086243 110.509926 25.325520  -0.104983 0.674809 0.730487  0.809469 0.641235 1 0 1.000000
0  -21.774435 110.124527 25.655849  -0.068380 0.723574 0.686852  0.813654 0.643243 1 0 1.000000
skin_0dam
0  -21.086243 110.509926 25.325520  -0.104983 0.674809 0.730487  0.809469 0.641235 1 0 1.000000
0  -20.907312 110.454872 25.394337  0.024728 0.439106 0.898095  0.808382 0.641653 1 0 1.000000
0  -19.930079 110.798958 25.311756  -0.054773 0.423315 0.904325  0.802440 0.641151 1 0 1.000000
skin_0dam
0  -19.930079 110.798958 25.311756  -0.054773 0.423315 0.904325  0.802440 0.641151 1 0 1.000000
0  -20.907312 110.454872 25.394337  0.024728 0.439106 0.898095  0.808382 0.641653 1 0 1.000000
0  -20.136538 108.417824 25.545736  0.186538 0.142373 0.972077  0.803696 0.642574 1 0 1.000000
skin_0dam
0  -20.136538 108.417824 25.545736  0.186538 0.142373 0.972077  0.803696 0.642574 1 0 1.000000
0  -19.296944 108.555466 25.504444  0.012481 0.090960 0.995776  0.798591 0.642323 1 0 1.000000
0  -19.930079 110.798958 25.311756  -0.054773 0.423315 0.904325  0.802440 0.641151 1 0 1.000000
skin_0dam
0  -19.930079 110.798958 25.311756  -0.054773 0.423315 0.904325  0.802440 0.641151 1 0 1.000000
0  -19.296944 108.555466 25.504444  0.012481 0.090960 0.995776  0.798591 0.642323 1 0 1.000000
0  -17.438824 108.858269 25.476917  -0.005561 0.091563 0.995784  0.787294 0.642155 1 0 1.000000
skin_0dam
0  -17.438824 108.858269 25.476917  -0.005561 0.091563 0.995784  0.787294 0.642155 1 0 1.000000
0  -17.425060 111.225655 25.256699  -0.053830 0.415150 0.908159  0.787211 0.640816 1 0 1.000000
0  -19.930079 110.798958 25.311756  -0.054773 0.423315 0.904325  0.802440 0.641151 1 0 1.000000
skin_0dam
0  -20.040190 110.881554 25.201643  -0.127080 0.693242 0.709413  0.803110 0.640482 1 0 1.000000
0  -19.930079 110.798958 25.311756  -0.054773 0.423315 0.904325  0.802440 0.641151 1 0 1.000000
0  -17.425060 111.225655 25.256699  -0.053830 0.415150 0.908159  0.787211 0.640816 1 0 1.000000
skin_0dam
0  -19.930079 110.798958 25.311756  -0.054773 0.423315 0.904325  0.802440 0.641151 1 0 1.000000
0  -20.040190 110.881554 25.201643  -0.127080 0.693242 0.709413  0.803110 0.640482 1 0 1.000000
0  -21.086243 110.509926 25.325520  -0.104983 0.674809 0.730487  0.809469 0.641235 1 0 1.000000
skin_0dam
0  -20.040190 110.881554 25.201643  -0.127080 0.693242 0.709413  0.803110 0.640482 1 0 1.000000
0  -22.503920 110.950371 24.706146  -0.127224 0.709344 0.693286  0.818088 0.637469 1 0 1.000000
0  -21.086243 110.509926 25.325520  -0.104983 0.674809 0.730487  0.809469 0.641235 1 0 1.000000
skin_0dam
0  -22.503920 110.950371 24.706146  -0.127224 0.709344 0.693286  0.818088 0.637469 1 0 1.000000
0  -20.040190 110.881554 25.201643  -0.127080 0.693242 0.709413  0.803110 0.640482 1 0 1.000000
0  -17.425060 111.349525 25.146589  -0.097562 0.683262 0.723626  0.787211 0.640147 1 0 1.000000
skin_0dam
0  -0.052709 110.449455 25.146471  0.033514 0.090155 0.995364  0.681356 0.642155 1 0 1.000000
0  -0.151649 112.842644 24.929773  0.017913 0.414364 0.909935  0.681356 0.640816 1 0 1.000000
0  -6.137984 112.449997 25.151937  -0.004860 0.416942 0.908920  0.717840 0.640816 1 0 1.000000
skin_0dam
0  -6.137984 112.449997 25.151937  -0.004860 0.416942 0.908920  0.717840 0.640816 1 0 1.000000
0  -8.930783 109.726593 25.475952  0.009947 0.094467 0.995478  0.735496 0.642155 1 0 1.000000
0  -0.052709 110.449455 25.146471  0.033514 0.090155 0.995364  0.681356 0.642155 1 0 1.000000
skin_0dam
0  -0.045418 110.270660 25.159973  0.035990 0.028482 0.998946  0.681356 0.642239 1 0 1.000000
0  -0.052709 110.449455 25.146471  0.033514 0.090155 0.995364  0.681356 0.642155 1 0 1.000000
0  -8.930783 109.726593 25.475952  0.009947 0.094467 0.995478  0.735496 0.642155 1 0 1.000000
skin_0dam
0  -8.930783 109.726593 25.475952  0.009947 0.094467 0.995478  0.735496 0.642155 1 0 1.000000
0  -8.924013 109.561554 25.489475  0.020552 -0.024866 0.999479  0.735496 0.642239 1 0 1.000000
0  -0.045418 110.270660 25.159973  0.035990 0.028482 0.998946  0.681356 0.642239 1 0 1.000000
skin_0dam
0  -17.438824 108.679344 25.490681  0.008422 -0.018330 0.999797  0.787294 0.642239 1 0 1.000000
0  -8.924013 109.561554 25.489475  0.020552 -0.024866 0.999479  0.735496 0.642239 1 0 1.000000
0  -8.930783 109.726593 25.475952  0.009947 0.094467 0.995478  0.735496 0.642155 1 0 1.000000
skin_0dam
0  -8.924013 109.561554 25.489475  0.020552 -0.024866 0.999479  0.735496 0.642239 1 0 1.000000
0  -17.438824 108.679344 25.490681  0.008422 -0.018330 0.999797  0.787294 0.642239 1 0 1.000000
0  -17.425060 108.472885 25.463154  0.024355 -0.133247 0.990784  0.787211 0.642072 1 0 1.000000
skin_0dam
0  -17.425060 108.472885 25.463154  0.024355 -0.133247 0.990784  0.787211 0.642072 1 0 1.000000
0  -17.438824 108.679344 25.490681  0.008422 -0.018330 0.999797  0.787294 0.642239 1 0 1.000000
0  -19.255651 108.390305 25.518209  0.029595 -0.021431 0.999332  0.798340 0.642406 1 0 1.000000
skin_0dam
0  -19.255651 108.390305 25.518209  0.029595 -0.021431 0.999332  0.798340 0.642406 1 0 1.000000
0  -19.200596 108.170074 25.490681  0.046570 -0.133707 0.989926  0.798005 0.642239 1 0 1.000000
0  -17.425060 108.472885 25.463154  0.024355 -0.133247 0.990784  0.787211 0.642072 1 0 1.000000
skin_0dam
0  -20.012663 108.046196 25.518209  0.208854 -0.089752 0.973820  0.802943 0.642406 1 0 1.000000
0  -19.200596 108.170074 25.490681  0.046570 -0.133707 0.989926  0.798005 0.642239 1 0 1.000000
0  -19.255651 108.390305 25.518209  0.029595 -0.021431 0.999332  0.798340 0.642406 1 0 1.000000
skin_0dam
0  -19.255651 108.390305 25.518209  0.029595 -0.021431 0.999332  0.798340 0.642406 1 0 1.000000
0  -20.081482 108.252663 25.559500  0.203322 0.026547 0.978752  0.803361 0.642657 1 0 1.000000
0  -20.012663 108.046196 25.518209  0.208854 -0.089752 0.973820  0.802943 0.642406 1 0 1.000000
skin_0dam
0  -20.700855 107.936081 25.793488  0.515310 0.027999 0.856546  0.807126 0.644080 1 0 1.000000
0  -20.012663 108.046196 25.518209  0.208854 -0.089752 0.973820  0.802943 0.642406 1 0 1.000000
0  -20.081482 108.252663 25.559500  0.203322 0.026547 0.978752  0.803361 0.642657 1 0 1.000000
skin_0dam
0  -20.081482 108.252663 25.559500  0.203322 0.026547 0.978752  0.803361 0.642657 1 0 1.000000
0  -20.755909 108.142540 25.821014  0.508986 0.152367 0.847182  0.807461 0.644247 1 0 1.000000
0  -20.700855 107.936081 25.793488  0.515310 0.027999 0.856546  0.807126 0.644080 1 0 1.000000
skin_0dam
0  -21.623034 107.784683 26.660606  0.721426 0.146147 0.676895  0.812733 0.649352 1 0 1.000000
0  -20.700855 107.936081 25.793488  0.515310 0.027999 0.856546  0.807126 0.644080 1 0 1.000000
0  -20.755909 108.142540 25.821014  0.508986 0.152367 0.847182  0.807461 0.644247 1 0 1.000000
skin_0dam
0  -20.755909 108.142540 25.821014  0.508986 0.152367 0.847182  0.807461 0.644247 1 0 1.000000
0  -21.691851 107.991135 26.701900  0.700293 0.274548 0.658948  0.813151 0.649603 1 0 1.000000
0  -21.623034 107.784683 26.660606  0.721426 0.146147 0.676895  0.812733 0.649352 1 0 1.000000
skin_0dam
0  -21.691851 107.991135 26.701900  0.700293 0.274548 0.658948  0.813151 0.649603 1 0 1.000000
0  -20.755909 108.142540 25.821014  0.508986 0.152367 0.847182  0.807461 0.644247 1 0 1.000000
0  -20.838495 108.293953 25.821014  0.480656 0.267684 0.835054  0.807963 0.644247 1 0 1.000000
skin_0dam
0  -20.838495 108.293953 25.821014  0.480656 0.267684 0.835054  0.807963 0.644247 1 0 1.000000
0  -21.801962 108.128777 26.715664  0.660085 0.392006 0.640796  0.813821 0.649686 1 0 1.000000
0  -21.691851 107.991135 26.701900  0.700293 0.274548 0.658948  0.813151 0.649603 1 0 1.000000
skin_0dam
0  -22.393808 108.995895 26.798246  0.293739 0.634465 0.714963  0.817419 0.650189 1 0 1.000000
0  -21.801962 108.128777 26.715664  0.660085 0.392006 0.640796  0.813821 0.649686 1 0 1.000000
0  -20.838495 108.293953 25.821014  0.480656 0.267684 0.835054  0.807963 0.644247 1 0 1.000000
skin_0dam
0  -21.801962 108.128777 26.715664  0.660085 0.392006 0.640796  0.813821 0.649686 1 0 1.000000
0  -22.393808 108.995895 26.798246  0.293739 0.634465 0.714963  0.817419 0.650189 1 0 1.000000
0  -22.779198 107.908554 28.119576  0.323361 0.683034 0.654906  0.819762 0.658222 1 0 1.000000
skin_0dam
0  -0.045418 110.270660 25.159973  0.035990 0.028482 0.998946  0.681356 0.642239 1 0 1.000000
0  -0.037070 110.050598 25.159664  0.038410 -0.035580 0.998628  0.681356 0.642239 1 0 1.000000
0  8.854406 110.030243 24.802139  0.031473 -0.139814 0.989677  0.627298 0.642072 1 0 1.000000
skin_0dam
0  -8.903464 109.355774 25.461166  0.032071 -0.141267 0.989452  0.735413 0.642072 1 0 1.000000
0  -0.037070 110.050598 25.159664  0.038410 -0.035580 0.998628  0.681356 0.642239 1 0 1.000000
0  -0.045418 110.270660 25.159973  0.035990 0.028482 0.998946  0.681356 0.642239 1 0 1.000000
skin_0dam
0  -0.045418 110.270660 25.159973  0.035990 0.028482 0.998946  0.681356 0.642239 1 0 1.000000
0  -8.924013 109.561554 25.489475  0.020552 -0.024866 0.999479  0.735496 0.642239 1 0 1.000000
0  -8.903464 109.355774 25.461166  0.032071 -0.141267 0.989452  0.735413 0.642072 1 0 1.000000
skin_0dam
0  -17.425060 108.472885 25.463154  0.024355 -0.133247 0.990784  0.787211 0.642072 1 0 1.000000
0  -8.903464 109.355774 25.461166  0.032071 -0.141267 0.989452  0.735413 0.642072 1 0 1.000000
0  -8.924013 109.561554 25.489475  0.020552 -0.024866 0.999479  0.735496 0.642239 1 0 1.000000
skin_0dam
0  -22.971889 107.550697 28.422380  -0.089159 0.548192 0.831587  0.820934 0.660063 1 0 1.000000
0  -22.875544 107.578232 28.436144  0.169720 0.542098 0.822998  0.820348 0.660146 1 0 1.000000
0  -22.834251 107.770920 28.284742  0.367499 0.577797 0.728763  0.820097 0.659226 1 0 1.000000
skin_0dam
0  -22.834251 107.770920 28.284742  0.367499 0.577797 0.728763  0.820097 0.659226 1 0 1.000000
0  -22.875544 107.578232 28.436144  0.169720 0.542098 0.822998  0.820348 0.660146 1 0 1.000000
0  -21.623034 107.784683 26.660606  0.721426 0.146147 0.676895  0.812733 0.649352 1 0 1.000000
skin_0dam
0  -21.623034 107.784683 26.660606  0.721426 0.146147 0.676895  0.812733 0.649352 1 0 1.000000
0  -21.691851 107.991135 26.701900  0.700293 0.274548 0.658948  0.813151 0.649603 1 0 1.000000
0  -22.834251 107.770920 28.284742  0.367499 0.577797 0.728763  0.820097 0.659226 1 0 1.000000
skin_0dam
0  -22.779198 107.908554 28.119576  0.323361 0.683034 0.654906  0.819762 0.658222 1 0 1.000000
0  -22.834251 107.770920 28.284742  0.367499 0.577797 0.728763  0.820097 0.659226 1 0 1.000000
0  -21.691851 107.991135 26.701900  0.700293 0.274548 0.658948  0.813151 0.649603 1 0 1.000000
skin_0dam
0  -21.691851 107.991135 26.701900  0.700293 0.274548 0.658948  0.813151 0.649603 1 0 1.000000
0  -21.801962 108.128777 26.715664  0.660085 0.392006 0.640796  0.813821 0.649686 1 0 1.000000
0  -22.779198 107.908554 28.119576  0.323361 0.683034 0.654906  0.819762 0.658222 1 0 1.000000
skin_0dam
0  -22.916834 107.839737 28.188396  -0.139344 0.783021 0.606186  0.820599 0.658640 1 0 1.000000
0  -22.779198 107.908554 28.119576  0.323361 0.683034 0.654906  0.819762 0.658222 1 0 1.000000
0  -22.393808 108.995895 26.798246  0.293739 0.634465 0.714963  0.817419 0.650189 1 0 1.000000
skin_0dam
0  -22.834251 107.770920 28.284742  0.367499 0.577797 0.728763  0.820097 0.659226 1 0 1.000000
0  -22.779198 107.908554 28.119576  0.323361 0.683034 0.654906  0.819762 0.658222 1 0 1.000000
0  -22.916834 107.839737 28.188396  -0.139344 0.783021 0.606186  0.820599 0.658640 1 0 1.000000
skin_0dam
0  -22.916834 107.839737 28.188396  -0.139344 0.783021 0.606186  0.820599 0.658640 1 0 1.000000
0  -22.944363 107.729630 28.326033  -0.071778 0.652287 0.754566  0.820766 0.659477 1 0 1.000000
0  -22.834251 107.770920 28.284742  0.367499 0.577797 0.728763  0.820097 0.659226 1 0 1.000000
skin_0dam
0  -22.834251 107.770920 28.284742  0.367499 0.577797 0.728763  0.820097 0.659226 1 0 1.000000
0  -22.944363 107.729630 28.326033  -0.071778 0.652287 0.754566  0.820766 0.659477 1 0 1.000000
0  -22.971889 107.550697 28.422380  -0.089159 0.548192 0.831587  0.820934 0.660063 1 0 1.000000
skin_0dam
0  -22.971889 107.550697 28.422380  -0.089159 0.548192 0.831587  0.820934 0.660063 1 0 1.000000
0  -22.944363 107.729630 28.326033  -0.071778 0.652287 0.754566  0.820766 0.659477 1 0 1.000000
0  -25.986172 107.110252 28.367327  -0.152850 0.664015 0.731929  0.839260 0.659728 1 0 1.000000
skin_0dam
0  -25.986172 107.110252 28.367327  -0.152850 0.664015 0.731929  0.839260 0.659728 1 0 1.000000
0  -25.958645 106.945091 28.477438  -0.120364 0.529128 0.839962  0.839092 0.660397 1 0 1.000000
0  -22.971889 107.550697 28.422380  -0.089159 0.548192 0.831587  0.820934 0.660063 1 0 1.000000
skin_0dam
0  -25.958645 106.945091 28.477438  -0.120364 0.529128 0.839962  0.839092 0.660397 1 0 1.000000
0  -25.986172 107.110252 28.367327  -0.152850 0.664015 0.731929  0.839260 0.659728 1 0 1.000000
0  -29.867579 106.050438 28.367327  -0.210986 0.654351 0.726161  0.862857 0.659728 1 0 1.000000
skin_0dam
0  -29.867579 106.050438 28.367327  -0.210986 0.654351 0.726161  0.862857 0.659728 1 0 1.000000
0  -29.826288 105.899040 28.463675  -0.167923 0.521894 0.836318  0.862606 0.660314 1 0 1.000000
0  -25.958645 106.945091 28.477438  -0.120364 0.529128 0.839962  0.839092 0.660397 1 0 1.000000
skin_0dam
0  -29.826288 105.899040 28.463675  -0.167923 0.521894 0.836318  0.862606 0.660314 1 0 1.000000
0  -29.867579 106.050438 28.367327  -0.210986 0.654351 0.726161  0.862857 0.659728 1 0 1.000000
0  -32.757988 104.963097 28.367327  -0.262009 0.644607 0.718216  0.880430 0.659728 1 0 1.000000
skin_0dam
0  -32.757988 104.963097 28.367327  -0.262009 0.644607 0.718216  0.880430 0.659728 1 0 1.000000
0  -32.702930 104.825462 28.477438  -0.209846 0.518611 0.828859  0.880095 0.660397 1 0 1.000000
0  -29.826288 105.899040 28.463675  -0.167923 0.521894 0.836318  0.862606 0.660314 1 0 1.000000
skin_0dam
0  -32.702930 104.825462 28.477438  -0.209846 0.518611 0.828859  0.880095 0.660397 1 0 1.000000
0  -32.757988 104.963097 28.367327  -0.262009 0.644607 0.718216  0.880430 0.659728 1 0 1.000000
0  -34.450939 104.219849 28.367327  -0.318301 0.645744 0.694046  0.890723 0.659728 1 0 1.000000
skin_0dam
0  -34.450939 104.219849 28.367327  -0.318301 0.645744 0.694046  0.890723 0.659728 1 0 1.000000
0  -34.382114 104.082214 28.477438  -0.256664 0.524502 0.811801  0.890304 0.660397 1 0 1.000000
0  -32.702930 104.825462 28.477438  -0.209846 0.518611 0.828859  0.880095 0.660397 1 0 1.000000
skin_0dam
0  -34.382114 104.082214 28.477438  -0.256664 0.524502 0.811801  0.890304 0.660397 1 0 1.000000
0  -34.450939 104.219849 28.367327  -0.318301 0.645744 0.694046  0.890723 0.659728 1 0 1.000000
0  -35.730976 103.531654 28.367327  -0.387036 0.606320 0.694680  0.898505 0.659728 1 0 1.000000
skin_0dam
0  -35.730976 103.531654 28.367327  -0.387036 0.606320 0.694680  0.898505 0.659728 1 0 1.000000
0  -35.648392 103.394020 28.477438  -0.312882 0.489399 0.813998  0.898003 0.660397 1 0 1.000000
0  -34.382114 104.082214 28.477438  -0.256664 0.524502 0.811801  0.890304 0.660397 1 0 1.000000
skin_0dam
0  -35.648392 103.394020 28.477438  -0.312882 0.489399 0.813998  0.898003 0.660397 1 0 1.000000
0  -35.730976 103.531654 28.367327  -0.387036 0.606320 0.694680  0.898505 0.659728 1 0 1.000000
0  -36.914665 102.650764 28.367325  -0.425455 0.570760 0.702297  0.905701 0.659728 1 0 1.000000
skin_0dam
0  -36.914665 102.650764 28.367325  -0.425455 0.570760 0.702297  0.905701 0.659728 1 0 1.000000
0  -36.928429 102.444313 28.477436  -0.348317 0.484411 0.802510  0.905785 0.660397 1 0 1.000000
0  -35.648392 103.394020 28.477438  -0.312882 0.489399 0.813998  0.898003 0.660397 1 0 1.000000
skin_0dam
0  -36.928429 102.444313 28.477436  -0.348317 0.484411 0.802510  0.905785 0.660397 1 0 1.000000
0  -36.914665 102.650764 28.367325  -0.425455 0.570760 0.702297  0.905701 0.659728 1 0 1.000000
0  -37.079830 102.540657 28.353561  -0.761696 0.459424 0.456892  0.906706 0.659644 1 0 1.000000
skin_0dam
0  -37.079830 102.540657 28.353561  -0.761696 0.459424 0.456892  0.906706 0.659644 1 0 1.000000
0  -37.079830 102.334206 28.491199  -0.776041 0.343698 0.528803  0.906706 0.660481 1 0 1.000000
0  -36.928429 102.444313 28.477436  -0.348317 0.484411 0.802510  0.905785 0.660397 1 0 1.000000
skin_0dam
0  -36.873375 102.802170 28.229687  -0.486206 0.666051 0.565668  0.905450 0.658891 1 0 1.000000
0  -36.914665 102.650764 28.367325  -0.425455 0.570760 0.702297  0.905701 0.659728 1 0 1.000000
0  -35.730976 103.531654 28.367327  -0.387036 0.606320 0.694680  0.898505 0.659728 1 0 1.000000
skin_0dam
0  -36.914665 102.650764 28.367325  -0.425455 0.570760 0.702297  0.905701 0.659728 1 0 1.000000
0  -36.873375 102.802170 28.229687  -0.486206 0.666051 0.565668  0.905450 0.658891 1 0 1.000000
0  -37.024773 102.705818 28.202158  -0.790337 0.523870 0.317691  0.906371 0.658724 1 0 1.000000
skin_0dam
0  -37.024773 102.705818 28.202158  -0.790337 0.523870 0.317691  0.906371 0.658724 1 0 1.000000
0  -37.079830 102.540657 28.353561  -0.761696 0.459424 0.456892  0.906706 0.659644 1 0 1.000000
0  -36.914665 102.650764 28.367325  -0.425455 0.570760 0.702297  0.905701 0.659728 1 0 1.000000
skin_0dam
0  -36.515518 104.453827 26.605553  -0.765031 0.570053 0.299610  0.903275 0.649017 1 0 1.000000
0  -37.024773 102.705818 28.202158  -0.790337 0.523870 0.317691  0.906371 0.658724 1 0 1.000000
0  -36.873375 102.802170 28.229687  -0.486206 0.666051 0.565668  0.905450 0.658891 1 0 1.000000
skin_0dam
0  -37.024773 102.705818 28.202158  -0.790337 0.523870 0.317691  0.906371 0.658724 1 0 1.000000
0  -36.515518 104.453827 26.605553  -0.765031 0.570053 0.299610  0.903275 0.649017 1 0 1.000000
0  -36.556808 104.343719 26.481680  -0.925419 0.378490 0.018566  0.903526 0.648264 1 0 1.000000
skin_0dam
0  -36.556808 104.343719 26.481680  -0.925419 0.378490 0.018566  0.903526 0.648264 1 0 1.000000
0  -37.079830 102.554420 28.160868  -0.947784 0.316144 0.041929  0.906706 0.658473 1 0 1.000000
0  -37.024773 102.705818 28.202158  -0.790337 0.523870 0.317691  0.906371 0.658724 1 0 1.000000
skin_0dam
0  -37.079830 102.540657 28.353561  -0.761696 0.459424 0.456892  0.906706 0.659644 1 0 1.000000
0  -37.024773 102.705818 28.202158  -0.790337 0.523870 0.317691  0.906371 0.658724 1 0 1.000000
0  -37.079830 102.554420 28.160868  -0.947784 0.316144 0.041929  0.906706 0.658473 1 0 1.000000
skin_0dam
0  -37.079830 102.554420 28.160868  -0.947784 0.316144 0.041929  0.906706 0.658473 1 0 1.000000
0  -37.121120 102.375496 28.339794  -0.926882 0.298910 0.227030  0.906956 0.659561 1 0 1.000000
0  -37.079830 102.540657 28.353561  -0.761696 0.459424 0.456892  0.906706 0.659644 1 0 1.000000
skin_0dam
0  -37.079830 102.334206 28.491199  -0.776041 0.343698 0.528803  0.906706 0.660481 1 0 1.000000
0  -37.079830 102.540657 28.353561  -0.761696 0.459424 0.456892  0.906706 0.659644 1 0 1.000000
0  -37.121120 102.375496 28.339794  -0.926882 0.298910 0.227030  0.906956 0.659561 1 0 1.000000
skin_0dam
0  -37.121120 102.375496 28.339794  -0.926882 0.298910 0.227030  0.906956 0.659561 1 0 1.000000
0  -37.121120 102.182793 28.504963  -0.862108 0.266656 0.430889  0.906956 0.660565 1 0 1.000000
0  -37.079830 102.334206 28.491199  -0.776041 0.343698 0.528803  0.906706 0.660481 1 0 1.000000
skin_0dam
0  -37.189941 102.224083 28.339794  -0.915302 0.303415 0.264883  0.907375 0.659561 1 0 1.000000
0  -37.121120 102.182793 28.504963  -0.862108 0.266656 0.430889  0.906956 0.660565 1 0 1.000000
0  -37.121120 102.375496 28.339794  -0.926882 0.298910 0.227030  0.906956 0.659561 1 0 1.000000
skin_0dam
0  -37.189941 102.224083 28.339794  -0.915302 0.303415 0.264883  0.907375 0.659561 1 0 1.000000
0  -37.121120 102.375496 28.339794  -0.926882 0.298910 0.227030  0.906956 0.659561 1 0 1.000000
0  -37.079830 102.554420 28.160868  -0.947784 0.316144 0.041929  0.906706 0.658473 1 0 1.000000
skin_0dam
0  -37.079830 102.554420 28.160868  -0.947784 0.316144 0.041929  0.906706 0.658473 1 0 1.000000
0  -37.189941 102.251610 28.174631  -0.946034 0.315234 0.075149  0.907375 0.658557 1 0 1.000000
0  -37.189941 102.224083 28.339794  -0.915302 0.303415 0.264883  0.907375 0.659561 1 0 1.000000
skin_0dam
0  -37.189941 102.251610 28.174631  -0.946034 0.315234 0.075149  0.907375 0.658557 1 0 1.000000
0  -37.079830 102.554420 28.160868  -0.947784 0.316144 0.041929  0.906706 0.658473 1 0 1.000000
0  -36.556808 104.343719 26.481680  -0.925419 0.378490 0.018566  0.903526 0.648264 1 0 1.000000
skin_0dam
0  -36.556808 104.343719 26.481680  -0.925419 0.378490 0.018566  0.903526 0.648264 1 0 1.000000
0  -37.244999 102.526894 26.261456  -0.945155 0.322859 0.049429  0.907710 0.646925 1 0 1.000000
0  -37.189941 102.251610 28.174631  -0.946034 0.315234 0.075149  0.907375 0.658557 1 0 1.000000
skin_0dam
0  -37.203709 103.160019 19.709866  -0.945180 0.326371 -0.010862  0.907459 0.607093 1 0 1.000000
0  -37.244999 102.526894 26.261456  -0.945155 0.322859 0.049429  0.907710 0.646925 1 0 1.000000
0  -36.556808 104.343719 26.481680  -0.925419 0.378490 0.018566  0.903526 0.648264 1 0 1.000000
skin_0dam
0  -36.556808 104.343719 26.481680  -0.925419 0.378490 0.018566  0.903526 0.648264 1 0 1.000000
0  -36.364113 105.348480 19.599754  -0.903913 0.427696 0.004028  0.902354 0.606424 1 0 1.000000
0  -37.203709 103.160019 19.709866  -0.945180 0.326371 -0.010862  0.907459 0.607093 1 0 1.000000
skin_0dam
0  -36.887142 103.325195 13.612480  -0.945590 0.298143 -0.130274  0.905534 0.570023 1 0 1.000000
0  -37.203709 103.160019 19.709866  -0.945180 0.326371 -0.010862  0.907459 0.607093 1 0 1.000000
0  -36.364113 105.348480 19.599754  -0.903913 0.427696 0.004028  0.902354 0.606424 1 0 1.000000
skin_0dam
0  -36.364113 105.348480 19.599754  -0.903913 0.427696 0.004028  0.902354 0.606424 1 0 1.000000
0  -36.075073 105.596237 13.984106  -0.902075 0.417975 -0.107505  0.900597 0.572283 1 0 1.000000
0  -36.887142 103.325195 13.612480  -0.945590 0.298143 -0.130274  0.905534 0.570023 1 0 1.000000
skin_0dam
0  -36.267765 103.036156 10.653254  -0.909910 0.285335 -0.301078  0.901768 0.552032 1 0 1.000000
0  -36.887142 103.325195 13.612480  -0.945590 0.298143 -0.130274  0.905534 0.570023 1 0 1.000000
0  -36.075073 105.596237 13.984106  -0.902075 0.417975 -0.107505  0.900597 0.572283 1 0 1.000000
skin_0dam
0  -36.075073 105.596237 13.984106  -0.902075 0.417975 -0.107505  0.900597 0.572283 1 0 1.000000
0  -35.648396 105.293434 11.107461  -0.871350 0.400627 -0.283277  0.898003 0.554793 1 0 1.000000
0  -36.267765 103.036156 10.653254  -0.909910 0.285335 -0.301078  0.901768 0.552032 1 0 1.000000
skin_0dam
0  -35.648396 105.293434 11.107461  -0.871350 0.400627 -0.283277  0.898003 0.554793 1 0 1.000000
0  -36.075073 105.596237 13.984106  -0.902075 0.417975 -0.107505  0.900597 0.572283 1 0 1.000000
0  -35.029022 107.495644 14.218090  -0.770546 0.632448 -0.079173  0.894237 0.573705 1 0 1.000000
skin_0dam
0  -35.029022 107.495644 14.218090  -0.770546 0.632448 -0.079173  0.894237 0.573705 1 0 1.000000
0  -34.588577 107.316711 11.506612  -0.750834 0.603965 -0.267346  0.891560 0.557220 1 0 1.000000
0  -35.648396 105.293434 11.107461  -0.871350 0.400627 -0.283277  0.898003 0.554793 1 0 1.000000
skin_0dam
0  -34.588577 107.316711 11.506612  -0.750834 0.603965 -0.267346  0.891560 0.557220 1 0 1.000000
0  -35.029022 107.495644 14.218090  -0.770546 0.632448 -0.079173  0.894237 0.573705 1 0 1.000000
0  -33.487473 108.858261 14.245620  -0.556634 0.820968 -0.127159  0.884865 0.573873 1 0 1.000000
skin_0dam
0  -33.487473 108.858261 14.245620  -0.556634 0.820968 -0.127159  0.884865 0.573873 1 0 1.000000
0  -33.212200 108.665573 11.658016  -0.558358 0.794754 -0.237913  0.883191 0.558141 1 0 1.000000
0  -34.588577 107.316711 11.506612  -0.750834 0.603965 -0.267346  0.891560 0.557220 1 0 1.000000
skin_0dam
0  -33.212200 108.665573 11.658016  -0.558358 0.794754 -0.237913  0.883191 0.558141 1 0 1.000000
0  -33.487473 108.858261 14.245620  -0.556634 0.820968 -0.127159  0.884865 0.573873 1 0 1.000000
0  -30.858576 110.165817 14.286911  -0.374219 0.921201 -0.106534  0.868882 0.574124 1 0 1.000000
skin_0dam
0  -38.483746 98.356445 26.550497  -0.971700 0.163680 0.170315  0.915241 0.648682 1 0 1.000000
0  -38.456215 98.177521 26.633080  -0.933222 0.030242 0.358026  0.915074 0.649184 1 0 1.000000
0  -37.919426 99.443787 28.532492  -0.915490 0.132630 0.379851  0.911810 0.660732 1 0 1.000000
skin_0dam
0  -37.919426 99.443787 28.532492  -0.915490 0.132630 0.379851  0.911810 0.660732 1 0 1.000000
0  -37.988243 99.485077 28.339796  -0.953479 0.130908 0.271551  0.912228 0.659561 1 0 1.000000
0  -38.483746 98.356445 26.550497  -0.971700 0.163680 0.170315  0.915241 0.648682 1 0 1.000000
skin_0dam
0  -37.988243 99.485077 28.339796  -0.953479 0.130908 0.271551  0.912228 0.659561 1 0 1.000000
0  -37.919426 99.443787 28.532492  -0.915490 0.132630 0.379851  0.911810 0.660732 1 0 1.000000
0  -37.121120 102.182793 28.504963  -0.862108 0.266656 0.430889  0.906956 0.660565 1 0 1.000000
skin_0dam
0  -37.121120 102.182793 28.504963  -0.862108 0.266656 0.430889  0.906956 0.660565 1 0 1.000000
0  -37.189941 102.224083 28.339794  -0.915302 0.303415 0.264883  0.907375 0.659561 1 0 1.000000
0  -37.988243 99.485077 28.339796  -0.953479 0.130908 0.271551  0.912228 0.659561 1 0 1.000000
skin_0dam
0  -38.002007 99.512604 28.133339  -0.955793 0.281428 0.085188  0.912312 0.658306 1 0 1.000000
0  -37.988243 99.485077 28.339796  -0.953479 0.130908 0.271551  0.912228 0.659561 1 0 1.000000
0  -37.189941 102.224083 28.339794  -0.915302 0.303415 0.264883  0.907375 0.659561 1 0 1.000000
skin_0dam
0  -37.189941 102.224083 28.339794  -0.915302 0.303415 0.264883  0.907375 0.659561 1 0 1.000000
0  -37.189941 102.251610 28.174631  -0.946034 0.315234 0.075149  0.907375 0.658557 1 0 1.000000
0  -38.002007 99.512604 28.133339  -0.955793 0.281428 0.085188  0.912312 0.658306 1 0 1.000000
skin_0dam
0  -38.098354 99.870476 25.752193  -0.958579 0.281384 0.044145  0.912898 0.643829 1 0 1.000000
0  -38.002007 99.512604 28.133339  -0.955793 0.281428 0.085188  0.912312 0.658306 1 0 1.000000
0  -37.189941 102.251610 28.174631  -0.946034 0.315234 0.075149  0.907375 0.658557 1 0 1.000000
skin_0dam
0  -37.189941 102.251610 28.174631  -0.946034 0.315234 0.075149  0.907375 0.658557 1 0 1.000000
0  -37.244999 102.526894 26.261456  -0.945155 0.322859 0.049429  0.907710 0.646925 1 0 1.000000
0  -38.098354 99.870476 25.752193  -0.958579 0.281384 0.044145  0.912898 0.643829 1 0 1.000000
skin_0dam
0  -37.946957 100.792648 19.296951  -0.958723 0.283199 -0.025480  0.911977 0.604583 1 0 1.000000
0  -38.098354 99.870476 25.752193  -0.958579 0.281384 0.044145  0.912898 0.643829 1 0 1.000000
0  -37.244999 102.526894 26.261456  -0.945155 0.322859 0.049429  0.907710 0.646925 1 0 1.000000
skin_0dam
0  -37.244999 102.526894 26.261456  -0.945155 0.322859 0.049429  0.907710 0.646925 1 0 1.000000
0  -37.203709 103.160019 19.709866  -0.945180 0.326371 -0.010862  0.907459 0.607093 1 0 1.000000
0  -37.946957 100.792648 19.296951  -0.958723 0.283199 -0.025480  0.911977 0.604583 1 0 1.000000
skin_0dam
0  -37.313820 101.412025 13.433551  -0.961372 0.234480 -0.144165  0.908128 0.568935 1 0 1.000000
0  -37.946957 100.792648 19.296951  -0.958723 0.283199 -0.025480  0.911977 0.604583 1 0 1.000000
0  -37.203709 103.160019 19.709866  -0.945180 0.326371 -0.010862  0.907459 0.607093 1 0 1.000000
skin_0dam
0  -37.203709 103.160019 19.709866  -0.945180 0.326371 -0.010862  0.907459 0.607093 1 0 1.000000
0  -36.887142 103.325195 13.612480  -0.945590 0.298143 -0.130274  0.905534 0.570023 1 0 1.000000
0  -37.313820 101.412025 13.433551  -0.961372 0.234480 -0.144165  0.908128 0.568935 1 0 1.000000
skin_0dam
0  -37.286293 101.425789 13.282148  -0.966499 0.215521 -0.139392  0.907961 0.568015 1 0 1.000000
0  -37.313820 101.412025 13.433551  -0.961372 0.234480 -0.144165  0.908128 0.568935 1 0 1.000000
0  -36.887142 103.325195 13.612480  -0.945590 0.298143 -0.130274  0.905534 0.570023 1 0 1.000000
skin_0dam
0  -37.272530 101.412025 12.951816  -0.965111 0.217139 -0.146326  0.907877 0.566007 1 0 1.000000
0  -37.286293 101.425789 13.282148  -0.966499 0.215521 -0.139392  0.907961 0.568015 1 0 1.000000
0  -36.887142 103.325195 13.612480  -0.945590 0.298143 -0.130274  0.905534 0.570023 1 0 1.000000
skin_0dam
0  -36.639393 101.315689 10.336685  -0.918808 0.236352 -0.316115  0.904028 0.550107 1 0 1.000000
0  -37.272530 101.412025 12.951816  -0.965111 0.217139 -0.146326  0.907877 0.566007 1 0 1.000000
0  -36.887142 103.325195 13.612480  -0.945590 0.298143 -0.130274  0.905534 0.570023 1 0 1.000000
skin_0dam
0  -36.887142 103.325195 13.612480  -0.945590 0.298143 -0.130274  0.905534 0.570023 1 0 1.000000
0  -36.267765 103.036156 10.653254  -0.909910 0.285335 -0.301078  0.901768 0.552032 1 0 1.000000
0  -36.639393 101.315689 10.336685  -0.918808 0.236352 -0.316115  0.904028 0.550107 1 0 1.000000
skin_0dam
0  -35.730980 100.806419 8.024358  -0.841323 0.233219 -0.487631  0.898505 0.536049 1 0 1.000000
0  -36.639393 101.315689 10.336685  -0.918808 0.236352 -0.316115  0.904028 0.550107 1 0 1.000000
0  -36.267765 103.036156 10.653254  -0.909910 0.285335 -0.301078  0.901768 0.552032 1 0 1.000000
skin_0dam
0  -36.267765 103.036156 10.653254  -0.909910 0.285335 -0.301078  0.901768 0.552032 1 0 1.000000
0  -35.414410 102.444321 8.258344  -0.831958 0.272000 -0.483594  0.896580 0.537472 1 0 1.000000
0  -35.730980 100.806419 8.024358  -0.841323 0.233219 -0.487631  0.898505 0.536049 1 0 1.000000
skin_0dam
0  -30.308023 108.968376 8.974065  -0.336201 0.827932 -0.448885  0.865535 0.541823 1 0 1.000000
0  -30.803522 109.904320 11.726834  -0.365730 0.901862 -0.229972  0.868548 0.558559 1 0 1.000000
0  -26.784477 111.129311 11.726835  -0.252158 0.940318 -0.228513  0.844113 0.558559 1 0 1.000000
skin_0dam
0  -30.803522 109.904320 11.726834  -0.365730 0.901862 -0.229972  0.868548 0.558559 1 0 1.000000
0  -30.308023 108.968376 8.974065  -0.336201 0.827932 -0.448885  0.865535 0.541823 1 0 1.000000
0  -32.455185 107.922325 8.960302  -0.497140 0.725057 -0.476597  0.878589 0.541739 1 0 1.000000
skin_0dam
0  -32.455185 107.922325 8.960302  -0.497140 0.725057 -0.476597  0.878589 0.541739 1 0 1.000000
0  -33.212200 108.665573 11.658016  -0.558358 0.794754 -0.237913  0.883191 0.558141 1 0 1.000000
0  -30.803522 109.904320 11.726834  -0.365730 0.901862 -0.229972  0.868548 0.558559 1 0 1.000000
skin_0dam
0  -33.212200 108.665573 11.658016  -0.558358 0.794754 -0.237913  0.883191 0.558141 1 0 1.000000
0  -32.455185 107.922325 8.960302  -0.497140 0.725057 -0.476597  0.878589 0.541739 1 0 1.000000
0  -33.666401 106.724876 8.877718  -0.676401 0.555830 -0.483254  0.885953 0.541237 1 0 1.000000
skin_0dam
0  -33.666401 106.724876 8.877718  -0.676401 0.555830 -0.483254  0.885953 0.541237 1 0 1.000000
0  -34.588577 107.316711 11.506612  -0.750834 0.603965 -0.267346  0.891560 0.557220 1 0 1.000000
0  -33.212200 108.665573 11.658016  -0.558358 0.794754 -0.237913  0.883191 0.558141 1 0 1.000000
skin_0dam
0  -34.588577 107.316711 11.506612  -0.750834 0.603965 -0.267346  0.891560 0.557220 1 0 1.000000
0  -33.666401 106.724876 8.877718  -0.676401 0.555830 -0.483254  0.885953 0.541237 1 0 1.000000
0  -34.795036 104.591476 8.588676  -0.777816 0.386203 -0.495832  0.892815 0.539480 1 0 1.000000
skin_0dam
0  -34.795036 104.591476 8.588676  -0.777816 0.386203 -0.495832  0.892815 0.539480 1 0 1.000000
0  -35.648396 105.293434 11.107461  -0.871350 0.400627 -0.283277  0.898003 0.554793 1 0 1.000000
0  -34.588577 107.316711 11.506612  -0.750834 0.603965 -0.267346  0.891560 0.557220 1 0 1.000000
skin_0dam
0  -35.648396 105.293434 11.107461  -0.871350 0.400627 -0.283277  0.898003 0.554793 1 0 1.000000
0  -34.795036 104.591476 8.588676  -0.777816 0.386203 -0.495832  0.892815 0.539480 1 0 1.000000
0  -35.414410 102.444321 8.258344  -0.831958 0.272000 -0.483594  0.896580 0.537472 1 0 1.000000
skin_0dam
0  -35.414410 102.444321 8.258344  -0.831958 0.272000 -0.483594  0.896580 0.537472 1 0 1.000000
0  -36.267765 103.036156 10.653254  -0.909910 0.285335 -0.301078  0.901768 0.552032 1 0 1.000000
0  -35.648396 105.293434 11.107461  -0.871350 0.400627 -0.283277  0.898003 0.554793 1 0 1.000000
skin_0dam
0  -34.739983 101.962578 7.143472  -0.710691 0.269531 -0.649824  0.892480 0.530694 1 0 1.000000
0  -35.414410 102.444321 8.258344  -0.831958 0.272000 -0.483594  0.896580 0.537472 1 0 1.000000
0  -34.795036 104.591476 8.588676  -0.777816 0.386203 -0.495832  0.892815 0.539480 1 0 1.000000
skin_0dam
0  -34.795036 104.591476 8.588676  -0.777816 0.386203 -0.495832  0.892815 0.539480 1 0 1.000000
0  -34.065548 104.151039 7.487568  -0.658489 0.362312 -0.659638  0.888380 0.532786 1 0 1.000000
0  -34.739983 101.962578 7.143472  -0.710691 0.269531 -0.649824  0.892480 0.530694 1 0 1.000000
skin_0dam
0  -34.065548 104.151039 7.487568  -0.658489 0.362312 -0.659638  0.888380 0.532786 1 0 1.000000
0  -34.795036 104.591476 8.588676  -0.777816 0.386203 -0.495832  0.892815 0.539480 1 0 1.000000
0  -33.666401 106.724876 8.877718  -0.676401 0.555830 -0.483254  0.885953 0.541237 1 0 1.000000
skin_0dam
0  -33.666401 106.724876 8.877718  -0.676401 0.555830 -0.483254  0.885953 0.541237 1 0 1.000000
0  -32.978210 106.256905 7.749082  -0.556383 0.499358 -0.664138  0.881769 0.534376 1 0 1.000000
0  -34.065548 104.151039 7.487568  -0.658489 0.362312 -0.659638  0.888380 0.532786 1 0 1.000000
skin_0dam
0  -32.978210 106.256905 7.749082  -0.556383 0.499358 -0.664138  0.881769 0.534376 1 0 1.000000
0  -33.666401 106.724876 8.877718  -0.676401 0.555830 -0.483254  0.885953 0.541237 1 0 1.000000
0  -32.455185 107.922325 8.960302  -0.497140 0.725057 -0.476597  0.878589 0.541739 1 0 1.000000
skin_0dam
0  -32.455185 107.922325 8.960302  -0.497140 0.725057 -0.476597  0.878589 0.541739 1 0 1.000000
0  -31.698172 107.413071 7.859193  -0.399382 0.633326 -0.662867  0.873987 0.535045 1 0 1.000000
0  -32.978210 106.256905 7.749082  -0.556383 0.499358 -0.664138  0.881769 0.534376 1 0 1.000000
skin_0dam
0  -31.698172 107.413071 7.859193  -0.399382 0.633326 -0.662867  0.873987 0.535045 1 0 1.000000
0  -32.455185 107.922325 8.960302  -0.497140 0.725057 -0.476597  0.878589 0.541739 1 0 1.000000
0  -30.308023 108.968376 8.974065  -0.336201 0.827932 -0.448885  0.865535 0.541823 1 0 1.000000
skin_0dam
0  -35.070316 100.352211 6.950778  -0.730893 0.228272 -0.643186  0.894488 0.529522 1 0 1.000000
0  -35.730980 100.806419 8.024358  -0.841323 0.233219 -0.487631  0.898505 0.536049 1 0 1.000000
0  -35.414410 102.444321 8.258344  -0.831958 0.272000 -0.483594  0.896580 0.537472 1 0 1.000000
skin_0dam
0  -35.414410 102.444321 8.258344  -0.831958 0.272000 -0.483594  0.896580 0.537472 1 0 1.000000
0  -34.739983 101.962578 7.143472  -0.710691 0.269531 -0.649824  0.892480 0.530694 1 0 1.000000
0  -35.070316 100.352211 6.950778  -0.730893 0.228272 -0.643186  0.894488 0.529522 1 0 1.000000
skin_0dam
0  -33.804039 99.471321 5.464281  -0.671565 0.224266 -0.706190  0.886790 0.520485 1 0 1.000000
0  -35.070316 100.352211 6.950778  -0.730893 0.228272 -0.643186  0.894488 0.529522 1 0 1.000000
0  -34.739983 101.962578 7.143472  -0.710691 0.269531 -0.649824  0.892480 0.530694 1 0 1.000000
skin_0dam
0  -34.739983 101.962578 7.143472  -0.710691 0.269531 -0.649824  0.892480 0.530694 1 0 1.000000
0  -33.528763 101.095459 5.725794  -0.655511 0.254723 -0.710930  0.885116 0.522075 1 0 1.000000
0  -33.804039 99.471321 5.464281  -0.671565 0.224266 -0.706190  0.886790 0.520485 1 0 1.000000
skin_0dam
0  -33.528763 101.095459 5.725794  -0.655511 0.254723 -0.710930  0.885116 0.522075 1 0 1.000000
0  -34.739983 101.962578 7.143472  -0.710691 0.269531 -0.649824  0.892480 0.530694 1 0 1.000000
0  -34.065548 104.151039 7.487568  -0.658489 0.362312 -0.659638  0.888380 0.532786 1 0 1.000000
skin_0dam
0  -34.065548 104.151039 7.487568  -0.658489 0.362312 -0.659638  0.888380 0.532786 1 0 1.000000
0  -32.881863 103.380257 6.083654  -0.603700 0.342401 -0.719937  0.881183 0.524250 1 0 1.000000
0  -33.528763 101.095459 5.725794  -0.655511 0.254723 -0.710930  0.885116 0.522075 1 0 1.000000
skin_0dam
0  -32.881863 103.380257 6.083654  -0.603700 0.342401 -0.719937  0.881183 0.524250 1 0 1.000000
0  -34.065548 104.151039 7.487568  -0.658489 0.362312 -0.659638  0.888380 0.532786 1 0 1.000000
0  -32.978210 106.256905 7.749082  -0.556383 0.499358 -0.664138  0.881769 0.534376 1 0 1.000000
skin_0dam
0  -32.978210 106.256905 7.749082  -0.556383 0.499358 -0.664138  0.881769 0.534376 1 0 1.000000
0  -31.739462 105.417305 6.413989  -0.462792 0.478971 -0.745929  0.874238 0.526259 1 0 1.000000
0  -32.881863 103.380257 6.083654  -0.603700 0.342401 -0.719937  0.881183 0.524250 1 0 1.000000
skin_0dam
0  -31.739462 105.417305 6.413989  -0.462792 0.478971 -0.745929  0.874238 0.526259 1 0 1.000000
0  -32.978210 106.256905 7.749082  -0.556383 0.499358 -0.664138  0.881769 0.534376 1 0 1.000000
0  -31.698172 107.413071 7.859193  -0.399382 0.633326 -0.662867  0.873987 0.535045 1 0 1.000000
skin_0dam
0  -31.698172 107.413071 7.859193  -0.399382 0.633326 -0.662867  0.873987 0.535045 1 0 1.000000
0  -30.486952 106.532173 6.606682  -0.337302 0.582257 -0.739732  0.866623 0.527430 1 0 1.000000
0  -31.739462 105.417305 6.413989  -0.462792 0.478971 -0.745929  0.874238 0.526259 1 0 1.000000
skin_0dam
0  -30.486952 106.532173 6.606682  -0.337302 0.582257 -0.739732  0.866623 0.527430 1 0 1.000000
0  -31.698172 107.413071 7.859193  -0.399382 0.633326 -0.662867  0.873987 0.535045 1 0 1.000000
0  -29.922636 108.417831 7.941776  -0.290452 0.715879 -0.634945  0.863192 0.535547 1 0 1.000000
skin_0dam
0  -30.308023 108.968376 8.974065  -0.336201 0.827932 -0.448885  0.865535 0.541823 1 0 1.000000
0  -29.922636 108.417831 7.941776  -0.290452 0.715879 -0.634945  0.863192 0.535547 1 0 1.000000
0  -31.698172 107.413071 7.859193  -0.399382 0.633326 -0.662867  0.873987 0.535045 1 0 1.000000
skin_0dam
0  -29.922636 108.417831 7.941776  -0.290452 0.715879 -0.634945  0.863192 0.535547 1 0 1.000000
0  -30.308023 108.968376 8.974065  -0.336201 0.827932 -0.448885  0.865535 0.541823 1 0 1.000000
0  -26.316507 110.234657 8.974065  -0.254550 0.885531 -0.388638  0.841268 0.541823 1 0 1.000000
skin_0dam
0  -26.784477 111.129311 11.726835  -0.252158 0.940318 -0.228513  0.844113 0.558559 1 0 1.000000
0  -26.316507 110.234657 8.974065  -0.254550 0.885531 -0.388638  0.841268 0.541823 1 0 1.000000
0  -30.308023 108.968376 8.974065  -0.336201 0.827932 -0.448885  0.865535 0.541823 1 0 1.000000
skin_0dam
0  -25.187872 110.647568 9.359452  -0.224343 0.915298 -0.334515  0.834406 0.544166 1 0 1.000000
0  -26.316507 110.234657 8.974065  -0.254550 0.885531 -0.388638  0.841268 0.541823 1 0 1.000000
0  -26.784477 111.129311 11.726835  -0.252158 0.940318 -0.228513  0.844113 0.558559 1 0 1.000000
skin_0dam
0  -25.187872 110.647568 9.359452  -0.224343 0.915298 -0.334515  0.834406 0.544166 1 0 1.000000
0  -26.784477 111.129311 11.726835  -0.252158 0.940318 -0.228513  0.844113 0.558559 1 0 1.000000
0  -23.783958 111.060486 9.538383  -0.217387 0.922904 -0.317792  0.825871 0.545254 1 0 1.000000
skin_0dam
0  -26.784477 111.129311 11.726835  -0.252158 0.940318 -0.228513  0.844113 0.558559 1 0 1.000000
0  -22.503922 112.106537 11.726835  -0.196610 0.958717 -0.205440  0.818089 0.558559 1 0 1.000000
0  -23.783958 111.060486 9.538383  -0.217387 0.922904 -0.317792  0.825871 0.545254 1 0 1.000000
skin_0dam
0  -22.503922 112.106537 11.726835  -0.196610 0.958717 -0.205440  0.818089 0.558559 1 0 1.000000
0  -22.503922 111.390816 9.579675  -0.198609 0.930254 -0.308515  0.818089 0.545505 1 0 1.000000
0  -23.783958 111.060486 9.538383  -0.217387 0.922904 -0.317792  0.825871 0.545254 1 0 1.000000
skin_0dam
0  -29.922636 108.417831 7.941776  -0.290452 0.715879 -0.634945  0.863192 0.535547 1 0 1.000000
0  -29.220676 107.289185 6.730558  -0.252696 0.641620 -0.724202  0.858924 0.528183 1 0 1.000000
0  -30.486952 106.532173 6.606682  -0.337302 0.582257 -0.739732  0.866623 0.527430 1 0 1.000000
skin_0dam
0  -29.220676 107.289185 6.730558  -0.252696 0.641620 -0.724202  0.858924 0.528183 1 0 1.000000
0  -29.922636 108.417831 7.941776  -0.290452 0.715879 -0.634945  0.863192 0.535547 1 0 1.000000
0  -27.183630 109.257423 7.983068  -0.228169 0.752838 -0.617393  0.846540 0.535798 1 0 1.000000
skin_0dam
0  -26.316507 110.234657 8.974065  -0.254550 0.885531 -0.388638  0.841268 0.541823 1 0 1.000000
0  -27.183630 109.257423 7.983068  -0.228169 0.752838 -0.617393  0.846540 0.535798 1 0 1.000000
0  -29.922636 108.417831 7.941776  -0.290452 0.715879 -0.634945  0.863192 0.535547 1 0 1.000000
skin_0dam
0  -27.183630 109.257423 7.983068  -0.228169 0.752838 -0.617393  0.846540 0.535798 1 0 1.000000
0  -27.637836 107.991142 6.840668  -0.257189 0.695077 -0.671358  0.849301 0.528853 1 0 1.000000
0  -29.220676 107.289185 6.730558  -0.252696 0.641620 -0.724202  0.858924 0.528183 1 0 1.000000
skin_0dam
0  -30.858576 110.165817 14.286911  -0.374219 0.921201 -0.106534  0.868882 0.574124 1 0 1.000000
0  -30.803522 109.904320 11.726834  -0.365730 0.901862 -0.229972  0.868548 0.558559 1 0 1.000000
0  -33.212200 108.665573 11.658016  -0.558358 0.794754 -0.237913  0.883191 0.558141 1 0 1.000000
skin_0dam
0  -30.803522 109.904320 11.726834  -0.365730 0.901862 -0.229972  0.868548 0.558559 1 0 1.000000
0  -30.858576 110.165817 14.286911  -0.374219 0.921201 -0.106534  0.868882 0.574124 1 0 1.000000
0  -26.853298 111.432098 14.286912  -0.251072 0.960345 -0.121241  0.844531 0.574124 1 0 1.000000
skin_0dam
0  -26.853298 111.432098 14.286912  -0.251072 0.960345 -0.121241  0.844531 0.574124 1 0 1.000000
0  -26.784477 111.129311 11.726835  -0.252158 0.940318 -0.228513  0.844113 0.558559 1 0 1.000000
0  -30.803522 109.904320 11.726834  -0.365730 0.901862 -0.229972  0.868548 0.558559 1 0 1.000000
skin_0dam
0  -26.784477 111.129311 11.726835  -0.252158 0.940318 -0.228513  0.844113 0.558559 1 0 1.000000
0  -26.853298 111.432098 14.286912  -0.251072 0.960345 -0.121241  0.844531 0.574124 1 0 1.000000
0  -22.503922 112.354279 14.273147  -0.193856 0.975779 -0.101364  0.818089 0.574040 1 0 1.000000
skin_0dam
0  -22.503922 112.354279 14.273147  -0.193856 0.975779 -0.101364  0.818089 0.574040 1 0 1.000000
0  -22.503922 112.106537 11.726835  -0.196610 0.958717 -0.205440  0.818089 0.558559 1 0 1.000000
0  -26.784477 111.129311 11.726835  -0.252158 0.940318 -0.228513  0.844113 0.558559 1 0 1.000000
skin_0dam
0  -22.503922 112.106537 11.726835  -0.196610 0.958717 -0.205440  0.818089 0.558559 1 0 1.000000
0  -22.503922 112.354279 14.273147  -0.193856 0.975779 -0.101364  0.818089 0.574040 1 0 1.000000
0  -17.425064 113.276459 14.273146  -0.146005 0.984436 -0.097819  0.787211 0.574040 1 0 1.000000
skin_0dam
0  -17.425064 113.276459 14.273146  -0.146005 0.984436 -0.097819  0.787211 0.574040 1 0 1.000000
0  -17.425064 113.014961 11.726834  -0.144893 0.968179 -0.204047  0.787211 0.558559 1 0 1.000000
0  -22.503922 112.106537 11.726835  -0.196610 0.958717 -0.205440  0.818089 0.558559 1 0 1.000000
skin_0dam
0  -17.425064 113.014961 11.726834  -0.144893 0.968179 -0.204047  0.787211 0.558559 1 0 1.000000
0  -17.425064 113.276459 14.273146  -0.146005 0.984436 -0.097819  0.787211 0.574040 1 0 1.000000
0  -10.749709 114.067123 14.331974  -0.102331 0.993363 -0.052528  0.743028 0.574040 1 0 1.000000
skin_0dam
0  -10.749709 114.067123 14.331974  -0.102331 0.993363 -0.052528  0.743028 0.574040 1 0 1.000000
0  -10.821529 113.833847 11.786575  -0.106893 0.974609 -0.196751  0.742944 0.558559 1 0 1.000000
0  -17.425064 113.014961 11.726834  -0.144893 0.968179 -0.204047  0.787211 0.558559 1 0 1.000000
skin_0dam
0  -10.821529 113.833847 11.786575  -0.106893 0.974609 -0.196751  0.742944 0.558559 1 0 1.000000
0  -10.749709 114.067123 14.331974  -0.102331 0.993363 -0.052528  0.743028 0.574040 1 0 1.000000
0  -0.640383 115.002022 13.970572  -0.040773 0.992928 -0.111497  0.681356 0.574124 1 0 1.000000
skin_0dam
0  -0.640383 115.002022 13.970572  -0.040773 0.992928 -0.111497  0.681356 0.574124 1 0 1.000000
0  -0.724373 114.713203 11.411851  -0.043179 0.975286 -0.216688  0.681356 0.558559 1 0 1.000000
0  -10.821529 113.833847 11.786575  -0.106893 0.974609 -0.196751  0.742944 0.558559 1 0 1.000000
skin_0dam
0  -0.724373 114.713203 11.411851  -0.043179 0.975286 -0.216688  0.681356 0.558559 1 0 1.000000
0  -0.640383 115.002022 13.970572  -0.040773 0.992928 -0.111497  0.681356 0.574124 1 0 1.000000
0  9.509659 114.836601 13.580111  0.034261 0.997379 -0.063729  0.619684 0.574040 1 0 1.000000
skin_0dam
0  9.509659 114.836601 13.580111  0.034261 0.997379 -0.063729  0.619684 0.574040 1 0 1.000000
0  9.410351 114.602280 11.035732  0.035266 0.978644 -0.202516  0.619767 0.558559 1 0 1.000000
0  -0.724373 114.713203 11.411851  -0.043179 0.975286 -0.216688  0.681356 0.558559 1 0 1.000000
skin_0dam
0  9.410351 114.602280 11.035732  0.035266 0.978644 -0.202516  0.619767 0.558559 1 0 1.000000
0  9.509659 114.836601 13.580111  0.034261 0.997379 -0.063729  0.619684 0.574040 1 0 1.000000
0  16.798567 114.273239 13.309606  0.104614 0.989310 -0.101595  0.575501 0.574040 1 0 1.000000
skin_0dam
0  16.806202 114.300751 13.543470  0.113069 0.930015 0.349697  0.575501 0.575462 1 0 1.000000
0  16.798567 114.273239 13.309606  0.104614 0.989310 -0.101595  0.575501 0.574040 1 0 1.000000
0  9.509659 114.836601 13.580111  0.034261 0.997379 -0.063729  0.619684 0.574040 1 0 1.000000
skin_0dam
0  16.798567 114.273239 13.309606  0.104614 0.989310 -0.101595  0.575501 0.574040 1 0 1.000000
0  16.806202 114.300751 13.543470  0.113069 0.930015 0.349697  0.575501 0.575462 1 0 1.000000
0  21.912867 113.571877 13.353951  0.157044 0.926849 0.341009  0.544623 0.575462 1 0 1.000000
skin_0dam
0  21.940748 113.186768 13.711022  0.153404 0.886766 0.436019  0.544623 0.577638 1 0 1.000000
0  21.912867 113.571877 13.353951  0.157044 0.926849 0.341009  0.544623 0.575462 1 0 1.000000
0  16.806202 114.300751 13.543470  0.113069 0.930015 0.349697  0.575501 0.575462 1 0 1.000000
skin_0dam
0  26.304821 112.815842 13.190957  0.215705 0.923417 0.317446  0.518096 0.575462 1 0 1.000000
0  21.912867 113.571877 13.353951  0.157044 0.926849 0.341009  0.544623 0.575462 1 0 1.000000
0  21.940748 113.186768 13.711022  0.153404 0.886766 0.436019  0.544623 0.577638 1 0 1.000000
skin_0dam
0  -33.514999 108.872025 14.479605  -0.539533 0.795884 0.274723  0.885032 0.575295 1 0 1.000000
0  -33.487473 108.858261 14.245620  -0.556634 0.820968 -0.127159  0.884865 0.573873 1 0 1.000000
0  -35.029022 107.495644 14.218090  -0.770546 0.632448 -0.079173  0.894237 0.573705 1 0 1.000000
skin_0dam
0  -33.487473 108.858261 14.245620  -0.556634 0.820968 -0.127159  0.884865 0.573873 1 0 1.000000
0  -33.514999 108.872025 14.479605  -0.539533 0.795884 0.274723  0.885032 0.575295 1 0 1.000000
0  -30.872339 110.193344 14.507133  -0.358433 0.898761 0.252495  0.868966 0.575463 1 0 1.000000
skin_0dam
0  -30.872339 110.193344 14.507133  -0.358433 0.898761 0.252495  0.868966 0.575463 1 0 1.000000
0  -30.858576 110.165817 14.286911  -0.374219 0.921201 -0.106534  0.868882 0.574124 1 0 1.000000
0  -33.487473 108.858261 14.245620  -0.556634 0.820968 -0.127159  0.884865 0.573873 1 0 1.000000
skin_0dam
0  -30.858576 110.165817 14.286911  -0.374219 0.921201 -0.106534  0.868882 0.574124 1 0 1.000000
0  -30.872339 110.193344 14.507133  -0.358433 0.898761 0.252495  0.868966 0.575463 1 0 1.000000
0  -26.867062 111.459625 14.507133  -0.238718 0.915012 0.325218  0.844615 0.575463 1 0 1.000000
skin_0dam
0  -26.867062 111.459625 14.507133  -0.238718 0.915012 0.325218  0.844615 0.575463 1 0 1.000000
0  -26.853298 111.432098 14.286912  -0.251072 0.960345 -0.121241  0.844531 0.574124 1 0 1.000000
0  -30.858576 110.165817 14.286911  -0.374219 0.921201 -0.106534  0.868882 0.574124 1 0 1.000000
skin_0dam
0  -26.853298 111.432098 14.286912  -0.251072 0.960345 -0.121241  0.844531 0.574124 1 0 1.000000
0  -26.867062 111.459625 14.507133  -0.238718 0.915012 0.325218  0.844615 0.575463 1 0 1.000000
0  -22.503922 112.381805 14.507133  -0.178958 0.920674 0.346892  0.818089 0.575462 1 0 1.000000
skin_0dam
0  -22.503922 112.381805 14.507133  -0.178958 0.920674 0.346892  0.818089 0.575462 1 0 1.000000
0  -22.503922 112.354279 14.273147  -0.193856 0.975779 -0.101364  0.818089 0.574040 1 0 1.000000
0  -26.853298 111.432098 14.286912  -0.251072 0.960345 -0.121241  0.844531 0.574124 1 0 1.000000
skin_0dam
0  -22.503922 112.354279 14.273147  -0.193856 0.975779 -0.101364  0.818089 0.574040 1 0 1.000000
0  -22.503922 112.381805 14.507133  -0.178958 0.920674 0.346892  0.818089 0.575462 1 0 1.000000
0  -17.425064 113.303986 14.507133  -0.134949 0.925367 0.354239  0.787211 0.575462 1 0 1.000000
skin_0dam
0  -17.425064 113.303986 14.507133  -0.134949 0.925367 0.354239  0.787211 0.575462 1 0 1.000000
0  -17.425064 113.276459 14.273146  -0.146005 0.984436 -0.097819  0.787211 0.574040 1 0 1.000000
0  -22.503922 112.354279 14.273147  -0.193856 0.975779 -0.101364  0.818089 0.574040 1 0 1.000000
skin_0dam
0  -17.425064 113.276459 14.273146  -0.146005 0.984436 -0.097819  0.787211 0.574040 1 0 1.000000
0  -17.425064 113.303986 14.507133  -0.134949 0.925367 0.354239  0.787211 0.575462 1 0 1.000000
0  -11.029144 114.042404 14.576492  -0.105823 0.893777 0.435848  0.744785 0.575462 1 0 1.000000
skin_0dam
0  -11.029144 114.042404 14.576492  -0.105823 0.893777 0.435848  0.744785 0.575462 1 0 1.000000
0  -10.749709 114.067123 14.331974  -0.102331 0.993363 -0.052528  0.743028 0.574040 1 0 1.000000
0  -17.425064 113.276459 14.273146  -0.146005 0.984436 -0.097819  0.787211 0.574040 1 0 1.000000
skin_0dam
0  -0.640383 115.002022 13.970572  -0.040773 0.992928 -0.111497  0.681356 0.574124 1 0 1.000000
0  -10.749709 114.067123 14.331974  -0.102331 0.993363 -0.052528  0.743028 0.574040 1 0 1.000000
0  -11.029144 114.042404 14.576492  -0.105823 0.893777 0.435848  0.744785 0.575462 1 0 1.000000
skin_0dam
0  -11.029144 114.042404 14.576492  -0.105823 0.893777 0.435848  0.744785 0.575462 1 0 1.000000
0  -0.632748 115.029526 14.204435  -0.012392 0.817741 0.575453  0.681356 0.575546 1 0 1.000000
0  -0.640383 115.002022 13.970572  -0.040773 0.992928 -0.111497  0.681356 0.574124 1 0 1.000000
skin_0dam
0  -0.640383 115.002022 13.970572  -0.040773 0.992928 -0.111497  0.681356 0.574124 1 0 1.000000
0  -0.632748 115.029526 14.204435  -0.012392 0.817741 0.575453  0.681356 0.575546 1 0 1.000000
0  9.807491 114.833809 13.803205  0.067230 0.922410 0.380315  0.617926 0.575462 1 0 1.000000
skin_0dam
0  9.807491 114.833809 13.803205  0.067230 0.922410 0.380315  0.617926 0.575462 1 0 1.000000
0  9.509659 114.836601 13.580111  0.034261 0.997379 -0.063729  0.619684 0.574040 1 0 1.000000
0  -0.640383 115.002022 13.970572  -0.040773 0.992928 -0.111497  0.681356 0.574124 1 0 1.000000
skin_0dam
0  9.509659 114.836601 13.580111  0.034261 0.997379 -0.063729  0.619684 0.574040 1 0 1.000000
0  9.807491 114.833809 13.803205  0.067230 0.922410 0.380315  0.617926 0.575462 1 0 1.000000
0  16.806202 114.300751 13.543470  0.113069 0.930015 0.349697  0.575501 0.575462 1 0 1.000000
skin_0dam
0  16.834602 113.901886 13.900522  0.111884 0.885551 0.450868  0.575501 0.577638 1 0 1.000000
0  16.806202 114.300751 13.543470  0.113069 0.930015 0.349697  0.575501 0.575462 1 0 1.000000
0  9.807491 114.833809 13.803205  0.067230 0.922410 0.380315  0.617926 0.575462 1 0 1.000000
skin_0dam
0  16.806202 114.300751 13.543470  0.113069 0.930015 0.349697  0.575501 0.575462 1 0 1.000000
0  16.834602 113.901886 13.900522  0.111884 0.885551 0.450868  0.575501 0.577638 1 0 1.000000
0  21.940748 113.186768 13.711022  0.153404 0.886766 0.436019  0.544623 0.577638 1 0 1.000000
skin_0dam
0  -26.825768 111.101776 14.864993  -0.220178 0.874344 0.432486  0.844364 0.577638 1 0 1.000000
0  -26.867062 111.459625 14.507133  -0.238718 0.915012 0.325218  0.844615 0.575463 1 0 1.000000
0  -30.872339 110.193344 14.507133  -0.358433 0.898761 0.252495  0.868966 0.575463 1 0 1.000000
skin_0dam
0  -26.867062 111.459625 14.507133  -0.238718 0.915012 0.325218  0.844615 0.575463 1 0 1.000000
0  -26.825768 111.101776 14.864993  -0.220178 0.874344 0.432486  0.844364 0.577638 1 0 1.000000
0  -22.503922 111.996422 14.864993  -0.170336 0.881106 0.441178  0.818089 0.577638 1 0 1.000000
skin_0dam
0  -22.503922 111.996422 14.864993  -0.170336 0.881106 0.441178  0.818089 0.577638 1 0 1.000000
0  -22.503922 112.381805 14.507133  -0.178958 0.920674 0.346892  0.818089 0.575462 1 0 1.000000
0  -26.867062 111.459625 14.507133  -0.238718 0.915012 0.325218  0.844615 0.575463 1 0 1.000000
skin_0dam
0  -22.503922 112.381805 14.507133  -0.178958 0.920674 0.346892  0.818089 0.575462 1 0 1.000000
0  -22.503922 111.996422 14.864993  -0.170336 0.881106 0.441178  0.818089 0.577638 1 0 1.000000
0  -17.425064 112.904839 14.864992  -0.129704 0.881701 0.453631  0.787211 0.577638 1 0 1.000000
skin_0dam
0  -17.425064 112.904839 14.864992  -0.129704 0.881701 0.453631  0.787211 0.577638 1 0 1.000000
0  -17.425064 113.303986 14.507133  -0.134949 0.925367 0.354239  0.787211 0.575462 1 0 1.000000
0  -22.503922 112.381805 14.507133  -0.178958 0.920674 0.346892  0.818089 0.575462 1 0 1.000000
skin_0dam
0  -17.425064 113.303986 14.507133  -0.134949 0.925367 0.354239  0.787211 0.575462 1 0 1.000000
0  -17.425064 112.904839 14.864992  -0.129704 0.881701 0.453631  0.787211 0.577638 1 0 1.000000
0  -11.093692 113.606796 14.864992  -0.069820 0.865841 0.495423  0.748718 0.577638 1 0 1.000000
skin_0dam
0  -11.093692 113.606796 14.864992  -0.069820 0.865841 0.495423  0.748718 0.577638 1 0 1.000000
0  -11.029144 114.042404 14.576492  -0.105823 0.893777 0.435848  0.744785 0.575462 1 0 1.000000
0  -17.425064 113.303986 14.507133  -0.134949 0.925367 0.354239  0.787211 0.575462 1 0 1.000000
skin_0dam
0  -11.029144 114.042404 14.576492  -0.105823 0.893777 0.435848  0.744785 0.575462 1 0 1.000000
0  -11.093692 113.606796 14.864992  -0.069820 0.865841 0.495423  0.748718 0.577638 1 0 1.000000
0  -10.859707 113.620560 14.864992  0.133727 0.780482 0.610709  0.747295 0.577638 1 0 1.000000
skin_0dam
0  -10.859707 113.620560 14.864992  0.133727 0.780482 0.610709  0.747295 0.577638 1 0 1.000000
0  -10.923633 113.908524 14.682762  -0.100515 0.543266 0.833522  0.744199 0.576132 1 0 1.000000
0  -11.029144 114.042404 14.576492  -0.105823 0.893777 0.435848  0.744785 0.575462 1 0 1.000000
skin_0dam
0  -10.923633 113.908524 14.682762  -0.100515 0.543266 0.833522  0.744199 0.576132 1 0 1.000000
0  -10.859707 113.620560 14.864992  0.133727 0.780482 0.610709  0.747295 0.577638 1 0 1.000000
0  -7.716499 112.335289 15.183539  0.113579 0.836406 0.536214  0.725204 0.579897 1 0 1.000000
skin_0dam
0  -7.716499 112.335289 15.183539  0.113579 0.836406 0.536214  0.725204 0.579897 1 0 1.000000
0  -7.119432 112.399521 14.996101  0.020644 0.716221 0.697568  0.721522 0.578893 1 0 1.000000
0  -10.923633 113.908524 14.682762  -0.100515 0.543266 0.833522  0.744199 0.576132 1 0 1.000000
skin_0dam
0  -7.079124 112.331795 15.270074  -0.028363 0.967825 0.250020  0.721355 0.580567 1 0 1.000000
0  -7.119432 112.399521 14.996101  0.020644 0.716221 0.697568  0.721522 0.578893 1 0 1.000000
0  -7.716499 112.335289 15.183539  0.113579 0.836406 0.536214  0.725204 0.579897 1 0 1.000000
skin_0dam
0  -7.119432 112.399521 14.996101  0.020644 0.716221 0.697568  0.721522 0.578893 1 0 1.000000
0  -7.079124 112.331795 15.270074  -0.028363 0.967825 0.250020  0.721355 0.580567 1 0 1.000000
0  -0.510795 112.581329 14.984988  -0.026479 0.956815 0.289488  0.681356 0.580316 1 0 1.000000
skin_0dam
0  -0.364166 111.797348 18.133638  -0.027568 0.969299 0.244333  0.681356 0.599478 1 0 1.000000
0  -0.510795 112.581329 14.984988  -0.026479 0.956815 0.289488  0.681356 0.580316 1 0 1.000000
0  -7.079124 112.331795 15.270074  -0.028363 0.967825 0.250020  0.721355 0.580567 1 0 1.000000
skin_0dam
0  -0.510795 112.581329 14.984988  -0.026479 0.956815 0.289488  0.681356 0.580316 1 0 1.000000
0  -0.364166 111.797348 18.133638  -0.027568 0.969299 0.244333  0.681356 0.599478 1 0 1.000000
0  6.163954 112.045319 17.877594  -0.027850 0.969288 0.244348  0.641608 0.599395 1 0 1.000000
skin_0dam
0  6.276531 111.218513 21.179012  -0.037534 0.985432 0.165876  0.641859 0.619478 1 0 1.000000
0  6.163954 112.045319 17.877594  -0.027850 0.969288 0.244348  0.641608 0.599395 1 0 1.000000
0  -0.364166 111.797348 18.133638  -0.027568 0.969299 0.244333  0.681356 0.599478 1 0 1.000000
skin_0dam
0  6.163954 112.045319 17.877594  -0.027850 0.969288 0.244348  0.641608 0.599395 1 0 1.000000
0  6.276531 111.218513 21.179012  -0.037534 0.985432 0.165876  0.641859 0.619478 1 0 1.000000
0  6.901596 111.283791 21.004307  -0.057422 0.977473 0.203101  0.638009 0.618558 1 0 1.000000
skin_0dam
0  7.044666 111.275253 21.136734  -0.294707 0.923254 -0.246476  0.637173 0.619394 1 0 1.000000
0  6.901596 111.283791 21.004307  -0.057422 0.977473 0.203101  0.638009 0.618558 1 0 1.000000
0  6.276531 111.218513 21.179012  -0.037534 0.985432 0.165876  0.641859 0.619478 1 0 1.000000
skin_0dam
0  -11.029144 114.042404 14.576492  -0.105823 0.893777 0.435848  0.744785 0.575462 1 0 1.000000
0  -10.923633 113.908524 14.682762  -0.100515 0.543266 0.833522  0.744199 0.576132 1 0 1.000000
0  -0.620794 114.768211 14.259085  0.023601 0.205188 0.978438  0.681356 0.575881 1 0 1.000000
skin_0dam
0  -0.526197 112.691360 14.682548  -0.001556 0.655440 0.755246  0.681356 0.578475 1 0 1.000000
0  -0.620794 114.768211 14.259085  0.023601 0.205188 0.978438  0.681356 0.575881 1 0 1.000000
0  -10.923633 113.908524 14.682762  -0.100515 0.543266 0.833522  0.744199 0.576132 1 0 1.000000
skin_0dam
0  -10.923633 113.908524 14.682762  -0.100515 0.543266 0.833522  0.744199 0.576132 1 0 1.000000
0  -7.119432 112.399521 14.996101  0.020644 0.716221 0.697568  0.721522 0.578893 1 0 1.000000
0  -0.526197 112.691360 14.682548  -0.001556 0.655440 0.755246  0.681356 0.578475 1 0 1.000000
skin_0dam
0  -0.510795 112.581329 14.984988  -0.026479 0.956815 0.289488  0.681356 0.580316 1 0 1.000000
0  -0.526197 112.691360 14.682548  -0.001556 0.655440 0.755246  0.681356 0.578475 1 0 1.000000
0  -7.119432 112.399521 14.996101  0.020644 0.716221 0.697568  0.721522 0.578893 1 0 1.000000
skin_0dam
0  -0.526197 112.691360 14.682548  -0.001556 0.655440 0.755246  0.681356 0.578475 1 0 1.000000
0  -0.510795 112.581329 14.984988  -0.026479 0.956815 0.289488  0.681356 0.580316 1 0 1.000000
0  6.060600 112.830864 14.782433  -0.026760 0.967546 0.251276  0.641356 0.580567 1 0 1.000000
skin_0dam
0  6.163954 112.045319 17.877594  -0.027850 0.969288 0.244348  0.641608 0.599395 1 0 1.000000
0  6.060600 112.830864 14.782433  -0.026760 0.967546 0.251276  0.641356 0.580567 1 0 1.000000
0  -0.510795 112.581329 14.984988  -0.026479 0.956815 0.289488  0.681356 0.580316 1 0 1.000000
skin_0dam
0  6.060600 112.830864 14.782433  -0.026760 0.967546 0.251276  0.641356 0.580567 1 0 1.000000
0  6.163954 112.045319 17.877594  -0.027850 0.969288 0.244348  0.641608 0.599395 1 0 1.000000
0  6.739680 112.080994 17.828682  -0.027454 0.969297 0.244354  0.638093 0.599227 1 0 1.000000
skin_0dam
0  6.901596 111.283791 21.004307  -0.057422 0.977473 0.203101  0.638009 0.618558 1 0 1.000000
0  6.739680 112.080994 17.828682  -0.027454 0.969297 0.244354  0.638093 0.599227 1 0 1.000000
0  6.163954 112.045319 17.877594  -0.027850 0.969288 0.244348  0.641608 0.599395 1 0 1.000000
skin_0dam
0  -11.121219 113.579269 15.236615  0.129844 0.982702 0.132046  0.748885 0.579897 1 0 1.000000
0  -10.859707 113.620560 14.864992  0.133727 0.780482 0.610709  0.747295 0.577638 1 0 1.000000
0  -11.093692 113.606796 14.864992  -0.069820 0.865841 0.495423  0.748718 0.577638 1 0 1.000000
skin_0dam
0  -10.859707 113.620560 14.864992  0.133727 0.780482 0.610709  0.747295 0.577638 1 0 1.000000
0  -11.121219 113.579269 15.236615  0.129844 0.982702 0.132046  0.748885 0.579897 1 0 1.000000
0  -7.964304 112.242844 15.468202  0.190286 0.929382 0.316291  0.726794 0.581571 1 0 1.000000
skin_0dam
0  -7.964304 112.242844 15.468202  0.190286 0.929382 0.316291  0.726794 0.581571 1 0 1.000000
0  -7.716499 112.335289 15.183539  0.113579 0.836406 0.536214  0.725204 0.579897 1 0 1.000000
0  -10.859707 113.620560 14.864992  0.133727 0.780482 0.610709  0.747295 0.577638 1 0 1.000000
skin_0dam
0  -7.612597 112.297684 15.344964  -0.030750 0.969968 0.241278  0.724618 0.580902 1 0 1.000000
0  -7.716499 112.335289 15.183539  0.113579 0.836406 0.536214  0.725204 0.579897 1 0 1.000000
0  -7.964304 112.242844 15.468202  0.190286 0.929382 0.316291  0.726794 0.581571 1 0 1.000000
skin_0dam
0  -7.716499 112.335289 15.183539  0.113579 0.836406 0.536214  0.725204 0.579897 1 0 1.000000
0  -7.612597 112.297684 15.344964  -0.030750 0.969968 0.241278  0.724618 0.580902 1 0 1.000000
0  -7.079124 112.331795 15.270074  -0.028363 0.967825 0.250020  0.721355 0.580567 1 0 1.000000
skin_0dam
0  -6.893306 111.549385 18.362173  -0.027644 0.969294 0.244345  0.721104 0.599395 1 0 1.000000
0  -7.079124 112.331795 15.270074  -0.028363 0.967825 0.250020  0.721355 0.580567 1 0 1.000000
0  -7.612597 112.297684 15.344964  -0.030750 0.969968 0.241278  0.724618 0.580902 1 0 1.000000
skin_0dam
0  -7.079124 112.331795 15.270074  -0.028363 0.967825 0.250020  0.721355 0.580567 1 0 1.000000
0  -6.893306 111.549385 18.362173  -0.027644 0.969294 0.244345  0.721104 0.599395 1 0 1.000000
0  -0.364166 111.797348 18.133638  -0.027568 0.969299 0.244333  0.681356 0.599478 1 0 1.000000
skin_0dam
0  -0.211378 110.972115 21.406019  -0.031955 0.989498 0.140974  0.681356 0.619394 1 0 1.000000
0  -0.364166 111.797348 18.133638  -0.027568 0.969299 0.244333  0.681356 0.599478 1 0 1.000000
0  -6.893306 111.549385 18.362173  -0.027644 0.969294 0.244345  0.721104 0.599395 1 0 1.000000
skin_0dam
0  -0.364166 111.797348 18.133638  -0.027568 0.969299 0.244333  0.681356 0.599478 1 0 1.000000
0  -0.211378 110.972115 21.406019  -0.031955 0.989498 0.140974  0.681356 0.619394 1 0 1.000000
0  6.276531 111.218513 21.179012  -0.037534 0.985432 0.165876  0.641859 0.619478 1 0 1.000000
skin_0dam
0  6.325942 111.206329 21.383778  -0.091987 0.832017 -0.547070  0.641608 0.620733 1 0 1.000000
0  6.276531 111.218513 21.179012  -0.037534 0.985432 0.165876  0.641859 0.619478 1 0 1.000000
0  -0.211378 110.972115 21.406019  -0.031955 0.989498 0.140974  0.681356 0.619394 1 0 1.000000
skin_0dam
0  6.276531 111.218513 21.179012  -0.037534 0.985432 0.165876  0.641859 0.619478 1 0 1.000000
0  6.325942 111.206329 21.383778  -0.091987 0.832017 -0.547070  0.641608 0.620733 1 0 1.000000
0  7.044666 111.275253 21.136734  -0.294707 0.923254 -0.246476  0.637173 0.619394 1 0 1.000000
skin_0dam
0  7.044666 111.275253 21.136734  -0.294707 0.923254 -0.246476  0.637173 0.619394 1 0 1.000000
0  6.325942 111.206329 21.383778  -0.091987 0.832017 -0.547070  0.641608 0.620733 1 0 1.000000
0  10.252798 113.654625 21.995581  -0.065204 0.903522 -0.423553  0.617340 0.625336 1 0 1.000000
skin_0dam
0  10.252798 113.654625 21.995581  -0.065204 0.903522 -0.423553  0.617340 0.625336 1 0 1.000000
0  10.909491 113.652176 21.861023  -0.141925 0.976517 -0.162085  0.613324 0.624666 1 0 1.000000
0  7.044666 111.275253 21.136734  -0.294707 0.923254 -0.246476  0.637173 0.619394 1 0 1.000000
skin_0dam
0  10.909491 113.652176 21.861023  -0.141925 0.976517 -0.162085  0.613324 0.624666 1 0 1.000000
0  10.252798 113.654625 21.995581  -0.065204 0.903522 -0.423553  0.617340 0.625336 1 0 1.000000
0  10.412685 113.632858 22.196245  0.037886 0.992740 0.114160  0.616420 0.626591 1 0 1.000000
skin_0dam
0  10.412685 113.632858 22.196245  0.037886 0.992740 0.114160  0.616420 0.626591 1 0 1.000000
0  11.258244 113.623962 21.944492  0.034120 0.992346 0.118685  0.611232 0.625252 1 0 1.000000
0  10.909491 113.652176 21.861023  -0.141925 0.976517 -0.162085  0.613324 0.624666 1 0 1.000000
skin_0dam
0  11.933634 113.413109 23.586000  0.062214 0.991404 0.115093  0.607550 0.635377 1 0 1.000000
0  11.258244 113.623962 21.944492  0.034120 0.992346 0.118685  0.611232 0.625252 1 0 1.000000
0  10.412685 113.632858 22.196245  0.037886 0.992740 0.114160  0.616420 0.626591 1 0 1.000000
skin_0dam
0  5.787910 113.634171 23.855398  0.019213 0.993574 0.111540  0.644871 0.635628 1 0 1.000000
0  11.933634 113.413109 23.586000  0.062214 0.991404 0.115093  0.607550 0.635377 1 0 1.000000
0  10.412685 113.632858 22.196245  0.037886 0.992740 0.114160  0.616420 0.626591 1 0 1.000000
skin_0dam
0  11.956587 113.386124 23.805521  0.070103 0.893889 0.442774  0.607466 0.636716 1 0 1.000000
0  11.933634 113.413109 23.586000  0.062214 0.991404 0.115093  0.607550 0.635377 1 0 1.000000
0  5.787910 113.634171 23.855398  0.019213 0.993574 0.111540  0.644871 0.635628 1 0 1.000000
skin_0dam
0  -7.964304 112.242844 15.468202  0.190286 0.929382 0.316291  0.726794 0.581571 1 0 1.000000
0  -7.809531 112.234833 15.545099  -0.036823 0.969655 0.241688  0.725873 0.582073 1 0 1.000000
0  -7.612597 112.297684 15.344964  -0.030750 0.969968 0.241278  0.724618 0.580902 1 0 1.000000
skin_0dam
0  -11.740592 113.317749 18.856508  -0.104391 0.990563 0.088809  0.752651 0.601905 1 0 1.000000
0  -11.313913 113.565506 15.236615  -0.098208 0.993795 0.052222  0.750057 0.579897 1 0 1.000000
0  -17.425064 112.863548 15.195324  -0.144931 0.986013 0.082301  0.787211 0.579646 1 0 1.000000
skin_0dam
0  -11.313913 113.565506 15.236615  -0.098208 0.993795 0.052222  0.750057 0.579897 1 0 1.000000
0  -11.740592 113.317749 18.856508  -0.104391 0.990563 0.088809  0.752651 0.601905 1 0 1.000000
0  -11.520370 113.345276 18.856508  0.189779 0.974121 0.122771  0.751312 0.601905 1 0 1.000000
skin_0dam
0  -11.520370 113.345276 18.856508  0.189779 0.974121 0.122771  0.751312 0.601905 1 0 1.000000
0  -11.121219 113.579269 15.236615  0.129844 0.982702 0.132046  0.748885 0.579897 1 0 1.000000
0  -11.313913 113.565506 15.236615  -0.098208 0.993795 0.052222  0.750057 0.579897 1 0 1.000000
skin_0dam
0  -11.121219 113.579269 15.236615  0.129844 0.982702 0.132046  0.748885 0.579897 1 0 1.000000
0  -11.520370 113.345276 18.856508  0.189779 0.974121 0.122771  0.751312 0.601905 1 0 1.000000
0  -7.859524 111.540344 18.315392  0.220138 0.951189 0.216283  0.726961 0.598893 1 0 1.000000
skin_0dam
0  -7.859524 111.540344 18.315392  0.220138 0.951189 0.216283  0.726961 0.598893 1 0 1.000000
0  -7.964304 112.242844 15.468202  0.190286 0.929382 0.316291  0.726794 0.581571 1 0 1.000000
0  -11.121219 113.579269 15.236615  0.129844 0.982702 0.132046  0.748885 0.579897 1 0 1.000000
skin_0dam
0  -7.964304 112.242844 15.468202  0.190286 0.929382 0.316291  0.726794 0.581571 1 0 1.000000
0  -7.859524 111.540344 18.315392  0.220138 0.951189 0.216283  0.726961 0.598893 1 0 1.000000
0  -7.665048 111.533905 18.349495  -0.017329 0.969733 0.243554  0.725790 0.599144 1 0 1.000000
skin_0dam
0  -7.665048 111.533905 18.349495  -0.017329 0.969733 0.243554  0.725790 0.599144 1 0 1.000000
0  -7.809531 112.234833 15.545099  -0.036823 0.969655 0.241688  0.725873 0.582073 1 0 1.000000
0  -7.964304 112.242844 15.468202  0.190286 0.929382 0.316291  0.726794 0.581571 1 0 1.000000
skin_0dam
0  -7.809531 112.234833 15.545099  -0.036823 0.969655 0.241688  0.725873 0.582073 1 0 1.000000
0  -7.665048 111.533905 18.349495  -0.017329 0.969733 0.243554  0.725790 0.599144 1 0 1.000000
0  -7.472116 111.541214 18.356110  -0.028110 0.969281 0.244342  0.724618 0.599227 1 0 1.000000
skin_0dam
0  -7.472116 111.541214 18.356110  -0.028110 0.969281 0.244342  0.724618 0.599227 1 0 1.000000
0  -7.612597 112.297684 15.344964  -0.030750 0.969968 0.241278  0.724618 0.580902 1 0 1.000000
0  -7.809531 112.234833 15.545099  -0.036823 0.969655 0.241688  0.725873 0.582073 1 0 1.000000
skin_0dam
0  -7.612597 112.297684 15.344964  -0.030750 0.969968 0.241278  0.724618 0.580902 1 0 1.000000
0  -7.472116 111.541214 18.356110  -0.028110 0.969281 0.244342  0.724618 0.599227 1 0 1.000000
0  -6.893306 111.549385 18.362173  -0.027644 0.969294 0.244345  0.721104 0.599395 1 0 1.000000
skin_0dam
0  -6.698261 110.725716 21.660532  -0.022524 0.986286 0.163498  0.720852 0.619478 1 0 1.000000
0  -6.893306 111.549385 18.362173  -0.027644 0.969294 0.244345  0.721104 0.599395 1 0 1.000000
0  -7.472116 111.541214 18.356110  -0.028110 0.969281 0.244342  0.724618 0.599227 1 0 1.000000
skin_0dam
0  -6.893306 111.549385 18.362173  -0.027644 0.969294 0.244345  0.721104 0.599395 1 0 1.000000
0  -6.698261 110.725716 21.660532  -0.022524 0.986286 0.163498  0.720852 0.619478 1 0 1.000000
0  -0.211378 110.972115 21.406019  -0.031955 0.989498 0.140974  0.681356 0.619394 1 0 1.000000
skin_0dam
0  -0.202701 110.972115 21.639843  -0.050424 0.812525 -0.580741  0.681356 0.620817 1 0 1.000000
0  -0.211378 110.972115 21.406019  -0.031955 0.989498 0.140974  0.681356 0.619394 1 0 1.000000
0  -6.698261 110.725716 21.660532  -0.022524 0.986286 0.163498  0.720852 0.619478 1 0 1.000000
skin_0dam
0  -0.211378 110.972115 21.406019  -0.031955 0.989498 0.140974  0.681356 0.619394 1 0 1.000000
0  -0.202701 110.972115 21.639843  -0.050424 0.812525 -0.580741  0.681356 0.620817 1 0 1.000000
0  6.325942 111.206329 21.383778  -0.091987 0.832017 -0.547070  0.641608 0.620733 1 0 1.000000
skin_0dam
0  5.680170 113.811401 22.247919  -0.015084 0.841725 -0.539696  0.645122 0.625838 1 0 1.000000
0  6.325942 111.206329 21.383778  -0.091987 0.832017 -0.547070  0.641608 0.620733 1 0 1.000000
0  -0.202701 110.972115 21.639843  -0.050424 0.812525 -0.580741  0.681356 0.620817 1 0 1.000000
skin_0dam
0  10.252798 113.654625 21.995581  -0.065204 0.903522 -0.423553  0.617340 0.625336 1 0 1.000000
0  6.325942 111.206329 21.383778  -0.091987 0.832017 -0.547070  0.641608 0.620733 1 0 1.000000
0  5.680170 113.811401 22.247919  -0.015084 0.841725 -0.539696  0.645122 0.625838 1 0 1.000000
skin_0dam
0  10.412685 113.632858 22.196245  0.037886 0.992740 0.114160  0.616420 0.626591 1 0 1.000000
0  10.252798 113.654625 21.995581  -0.065204 0.903522 -0.423553  0.617340 0.625336 1 0 1.000000
0  5.680170 113.811401 22.247919  -0.015084 0.841725 -0.539696  0.645122 0.625838 1 0 1.000000
skin_0dam
0  5.680170 113.811401 22.247919  -0.015084 0.841725 -0.539696  0.645122 0.625838 1 0 1.000000
0  5.687327 113.797646 22.426706  0.019660 0.993665 0.110653  0.645122 0.626926 1 0 1.000000
0  10.412685 113.632858 22.196245  0.037886 0.992740 0.114160  0.616420 0.626591 1 0 1.000000
skin_0dam
0  -7.472116 111.541214 18.356110  -0.028110 0.969281 0.244342  0.724618 0.599227 1 0 1.000000
0  -7.337689 110.742958 21.532755  -0.002022 0.980685 0.195584  0.724702 0.618558 1 0 1.000000
0  -6.698261 110.725716 21.660532  -0.022524 0.986286 0.163498  0.720852 0.619478 1 0 1.000000
skin_0dam
0  -6.731318 110.710396 21.868359  -0.011475 0.835998 -0.548613  0.721103 0.620733 1 0 1.000000
0  -6.698261 110.725716 21.660532  -0.022524 0.986286 0.163498  0.720852 0.619478 1 0 1.000000
0  -7.337689 110.742958 21.532755  -0.002022 0.980685 0.195584  0.724702 0.618558 1 0 1.000000
skin_0dam
0  -6.698261 110.725716 21.660532  -0.022524 0.986286 0.163498  0.720852 0.619478 1 0 1.000000
0  -6.731318 110.710396 21.868359  -0.011475 0.835998 -0.548613  0.721103 0.620733 1 0 1.000000
0  -0.202701 110.972115 21.639843  -0.050424 0.812525 -0.580741  0.681356 0.620817 1 0 1.000000
skin_0dam
0  -0.277985 113.777924 22.482811  -0.050439 0.834343 -0.548934  0.681356 0.625921 1 0 1.000000
0  -0.202701 110.972115 21.639843  -0.050424 0.812525 -0.580741  0.681356 0.620817 1 0 1.000000
0  -6.731318 110.710396 21.868359  -0.011475 0.835998 -0.548613  0.721103 0.620733 1 0 1.000000
skin_0dam
0  -0.202701 110.972115 21.639843  -0.050424 0.812525 -0.580741  0.681356 0.620817 1 0 1.000000
0  -0.277985 113.777924 22.482811  -0.050439 0.834343 -0.548934  0.681356 0.625921 1 0 1.000000
0  5.680170 113.811401 22.247919  -0.015084 0.841725 -0.539696  0.645122 0.625838 1 0 1.000000
skin_0dam
0  5.687327 113.797646 22.426706  0.019660 0.993665 0.110653  0.645122 0.626926 1 0 1.000000
0  5.680170 113.811401 22.247919  -0.015084 0.841725 -0.539696  0.645122 0.625838 1 0 1.000000
0  -0.277985 113.777924 22.482811  -0.050439 0.834343 -0.548934  0.681356 0.625921 1 0 1.000000
skin_0dam
0  -0.277985 113.777924 22.482811  -0.050439 0.834343 -0.548934  0.681356 0.625921 1 0 1.000000
0  -0.270828 113.764175 22.661596  -0.034281 0.993160 0.111616  0.681356 0.627009 1 0 1.000000
0  5.687327 113.797646 22.426706  0.019660 0.993665 0.110653  0.645122 0.626926 1 0 1.000000
skin_0dam
0  -0.270828 113.764175 22.661596  -0.034281 0.993160 0.111616  0.681356 0.627009 1 0 1.000000
0  -0.277985 113.777924 22.482811  -0.050439 0.834343 -0.548934  0.681356 0.625921 1 0 1.000000
0  -6.222550 113.359322 22.689651  -0.090764 0.839509 -0.535711  0.717589 0.625838 1 0 1.000000
skin_0dam
0  -6.222550 113.359322 22.689651  -0.090764 0.839509 -0.535711  0.717589 0.625838 1 0 1.000000
0  -6.215393 113.345566 22.868437  -0.086176 0.989591 0.115250  0.717589 0.626926 1 0 1.000000
0  -0.270828 113.764175 22.661596  -0.034281 0.993160 0.111616  0.681356 0.627009 1 0 1.000000
skin_0dam
0  -6.215393 113.345566 22.868437  -0.086176 0.989591 0.115250  0.717589 0.626926 1 0 1.000000
0  -6.222550 113.359322 22.689651  -0.090764 0.839509 -0.535711  0.717589 0.625838 1 0 1.000000
0  -10.776262 112.855911 22.776007  0.080956 0.963619 -0.254725  0.745371 0.625336 1 0 1.000000
skin_0dam
0  -10.776262 112.855911 22.776007  0.080956 0.963619 -0.254725  0.745371 0.625336 1 0 1.000000
0  -10.918752 112.822662 22.987894  -0.067216 0.985753 0.154182  0.746291 0.626591 1 0 1.000000
0  -6.215393 113.345566 22.868437  -0.086176 0.989591 0.115250  0.717589 0.626926 1 0 1.000000
skin_0dam
0  -10.918752 112.822662 22.987894  -0.067216 0.985753 0.154182  0.746291 0.626591 1 0 1.000000
0  -10.776262 112.855911 22.776007  0.080956 0.963619 -0.254725  0.745371 0.625336 1 0 1.000000
0  -11.203801 112.891075 22.600275  0.146180 0.982271 -0.117369  0.749387 0.624666 1 0 1.000000
skin_0dam
0  -11.203801 112.891075 22.600275  0.146180 0.982271 -0.117369  0.749387 0.624666 1 0 1.000000
0  -11.547897 112.849785 22.696621  -0.069214 0.984977 0.158207  0.751479 0.625252 1 0 1.000000
0  -10.918752 112.822662 22.987894  -0.067216 0.985753 0.154182  0.746291 0.626591 1 0 1.000000
skin_0dam
0  -11.547897 112.849785 22.696621  -0.069214 0.984977 0.158207  0.751479 0.625252 1 0 1.000000
0  -11.203801 112.891075 22.600275  0.146180 0.982271 -0.117369  0.749387 0.624666 1 0 1.000000
0  -11.658009 112.904839 22.256176  0.134794 0.990825 -0.009783  0.752149 0.622574 1 0 1.000000
skin_0dam
0  -7.755252 110.837852 21.148827  0.287967 0.949856 0.121857  0.727128 0.616131 1 0 1.000000
0  -11.658009 112.904839 22.256176  0.134794 0.990825 -0.009783  0.752149 0.622574 1 0 1.000000
0  -11.203801 112.891075 22.600275  0.146180 0.982271 -0.117369  0.749387 0.624666 1 0 1.000000
skin_0dam
0  -11.203801 112.891075 22.600275  0.146180 0.982271 -0.117369  0.749387 0.624666 1 0 1.000000
0  -7.469507 110.723984 21.675383  0.213478 0.941211 -0.261820  0.725539 0.619394 1 0 1.000000
0  -7.755252 110.837852 21.148827  0.287967 0.949856 0.121857  0.727128 0.616131 1 0 1.000000
skin_0dam
0  -7.550109 110.845680 21.113667  0.001722 0.972432 0.233178  0.725873 0.615963 1 0 1.000000
0  -7.755252 110.837852 21.148827  0.287967 0.949856 0.121857  0.727128 0.616131 1 0 1.000000
0  -7.469507 110.723984 21.675383  0.213478 0.941211 -0.261820  0.725539 0.619394 1 0 1.000000
skin_0dam
0  -7.469507 110.723984 21.675383  0.213478 0.941211 -0.261820  0.725539 0.619394 1 0 1.000000
0  -7.337689 110.742958 21.532755  -0.002022 0.980685 0.195584  0.724702 0.618558 1 0 1.000000
0  -7.550109 110.845680 21.113667  0.001722 0.972432 0.233178  0.725873 0.615963 1 0 1.000000
skin_0dam
0  -7.337689 110.742958 21.532755  -0.002022 0.980685 0.195584  0.724702 0.618558 1 0 1.000000
0  -7.469507 110.723984 21.675383  0.213478 0.941211 -0.261820  0.725539 0.619394 1 0 1.000000
0  -6.731318 110.710396 21.868359  -0.011475 0.835998 -0.548613  0.721103 0.620733 1 0 1.000000
skin_0dam
0  -10.776262 112.855911 22.776007  0.080956 0.963619 -0.254725  0.745371 0.625336 1 0 1.000000
0  -6.731318 110.710396 21.868359  -0.011475 0.835998 -0.548613  0.721103 0.620733 1 0 1.000000
0  -7.469507 110.723984 21.675383  0.213478 0.941211 -0.261820  0.725539 0.619394 1 0 1.000000
skin_0dam
0  -10.776262 112.855911 22.776007  0.080956 0.963619 -0.254725  0.745371 0.625336 1 0 1.000000
0  -6.222550 113.359322 22.689651  -0.090764 0.839509 -0.535711  0.717589 0.625838 1 0 1.000000
0  -6.731318 110.710396 21.868359  -0.011475 0.835998 -0.548613  0.721103 0.620733 1 0 1.000000
skin_0dam
0  -6.731318 110.710396 21.868359  -0.011475 0.835998 -0.548613  0.721103 0.620733 1 0 1.000000
0  -6.222550 113.359322 22.689651  -0.090764 0.839509 -0.535711  0.717589 0.625838 1 0 1.000000
0  -0.277985 113.777924 22.482811  -0.050439 0.834343 -0.548934  0.681356 0.625921 1 0 1.000000
skin_0dam
0  -7.469507 110.723984 21.675383  0.213478 0.941211 -0.261820  0.725539 0.619394 1 0 1.000000
0  -11.203801 112.891075 22.600275  0.146180 0.982271 -0.117369  0.749387 0.624666 1 0 1.000000
0  -10.776262 112.855911 22.776007  0.080956 0.963619 -0.254725  0.745371 0.625336 1 0 1.000000
skin_0dam
0  -31.188908 108.830734 24.623558  -0.311762 0.861929 0.399854  0.870891 0.636967 1 0 1.000000
0  -31.161381 108.706863 24.761198  -0.240974 0.706849 0.665054  0.870723 0.637804 1 0 1.000000
0  -26.715656 110.069473 24.719910  -0.179885 0.720679 0.669525  0.843695 0.637553 1 0 1.000000
skin_0dam
0  -31.161381 108.706863 24.761198  -0.240974 0.706849 0.665054  0.870723 0.637804 1 0 1.000000
0  -31.188908 108.830734 24.623558  -0.311762 0.861929 0.399854  0.870891 0.636967 1 0 1.000000
0  -34.051785 107.509407 24.843781  -0.449496 0.810090 0.376439  0.888296 0.638306 1 0 1.000000
skin_0dam
0  -34.051785 107.509407 24.843781  -0.449496 0.810090 0.376439  0.888296 0.638306 1 0 1.000000
0  -34.010494 107.385536 24.995184  -0.302943 0.681351 0.666323  0.888045 0.639226 1 0 1.000000
0  -31.161381 108.706863 24.761198  -0.240974 0.706849 0.665054  0.870723 0.637804 1 0 1.000000
skin_0dam
0  -34.051785 107.536934 24.651087  -0.520234 0.847838 0.102605  0.888296 0.637135 1 0 1.000000
0  -34.051785 107.509407 24.843781  -0.449496 0.810090 0.376439  0.888296 0.638306 1 0 1.000000
0  -31.188908 108.830734 24.623558  -0.311762 0.861929 0.399854  0.870891 0.636967 1 0 1.000000
skin_0dam
0  -35.359352 107.124016 19.255659  -0.768284 0.639267 0.032811  0.896246 0.604332 1 0 1.000000
0  -35.538284 106.298187 25.132824  -0.761485 0.644782 0.066312  0.897333 0.640063 1 0 1.000000
0  -34.051785 107.536934 24.651087  -0.520234 0.847838 0.102605  0.888296 0.637135 1 0 1.000000
skin_0dam
0  -34.051785 107.509407 24.843781  -0.449496 0.810090 0.376439  0.888296 0.638306 1 0 1.000000
0  -34.051785 107.536934 24.651087  -0.520234 0.847838 0.102605  0.888296 0.637135 1 0 1.000000
0  -35.538284 106.298187 25.132824  -0.761485 0.644782 0.066312  0.897333 0.640063 1 0 1.000000
skin_0dam
0  -35.538284 106.298187 25.132824  -0.761485 0.644782 0.066312  0.897333 0.640063 1 0 1.000000
0  -35.552048 106.270660 25.353045  -0.647169 0.675781 0.352834  0.897417 0.641402 1 0 1.000000
0  -34.051785 107.509407 24.843781  -0.449496 0.810090 0.376439  0.888296 0.638306 1 0 1.000000
skin_0dam
0  -34.010494 107.385536 24.995184  -0.302943 0.681351 0.666323  0.888045 0.639226 1 0 1.000000
0  -34.051785 107.509407 24.843781  -0.449496 0.810090 0.376439  0.888296 0.638306 1 0 1.000000
0  -35.552048 106.270660 25.353045  -0.647169 0.675781 0.352834  0.897417 0.641402 1 0 1.000000
skin_0dam
0  -35.552048 106.270660 25.353045  -0.647169 0.675781 0.352834  0.897417 0.641402 1 0 1.000000
0  -35.483227 106.119255 25.518209  -0.342597 0.658762 0.669821  0.896999 0.642406 1 0 1.000000
0  -34.010494 107.385536 24.995184  -0.302943 0.681351 0.666323  0.888045 0.639226 1 0 1.000000
skin_0dam
0  -33.308544 106.133018 26.591789  -0.311920 0.715483 0.625132  0.883777 0.648933 1 0 1.000000
0  -34.010494 107.385536 24.995184  -0.302943 0.681351 0.666323  0.888045 0.639226 1 0 1.000000
0  -35.483227 106.119255 25.518209  -0.342597 0.658762 0.669821  0.896999 0.642406 1 0 1.000000
skin_0dam
0  -34.010494 107.385536 24.995184  -0.302943 0.681351 0.666323  0.888045 0.639226 1 0 1.000000
0  -33.308544 106.133018 26.591789  -0.311920 0.715483 0.625132  0.883777 0.648933 1 0 1.000000
0  -30.321785 107.289177 26.591789  -0.242402 0.737791 0.630005  0.865619 0.648933 1 0 1.000000
skin_0dam
0  -30.321785 107.289177 26.591789  -0.242402 0.737791 0.630005  0.865619 0.648933 1 0 1.000000
0  -31.161381 108.706863 24.761198  -0.240974 0.706849 0.665054  0.870723 0.637804 1 0 1.000000
0  -34.010494 107.385536 24.995184  -0.302943 0.681351 0.666323  0.888045 0.639226 1 0 1.000000
skin_0dam
0  -31.161381 108.706863 24.761198  -0.240974 0.706849 0.665054  0.870723 0.637804 1 0 1.000000
0  -30.321785 107.289177 26.591789  -0.242402 0.737791 0.630005  0.865619 0.648933 1 0 1.000000
0  -26.233923 108.431587 26.605553  -0.177973 0.749899 0.637164  0.840766 0.649017 1 0 1.000000
skin_0dam
0  -26.233923 108.431587 26.605553  -0.177973 0.749899 0.637164  0.840766 0.649017 1 0 1.000000
0  -26.715656 110.069473 24.719910  -0.179885 0.720679 0.669525  0.843695 0.637553 1 0 1.000000
0  -31.161381 108.706863 24.761198  -0.240974 0.706849 0.665054  0.870723 0.637804 1 0 1.000000
skin_0dam
0  -26.715656 110.069473 24.719910  -0.179885 0.720679 0.669525  0.843695 0.637553 1 0 1.000000
0  -26.233923 108.431587 26.605553  -0.177973 0.749899 0.637164  0.840766 0.649017 1 0 1.000000
0  -22.517683 109.050949 26.729429  -0.112716 0.749545 0.652286  0.818172 0.649770 1 0 1.000000
skin_0dam
0  -22.916834 107.839737 28.188396  -0.139344 0.783021 0.606186  0.820599 0.658640 1 0 1.000000
0  -22.517683 109.050949 26.729429  -0.112716 0.749545 0.652286  0.818172 0.649770 1 0 1.000000
0  -26.233923 108.431587 26.605553  -0.177973 0.749899 0.637164  0.840766 0.649017 1 0 1.000000
skin_0dam
0  -22.393808 108.995895 26.798246  0.293739 0.634465 0.714963  0.817419 0.650189 1 0 1.000000
0  -22.517683 109.050949 26.729429  -0.112716 0.749545 0.652286  0.818172 0.649770 1 0 1.000000
0  -22.916834 107.839737 28.188396  -0.139344 0.783021 0.606186  0.820599 0.658640 1 0 1.000000
skin_0dam
0  -22.517683 109.050949 26.729429  -0.112716 0.749545 0.652286  0.818172 0.649770 1 0 1.000000
0  -22.393808 108.995895 26.798246  0.293739 0.634465 0.714963  0.817419 0.650189 1 0 1.000000
0  -21.691851 110.028183 25.765959  0.162749 0.559270 0.812853  0.813151 0.643913 1 0 1.000000
skin_0dam
0  -20.838495 108.293953 25.821014  0.480656 0.267684 0.835054  0.807963 0.644247 1 0 1.000000
0  -21.691851 110.028183 25.765959  0.162749 0.559270 0.812853  0.813151 0.643913 1 0 1.000000
0  -22.393808 108.995895 26.798246  0.293739 0.634465 0.714963  0.817419 0.650189 1 0 1.000000
skin_0dam
0  -35.483227 106.119255 25.518209  -0.342597 0.658762 0.669821  0.896999 0.642406 1 0 1.000000
0  -34.987732 105.279663 26.605553  -0.362085 0.698779 0.616930  0.893986 0.649017 1 0 1.000000
0  -33.308544 106.133018 26.591789  -0.311920 0.715483 0.625132  0.883777 0.648933 1 0 1.000000
skin_0dam
0  -26.715656 110.069473 24.719910  -0.179885 0.720679 0.669525  0.843695 0.637553 1 0 1.000000
0  -26.743185 110.179581 24.582270  -0.225577 0.886869 0.403210  0.843862 0.636716 1 0 1.000000
0  -31.188908 108.830734 24.623558  -0.311762 0.861929 0.399854  0.870891 0.636967 1 0 1.000000
skin_0dam
0  -31.188908 108.858261 24.417103  -0.344876 0.931116 0.118673  0.870891 0.635712 1 0 1.000000
0  -31.188908 108.830734 24.623558  -0.311762 0.861929 0.399854  0.870891 0.636967 1 0 1.000000
0  -26.743185 110.179581 24.582270  -0.225577 0.886869 0.403210  0.843862 0.636716 1 0 1.000000
skin_0dam
0  -31.188908 108.830734 24.623558  -0.311762 0.861929 0.399854  0.870891 0.636967 1 0 1.000000
0  -31.188908 108.858261 24.417103  -0.344876 0.931116 0.118673  0.870891 0.635712 1 0 1.000000
0  -34.051785 107.536934 24.651087  -0.520234 0.847838 0.102605  0.888296 0.637135 1 0 1.000000
skin_0dam
0  -33.817806 108.445351 19.035437  -0.519429 0.851981 0.065742  0.886873 0.602993 1 0 1.000000
0  -34.051785 107.536934 24.651087  -0.520234 0.847838 0.102605  0.888296 0.637135 1 0 1.000000
0  -31.188908 108.858261 24.417103  -0.344876 0.931116 0.118673  0.870891 0.635712 1 0 1.000000
skin_0dam
0  -34.051785 107.536934 24.651087  -0.520234 0.847838 0.102605  0.888296 0.637135 1 0 1.000000
0  -33.817806 108.445351 19.035437  -0.519429 0.851981 0.065742  0.886873 0.602993 1 0 1.000000
0  -35.359352 107.124016 19.255659  -0.768284 0.639267 0.032811  0.896246 0.604332 1 0 1.000000
skin_0dam
0  -35.029022 107.495644 14.218090  -0.770546 0.632448 -0.079173  0.894237 0.573705 1 0 1.000000
0  -35.359352 107.124016 19.255659  -0.768284 0.639267 0.032811  0.896246 0.604332 1 0 1.000000
0  -33.817806 108.445351 19.035437  -0.519429 0.851981 0.065742  0.886873 0.602993 1 0 1.000000
skin_0dam
0  -35.359352 107.124016 19.255659  -0.768284 0.639267 0.032811  0.896246 0.604332 1 0 1.000000
0  -35.029022 107.495644 14.218090  -0.770546 0.632448 -0.079173  0.894237 0.573705 1 0 1.000000
0  -36.075073 105.596237 13.984106  -0.902075 0.417975 -0.107505  0.900597 0.572283 1 0 1.000000
skin_0dam
0  -36.075073 105.596237 13.984106  -0.902075 0.417975 -0.107505  0.900597 0.572283 1 0 1.000000
0  -36.364113 105.348480 19.599754  -0.903913 0.427696 0.004028  0.902354 0.606424 1 0 1.000000
0  -35.359352 107.124016 19.255659  -0.768284 0.639267 0.032811  0.896246 0.604332 1 0 1.000000
skin_0dam
0  -35.538284 106.298187 25.132824  -0.761485 0.644782 0.066312  0.897333 0.640063 1 0 1.000000
0  -35.359352 107.124016 19.255659  -0.768284 0.639267 0.032811  0.896246 0.604332 1 0 1.000000
0  -36.364113 105.348480 19.599754  -0.903913 0.427696 0.004028  0.902354 0.606424 1 0 1.000000
skin_0dam
0  -36.364113 105.348480 19.599754  -0.903913 0.427696 0.004028  0.902354 0.606424 1 0 1.000000
0  -36.556808 104.343719 26.481680  -0.925419 0.378490 0.018566  0.903526 0.648264 1 0 1.000000
0  -35.538284 106.298187 25.132824  -0.761485 0.644782 0.066312  0.897333 0.640063 1 0 1.000000
skin_0dam
0  -35.552048 106.270660 25.353045  -0.647169 0.675781 0.352834  0.897417 0.641402 1 0 1.000000
0  -35.538284 106.298187 25.132824  -0.761485 0.644782 0.066312  0.897333 0.640063 1 0 1.000000
0  -36.556808 104.343719 26.481680  -0.925419 0.378490 0.018566  0.903526 0.648264 1 0 1.000000
skin_0dam
0  -36.556808 104.343719 26.481680  -0.925419 0.378490 0.018566  0.903526 0.648264 1 0 1.000000
0  -36.515518 104.453827 26.605553  -0.765031 0.570053 0.299610  0.903275 0.649017 1 0 1.000000
0  -35.552048 106.270660 25.353045  -0.647169 0.675781 0.352834  0.897417 0.641402 1 0 1.000000
skin_0dam
0  -35.483227 106.119255 25.518209  -0.342597 0.658762 0.669821  0.896999 0.642406 1 0 1.000000
0  -35.552048 106.270660 25.353045  -0.647169 0.675781 0.352834  0.897417 0.641402 1 0 1.000000
0  -36.515518 104.453827 26.605553  -0.765031 0.570053 0.299610  0.903275 0.649017 1 0 1.000000
skin_0dam
0  -36.515518 104.453827 26.605553  -0.765031 0.570053 0.299610  0.903275 0.649017 1 0 1.000000
0  -36.336586 104.508888 26.660606  -0.415472 0.683989 0.599619  0.902187 0.649352 1 0 1.000000
0  -35.483227 106.119255 25.518209  -0.342597 0.658762 0.669821  0.896999 0.642406 1 0 1.000000
skin_0dam
0  -34.987732 105.279663 26.605553  -0.362085 0.698779 0.616930  0.893986 0.649017 1 0 1.000000
0  -35.483227 106.119255 25.518209  -0.342597 0.658762 0.669821  0.896999 0.642406 1 0 1.000000
0  -36.336586 104.508888 26.660606  -0.415472 0.683989 0.599619  0.902187 0.649352 1 0 1.000000
skin_0dam
0  -34.492229 104.302429 28.229687  -0.370303 0.739339 0.562365  0.890974 0.658891 1 0 1.000000
0  -34.987732 105.279663 26.605553  -0.362085 0.698779 0.616930  0.893986 0.649017 1 0 1.000000
0  -36.336586 104.508888 26.660606  -0.415472 0.683989 0.599619  0.902187 0.649352 1 0 1.000000
skin_0dam
0  -33.308544 106.133018 26.591789  -0.311920 0.715483 0.625132  0.883777 0.648933 1 0 1.000000
0  -34.987732 105.279663 26.605553  -0.362085 0.698779 0.616930  0.893986 0.649017 1 0 1.000000
0  -34.492229 104.302429 28.229687  -0.370303 0.739339 0.562365  0.890974 0.658891 1 0 1.000000
skin_0dam
0  -34.492229 104.302429 28.229687  -0.370303 0.739339 0.562365  0.890974 0.658891 1 0 1.000000
0  -32.799278 105.059441 28.229687  -0.307374 0.747841 0.588434  0.880681 0.658891 1 0 1.000000
0  -33.308544 106.133018 26.591789  -0.311920 0.715483 0.625132  0.883777 0.648933 1 0 1.000000
skin_0dam
0  -36.336586 104.508888 26.660606  -0.415472 0.683989 0.599619  0.902187 0.649352 1 0 1.000000
0  -35.772266 103.614235 28.229687  -0.444992 0.697671 0.561460  0.898756 0.658891 1 0 1.000000
0  -34.492229 104.302429 28.229687  -0.370303 0.739339 0.562365  0.890974 0.658891 1 0 1.000000
skin_0dam
0  -30.321785 107.289177 26.591789  -0.242402 0.737791 0.630005  0.865619 0.648933 1 0 1.000000
0  -33.308544 106.133018 26.591789  -0.311920 0.715483 0.625132  0.883777 0.648933 1 0 1.000000
0  -32.799278 105.059441 28.229687  -0.307374 0.747841 0.588434  0.880681 0.658891 1 0 1.000000
skin_0dam
0  -32.799278 105.059441 28.229687  -0.307374 0.747841 0.588434  0.880681 0.658891 1 0 1.000000
0  -29.908871 106.146782 28.229687  -0.246776 0.761549 0.599287  0.863108 0.658891 1 0 1.000000
0  -30.321785 107.289177 26.591789  -0.242402 0.737791 0.630005  0.865619 0.648933 1 0 1.000000
skin_0dam
0  -26.233923 108.431587 26.605553  -0.177973 0.749899 0.637164  0.840766 0.649017 1 0 1.000000
0  -30.321785 107.289177 26.591789  -0.242402 0.737791 0.630005  0.865619 0.648933 1 0 1.000000
0  -29.908871 106.146782 28.229687  -0.246776 0.761549 0.599287  0.863108 0.658891 1 0 1.000000
skin_0dam
0  -29.908871 106.146782 28.229687  -0.246776 0.761549 0.599287  0.863108 0.658891 1 0 1.000000
0  -26.013702 107.206596 28.243452  -0.180529 0.776146 0.604158  0.839427 0.658975 1 0 1.000000
0  -26.233923 108.431587 26.605553  -0.177973 0.749899 0.637164  0.840766 0.649017 1 0 1.000000
skin_0dam
0  -26.233923 108.431587 26.605553  -0.177973 0.749899 0.637164  0.840766 0.649017 1 0 1.000000
0  -26.013702 107.206596 28.243452  -0.180529 0.776146 0.604158  0.839427 0.658975 1 0 1.000000
0  -22.916834 107.839737 28.188396  -0.139344 0.783021 0.606186  0.820599 0.658640 1 0 1.000000
skin_0dam
0  -22.944363 107.729630 28.326033  -0.071778 0.652287 0.754566  0.820766 0.659477 1 0 1.000000
0  -22.916834 107.839737 28.188396  -0.139344 0.783021 0.606186  0.820599 0.658640 1 0 1.000000
0  -26.013702 107.206596 28.243452  -0.180529 0.776146 0.604158  0.839427 0.658975 1 0 1.000000
skin_0dam
0  -26.013702 107.206596 28.243452  -0.180529 0.776146 0.604158  0.839427 0.658975 1 0 1.000000
0  -25.986172 107.110252 28.367327  -0.152850 0.664015 0.731929  0.839260 0.659728 1 0 1.000000
0  -22.944363 107.729630 28.326033  -0.071778 0.652287 0.754566  0.820766 0.659477 1 0 1.000000
skin_0dam
0  -29.867579 106.050438 28.367327  -0.210986 0.654351 0.726161  0.862857 0.659728 1 0 1.000000
0  -25.986172 107.110252 28.367327  -0.152850 0.664015 0.731929  0.839260 0.659728 1 0 1.000000
0  -26.013702 107.206596 28.243452  -0.180529 0.776146 0.604158  0.839427 0.658975 1 0 1.000000
skin_0dam
0  -26.013702 107.206596 28.243452  -0.180529 0.776146 0.604158  0.839427 0.658975 1 0 1.000000
0  -29.908871 106.146782 28.229687  -0.246776 0.761549 0.599287  0.863108 0.658891 1 0 1.000000
0  -29.867579 106.050438 28.367327  -0.210986 0.654351 0.726161  0.862857 0.659728 1 0 1.000000
skin_0dam
0  -32.757988 104.963097 28.367327  -0.262009 0.644607 0.718216  0.880430 0.659728 1 0 1.000000
0  -29.867579 106.050438 28.367327  -0.210986 0.654351 0.726161  0.862857 0.659728 1 0 1.000000
0  -29.908871 106.146782 28.229687  -0.246776 0.761549 0.599287  0.863108 0.658891 1 0 1.000000
skin_0dam
0  -29.908871 106.146782 28.229687  -0.246776 0.761549 0.599287  0.863108 0.658891 1 0 1.000000
0  -32.799278 105.059441 28.229687  -0.307374 0.747841 0.588434  0.880681 0.658891 1 0 1.000000
0  -32.757988 104.963097 28.367327  -0.262009 0.644607 0.718216  0.880430 0.659728 1 0 1.000000
skin_0dam
0  -34.450939 104.219849 28.367327  -0.318301 0.645744 0.694046  0.890723 0.659728 1 0 1.000000
0  -32.757988 104.963097 28.367327  -0.262009 0.644607 0.718216  0.880430 0.659728 1 0 1.000000
0  -32.799278 105.059441 28.229687  -0.307374 0.747841 0.588434  0.880681 0.658891 1 0 1.000000
skin_0dam
0  -32.799278 105.059441 28.229687  -0.307374 0.747841 0.588434  0.880681 0.658891 1 0 1.000000
0  -34.492229 104.302429 28.229687  -0.370303 0.739339 0.562365  0.890974 0.658891 1 0 1.000000
0  -34.450939 104.219849 28.367327  -0.318301 0.645744 0.694046  0.890723 0.659728 1 0 1.000000
skin_0dam
0  -35.730976 103.531654 28.367327  -0.387036 0.606320 0.694680  0.898505 0.659728 1 0 1.000000
0  -34.450939 104.219849 28.367327  -0.318301 0.645744 0.694046  0.890723 0.659728 1 0 1.000000
0  -34.492229 104.302429 28.229687  -0.370303 0.739339 0.562365  0.890974 0.658891 1 0 1.000000
skin_0dam
0  -34.492229 104.302429 28.229687  -0.370303 0.739339 0.562365  0.890974 0.658891 1 0 1.000000
0  -35.772266 103.614235 28.229687  -0.444992 0.697671 0.561460  0.898756 0.658891 1 0 1.000000
0  -35.730976 103.531654 28.367327  -0.387036 0.606320 0.694680  0.898505 0.659728 1 0 1.000000
skin_0dam
0  -35.730976 103.531654 28.367327  -0.387036 0.606320 0.694680  0.898505 0.659728 1 0 1.000000
0  -35.772266 103.614235 28.229687  -0.444992 0.697671 0.561460  0.898756 0.658891 1 0 1.000000
0  -36.873375 102.802170 28.229687  -0.486206 0.666051 0.565668  0.905450 0.658891 1 0 1.000000
skin_0dam
0  -35.772266 103.614235 28.229687  -0.444992 0.697671 0.561460  0.898756 0.658891 1 0 1.000000
0  -36.336586 104.508888 26.660606  -0.415472 0.683989 0.599619  0.902187 0.649352 1 0 1.000000
0  -36.873375 102.802170 28.229687  -0.486206 0.666051 0.565668  0.905450 0.658891 1 0 1.000000
skin_0dam
0  -36.873375 102.802170 28.229687  -0.486206 0.666051 0.565668  0.905450 0.658891 1 0 1.000000
0  -36.336586 104.508888 26.660606  -0.415472 0.683989 0.599619  0.902187 0.649352 1 0 1.000000
0  -36.515518 104.453827 26.605553  -0.765031 0.570053 0.299610  0.903275 0.649017 1 0 1.000000
skin_0dam
0  38.382275 101.299744 26.378325  0.946944 0.317462 0.050139  0.450399 0.658305 1 0 1.000000
0  38.377228 101.271713 26.585112  0.957233 0.166967 0.236278  0.450483 0.659561 1 0 1.000000
0  38.848450 100.162689 24.777090  0.970449 0.200419 0.134388  0.447470 0.648682 1 0 1.000000
skin_0dam
0  39.036030 99.316216 24.508438  0.919327 0.128737 0.371840  0.446466 0.647092 1 0 1.000000
0  39.538528 97.586166 24.393377  0.903529 0.217032 0.369502  0.443788 0.646507 1 0 1.000000
0  39.569973 97.697762 24.240702  0.951224 0.246809 0.185090  0.443537 0.645586 1 0 1.000000
skin_0dam
0  39.569973 97.697762 24.240702  0.951224 0.246809 0.185090  0.443537 0.645586 1 0 1.000000
0  39.127701 99.251091 24.312208  0.955009 0.255947 0.149830  0.445880 0.645921 1 0 1.000000
0  39.036030 99.316216 24.508438  0.919327 0.128737 0.371840  0.446466 0.647092 1 0 1.000000
skin_0dam
0  38.830807 99.982849 24.860384  0.944030 0.065607 0.323270  0.447638 0.649184 1 0 1.000000
0  39.036030 99.316216 24.508438  0.919327 0.128737 0.371840  0.446466 0.647092 1 0 1.000000
0  39.127701 99.251091 24.312208  0.955009 0.255947 0.149830  0.445880 0.645921 1 0 1.000000
skin_0dam
0  39.127701 99.251091 24.312208  0.955009 0.255947 0.149830  0.445880 0.645921 1 0 1.000000
0  38.848450 100.162689 24.777090  0.970449 0.200419 0.134388  0.447470 0.648682 1 0 1.000000
0  38.830807 99.982849 24.860384  0.944030 0.065607 0.323270  0.447638 0.649184 1 0 1.000000
skin_0dam
0  38.797894 100.326164 24.696329  0.951749 0.306014 0.022992  0.447721 0.648180 1 0 1.000000
0  38.848450 100.162689 24.777090  0.970449 0.200419 0.134388  0.447470 0.648682 1 0 1.000000
0  39.127701 99.251091 24.312208  0.955009 0.255947 0.149830  0.445880 0.645921 1 0 1.000000
skin_0dam
0  38.848450 100.162689 24.777090  0.970449 0.200419 0.134388  0.447470 0.648682 1 0 1.000000
0  38.797894 100.326164 24.696329  0.951749 0.306014 0.022992  0.447721 0.648180 1 0 1.000000
0  38.382275 101.299744 26.378325  0.946944 0.317462 0.050139  0.450399 0.658305 1 0 1.000000
skin_0dam
0  38.376610 101.661018 23.995750  0.948196 0.317563 0.008840  0.449813 0.643829 1 0 1.000000
0  38.382275 101.299744 26.378325  0.946944 0.317462 0.050139  0.450399 0.658305 1 0 1.000000
0  38.797894 100.326164 24.696329  0.951749 0.306014 0.022992  0.447721 0.648180 1 0 1.000000
skin_0dam
0  38.376610 101.661018 23.995750  0.948196 0.317563 0.008840  0.449813 0.643829 1 0 1.000000
0  38.797894 100.326164 24.696329  0.951749 0.306014 0.022992  0.447721 0.648180 1 0 1.000000
0  39.151188 99.155861 24.104736  0.958432 0.285321 -0.000374  0.445713 0.644666 1 0 1.000000
skin_0dam
0  39.151188 99.155861 24.104736  0.958432 0.285321 -0.000374  0.445713 0.644666 1 0 1.000000
0  39.317547 98.571747 22.790096  0.961720 0.273024 -0.023489  0.444541 0.636716 1 0 1.000000
0  38.376610 101.661018 23.995750  0.948196 0.317563 0.008840  0.449813 0.643829 1 0 1.000000
skin_0dam
0  39.317547 98.571747 22.790096  0.961720 0.273024 -0.023489  0.444541 0.636716 1 0 1.000000
0  39.151188 99.155861 24.104736  0.958432 0.285321 -0.000374  0.445713 0.644666 1 0 1.000000
0  39.546448 97.793518 24.076294  0.964750 0.263101 -0.006013  0.443621 0.644582 1 0 1.000000
skin_0dam
0  39.569973 97.697762 24.240702  0.951224 0.246809 0.185090  0.443537 0.645586 1 0 1.000000
0  39.546448 97.793518 24.076294  0.964750 0.263101 -0.006013  0.443621 0.644582 1 0 1.000000
0  39.151188 99.155861 24.104736  0.958432 0.285321 -0.000374  0.445713 0.644666 1 0 1.000000
skin_0dam
0  39.151188 99.155861 24.104736  0.958432 0.285321 -0.000374  0.445713 0.644666 1 0 1.000000
0  39.127701 99.251091 24.312208  0.955009 0.255947 0.149830  0.445880 0.645921 1 0 1.000000
0  39.569973 97.697762 24.240702  0.951224 0.246809 0.185090  0.443537 0.645586 1 0 1.000000
skin_0dam
0  39.127701 99.251091 24.312208  0.955009 0.255947 0.149830  0.445880 0.645921 1 0 1.000000
0  39.151188 99.155861 24.104736  0.958432 0.285321 -0.000374  0.445713 0.644666 1 0 1.000000
0  38.797894 100.326164 24.696329  0.951749 0.306014 0.022992  0.447721 0.648180 1 0 1.000000
skin_0dam
0  38.285538 101.419174 17.208883  0.957012 0.278863 -0.079768  0.448893 0.602575 1 0 1.000000
0  37.077892 103.171700 11.716826  0.945767 0.270808 -0.179408  0.454583 0.568935 1 0 1.000000
0  37.951069 102.576782 17.551857  0.945652 0.319494 -0.060551  0.450734 0.604583 1 0 1.000000
skin_0dam
0  38.285538 101.419174 17.208883  0.957012 0.278863 -0.079768  0.448893 0.602575 1 0 1.000000
0  37.951069 102.576782 17.551857  0.945652 0.319494 -0.060551  0.450734 0.604583 1 0 1.000000
0  38.376610 101.661018 23.995750  0.948196 0.317563 0.008840  0.449813 0.643829 1 0 1.000000
skin_0dam
0  38.376610 101.661018 23.995750  0.948196 0.317563 0.008840  0.449813 0.643829 1 0 1.000000
0  39.317547 98.571747 22.790096  0.961720 0.273024 -0.023489  0.444541 0.636716 1 0 1.000000
0  38.285538 101.419174 17.208883  0.957012 0.278863 -0.079768  0.448893 0.602575 1 0 1.000000
skin_0dam
0  43.207691 81.639015 23.375710  0.948373 0.062664 0.310904  0.424960 0.641151 1 0 1.000000
0  43.217613 81.363937 23.361568  0.962312 0.026227 0.270679  0.424960 0.641067 1 0 1.000000
0  43.259686 81.544815 23.194727  0.995176 0.043771 0.087799  0.424626 0.640063 1 0 1.000000
skin_0dam
0  43.259686 81.544815 23.194727  0.995176 0.043771 0.087799  0.424626 0.640063 1 0 1.000000
0  43.250271 81.819901 23.222622  0.982999 0.103553 0.151623  0.424626 0.640231 1 0 1.000000
0  43.207691 81.639015 23.375710  0.948373 0.062664 0.310904  0.424960 0.641151 1 0 1.000000
skin_0dam
0  43.171856 81.858032 23.377039  0.908920 0.141761 0.392134  0.425128 0.641151 1 0 1.000000
0  43.207691 81.639015 23.375710  0.948373 0.062664 0.310904  0.424960 0.641151 1 0 1.000000
0  43.250271 81.819901 23.222622  0.982999 0.103553 0.151623  0.424626 0.640231 1 0 1.000000
skin_0dam
0  43.250271 81.819901 23.222622  0.982999 0.103553 0.151623  0.424626 0.640231 1 0 1.000000
0  43.213913 82.052681 23.223970  0.966174 0.155419 0.205797  0.424793 0.640231 1 0 1.000000
0  43.171856 81.858032 23.377039  0.908920 0.141761 0.392134  0.425128 0.641151 1 0 1.000000
skin_0dam
0  42.908245 83.431900 23.455688  0.915764 0.157169 0.369696  0.426383 0.641569 1 0 1.000000
0  43.171856 81.858032 23.377039  0.908920 0.141761 0.392134  0.425128 0.641151 1 0 1.000000
0  43.213913 82.052681 23.223970  0.966174 0.155419 0.205797  0.424793 0.640231 1 0 1.000000
skin_0dam
0  43.213913 82.052681 23.223970  0.966174 0.155419 0.205797  0.424793 0.640231 1 0 1.000000
0  43.003040 83.298019 23.273117  0.967095 0.173583 0.186002  0.425797 0.640482 1 0 1.000000
0  42.908245 83.431900 23.455688  0.915764 0.157169 0.369696  0.426383 0.641569 1 0 1.000000
skin_0dam
0  42.442425 85.686691 23.610708  0.918254 0.172374 0.356505  0.428726 0.642406 1 0 1.000000
0  42.908245 83.431900 23.455688  0.915764 0.157169 0.369696  0.426383 0.641569 1 0 1.000000
0  43.003040 83.298019 23.273117  0.967095 0.173583 0.186002  0.425797 0.640482 1 0 1.000000
skin_0dam
0  43.003040 83.298019 23.273117  0.967095 0.173583 0.186002  0.425797 0.640482 1 0 1.000000
0  42.471798 85.839554 23.444340  0.964579 0.198917 0.173259  0.428475 0.641402 1 0 1.000000
0  42.442425 85.686691 23.610708  0.918254 0.172374 0.356505  0.428726 0.642406 1 0 1.000000
skin_0dam
0  41.171345 91.202576 23.974670  0.914335 0.203144 0.350321  0.435253 0.644331 1 0 1.000000
0  42.442425 85.686691 23.610708  0.918254 0.172374 0.356505  0.428726 0.642406 1 0 1.000000
0  42.471798 85.839554 23.444340  0.964579 0.198917 0.173259  0.428475 0.641402 1 0 1.000000
skin_0dam
0  42.471798 85.839554 23.444340  0.964579 0.198917 0.173259  0.428475 0.641402 1 0 1.000000
0  41.249779 91.136925 23.792706  0.960800 0.223095 0.164598  0.434751 0.643243 1 0 1.000000
0  41.171345 91.202576 23.974670  0.914335 0.203144 0.350321  0.435253 0.644331 1 0 1.000000
skin_0dam
0  39.538528 97.586166 24.393377  0.903529 0.217032 0.369502  0.443788 0.646507 1 0 1.000000
0  41.171345 91.202576 23.974670  0.914335 0.203144 0.350321  0.435253 0.644331 1 0 1.000000
0  41.249779 91.136925 23.792706  0.960800 0.223095 0.164598  0.434751 0.643243 1 0 1.000000
skin_0dam
0  41.249779 91.136925 23.792706  0.960800 0.223095 0.164598  0.434751 0.643243 1 0 1.000000
0  39.569973 97.697762 24.240702  0.951224 0.246809 0.185090  0.443537 0.645586 1 0 1.000000
0  39.538528 97.586166 24.393377  0.903529 0.217032 0.369502  0.443788 0.646507 1 0 1.000000
skin_0dam
0  39.569973 97.697762 24.240702  0.951224 0.246809 0.185090  0.443537 0.645586 1 0 1.000000
0  41.249779 91.136925 23.792706  0.960800 0.223095 0.164598  0.434751 0.643243 1 0 1.000000
0  41.260532 91.054924 23.627026  0.971460 0.236021 -0.023658  0.434667 0.642239 1 0 1.000000
skin_0dam
0  41.260532 91.054924 23.627026  0.971460 0.236021 -0.023658  0.434667 0.642239 1 0 1.000000
0  39.546448 97.793518 24.076294  0.964750 0.263101 -0.006013  0.443621 0.644582 1 0 1.000000
0  39.569973 97.697762 24.240702  0.951224 0.246809 0.185090  0.443537 0.645586 1 0 1.000000
skin_0dam
0  39.546448 97.793518 24.076294  0.964750 0.263101 -0.006013  0.443621 0.644582 1 0 1.000000
0  41.260532 91.054924 23.627026  0.971460 0.236021 -0.023658  0.434667 0.642239 1 0 1.000000
0  40.512905 93.813385 20.418041  0.967474 0.248075 -0.049520  0.437847 0.622574 1 0 1.000000
skin_0dam
0  40.512905 93.813385 20.418041  0.967474 0.248075 -0.049520  0.437847 0.622574 1 0 1.000000
0  39.317547 98.571747 22.790096  0.961720 0.273024 -0.023489  0.444541 0.636716 1 0 1.000000
0  39.546448 97.793518 24.076294  0.964750 0.263101 -0.006013  0.443621 0.644582 1 0 1.000000
skin_0dam
0  39.317547 98.571747 22.790096  0.961720 0.273024 -0.023489  0.444541 0.636716 1 0 1.000000
0  40.512905 93.813385 20.418041  0.967474 0.248075 -0.049520  0.437847 0.622574 1 0 1.000000
0  39.574677 96.070969 15.645973  0.962360 0.247807 -0.111603  0.441947 0.593370 1 0 1.000000
skin_0dam
0  39.574677 96.070969 15.645973  0.962360 0.247807 -0.111603  0.441947 0.593370 1 0 1.000000
0  38.285538 101.419174 17.208883  0.957012 0.278863 -0.079768  0.448893 0.602575 1 0 1.000000
0  39.317547 98.571747 22.790096  0.961720 0.273024 -0.023489  0.444541 0.636716 1 0 1.000000
skin_0dam
0  42.447224 85.976570 23.293745  0.976461 0.214963 -0.017769  0.428558 0.640482 1 0 1.000000
0  42.471798 85.839554 23.444340  0.964579 0.198917 0.173259  0.428475 0.641402 1 0 1.000000
0  43.003040 83.298019 23.273117  0.967095 0.173583 0.186002  0.425797 0.640482 1 0 1.000000
skin_0dam
0  42.471798 85.839554 23.444340  0.964579 0.198917 0.173259  0.428475 0.641402 1 0 1.000000
0  42.447224 85.976570 23.293745  0.976461 0.214963 -0.017769  0.428558 0.640482 1 0 1.000000
0  41.260532 91.054924 23.627026  0.971460 0.236021 -0.023658  0.434667 0.642239 1 0 1.000000
skin_0dam
0  41.260532 91.054924 23.627026  0.971460 0.236021 -0.023658  0.434667 0.642239 1 0 1.000000
0  41.249779 91.136925 23.792706  0.960800 0.223095 0.164598  0.434751 0.643243 1 0 1.000000
0  42.471798 85.839554 23.444340  0.964579 0.198917 0.173259  0.428475 0.641402 1 0 1.000000
skin_0dam
0  40.512905 93.813385 20.418041  0.967474 0.248075 -0.049520  0.437847 0.622574 1 0 1.000000
0  41.260532 91.054924 23.627026  0.971460 0.236021 -0.023658  0.434667 0.642239 1 0 1.000000
0  42.075577 87.466347 21.489460  0.973575 0.226510 -0.029071  0.430065 0.629436 1 0 1.000000
skin_0dam
0  42.075577 87.466347 21.489460  0.973575 0.226510 -0.029071  0.430065 0.629436 1 0 1.000000
0  41.260532 91.054924 23.627026  0.971460 0.236021 -0.023658  0.434667 0.642239 1 0 1.000000
0  42.447224 85.976570 23.293745  0.976461 0.214963 -0.017769  0.428558 0.640482 1 0 1.000000
skin_0dam
0  43.030151 83.134018 23.093058  0.982610 0.185679 -0.000725  0.425630 0.639394 1 0 1.000000
0  42.075577 87.466347 21.489460  0.973575 0.226510 -0.029071  0.430065 0.629436 1 0 1.000000
0  42.447224 85.976570 23.293745  0.976461 0.214963 -0.017769  0.428558 0.640482 1 0 1.000000
skin_0dam
0  43.003040 83.298019 23.273117  0.967095 0.173583 0.186002  0.425797 0.640482 1 0 1.000000
0  43.030151 83.134018 23.093058  0.982610 0.185679 -0.000725  0.425630 0.639394 1 0 1.000000
0  42.447224 85.976570 23.293745  0.976461 0.214963 -0.017769  0.428558 0.640482 1 0 1.000000
skin_0dam
0  43.187260 82.230957 23.059679  0.985899 0.166612 0.015609  0.424877 0.639226 1 0 1.000000
0  43.030151 83.134018 23.093058  0.982610 0.185679 -0.000725  0.425630 0.639394 1 0 1.000000
0  43.003040 83.298019 23.273117  0.967095 0.173583 0.186002  0.425797 0.640482 1 0 1.000000
skin_0dam
0  43.003040 83.298019 23.273117  0.967095 0.173583 0.186002  0.425797 0.640482 1 0 1.000000
0  43.213913 82.052681 23.223970  0.966174 0.155419 0.205797  0.424793 0.640231 1 0 1.000000
0  43.187260 82.230957 23.059679  0.985899 0.166612 0.015609  0.424877 0.639226 1 0 1.000000
skin_0dam
0  43.224140 81.984428 23.058311  0.992569 0.113977 -0.042607  0.424709 0.639226 1 0 1.000000
0  43.187260 82.230957 23.059679  0.985899 0.166612 0.015609  0.424877 0.639226 1 0 1.000000
0  43.213913 82.052681 23.223970  0.966174 0.155419 0.205797  0.424793 0.640231 1 0 1.000000
skin_0dam
0  43.213913 82.052681 23.223970  0.966174 0.155419 0.205797  0.424793 0.640231 1 0 1.000000
0  43.250271 81.819901 23.222622  0.982999 0.103553 0.151623  0.424626 0.640231 1 0 1.000000
0  43.224140 81.984428 23.058311  0.992569 0.113977 -0.042607  0.424709 0.639226 1 0 1.000000
skin_0dam
0  43.234066 81.709351 23.044170  0.993155 0.058165 -0.101291  0.424709 0.639143 1 0 1.000000
0  43.224140 81.984428 23.058311  0.992569 0.113977 -0.042607  0.424709 0.639226 1 0 1.000000
0  43.250271 81.819901 23.222622  0.982999 0.103553 0.151623  0.424626 0.640231 1 0 1.000000
skin_0dam
0  43.250271 81.819901 23.222622  0.982999 0.103553 0.151623  0.424626 0.640231 1 0 1.000000
0  43.259686 81.544815 23.194727  0.995176 0.043771 0.087799  0.424626 0.640063 1 0 1.000000
0  43.234066 81.709351 23.044170  0.993155 0.058165 -0.101291  0.424709 0.639143 1 0 1.000000
skin_0dam
0  40.558929 91.234436 14.190791  0.962791 0.229183 -0.143211  0.436759 0.584751 1 0 1.000000
0  39.574677 96.070969 15.645973  0.962360 0.247807 -0.111603  0.441947 0.593370 1 0 1.000000
0  40.512905 93.813385 20.418041  0.967474 0.248075 -0.049520  0.437847 0.622574 1 0 1.000000
skin_0dam
0  40.512905 93.813385 20.418041  0.967474 0.248075 -0.049520  0.437847 0.622574 1 0 1.000000
0  41.402885 89.552963 18.126186  0.967822 0.237202 -0.084001  0.432910 0.608851 1 0 1.000000
0  40.558929 91.234436 14.190791  0.962791 0.229183 -0.143211  0.436759 0.584751 1 0 1.000000
skin_0dam
0  42.075577 87.466347 21.489460  0.973575 0.226510 -0.029071  0.430065 0.629436 1 0 1.000000
0  41.402885 89.552963 18.126186  0.967822 0.237202 -0.084001  0.432910 0.608851 1 0 1.000000
0  40.512905 93.813385 20.418041  0.967474 0.248075 -0.049520  0.437847 0.622574 1 0 1.000000
skin_0dam
0  41.402885 89.552963 18.126186  0.967822 0.237202 -0.084001  0.432910 0.608851 1 0 1.000000
0  42.075577 87.466347 21.489460  0.973575 0.226510 -0.029071  0.430065 0.629436 1 0 1.000000
0  42.571911 85.077164 19.790691  0.973836 0.224293 -0.036540  0.427220 0.619227 1 0 1.000000
skin_0dam
0  43.030151 83.134018 23.093058  0.982610 0.185679 -0.000725  0.425630 0.639394 1 0 1.000000
0  42.571911 85.077164 19.790691  0.973836 0.224293 -0.036540  0.427220 0.619227 1 0 1.000000
0  42.075577 87.466347 21.489460  0.973575 0.226510 -0.029071  0.430065 0.629436 1 0 1.000000
skin_0dam
0  43.030151 83.134018 23.093058  0.982610 0.185679 -0.000725  0.425630 0.639394 1 0 1.000000
0  43.110916 82.724533 22.621769  0.982887 0.184210 -0.000215  0.425128 0.636549 1 0 1.000000
0  42.571911 85.077164 19.790691  0.973836 0.224293 -0.036540  0.427220 0.619227 1 0 1.000000
skin_0dam
0  43.030151 83.134018 23.093058  0.982610 0.185679 -0.000725  0.425630 0.639394 1 0 1.000000
0  43.187260 82.230957 23.059679  0.985899 0.166612 0.015609  0.424877 0.639226 1 0 1.000000
0  43.110916 82.724533 22.621769  0.982887 0.184210 -0.000215  0.425128 0.636549 1 0 1.000000
skin_0dam
0  43.124249 82.601273 22.483541  0.990090 0.129880 -0.053405  0.425044 0.635712 1 0 1.000000
0  43.110916 82.724533 22.621769  0.982887 0.184210 -0.000215  0.425128 0.636549 1 0 1.000000
0  43.187260 82.230957 23.059679  0.985899 0.166612 0.015609  0.424877 0.639226 1 0 1.000000
skin_0dam
0  43.187260 82.230957 23.059679  0.985899 0.166612 0.015609  0.424877 0.639226 1 0 1.000000
0  43.224140 81.984428 23.058311  0.992569 0.113977 -0.042607  0.424709 0.639226 1 0 1.000000
0  43.124249 82.601273 22.483541  0.990090 0.129880 -0.053405  0.425044 0.635712 1 0 1.000000
skin_0dam
0  43.124363 82.463730 22.345802  0.991435 0.070106 -0.110190  0.425044 0.634875 1 0 1.000000
0  43.124249 82.601273 22.483541  0.990090 0.129880 -0.053405  0.425044 0.635712 1 0 1.000000
0  43.224140 81.984428 23.058311  0.992569 0.113977 -0.042607  0.424709 0.639226 1 0 1.000000
skin_0dam
0  43.224140 81.984428 23.058311  0.992569 0.113977 -0.042607  0.424709 0.639226 1 0 1.000000
0  43.234066 81.709351 23.044170  0.993155 0.058165 -0.101291  0.424709 0.639143 1 0 1.000000
0  43.124363 82.463730 22.345802  0.991435 0.070106 -0.110190  0.425044 0.634875 1 0 1.000000
skin_0dam
0  43.037609 80.837631 20.572262  0.991782 0.067815 -0.108489  0.425546 0.624080 1 0 1.000000
0  43.124363 82.463730 22.345802  0.991435 0.070106 -0.110190  0.425044 0.634875 1 0 1.000000
0  43.234066 81.709351 23.044170  0.993155 0.058165 -0.101291  0.424709 0.639143 1 0 1.000000
skin_0dam
0  43.234066 81.709351 23.044170  0.993155 0.058165 -0.101291  0.424709 0.639143 1 0 1.000000
0  43.404915 78.011101 22.748590  0.994644 0.051196 -0.089793  0.424458 0.637385 1 0 1.000000
0  43.037609 80.837631 20.572262  0.991782 0.067815 -0.108489  0.425546 0.624080 1 0 1.000000
skin_0dam
0  43.404915 78.011101 22.748590  0.994644 0.051196 -0.089793  0.424458 0.637385 1 0 1.000000
0  43.234066 81.709351 23.044170  0.993155 0.058165 -0.101291  0.424709 0.639143 1 0 1.000000
0  43.259686 81.544815 23.194727  0.995176 0.043771 0.087799  0.424626 0.640063 1 0 1.000000
skin_0dam
0  43.259686 81.544815 23.194727  0.995176 0.043771 0.087799  0.424626 0.640063 1 0 1.000000
0  43.435734 77.722801 22.912724  0.988778 0.029172 0.146517  0.424374 0.638390 1 0 1.000000
0  43.404915 78.011101 22.748590  0.994644 0.051196 -0.089793  0.424458 0.637385 1 0 1.000000
skin_0dam
0  43.435734 77.722801 22.912724  0.988778 0.029172 0.146517  0.424374 0.638390 1 0 1.000000
0  43.259686 81.544815 23.194727  0.995176 0.043771 0.087799  0.424626 0.640063 1 0 1.000000
0  43.217613 81.363937 23.361568  0.962312 0.026227 0.270679  0.424960 0.641067 1 0 1.000000
skin_0dam
0  43.217613 81.363937 23.361568  0.962312 0.026227 0.270679  0.424960 0.641067 1 0 1.000000
0  43.362488 78.794037 23.149590  0.992196 0.042845 0.117093  0.424626 0.639812 1 0 1.000000
0  43.435734 77.722801 22.912724  0.988778 0.029172 0.146517  0.424374 0.638390 1 0 1.000000
skin_0dam
0  43.435734 77.722801 22.912724  0.988778 0.029172 0.146517  0.424374 0.638390 1 0 1.000000
0  43.362488 78.794037 23.149590  0.992196 0.042845 0.117093  0.424626 0.639812 1 0 1.000000
0  43.409504 77.473663 23.065205  0.978905 0.023147 0.202998  0.424626 0.639310 1 0 1.000000
skin_0dam
0  42.602188 84.789368 19.569195  0.986970 0.095120 -0.129775  0.427052 0.617888 1 0 1.000000
0  42.592583 82.890289 18.109581  0.987608 0.091886 -0.127232  0.427220 0.609018 1 0 1.000000
0  42.047199 84.443619 15.402702  0.979381 0.123082 -0.160200  0.429563 0.592449 1 0 1.000000
skin_0dam
0  43.037609 80.837631 20.572262  0.991782 0.067815 -0.108489  0.425546 0.624080 1 0 1.000000
0  42.592583 82.890289 18.109581  0.987608 0.091886 -0.127232  0.427220 0.609018 1 0 1.000000
0  42.602188 84.789368 19.569195  0.986970 0.095120 -0.129775  0.427052 0.617888 1 0 1.000000
skin_0dam
0  42.602188 84.789368 19.569195  0.986970 0.095120 -0.129775  0.427052 0.617888 1 0 1.000000
0  43.124363 82.463730 22.345802  0.991435 0.070106 -0.110190  0.425044 0.634875 1 0 1.000000
0  43.037609 80.837631 20.572262  0.991782 0.067815 -0.108489  0.425546 0.624080 1 0 1.000000
skin_0dam
0  43.124363 82.463730 22.345802  0.991435 0.070106 -0.110190  0.425044 0.634875 1 0 1.000000
0  42.602188 84.789368 19.569195  0.986970 0.095120 -0.129775  0.427052 0.617888 1 0 1.000000
0  42.601044 84.940659 19.693199  0.982777 0.165877 -0.081451  0.427052 0.618641 1 0 1.000000
skin_0dam
0  42.601044 84.940659 19.693199  0.982777 0.165877 -0.081451  0.427052 0.618641 1 0 1.000000
0  43.124249 82.601273 22.483541  0.990090 0.129880 -0.053405  0.425044 0.635712 1 0 1.000000
0  43.124363 82.463730 22.345802  0.991435 0.070106 -0.110190  0.425044 0.634875 1 0 1.000000
skin_0dam
0  43.110916 82.724533 22.621769  0.982887 0.184210 -0.000215  0.425128 0.636549 1 0 1.000000
0  43.124249 82.601273 22.483541  0.990090 0.129880 -0.053405  0.425044 0.635712 1 0 1.000000
0  42.601044 84.940659 19.693199  0.982777 0.165877 -0.081451  0.427052 0.618641 1 0 1.000000
skin_0dam
0  42.601044 84.940659 19.693199  0.982777 0.165877 -0.081451  0.427052 0.618641 1 0 1.000000
0  42.571911 85.077164 19.790691  0.973836 0.224293 -0.036540  0.427220 0.619227 1 0 1.000000
0  43.110916 82.724533 22.621769  0.982887 0.184210 -0.000215  0.425128 0.636549 1 0 1.000000
skin_0dam
0  41.952133 86.655914 16.590736  0.974007 0.184899 -0.130854  0.429897 0.599646 1 0 1.000000
0  42.601044 84.940659 19.693199  0.982777 0.165877 -0.081451  0.427052 0.618641 1 0 1.000000
0  42.602188 84.789368 19.569195  0.986970 0.095120 -0.129775  0.427052 0.617888 1 0 1.000000
skin_0dam
0  42.601044 84.940659 19.693199  0.982777 0.165877 -0.081451  0.427052 0.618641 1 0 1.000000
0  41.952133 86.655914 16.590736  0.974007 0.184899 -0.130854  0.429897 0.599646 1 0 1.000000
0  41.920910 86.847420 16.688309  0.965609 0.238347 -0.103872  0.430065 0.600232 1 0 1.000000
skin_0dam
0  41.920910 86.847420 16.688309  0.965609 0.238347 -0.103872  0.430065 0.600232 1 0 1.000000
0  42.571911 85.077164 19.790691  0.973836 0.224293 -0.036540  0.427220 0.619227 1 0 1.000000
0  42.601044 84.940659 19.693199  0.982777 0.165877 -0.081451  0.427052 0.618641 1 0 1.000000
skin_0dam
0  42.571911 85.077164 19.790691  0.973836 0.224293 -0.036540  0.427220 0.619227 1 0 1.000000
0  41.920910 86.847420 16.688309  0.965609 0.238347 -0.103872  0.430065 0.600232 1 0 1.000000
0  41.402885 89.552963 18.126186  0.967822 0.237202 -0.084001  0.432910 0.608851 1 0 1.000000
skin_0dam
0  41.402885 89.552963 18.126186  0.967822 0.237202 -0.084001  0.432910 0.608851 1 0 1.000000
0  41.920910 86.847420 16.688309  0.965609 0.238347 -0.103872  0.430065 0.600232 1 0 1.000000
0  41.126293 88.089294 13.260696  0.959785 0.226438 -0.165947  0.433830 0.579228 1 0 1.000000
skin_0dam
0  41.126293 88.089294 13.260696  0.959785 0.226438 -0.165947  0.433830 0.579228 1 0 1.000000
0  40.558929 91.234436 14.190791  0.962791 0.229183 -0.143211  0.436759 0.584751 1 0 1.000000
0  41.402885 89.552963 18.126186  0.967822 0.237202 -0.084001  0.432910 0.608851 1 0 1.000000
skin_0dam
0  40.558929 91.234436 14.190791  0.962791 0.229183 -0.143211  0.436759 0.584751 1 0 1.000000
0  41.126293 88.089294 13.260696  0.959785 0.226438 -0.165947  0.433830 0.579228 1 0 1.000000
0  40.124237 88.993248 9.468901  0.948581 0.209740 -0.237074  0.438851 0.555965 1 0 1.000000
skin_0dam
0  40.124237 88.993248 9.468901  0.948581 0.209740 -0.237074  0.438851 0.555965 1 0 1.000000
0  39.554298 92.138901 9.958346  0.945840 0.223826 -0.235134  0.441696 0.558810 1 0 1.000000
0  40.558929 91.234436 14.190791  0.962791 0.229183 -0.143211  0.436759 0.584751 1 0 1.000000
skin_0dam
0  39.554298 92.138901 9.958346  0.945840 0.223826 -0.235134  0.441696 0.558810 1 0 1.000000
0  40.124237 88.993248 9.468901  0.948581 0.209740 -0.237074  0.438851 0.555965 1 0 1.000000
0  40.027283 89.223938 9.320992  0.875844 0.250684 -0.412376  0.439353 0.555044 1 0 1.000000
skin_0dam
0  40.027283 89.223938 9.320992  0.875844 0.250684 -0.412376  0.439353 0.555044 1 0 1.000000
0  39.492668 92.150566 9.795354  0.861277 0.233172 -0.451479  0.442031 0.557806 1 0 1.000000
0  39.554298 92.138901 9.958346  0.945840 0.223826 -0.235134  0.441696 0.558810 1 0 1.000000
skin_0dam
0  39.080971 90.772751 8.805180  0.860113 0.280229 -0.426236  0.444625 0.551697 1 0 1.000000
0  39.492668 92.150566 9.795354  0.861277 0.233172 -0.451479  0.442031 0.557806 1 0 1.000000
0  40.027283 89.223938 9.320992  0.875844 0.250684 -0.412376  0.439353 0.555044 1 0 1.000000
skin_0dam
0  38.862103 91.852524 8.840847  0.894953 0.194757 -0.401409  0.445713 0.551865 1 0 1.000000
0  39.492668 92.150566 9.795354  0.861277 0.233172 -0.451479  0.442031 0.557806 1 0 1.000000
0  39.080971 90.772751 8.805180  0.860113 0.280229 -0.426236  0.444625 0.551697 1 0 1.000000
skin_0dam
0  38.862103 91.852524 8.840847  0.894953 0.194757 -0.401409  0.445713 0.551865 1 0 1.000000
0  39.080971 90.772751 8.805180  0.860113 0.280229 -0.426236  0.444625 0.551697 1 0 1.000000
0  39.017303 90.784409 8.587168  0.928058 0.289552 -0.234239  0.444960 0.550358 1 0 1.000000
skin_0dam
0  39.017303 90.784409 8.587168  0.928058 0.289552 -0.234239  0.444960 0.550358 1 0 1.000000
0  38.828529 91.796471 8.621721  0.958312 0.179778 -0.222077  0.445880 0.550526 1 0 1.000000
0  38.862103 91.852524 8.840847  0.894953 0.194757 -0.401409  0.445713 0.551865 1 0 1.000000
skin_0dam
0  39.017303 90.784409 8.587168  0.928058 0.289552 -0.234239  0.444960 0.550358 1 0 1.000000
0  38.506290 91.015800 6.567682  0.917346 0.268805 -0.293633  0.447554 0.537974 1 0 1.000000
0  38.828529 91.796471 8.621721  0.958312 0.179778 -0.222077  0.445880 0.550526 1 0 1.000000
skin_0dam
0  39.145863 89.125923 6.268476  0.910550 0.259046 -0.322172  0.444039 0.536300 1 0 1.000000
0  38.506290 91.015800 6.567682  0.917346 0.268805 -0.293633  0.447554 0.537974 1 0 1.000000
0  39.017303 90.784409 8.587168  0.928058 0.289552 -0.234239  0.444960 0.550358 1 0 1.000000
skin_0dam
0  38.506290 91.015800 6.567682  0.917346 0.268805 -0.293633  0.447554 0.537974 1 0 1.000000
0  39.145863 89.125923 6.268476  0.910550 0.259046 -0.322172  0.444039 0.536300 1 0 1.000000
0  38.362648 89.222565 4.575880  0.832012 0.249325 -0.495573  0.448391 0.525840 1 0 1.000000
skin_0dam
0  38.397453 89.017303 4.560816  0.843538 0.167952 -0.510132  0.448223 0.525757 1 0 1.000000
0  38.362648 89.222565 4.575880  0.832012 0.249325 -0.495573  0.448391 0.525840 1 0 1.000000
0  39.145863 89.125923 6.268476  0.910550 0.259046 -0.322172  0.444039 0.536300 1 0 1.000000
skin_0dam
0  38.362648 89.222565 4.575880  0.832012 0.249325 -0.495573  0.448391 0.525840 1 0 1.000000
0  37.778080 91.087036 4.845493  0.826737 0.276877 -0.489740  0.451571 0.527346 1 0 1.000000
0  38.506290 91.015800 6.567682  0.917346 0.268805 -0.293633  0.447554 0.537974 1 0 1.000000
skin_0dam
0  38.362648 89.222565 4.575880  0.832012 0.249325 -0.495573  0.448391 0.525840 1 0 1.000000
0  38.397453 89.017303 4.560816  0.843538 0.167952 -0.510132  0.448223 0.525757 1 0 1.000000
0  37.572117 89.042557 3.517124  0.707635 0.179715 -0.683341  0.452993 0.519229 1 0 1.000000
skin_0dam
0  37.572117 89.042557 3.517124  0.707635 0.179715 -0.683341  0.452993 0.519229 1 0 1.000000
0  37.538345 89.234070 3.545925  0.698015 0.244677 -0.672985  0.453160 0.519397 1 0 1.000000
0  38.362648 89.222565 4.575880  0.832012 0.249325 -0.495573  0.448391 0.525840 1 0 1.000000
skin_0dam
0  37.778080 91.087036 4.845493  0.826737 0.276877 -0.489740  0.451571 0.527346 1 0 1.000000
0  38.362648 89.222565 4.575880  0.832012 0.249325 -0.495573  0.448391 0.525840 1 0 1.000000
0  37.538345 89.234070 3.545925  0.698015 0.244677 -0.672985  0.453160 0.519397 1 0 1.000000
skin_0dam
0  37.538345 89.234070 3.545925  0.698015 0.244677 -0.672985  0.453160 0.519397 1 0 1.000000
0  36.983875 91.017044 3.800650  0.704680 0.265255 -0.658077  0.456173 0.520819 1 0 1.000000
0  37.778080 91.087036 4.845493  0.826737 0.276877 -0.489740  0.451571 0.527346 1 0 1.000000
skin_0dam
0  34.166584 97.150490 3.244087  0.637365 0.244450 -0.730760  0.471737 0.516803 1 0 1.000000
0  33.351055 101.099274 3.880379  0.636183 0.249440 -0.730103  0.475921 0.520485 1 0 1.000000
0  34.637295 102.027557 5.320166  0.697229 0.255655 -0.669711  0.468223 0.529522 1 0 1.000000
skin_0dam
0  34.637295 102.027557 5.320166  0.697229 0.255655 -0.669711  0.468223 0.529522 1 0 1.000000
0  35.696198 97.481949 4.688612  0.704204 0.245462 -0.666217  0.462700 0.525924 1 0 1.000000
0  34.166584 97.150490 3.244087  0.637365 0.244450 -0.730760  0.471737 0.516803 1 0 1.000000
skin_0dam
0  35.460236 90.837402 2.300810  0.665703 0.234607 -0.708378  0.465127 0.511364 1 0 1.000000
0  34.166584 97.150490 3.244087  0.637365 0.244450 -0.730760  0.471737 0.516803 1 0 1.000000
0  35.696198 97.481949 4.688612  0.704204 0.245462 -0.666217  0.462700 0.525924 1 0 1.000000
skin_0dam
0  35.696198 97.481949 4.688612  0.704204 0.245462 -0.666217  0.462700 0.525924 1 0 1.000000
0  36.983875 91.017044 3.800650  0.704680 0.265255 -0.658077  0.456173 0.520819 1 0 1.000000
0  35.460236 90.837402 2.300810  0.665703 0.234607 -0.708378  0.465127 0.511364 1 0 1.000000
skin_0dam
0  36.983875 91.017044 3.800650  0.704680 0.265255 -0.658077  0.456173 0.520819 1 0 1.000000
0  35.696198 97.481949 4.688612  0.704204 0.245462 -0.666217  0.462700 0.525924 1 0 1.000000
0  36.458740 97.647156 5.720861  0.820271 0.246998 -0.515895  0.458265 0.532367 1 0 1.000000
skin_0dam
0  36.458740 97.647156 5.720861  0.820271 0.246998 -0.515895  0.458265 0.532367 1 0 1.000000
0  37.778080 91.087036 4.845493  0.826737 0.276877 -0.489740  0.451571 0.527346 1 0 1.000000
0  36.983875 91.017044 3.800650  0.704680 0.265255 -0.658077  0.456173 0.520819 1 0 1.000000
skin_0dam
0  37.778080 91.087036 4.845493  0.826737 0.276877 -0.489740  0.451571 0.527346 1 0 1.000000
0  36.458740 97.647156 5.720861  0.820271 0.246998 -0.515895  0.458265 0.532367 1 0 1.000000
0  37.381264 97.775795 7.683756  0.908317 0.233148 -0.347278  0.453077 0.544501 1 0 1.000000
skin_0dam
0  37.381264 97.775795 7.683756  0.908317 0.233148 -0.347278  0.453077 0.544501 1 0 1.000000
0  38.506290 91.015800 6.567682  0.917346 0.268805 -0.293633  0.447554 0.537974 1 0 1.000000
0  37.778080 91.087036 4.845493  0.826737 0.276877 -0.489740  0.451571 0.527346 1 0 1.000000
skin_0dam
0  38.506290 91.015800 6.567682  0.917346 0.268805 -0.293633  0.447554 0.537974 1 0 1.000000
0  37.381264 97.775795 7.683756  0.908317 0.233148 -0.347278  0.453077 0.544501 1 0 1.000000
0  38.046917 97.701447 9.945424  0.935305 0.219789 -0.277305  0.449562 0.558392 1 0 1.000000
skin_0dam
0  38.046917 97.701447 9.945424  0.935305 0.219789 -0.277305  0.449562 0.558392 1 0 1.000000
0  38.828529 91.796471 8.621721  0.958312 0.179778 -0.222077  0.445880 0.550526 1 0 1.000000
0  38.506290 91.015800 6.567682  0.917346 0.268805 -0.293633  0.447554 0.537974 1 0 1.000000
skin_0dam
0  38.828529 91.796471 8.621721  0.958312 0.179778 -0.222077  0.445880 0.550526 1 0 1.000000
0  38.046917 97.701447 9.945424  0.935305 0.219789 -0.277305  0.449562 0.558392 1 0 1.000000
0  38.108528 97.703529 10.122190  0.910373 0.231820 -0.342754  0.449227 0.559479 1 0 1.000000
skin_0dam
0  38.108528 97.703529 10.122190  0.910373 0.231820 -0.342754  0.449227 0.559479 1 0 1.000000
0  38.862103 91.852524 8.840847  0.894953 0.194757 -0.401409  0.445713 0.551865 1 0 1.000000
0  38.828529 91.796471 8.621721  0.958312 0.179778 -0.222077  0.445880 0.550526 1 0 1.000000
skin_0dam
0  38.862103 91.852524 8.840847  0.894953 0.194757 -0.401409  0.445713 0.551865 1 0 1.000000
0  38.108528 97.703529 10.122190  0.910373 0.231820 -0.342754  0.449227 0.559479 1 0 1.000000
0  38.365723 97.643639 10.677350  0.914402 0.245189 -0.322104  0.447805 0.562910 1 0 1.000000
skin_0dam
0  38.365723 97.643639 10.677350  0.914402 0.245189 -0.322104  0.447805 0.562910 1 0 1.000000
0  39.492668 92.150566 9.795354  0.861277 0.233172 -0.451479  0.442031 0.557806 1 0 1.000000
0  38.862103 91.852524 8.840847  0.894953 0.194757 -0.401409  0.445713 0.551865 1 0 1.000000
skin_0dam
0  39.492668 92.150566 9.795354  0.861277 0.233172 -0.451479  0.442031 0.557806 1 0 1.000000
0  38.365723 97.643639 10.677350  0.914402 0.245189 -0.322104  0.447805 0.562910 1 0 1.000000
0  38.414112 97.631454 10.854608  0.949544 0.246975 -0.193313  0.447554 0.563998 1 0 1.000000
skin_0dam
0  38.414112 97.631454 10.854608  0.949544 0.246975 -0.193313  0.447554 0.563998 1 0 1.000000
0  39.554298 92.138901 9.958346  0.945840 0.223826 -0.235134  0.441696 0.558810 1 0 1.000000
0  39.492668 92.150566 9.795354  0.861277 0.233172 -0.451479  0.442031 0.557806 1 0 1.000000
skin_0dam
0  39.554298 92.138901 9.958346  0.945840 0.223826 -0.235134  0.441696 0.558810 1 0 1.000000
0  38.414112 97.631454 10.854608  0.949544 0.246975 -0.193313  0.447554 0.563998 1 0 1.000000
0  39.574677 96.070969 15.645973  0.962360 0.247807 -0.111603  0.441947 0.593370 1 0 1.000000
skin_0dam
0  39.574677 96.070969 15.645973  0.962360 0.247807 -0.111603  0.441947 0.593370 1 0 1.000000
0  40.558929 91.234436 14.190791  0.962791 0.229183 -0.143211  0.436759 0.584751 1 0 1.000000
0  39.554298 92.138901 9.958346  0.945840 0.223826 -0.235134  0.441696 0.558810 1 0 1.000000
skin_0dam
0  38.285538 101.419174 17.208883  0.957012 0.278863 -0.079768  0.448893 0.602575 1 0 1.000000
0  39.574677 96.070969 15.645973  0.962360 0.247807 -0.111603  0.441947 0.593370 1 0 1.000000
0  38.414112 97.631454 10.854608  0.949544 0.246975 -0.193313  0.447554 0.563998 1 0 1.000000
skin_0dam
0  38.414112 97.631454 10.854608  0.949544 0.246975 -0.193313  0.447554 0.563998 1 0 1.000000
0  37.077892 103.171700 11.716826  0.945767 0.270808 -0.179408  0.454583 0.568935 1 0 1.000000
0  38.285538 101.419174 17.208883  0.957012 0.278863 -0.079768  0.448893 0.602575 1 0 1.000000
skin_0dam
0  37.077892 103.171700 11.716826  0.945767 0.270808 -0.179408  0.454583 0.568935 1 0 1.000000
0  38.414112 97.631454 10.854608  0.949544 0.246975 -0.193313  0.447554 0.563998 1 0 1.000000
0  38.365723 97.643639 10.677350  0.914402 0.245189 -0.322104  0.447805 0.562910 1 0 1.000000
skin_0dam
0  38.365723 97.643639 10.677350  0.914402 0.245189 -0.322104  0.447805 0.562910 1 0 1.000000
0  37.044270 103.184410 11.566567  0.951805 0.252032 -0.174776  0.454750 0.568015 1 0 1.000000
0  37.077892 103.171700 11.716826  0.945767 0.270808 -0.179408  0.454583 0.568935 1 0 1.000000
skin_0dam
0  37.044270 103.184410 11.566567  0.951805 0.252032 -0.174776  0.454750 0.568015 1 0 1.000000
0  38.365723 97.643639 10.677350  0.914402 0.245189 -0.322104  0.447805 0.562910 1 0 1.000000
0  38.108528 97.703529 10.122190  0.910373 0.231820 -0.342754  0.449227 0.559479 1 0 1.000000
skin_0dam
0  37.044270 103.184410 11.566567  0.951805 0.252032 -0.174776  0.454750 0.568015 1 0 1.000000
0  38.108528 97.703529 10.122190  0.910373 0.231820 -0.342754  0.449227 0.559479 1 0 1.000000
0  38.046917 97.701447 9.945424  0.935305 0.219789 -0.277305  0.449562 0.558392 1 0 1.000000
skin_0dam
0  38.046917 97.701447 9.945424  0.935305 0.219789 -0.277305  0.449562 0.558392 1 0 1.000000
0  37.018787 103.170135 11.236952  0.950022 0.253819 -0.181750  0.454834 0.566006 1 0 1.000000
0  37.044270 103.184410 11.566567  0.951805 0.252032 -0.174776  0.454750 0.568015 1 0 1.000000
skin_0dam
0  37.018787 103.170135 11.236952  0.950022 0.253819 -0.181750  0.454834 0.566006 1 0 1.000000
0  38.046917 97.701447 9.945424  0.935305 0.219789 -0.277305  0.449562 0.558392 1 0 1.000000
0  37.381264 97.775795 7.683756  0.908317 0.233148 -0.347278  0.453077 0.544501 1 0 1.000000
skin_0dam
0  37.381264 97.775795 7.683756  0.908317 0.233148 -0.347278  0.453077 0.544501 1 0 1.000000
0  36.293217 103.049850 8.646950  0.896707 0.271254 -0.349767  0.458683 0.550107 1 0 1.000000
0  37.018787 103.170135 11.236952  0.950022 0.253819 -0.181750  0.454834 0.566006 1 0 1.000000
skin_0dam
0  36.293217 103.049850 8.646950  0.896707 0.271254 -0.349767  0.458683 0.550107 1 0 1.000000
0  37.381264 97.775795 7.683756  0.908317 0.233148 -0.347278  0.453077 0.544501 1 0 1.000000
0  36.458740 97.647156 5.720861  0.820271 0.246998 -0.515895  0.458265 0.532367 1 0 1.000000
skin_0dam
0  36.458740 97.647156 5.720861  0.820271 0.246998 -0.515895  0.458265 0.532367 1 0 1.000000
0  35.319626 102.506493 6.369162  0.813359 0.264915 -0.517945  0.464206 0.536049 1 0 1.000000
0  36.293217 103.049850 8.646950  0.896707 0.271254 -0.349767  0.458683 0.550107 1 0 1.000000
skin_0dam
0  35.319626 102.506493 6.369162  0.813359 0.264915 -0.517945  0.464206 0.536049 1 0 1.000000
0  36.458740 97.647156 5.720861  0.820271 0.246998 -0.515895  0.458265 0.532367 1 0 1.000000
0  35.696198 97.481949 4.688612  0.704204 0.245462 -0.666217  0.462700 0.525924 1 0 1.000000
skin_0dam
0  35.696198 97.481949 4.688612  0.704204 0.245462 -0.666217  0.462700 0.525924 1 0 1.000000
0  34.637295 102.027557 5.320166  0.697229 0.255655 -0.669711  0.468223 0.529522 1 0 1.000000
0  35.319626 102.506493 6.369162  0.813359 0.264915 -0.517945  0.464206 0.536049 1 0 1.000000
skin_0dam
0  6.599200 112.837471 14.817535  -0.024679 0.969579 0.243532  0.638093 0.580902 1 0 1.000000
0  6.687718 112.882385 14.648970  -0.126484 0.828595 0.545374  0.637507 0.579897 1 0 1.000000
0  6.075271 112.900673 14.506419  -0.015536 0.703996 0.710034  0.641189 0.578893 1 0 1.000000
skin_0dam
0  16.848417 113.860626 14.230569  0.110670 0.990683 0.079368  0.575501 0.579646 1 0 1.000000
0  17.009863 113.641090 17.984694  0.115016 0.989779 0.084309  0.575417 0.602491 1 0 1.000000
0  22.103828 112.884186 17.795647  0.157020 0.984117 0.082810  0.544623 0.602491 1 0 1.000000
skin_0dam
0  17.009863 113.641090 17.984694  0.115016 0.989779 0.084309  0.575417 0.602491 1 0 1.000000
0  16.848417 113.860626 14.230569  0.110670 0.990683 0.079368  0.575501 0.579646 1 0 1.000000
0  10.720791 114.330299 14.499296  0.061424 0.996964 0.047860  0.612654 0.579897 1 0 1.000000
skin_0dam
0  10.485535 114.363205 14.136148  0.054396 0.888040 0.456538  0.613993 0.577638 1 0 1.000000
0  10.720791 114.330299 14.499296  0.061424 0.996964 0.047860  0.612654 0.579897 1 0 1.000000
0  16.848417 113.860626 14.230569  0.110670 0.990683 0.079368  0.575501 0.579646 1 0 1.000000
skin_0dam
0  10.720791 114.330299 14.499296  0.061424 0.996964 0.047860  0.612654 0.579897 1 0 1.000000
0  10.485535 114.363205 14.136148  0.054396 0.888040 0.456538  0.613993 0.577638 1 0 1.000000
0  10.251358 114.368088 14.144838  -0.108264 0.791719 0.601215  0.615416 0.577638 1 0 1.000000
skin_0dam
0  9.720579 114.692619 13.916617  0.007925 0.564474 0.825413  0.618512 0.576132 1 0 1.000000
0  10.251358 114.368088 14.144838  -0.108264 0.791719 0.601215  0.615416 0.577638 1 0 1.000000
0  10.485535 114.363205 14.136148  0.054396 0.888040 0.456538  0.613993 0.577638 1 0 1.000000
skin_0dam
0  6.687718 112.882385 14.648970  -0.126484 0.828595 0.545374  0.637507 0.579897 1 0 1.000000
0  10.251358 114.368088 14.144838  -0.108264 0.791719 0.601215  0.615416 0.577638 1 0 1.000000
0  9.720579 114.692619 13.916617  0.007925 0.564474 0.825413  0.618512 0.576132 1 0 1.000000
skin_0dam
0  9.720579 114.692619 13.916617  0.007925 0.564474 0.825413  0.618512 0.576132 1 0 1.000000
0  6.075271 112.900673 14.506419  -0.015536 0.703996 0.710034  0.641189 0.578893 1 0 1.000000
0  6.687718 112.882385 14.648970  -0.126484 0.828595 0.545374  0.637507 0.579897 1 0 1.000000
skin_0dam
0  6.075271 112.900673 14.506419  -0.015536 0.703996 0.710034  0.641189 0.578893 1 0 1.000000
0  9.720579 114.692619 13.916617  0.007925 0.564474 0.825413  0.618512 0.576132 1 0 1.000000
0  -0.620794 114.768211 14.259085  0.023601 0.205188 0.978438  0.681356 0.575881 1 0 1.000000
skin_0dam
0  -0.620794 114.768211 14.259085  0.023601 0.205188 0.978438  0.681356 0.575881 1 0 1.000000
0  -0.526197 112.691360 14.682548  -0.001556 0.655440 0.755246  0.681356 0.578475 1 0 1.000000
0  6.075271 112.900673 14.506419  -0.015536 0.703996 0.710034  0.641189 0.578893 1 0 1.000000
skin_0dam
0  6.060600 112.830864 14.782433  -0.026760 0.967546 0.251276  0.641356 0.580567 1 0 1.000000
0  6.075271 112.900673 14.506419  -0.015536 0.703996 0.710034  0.641189 0.578893 1 0 1.000000
0  -0.526197 112.691360 14.682548  -0.001556 0.655440 0.755246  0.681356 0.578475 1 0 1.000000
skin_0dam
0  6.075271 112.900673 14.506419  -0.015536 0.703996 0.710034  0.641189 0.578893 1 0 1.000000
0  6.060600 112.830864 14.782433  -0.026760 0.967546 0.251276  0.641356 0.580567 1 0 1.000000
0  6.599200 112.837471 14.817535  -0.024679 0.969579 0.243532  0.638093 0.580902 1 0 1.000000
skin_0dam
0  6.739680 112.080994 17.828682  -0.027454 0.969297 0.244354  0.638093 0.599227 1 0 1.000000
0  6.599200 112.837471 14.817535  -0.024679 0.969579 0.243532  0.638093 0.580902 1 0 1.000000
0  6.060600 112.830864 14.782433  -0.026760 0.967546 0.251276  0.641356 0.580567 1 0 1.000000
skin_0dam
0  34.594826 109.164284 12.594057  0.742553 0.661220 -0.106784  0.468474 0.573705 1 0 1.000000
0  33.004814 110.467453 12.680614  0.519980 0.841527 -0.146472  0.477846 0.573873 1 0 1.000000
0  33.040459 110.482246 12.913436  0.518714 0.815783 0.255801  0.477679 0.575295 1 0 1.000000
skin_0dam
0  33.040459 110.482246 12.913436  0.518714 0.815783 0.255801  0.477679 0.575295 1 0 1.000000
0  33.076721 110.359512 13.022277  0.545627 0.779243 0.308337  0.477511 0.575964 1 0 1.000000
0  34.594826 109.164284 12.594057  0.742553 0.661220 -0.106784  0.468474 0.573705 1 0 1.000000
skin_0dam
0  33.081837 110.345757 13.146049  0.501530 0.864688 0.027969  0.477511 0.576718 1 0 1.000000
0  34.594826 109.164284 12.594057  0.742553 0.661220 -0.106784  0.468474 0.573705 1 0 1.000000
0  33.076721 110.359512 13.022277  0.545627 0.779243 0.308337  0.477511 0.575964 1 0 1.000000
skin_0dam
0  30.297226 111.479202 13.552403  0.308993 0.948470 0.070205  0.494247 0.578559 1 0 1.000000
0  33.081837 110.345757 13.146049  0.501530 0.864688 0.027969  0.477511 0.576718 1 0 1.000000
0  33.076721 110.359512 13.022277  0.545627 0.779243 0.308337  0.477511 0.575964 1 0 1.000000
skin_0dam
0  33.081837 110.345757 13.146049  0.501530 0.864688 0.027969  0.477511 0.576718 1 0 1.000000
0  30.297226 111.479202 13.552403  0.308993 0.948470 0.070205  0.494247 0.578559 1 0 1.000000
0  30.677208 111.116196 17.477472  0.297823 0.951644 0.075330  0.492908 0.602491 1 0 1.000000
skin_0dam
0  26.398525 112.152000 17.636261  0.203536 0.975628 0.081989  0.518682 0.602491 1 0 1.000000
0  30.677208 111.116196 17.477472  0.297823 0.951644 0.075330  0.492908 0.602491 1 0 1.000000
0  30.297226 111.479202 13.552403  0.308993 0.948470 0.070205  0.494247 0.578559 1 0 1.000000
skin_0dam
0  30.677208 111.116196 17.477472  0.297823 0.951644 0.075330  0.492908 0.602491 1 0 1.000000
0  26.398525 112.152000 17.636261  0.203536 0.975628 0.081989  0.518682 0.602491 1 0 1.000000
0  26.594589 111.559532 23.055676  0.212052 0.972043 0.100830  0.518849 0.635461 1 0 1.000000
skin_0dam
0  22.327379 112.292770 23.214039  0.155091 0.982709 0.101146  0.544623 0.635461 1 0 1.000000
0  26.594589 111.559532 23.055676  0.212052 0.972043 0.100830  0.518849 0.635461 1 0 1.000000
0  26.398525 112.152000 17.636261  0.203536 0.975628 0.081989  0.518682 0.602491 1 0 1.000000
skin_0dam
0  26.398525 112.152000 17.636261  0.203536 0.975628 0.081989  0.518682 0.602491 1 0 1.000000
0  22.103828 112.884186 17.795647  0.157020 0.984117 0.082810  0.544623 0.602491 1 0 1.000000
0  22.327379 112.292770 23.214039  0.155091 0.982709 0.101146  0.544623 0.635461 1 0 1.000000
skin_0dam
0  17.141361 113.255981 21.133904  0.112867 0.987086 0.113678  0.575417 0.621654 1 0 1.000000
0  22.327379 112.292770 23.214039  0.155091 0.982709 0.101146  0.544623 0.635461 1 0 1.000000
0  22.103828 112.884186 17.795647  0.157020 0.984117 0.082810  0.544623 0.602491 1 0 1.000000
skin_0dam
0  17.141361 113.255981 21.133904  0.112867 0.987086 0.113678  0.575417 0.621654 1 0 1.000000
0  22.103828 112.884186 17.795647  0.157020 0.984117 0.082810  0.544623 0.602491 1 0 1.000000
0  17.009863 113.641090 17.984694  0.115016 0.989779 0.084309  0.575417 0.602491 1 0 1.000000
skin_0dam
0  17.141361 113.255981 21.133904  0.112867 0.987086 0.113678  0.575417 0.621654 1 0 1.000000
0  17.009863 113.641090 17.984694  0.115016 0.989779 0.084309  0.575417 0.602491 1 0 1.000000
0  11.290510 114.098900 18.100540  0.070598 0.993850 0.085310  0.610060 0.601905 1 0 1.000000
skin_0dam
0  10.720791 114.330299 14.499296  0.061424 0.996964 0.047860  0.612654 0.579897 1 0 1.000000
0  11.290510 114.098900 18.100540  0.070598 0.993850 0.085310  0.610060 0.601905 1 0 1.000000
0  17.009863 113.641090 17.984694  0.115016 0.989779 0.084309  0.575417 0.602491 1 0 1.000000
skin_0dam
0  11.290510 114.098900 18.100540  0.070598 0.993850 0.085310  0.610060 0.601905 1 0 1.000000
0  10.720791 114.330299 14.499296  0.061424 0.996964 0.047860  0.612654 0.579897 1 0 1.000000
0  10.527847 114.336739 14.506456  -0.135550 0.984379 0.112354  0.613826 0.579897 1 0 1.000000
skin_0dam
0  10.251358 114.368088 14.144838  -0.108264 0.791719 0.601215  0.615416 0.577638 1 0 1.000000
0  10.527847 114.336739 14.506456  -0.135550 0.984379 0.112354  0.613826 0.579897 1 0 1.000000
0  10.720791 114.330299 14.499296  0.061424 0.996964 0.047860  0.612654 0.579897 1 0 1.000000
skin_0dam
0  6.962204 112.809776 14.914249  -0.223495 0.924482 0.308841  0.635917 0.581571 1 0 1.000000
0  10.527847 114.336739 14.506456  -0.135550 0.984379 0.112354  0.613826 0.579897 1 0 1.000000
0  10.251358 114.368088 14.144838  -0.108264 0.791719 0.601215  0.615416 0.577638 1 0 1.000000
skin_0dam
0  10.251358 114.368088 14.144838  -0.108264 0.791719 0.601215  0.615416 0.577638 1 0 1.000000
0  6.687718 112.882385 14.648970  -0.126484 0.828595 0.545374  0.637507 0.579897 1 0 1.000000
0  6.962204 112.809776 14.914249  -0.223495 0.924482 0.308841  0.635917 0.581571 1 0 1.000000
skin_0dam
0  6.814599 112.790276 15.002369  -0.019863 0.970165 0.241629  0.636838 0.582073 1 0 1.000000
0  6.962204 112.809776 14.914249  -0.223495 0.924482 0.308841  0.635917 0.581571 1 0 1.000000
0  6.687718 112.882385 14.648970  -0.126484 0.828595 0.545374  0.637507 0.579897 1 0 1.000000
skin_0dam
0  30.677208 111.116196 17.477472  0.297823 0.951644 0.075330  0.492908 0.602491 1 0 1.000000
0  33.527969 110.067368 17.454315  0.489502 0.870707 0.047501  0.475838 0.602993 1 0 1.000000
0  33.081837 110.345757 13.146049  0.501530 0.864688 0.027969  0.477511 0.576718 1 0 1.000000
skin_0dam
0  34.594826 109.164284 12.594057  0.742553 0.661220 -0.106784  0.468474 0.573705 1 0 1.000000
0  33.081837 110.345757 13.146049  0.501530 0.864688 0.027969  0.477511 0.576718 1 0 1.000000
0  33.527969 110.067368 17.454315  0.489502 0.870707 0.047501  0.475838 0.602993 1 0 1.000000
skin_0dam
0  33.527969 110.067368 17.454315  0.489502 0.870707 0.047501  0.475838 0.602993 1 0 1.000000
0  35.125603 108.805450 17.615398  0.744190 0.667948 0.005213  0.466466 0.604332 1 0 1.000000
0  34.594826 109.164284 12.594057  0.742553 0.661220 -0.106784  0.468474 0.573705 1 0 1.000000
skin_0dam
0  26.594589 111.559532 23.055676  0.212052 0.972043 0.100830  0.518849 0.635461 1 0 1.000000
0  31.086712 110.380272 22.930285  0.313448 0.943551 0.107064  0.491821 0.635712 1 0 1.000000
0  30.677208 111.116196 17.477472  0.297823 0.951644 0.075330  0.492908 0.602491 1 0 1.000000
skin_0dam
0  33.527969 110.067368 17.454315  0.489502 0.870707 0.047501  0.475838 0.602993 1 0 1.000000
0  30.677208 111.116196 17.477472  0.297823 0.951644 0.075330  0.492908 0.602491 1 0 1.000000
0  31.086712 110.380272 22.930285  0.313448 0.943551 0.107064  0.491821 0.635712 1 0 1.000000
skin_0dam
0  31.086712 110.380272 22.930285  0.313448 0.943551 0.107064  0.491821 0.635712 1 0 1.000000
0  34.004318 109.168480 23.056152  0.491125 0.866980 0.084507  0.474415 0.637135 1 0 1.000000
0  33.527969 110.067368 17.454315  0.489502 0.870707 0.047501  0.475838 0.602993 1 0 1.000000
skin_0dam
0  35.125603 108.805450 17.615398  0.744190 0.667948 0.005213  0.466466 0.604332 1 0 1.000000
0  33.527969 110.067368 17.454315  0.489502 0.870707 0.047501  0.475838 0.602993 1 0 1.000000
0  34.004318 109.168480 23.056152  0.491125 0.866980 0.084507  0.474415 0.637135 1 0 1.000000
skin_0dam
0  34.004318 109.168480 23.056152  0.491125 0.866980 0.084507  0.474415 0.637135 1 0 1.000000
0  35.553543 107.987000 23.480726  0.738415 0.673225 0.038875  0.465378 0.640063 1 0 1.000000
0  35.125603 108.805450 17.615398  0.744190 0.667948 0.005213  0.466466 0.604332 1 0 1.000000
skin_0dam
0  6.687718 112.882385 14.648970  -0.126484 0.828595 0.545374  0.637507 0.579897 1 0 1.000000
0  6.599200 112.837471 14.817535  -0.024679 0.969579 0.243532  0.638093 0.580902 1 0 1.000000
0  6.814599 112.790276 15.002369  -0.019863 0.970165 0.241629  0.636838 0.582073 1 0 1.000000
skin_0dam
0  6.931593 112.088303 17.807785  -0.039042 0.968921 0.244272  0.636922 0.599144 1 0 1.000000
0  6.814599 112.790276 15.002369  -0.019863 0.970165 0.241629  0.636838 0.582073 1 0 1.000000
0  6.599200 112.837471 14.817535  -0.024679 0.969579 0.243532  0.638093 0.580902 1 0 1.000000
skin_0dam
0  6.599200 112.837471 14.817535  -0.024679 0.969579 0.243532  0.638093 0.580902 1 0 1.000000
0  6.739680 112.080994 17.828682  -0.027454 0.969297 0.244354  0.638093 0.599227 1 0 1.000000
0  6.931593 112.088303 17.807785  -0.039042 0.968921 0.244272  0.636922 0.599144 1 0 1.000000
skin_0dam
0  7.074022 111.401123 20.570938  -0.057537 0.969315 0.238992  0.636838 0.615963 1 0 1.000000
0  6.931593 112.088303 17.807785  -0.039042 0.968921 0.244272  0.636922 0.599144 1 0 1.000000
0  6.739680 112.080994 17.828682  -0.027454 0.969297 0.244354  0.638093 0.599227 1 0 1.000000
skin_0dam
0  6.739680 112.080994 17.828682  -0.027454 0.969297 0.244354  0.638093 0.599227 1 0 1.000000
0  6.901596 111.283791 21.004307  -0.057422 0.977473 0.203101  0.638009 0.618558 1 0 1.000000
0  7.074022 111.401123 20.570938  -0.057537 0.969315 0.238992  0.636838 0.615963 1 0 1.000000
skin_0dam
0  7.281210 111.408958 20.590794  -0.331292 0.930523 0.156117  0.635583 0.616131 1 0 1.000000
0  7.074022 111.401123 20.570938  -0.057537 0.969315 0.238992  0.636838 0.615963 1 0 1.000000
0  6.901596 111.283791 21.004307  -0.057422 0.977473 0.203101  0.638009 0.618558 1 0 1.000000
skin_0dam
0  6.931593 112.088303 17.807785  -0.039042 0.968921 0.244272  0.636922 0.599144 1 0 1.000000
0  7.074022 111.401123 20.570938  -0.057537 0.969315 0.238992  0.636838 0.615963 1 0 1.000000
0  7.281210 111.408958 20.590794  -0.331292 0.930523 0.156117  0.635583 0.616131 1 0 1.000000
skin_0dam
0  7.281210 111.408958 20.590794  -0.331292 0.930523 0.156117  0.635583 0.616131 1 0 1.000000
0  7.121960 112.109367 17.759403  -0.263819 0.933822 0.241612  0.635750 0.598893 1 0 1.000000
0  6.931593 112.088303 17.807785  -0.039042 0.968921 0.244272  0.636922 0.599144 1 0 1.000000
skin_0dam
0  6.814599 112.790276 15.002369  -0.019863 0.970165 0.241629  0.636838 0.582073 1 0 1.000000
0  6.931593 112.088303 17.807785  -0.039042 0.968921 0.244272  0.636922 0.599144 1 0 1.000000
0  7.121960 112.109367 17.759403  -0.263819 0.933822 0.241612  0.635750 0.598893 1 0 1.000000
skin_0dam
0  7.121960 112.109367 17.759403  -0.263819 0.933822 0.241612  0.635750 0.598893 1 0 1.000000
0  6.962204 112.809776 14.914249  -0.223495 0.924482 0.308841  0.635917 0.581571 1 0 1.000000
0  6.814599 112.790276 15.002369  -0.019863 0.970165 0.241629  0.636838 0.582073 1 0 1.000000
skin_0dam
0  6.962204 112.809776 14.914249  -0.223495 0.924482 0.308841  0.635917 0.581571 1 0 1.000000
0  7.121960 112.109367 17.759403  -0.263819 0.933822 0.241612  0.635750 0.598893 1 0 1.000000
0  11.069555 114.118057 18.108740  -0.194726 0.971649 0.134091  0.611399 0.601905 1 0 1.000000
skin_0dam
0  11.069555 114.118057 18.108740  -0.194726 0.971649 0.134091  0.611399 0.601905 1 0 1.000000
0  10.527847 114.336739 14.506456  -0.135550 0.984379 0.112354  0.613826 0.579897 1 0 1.000000
0  6.962204 112.809776 14.914249  -0.223495 0.924482 0.308841  0.635917 0.581571 1 0 1.000000
skin_0dam
0  10.527847 114.336739 14.506456  -0.135550 0.984379 0.112354  0.613826 0.579897 1 0 1.000000
0  11.069555 114.118057 18.108740  -0.194726 0.971649 0.134091  0.611399 0.601905 1 0 1.000000
0  11.290510 114.098900 18.100540  0.070598 0.993850 0.085310  0.610060 0.601905 1 0 1.000000
skin_0dam
0  11.717314 113.683495 21.376522  0.058213 0.991350 0.117627  0.608303 0.621905 1 0 1.000000
0  11.290510 114.098900 18.100540  0.070598 0.993850 0.085310  0.610060 0.601905 1 0 1.000000
0  11.069555 114.118057 18.108740  -0.194726 0.971649 0.134091  0.611399 0.601905 1 0 1.000000
skin_0dam
0  11.290510 114.098900 18.100540  0.070598 0.993850 0.085310  0.610060 0.601905 1 0 1.000000
0  11.717314 113.683495 21.376522  0.058213 0.991350 0.117627  0.608303 0.621905 1 0 1.000000
0  17.141361 113.255981 21.133904  0.112867 0.987086 0.113678  0.575417 0.621654 1 0 1.000000
skin_0dam
0  17.222277 112.980377 23.403502  0.110039 0.987047 0.116750  0.575500 0.635461 1 0 1.000000
0  17.141361 113.255981 21.133904  0.112867 0.987086 0.113678  0.575417 0.621654 1 0 1.000000
0  11.717314 113.683495 21.376522  0.058213 0.991350 0.117627  0.608303 0.621905 1 0 1.000000
skin_0dam
0  17.141361 113.255981 21.133904  0.112867 0.987086 0.113678  0.575417 0.621654 1 0 1.000000
0  17.222277 112.980377 23.403502  0.110039 0.987047 0.116750  0.575500 0.635461 1 0 1.000000
0  22.327379 112.292770 23.214039  0.155091 0.982709 0.101146  0.544623 0.635461 1 0 1.000000
skin_0dam
0  11.495279 113.730682 21.012882  -0.202805 0.972879 0.111252  0.609558 0.619645 1 0 1.000000
0  7.281210 111.408958 20.590794  -0.331292 0.930523 0.156117  0.635583 0.616131 1 0 1.000000
0  11.349775 113.683159 21.500347  -0.170331 0.985386 -0.001144  0.610562 0.622574 1 0 1.000000
skin_0dam
0  7.121960 112.109367 17.759403  -0.263819 0.933822 0.241612  0.635750 0.598893 1 0 1.000000
0  7.281210 111.408958 20.590794  -0.331292 0.930523 0.156117  0.635583 0.616131 1 0 1.000000
0  11.495279 113.730682 21.012882  -0.202805 0.972879 0.111252  0.609558 0.619645 1 0 1.000000
skin_0dam
0  11.495279 113.730682 21.012882  -0.202805 0.972879 0.111252  0.609558 0.619645 1 0 1.000000
0  11.069555 114.118057 18.108740  -0.194726 0.971649 0.134091  0.611399 0.601905 1 0 1.000000
0  7.121960 112.109367 17.759403  -0.263819 0.933822 0.241612  0.635750 0.598893 1 0 1.000000
skin_0dam
0  11.069555 114.118057 18.108740  -0.194726 0.971649 0.134091  0.611399 0.601905 1 0 1.000000
0  11.495279 113.730682 21.012882  -0.202805 0.972879 0.111252  0.609558 0.619645 1 0 1.000000
0  11.717314 113.683495 21.376522  0.058213 0.991350 0.117627  0.608303 0.621905 1 0 1.000000
skin_0dam
0  11.717314 113.683495 21.376522  0.058213 0.991350 0.117627  0.608303 0.621905 1 0 1.000000
0  11.495279 113.730682 21.012882  -0.202805 0.972879 0.111252  0.609558 0.619645 1 0 1.000000
0  11.349775 113.683159 21.500347  -0.170331 0.985386 -0.001144  0.610562 0.622574 1 0 1.000000
skin_0dam
0  6.901596 111.283791 21.004307  -0.057422 0.977473 0.203101  0.638009 0.618558 1 0 1.000000
0  7.044666 111.275253 21.136734  -0.294707 0.923254 -0.246476  0.637173 0.619394 1 0 1.000000
0  7.281210 111.408958 20.590794  -0.331292 0.930523 0.156117  0.635583 0.616131 1 0 1.000000
skin_0dam
0  7.281210 111.408958 20.590794  -0.331292 0.930523 0.156117  0.635583 0.616131 1 0 1.000000
0  7.044666 111.275253 21.136734  -0.294707 0.923254 -0.246476  0.637173 0.619394 1 0 1.000000
0  10.909491 113.652176 21.861023  -0.141925 0.976517 -0.162085  0.613324 0.624666 1 0 1.000000
skin_0dam
0  10.909491 113.652176 21.861023  -0.141925 0.976517 -0.162085  0.613324 0.624666 1 0 1.000000
0  11.349775 113.683159 21.500347  -0.170331 0.985386 -0.001144  0.610562 0.622574 1 0 1.000000
0  7.281210 111.408958 20.590794  -0.331292 0.930523 0.156117  0.635583 0.616131 1 0 1.000000
skin_0dam
0  11.349775 113.683159 21.500347  -0.170331 0.985386 -0.001144  0.610562 0.622574 1 0 1.000000
0  10.909491 113.652176 21.861023  -0.141925 0.976517 -0.162085  0.613324 0.624666 1 0 1.000000
0  11.258244 113.623962 21.944492  0.034120 0.992346 0.118685  0.611232 0.625252 1 0 1.000000
skin_0dam
0  11.258244 113.623962 21.944492  0.034120 0.992346 0.118685  0.611232 0.625252 1 0 1.000000
0  11.717314 113.683495 21.376522  0.058213 0.991350 0.117627  0.608303 0.621905 1 0 1.000000
0  11.349775 113.683159 21.500347  -0.170331 0.985386 -0.001144  0.610562 0.622574 1 0 1.000000
skin_0dam
0  11.717314 113.683495 21.376522  0.058213 0.991350 0.117627  0.608303 0.621905 1 0 1.000000
0  11.258244 113.623962 21.944492  0.034120 0.992346 0.118685  0.611232 0.625252 1 0 1.000000
0  11.933634 113.413109 23.586000  0.062214 0.991404 0.115093  0.607550 0.635377 1 0 1.000000
skin_0dam
0  11.717314 113.683495 21.376522  0.058213 0.991350 0.117627  0.608303 0.621905 1 0 1.000000
0  11.933634 113.413109 23.586000  0.062214 0.991404 0.115093  0.607550 0.635377 1 0 1.000000
0  17.222277 112.980377 23.403502  0.110039 0.987047 0.116750  0.575500 0.635461 1 0 1.000000
skin_0dam
0  17.230978 112.952873 23.609777  0.111408 0.889612 0.442921  0.575500 0.636716 1 0 1.000000
0  17.222277 112.980377 23.403502  0.110039 0.987047 0.116750  0.575500 0.635461 1 0 1.000000
0  11.933634 113.413109 23.586000  0.062214 0.991404 0.115093  0.607550 0.635377 1 0 1.000000
skin_0dam
0  22.327379 112.292770 23.214039  0.155091 0.982709 0.101146  0.544623 0.635461 1 0 1.000000
0  17.222277 112.980377 23.403502  0.110039 0.987047 0.116750  0.575500 0.635461 1 0 1.000000
0  17.230978 112.952873 23.609777  0.111408 0.889612 0.442921  0.575500 0.636716 1 0 1.000000
skin_0dam
0  17.230978 112.952873 23.609777  0.111408 0.889612 0.442921  0.575500 0.636716 1 0 1.000000
0  22.335558 112.279007 23.420336  0.151704 0.896881 0.415440  0.544623 0.636716 1 0 1.000000
0  22.327379 112.292770 23.214039  0.155091 0.982709 0.101146  0.544623 0.635461 1 0 1.000000
skin_0dam
0  26.594589 111.559532 23.055676  0.212052 0.972043 0.100830  0.518849 0.635461 1 0 1.000000
0  22.327379 112.292770 23.214039  0.155091 0.982709 0.101146  0.544623 0.635461 1 0 1.000000
0  22.335558 112.279007 23.420336  0.151704 0.896881 0.415440  0.544623 0.636716 1 0 1.000000
skin_0dam
0  22.335558 112.279007 23.420336  0.151704 0.896881 0.415440  0.544623 0.636716 1 0 1.000000
0  26.603287 111.532021 23.261951  0.206520 0.894771 0.395898  0.518849 0.636716 1 0 1.000000
0  26.594589 111.559532 23.055676  0.212052 0.972043 0.100830  0.518849 0.635461 1 0 1.000000
skin_0dam
0  31.086712 110.380272 22.930285  0.313448 0.943551 0.107064  0.491821 0.635712 1 0 1.000000
0  26.594589 111.559532 23.055676  0.212052 0.972043 0.100830  0.518849 0.635461 1 0 1.000000
0  26.603287 111.532021 23.261951  0.206520 0.894771 0.395898  0.518849 0.636716 1 0 1.000000
skin_0dam
0  26.603287 111.532021 23.261951  0.206520 0.894771 0.395898  0.518849 0.636716 1 0 1.000000
0  31.095413 110.352768 23.136560  0.293442 0.873173 0.389179  0.491821 0.636967 1 0 1.000000
0  31.086712 110.380272 22.930285  0.313448 0.943551 0.107064  0.491821 0.635712 1 0 1.000000
skin_0dam
0  34.004318 109.168480 23.056152  0.491125 0.866980 0.084507  0.474415 0.637135 1 0 1.000000
0  31.086712 110.380272 22.930285  0.313448 0.943551 0.107064  0.491821 0.635712 1 0 1.000000
0  31.095413 110.352768 23.136560  0.293442 0.873173 0.389179  0.491821 0.636967 1 0 1.000000
skin_0dam
0  31.095413 110.352768 23.136560  0.293442 0.873173 0.389179  0.491821 0.636967 1 0 1.000000
0  34.012512 109.140968 23.248674  0.432107 0.826559 0.360670  0.474415 0.638306 1 0 1.000000
0  34.004318 109.168480 23.056152  0.491125 0.866980 0.084507  0.474415 0.637135 1 0 1.000000
skin_0dam
0  35.553543 107.987000 23.480726  0.738415 0.673225 0.038875  0.465378 0.640063 1 0 1.000000
0  34.004318 109.168480 23.056152  0.491125 0.866980 0.084507  0.474415 0.637135 1 0 1.000000
0  34.012512 109.140968 23.248674  0.432107 0.826559 0.360670  0.474415 0.638306 1 0 1.000000
skin_0dam
0  34.012512 109.140968 23.248674  0.432107 0.826559 0.360670  0.474415 0.638306 1 0 1.000000
0  35.576500 107.960014 23.700247  0.633704 0.699896 0.329491  0.465294 0.641402 1 0 1.000000
0  35.553543 107.987000 23.480726  0.738415 0.673225 0.038875  0.465378 0.640063 1 0 1.000000
skin_0dam
0  35.096985 106.948334 24.971411  0.357931 0.712088 0.604000  0.468725 0.649017 1 0 1.000000
0  36.475204 106.229271 24.975355  0.411183 0.699251 0.584788  0.460524 0.649352 1 0 1.000000
0  35.519638 107.806114 23.867636  0.341915 0.671333 0.657576  0.465712 0.642406 1 0 1.000000
skin_0dam
0  35.519638 107.806114 23.867636  0.341915 0.671333 0.657576  0.465712 0.642406 1 0 1.000000
0  36.475204 106.229271 24.975355  0.411183 0.699251 0.584788  0.460524 0.649352 1 0 1.000000
0  36.653919 106.181030 24.913630  0.753462 0.598657 0.271855  0.459436 0.649017 1 0 1.000000
skin_0dam
0  36.653919 106.181030 24.913630  0.753462 0.598657 0.271855  0.459436 0.649017 1 0 1.000000
0  35.576500 107.960014 23.700247  0.633704 0.699896 0.329491  0.465294 0.641402 1 0 1.000000
0  35.519638 107.806114 23.867636  0.341915 0.671333 0.657576  0.465712 0.642406 1 0 1.000000
skin_0dam
0  33.981586 109.015625 23.401331  0.301339 0.692338 0.655639  0.474666 0.639226 1 0 1.000000
0  35.519638 107.806114 23.867636  0.341915 0.671333 0.657576  0.465712 0.642406 1 0 1.000000
0  35.576500 107.960014 23.700247  0.633704 0.699896 0.329491  0.465294 0.641402 1 0 1.000000
skin_0dam
0  35.576500 107.960014 23.700247  0.633704 0.699896 0.329491  0.465294 0.641402 1 0 1.000000
0  34.012512 109.140968 23.248674  0.432107 0.826559 0.360670  0.474415 0.638306 1 0 1.000000
0  33.981586 109.015625 23.401331  0.301339 0.692338 0.655639  0.474666 0.639226 1 0 1.000000
skin_0dam
0  31.077724 110.227936 23.274950  0.238466 0.715512 0.656640  0.491988 0.637804 1 0 1.000000
0  33.981586 109.015625 23.401331  0.301339 0.692338 0.655639  0.474666 0.639226 1 0 1.000000
0  34.012512 109.140968 23.248674  0.432107 0.826559 0.360670  0.474415 0.638306 1 0 1.000000
skin_0dam
0  34.012512 109.140968 23.248674  0.432107 0.826559 0.360670  0.474415 0.638306 1 0 1.000000
0  31.095413 110.352768 23.136560  0.293442 0.873173 0.389179  0.491821 0.636967 1 0 1.000000
0  31.077724 110.227936 23.274950  0.238466 0.715512 0.656640  0.491988 0.637804 1 0 1.000000
skin_0dam
0  26.585075 111.420952 23.400362  0.177079 0.726992 0.663420  0.519017 0.637553 1 0 1.000000
0  31.077724 110.227936 23.274950  0.238466 0.715512 0.656640  0.491988 0.637804 1 0 1.000000
0  31.095413 110.352768 23.136560  0.293442 0.873173 0.389179  0.491821 0.636967 1 0 1.000000
skin_0dam
0  31.095413 110.352768 23.136560  0.293442 0.873173 0.389179  0.491821 0.636967 1 0 1.000000
0  26.603287 111.532021 23.261951  0.206520 0.894771 0.395898  0.518849 0.636716 1 0 1.000000
0  26.585075 111.420952 23.400362  0.177079 0.726992 0.663420  0.519017 0.637553 1 0 1.000000
skin_0dam
0  22.345367 112.141472 23.543932  0.126020 0.713631 0.689093  0.544623 0.637469 1 0 1.000000
0  26.585075 111.420952 23.400362  0.177079 0.726992 0.663420  0.519017 0.637553 1 0 1.000000
0  26.603287 111.532021 23.261951  0.206520 0.894771 0.395898  0.518849 0.636716 1 0 1.000000
skin_0dam
0  26.603287 111.532021 23.261951  0.206520 0.894771 0.395898  0.518849 0.636716 1 0 1.000000
0  22.335558 112.279007 23.420336  0.151704 0.896881 0.415440  0.544623 0.636716 1 0 1.000000
0  22.345367 112.141472 23.543932  0.126020 0.713631 0.689093  0.544623 0.637469 1 0 1.000000
skin_0dam
0  17.240789 112.815338 23.733376  0.098213 0.686879 0.720105  0.575500 0.637469 1 0 1.000000
0  22.345367 112.141472 23.543932  0.126020 0.713631 0.689093  0.544623 0.637469 1 0 1.000000
0  22.335558 112.279007 23.420336  0.151704 0.896881 0.415440  0.544623 0.636716 1 0 1.000000
skin_0dam
0  22.335558 112.279007 23.420336  0.151704 0.896881 0.415440  0.544623 0.636716 1 0 1.000000
0  17.230978 112.952873 23.609777  0.111408 0.889612 0.442921  0.575500 0.636716 1 0 1.000000
0  17.240789 112.815338 23.733376  0.098213 0.686879 0.720105  0.575500 0.637469 1 0 1.000000
skin_0dam
0  17.240789 112.815338 23.733376  0.098213 0.686879 0.720105  0.575500 0.637469 1 0 1.000000
0  17.230978 112.952873 23.609777  0.111408 0.889612 0.442921  0.575500 0.636716 1 0 1.000000
0  11.956587 113.386124 23.805521  0.070103 0.893889 0.442774  0.607466 0.636716 1 0 1.000000
skin_0dam
0  11.933634 113.413109 23.586000  0.062214 0.991404 0.115093  0.607550 0.635377 1 0 1.000000
0  11.956587 113.386124 23.805521  0.070103 0.893889 0.442774  0.607466 0.636716 1 0 1.000000
0  17.230978 112.952873 23.609777  0.111408 0.889612 0.442921  0.575500 0.636716 1 0 1.000000
skin_0dam
0  34.699455 105.953003 26.611416  0.362716 0.752770 0.549340  0.471737 0.658891 1 0 1.000000
0  36.003784 105.313858 26.563011  0.438695 0.714034 0.545621  0.463955 0.658891 1 0 1.000000
0  36.475204 106.229271 24.975355  0.411183 0.699251 0.584788  0.460524 0.649352 1 0 1.000000
skin_0dam
0  33.387310 107.737381 25.021090  0.307547 0.726798 0.614149  0.478934 0.648933 1 0 1.000000
0  35.096985 106.948334 24.971411  0.357931 0.712088 0.604000  0.468725 0.649017 1 0 1.000000
0  35.519638 107.806114 23.867636  0.341915 0.671333 0.657576  0.465712 0.642406 1 0 1.000000
skin_0dam
0  35.519638 107.806114 23.867636  0.341915 0.671333 0.657576  0.465712 0.642406 1 0 1.000000
0  33.981586 109.015625 23.401331  0.301339 0.692338 0.655639  0.474666 0.639226 1 0 1.000000
0  33.387310 107.737381 25.021090  0.307547 0.726798 0.614149  0.478934 0.648933 1 0 1.000000
skin_0dam
0  30.360931 108.779427 25.133404  0.237350 0.746413 0.621717  0.497092 0.648933 1 0 1.000000
0  33.387310 107.737381 25.021090  0.307547 0.726798 0.614149  0.478934 0.648933 1 0 1.000000
0  33.981586 109.015625 23.401331  0.301339 0.692338 0.655639  0.474666 0.639226 1 0 1.000000
skin_0dam
0  33.981586 109.015625 23.401331  0.301339 0.692338 0.655639  0.474666 0.639226 1 0 1.000000
0  31.077724 110.227936 23.274950  0.238466 0.715512 0.656640  0.491988 0.637804 1 0 1.000000
0  30.360931 108.779427 25.133404  0.237350 0.746413 0.621717  0.497092 0.648933 1 0 1.000000
skin_0dam
0  26.236031 109.765976 25.300259  0.172879 0.756126 0.631179  0.521945 0.649017 1 0 1.000000
0  30.360931 108.779427 25.133404  0.237350 0.746413 0.621717  0.497092 0.648933 1 0 1.000000
0  31.077724 110.227936 23.274950  0.238466 0.715512 0.656640  0.491988 0.637804 1 0 1.000000
skin_0dam
0  31.077724 110.227936 23.274950  0.238466 0.715512 0.656640  0.491988 0.637804 1 0 1.000000
0  26.585075 111.420952 23.400362  0.177079 0.726992 0.663420  0.519017 0.637553 1 0 1.000000
0  26.236031 109.765976 25.300259  0.172879 0.756126 0.631179  0.521945 0.649017 1 0 1.000000
skin_0dam
0  22.506142 110.243942 25.562643  0.108278 0.753287 0.648718  0.544539 0.649770 1 0 1.000000
0  26.236031 109.765976 25.300259  0.172879 0.756126 0.631179  0.521945 0.649017 1 0 1.000000
0  26.585075 111.420952 23.400362  0.177079 0.726992 0.663420  0.519017 0.637553 1 0 1.000000
skin_0dam
0  26.585075 111.420952 23.400362  0.177079 0.726992 0.663420  0.519017 0.637553 1 0 1.000000
0  22.345367 112.141472 23.543932  0.126020 0.713631 0.689093  0.544623 0.637469 1 0 1.000000
0  22.506142 110.243942 25.562643  0.108278 0.753287 0.648718  0.544539 0.649770 1 0 1.000000
skin_0dam
0  22.506142 110.243942 25.562643  0.108278 0.753287 0.648718  0.544539 0.649770 1 0 1.000000
0  22.345367 112.141472 23.543932  0.126020 0.713631 0.689093  0.544623 0.637469 1 0 1.000000
0  21.683432 111.288551 24.518856  0.066263 0.725683 0.684830  0.549058 0.643243 1 0 1.000000
skin_0dam
0  21.683432 111.288551 24.518856  0.066263 0.725683 0.684830  0.549058 0.643243 1 0 1.000000
0  22.345367 112.141472 23.543932  0.126020 0.713631 0.689093  0.544623 0.637469 1 0 1.000000
0  20.969353 111.647575 24.214798  0.106268 0.678325 0.727037  0.553242 0.641235 1 0 1.000000
skin_0dam
0  21.683432 111.288551 24.518856  0.066263 0.725683 0.684830  0.549058 0.643243 1 0 1.000000
0  20.969353 111.647575 24.214798  0.106268 0.678325 0.727037  0.553242 0.641235 1 0 1.000000
0  20.795309 111.585777 24.290123  -0.008100 0.437851 0.899011  0.554329 0.641653 1 0 1.000000
skin_0dam
0  19.803347 111.892548 24.244299  0.072125 0.425113 0.902262  0.560271 0.641151 1 0 1.000000
0  20.795309 111.585777 24.290123  -0.008100 0.437851 0.899011  0.554329 0.641653 1 0 1.000000
0  20.969353 111.647575 24.214798  0.106268 0.678325 0.727037  0.553242 0.641235 1 0 1.000000
skin_0dam
0  20.108440 109.520958 24.467119  -0.155624 0.135219 0.978518  0.559016 0.642574 1 0 1.000000
0  20.795309 111.585777 24.290123  -0.008100 0.437851 0.899011  0.554329 0.641653 1 0 1.000000
0  19.803347 111.892548 24.244299  0.072125 0.425113 0.902262  0.560271 0.641151 1 0 1.000000
skin_0dam
0  19.803347 111.892548 24.244299  0.072125 0.425113 0.902262  0.560271 0.641151 1 0 1.000000
0  19.263283 109.626640 24.457165  0.020751 0.090316 0.995697  0.564120 0.642323 1 0 1.000000
0  20.108440 109.520958 24.467119  -0.155624 0.135219 0.978518  0.559016 0.642574 1 0 1.000000
skin_0dam
0  20.060236 109.353828 24.482681  -0.166858 0.018139 0.985814  0.559350 0.642657 1 0 1.000000
0  20.108440 109.520958 24.467119  -0.155624 0.135219 0.978518  0.559016 0.642574 1 0 1.000000
0  19.263283 109.626640 24.457165  0.020751 0.090316 0.995697  0.564120 0.642323 1 0 1.000000
skin_0dam
0  19.263283 109.626640 24.457165  0.020751 0.090316 0.995697  0.564120 0.642323 1 0 1.000000
0  19.228817 109.460030 24.472218  0.008129 -0.022370 0.999717  0.564371 0.642406 1 0 1.000000
0  20.060236 109.353828 24.482681  -0.166858 0.018139 0.985814  0.559350 0.642657 1 0 1.000000
skin_0dam
0  17.402569 109.679955 24.512445  0.029359 -0.018682 0.999394  0.575417 0.642239 1 0 1.000000
0  19.228817 109.460030 24.472218  0.008129 -0.022370 0.999717  0.564371 0.642406 1 0 1.000000
0  19.263283 109.626640 24.457165  0.020751 0.090316 0.995697  0.564120 0.642323 1 0 1.000000
skin_0dam
0  19.263283 109.626640 24.457165  0.020751 0.090316 0.995697  0.564120 0.642323 1 0 1.000000
0  17.395279 109.858749 24.498943  0.038997 0.091731 0.995020  0.575417 0.642155 1 0 1.000000
0  17.402569 109.679955 24.512445  0.029359 -0.018682 0.999394  0.575417 0.642239 1 0 1.000000
skin_0dam
0  20.108440 109.520958 24.467119  -0.155624 0.135219 0.978518  0.559016 0.642574 1 0 1.000000
0  20.060236 109.353828 24.482681  -0.166858 0.018139 0.985814  0.559350 0.642657 1 0 1.000000
0  20.747585 109.269363 24.718866  -0.482660 0.131829 0.865829  0.555250 0.644247 1 0 1.000000
skin_0dam
0  20.747585 109.269363 24.718866  -0.482660 0.131829 0.865829  0.555250 0.644247 1 0 1.000000
0  20.824314 109.423798 24.716019  -0.459511 0.249485 0.852412  0.554748 0.644247 1 0 1.000000
0  20.108440 109.520958 24.467119  -0.155624 0.135219 0.978518  0.559016 0.642574 1 0 1.000000
skin_0dam
0  20.795309 111.585777 24.290123  -0.008100 0.437851 0.899011  0.554329 0.641653 1 0 1.000000
0  20.108440 109.520958 24.467119  -0.155624 0.135219 0.978518  0.559016 0.642574 1 0 1.000000
0  20.824314 109.423798 24.716019  -0.459511 0.249485 0.852412  0.554748 0.644247 1 0 1.000000
skin_0dam
0  20.824314 109.423798 24.716019  -0.459511 0.249485 0.852412  0.554748 0.644247 1 0 1.000000
0  21.608700 111.189148 24.631813  -0.153616 0.552691 0.819106  0.549560 0.643913 1 0 1.000000
0  20.795309 111.585777 24.290123  -0.008100 0.437851 0.899011  0.554329 0.641653 1 0 1.000000
skin_0dam
0  20.795309 111.585777 24.290123  -0.008100 0.437851 0.899011  0.554329 0.641653 1 0 1.000000
0  21.608700 111.189148 24.631813  -0.153616 0.552691 0.819106  0.549560 0.643913 1 0 1.000000
0  21.683432 111.288551 24.518856  0.066263 0.725683 0.684830  0.549058 0.643243 1 0 1.000000
skin_0dam
0  20.824314 109.423798 24.716019  -0.459511 0.249485 0.852412  0.554748 0.644247 1 0 1.000000
0  20.747585 109.269363 24.718866  -0.482660 0.131829 0.865829  0.555250 0.644247 1 0 1.000000
0  21.720617 109.153564 25.564249  -0.685771 0.247544 0.684426  0.549560 0.649603 1 0 1.000000
skin_0dam
0  22.506142 110.243942 25.562643  0.108278 0.753287 0.648718  0.544539 0.649770 1 0 1.000000
0  21.683432 111.288551 24.518856  0.066263 0.725683 0.684830  0.549058 0.643243 1 0 1.000000
0  21.608700 111.189148 24.631813  -0.153616 0.552691 0.819106  0.549560 0.643913 1 0 1.000000
skin_0dam
0  21.608700 111.189148 24.631813  -0.153616 0.552691 0.819106  0.549560 0.643913 1 0 1.000000
0  22.387079 110.184227 25.635927  -0.290929 0.622862 0.726225  0.545292 0.650189 1 0 1.000000
0  22.506142 110.243942 25.562643  0.108278 0.753287 0.648718  0.544539 0.649770 1 0 1.000000
skin_0dam
0  22.387079 110.184227 25.635927  -0.290929 0.622862 0.726225  0.545292 0.650189 1 0 1.000000
0  21.608700 111.189148 24.631813  -0.153616 0.552691 0.819106  0.549560 0.643913 1 0 1.000000
0  20.824314 109.423798 24.716019  -0.459511 0.249485 0.852412  0.554748 0.644247 1 0 1.000000
skin_0dam
0  20.824314 109.423798 24.716019  -0.459511 0.249485 0.852412  0.554748 0.644247 1 0 1.000000
0  21.825869 109.295288 25.574116  -0.650287 0.366682 0.665335  0.548890 0.649686 1 0 1.000000
0  22.387079 110.184227 25.635927  -0.290929 0.622862 0.726225  0.545292 0.650189 1 0 1.000000
skin_0dam
0  21.720617 109.153564 25.564249  -0.685771 0.247544 0.684426  0.549560 0.649603 1 0 1.000000
0  21.825869 109.295288 25.574116  -0.650287 0.366682 0.665335  0.548890 0.649686 1 0 1.000000
0  20.824314 109.423798 24.716019  -0.459511 0.249485 0.852412  0.554748 0.644247 1 0 1.000000
skin_0dam
0  22.862137 109.112282 26.940535  -0.324631 0.670276 0.667342  0.542949 0.658222 1 0 1.000000
0  21.825869 109.295288 25.574116  -0.650287 0.366682 0.665335  0.548890 0.649686 1 0 1.000000
0  21.720617 109.153564 25.564249  -0.685771 0.247544 0.684426  0.549560 0.649603 1 0 1.000000
skin_0dam
0  21.720617 109.153564 25.564249  -0.685771 0.247544 0.684426  0.549560 0.649603 1 0 1.000000
0  22.928459 108.976837 27.103355  -0.366072 0.567464 0.737547  0.542614 0.659226 1 0 1.000000
0  22.862137 109.112282 26.940535  -0.324631 0.670276 0.667342  0.542949 0.658222 1 0 1.000000
skin_0dam
0  23.004744 109.048737 27.004112  0.131846 0.787743 0.601729  0.542112 0.658640 1 0 1.000000
0  22.862137 109.112282 26.940535  -0.324631 0.670276 0.667342  0.542949 0.658222 1 0 1.000000
0  22.928459 108.976837 27.103355  -0.366072 0.567464 0.737547  0.542614 0.659226 1 0 1.000000
skin_0dam
0  22.928459 108.976837 27.103355  -0.366072 0.567464 0.737547  0.542614 0.659226 1 0 1.000000
0  23.041512 108.939751 27.140478  0.096251 0.669710 0.736358  0.541945 0.659477 1 0 1.000000
0  23.004744 109.048737 27.004112  0.131846 0.787743 0.601729  0.542112 0.658640 1 0 1.000000
skin_0dam
0  26.123291 108.533508 26.943470  0.173263 0.782469 0.598099  0.523284 0.658975 1 0 1.000000
0  23.004744 109.048737 27.004112  0.131846 0.787743 0.601729  0.542112 0.658640 1 0 1.000000
0  23.041512 108.939751 27.140478  0.096251 0.669710 0.736358  0.541945 0.659477 1 0 1.000000
skin_0dam
0  23.004744 109.048737 27.004112  0.131846 0.787743 0.601729  0.542112 0.658640 1 0 1.000000
0  26.123291 108.533508 26.943470  0.173263 0.782469 0.598099  0.523284 0.658975 1 0 1.000000
0  26.236031 109.765976 25.300259  0.172879 0.756126 0.631179  0.521945 0.649017 1 0 1.000000
skin_0dam
0  26.236031 109.765976 25.300259  0.172879 0.756126 0.631179  0.521945 0.649017 1 0 1.000000
0  26.123291 108.533508 26.943470  0.173263 0.782469 0.598099  0.523284 0.658975 1 0 1.000000
0  30.052639 107.622192 26.783871  0.239965 0.770182 0.590963  0.499603 0.658891 1 0 1.000000
skin_0dam
0  30.052639 107.622192 26.783871  0.239965 0.770182 0.590963  0.499603 0.658891 1 0 1.000000
0  30.360931 108.779427 25.133404  0.237350 0.746413 0.621717  0.497092 0.648933 1 0 1.000000
0  26.236031 109.765976 25.300259  0.172879 0.756126 0.631179  0.521945 0.649017 1 0 1.000000
skin_0dam
0  30.360931 108.779427 25.133404  0.237350 0.746413 0.621717  0.497092 0.648933 1 0 1.000000
0  30.052639 107.622192 26.783871  0.239965 0.770182 0.590963  0.499603 0.658891 1 0 1.000000
0  32.980194 106.645264 26.675220  0.300362 0.758980 0.577695  0.482030 0.658891 1 0 1.000000
skin_0dam
0  32.980194 106.645264 26.675220  0.300362 0.758980 0.577695  0.482030 0.658891 1 0 1.000000
0  33.387310 107.737381 25.021090  0.307547 0.726798 0.614149  0.478934 0.648933 1 0 1.000000
0  30.360931 108.779427 25.133404  0.237350 0.746413 0.621717  0.497092 0.648933 1 0 1.000000
skin_0dam
0  33.387310 107.737381 25.021090  0.307547 0.726798 0.614149  0.478934 0.648933 1 0 1.000000
0  32.980194 106.645264 26.675220  0.300362 0.758980 0.577695  0.482030 0.658891 1 0 1.000000
0  34.699455 105.953003 26.611416  0.362716 0.752770 0.549340  0.471737 0.658891 1 0 1.000000
skin_0dam
0  34.699455 105.953003 26.611416  0.362716 0.752770 0.549340  0.471737 0.658891 1 0 1.000000
0  35.096985 106.948334 24.971411  0.357931 0.712088 0.604000  0.468725 0.649017 1 0 1.000000
0  33.387310 107.737381 25.021090  0.307547 0.726798 0.614149  0.478934 0.648933 1 0 1.000000
skin_0dam
0  36.475204 106.229271 24.975355  0.411183 0.699251 0.584788  0.460524 0.649352 1 0 1.000000
0  35.096985 106.948334 24.971411  0.357931 0.712088 0.604000  0.468725 0.649017 1 0 1.000000
0  34.699455 105.953003 26.611416  0.362716 0.752770 0.549340  0.471737 0.658891 1 0 1.000000
skin_0dam
0  26.236031 109.765976 25.300259  0.172879 0.756126 0.631179  0.521945 0.649017 1 0 1.000000
0  22.506142 110.243942 25.562643  0.108278 0.753287 0.648718  0.544539 0.649770 1 0 1.000000
0  23.004744 109.048737 27.004112  0.131846 0.787743 0.601729  0.542112 0.658640 1 0 1.000000
skin_0dam
0  23.004744 109.048737 27.004112  0.131846 0.787743 0.601729  0.542112 0.658640 1 0 1.000000
0  22.506142 110.243942 25.562643  0.108278 0.753287 0.648718  0.544539 0.649770 1 0 1.000000
0  22.387079 110.184227 25.635927  -0.290929 0.622862 0.726225  0.545292 0.650189 1 0 1.000000
skin_0dam
0  22.387079 110.184227 25.635927  -0.290929 0.622862 0.726225  0.545292 0.650189 1 0 1.000000
0  22.862137 109.112282 26.940535  -0.324631 0.670276 0.667342  0.542949 0.658222 1 0 1.000000
0  23.004744 109.048737 27.004112  0.131846 0.787743 0.601729  0.542112 0.658640 1 0 1.000000
skin_0dam
0  21.825869 109.295288 25.574116  -0.650287 0.366682 0.665335  0.548890 0.649686 1 0 1.000000
0  22.862137 109.112282 26.940535  -0.324631 0.670276 0.667342  0.542949 0.658222 1 0 1.000000
0  22.387079 110.184227 25.635927  -0.290929 0.622862 0.726225  0.545292 0.650189 1 0 1.000000
skin_0dam
0  23.041512 108.939751 27.140478  0.096251 0.669710 0.736358  0.541945 0.659477 1 0 1.000000
0  26.104046 108.436195 27.068144  0.154561 0.669370 0.726674  0.523452 0.659728 1 0 1.000000
0  26.123291 108.533508 26.943470  0.173263 0.782469 0.598099  0.523284 0.658975 1 0 1.000000
skin_0dam
0  26.123291 108.533508 26.943470  0.173263 0.782469 0.598099  0.523284 0.658975 1 0 1.000000
0  26.104046 108.436195 27.068144  0.154561 0.669370 0.726674  0.523452 0.659728 1 0 1.000000
0  30.020161 107.524353 26.922810  0.212773 0.661888 0.718771  0.499854 0.659728 1 0 1.000000
skin_0dam
0  30.020161 107.524353 26.922810  0.212773 0.661888 0.718771  0.499854 0.659728 1 0 1.000000
0  30.052639 107.622192 26.783871  0.239965 0.770182 0.590963  0.499603 0.658891 1 0 1.000000
0  26.123291 108.533508 26.943470  0.173263 0.782469 0.598099  0.523284 0.658975 1 0 1.000000
skin_0dam
0  30.052639 107.622192 26.783871  0.239965 0.770182 0.590963  0.499603 0.658891 1 0 1.000000
0  30.020161 107.524353 26.922810  0.212773 0.661888 0.718771  0.499854 0.659728 1 0 1.000000
0  32.947716 106.547424 26.814161  0.263781 0.654057 0.708963  0.482281 0.659728 1 0 1.000000
skin_0dam
0  32.947716 106.547424 26.814161  0.263781 0.654057 0.708963  0.482281 0.659728 1 0 1.000000
0  32.980194 106.645264 26.675220  0.300362 0.758980 0.577695  0.482030 0.658891 1 0 1.000000
0  30.052639 107.622192 26.783871  0.239965 0.770182 0.590963  0.499603 0.658891 1 0 1.000000
skin_0dam
0  32.980194 106.645264 26.675220  0.300362 0.758980 0.577695  0.482030 0.658891 1 0 1.000000
0  32.947716 106.547424 26.814161  0.263781 0.654057 0.708963  0.482281 0.659728 1 0 1.000000
0  34.666454 105.868919 26.750376  0.318701 0.657418 0.682811  0.471988 0.659728 1 0 1.000000
skin_0dam
0  34.666454 105.868919 26.750376  0.318701 0.657418 0.682811  0.471988 0.659728 1 0 1.000000
0  34.699455 105.953003 26.611416  0.362716 0.752770 0.549340  0.471737 0.658891 1 0 1.000000
0  32.980194 106.645264 26.675220  0.300362 0.758980 0.577695  0.482030 0.658891 1 0 1.000000
skin_0dam
0  34.699455 105.953003 26.611416  0.362716 0.752770 0.549340  0.471737 0.658891 1 0 1.000000
0  34.666454 105.868919 26.750376  0.318701 0.657418 0.682811  0.471988 0.659728 1 0 1.000000
0  35.970779 105.229767 26.701969  0.389158 0.620492 0.680842  0.464206 0.659728 1 0 1.000000
skin_0dam
0  35.970779 105.229767 26.701969  0.389158 0.620492 0.680842  0.464206 0.659728 1 0 1.000000
0  36.003784 105.313858 26.563011  0.438695 0.714034 0.545621  0.463955 0.658891 1 0 1.000000
0  34.699455 105.953003 26.611416  0.362716 0.752770 0.549340  0.471737 0.658891 1 0 1.000000
skin_0dam
0  37.134121 104.544136 26.521061  0.481203 0.684046 0.548201  0.457261 0.658891 1 0 1.000000
0  36.003784 105.313858 26.563011  0.438695 0.714034 0.545621  0.463955 0.658891 1 0 1.000000
0  35.970779 105.229767 26.701969  0.389158 0.620492 0.680842  0.464206 0.659728 1 0 1.000000
skin_0dam
0  36.003784 105.313858 26.563011  0.438695 0.714034 0.545621  0.463955 0.658891 1 0 1.000000
0  37.134121 104.544136 26.521061  0.481203 0.684046 0.548201  0.457261 0.658891 1 0 1.000000
0  36.475204 106.229271 24.975355  0.411183 0.699251 0.584788  0.460524 0.649352 1 0 1.000000
skin_0dam
0  36.653919 106.181030 24.913630  0.753462 0.598657 0.271855  0.459436 0.649017 1 0 1.000000
0  36.475204 106.229271 24.975355  0.411183 0.699251 0.584788  0.460524 0.649352 1 0 1.000000
0  37.134121 104.544136 26.521061  0.481203 0.684046 0.548201  0.457261 0.658891 1 0 1.000000
skin_0dam
0  36.694736 106.072571 24.788158  0.910787 0.412581 -0.015658  0.459185 0.648264 1 0 1.000000
0  35.553543 107.987000 23.480726  0.738415 0.673225 0.038875  0.465378 0.640063 1 0 1.000000
0  35.576500 107.960014 23.700247  0.633704 0.699896 0.329491  0.465294 0.641402 1 0 1.000000
skin_0dam
0  35.576500 107.960014 23.700247  0.633704 0.699896 0.329491  0.465294 0.641402 1 0 1.000000
0  36.653919 106.181030 24.913630  0.753462 0.598657 0.271855  0.459436 0.649017 1 0 1.000000
0  36.694736 106.072571 24.788158  0.910787 0.412581 -0.015658  0.459185 0.648264 1 0 1.000000
skin_0dam
0  36.694736 106.072571 24.788158  0.910787 0.412581 -0.015658  0.459185 0.648264 1 0 1.000000
0  36.653919 106.181030 24.913630  0.753462 0.598657 0.271855  0.459436 0.649017 1 0 1.000000
0  37.287941 104.453598 26.487808  0.781117 0.553520 0.288914  0.456340 0.658724 1 0 1.000000
skin_0dam
0  37.134121 104.544136 26.521061  0.481203 0.684046 0.548201  0.457261 0.658891 1 0 1.000000
0  37.287941 104.453598 26.487808  0.781117 0.553520 0.288914  0.456340 0.658724 1 0 1.000000
0  36.653919 106.181030 24.913630  0.753462 0.598657 0.271855  0.459436 0.649017 1 0 1.000000
skin_0dam
0  37.287941 104.453598 26.487808  0.781117 0.553520 0.288914  0.456340 0.658724 1 0 1.000000
0  37.134121 104.544136 26.521061  0.481203 0.684046 0.548201  0.457261 0.658891 1 0 1.000000
0  37.186195 104.394409 26.656864  0.429247 0.586495 0.686856  0.457010 0.659728 1 0 1.000000
skin_0dam
0  35.970779 105.229767 26.701969  0.389158 0.620492 0.680842  0.464206 0.659728 1 0 1.000000
0  37.186195 104.394409 26.656864  0.429247 0.586495 0.686856  0.457010 0.659728 1 0 1.000000
0  37.134121 104.544136 26.521061  0.481203 0.684046 0.548201  0.457261 0.658891 1 0 1.000000
skin_0dam
0  37.186195 104.394409 26.656864  0.429247 0.586495 0.686856  0.457010 0.659728 1 0 1.000000
0  35.970779 105.229767 26.701969  0.389158 0.620492 0.680842  0.464206 0.659728 1 0 1.000000
0  35.897617 105.089104 26.814873  0.324056 0.500937 0.802527  0.464708 0.660397 1 0 1.000000
skin_0dam
0  34.607037 105.728775 26.862768  0.266486 0.533924 0.802440  0.472407 0.660397 1 0 1.000000
0  35.897617 105.089104 26.814873  0.324056 0.500937 0.802527  0.464708 0.660397 1 0 1.000000
0  35.970779 105.229767 26.701969  0.389158 0.620492 0.680842  0.464206 0.659728 1 0 1.000000
skin_0dam
0  35.970779 105.229767 26.701969  0.389158 0.620492 0.680842  0.464206 0.659728 1 0 1.000000
0  34.666454 105.868919 26.750376  0.318701 0.657418 0.682811  0.471988 0.659728 1 0 1.000000
0  34.607037 105.728775 26.862768  0.266486 0.533924 0.802440  0.472407 0.660397 1 0 1.000000
skin_0dam
0  32.902039 106.407799 26.926044  0.220571 0.526163 0.821280  0.482616 0.660397 1 0 1.000000
0  34.607037 105.728775 26.862768  0.266486 0.533924 0.802440  0.472407 0.660397 1 0 1.000000
0  34.666454 105.868919 26.750376  0.318701 0.657418 0.682811  0.471988 0.659728 1 0 1.000000
skin_0dam
0  34.666454 105.868919 26.750376  0.318701 0.657418 0.682811  0.471988 0.659728 1 0 1.000000
0  32.947716 106.547424 26.814161  0.263781 0.654057 0.708963  0.482281 0.659728 1 0 1.000000
0  32.902039 106.407799 26.926044  0.220571 0.526163 0.821280  0.482616 0.660397 1 0 1.000000
skin_0dam
0  29.988243 107.371498 27.020409  0.178864 0.527934 0.830237  0.500105 0.660314 1 0 1.000000
0  32.902039 106.407799 26.926044  0.220571 0.526163 0.821280  0.482616 0.660397 1 0 1.000000
0  32.947716 106.547424 26.814161  0.263781 0.654057 0.708963  0.482281 0.659728 1 0 1.000000
skin_0dam
0  32.947716 106.547424 26.814161  0.263781 0.654057 0.708963  0.482281 0.659728 1 0 1.000000
0  30.020161 107.524353 26.922810  0.212773 0.661888 0.718771  0.499854 0.659728 1 0 1.000000
0  29.988243 107.371498 27.020409  0.178864 0.527934 0.830237  0.500105 0.660314 1 0 1.000000
skin_0dam
0  26.086899 108.270103 27.178968  0.131233 0.533347 0.835655  0.523619 0.660397 1 0 1.000000
0  29.988243 107.371498 27.020409  0.178864 0.527934 0.830237  0.500105 0.660314 1 0 1.000000
0  30.020161 107.524353 26.922810  0.212773 0.661888 0.718771  0.499854 0.659728 1 0 1.000000
skin_0dam
0  30.020161 107.524353 26.922810  0.212773 0.661888 0.718771  0.499854 0.659728 1 0 1.000000
0  26.104046 108.436195 27.068144  0.154561 0.669370 0.726674  0.523452 0.659728 1 0 1.000000
0  26.086899 108.270103 27.178968  0.131233 0.533347 0.835655  0.523619 0.660397 1 0 1.000000
skin_0dam
0  23.079357 108.761993 27.235487  0.116823 0.534003 0.837373  0.541777 0.660063 1 0 1.000000
0  26.086899 108.270103 27.178968  0.131233 0.533347 0.835655  0.523619 0.660397 1 0 1.000000
0  26.104046 108.436195 27.068144  0.154561 0.669370 0.726674  0.523452 0.659728 1 0 1.000000
skin_0dam
0  26.104046 108.436195 27.068144  0.154561 0.669370 0.726674  0.523452 0.659728 1 0 1.000000
0  23.041512 108.939751 27.140478  0.096251 0.669710 0.736358  0.541945 0.659477 1 0 1.000000
0  23.079357 108.761993 27.235487  0.116823 0.534003 0.837373  0.541777 0.660063 1 0 1.000000
skin_0dam
0  22.982613 108.785858 27.252851  -0.193144 0.488345 0.851008  0.542363 0.660146 1 0 1.000000
0  23.079357 108.761993 27.235487  0.116823 0.534003 0.837373  0.541777 0.660063 1 0 1.000000
0  23.041512 108.939751 27.140478  0.096251 0.669710 0.736358  0.541945 0.659477 1 0 1.000000
skin_0dam
0  37.018787 103.170135 11.236952  0.950022 0.253819 -0.181750  0.454834 0.566006 1 0 1.000000
0  36.585941 105.067307 11.914135  0.928128 0.333790 -0.164809  0.457177 0.570023 1 0 1.000000
0  37.044270 103.184410 11.566567  0.951805 0.252032 -0.174776  0.454750 0.568015 1 0 1.000000
skin_0dam
0  37.044270 103.184410 11.566567  0.951805 0.252032 -0.174776  0.454750 0.568015 1 0 1.000000
0  36.585941 105.067307 11.914135  0.928128 0.333790 -0.164809  0.457177 0.570023 1 0 1.000000
0  37.077892 103.171700 11.716826  0.945767 0.270808 -0.179408  0.454583 0.568935 1 0 1.000000
skin_0dam
0  37.077892 103.171700 11.716826  0.945767 0.270808 -0.179408  0.454583 0.568935 1 0 1.000000
0  36.585941 105.067307 11.914135  0.928128 0.333790 -0.164809  0.457177 0.570023 1 0 1.000000
0  37.134449 104.914261 17.995363  0.931077 0.361985 -0.045423  0.455252 0.607093 1 0 1.000000
skin_0dam
0  37.134449 104.914261 17.995363  0.931077 0.361985 -0.045423  0.455252 0.607093 1 0 1.000000
0  37.951069 102.576782 17.551857  0.945652 0.319494 -0.060551  0.450734 0.604583 1 0 1.000000
0  37.077892 103.171700 11.716826  0.945767 0.270808 -0.179408  0.454583 0.568935 1 0 1.000000
skin_0dam
0  37.951069 102.576782 17.551857  0.945652 0.319494 -0.060551  0.450734 0.604583 1 0 1.000000
0  37.134449 104.914261 17.995363  0.931077 0.361985 -0.045423  0.455252 0.607093 1 0 1.000000
0  37.442654 104.283157 24.540028  0.933421 0.358477 0.014821  0.455001 0.646925 1 0 1.000000
skin_0dam
0  37.442654 104.283157 24.540028  0.933421 0.358477 0.014821  0.455001 0.646925 1 0 1.000000
0  38.376610 101.661018 23.995750  0.948196 0.317563 0.008840  0.449813 0.643829 1 0 1.000000
0  37.951069 102.576782 17.551857  0.945652 0.319494 -0.060551  0.450734 0.604583 1 0 1.000000
skin_0dam
0  38.376610 101.661018 23.995750  0.948196 0.317563 0.008840  0.449813 0.643829 1 0 1.000000
0  37.442654 104.283157 24.540028  0.933421 0.358477 0.014821  0.455001 0.646925 1 0 1.000000
0  37.469070 104.005981 26.453539  0.935529 0.350922 0.040487  0.455336 0.658557 1 0 1.000000
skin_0dam
0  37.469070 104.005981 26.453539  0.935529 0.350922 0.040487  0.455336 0.658557 1 0 1.000000
0  37.442654 104.283157 24.540028  0.933421 0.358477 0.014821  0.455001 0.646925 1 0 1.000000
0  36.694736 106.072571 24.788158  0.910787 0.412581 -0.015658  0.459185 0.648264 1 0 1.000000
skin_0dam
0  36.694736 106.072571 24.788158  0.910787 0.412581 -0.015658  0.459185 0.648264 1 0 1.000000
0  37.347126 104.304398 26.444292  0.936021 0.351869 0.007208  0.456006 0.658473 1 0 1.000000
0  37.469070 104.005981 26.453539  0.935529 0.350922 0.040487  0.455336 0.658557 1 0 1.000000
skin_0dam
0  37.287941 104.453598 26.487808  0.781117 0.553520 0.288914  0.456340 0.658724 1 0 1.000000
0  37.347126 104.304398 26.444292  0.936021 0.351869 0.007208  0.456006 0.658473 1 0 1.000000
0  36.694736 106.072571 24.788158  0.910787 0.412581 -0.015658  0.459185 0.648264 1 0 1.000000
skin_0dam
0  37.347126 104.304398 26.444292  0.936021 0.351869 0.007208  0.456006 0.658473 1 0 1.000000
0  37.287941 104.453598 26.487808  0.781117 0.553520 0.288914  0.456340 0.658724 1 0 1.000000
0  37.354794 104.290642 26.636833  0.760124 0.488021 0.429007  0.456006 0.659644 1 0 1.000000
skin_0dam
0  37.186195 104.394409 26.656864  0.429247 0.586495 0.686856  0.457010 0.659728 1 0 1.000000
0  37.354794 104.290642 26.636833  0.760124 0.488021 0.429007  0.456006 0.659644 1 0 1.000000
0  37.287941 104.453598 26.487808  0.781117 0.553520 0.288914  0.456340 0.658724 1 0 1.000000
skin_0dam
0  37.354794 104.290642 26.636833  0.760124 0.488021 0.429007  0.456006 0.659644 1 0 1.000000
0  37.186195 104.394409 26.656864  0.429247 0.586495 0.686856  0.457010 0.659728 1 0 1.000000
0  37.211849 104.188629 26.766098  0.359176 0.497290 0.789744  0.456926 0.660397 1 0 1.000000
skin_0dam
0  35.897617 105.089104 26.814873  0.324056 0.500937 0.802527  0.464708 0.660397 1 0 1.000000
0  37.211849 104.188629 26.766098  0.359176 0.497290 0.789744  0.456926 0.660397 1 0 1.000000
0  37.186195 104.394409 26.656864  0.429247 0.586495 0.686856  0.457010 0.659728 1 0 1.000000
skin_0dam
0  37.469070 104.005981 26.453539  0.935529 0.350922 0.040487  0.455336 0.658557 1 0 1.000000
0  38.382275 101.299744 26.378325  0.946944 0.317462 0.050139  0.450399 0.658305 1 0 1.000000
0  38.376610 101.661018 23.995750  0.948196 0.317563 0.008840  0.449813 0.643829 1 0 1.000000
skin_0dam
0  38.382275 101.299744 26.378325  0.946944 0.317462 0.050139  0.450399 0.658305 1 0 1.000000
0  37.469070 104.005981 26.453539  0.935529 0.350922 0.040487  0.455336 0.658557 1 0 1.000000
0  37.476238 103.978477 26.618549  0.912323 0.337931 0.231236  0.455336 0.659561 1 0 1.000000
skin_0dam
0  37.476238 103.978477 26.618549  0.912323 0.337931 0.231236  0.455336 0.659561 1 0 1.000000
0  37.469070 104.005981 26.453539  0.935529 0.350922 0.040487  0.455336 0.658557 1 0 1.000000
0  37.347126 104.304398 26.444292  0.936021 0.351869 0.007208  0.456006 0.658473 1 0 1.000000
skin_0dam
0  37.347126 104.304398 26.444292  0.936021 0.351869 0.007208  0.456006 0.658473 1 0 1.000000
0  37.401775 104.127167 26.621313  0.922652 0.333877 0.192975  0.455755 0.659561 1 0 1.000000
0  37.476238 103.978477 26.618549  0.912323 0.337931 0.231236  0.455336 0.659561 1 0 1.000000
skin_0dam
0  37.354794 104.290642 26.636833  0.760124 0.488021 0.429007  0.456006 0.659644 1 0 1.000000
0  37.401775 104.127167 26.621313  0.922652 0.333877 0.192975  0.455755 0.659561 1 0 1.000000
0  37.347126 104.304398 26.444292  0.936021 0.351869 0.007208  0.456006 0.658473 1 0 1.000000
skin_0dam
0  37.401775 104.127167 26.621313  0.922652 0.333877 0.192975  0.455755 0.659561 1 0 1.000000
0  37.354794 104.290642 26.636833  0.760124 0.488021 0.429007  0.456006 0.659644 1 0 1.000000
0  37.367725 104.084343 26.774086  0.781506 0.372874 0.500213  0.456006 0.660481 1 0 1.000000
skin_0dam
0  37.211849 104.188629 26.766098  0.359176 0.497290 0.789744  0.456926 0.660397 1 0 1.000000
0  37.367725 104.084343 26.774086  0.781506 0.372874 0.500213  0.456006 0.660481 1 0 1.000000
0  37.354794 104.290642 26.636833  0.760124 0.488021 0.429007  0.456006 0.659644 1 0 1.000000
skin_0dam
0  37.367725 104.084343 26.774086  0.781506 0.372874 0.500213  0.456006 0.660481 1 0 1.000000
0  37.415203 103.934601 26.786098  0.866743 0.299148 0.399082  0.455755 0.660565 1 0 1.000000
0  37.401775 104.127167 26.621313  0.922652 0.333877 0.192975  0.455755 0.659561 1 0 1.000000
skin_0dam
0  37.476238 103.978477 26.618549  0.912323 0.337931 0.231236  0.455336 0.659561 1 0 1.000000
0  37.401775 104.127167 26.621313  0.922652 0.333877 0.192975  0.455755 0.659561 1 0 1.000000
0  37.415203 103.934601 26.786098  0.866743 0.299148 0.399082  0.455755 0.660565 1 0 1.000000
skin_0dam
0  38.377228 101.271713 26.585112  0.957233 0.166967 0.236278  0.450483 0.659561 1 0 1.000000
0  37.476238 103.978477 26.618549  0.912323 0.337931 0.231236  0.455336 0.659561 1 0 1.000000
0  37.415203 103.934601 26.786098  0.866743 0.299148 0.399082  0.455755 0.660565 1 0 1.000000
skin_0dam
0  37.476238 103.978477 26.618549  0.912323 0.337931 0.231236  0.455336 0.659561 1 0 1.000000
0  38.377228 101.271713 26.585112  0.957233 0.166967 0.236278  0.450483 0.659561 1 0 1.000000
0  38.382275 101.299744 26.378325  0.946944 0.317462 0.050139  0.450399 0.658305 1 0 1.000000
skin_0dam
0  37.415203 103.934601 26.786098  0.866743 0.299148 0.399082  0.455755 0.660565 1 0 1.000000
0  38.317219 101.227844 26.780169  0.923257 0.167333 0.345826  0.450901 0.660732 1 0 1.000000
0  38.377228 101.271713 26.585112  0.957233 0.166967 0.236278  0.450483 0.659561 1 0 1.000000
skin_0dam
0  38.848450 100.162689 24.777090  0.970449 0.200419 0.134388  0.447470 0.648682 1 0 1.000000
0  38.377228 101.271713 26.585112  0.957233 0.166967 0.236278  0.450483 0.659561 1 0 1.000000
0  38.317219 101.227844 26.780169  0.923257 0.167333 0.345826  0.450901 0.660732 1 0 1.000000
skin_0dam
0  38.317219 101.227844 26.780169  0.923257 0.167333 0.345826  0.450901 0.660732 1 0 1.000000
0  38.830807 99.982849 24.860384  0.944030 0.065607 0.323270  0.447638 0.649184 1 0 1.000000
0  38.848450 100.162689 24.777090  0.970449 0.200419 0.134388  0.447470 0.648682 1 0 1.000000
skin_0dam
0  36.694736 106.072571 24.788158  0.910787 0.412581 -0.015658  0.459185 0.648264 1 0 1.000000
0  37.442654 104.283157 24.540028  0.933421 0.358477 0.014821  0.455001 0.646925 1 0 1.000000
0  37.134449 104.914261 17.995363  0.931077 0.361985 -0.045423  0.455252 0.607093 1 0 1.000000
skin_0dam
0  37.134449 104.914261 17.995363  0.931077 0.361985 -0.045423  0.455252 0.607093 1 0 1.000000
0  36.209007 107.069298 17.919521  0.886581 0.461672 -0.028871  0.460357 0.606424 1 0 1.000000
0  36.694736 106.072571 24.788158  0.910787 0.412581 -0.015658  0.459185 0.648264 1 0 1.000000
skin_0dam
0  36.209007 107.069298 17.919521  0.886581 0.461672 -0.028871  0.460357 0.606424 1 0 1.000000
0  37.134449 104.914261 17.995363  0.931077 0.361985 -0.045423  0.455252 0.607093 1 0 1.000000
0  36.585941 105.067307 11.914135  0.928128 0.333790 -0.164809  0.457177 0.570023 1 0 1.000000
skin_0dam
0  36.585941 105.067307 11.914135  0.928128 0.333790 -0.164809  0.457177 0.570023 1 0 1.000000
0  35.702721 107.305916 12.318796  0.880977 0.451889 -0.140274  0.462114 0.572283 1 0 1.000000
0  36.209007 107.069298 17.919521  0.886581 0.461672 -0.028871  0.460357 0.606424 1 0 1.000000
skin_0dam
0  35.702721 107.305916 12.318796  0.880977 0.451889 -0.140274  0.462114 0.572283 1 0 1.000000
0  36.585941 105.067307 11.914135  0.928128 0.333790 -0.164809  0.457177 0.570023 1 0 1.000000
0  35.868641 104.754990 8.979492  0.886649 0.319640 -0.334191  0.460943 0.552032 1 0 1.000000
skin_0dam
0  35.868641 104.754990 8.979492  0.886649 0.319640 -0.334191  0.460943 0.552032 1 0 1.000000
0  35.181435 106.987152 9.459517  0.844434 0.433389 -0.314811  0.464708 0.554793 1 0 1.000000
0  35.702721 107.305916 12.318796  0.880977 0.451889 -0.140274  0.462114 0.572283 1 0 1.000000
skin_0dam
0  35.181435 106.987152 9.459517  0.844434 0.433389 -0.314811  0.464708 0.554793 1 0 1.000000
0  35.868641 104.754990 8.979492  0.886649 0.319640 -0.334191  0.460943 0.552032 1 0 1.000000
0  34.950100 104.131210 6.617022  0.802543 0.303358 -0.513711  0.466131 0.537472 1 0 1.000000
skin_0dam
0  34.950100 104.131210 6.617022  0.802543 0.303358 -0.513711  0.466131 0.537472 1 0 1.000000
0  34.262466 106.253326 6.973103  0.743593 0.415463 -0.523889  0.469896 0.539480 1 0 1.000000
0  35.181435 106.987152 9.459517  0.844434 0.433389 -0.314811  0.464708 0.554793 1 0 1.000000
skin_0dam
0  34.262466 106.253326 6.973103  0.743593 0.415463 -0.523889  0.469896 0.539480 1 0 1.000000
0  34.950100 104.131210 6.617022  0.802543 0.303358 -0.513711  0.466131 0.537472 1 0 1.000000
0  34.253532 103.624237 5.527233  0.675228 0.296306 -0.675478  0.470231 0.530694 1 0 1.000000
skin_0dam
0  34.253532 103.624237 5.527233  0.675228 0.296306 -0.675478  0.470231 0.530694 1 0 1.000000
0  33.509865 105.785538 5.899166  0.619327 0.387047 -0.683102  0.474331 0.532786 1 0 1.000000
0  34.262466 106.253326 6.973103  0.743593 0.415463 -0.523889  0.469896 0.539480 1 0 1.000000
skin_0dam
0  33.065277 108.342392 7.306772  0.636523 0.580958 -0.507273  0.476758 0.541237 1 0 1.000000
0  34.262466 106.253326 6.973103  0.743593 0.415463 -0.523889  0.469896 0.539480 1 0 1.000000
0  33.509865 105.785538 5.899166  0.619327 0.387047 -0.683102  0.474331 0.532786 1 0 1.000000
skin_0dam
0  33.509865 105.785538 5.899166  0.619327 0.387047 -0.683102  0.474331 0.532786 1 0 1.000000
0  32.353935 107.848648 6.203758  0.512074 0.520057 -0.683609  0.480942 0.534376 1 0 1.000000
0  33.065277 108.342392 7.306772  0.636523 0.580958 -0.507273  0.476758 0.541237 1 0 1.000000
skin_0dam
0  31.813438 109.493034 7.435871  0.451261 0.743108 -0.494119  0.484122 0.541739 1 0 1.000000
0  33.065277 108.342392 7.306772  0.636523 0.580958 -0.507273  0.476758 0.541237 1 0 1.000000
0  32.353935 107.848648 6.203758  0.512074 0.520057 -0.683609  0.480942 0.534376 1 0 1.000000
skin_0dam
0  32.353935 107.848648 6.203758  0.512074 0.520057 -0.683609  0.480942 0.534376 1 0 1.000000
0  31.035961 108.955437 6.362860  0.350167 0.648034 -0.676339  0.488724 0.535045 1 0 1.000000
0  31.813438 109.493034 7.435871  0.451261 0.743108 -0.494119  0.484122 0.541739 1 0 1.000000
skin_0dam
0  29.630169 110.456894 7.530670  0.287643 0.840099 -0.459886  0.497176 0.541823 1 0 1.000000
0  31.813438 109.493034 7.435871  0.451261 0.743108 -0.494119  0.484122 0.541739 1 0 1.000000
0  31.035961 108.955437 6.362860  0.350167 0.648034 -0.676339  0.488724 0.535045 1 0 1.000000
skin_0dam
0  31.035961 108.955437 6.362860  0.350167 0.648034 -0.676339  0.488724 0.535045 1 0 1.000000
0  29.227905 109.892128 6.512600  0.239385 0.726480 -0.644144  0.499519 0.535547 1 0 1.000000
0  29.630169 110.456894 7.530670  0.287643 0.840099 -0.459886  0.497176 0.541823 1 0 1.000000
skin_0dam
0  25.596275 111.570877 7.680378  0.206410 0.894507 -0.396551  0.521443 0.541823 1 0 1.000000
0  29.630169 110.456894 7.530670  0.287643 0.840099 -0.459886  0.497176 0.541823 1 0 1.000000
0  29.227905 109.892128 6.512600  0.239385 0.726480 -0.644144  0.499519 0.535547 1 0 1.000000
skin_0dam
0  29.227905 109.892128 6.512600  0.239385 0.726480 -0.644144  0.499519 0.535547 1 0 1.000000
0  26.462460 110.627235 6.656549  0.176474 0.761033 -0.624248  0.516171 0.535798 1 0 1.000000
0  25.596275 111.570877 7.680378  0.206410 0.894507 -0.396551  0.521443 0.541823 1 0 1.000000
skin_0dam
0  28.524788 108.737671 5.326641  0.201165 0.650746 -0.732162  0.503787 0.528183 1 0 1.000000
0  26.921654 109.379089 5.496321  0.205497 0.704317 -0.679492  0.513410 0.528853 1 0 1.000000
0  26.462460 110.627235 6.656549  0.176474 0.761033 -0.624248  0.516171 0.535798 1 0 1.000000
skin_0dam
0  26.462460 110.627235 6.656549  0.176474 0.761033 -0.624248  0.516171 0.535798 1 0 1.000000
0  29.227905 109.892128 6.512600  0.239385 0.726480 -0.644144  0.499519 0.535547 1 0 1.000000
0  28.524788 108.737671 5.326641  0.201165 0.650746 -0.732162  0.503787 0.528183 1 0 1.000000
skin_0dam
0  29.813377 108.029236 5.154858  0.287326 0.594637 -0.750900  0.496088 0.527430 1 0 1.000000
0  28.524788 108.737671 5.326641  0.201165 0.650746 -0.732162  0.503787 0.528183 1 0 1.000000
0  29.227905 109.892128 6.512600  0.239385 0.726480 -0.644144  0.499519 0.535547 1 0 1.000000
skin_0dam
0  29.227905 109.892128 6.512600  0.239385 0.726480 -0.644144  0.499519 0.535547 1 0 1.000000
0  31.035961 108.955437 6.362860  0.350167 0.648034 -0.676339  0.488724 0.535045 1 0 1.000000
0  29.813377 108.029236 5.154858  0.287326 0.594637 -0.750900  0.496088 0.527430 1 0 1.000000
skin_0dam
0  31.099239 106.962669 4.914310  0.416300 0.496171 -0.761911  0.488473 0.526259 1 0 1.000000
0  29.813377 108.029236 5.154858  0.287326 0.594637 -0.750900  0.496088 0.527430 1 0 1.000000
0  31.035961 108.955437 6.362860  0.350167 0.648034 -0.676339  0.488724 0.535045 1 0 1.000000
skin_0dam
0  31.035961 108.955437 6.362860  0.350167 0.648034 -0.676339  0.488724 0.535045 1 0 1.000000
0  32.353935 107.848648 6.203758  0.512074 0.520057 -0.683609  0.480942 0.534376 1 0 1.000000
0  31.099239 106.962669 4.914310  0.416300 0.496171 -0.761911  0.488473 0.526259 1 0 1.000000
skin_0dam
0  32.304989 104.970421 4.539003  0.563214 0.365052 -0.741301  0.481528 0.524250 1 0 1.000000
0  31.099239 106.962669 4.914310  0.416300 0.496171 -0.761911  0.488473 0.526259 1 0 1.000000
0  32.353935 107.848648 6.203758  0.512074 0.520057 -0.683609  0.480942 0.534376 1 0 1.000000
skin_0dam
0  32.353935 107.848648 6.203758  0.512074 0.520057 -0.683609  0.480942 0.534376 1 0 1.000000
0  33.509865 105.785538 5.899166  0.619327 0.387047 -0.683102  0.474331 0.532786 1 0 1.000000
0  32.304989 104.970421 4.539003  0.563214 0.365052 -0.741301  0.481528 0.524250 1 0 1.000000
skin_0dam
0  33.024307 102.711800 4.154202  0.618190 0.279560 -0.734634  0.477595 0.522075 1 0 1.000000
0  32.304989 104.970421 4.539003  0.563214 0.365052 -0.741301  0.481528 0.524250 1 0 1.000000
0  33.509865 105.785538 5.899166  0.619327 0.387047 -0.683102  0.474331 0.532786 1 0 1.000000
skin_0dam
0  33.509865 105.785538 5.899166  0.619327 0.387047 -0.683102  0.474331 0.532786 1 0 1.000000
0  34.253532 103.624237 5.527233  0.675228 0.296306 -0.675478  0.470231 0.530694 1 0 1.000000
0  33.024307 102.711800 4.154202  0.618190 0.279560 -0.734634  0.477595 0.522075 1 0 1.000000
skin_0dam
0  33.351055 101.099274 3.880379  0.636183 0.249440 -0.730103  0.475921 0.520485 1 0 1.000000
0  33.024307 102.711800 4.154202  0.618190 0.279560 -0.734634  0.477595 0.522075 1 0 1.000000
0  34.253532 103.624237 5.527233  0.675228 0.296306 -0.675478  0.470231 0.530694 1 0 1.000000
skin_0dam
0  34.253532 103.624237 5.527233  0.675228 0.296306 -0.675478  0.470231 0.530694 1 0 1.000000
0  34.637295 102.027557 5.320166  0.697229 0.255655 -0.669711  0.468223 0.529522 1 0 1.000000
0  33.351055 101.099274 3.880379  0.636183 0.249440 -0.730103  0.475921 0.520485 1 0 1.000000
skin_0dam
0  34.637295 102.027557 5.320166  0.697229 0.255655 -0.669711  0.468223 0.529522 1 0 1.000000
0  34.253532 103.624237 5.527233  0.675228 0.296306 -0.675478  0.470231 0.530694 1 0 1.000000
0  34.950100 104.131210 6.617022  0.802543 0.303358 -0.513711  0.466131 0.537472 1 0 1.000000
skin_0dam
0  34.950100 104.131210 6.617022  0.802543 0.303358 -0.513711  0.466131 0.537472 1 0 1.000000
0  35.319626 102.506493 6.369162  0.813359 0.264915 -0.517945  0.464206 0.536049 1 0 1.000000
0  34.637295 102.027557 5.320166  0.697229 0.255655 -0.669711  0.468223 0.529522 1 0 1.000000
skin_0dam
0  35.319626 102.506493 6.369162  0.813359 0.264915 -0.517945  0.464206 0.536049 1 0 1.000000
0  34.950100 104.131210 6.617022  0.802543 0.303358 -0.513711  0.466131 0.537472 1 0 1.000000
0  35.868641 104.754990 8.979492  0.886649 0.319640 -0.334191  0.460943 0.552032 1 0 1.000000
skin_0dam
0  35.868641 104.754990 8.979492  0.886649 0.319640 -0.334191  0.460943 0.552032 1 0 1.000000
0  36.293217 103.049850 8.646950  0.896707 0.271254 -0.349767  0.458683 0.550107 1 0 1.000000
0  35.319626 102.506493 6.369162  0.813359 0.264915 -0.517945  0.464206 0.536049 1 0 1.000000
skin_0dam
0  36.293217 103.049850 8.646950  0.896707 0.271254 -0.349767  0.458683 0.550107 1 0 1.000000
0  35.868641 104.754990 8.979492  0.886649 0.319640 -0.334191  0.460943 0.552032 1 0 1.000000
0  36.585941 105.067307 11.914135  0.928128 0.333790 -0.164809  0.457177 0.570023 1 0 1.000000
skin_0dam
0  36.585941 105.067307 11.914135  0.928128 0.333790 -0.164809  0.457177 0.570023 1 0 1.000000
0  37.018787 103.170135 11.236952  0.950022 0.253819 -0.181750  0.454834 0.566006 1 0 1.000000
0  36.293217 103.049850 8.646950  0.896707 0.271254 -0.349767  0.458683 0.550107 1 0 1.000000
skin_0dam
0  35.553543 107.987000 23.480726  0.738415 0.673225 0.038875  0.465378 0.640063 1 0 1.000000
0  36.694736 106.072571 24.788158  0.910787 0.412581 -0.015658  0.459185 0.648264 1 0 1.000000
0  36.209007 107.069298 17.919521  0.886581 0.461672 -0.028871  0.460357 0.606424 1 0 1.000000
skin_0dam
0  36.209007 107.069298 17.919521  0.886581 0.461672 -0.028871  0.460357 0.606424 1 0 1.000000
0  35.125603 108.805450 17.615398  0.744190 0.667948 0.005213  0.466466 0.604332 1 0 1.000000
0  35.553543 107.987000 23.480726  0.738415 0.673225 0.038875  0.465378 0.640063 1 0 1.000000
skin_0dam
0  35.125603 108.805450 17.615398  0.744190 0.667948 0.005213  0.466466 0.604332 1 0 1.000000
0  36.209007 107.069298 17.919521  0.886581 0.461672 -0.028871  0.460357 0.606424 1 0 1.000000
0  35.702721 107.305916 12.318796  0.880977 0.451889 -0.140274  0.462114 0.572283 1 0 1.000000
skin_0dam
0  35.702721 107.305916 12.318796  0.880977 0.451889 -0.140274  0.462114 0.572283 1 0 1.000000
0  34.594826 109.164284 12.594057  0.742553 0.661220 -0.106784  0.468474 0.573705 1 0 1.000000
0  35.125603 108.805450 17.615398  0.744190 0.667948 0.005213  0.466466 0.604332 1 0 1.000000
skin_0dam
0  34.594826 109.164284 12.594057  0.742553 0.661220 -0.106784  0.468474 0.573705 1 0 1.000000
0  35.702721 107.305916 12.318796  0.880977 0.451889 -0.140274  0.462114 0.572283 1 0 1.000000
0  35.181435 106.987152 9.459517  0.844434 0.433389 -0.314811  0.464708 0.554793 1 0 1.000000
skin_0dam
0  35.181435 106.987152 9.459517  0.844434 0.433389 -0.314811  0.464708 0.554793 1 0 1.000000
0  34.061222 108.968773 9.900516  0.716970 0.632011 -0.294138  0.471152 0.557220 1 0 1.000000
0  34.594826 109.164284 12.594057  0.742553 0.661220 -0.106784  0.468474 0.573705 1 0 1.000000
skin_0dam
0  34.061222 108.968773 9.900516  0.716970 0.632011 -0.294138  0.471152 0.557220 1 0 1.000000
0  35.181435 106.987152 9.459517  0.844434 0.433389 -0.314811  0.464708 0.554793 1 0 1.000000
0  34.262466 106.253326 6.973103  0.743593 0.415463 -0.523889  0.469896 0.539480 1 0 1.000000
skin_0dam
0  34.262466 106.253326 6.973103  0.743593 0.415463 -0.523889  0.469896 0.539480 1 0 1.000000
0  33.065277 108.342392 7.306772  0.636523 0.580958 -0.507273  0.476758 0.541237 1 0 1.000000
0  34.061222 108.968773 9.900516  0.716970 0.632011 -0.294138  0.471152 0.557220 1 0 1.000000
skin_0dam
0  32.641254 110.264458 10.104721  0.518623 0.815361 -0.257326  0.479520 0.558141 1 0 1.000000
0  34.061222 108.968773 9.900516  0.716970 0.632011 -0.294138  0.471152 0.557220 1 0 1.000000
0  33.065277 108.342392 7.306772  0.636523 0.580958 -0.507273  0.476758 0.541237 1 0 1.000000
skin_0dam
0  33.065277 108.342392 7.306772  0.636523 0.580958 -0.507273  0.476758 0.541237 1 0 1.000000
0  31.813438 109.493034 7.435871  0.451261 0.743108 -0.494119  0.484122 0.541739 1 0 1.000000
0  32.641254 110.264458 10.104721  0.518623 0.815361 -0.257326  0.479520 0.558141 1 0 1.000000
skin_0dam
0  30.191582 111.410957 10.264500  0.322505 0.915067 -0.242162  0.494164 0.558559 1 0 1.000000
0  32.641254 110.264458 10.104721  0.518623 0.815361 -0.257326  0.479520 0.558141 1 0 1.000000
0  31.813438 109.493034 7.435871  0.451261 0.743108 -0.494119  0.484122 0.541739 1 0 1.000000
skin_0dam
0  31.813438 109.493034 7.435871  0.451261 0.743108 -0.494119  0.484122 0.541739 1 0 1.000000
0  29.630169 110.456894 7.530670  0.287643 0.840099 -0.459886  0.497176 0.541823 1 0 1.000000
0  30.191582 111.410957 10.264500  0.322505 0.915067 -0.242162  0.494164 0.558559 1 0 1.000000
skin_0dam
0  26.131763 112.482635 10.415167  0.207755 0.949423 -0.235444  0.518598 0.558559 1 0 1.000000
0  30.191582 111.410957 10.264500  0.322505 0.915067 -0.242162  0.494164 0.558559 1 0 1.000000
0  29.630169 110.456894 7.530670  0.287643 0.840099 -0.459886  0.497176 0.541823 1 0 1.000000
skin_0dam
0  29.630169 110.456894 7.530670  0.287643 0.840099 -0.459886  0.497176 0.541823 1 0 1.000000
0  25.596275 111.570877 7.680378  0.206410 0.894507 -0.396551  0.521443 0.541823 1 0 1.000000
0  26.131763 112.482635 10.415167  0.207755 0.949423 -0.235444  0.518598 0.558559 1 0 1.000000
skin_0dam
0  26.131763 112.482635 10.415167  0.207755 0.949423 -0.235444  0.518598 0.558559 1 0 1.000000
0  25.596275 111.570877 7.680378  0.206410 0.894507 -0.396551  0.521443 0.541823 1 0 1.000000
0  24.467865 111.940681 8.107908  0.176826 0.923106 -0.341480  0.528305 0.544166 1 0 1.000000
skin_0dam
0  26.131763 112.482635 10.415167  0.207755 0.949423 -0.235444  0.518598 0.558559 1 0 1.000000
0  24.467865 111.940681 8.107908  0.176826 0.923106 -0.341480  0.528305 0.544166 1 0 1.000000
0  23.056911 112.300056 8.339323  0.170316 0.930460 -0.324403  0.536840 0.545254 1 0 1.000000
skin_0dam
0  26.131763 112.482635 10.415167  0.207755 0.949423 -0.235444  0.518598 0.558559 1 0 1.000000
0  23.056911 112.300056 8.339323  0.170316 0.930460 -0.324403  0.536840 0.545254 1 0 1.000000
0  21.820192 113.296806 10.575177  0.152664 0.965411 -0.211368  0.544623 0.558559 1 0 1.000000
skin_0dam
0  23.056911 112.300056 8.339323  0.170316 0.930460 -0.324403  0.536840 0.545254 1 0 1.000000
0  21.767687 112.581604 8.428488  0.152416 0.936758 -0.315046  0.544623 0.545505 1 0 1.000000
0  21.820192 113.296806 10.575177  0.152664 0.965411 -0.211368  0.544623 0.558559 1 0 1.000000
skin_0dam
0  21.820192 113.296806 10.575177  0.152664 0.965411 -0.211368  0.544623 0.558559 1 0 1.000000
0  21.767687 112.581604 8.428488  0.152416 0.936758 -0.315046  0.544623 0.545505 1 0 1.000000
0  16.662531 113.337982 8.686817  0.094839 0.945591 -0.311229  0.575500 0.545923 1 0 1.000000
skin_0dam
0  16.662531 113.337982 8.686817  0.094839 0.945591 -0.311229  0.575500 0.545923 1 0 1.000000
0  16.714045 114.011932 10.764679  0.099798 0.973108 -0.207609  0.575501 0.558559 1 0 1.000000
0  21.820192 113.296806 10.575177  0.152664 0.965411 -0.211368  0.544623 0.558559 1 0 1.000000
skin_0dam
0  16.714045 114.011932 10.764679  0.099798 0.973108 -0.207609  0.575501 0.558559 1 0 1.000000
0  16.662531 113.337982 8.686817  0.094839 0.945591 -0.311229  0.575500 0.545923 1 0 1.000000
0  9.331343 113.927277 8.958893  0.029710 0.950920 -0.308006  0.619934 0.545923 1 0 1.000000
skin_0dam
0  21.905233 113.544373 13.120086  0.152998 0.982417 -0.107002  0.544623 0.574040 1 0 1.000000
0  21.820192 113.296806 10.575177  0.152664 0.965411 -0.211368  0.544623 0.558559 1 0 1.000000
0  16.714045 114.011932 10.764679  0.099798 0.973108 -0.207609  0.575501 0.558559 1 0 1.000000
skin_0dam
0  26.131763 112.482635 10.415167  0.207755 0.949423 -0.235444  0.518598 0.558559 1 0 1.000000
0  21.820192 113.296806 10.575177  0.152664 0.965411 -0.211368  0.544623 0.558559 1 0 1.000000
0  21.905233 113.544373 13.120086  0.152998 0.982417 -0.107002  0.544623 0.574040 1 0 1.000000
skin_0dam
0  21.905233 113.544373 13.120086  0.152998 0.982417 -0.107002  0.544623 0.574040 1 0 1.000000
0  26.283951 112.787819 12.971359  0.209768 0.969192 -0.129086  0.518180 0.574124 1 0 1.000000
0  26.131763 112.482635 10.415167  0.207755 0.949423 -0.235444  0.518598 0.558559 1 0 1.000000
skin_0dam
0  30.191582 111.410957 10.264500  0.322505 0.915067 -0.242162  0.494164 0.558559 1 0 1.000000
0  26.131763 112.482635 10.415167  0.207755 0.949423 -0.235444  0.518598 0.558559 1 0 1.000000
0  26.283951 112.787819 12.971359  0.209768 0.969192 -0.129086  0.518180 0.574124 1 0 1.000000
skin_0dam
0  26.283951 112.787819 12.971359  0.209768 0.969192 -0.129086  0.518180 0.574124 1 0 1.000000
0  30.331593 111.674355 12.821143  0.334772 0.934754 -0.119005  0.493829 0.574124 1 0 1.000000
0  30.191582 111.410957 10.264500  0.322505 0.915067 -0.242162  0.494164 0.558559 1 0 1.000000
skin_0dam
0  32.641254 110.264458 10.104721  0.518623 0.815361 -0.257326  0.479520 0.558141 1 0 1.000000
0  30.191582 111.410957 10.264500  0.322505 0.915067 -0.242162  0.494164 0.558559 1 0 1.000000
0  30.331593 111.674355 12.821143  0.334772 0.934754 -0.119005  0.493829 0.574124 1 0 1.000000
skin_0dam
0  30.331593 111.674355 12.821143  0.334772 0.934754 -0.119005  0.493829 0.574124 1 0 1.000000
0  33.004814 110.467453 12.680614  0.519980 0.841527 -0.146472  0.477846 0.573873 1 0 1.000000
0  32.641254 110.264458 10.104721  0.518623 0.815361 -0.257326  0.479520 0.558141 1 0 1.000000
skin_0dam
0  34.061222 108.968773 9.900516  0.716970 0.632011 -0.294138  0.471152 0.557220 1 0 1.000000
0  32.641254 110.264458 10.104721  0.518623 0.815361 -0.257326  0.479520 0.558141 1 0 1.000000
0  33.004814 110.467453 12.680614  0.519980 0.841527 -0.146472  0.477846 0.573873 1 0 1.000000
skin_0dam
0  33.004814 110.467453 12.680614  0.519980 0.841527 -0.146472  0.477846 0.573873 1 0 1.000000
0  34.594826 109.164284 12.594057  0.742553 0.661220 -0.106784  0.468474 0.573705 1 0 1.000000
0  34.061222 108.968773 9.900516  0.716970 0.632011 -0.294138  0.471152 0.557220 1 0 1.000000
skin_0dam
0  -22.503922 111.390816 9.579675  -0.198609 0.930254 -0.308515  0.818089 0.545505 1 0 1.000000
0  -22.503922 112.106537 11.726835  -0.196610 0.958717 -0.205440  0.818089 0.558559 1 0 1.000000
0  -17.425064 113.014961 11.726834  -0.144893 0.968179 -0.204047  0.787211 0.558559 1 0 1.000000
skin_0dam
0  -17.425064 113.014961 11.726834  -0.144893 0.968179 -0.204047  0.787211 0.558559 1 0 1.000000
0  -17.425062 112.340530 9.648494  -0.143935 0.941328 -0.305261  0.787211 0.545923 1 0 1.000000
0  -22.503922 111.390816 9.579675  -0.198609 0.930254 -0.308515  0.818089 0.545505 1 0 1.000000
skin_0dam
0  -17.425062 112.340530 9.648494  -0.143935 0.941328 -0.305261  0.787211 0.545923 1 0 1.000000
0  -17.425064 113.014961 11.726834  -0.144893 0.968179 -0.204047  0.787211 0.558559 1 0 1.000000
0  -10.821529 113.833847 11.786575  -0.106893 0.974609 -0.196751  0.742944 0.558559 1 0 1.000000
skin_0dam
0  -10.821529 113.833847 11.786575  -0.106893 0.974609 -0.196751  0.742944 0.558559 1 0 1.000000
0  -10.845557 113.160934 9.707696  -0.104316 0.946886 -0.304180  0.742777 0.545923 1 0 1.000000
0  -17.425062 112.340530 9.648494  -0.143935 0.941328 -0.305261  0.787211 0.545923 1 0 1.000000
skin_0dam
0  -10.845557 113.160934 9.707696  -0.104316 0.946886 -0.304180  0.742777 0.545923 1 0 1.000000
0  -10.821529 113.833847 11.786575  -0.106893 0.974609 -0.196751  0.742944 0.558559 1 0 1.000000
0  -0.724373 114.713203 11.411851  -0.043179 0.975286 -0.216688  0.681356 0.558559 1 0 1.000000
skin_0dam
0  -0.724373 114.713203 11.411851  -0.043179 0.975286 -0.216688  0.681356 0.558559 1 0 1.000000
0  -0.774323 113.997986 9.333933  -0.046256 0.945262 -0.323019  0.681356 0.545923 1 0 1.000000
0  -10.845557 113.160934 9.707696  -0.104316 0.946886 -0.304180  0.742777 0.545923 1 0 1.000000
skin_0dam
0  -0.774323 113.997986 9.333933  -0.046256 0.945262 -0.323019  0.681356 0.545923 1 0 1.000000
0  -0.724373 114.713203 11.411851  -0.043179 0.975286 -0.216688  0.681356 0.558559 1 0 1.000000
0  9.410351 114.602280 11.035732  0.035266 0.978644 -0.202516  0.619767 0.558559 1 0 1.000000
skin_0dam
0  9.410351 114.602280 11.035732  0.035266 0.978644 -0.202516  0.619767 0.558559 1 0 1.000000
0  9.331343 113.927277 8.958893  0.029710 0.950920 -0.308006  0.619934 0.545923 1 0 1.000000
0  -0.774323 113.997986 9.333933  -0.046256 0.945262 -0.323019  0.681356 0.545923 1 0 1.000000
skin_0dam
0  9.331343 113.927277 8.958893  0.029710 0.950920 -0.308006  0.619934 0.545923 1 0 1.000000
0  9.410351 114.602280 11.035732  0.035266 0.978644 -0.202516  0.619767 0.558559 1 0 1.000000
0  16.714045 114.011932 10.764679  0.099798 0.973108 -0.207609  0.575501 0.558559 1 0 1.000000
skin_0dam
0  16.798567 114.273239 13.309606  0.104614 0.989310 -0.101595  0.575501 0.574040 1 0 1.000000
0  16.714045 114.011932 10.764679  0.099798 0.973108 -0.207609  0.575501 0.558559 1 0 1.000000
0  9.410351 114.602280 11.035732  0.035266 0.978644 -0.202516  0.619767 0.558559 1 0 1.000000
skin_0dam
0  16.714045 114.011932 10.764679  0.099798 0.973108 -0.207609  0.575501 0.558559 1 0 1.000000
0  16.798567 114.273239 13.309606  0.104614 0.989310 -0.101595  0.575501 0.574040 1 0 1.000000
0  21.905233 113.544373 13.120086  0.152998 0.982417 -0.107002  0.544623 0.574040 1 0 1.000000
skin_0dam
0  21.912867 113.571877 13.353951  0.157044 0.926849 0.341009  0.544623 0.575462 1 0 1.000000
0  21.905233 113.544373 13.120086  0.152998 0.982417 -0.107002  0.544623 0.574040 1 0 1.000000
0  16.798567 114.273239 13.309606  0.104614 0.989310 -0.101595  0.575501 0.574040 1 0 1.000000
skin_0dam
0  26.283951 112.787819 12.971359  0.209768 0.969192 -0.129086  0.518180 0.574124 1 0 1.000000
0  21.905233 113.544373 13.120086  0.152998 0.982417 -0.107002  0.544623 0.574040 1 0 1.000000
0  21.912867 113.571877 13.353951  0.157044 0.926849 0.341009  0.544623 0.575462 1 0 1.000000
skin_0dam
0  21.912867 113.571877 13.353951  0.157044 0.926849 0.341009  0.544623 0.575462 1 0 1.000000
0  26.304821 112.815842 13.190957  0.215705 0.923417 0.317446  0.518096 0.575462 1 0 1.000000
0  26.283951 112.787819 12.971359  0.209768 0.969192 -0.129086  0.518180 0.574124 1 0 1.000000
skin_0dam
0  30.331593 111.674355 12.821143  0.334772 0.934754 -0.119005  0.493829 0.574124 1 0 1.000000
0  26.283951 112.787819 12.971359  0.209768 0.969192 -0.129086  0.518180 0.574124 1 0 1.000000
0  26.304821 112.815842 13.190957  0.215705 0.923417 0.317446  0.518096 0.575462 1 0 1.000000
skin_0dam
0  26.304821 112.815842 13.190957  0.215705 0.923417 0.317446  0.518096 0.575462 1 0 1.000000
0  30.352459 111.702385 13.040743  0.333179 0.911721 0.240326  0.493745 0.575462 1 0 1.000000
0  30.331593 111.674355 12.821143  0.334772 0.934754 -0.119005  0.493829 0.574124 1 0 1.000000
skin_0dam
0  33.004814 110.467453 12.680614  0.519980 0.841527 -0.146472  0.477846 0.573873 1 0 1.000000
0  30.331593 111.674355 12.821143  0.334772 0.934754 -0.119005  0.493829 0.574124 1 0 1.000000
0  30.352459 111.702385 13.040743  0.333179 0.911721 0.240326  0.493745 0.575462 1 0 1.000000
skin_0dam
0  30.352459 111.702385 13.040743  0.333179 0.911721 0.240326  0.493745 0.575462 1 0 1.000000
0  33.040459 110.482246 12.913436  0.518714 0.815783 0.255801  0.477679 0.575295 1 0 1.000000
0  33.004814 110.467453 12.680614  0.519980 0.841527 -0.146472  0.477846 0.573873 1 0 1.000000
skin_0dam
0  21.940748 113.186768 13.711022  0.153404 0.886766 0.436019  0.544623 0.577638 1 0 1.000000
0  26.290421 112.456688 13.549598  0.202720 0.882060 0.425294  0.518347 0.577638 1 0 1.000000
0  26.304821 112.815842 13.190957  0.215705 0.923417 0.317446  0.518096 0.575462 1 0 1.000000
skin_0dam
0  30.352459 111.702385 13.040743  0.333179 0.911721 0.240326  0.493745 0.575462 1 0 1.000000
0  26.304821 112.815842 13.190957  0.215705 0.923417 0.317446  0.518096 0.575462 1 0 1.000000
0  26.290421 112.456688 13.549598  0.202720 0.882060 0.425294  0.518347 0.577638 1 0 1.000000
skin_0dam
0  26.290421 112.456688 13.549598  0.202720 0.882060 0.425294  0.518347 0.577638 1 0 1.000000
0  30.302273 111.507225 13.345615  0.313678 0.887605 0.337288  0.494164 0.577303 1 0 1.000000
0  30.352459 111.702385 13.040743  0.333179 0.911721 0.240326  0.493745 0.575462 1 0 1.000000
skin_0dam
0  33.040459 110.482246 12.913436  0.518714 0.815783 0.255801  0.477679 0.575295 1 0 1.000000
0  30.352459 111.702385 13.040743  0.333179 0.911721 0.240326  0.493745 0.575462 1 0 1.000000
0  30.302273 111.507225 13.345615  0.313678 0.887605 0.337288  0.494164 0.577303 1 0 1.000000
skin_0dam
0  30.302273 111.507225 13.345615  0.313678 0.887605 0.337288  0.494164 0.577303 1 0 1.000000
0  33.076721 110.359512 13.022277  0.545627 0.779243 0.308337  0.477511 0.575964 1 0 1.000000
0  33.040459 110.482246 12.913436  0.518714 0.815783 0.255801  0.477679 0.575295 1 0 1.000000
skin_0dam
0  33.076721 110.359512 13.022277  0.545627 0.779243 0.308337  0.477511 0.575964 1 0 1.000000
0  30.302273 111.507225 13.345615  0.313678 0.887605 0.337288  0.494164 0.577303 1 0 1.000000
0  30.297226 111.479202 13.552403  0.308993 0.948470 0.070205  0.494247 0.578559 1 0 1.000000
skin_0dam
0  26.286396 112.428650 13.783892  0.201205 0.976246 0.080382  0.518431 0.579061 1 0 1.000000
0  30.297226 111.479202 13.552403  0.308993 0.948470 0.070205  0.494247 0.578559 1 0 1.000000
0  30.302273 111.507225 13.345615  0.313678 0.887605 0.337288  0.494164 0.577303 1 0 1.000000
skin_0dam
0  30.297226 111.479202 13.552403  0.308993 0.948470 0.070205  0.494247 0.578559 1 0 1.000000
0  26.286396 112.428650 13.783892  0.201205 0.976246 0.080382  0.518431 0.579061 1 0 1.000000
0  26.398525 112.152000 17.636261  0.203536 0.975628 0.081989  0.518682 0.602491 1 0 1.000000
skin_0dam
0  22.103828 112.884186 17.795647  0.157020 0.984117 0.082810  0.544623 0.602491 1 0 1.000000
0  26.398525 112.152000 17.636261  0.203536 0.975628 0.081989  0.518682 0.602491 1 0 1.000000
0  26.286396 112.428650 13.783892  0.201205 0.976246 0.080382  0.518431 0.579061 1 0 1.000000
skin_0dam
0  26.286396 112.428650 13.783892  0.201205 0.976246 0.080382  0.518431 0.579061 1 0 1.000000
0  21.952511 113.159264 13.999826  0.154136 0.984766 0.080483  0.544623 0.579395 1 0 1.000000
0  22.103828 112.884186 17.795647  0.157020 0.984117 0.082810  0.544623 0.602491 1 0 1.000000
skin_0dam
0  22.103828 112.884186 17.795647  0.157020 0.984117 0.082810  0.544623 0.602491 1 0 1.000000
0  21.952511 113.159264 13.999826  0.154136 0.984766 0.080483  0.544623 0.579395 1 0 1.000000
0  16.848417 113.860626 14.230569  0.110670 0.990683 0.079368  0.575501 0.579646 1 0 1.000000
skin_0dam
0  16.834602 113.901886 13.900522  0.111884 0.885551 0.450868  0.575501 0.577638 1 0 1.000000
0  16.848417 113.860626 14.230569  0.110670 0.990683 0.079368  0.575501 0.579646 1 0 1.000000
0  21.952511 113.159264 13.999826  0.154136 0.984766 0.080483  0.544623 0.579395 1 0 1.000000
skin_0dam
0  16.848417 113.860626 14.230569  0.110670 0.990683 0.079368  0.575501 0.579646 1 0 1.000000
0  16.834602 113.901886 13.900522  0.111884 0.885551 0.450868  0.575501 0.577638 1 0 1.000000
0  10.485535 114.363205 14.136148  0.054396 0.888040 0.456538  0.613993 0.577638 1 0 1.000000
skin_0dam
0  9.807491 114.833809 13.803205  0.067230 0.922410 0.380315  0.617926 0.575462 1 0 1.000000
0  10.485535 114.363205 14.136148  0.054396 0.888040 0.456538  0.613993 0.577638 1 0 1.000000
0  16.834602 113.901886 13.900522  0.111884 0.885551 0.450868  0.575501 0.577638 1 0 1.000000
skin_0dam
0  10.485535 114.363205 14.136148  0.054396 0.888040 0.456538  0.613993 0.577638 1 0 1.000000
0  9.807491 114.833809 13.803205  0.067230 0.922410 0.380315  0.617926 0.575462 1 0 1.000000
0  9.720579 114.692619 13.916617  0.007925 0.564474 0.825413  0.618512 0.576132 1 0 1.000000
skin_0dam
0  9.720579 114.692619 13.916617  0.007925 0.564474 0.825413  0.618512 0.576132 1 0 1.000000
0  9.807491 114.833809 13.803205  0.067230 0.922410 0.380315  0.617926 0.575462 1 0 1.000000
0  -0.632748 115.029526 14.204435  -0.012392 0.817741 0.575453  0.681356 0.575546 1 0 1.000000
skin_0dam
0  -0.632748 115.029526 14.204435  -0.012392 0.817741 0.575453  0.681356 0.575546 1 0 1.000000
0  -0.620794 114.768211 14.259085  0.023601 0.205188 0.978438  0.681356 0.575881 1 0 1.000000
0  9.720579 114.692619 13.916617  0.007925 0.564474 0.825413  0.618512 0.576132 1 0 1.000000
skin_0dam
0  -0.620794 114.768211 14.259085  0.023601 0.205188 0.978438  0.681356 0.575881 1 0 1.000000
0  -0.632748 115.029526 14.204435  -0.012392 0.817741 0.575453  0.681356 0.575546 1 0 1.000000
0  -11.029144 114.042404 14.576492  -0.105823 0.893777 0.435848  0.744785 0.575462 1 0 1.000000
skin_0dam
0  21.952511 113.159264 13.999826  0.154136 0.984766 0.080483  0.544623 0.579395 1 0 1.000000
0  21.940748 113.186768 13.711022  0.153404 0.886766 0.436019  0.544623 0.577638 1 0 1.000000
0  16.834602 113.901886 13.900522  0.111884 0.885551 0.450868  0.575501 0.577638 1 0 1.000000
skin_0dam
0  26.290421 112.456688 13.549598  0.202720 0.882060 0.425294  0.518347 0.577638 1 0 1.000000
0  21.940748 113.186768 13.711022  0.153404 0.886766 0.436019  0.544623 0.577638 1 0 1.000000
0  21.952511 113.159264 13.999826  0.154136 0.984766 0.080483  0.544623 0.579395 1 0 1.000000
skin_0dam
0  21.952511 113.159264 13.999826  0.154136 0.984766 0.080483  0.544623 0.579395 1 0 1.000000
0  26.286396 112.428650 13.783892  0.201205 0.976246 0.080382  0.518431 0.579061 1 0 1.000000
0  26.290421 112.456688 13.549598  0.202720 0.882060 0.425294  0.518347 0.577638 1 0 1.000000
skin_0dam
0  30.302273 111.507225 13.345615  0.313678 0.887605 0.337288  0.494164 0.577303 1 0 1.000000
0  26.290421 112.456688 13.549598  0.202720 0.882060 0.425294  0.518347 0.577638 1 0 1.000000
0  26.286396 112.428650 13.783892  0.201205 0.976246 0.080382  0.518431 0.579061 1 0 1.000000
skin_0dam
0  8.854578 110.402107 24.815907  0.039836 0.089975 0.995147  0.627215 0.642155 1 0 1.000000
0  8.861347 110.237068 24.829428  0.036377 -0.022340 0.999088  0.627215 0.642239 1 0 1.000000
0  17.402569 109.679955 24.512445  0.029359 -0.018682 0.999394  0.575417 0.642239 1 0 1.000000
skin_0dam
0  23.041512 108.939751 27.140478  0.096251 0.669710 0.736358  0.541945 0.659477 1 0 1.000000
0  22.928459 108.976837 27.103355  -0.366072 0.567464 0.737547  0.542614 0.659226 1 0 1.000000
0  22.982613 108.785858 27.252851  -0.193144 0.488345 0.851008  0.542363 0.660146 1 0 1.000000
skin_0dam
0  21.658190 108.944649 25.525242  -0.701875 0.120441 0.702044  0.549978 0.649352 1 0 1.000000
0  22.982613 108.785858 27.252851  -0.193144 0.488345 0.851008  0.542363 0.660146 1 0 1.000000
0  22.928459 108.976837 27.103355  -0.366072 0.567464 0.737547  0.542614 0.659226 1 0 1.000000
skin_0dam
0  22.928459 108.976837 27.103355  -0.366072 0.567464 0.737547  0.542614 0.659226 1 0 1.000000
0  21.720617 109.153564 25.564249  -0.685771 0.247544 0.684426  0.549560 0.649603 1 0 1.000000
0  21.658190 108.944649 25.525242  -0.701875 0.120441 0.702044  0.549978 0.649352 1 0 1.000000
skin_0dam
0  20.699413 109.060966 24.693110  -0.484043 0.010832 0.874977  0.555585 0.644080 1 0 1.000000
0  21.658190 108.944649 25.525242  -0.701875 0.120441 0.702044  0.549978 0.649352 1 0 1.000000
0  21.720617 109.153564 25.564249  -0.685771 0.247544 0.684426  0.549560 0.649603 1 0 1.000000
skin_0dam
0  21.720617 109.153564 25.564249  -0.685771 0.247544 0.684426  0.549560 0.649603 1 0 1.000000
0  20.747585 109.269363 24.718866  -0.482660 0.131829 0.865829  0.555250 0.644247 1 0 1.000000
0  20.699413 109.060966 24.693110  -0.484043 0.010832 0.874977  0.555585 0.644080 1 0 1.000000
skin_0dam
0  19.997807 109.144897 24.443680  -0.167294 -0.097331 0.981091  0.559769 0.642406 1 0 1.000000
0  20.699413 109.060966 24.693110  -0.484043 0.010832 0.874977  0.555585 0.644080 1 0 1.000000
0  20.747585 109.269363 24.718866  -0.482660 0.131829 0.865829  0.555250 0.644247 1 0 1.000000
skin_0dam
0  20.747585 109.269363 24.718866  -0.482660 0.131829 0.865829  0.555250 0.644247 1 0 1.000000
0  20.060236 109.353828 24.482681  -0.166858 0.018139 0.985814  0.559350 0.642657 1 0 1.000000
0  19.997807 109.144897 24.443680  -0.167294 -0.097331 0.981091  0.559769 0.642406 1 0 1.000000
skin_0dam
0  19.181164 109.237869 24.446438  -0.005195 -0.135632 0.990746  0.564706 0.642239 1 0 1.000000
0  19.997807 109.144897 24.443680  -0.167294 -0.097331 0.981091  0.559769 0.642406 1 0 1.000000
0  20.060236 109.353828 24.482681  -0.166858 0.018139 0.985814  0.559350 0.642657 1 0 1.000000
skin_0dam
0  20.060236 109.353828 24.482681  -0.166858 0.018139 0.985814  0.559350 0.642657 1 0 1.000000
0  19.228817 109.460030 24.472218  0.008129 -0.022370 0.999717  0.564371 0.642406 1 0 1.000000
0  19.181164 109.237869 24.446438  -0.005195 -0.135632 0.990746  0.564706 0.642239 1 0 1.000000
skin_0dam
0  17.395630 109.473122 24.485157  0.017445 -0.133881 0.990844  0.575500 0.642072 1 0 1.000000
0  19.181164 109.237869 24.446438  -0.005195 -0.135632 0.990746  0.564706 0.642239 1 0 1.000000
0  19.228817 109.460030 24.472218  0.008129 -0.022370 0.999717  0.564371 0.642406 1 0 1.000000
skin_0dam
0  19.228817 109.460030 24.472218  0.008129 -0.022370 0.999717  0.564371 0.642406 1 0 1.000000
0  17.402569 109.679955 24.512445  0.029359 -0.018682 0.999394  0.575417 0.642239 1 0 1.000000
0  17.395630 109.473122 24.485157  0.017445 -0.133881 0.990844  0.575500 0.642072 1 0 1.000000
skin_0dam
0  8.854406 110.030243 24.802139  0.031473 -0.139814 0.989677  0.627298 0.642072 1 0 1.000000
0  17.395630 109.473122 24.485157  0.017445 -0.133881 0.990844  0.575500 0.642072 1 0 1.000000
0  17.402569 109.679955 24.512445  0.029359 -0.018682 0.999394  0.575417 0.642239 1 0 1.000000
skin_0dam
0  17.402569 109.679955 24.512445  0.029359 -0.018682 0.999394  0.575417 0.642239 1 0 1.000000
0  8.861347 110.237068 24.829428  0.036377 -0.022340 0.999088  0.627215 0.642239 1 0 1.000000
0  8.854406 110.030243 24.802139  0.031473 -0.139814 0.989677  0.627298 0.642072 1 0 1.000000
skin_0dam
0  8.854406 110.030243 24.802139  0.031473 -0.139814 0.989677  0.627298 0.642072 1 0 1.000000
0  8.861347 110.237068 24.829428  0.036377 -0.022340 0.999088  0.627215 0.642239 1 0 1.000000
0  -0.045418 110.270660 25.159973  0.035990 0.028482 0.998946  0.681356 0.642239 1 0 1.000000
skin_0dam
0  -0.045418 110.270660 25.159973  0.035990 0.028482 0.998946  0.681356 0.642239 1 0 1.000000
0  8.861347 110.237068 24.829428  0.036377 -0.022340 0.999088  0.627215 0.642239 1 0 1.000000
0  8.854578 110.402107 24.815907  0.039836 0.089975 0.995147  0.627215 0.642155 1 0 1.000000
skin_0dam
0  8.854578 110.402107 24.815907  0.039836 0.089975 0.995147  0.627215 0.642155 1 0 1.000000
0  -0.052709 110.449455 25.146471  0.033514 0.090155 0.995364  0.681356 0.642155 1 0 1.000000
0  -0.045418 110.270660 25.159973  0.035990 0.028482 0.998946  0.681356 0.642239 1 0 1.000000
skin_0dam
0  -0.052709 110.449455 25.146471  0.033514 0.090155 0.995364  0.681356 0.642155 1 0 1.000000
0  8.854578 110.402107 24.815907  0.039836 0.089975 0.995147  0.627215 0.642155 1 0 1.000000
0  5.847206 112.905212 24.707146  0.038812 0.418949 0.907180  0.644871 0.640816 1 0 1.000000
skin_0dam
0  5.847206 112.905212 24.707146  0.038812 0.418949 0.907180  0.644871 0.640816 1 0 1.000000
0  -0.151649 112.842644 24.929773  0.017913 0.414364 0.909935  0.681356 0.640816 1 0 1.000000
0  -0.052709 110.449455 25.146471  0.033514 0.090155 0.995364  0.681356 0.642155 1 0 1.000000
skin_0dam
0  17.402569 109.679955 24.512445  0.029359 -0.018682 0.999394  0.575417 0.642239 1 0 1.000000
0  17.395279 109.858749 24.498943  0.038997 0.091731 0.995020  0.575417 0.642155 1 0 1.000000
0  8.854578 110.402107 24.815907  0.039836 0.089975 0.995147  0.627215 0.642155 1 0 1.000000
skin_0dam
0  11.663549 112.699142 24.491289  0.058764 0.417874 0.906602  0.609558 0.640816 1 0 1.000000
0  8.854578 110.402107 24.815907  0.039836 0.089975 0.995147  0.627215 0.642155 1 0 1.000000
0  17.395279 109.858749 24.498943  0.038997 0.091731 0.995020  0.575417 0.642155 1 0 1.000000
skin_0dam
0  5.847206 112.905212 24.707146  0.038812 0.418949 0.907180  0.644871 0.640816 1 0 1.000000
0  8.854578 110.402107 24.815907  0.039836 0.089975 0.995147  0.627215 0.642155 1 0 1.000000
0  11.663549 112.699142 24.491289  0.058764 0.417874 0.906602  0.609558 0.640816 1 0 1.000000
skin_0dam
0  5.847206 112.905212 24.707146  0.038812 0.418949 0.907180  0.644871 0.640816 1 0 1.000000
0  11.663549 112.699142 24.491289  0.058764 0.417874 0.906602  0.609558 0.640816 1 0 1.000000
0  11.655291 112.809174 24.381411  0.065643 0.694958 0.716047  0.609558 0.640147 1 0 1.000000
skin_0dam
0  17.274860 112.347694 24.172857  0.094953 0.685789 0.721580  0.575500 0.640147 1 0 1.000000
0  11.655291 112.809174 24.381411  0.065643 0.694958 0.716047  0.609558 0.640147 1 0 1.000000
0  11.663549 112.699142 24.491289  0.058764 0.417874 0.906602  0.609558 0.640816 1 0 1.000000
skin_0dam
0  11.966398 113.248589 23.929119  0.070880 0.692924 0.717518  0.607466 0.637469 1 0 1.000000
0  11.655291 112.809174 24.381411  0.065643 0.694958 0.716047  0.609558 0.640147 1 0 1.000000
0  17.274860 112.347694 24.172857  0.094953 0.685789 0.721580  0.575500 0.640147 1 0 1.000000
skin_0dam
0  17.274860 112.347694 24.172857  0.094953 0.685789 0.721580  0.575500 0.640147 1 0 1.000000
0  17.240789 112.815338 23.733376  0.098213 0.686879 0.720105  0.575500 0.637469 1 0 1.000000
0  11.966398 113.248589 23.929119  0.070880 0.692924 0.717518  0.607466 0.637469 1 0 1.000000
skin_0dam
0  11.956587 113.386124 23.805521  0.070103 0.893889 0.442774  0.607466 0.636716 1 0 1.000000
0  11.966398 113.248589 23.929119  0.070880 0.692924 0.717518  0.607466 0.637469 1 0 1.000000
0  17.240789 112.815338 23.733376  0.098213 0.686879 0.720105  0.575500 0.637469 1 0 1.000000
skin_0dam
0  17.395279 109.858749 24.498943  0.038997 0.091731 0.995020  0.575417 0.642155 1 0 1.000000
0  19.263283 109.626640 24.457165  0.020751 0.090316 0.995697  0.564120 0.642323 1 0 1.000000
0  19.803347 111.892548 24.244299  0.072125 0.425113 0.902262  0.560271 0.641151 1 0 1.000000
skin_0dam
0  19.803347 111.892548 24.244299  0.072125 0.425113 0.902262  0.560271 0.641151 1 0 1.000000
0  17.283640 112.223915 24.282717  0.071637 0.416912 0.906119  0.575500 0.640816 1 0 1.000000
0  17.395279 109.858749 24.498943  0.038997 0.091731 0.995020  0.575417 0.642155 1 0 1.000000
skin_0dam
0  17.395279 109.858749 24.498943  0.038997 0.091731 0.995020  0.575417 0.642155 1 0 1.000000
0  17.283640 112.223915 24.282717  0.071637 0.416912 0.906119  0.575500 0.640816 1 0 1.000000
0  11.663549 112.699142 24.491289  0.058764 0.417874 0.906602  0.609558 0.640816 1 0 1.000000
skin_0dam
0  11.663549 112.699142 24.491289  0.058764 0.417874 0.906602  0.609558 0.640816 1 0 1.000000
0  17.283640 112.223915 24.282717  0.071637 0.416912 0.906119  0.575500 0.640816 1 0 1.000000
0  17.274860 112.347694 24.172857  0.094953 0.685789 0.721580  0.575500 0.640147 1 0 1.000000
skin_0dam
0  19.906090 111.979263 24.130297  0.129413 0.686102 0.715903  0.559601 0.640482 1 0 1.000000
0  17.274860 112.347694 24.172857  0.094953 0.685789 0.721580  0.575500 0.640147 1 0 1.000000
0  17.283640 112.223915 24.282717  0.071637 0.416912 0.906119  0.575500 0.640816 1 0 1.000000
skin_0dam
0  17.240789 112.815338 23.733376  0.098213 0.686879 0.720105  0.575500 0.637469 1 0 1.000000
0  17.274860 112.347694 24.172857  0.094953 0.685789 0.721580  0.575500 0.640147 1 0 1.000000
0  19.906090 111.979263 24.130297  0.129413 0.686102 0.715903  0.559601 0.640482 1 0 1.000000
skin_0dam
0  19.906090 111.979263 24.130297  0.129413 0.686102 0.715903  0.559601 0.640482 1 0 1.000000
0  22.345367 112.141472 23.543932  0.126020 0.713631 0.689093  0.544623 0.637469 1 0 1.000000
0  17.240789 112.815338 23.733376  0.098213 0.686879 0.720105  0.575500 0.637469 1 0 1.000000
skin_0dam
0  19.906090 111.979263 24.130297  0.129413 0.686102 0.715903  0.559601 0.640482 1 0 1.000000
0  20.969353 111.647575 24.214798  0.106268 0.678325 0.727037  0.553242 0.641235 1 0 1.000000
0  22.345367 112.141472 23.543932  0.126020 0.713631 0.689093  0.544623 0.637469 1 0 1.000000
skin_0dam
0  20.969353 111.647575 24.214798  0.106268 0.678325 0.727037  0.553242 0.641235 1 0 1.000000
0  19.906090 111.979263 24.130297  0.129413 0.686102 0.715903  0.559601 0.640482 1 0 1.000000
0  19.803347 111.892548 24.244299  0.072125 0.425113 0.902262  0.560271 0.641151 1 0 1.000000
skin_0dam
0  17.283640 112.223915 24.282717  0.071637 0.416912 0.906119  0.575500 0.640816 1 0 1.000000
0  19.803347 111.892548 24.244299  0.072125 0.425113 0.902262  0.560271 0.641151 1 0 1.000000
0  19.906090 111.979263 24.130297  0.129413 0.686102 0.715903  0.559601 0.640482 1 0 1.000000
skin_0dam
0  35.803310 89.197891 2.067703  0.636902 0.231323 -0.735422  0.463369 0.510025 1 0 1.000000
0  35.460236 90.837402 2.300810  0.665703 0.234607 -0.708378  0.465127 0.511364 1 0 1.000000
0  36.983875 91.017044 3.800650  0.704680 0.265255 -0.658077  0.456173 0.520819 1 0 1.000000
skin_0dam
0  36.983875 91.017044 3.800650  0.704680 0.265255 -0.658077  0.456173 0.520819 1 0 1.000000
0  37.538345 89.234070 3.545925  0.698015 0.244677 -0.672985  0.453160 0.519397 1 0 1.000000
0  35.803310 89.197891 2.067703  0.636902 0.231323 -0.735422  0.463369 0.510025 1 0 1.000000
skin_0dam
0  35.823845 89.005859 2.053167  0.630331 0.195532 -0.751299  0.463286 0.509941 1 0 1.000000
0  35.803310 89.197891 2.067703  0.636902 0.231323 -0.735422  0.463369 0.510025 1 0 1.000000
0  37.538345 89.234070 3.545925  0.698015 0.244677 -0.672985  0.453160 0.519397 1 0 1.000000
skin_0dam
0  37.538345 89.234070 3.545925  0.698015 0.244677 -0.672985  0.453160 0.519397 1 0 1.000000
0  37.572117 89.042557 3.517124  0.707635 0.179715 -0.683341  0.452993 0.519229 1 0 1.000000
0  35.823845 89.005859 2.053167  0.630331 0.195532 -0.751299  0.463286 0.509941 1 0 1.000000
skin_0dam
0  36.175152 86.691879 1.723343  0.639390 0.187138 -0.745761  0.461612 0.508016 1 0 1.000000
0  35.823845 89.005859 2.053167  0.630331 0.195532 -0.751299  0.463286 0.509941 1 0 1.000000
0  37.572117 89.042557 3.517124  0.707635 0.179715 -0.683341  0.452993 0.519229 1 0 1.000000
skin_0dam
0  37.572117 89.042557 3.517124  0.707635 0.179715 -0.683341  0.452993 0.519229 1 0 1.000000
0  37.840443 86.739212 3.190380  0.714563 0.175955 -0.677081  0.451822 0.517305 1 0 1.000000
0  36.175152 86.691879 1.723343  0.639390 0.187138 -0.745761  0.461612 0.508016 1 0 1.000000
skin_0dam
0  37.840443 86.739212 3.190380  0.714563 0.175955 -0.677081  0.451822 0.517305 1 0 1.000000
0  37.572117 89.042557 3.517124  0.707635 0.179715 -0.683341  0.452993 0.519229 1 0 1.000000
0  38.397453 89.017303 4.560816  0.843538 0.167952 -0.510132  0.448223 0.525757 1 0 1.000000
skin_0dam
0  38.397453 89.017303 4.560816  0.843538 0.167952 -0.510132  0.448223 0.525757 1 0 1.000000
0  38.695301 86.728745 4.301840  0.846830 0.165562 -0.505439  0.446884 0.524250 1 0 1.000000
0  37.840443 86.739212 3.190380  0.714563 0.175955 -0.677081  0.451822 0.517305 1 0 1.000000
skin_0dam
0  38.695301 86.728745 4.301840  0.846830 0.165562 -0.505439  0.446884 0.524250 1 0 1.000000
0  38.397453 89.017303 4.560816  0.843538 0.167952 -0.510132  0.448223 0.525757 1 0 1.000000
0  39.167450 88.906387 6.253902  0.925616 0.155415 -0.345081  0.443956 0.536216 1 0 1.000000
skin_0dam
0  39.167450 88.906387 6.253902  0.925616 0.155415 -0.345081  0.443956 0.536216 1 0 1.000000
0  39.465279 86.631592 6.008705  0.926743 0.155395 -0.342052  0.442617 0.534794 1 0 1.000000
0  38.695301 86.728745 4.301840  0.846830 0.165562 -0.505439  0.446884 0.524250 1 0 1.000000
skin_0dam
0  39.465279 86.631592 6.008705  0.926743 0.155395 -0.342052  0.442617 0.534794 1 0 1.000000
0  39.167450 88.906387 6.253902  0.925616 0.155415 -0.345081  0.443956 0.536216 1 0 1.000000
0  40.194386 88.555206 9.424976  0.954999 0.152501 -0.254400  0.438516 0.555714 1 0 1.000000
skin_0dam
0  40.194386 88.555206 9.424976  0.954999 0.152501 -0.254400  0.438516 0.555714 1 0 1.000000
0  40.526905 86.212685 9.302448  0.956124 0.151174 -0.250945  0.437010 0.555044 1 0 1.000000
0  39.465279 86.631592 6.008705  0.926743 0.155395 -0.342052  0.442617 0.534794 1 0 1.000000
skin_0dam
0  40.526905 86.212685 9.302448  0.956124 0.151174 -0.250945  0.437010 0.555044 1 0 1.000000
0  40.194386 88.555206 9.424976  0.954999 0.152501 -0.254400  0.438516 0.555714 1 0 1.000000
0  41.178043 87.705750 13.148590  0.969686 0.139929 -0.200323  0.433579 0.578559 1 0 1.000000
skin_0dam
0  41.178043 87.705750 13.148590  0.969686 0.139929 -0.200323  0.433579 0.578559 1 0 1.000000
0  41.345974 85.481789 12.426144  0.969944 0.138907 -0.199784  0.432910 0.574207 1 0 1.000000
0  40.526905 86.212685 9.302448  0.956124 0.151174 -0.250945  0.437010 0.555044 1 0 1.000000
skin_0dam
0  42.047199 84.443619 15.402702  0.979381 0.123082 -0.160200  0.429563 0.592449 1 0 1.000000
0  41.345974 85.481789 12.426144  0.969944 0.138907 -0.199784  0.432910 0.574207 1 0 1.000000
0  41.178043 87.705750 13.148590  0.969686 0.139929 -0.200323  0.433579 0.578559 1 0 1.000000
skin_0dam
0  41.178043 87.705750 13.148590  0.969686 0.139929 -0.200323  0.433579 0.578559 1 0 1.000000
0  41.955341 86.477112 16.494205  0.979244 0.125344 -0.159280  0.429897 0.599060 1 0 1.000000
0  42.047199 84.443619 15.402702  0.979381 0.123082 -0.160200  0.429563 0.592449 1 0 1.000000
skin_0dam
0  42.047199 84.443619 15.402702  0.979381 0.123082 -0.160200  0.429563 0.592449 1 0 1.000000
0  41.955341 86.477112 16.494205  0.979244 0.125344 -0.159280  0.429897 0.599060 1 0 1.000000
0  42.602188 84.789368 19.569195  0.986970 0.095120 -0.129775  0.427052 0.617888 1 0 1.000000
skin_0dam
0  42.602188 84.789368 19.569195  0.986970 0.095120 -0.129775  0.427052 0.617888 1 0 1.000000
0  41.955341 86.477112 16.494205  0.979244 0.125344 -0.159280  0.429897 0.599060 1 0 1.000000
0  41.952133 86.655914 16.590736  0.974007 0.184899 -0.130854  0.429897 0.599646 1 0 1.000000
skin_0dam
0  39.145863 89.125923 6.268476  0.910550 0.259046 -0.322172  0.444039 0.536300 1 0 1.000000
0  39.167450 88.906387 6.253902  0.925616 0.155415 -0.345081  0.443956 0.536216 1 0 1.000000
0  38.397453 89.017303 4.560816  0.843538 0.167952 -0.510132  0.448223 0.525757 1 0 1.000000
skin_0dam
0  40.159050 88.774239 9.440062  0.952027 0.180040 -0.247446  0.438684 0.555798 1 0 1.000000
0  39.167450 88.906387 6.253902  0.925616 0.155415 -0.345081  0.443956 0.536216 1 0 1.000000
0  39.145863 89.125923 6.268476  0.910550 0.259046 -0.322172  0.444039 0.536300 1 0 1.000000
skin_0dam
0  40.159050 88.774239 9.440062  0.952027 0.180040 -0.247446  0.438684 0.555798 1 0 1.000000
0  40.194386 88.555206 9.424976  0.954999 0.152501 -0.254400  0.438516 0.555714 1 0 1.000000
0  39.167450 88.906387 6.253902  0.925616 0.155415 -0.345081  0.443956 0.536216 1 0 1.000000
skin_0dam
0  40.194386 88.555206 9.424976  0.954999 0.152501 -0.254400  0.438516 0.555714 1 0 1.000000
0  40.159050 88.774239 9.440062  0.952027 0.180040 -0.247446  0.438684 0.555798 1 0 1.000000
0  41.159035 87.897789 13.204388  0.965173 0.184973 -0.185005  0.433663 0.578893 1 0 1.000000
skin_0dam
0  41.159035 87.897789 13.204388  0.965173 0.184973 -0.185005  0.433663 0.578893 1 0 1.000000
0  41.178043 87.705750 13.148590  0.969686 0.139929 -0.200323  0.433579 0.578559 1 0 1.000000
0  40.194386 88.555206 9.424976  0.954999 0.152501 -0.254400  0.438516 0.555714 1 0 1.000000
skin_0dam
0  41.955341 86.477112 16.494205  0.979244 0.125344 -0.159280  0.429897 0.599060 1 0 1.000000
0  41.178043 87.705750 13.148590  0.969686 0.139929 -0.200323  0.433579 0.578559 1 0 1.000000
0  41.159035 87.897789 13.204388  0.965173 0.184973 -0.185005  0.433663 0.578893 1 0 1.000000
skin_0dam
0  41.159035 87.897789 13.204388  0.965173 0.184973 -0.185005  0.433663 0.578893 1 0 1.000000
0  41.952133 86.655914 16.590736  0.974007 0.184899 -0.130854  0.429897 0.599646 1 0 1.000000
0  41.955341 86.477112 16.494205  0.979244 0.125344 -0.159280  0.429897 0.599060 1 0 1.000000
skin_0dam
0  41.920910 86.847420 16.688309  0.965609 0.238347 -0.103872  0.430065 0.600232 1 0 1.000000
0  41.952133 86.655914 16.590736  0.974007 0.184899 -0.130854  0.429897 0.599646 1 0 1.000000
0  41.159035 87.897789 13.204388  0.965173 0.184973 -0.185005  0.433663 0.578893 1 0 1.000000
skin_0dam
0  41.159035 87.897789 13.204388  0.965173 0.184973 -0.185005  0.433663 0.578893 1 0 1.000000
0  41.126293 88.089294 13.260696  0.959785 0.226438 -0.165947  0.433830 0.579228 1 0 1.000000
0  41.920910 86.847420 16.688309  0.965609 0.238347 -0.103872  0.430065 0.600232 1 0 1.000000
skin_0dam
0  41.126293 88.089294 13.260696  0.959785 0.226438 -0.165947  0.433830 0.579228 1 0 1.000000
0  41.159035 87.897789 13.204388  0.965173 0.184973 -0.185005  0.433663 0.578893 1 0 1.000000
0  40.159050 88.774239 9.440062  0.952027 0.180040 -0.247446  0.438684 0.555798 1 0 1.000000
skin_0dam
0  40.159050 88.774239 9.440062  0.952027 0.180040 -0.247446  0.438684 0.555798 1 0 1.000000
0  40.124237 88.993248 9.468901  0.948581 0.209740 -0.237074  0.438851 0.555965 1 0 1.000000
0  41.126293 88.089294 13.260696  0.959785 0.226438 -0.165947  0.433830 0.579228 1 0 1.000000
skin_0dam
0  40.027283 89.223938 9.320992  0.875844 0.250684 -0.412376  0.439353 0.555044 1 0 1.000000
0  40.124237 88.993248 9.468901  0.948581 0.209740 -0.237074  0.438851 0.555965 1 0 1.000000
0  40.159050 88.774239 9.440062  0.952027 0.180040 -0.247446  0.438684 0.555798 1 0 1.000000
skin_0dam
0  40.159050 88.774239 9.440062  0.952027 0.180040 -0.247446  0.438684 0.555798 1 0 1.000000
0  40.064289 88.826118 9.168112  0.939979 0.122357 -0.318540  0.439186 0.554124 1 0 1.000000
0  40.027283 89.223938 9.320992  0.875844 0.250684 -0.412376  0.439353 0.555044 1 0 1.000000
skin_0dam
0  39.080971 90.772751 8.805180  0.860113 0.280229 -0.426236  0.444625 0.551697 1 0 1.000000
0  40.027283 89.223938 9.320992  0.875844 0.250684 -0.412376  0.439353 0.555044 1 0 1.000000
0  40.064289 88.826118 9.168112  0.939979 0.122357 -0.318540  0.439186 0.554124 1 0 1.000000
skin_0dam
0  40.064289 88.826118 9.168112  0.939979 0.122357 -0.318540  0.439186 0.554124 1 0 1.000000
0  39.017303 90.784409 8.587168  0.928058 0.289552 -0.234239  0.444960 0.550358 1 0 1.000000
0  39.080971 90.772751 8.805180  0.860113 0.280229 -0.426236  0.444625 0.551697 1 0 1.000000
skin_0dam
0  39.017303 90.784409 8.587168  0.928058 0.289552 -0.234239  0.444960 0.550358 1 0 1.000000
0  40.064289 88.826118 9.168112  0.939979 0.122357 -0.318540  0.439186 0.554124 1 0 1.000000
0  39.145863 89.125923 6.268476  0.910550 0.259046 -0.322172  0.444039 0.536300 1 0 1.000000
skin_0dam
0  40.159050 88.774239 9.440062  0.952027 0.180040 -0.247446  0.438684 0.555798 1 0 1.000000
0  39.145863 89.125923 6.268476  0.910550 0.259046 -0.322172  0.444039 0.536300 1 0 1.000000
0  40.064289 88.826118 9.168112  0.939979 0.122357 -0.318540  0.439186 0.554124 1 0 1.000000
plate
0  6.053598 113.482758 15.260933  -0.028224 0.971811 0.234064  0.013672 0.020478 1 0 1.000000
0  -7.086123 112.983696 15.748574  -0.028224 0.971812 0.234062  0.982452 0.020478 1 0 1.000000
0  -6.825372 111.632164 21.391464  -0.028224 0.971812 0.234063  0.982452 0.981445 1 0 1.000000
plate
0  -6.825372 111.632164 21.391464  -0.028224 0.971812 0.234063  0.982452 0.981445 1 0 1.000000
0  6.314352 112.131233 20.903824  -0.028225 0.971811 0.234065  0.013672 0.981445 1 0 1.000000
0  6.053598 113.482758 15.260933  -0.028224 0.971811 0.234064  0.013672 0.020478 1 0 1.000000
plate
0  6.053598 113.482758 15.260933  -0.413325 0.701184 0.580951  0.013672 0.020478 1 0 1.000000
0  6.314352 112.131233 20.903824  -0.447826 0.879151 -0.162927  0.013672 0.981445 1 0 1.000000
0  6.447612 112.226311 20.877939  0.164769 0.922729 0.348456  0.007813 0.979492 1 0 1.000000
plate
0  6.248886 111.994530 21.228294  0.215769 0.596553 0.773025  0.017579 0.999023 1 0 1.000000
0  6.210095 112.165672 21.101070  0.145928 0.886492 0.439132  0.018555 0.991211 1 0 1.000000
0  -6.709714 111.674957 21.580547  -0.172091 0.877603 0.447434  0.978545 0.991211 1 0 1.000000
plate
0  -6.709714 111.674957 21.580547  -0.172091 0.877603 0.447434  0.978545 0.991211 1 0 1.000000
0  -6.712160 111.502251 21.709303  -0.206881 0.585110 0.784122  0.979522 0.999023 1 0 1.000000
0  6.248886 111.994530 21.228294  0.215769 0.596553 0.773025  0.017579 0.999023 1 0 1.000000
plate
0  -6.712160 111.502251 21.709303  -0.206881 0.585110 0.784122  0.979522 0.999023 1 0 1.000000
0  -6.709714 111.674957 21.580547  -0.172091 0.877603 0.447434  0.978545 0.991211 1 0 1.000000
0  -6.967001 111.716805 21.375778  -0.208395 0.909551 0.359566  0.989288 0.979492 1 0 1.000000
plate
0  -6.967001 111.716805 21.375778  -0.208395 0.909551 0.359566  0.989288 0.979492 1 0 1.000000
0  -7.098091 111.565018 21.402153  -0.591129 0.663973 0.457937  0.995148 0.982421 1 0 1.000000
0  -6.712160 111.502251 21.709303  -0.206881 0.585110 0.784122  0.979522 0.999023 1 0 1.000000
plate
0  -7.359460 112.919739 15.745889  -0.614790 0.786777 -0.054909  0.995148 0.020478 1 0 1.000000
0  -7.098091 111.565018 21.402153  -0.591129 0.663973 0.457937  0.995148 0.982421 1 0 1.000000
0  -6.967001 111.716805 21.375778  -0.208395 0.909551 0.359566  0.989288 0.979492 1 0 1.000000
plate
0  -6.967001 111.716805 21.375778  -0.208395 0.909551 0.359566  0.989288 0.979492 1 0 1.000000
0  -7.223428 113.045921 15.826492  -0.219966 0.969284 0.110018  0.989288 0.023408 1 0 1.000000
0  -7.359460 112.919739 15.745889  -0.614790 0.786777 -0.054909  0.995148 0.020478 1 0 1.000000
plate
0  -7.003188 113.010712 15.411195  -0.261951 0.871901 -0.413728  0.979522 0.001923 1 0 1.000000
0  -7.359460 112.919739 15.745889  -0.614790 0.786777 -0.054909  0.995148 0.020478 1 0 1.000000
0  -7.223428 113.045921 15.826492  -0.219966 0.969284 0.110018  0.989288 0.023408 1 0 1.000000
plate
0  -7.223428 113.045921 15.826492  -0.219966 0.969284 0.110018  0.989288 0.023408 1 0 1.000000
0  -6.986532 113.109764 15.589989  -0.191713 0.981340 0.014735  0.978545 0.010712 1 0 1.000000
0  -7.003188 113.010712 15.411195  -0.261951 0.871901 -0.413728  0.979522 0.001923 1 0 1.000000
plate
0  -7.003188 113.010712 15.411195  -0.261951 0.871901 -0.413728  0.979522 0.001923 1 0 1.000000
0  -6.986532 113.109764 15.589989  -0.191713 0.981340 0.014735  0.978545 0.010712 1 0 1.000000
0  5.933279 113.600471 15.110509  0.125935 0.992037 -0.001921  0.018555 0.010712 1 0 1.000000
plate
0  5.933279 113.600471 15.110509  0.125935 0.992037 -0.001921  0.018555 0.010712 1 0 1.000000
0  -6.986532 113.109764 15.589989  -0.191713 0.981340 0.014735  0.978545 0.010712 1 0 1.000000
0  -7.086123 112.983696 15.748574  0.401279 0.731490 0.551269  0.982452 0.020478 1 0 1.000000
plate
0  -7.086123 112.983696 15.748574  0.401279 0.731490 0.551269  0.982452 0.020478 1 0 1.000000
0  6.053598 113.482758 15.260933  -0.413325 0.701184 0.580951  0.013672 0.020478 1 0 1.000000
0  5.933279 113.600471 15.110509  0.125935 0.992037 -0.001921  0.018555 0.010712 1 0 1.000000
plate
0  6.191184 113.555428 15.328650  0.152966 0.983773 0.093771  0.007813 0.023408 1 0 1.000000
0  5.933279 113.600471 15.110509  0.125935 0.992037 -0.001921  0.018555 0.010712 1 0 1.000000
0  6.053598 113.482758 15.260933  -0.413325 0.701184 0.580951  0.013672 0.020478 1 0 1.000000
plate
0  6.447612 112.226311 20.877939  0.164769 0.922729 0.348456  0.007813 0.979492 1 0 1.000000
0  6.191184 113.555428 15.328650  0.152966 0.983773 0.093771  0.007813 0.023408 1 0 1.000000
0  6.053598 113.482758 15.260933  -0.413325 0.701184 0.580951  0.013672 0.020478 1 0 1.000000
plate
0  6.191184 113.555428 15.328650  0.152966 0.983773 0.093771  0.007813 0.023408 1 0 1.000000
0  6.447612 112.226311 20.877939  0.164769 0.922729 0.348456  0.007813 0.979492 1 0 1.000000
0  6.618902 112.086014 20.893089  0.570357 0.707517 0.417268  0.000977 0.982421 1 0 1.000000
plate
0  6.248886 111.994530 21.228294  0.215769 0.596553 0.773025  0.017579 0.999023 1 0 1.000000
0  6.618902 112.086014 20.893089  0.570357 0.707517 0.417268  0.000977 0.982421 1 0 1.000000
0  6.447612 112.226311 20.877939  0.164769 0.922729 0.348456  0.007813 0.979492 1 0 1.000000
plate
0  6.447612 112.226311 20.877939  0.164769 0.922729 0.348456  0.007813 0.979492 1 0 1.000000
0  6.210095 112.165672 21.101070  0.145928 0.886492 0.439132  0.018555 0.991211 1 0 1.000000
0  6.248886 111.994530 21.228294  0.215769 0.596553 0.773025  0.017579 0.999023 1 0 1.000000
plate
0  6.210095 112.165672 21.101070  0.145928 0.886492 0.439132  0.018555 0.991211 1 0 1.000000
0  6.447612 112.226311 20.877939  0.164769 0.922729 0.348456  0.007813 0.979492 1 0 1.000000
0  6.314352 112.131233 20.903824  -0.447826 0.879151 -0.162927  0.013672 0.981445 1 0 1.000000
plate
0  -6.709714 111.674957 21.580547  -0.172091 0.877603 0.447434  0.978545 0.991211 1 0 1.000000
0  6.210095 112.165672 21.101070  0.145928 0.886492 0.439132  0.018555 0.991211 1 0 1.000000
0  6.314352 112.131233 20.903824  -0.447826 0.879151 -0.162927  0.013672 0.981445 1 0 1.000000
plate
0  6.314352 112.131233 20.903824  -0.447826 0.879151 -0.162927  0.013672 0.981445 1 0 1.000000
0  -6.825372 111.632164 21.391464  0.366436 0.910196 -0.193049  0.982452 0.981445 1 0 1.000000
0  -6.709714 111.674957 21.580547  -0.172091 0.877603 0.447434  0.978545 0.991211 1 0 1.000000
plate
0  -6.967001 111.716805 21.375778  -0.208395 0.909551 0.359566  0.989288 0.979492 1 0 1.000000
0  -6.709714 111.674957 21.580547  -0.172091 0.877603 0.447434  0.978545 0.991211 1 0 1.000000
0  -6.825372 111.632164 21.391464  0.366436 0.910196 -0.193049  0.982452 0.981445 1 0 1.000000
plate
0  -7.223428 113.045921 15.826492  -0.219966 0.969284 0.110018  0.989288 0.023408 1 0 1.000000
0  -6.967001 111.716805 21.375778  -0.208395 0.909551 0.359566  0.989288 0.979492 1 0 1.000000
0  -6.825372 111.632164 21.391464  0.366436 0.910196 -0.193049  0.982452 0.981445 1 0 1.000000
plate
0  -6.825372 111.632164 21.391464  0.366436 0.910196 -0.193049  0.982452 0.981445 1 0 1.000000
0  -7.086123 112.983696 15.748574  0.401279 0.731490 0.551269  0.982452 0.020478 1 0 1.000000
0  -7.223428 113.045921 15.826492  -0.219966 0.969284 0.110018  0.989288 0.023408 1 0 1.000000
plate
0  -6.986532 113.109764 15.589989  -0.191713 0.981340 0.014735  0.978545 0.010712 1 0 1.000000
0  -7.223428 113.045921 15.826492  -0.219966 0.969284 0.110018  0.989288 0.023408 1 0 1.000000
0  -7.086123 112.983696 15.748574  0.401279 0.731490 0.551269  0.982452 0.020478 1 0 1.000000
plate
0  5.933279 113.600471 15.110509  0.125935 0.992037 -0.001921  0.018555 0.010712 1 0 1.000000
0  5.957856 113.502991 14.930185  0.160228 0.885930 -0.435264  0.017579 0.001923 1 0 1.000000
0  -7.003188 113.010712 15.411195  -0.261951 0.871901 -0.413728  0.979522 0.001923 1 0 1.000000
plate
0  5.957856 113.502991 14.930185  0.160228 0.885930 -0.435264  0.017579 0.001923 1 0 1.000000
0  5.933279 113.600471 15.110509  0.125935 0.992037 -0.001921  0.018555 0.010712 1 0 1.000000
0  6.191184 113.555428 15.328650  0.152966 0.983773 0.093771  0.007813 0.023408 1 0 1.000000
plate
0  6.191184 113.555428 15.328650  0.152966 0.983773 0.093771  0.007813 0.023408 1 0 1.000000
0  6.357531 113.440735 15.236824  0.546552 0.831426 -0.100055  0.000977 0.020478 1 0 1.000000
0  5.957856 113.502991 14.930185  0.160228 0.885930 -0.435264  0.017579 0.001923 1 0 1.000000
plate
0  6.618902 112.086014 20.893089  0.570357 0.707517 0.417268  0.000977 0.982421 1 0 1.000000
0  6.357531 113.440735 15.236824  0.546552 0.831426 -0.100055  0.000977 0.020478 1 0 1.000000
0  6.191184 113.555428 15.328650  0.152966 0.983773 0.093771  0.007813 0.023408 1 0 1.000000
sirens
0  -16.377352 113.104813 17.922432  -0.173625 0.984812 0.000000  0.438490 0.003876 1 0 1.000000
0  -16.503399 113.082596 18.003883  -0.173584 0.984819 0.000000  0.452162 0.017548 1 0 1.000000
0  -16.503399 113.082596 19.609627  -0.173582 0.984819 0.000000  0.452162 0.251930 1 0 1.000000
sirens
0  -16.377352 113.104813 17.922432  -0.173625 0.984812 0.000000  0.438490 0.003876 1 0 1.000000
0  -16.503399 113.082596 19.609627  -0.173582 0.984819 0.000000  0.452162 0.251930 1 0 1.000000
0  -16.377352 113.104813 19.702713  -0.173625 0.984812 0.000000  0.438490 0.264626 1 0 1.000000
sirens
0  -16.377352 113.104813 17.922432  -0.173625 0.984812 0.000000  0.438490 0.003876 1 0 1.000000
0  -16.377352 113.104813 19.702713  -0.173625 0.984812 0.000000  0.438490 0.264626 1 0 1.000000
0  -12.825044 113.731194 17.922432  -0.173624 0.984812 0.000000  0.045900 0.003876 1 0 1.000000
sirens
0  -16.377352 113.104813 19.702713  -0.173625 0.984812 0.000000  0.438490 0.264626 1 0 1.000000
0  -12.825044 113.731194 19.702717  -0.173625 0.984812 0.000000  0.045900 0.264626 1 0 1.000000
0  -12.825044 113.731194 17.922432  -0.173624 0.984812 0.000000  0.045900 0.003876 1 0 1.000000
sirens
0  -12.825044 113.731194 19.702717  -0.173625 0.984812 0.000000  0.045900 0.264626 1 0 1.000000
0  -12.698994 113.753410 19.609631  -0.173579 0.984820 0.000000  0.031251 0.251930 1 0 1.000000
0  -12.825044 113.731194 17.922432  -0.173624 0.984812 0.000000  0.045900 0.003876 1 0 1.000000
sirens
0  -12.698994 113.753410 19.609631  -0.173579 0.984820 0.000000  0.031251 0.251930 1 0 1.000000
0  -12.698994 113.753410 18.003883  -0.173580 0.984820 0.000000  0.031251 0.017548 1 0 1.000000
0  -12.825044 113.731194 17.922432  -0.173624 0.984812 0.000000  0.045900 0.003876 1 0 1.000000
sirens
0  -16.448759 113.375771 17.899162  -0.228652 0.781225 -0.580866  0.006007 0.095743 1 0 1.000000
0  -12.850616 114.010231 17.899162  -0.052326 0.812389 -0.580764  0.006007 0.095743 1 0 1.000000
0  -12.687505 113.956284 17.806076  0.203309 0.525921 -0.825877  0.006007 0.095743 1 0 1.000000
sirens
0  -12.549996 113.980537 17.899162  0.670067 0.629777 -0.392926  0.006007 0.095743 1 0 1.000000
0  -12.687505 113.956284 17.806076  0.203309 0.525921 -0.825877  0.006007 0.095743 1 0 1.000000
0  -12.850616 114.010231 17.899162  -0.052326 0.812389 -0.580764  0.006007 0.095743 1 0 1.000000
sirens
0  -12.850616 114.010231 17.899162  -0.052326 0.812389 -0.580764  0.006007 0.095743 1 0 1.000000
0  -12.724566 114.032448 17.992249  0.213809 0.957365 -0.194261  0.006007 0.095743 1 0 1.000000
0  -12.549996 113.980537 17.899162  0.670067 0.629777 -0.392926  0.006007 0.095743 1 0 1.000000
sirens
0  -12.549996 113.980537 19.714352  0.671227 0.629089 0.392048  0.006007 0.095743 1 0 1.000000
0  -12.549996 113.980537 17.899162  0.670067 0.629777 -0.392926  0.006007 0.095743 1 0 1.000000
0  -12.724566 114.032448 17.992249  0.213809 0.957365 -0.194261  0.006007 0.095743 1 0 1.000000
sirens
0  -12.724566 114.032448 17.992249  0.213809 0.957365 -0.194261  0.006007 0.095743 1 0 1.000000
0  -12.724566 114.032448 19.632900  0.213482 0.958403 0.189442  0.006007 0.095743 1 0 1.000000
0  -12.549996 113.980537 19.714352  0.671227 0.629089 0.392048  0.006007 0.095743 1 0 1.000000
sirens
0  -12.687505 113.956284 19.807438  0.203767 0.523775 0.827127  0.006007 0.095743 1 0 1.000000
0  -12.549996 113.980537 19.714352  0.671227 0.629089 0.392048  0.006007 0.095743 1 0 1.000000
0  -12.724566 114.032448 19.632900  0.213482 0.958403 0.189442  0.006007 0.095743 1 0 1.000000
sirens
0  -12.724566 114.032448 19.632900  0.213482 0.958403 0.189442  0.006007 0.095743 1 0 1.000000
0  -12.850616 114.010231 19.714352  -0.054166 0.812467 0.580485  0.006007 0.095743 1 0 1.000000
0  -12.687505 113.956284 19.807438  0.203767 0.523775 0.827127  0.006007 0.095743 1 0 1.000000
sirens
0  -16.583584 113.269295 19.807438  -0.370558 0.422451 0.827177  0.006007 0.095743 1 0 1.000000
0  -12.687505 113.956284 19.807438  0.203767 0.523775 0.827127  0.006007 0.095743 1 0 1.000000
0  -12.850616 114.010231 19.714352  -0.054166 0.812467 0.580485  0.006007 0.095743 1 0 1.000000
sirens
0  -12.850616 114.010231 19.714352  -0.054166 0.812467 0.580485  0.006007 0.095743 1 0 1.000000
0  -16.448759 113.375771 19.714352  -0.226911 0.781934 0.580595  0.006007 0.095743 1 0 1.000000
0  -16.583584 113.269295 19.807438  -0.370558 0.422451 0.827177  0.006007 0.095743 1 0 1.000000
sirens
0  -16.583584 113.269295 19.807438  -0.370558 0.422451 0.827177  0.006007 0.095743 1 0 1.000000
0  -16.448759 113.375771 19.714352  -0.226911 0.781934 0.580595  0.006007 0.095743 1 0 1.000000
0  -16.574810 113.353561 19.632900  -0.528401 0.827560 0.189571  0.006007 0.095743 1 0 1.000000
sirens
0  -16.574810 113.353561 19.632900  -0.528401 0.827560 0.189571  0.006007 0.095743 1 0 1.000000
0  -16.709635 113.247086 19.714352  -0.845780 0.361648 0.392258  0.006007 0.095743 1 0 1.000000
0  -16.583584 113.269295 19.807438  -0.370558 0.422451 0.827177  0.006007 0.095743 1 0 1.000000
sirens
0  -16.709635 113.247086 19.714352  -0.845780 0.361648 0.392258  0.006007 0.095743 1 0 1.000000
0  -16.574810 113.353561 19.632900  -0.528401 0.827560 0.189571  0.006007 0.095743 1 0 1.000000
0  -16.574810 113.353561 17.992249  -0.528391 0.826453 -0.194366  0.006007 0.095743 1 0 1.000000
sirens
0  -16.574810 113.353561 17.992249  -0.528391 0.826453 -0.194366  0.006007 0.095743 1 0 1.000000
0  -16.709635 113.247086 17.899162  -0.844963 0.362749 -0.393001  0.006007 0.095743 1 0 1.000000
0  -16.709635 113.247086 19.714352  -0.845780 0.361648 0.392258  0.006007 0.095743 1 0 1.000000
sirens
0  -16.709635 113.247086 17.899162  -0.844963 0.362749 -0.393001  0.006007 0.095743 1 0 1.000000
0  -16.574810 113.353561 17.992249  -0.528391 0.826453 -0.194366  0.006007 0.095743 1 0 1.000000
0  -16.448759 113.375771 17.899162  -0.228652 0.781225 -0.580866  0.006007 0.095743 1 0 1.000000
sirens
0  -16.448759 113.375771 17.899162  -0.228652 0.781225 -0.580866  0.006007 0.095743 1 0 1.000000
0  -16.583584 113.269295 17.806076  -0.370854 0.424643 -0.825921  0.006007 0.095743 1 0 1.000000
0  -16.709635 113.247086 17.899162  -0.844963 0.362749 -0.393001  0.006007 0.095743 1 0 1.000000
sirens
0  -12.687505 113.956284 17.806076  0.203309 0.525921 -0.825877  0.006007 0.095743 1 0 1.000000
0  -16.583584 113.269295 17.806076  -0.370854 0.424643 -0.825921  0.006007 0.095743 1 0 1.000000
0  -16.448759 113.375771 17.899162  -0.228652 0.781225 -0.580866  0.006007 0.095743 1 0 1.000000
sirens
0  -16.583584 113.269295 17.806076  -0.370854 0.424643 -0.825921  0.006007 0.095743 1 0 1.000000
0  -12.687505 113.956284 17.806076  0.203309 0.525921 -0.825877  0.006007 0.095743 1 0 1.000000
0  -12.444321 112.912170 17.771168  0.307775 0.098137 -0.946385  0.006007 0.095743 1 0 1.000000
sirens
0  -12.444321 112.912170 17.771168  0.307775 0.098137 -0.946385  0.006007 0.095743 1 0 1.000000
0  -12.687505 113.956284 17.806076  0.203309 0.525921 -0.825877  0.006007 0.095743 1 0 1.000000
0  -12.549996 113.980537 17.899162  0.670067 0.629777 -0.392926  0.006007 0.095743 1 0 1.000000
sirens
0  -12.549996 113.980537 17.899162  0.670067 0.629777 -0.392926  0.006007 0.095743 1 0 1.000000
0  -12.306812 112.936409 17.875889  0.866995 0.215815 -0.449159  0.006007 0.095743 1 0 1.000000
0  -12.444321 112.912170 17.771168  0.307775 0.098137 -0.946385  0.006007 0.095743 1 0 1.000000
sirens
0  -12.306812 112.936409 19.737625  0.867666 0.216530 0.447515  0.006007 0.095743 1 0 1.000000
0  -12.306812 112.936409 17.875889  0.866995 0.215815 -0.449159  0.006007 0.095743 1 0 1.000000
0  -12.549996 113.980537 17.899162  0.670067 0.629777 -0.392926  0.006007 0.095743 1 0 1.000000
sirens
0  -12.549996 113.980537 17.899162  0.670067 0.629777 -0.392926  0.006007 0.095743 1 0 1.000000
0  -12.549996 113.980537 19.714352  0.671227 0.629089 0.392048  0.006007 0.095743 1 0 1.000000
0  -12.306812 112.936409 19.737625  0.867666 0.216530 0.447515  0.006007 0.095743 1 0 1.000000
sirens
0  -12.306812 112.936409 19.737625  0.867666 0.216530 0.447515  0.006007 0.095743 1 0 1.000000
0  -12.549996 113.980537 19.714352  0.671227 0.629089 0.392048  0.006007 0.095743 1 0 1.000000
0  -12.687505 113.956284 19.807438  0.203767 0.523775 0.827127  0.006007 0.095743 1 0 1.000000
sirens
0  -12.687505 113.956284 19.807438  0.203767 0.523775 0.827127  0.006007 0.095743 1 0 1.000000
0  -12.444323 112.912170 19.842346  0.308261 0.098229 0.946217  0.006007 0.095743 1 0 1.000000
0  -12.306812 112.936409 19.737625  0.867666 0.216530 0.447515  0.006007 0.095743 1 0 1.000000
sirens
0  -16.454990 112.204987 19.842346  -0.323256 -0.013142 0.946220  0.006007 0.095743 1 0 1.000000
0  -12.444323 112.912170 19.842346  0.308261 0.098229 0.946217  0.006007 0.095743 1 0 1.000000
0  -12.687505 113.956284 19.807438  0.203767 0.523775 0.827127  0.006007 0.095743 1 0 1.000000
sirens
0  -12.687505 113.956284 19.807438  0.203767 0.523775 0.827127  0.006007 0.095743 1 0 1.000000
0  -16.583584 113.269295 19.807438  -0.370558 0.422451 0.827177  0.006007 0.095743 1 0 1.000000
0  -16.454990 112.204987 19.842346  -0.323256 -0.013142 0.946220  0.006007 0.095743 1 0 1.000000
sirens
0  -16.592499 112.180733 19.737621  -0.888776 -0.093523 0.448698  0.006007 0.095743 1 0 1.000000
0  -16.454990 112.204987 19.842346  -0.323256 -0.013142 0.946220  0.006007 0.095743 1 0 1.000000
0  -16.583584 113.269295 19.807438  -0.370558 0.422451 0.827177  0.006007 0.095743 1 0 1.000000
sirens
0  -16.583584 113.269295 19.807438  -0.370558 0.422451 0.827177  0.006007 0.095743 1 0 1.000000
0  -16.709635 113.247086 19.714352  -0.845780 0.361648 0.392258  0.006007 0.095743 1 0 1.000000
0  -16.592499 112.180733 19.737621  -0.888776 -0.093523 0.448698  0.006007 0.095743 1 0 1.000000
sirens
0  -16.592499 112.180733 19.737621  -0.888776 -0.093523 0.448698  0.006007 0.095743 1 0 1.000000
0  -16.709635 113.247086 19.714352  -0.845780 0.361648 0.392258  0.006007 0.095743 1 0 1.000000
0  -16.709635 113.247086 17.899162  -0.844963 0.362749 -0.393001  0.006007 0.095743 1 0 1.000000
sirens
0  -16.709635 113.247086 17.899162  -0.844963 0.362749 -0.393001  0.006007 0.095743 1 0 1.000000
0  -16.592497 112.180733 17.875889  -0.888519 -0.093716 -0.449168  0.006007 0.095743 1 0 1.000000
0  -16.592499 112.180733 19.737621  -0.888776 -0.093523 0.448698  0.006007 0.095743 1 0 1.000000
sirens
0  -16.454988 112.204987 17.771168  -0.322521 -0.013133 -0.946471  0.006007 0.095743 1 0 1.000000
0  -16.592497 112.180733 17.875889  -0.888519 -0.093716 -0.449168  0.006007 0.095743 1 0 1.000000
0  -16.709635 113.247086 17.899162  -0.844963 0.362749 -0.393001  0.006007 0.095743 1 0 1.000000
sirens
0  -16.709635 113.247086 17.899162  -0.844963 0.362749 -0.393001  0.006007 0.095743 1 0 1.000000
0  -16.583584 113.269295 17.806076  -0.370854 0.424643 -0.825921  0.006007 0.095743 1 0 1.000000
0  -16.454988 112.204987 17.771168  -0.322521 -0.013133 -0.946471  0.006007 0.095743 1 0 1.000000
sirens
0  -12.444321 112.912170 17.771168  0.307775 0.098137 -0.946385  0.006007 0.095743 1 0 1.000000
0  -16.454988 112.204987 17.771168  -0.322521 -0.013133 -0.946471  0.006007 0.095743 1 0 1.000000
0  -16.583584 113.269295 17.806076  -0.370854 0.424643 -0.825921  0.006007 0.095743 1 0 1.000000
sirens
0  16.052454 114.382629 18.700745  0.286043 0.937788 0.196808  0.977569 0.464827 1 0 1.000000
0  16.172834 114.319084 18.696278  0.432774 0.895182 0.106562  0.993194 0.464827 1 0 1.000000
0  16.111990 114.319084 17.056755  0.423007 0.895525 -0.138201  0.993194 0.284158 1 0 1.000000
sirens
0  16.052454 114.382629 18.700745  0.286043 0.937788 0.196808  0.977569 0.464827 1 0 1.000000
0  16.049137 114.336494 18.782375  0.248679 0.879580 0.405582  0.977569 0.474593 1 0 1.000000
0  16.172834 114.319084 18.696278  0.432774 0.895182 0.106562  0.993194 0.464827 1 0 1.000000
sirens
0  12.432013 114.834030 18.916611  0.028028 0.910013 0.413630  0.516617 0.474593 1 0 1.000000
0  16.049137 114.336494 18.782375  0.248679 0.879580 0.405582  0.977569 0.474593 1 0 1.000000
0  16.052454 114.382629 18.700745  0.286043 0.937788 0.196808  0.977569 0.464827 1 0 1.000000
sirens
0  16.052454 114.382629 18.700745  0.286043 0.937788 0.196808  0.977569 0.464827 1 0 1.000000
0  12.435328 114.880142 18.834980  -0.007528 0.978190 0.207578  0.516617 0.464827 1 0 1.000000
0  12.432013 114.834030 18.916611  0.028028 0.910013 0.413630  0.516617 0.474593 1 0 1.000000
sirens
0  12.302279 114.851448 18.839916  -0.166400 0.977615 0.128766  0.500015 0.464827 1 0 1.000000
0  12.432013 114.834030 18.916611  0.028028 0.910013 0.413630  0.516617 0.474593 1 0 1.000000
0  12.435328 114.880142 18.834980  -0.007528 0.978190 0.207578  0.516617 0.464827 1 0 1.000000
sirens
0  12.302279 114.851448 18.839916  -0.166400 0.977615 0.128766  0.500015 0.464827 1 0 1.000000
0  12.435328 114.880142 18.834980  -0.007528 0.978190 0.207578  0.516617 0.464827 1 0 1.000000
0  12.374483 114.880142 17.195457  -0.022553 0.978179 -0.206536  0.516617 0.284158 1 0 1.000000
sirens
0  12.374483 114.880142 17.195457  -0.022553 0.978179 -0.206536  0.516617 0.284158 1 0 1.000000
0  12.241434 114.851448 17.200394  -0.174802 0.977766 -0.115833  0.500015 0.284158 1 0 1.000000
0  12.302279 114.851448 18.839916  -0.166400 0.977615 0.128766  0.500015 0.464827 1 0 1.000000
sirens
0  12.241434 114.851448 17.200394  -0.174802 0.977766 -0.115833  0.500015 0.284158 1 0 1.000000
0  12.374483 114.880142 17.195457  -0.022553 0.978179 -0.206536  0.516617 0.284158 1 0 1.000000
0  12.364695 114.834030 17.102669  -0.002469 0.909967 -0.414674  0.516617 0.274392 1 0 1.000000
sirens
0  15.981819 114.336494 16.968435  0.217432 0.879699 -0.422910  0.977569 0.274392 1 0 1.000000
0  12.364695 114.834030 17.102669  -0.002469 0.909967 -0.414674  0.516617 0.274392 1 0 1.000000
0  12.374483 114.880142 17.195457  -0.022553 0.978179 -0.206536  0.516617 0.284158 1 0 1.000000
sirens
0  12.374483 114.880142 17.195457  -0.022553 0.978179 -0.206536  0.516617 0.284158 1 0 1.000000
0  15.991610 114.382629 17.061222  0.270332 0.937882 -0.217480  0.977569 0.284158 1 0 1.000000
0  15.981819 114.336494 16.968435  0.217432 0.879699 -0.422910  0.977569 0.274392 1 0 1.000000
sirens
0  16.111990 114.319084 17.056755  0.423007 0.895525 -0.138201  0.993194 0.284158 1 0 1.000000
0  15.981819 114.336494 16.968435  0.217432 0.879699 -0.422910  0.977569 0.274392 1 0 1.000000
0  15.991610 114.382629 17.061222  0.270332 0.937882 -0.217480  0.977569 0.284158 1 0 1.000000
sirens
0  16.111990 114.319084 17.056755  0.423007 0.895525 -0.138201  0.993194 0.284158 1 0 1.000000
0  15.991610 114.382629 17.061222  0.270332 0.937882 -0.217480  0.977569 0.284158 1 0 1.000000
0  16.052454 114.382629 18.700745  0.286043 0.937788 0.196808  0.977569 0.464827 1 0 1.000000
sirens
0  12.435328 114.880142 18.834980  -0.007528 0.978190 0.207578  0.516617 0.464827 1 0 1.000000
0  16.052454 114.382629 18.700745  0.286043 0.937788 0.196808  0.977569 0.464827 1 0 1.000000
0  15.991610 114.382629 17.061222  0.270332 0.937882 -0.217480  0.977569 0.284158 1 0 1.000000
sirens
0  15.991610 114.382629 17.061222  0.270332 0.937882 -0.217480  0.977569 0.284158 1 0 1.000000
0  12.374483 114.880142 17.195457  -0.022553 0.978179 -0.206536  0.516617 0.284158 1 0 1.000000
0  12.435328 114.880142 18.834980  -0.007528 0.978190 0.207578  0.516617 0.464827 1 0 1.000000
sirens
0  -16.456844 113.421631 19.632900  -0.313905 0.926570 0.207201  0.480483 0.464827 1 0 1.000000
0  -12.858700 114.056068 19.632900  -0.021939 0.978079 0.207075  0.019532 0.464827 1 0 1.000000
0  -12.858700 114.056068 17.992249  -0.022257 0.978039 -0.207230  0.019532 0.284158 1 0 1.000000
sirens
0  -12.858700 114.056068 17.992249  -0.022257 0.978039 -0.207230  0.019532 0.284158 1 0 1.000000
0  -16.456844 113.421631 17.992249  -0.313567 0.926682 -0.207210  0.480483 0.284158 1 0 1.000000
0  -16.456844 113.421631 19.632900  -0.313905 0.926570 0.207201  0.480483 0.464827 1 0 1.000000
sirens
0  -16.456844 113.421631 19.632900  -0.313905 0.926570 0.207201  0.480483 0.464827 1 0 1.000000
0  -16.456844 113.421631 17.992249  -0.313567 0.926682 -0.207210  0.480483 0.284158 1 0 1.000000
0  -16.574810 113.353561 17.992249  -0.461506 0.878671 -0.122267  0.496109 0.284158 1 0 1.000000
sirens
0  -16.574810 113.353561 17.992249  -0.461506 0.878671 -0.122267  0.496109 0.284158 1 0 1.000000
0  -16.456844 113.421631 17.992249  -0.313567 0.926682 -0.207210  0.480483 0.284158 1 0 1.000000
0  -16.448759 113.375771 17.899162  -0.266259 0.870291 -0.414365  0.480483 0.274392 1 0 1.000000
sirens
0  -16.448759 113.375771 17.899162  -0.266259 0.870291 -0.414365  0.480483 0.274392 1 0 1.000000
0  -16.456844 113.421631 17.992249  -0.313567 0.926682 -0.207210  0.480483 0.284158 1 0 1.000000
0  -12.858700 114.056068 17.992249  -0.022257 0.978039 -0.207230  0.019532 0.284158 1 0 1.000000
sirens
0  -12.858700 114.056068 17.992249  -0.022257 0.978039 -0.207230  0.019532 0.284158 1 0 1.000000
0  -12.850616 114.010231 17.899162  -0.047510 0.908833 -0.414445  0.019532 0.274392 1 0 1.000000
0  -16.448759 113.375771 17.899162  -0.266259 0.870291 -0.414365  0.480483 0.274392 1 0 1.000000
sirens
0  -12.724566 114.032448 17.992249  0.133135 0.983521 -0.122321  0.002930 0.284158 1 0 1.000000
0  -12.850616 114.010231 17.899162  -0.047510 0.908833 -0.414445  0.019532 0.274392 1 0 1.000000
0  -12.858700 114.056068 17.992249  -0.022257 0.978039 -0.207230  0.019532 0.284158 1 0 1.000000
sirens
0  -12.724566 114.032448 19.632900  0.133833 0.983414 0.122417  0.002930 0.464827 1 0 1.000000
0  -12.724566 114.032448 17.992249  0.133135 0.983521 -0.122321  0.002930 0.284158 1 0 1.000000
0  -12.858700 114.056068 17.992249  -0.022257 0.978039 -0.207230  0.019532 0.284158 1 0 1.000000
sirens
0  -12.858700 114.056068 17.992249  -0.022257 0.978039 -0.207230  0.019532 0.284158 1 0 1.000000
0  -12.858700 114.056068 19.632900  -0.021939 0.978079 0.207075  0.019532 0.464827 1 0 1.000000
0  -12.724566 114.032448 19.632900  0.133833 0.983414 0.122417  0.002930 0.464827 1 0 1.000000
sirens
0  -12.724566 114.032448 19.632900  0.133833 0.983414 0.122417  0.002930 0.464827 1 0 1.000000
0  -12.858700 114.056068 19.632900  -0.021939 0.978079 0.207075  0.019532 0.464827 1 0 1.000000
0  -12.850616 114.010231 19.714352  -0.047051 0.908941 0.414261  0.019532 0.474593 1 0 1.000000
sirens
0  -12.850616 114.010231 19.714352  -0.047051 0.908941 0.414261  0.019532 0.474593 1 0 1.000000
0  -12.858700 114.056068 19.632900  -0.021939 0.978079 0.207075  0.019532 0.464827 1 0 1.000000
0  -16.456844 113.421631 19.632900  -0.313905 0.926570 0.207201  0.480483 0.464827 1 0 1.000000
sirens
0  -16.456844 113.421631 19.632900  -0.313905 0.926570 0.207201  0.480483 0.464827 1 0 1.000000
0  -16.448759 113.375771 19.714352  -0.266472 0.870221 0.414377  0.480483 0.474593 1 0 1.000000
0  -12.850616 114.010231 19.714352  -0.047051 0.908941 0.414261  0.019532 0.474593 1 0 1.000000
sirens
0  -16.456844 113.421631 19.632900  -0.313905 0.926570 0.207201  0.480483 0.464827 1 0 1.000000
0  -16.574810 113.353561 19.632900  -0.462062 0.878347 0.122496  0.496109 0.464827 1 0 1.000000
0  -16.448759 113.375771 19.714352  -0.266472 0.870221 0.414377  0.480483 0.474593 1 0 1.000000
sirens
0  -16.574810 113.353561 17.992249  -0.461506 0.878671 -0.122267  0.496109 0.284158 1 0 1.000000
0  -16.574810 113.353561 19.632900  -0.462062 0.878347 0.122496  0.496109 0.464827 1 0 1.000000
0  -16.456844 113.421631 19.632900  -0.313905 0.926570 0.207201  0.480483 0.464827 1 0 1.000000
sirens
0  -16.574810 113.353561 19.632900  0.851831 0.241155 -0.465004  0.006007 0.095743 1 0 1.000000
0  -16.503399 113.082596 19.609627  0.852666 0.245183 -0.461352  0.006007 0.095743 1 0 1.000000
0  -16.503399 113.082596 18.003883  0.851924 0.241177 0.464821  0.006007 0.095743 1 0 1.000000
sirens
0  -16.503399 113.082596 19.609627  0.852666 0.245183 -0.461352  0.006007 0.095743 1 0 1.000000
0  -16.574810 113.353561 19.632900  0.851831 0.241155 -0.465004  0.006007 0.095743 1 0 1.000000
0  -16.448759 113.375771 19.714352  0.287579 0.133141 -0.948458  0.006007 0.095743 1 0 1.000000
sirens
0  -16.448759 113.375771 19.714352  0.287579 0.133141 -0.948458  0.006007 0.095743 1 0 1.000000
0  -16.377352 113.104813 19.702713  0.260704 0.130605 -0.956544  0.006007 0.095743 1 0 1.000000
0  -16.503399 113.082596 19.609627  0.852666 0.245183 -0.461352  0.006007 0.095743 1 0 1.000000
sirens
0  -12.825044 113.731194 19.702717  -0.289630 0.033568 -0.956550  0.006007 0.095743 1 0 1.000000
0  -16.377352 113.104813 19.702713  0.260704 0.130605 -0.956544  0.006007 0.095743 1 0 1.000000
0  -16.448759 113.375771 19.714352  0.287579 0.133141 -0.948458  0.006007 0.095743 1 0 1.000000
sirens
0  -16.448759 113.375771 19.714352  0.287579 0.133141 -0.948458  0.006007 0.095743 1 0 1.000000
0  -12.850616 114.010231 19.714352  -0.315774 0.026739 -0.948457  0.006007 0.095743 1 0 1.000000
0  -12.825044 113.731194 19.702717  -0.289630 0.033568 -0.956550  0.006007 0.095743 1 0 1.000000
sirens
0  -12.698994 113.753410 19.609631  -0.885105 -0.061239 -0.461346  0.006007 0.095743 1 0 1.000000
0  -12.825044 113.731194 19.702717  -0.289630 0.033568 -0.956550  0.006007 0.095743 1 0 1.000000
0  -12.850616 114.010231 19.714352  -0.315774 0.026739 -0.948457  0.006007 0.095743 1 0 1.000000
sirens
0  -12.850616 114.010231 19.714352  -0.315774 0.026739 -0.948457  0.006007 0.095743 1 0 1.000000
0  -12.724566 114.032448 19.632900  -0.882930 -0.064738 -0.465020  0.006007 0.095743 1 0 1.000000
0  -12.698994 113.753410 19.609631  -0.885105 -0.061239 -0.461346  0.006007 0.095743 1 0 1.000000
sirens
0  -12.698994 113.753410 18.003883  -0.883019 -0.064734 0.464852  0.006007 0.095743 1 0 1.000000
0  -12.698994 113.753410 19.609631  -0.885105 -0.061239 -0.461346  0.006007 0.095743 1 0 1.000000
0  -12.724566 114.032448 19.632900  -0.882930 -0.064738 -0.465020  0.006007 0.095743 1 0 1.000000
sirens
0  -12.724566 114.032448 19.632900  -0.882930 -0.064738 -0.465020  0.006007 0.095743 1 0 1.000000
0  -12.724566 114.032448 17.992249  -0.881678 -0.060406 0.467969  0.006007 0.095743 1 0 1.000000
0  -12.698994 113.753410 18.003883  -0.883019 -0.064734 0.464852  0.006007 0.095743 1 0 1.000000
sirens
0  -12.825044 113.731194 17.922432  -0.291299 0.029888 0.956165  0.006007 0.095743 1 0 1.000000
0  -12.698994 113.753410 18.003883  -0.883019 -0.064734 0.464852  0.006007 0.095743 1 0 1.000000
0  -12.724566 114.032448 17.992249  -0.881678 -0.060406 0.467969  0.006007 0.095743 1 0 1.000000
sirens
0  -12.724566 114.032448 17.992249  -0.881678 -0.060406 0.467969  0.006007 0.095743 1 0 1.000000
0  -12.850616 114.010231 17.899162  -0.318478 0.030278 0.947447  0.006007 0.095743 1 0 1.000000
0  -12.825044 113.731194 17.922432  -0.291299 0.029888 0.956165  0.006007 0.095743 1 0 1.000000
sirens
0  -16.377352 113.104813 17.922432  0.263507 0.127730 0.956164  0.006007 0.095743 1 0 1.000000
0  -12.825044 113.731194 17.922432  -0.291299 0.029888 0.956165  0.006007 0.095743 1 0 1.000000
0  -12.850616 114.010231 17.899162  -0.318478 0.030278 0.947447  0.006007 0.095743 1 0 1.000000
sirens
0  -12.850616 114.010231 17.899162  -0.318478 0.030278 0.947447  0.006007 0.095743 1 0 1.000000
0  -16.448759 113.375771 17.899162  0.288935 0.137372 0.947442  0.006007 0.095743 1 0 1.000000
0  -16.377352 113.104813 17.922432  0.263507 0.127730 0.956164  0.006007 0.095743 1 0 1.000000
sirens
0  -16.377352 113.104813 17.922432  0.263507 0.127730 0.956164  0.006007 0.095743 1 0 1.000000
0  -16.448759 113.375771 17.899162  0.288935 0.137372 0.947442  0.006007 0.095743 1 0 1.000000
0  -16.574810 113.353561 17.992249  0.849182 0.244791 0.467939  0.006007 0.095743 1 0 1.000000
sirens
0  -16.574810 113.353561 17.992249  0.849182 0.244791 0.467939  0.006007 0.095743 1 0 1.000000
0  -16.503399 113.082596 18.003883  0.851924 0.241177 0.464821  0.006007 0.095743 1 0 1.000000
0  -16.377352 113.104813 17.922432  0.263507 0.127730 0.956164  0.006007 0.095743 1 0 1.000000
sirens
0  -16.503399 113.082596 18.003883  0.851924 0.241177 0.464821  0.006007 0.095743 1 0 1.000000
0  -16.574810 113.353561 17.992249  0.849182 0.244791 0.467939  0.006007 0.095743 1 0 1.000000
0  -16.574810 113.353561 19.632900  0.851831 0.241155 -0.465004  0.006007 0.095743 1 0 1.000000
sirens
0  12.302279 114.851448 18.839916  0.866897 -0.031200 -0.497511  0.006007 0.095743 1 0 1.000000
0  12.286455 114.571640 18.817219  0.869070 -0.027626 -0.493918  0.006007 0.095743 1 0 1.000000
0  12.226904 114.571640 17.212576  0.901473 -0.031210 0.431708  0.006007 0.095743 1 0 1.000000
sirens
0  12.286455 114.571640 18.817219  0.869070 -0.027626 -0.493918  0.006007 0.095743 1 0 1.000000
0  12.302279 114.851448 18.839916  0.866897 -0.031200 -0.497511  0.006007 0.095743 1 0 1.000000
0  12.432013 114.834030 18.916611  0.279136 0.038695 -0.959472  0.006007 0.095743 1 0 1.000000
sirens
0  12.432013 114.834030 18.916611  0.279136 0.038695 -0.959472  0.006007 0.095743 1 0 1.000000
0  12.416624 114.554222 18.905539  0.252467 0.044524 -0.966581  0.006007 0.095743 1 0 1.000000
0  12.286455 114.571640 18.817219  0.869070 -0.027626 -0.493918  0.006007 0.095743 1 0 1.000000
sirens
0  12.416624 114.554222 18.905539  0.252467 0.044524 -0.966581  0.006007 0.095743 1 0 1.000000
0  12.432013 114.834030 18.916611  0.279136 0.038695 -0.959472  0.006007 0.095743 1 0 1.000000
0  16.049137 114.336494 18.782375  -0.327406 0.122130 -0.936957  0.006007 0.095743 1 0 1.000000
sirens
0  16.049137 114.336494 18.782375  -0.327406 0.122130 -0.936957  0.006007 0.095743 1 0 1.000000
0  15.987669 114.063026 18.773010  -0.300760 0.120622 -0.946041  0.006007 0.095743 1 0 1.000000
0  12.416624 114.554222 18.905539  0.252467 0.044524 -0.966581  0.006007 0.095743 1 0 1.000000
sirens
0  16.110931 114.045601 18.675285  -0.877877 0.212648 -0.429083  0.006007 0.095743 1 0 1.000000
0  15.987669 114.063026 18.773010  -0.300760 0.120622 -0.946041  0.006007 0.095743 1 0 1.000000
0  16.049137 114.336494 18.782375  -0.327406 0.122130 -0.936957  0.006007 0.095743 1 0 1.000000
sirens
0  16.049137 114.336494 18.782375  -0.327406 0.122130 -0.936957  0.006007 0.095743 1 0 1.000000
0  16.172834 114.319084 18.696278  -0.877024 0.208658 -0.432770  0.006007 0.095743 1 0 1.000000
0  16.110931 114.045601 18.675285  -0.877877 0.212648 -0.429083  0.006007 0.095743 1 0 1.000000
sirens
0  16.051380 114.045601 17.070648  -0.842628 0.208705 0.496407  0.006007 0.095743 1 0 1.000000
0  16.110931 114.045601 18.675285  -0.877877 0.212648 -0.429083  0.006007 0.095743 1 0 1.000000
0  16.172834 114.319084 18.696278  -0.877024 0.208658 -0.432770  0.006007 0.095743 1 0 1.000000
sirens
0  16.172834 114.319084 18.696278  -0.877024 0.208658 -0.432770  0.006007 0.095743 1 0 1.000000
0  16.111990 114.319084 17.056755  -0.839914 0.212416 0.499424  0.006007 0.095743 1 0 1.000000
0  16.051380 114.045601 17.070648  -0.842628 0.208705 0.496407  0.006007 0.095743 1 0 1.000000
sirens
0  15.921644 114.063026 16.993954  -0.232521 0.117647 0.965450  0.006007 0.095743 1 0 1.000000
0  16.051380 114.045601 17.070648  -0.842628 0.208705 0.496407  0.006007 0.095743 1 0 1.000000
0  16.111990 114.319084 17.056755  -0.839914 0.212416 0.499424  0.006007 0.095743 1 0 1.000000
sirens
0  16.111990 114.319084 17.056755  -0.839914 0.212416 0.499424  0.006007 0.095743 1 0 1.000000
0  15.981819 114.336494 16.968435  -0.258605 0.126324 0.957688  0.006007 0.095743 1 0 1.000000
0  15.921644 114.063026 16.993954  -0.232521 0.117647 0.965450  0.006007 0.095743 1 0 1.000000
sirens
0  15.921644 114.063026 16.993954  -0.232521 0.117647 0.965450  0.006007 0.095743 1 0 1.000000
0  15.981819 114.336494 16.968435  -0.258605 0.126324 0.957688  0.006007 0.095743 1 0 1.000000
0  12.364695 114.834030 17.102669  0.352010 0.042330 0.935039  0.006007 0.095743 1 0 1.000000
sirens
0  12.364695 114.834030 17.102669  0.352010 0.042330 0.935039  0.006007 0.095743 1 0 1.000000
0  12.350599 114.554222 17.126478  0.325214 0.040918 0.944755  0.006007 0.095743 1 0 1.000000
0  15.921644 114.063026 16.993954  -0.232521 0.117647 0.965450  0.006007 0.095743 1 0 1.000000
sirens
0  12.350599 114.554222 17.126478  0.325214 0.040918 0.944755  0.006007 0.095743 1 0 1.000000
0  12.364695 114.834030 17.102669  0.352010 0.042330 0.935039  0.006007 0.095743 1 0 1.000000
0  12.241434 114.851448 17.200394  0.900077 -0.026928 0.434898  0.006007 0.095743 1 0 1.000000
sirens
0  12.241434 114.851448 17.200394  0.900077 -0.026928 0.434898  0.006007 0.095743 1 0 1.000000
0  12.226904 114.571640 17.212576  0.901473 -0.031210 0.431708  0.006007 0.095743 1 0 1.000000
0  12.350599 114.554222 17.126478  0.325214 0.040918 0.944755  0.006007 0.095743 1 0 1.000000
sirens
0  12.226904 114.571640 17.212576  0.901473 -0.031210 0.431708  0.006007 0.095743 1 0 1.000000
0  12.241434 114.851448 17.200394  0.900077 -0.026928 0.434898  0.006007 0.095743 1 0 1.000000
0  12.302279 114.851448 18.839916  0.866897 -0.031200 -0.497511  0.006007 0.095743 1 0 1.000000
sirens
0  16.314526 114.217796 18.772528  0.845394 0.393467 0.361238  0.006007 0.095743 1 0 1.000000
0  16.247208 114.217796 16.958588  0.815489 0.394502 -0.423493  0.006007 0.095743 1 0 1.000000
0  16.111990 114.319084 17.056755  0.489104 0.845885 -0.212732  0.006007 0.095743 1 0 1.000000
sirens
0  16.111990 114.319084 17.056755  0.489104 0.845885 -0.212732  0.006007 0.095743 1 0 1.000000
0  16.172834 114.319084 18.696278  0.503329 0.846992 0.171069  0.006007 0.095743 1 0 1.000000
0  16.314526 114.217796 18.772528  0.845394 0.393467 0.361238  0.006007 0.095743 1 0 1.000000
sirens
0  16.191263 114.235207 18.870251  0.384542 0.436282 0.813503  0.006007 0.095743 1 0 1.000000
0  16.314526 114.217796 18.772528  0.845394 0.393467 0.361238  0.006007 0.095743 1 0 1.000000
0  16.172834 114.319084 18.696278  0.503329 0.846992 0.171069  0.006007 0.095743 1 0 1.000000
sirens
0  16.172834 114.319084 18.696278  0.503329 0.846992 0.171069  0.006007 0.095743 1 0 1.000000
0  16.049137 114.336494 18.782375  0.218484 0.789986 0.572875  0.006007 0.095743 1 0 1.000000
0  16.191263 114.235207 18.870251  0.384542 0.436282 0.813503  0.006007 0.095743 1 0 1.000000
sirens
0  16.191263 114.235207 18.870251  0.384542 0.436282 0.813503  0.006007 0.095743 1 0 1.000000
0  16.049137 114.336494 18.782375  0.218484 0.789986 0.572875  0.006007 0.095743 1 0 1.000000
0  12.432013 114.834030 18.916611  0.044810 0.813880 0.579302  0.006007 0.095743 1 0 1.000000
sirens
0  12.432013 114.834030 18.916611  0.044810 0.813880 0.579302  0.006007 0.095743 1 0 1.000000
0  12.274632 114.773933 19.015602  -0.192648 0.515644 0.834864  0.006007 0.095743 1 0 1.000000
0  16.191263 114.235207 18.870251  0.384542 0.436282 0.813503  0.006007 0.095743 1 0 1.000000
sirens
0  12.274632 114.773933 19.015602  -0.192648 0.515644 0.834864  0.006007 0.095743 1 0 1.000000
0  12.432013 114.834030 18.916611  0.044810 0.813880 0.579302  0.006007 0.095743 1 0 1.000000
0  12.302279 114.851448 18.839916  -0.242483 0.949607 0.198616  0.006007 0.095743 1 0 1.000000
sirens
0  12.302279 114.851448 18.839916  -0.242483 0.949607 0.198616  0.006007 0.095743 1 0 1.000000
0  12.132944 114.792953 18.927710  -0.679581 0.603176 0.417550  0.006007 0.095743 1 0 1.000000
0  12.274632 114.773933 19.015602  -0.192648 0.515644 0.834864  0.006007 0.095743 1 0 1.000000
sirens
0  12.132944 114.792953 18.927710  -0.679581 0.603176 0.417550  0.006007 0.095743 1 0 1.000000
0  12.302279 114.851448 18.839916  -0.242483 0.949607 0.198616  0.006007 0.095743 1 0 1.000000
0  12.241434 114.851448 17.200394  -0.257039 0.948556 -0.184856  0.006007 0.095743 1 0 1.000000
sirens
0  12.241434 114.851448 17.200394  -0.257039 0.948556 -0.184856  0.006007 0.095743 1 0 1.000000
0  12.065626 114.792953 17.113770  -0.707567 0.603891 -0.366966  0.006007 0.095743 1 0 1.000000
0  12.132944 114.792953 18.927710  -0.679581 0.603176 0.417550  0.006007 0.095743 1 0 1.000000
sirens
0  12.065626 114.792953 17.113770  -0.707567 0.603891 -0.366966  0.006007 0.095743 1 0 1.000000
0  12.241434 114.851448 17.200394  -0.257039 0.948556 -0.184856  0.006007 0.095743 1 0 1.000000
0  12.364695 114.834030 17.102669  -0.000096 0.813731 -0.581242  0.006007 0.095743 1 0 1.000000
sirens
0  12.364695 114.834030 17.102669  -0.000096 0.813731 -0.581242  0.006007 0.095743 1 0 1.000000
0  12.200409 114.773933 17.015617  -0.253561 0.517802 -0.817060  0.006007 0.095743 1 0 1.000000
0  12.065626 114.792953 17.113770  -0.707567 0.603891 -0.366966  0.006007 0.095743 1 0 1.000000
sirens
0  12.200409 114.773933 17.015617  -0.253561 0.517802 -0.817060  0.006007 0.095743 1 0 1.000000
0  12.364695 114.834030 17.102669  -0.000096 0.813731 -0.581242  0.006007 0.095743 1 0 1.000000
0  15.981819 114.336494 16.968435  0.177184 0.789356 -0.587812  0.006007 0.095743 1 0 1.000000
sirens
0  15.981819 114.336494 16.968435  0.177184 0.789356 -0.587812  0.006007 0.095743 1 0 1.000000
0  16.117041 114.235207 16.870266  0.323639 0.438441 -0.838467  0.006007 0.095743 1 0 1.000000
0  12.200409 114.773933 17.015617  -0.253561 0.517802 -0.817060  0.006007 0.095743 1 0 1.000000
sirens
0  16.247208 114.217796 16.958588  0.815489 0.394502 -0.423493  0.006007 0.095743 1 0 1.000000
0  16.117041 114.235207 16.870266  0.323639 0.438441 -0.838467  0.006007 0.095743 1 0 1.000000
0  15.981819 114.336494 16.968435  0.177184 0.789356 -0.587812  0.006007 0.095743 1 0 1.000000
sirens
0  16.027676 113.166794 16.838650  0.287316 -0.001057 -0.957835  0.006007 0.095743 1 0 1.000000
0  16.117041 114.235207 16.870266  0.323639 0.438441 -0.838467  0.006007 0.095743 1 0 1.000000
0  16.247208 114.217796 16.958588  0.815489 0.394502 -0.423493  0.006007 0.095743 1 0 1.000000
sirens
0  16.247208 114.217796 16.958588  0.815489 0.394502 -0.423493  0.006007 0.095743 1 0 1.000000
0  16.169796 113.147766 16.938169  0.874173 -0.059944 -0.481900  0.006007 0.095743 1 0 1.000000
0  16.027676 113.166794 16.838650  0.287316 -0.001057 -0.957835  0.006007 0.095743 1 0 1.000000
sirens
0  16.238838 113.147766 18.798622  0.907707 -0.059740 0.415330  0.006007 0.095743 1 0 1.000000
0  16.169796 113.147766 16.938169  0.874173 -0.059944 -0.481900  0.006007 0.095743 1 0 1.000000
0  16.247208 114.217796 16.958588  0.815489 0.394502 -0.423493  0.006007 0.095743 1 0 1.000000
sirens
0  15.981819 114.336494 16.968435  0.177184 0.789356 -0.587812  0.006007 0.095743 1 0 1.000000
0  16.111990 114.319084 17.056755  0.489104 0.845885 -0.212732  0.006007 0.095743 1 0 1.000000
0  16.247208 114.217796 16.958588  0.815489 0.394502 -0.423493  0.006007 0.095743 1 0 1.000000
sirens
0  16.247208 114.217796 16.958588  0.815489 0.394502 -0.423493  0.006007 0.095743 1 0 1.000000
0  16.314526 114.217796 18.772528  0.845394 0.393467 0.361238  0.006007 0.095743 1 0 1.000000
0  16.238838 113.147766 18.798622  0.907707 -0.059740 0.415330  0.006007 0.095743 1 0 1.000000
sirens
0  16.238838 113.147766 18.798622  0.907707 -0.059740 0.415330  0.006007 0.095743 1 0 1.000000
0  16.314526 114.217796 18.772528  0.845394 0.393467 0.361238  0.006007 0.095743 1 0 1.000000
0  16.191263 114.235207 18.870251  0.384542 0.436282 0.813503  0.006007 0.095743 1 0 1.000000
sirens
0  16.191263 114.235207 18.870251  0.384542 0.436282 0.813503  0.006007 0.095743 1 0 1.000000
0  16.104486 113.166794 18.908401  0.358475 -0.000739 0.933539  0.006007 0.095743 1 0 1.000000
0  16.238838 113.147766 18.798622  0.907707 -0.059740 0.415330  0.006007 0.095743 1 0 1.000000
sirens
0  16.104486 113.166794 18.908401  0.358475 -0.000739 0.933539  0.006007 0.095743 1 0 1.000000
0  16.191263 114.235207 18.870251  0.384542 0.436282 0.813503  0.006007 0.095743 1 0 1.000000
0  12.274632 114.773933 19.015602  -0.192648 0.515644 0.834864  0.006007 0.095743 1 0 1.000000
sirens
0  12.274632 114.773933 19.015602  -0.192648 0.515644 0.834864  0.006007 0.095743 1 0 1.000000
0  12.072657 113.721359 19.058029  -0.276458 0.086419 0.957132  0.006007 0.095743 1 0 1.000000
0  16.104486 113.166794 18.908401  0.358475 -0.000739 0.933539  0.006007 0.095743 1 0 1.000000
sirens
0  11.930538 113.740356 18.958511  -0.858065 0.183468 0.479649  0.006007 0.095743 1 0 1.000000
0  12.072657 113.721359 19.058029  -0.276458 0.086419 0.957132  0.006007 0.095743 1 0 1.000000
0  12.274632 114.773933 19.015602  -0.192648 0.515644 0.834864  0.006007 0.095743 1 0 1.000000
sirens
0  12.274632 114.773933 19.015602  -0.192648 0.515644 0.834864  0.006007 0.095743 1 0 1.000000
0  12.132944 114.792953 18.927710  -0.679581 0.603176 0.417550  0.006007 0.095743 1 0 1.000000
0  11.930538 113.740356 18.958511  -0.858065 0.183468 0.479649  0.006007 0.095743 1 0 1.000000
sirens
0  11.930538 113.740356 18.958511  -0.858065 0.183468 0.479649  0.006007 0.095743 1 0 1.000000
0  12.132944 114.792953 18.927710  -0.679581 0.603176 0.417550  0.006007 0.095743 1 0 1.000000
0  12.065626 114.792953 17.113770  -0.707567 0.603891 -0.366966  0.006007 0.095743 1 0 1.000000
sirens
0  12.065626 114.792953 17.113770  -0.707567 0.603891 -0.366966  0.006007 0.095743 1 0 1.000000
0  11.861492 113.740356 17.098055  -0.890617 0.182777 -0.416405  0.006007 0.095743 1 0 1.000000
0  11.930538 113.740356 18.958511  -0.858065 0.183468 0.479649  0.006007 0.095743 1 0 1.000000
sirens
0  11.995844 113.721359 16.988276  -0.346138 0.086367 -0.934200  0.006007 0.095743 1 0 1.000000
0  11.861492 113.740356 17.098055  -0.890617 0.182777 -0.416405  0.006007 0.095743 1 0 1.000000
0  12.065626 114.792953 17.113770  -0.707567 0.603891 -0.366966  0.006007 0.095743 1 0 1.000000
sirens
0  12.065626 114.792953 17.113770  -0.707567 0.603891 -0.366966  0.006007 0.095743 1 0 1.000000
0  12.200409 114.773933 17.015617  -0.253561 0.517802 -0.817060  0.006007 0.095743 1 0 1.000000
0  11.995844 113.721359 16.988276  -0.346138 0.086367 -0.934200  0.006007 0.095743 1 0 1.000000
sirens
0  16.027676 113.166794 16.838650  0.287316 -0.001057 -0.957835  0.006007 0.095743 1 0 1.000000
0  11.995844 113.721359 16.988276  -0.346138 0.086367 -0.934200  0.006007 0.095743 1 0 1.000000
0  12.200409 114.773933 17.015617  -0.253561 0.517802 -0.817060  0.006007 0.095743 1 0 1.000000
sirens
0  12.200409 114.773933 17.015617  -0.253561 0.517802 -0.817060  0.006007 0.095743 1 0 1.000000
0  16.117041 114.235207 16.870266  0.323639 0.438441 -0.838467  0.006007 0.095743 1 0 1.000000
0  16.027676 113.166794 16.838650  0.287316 -0.001057 -0.957835  0.006007 0.095743 1 0 1.000000
sirens
0  12.350599 114.554222 17.126478  0.136048 0.990690 -0.005046  0.438490 0.003876 1 0 1.000000
0  12.226904 114.571640 17.212576  0.135988 0.990698 -0.005048  0.452162 0.017548 1 0 1.000000
0  12.286455 114.571640 18.817219  0.136058 0.990688 -0.005066  0.452162 0.251930 1 0 1.000000
sirens
0  12.350599 114.554222 17.126478  0.136048 0.990690 -0.005046  0.438490 0.003876 1 0 1.000000
0  12.286455 114.571640 18.817219  0.136058 0.990688 -0.005066  0.452162 0.251930 1 0 1.000000
0  15.921644 114.063026 16.993954  0.136069 0.990687 -0.005047  0.045900 0.003876 1 0 1.000000
sirens
0  12.286455 114.571640 18.817219  0.136058 0.990688 -0.005066  0.452162 0.251930 1 0 1.000000
0  12.416624 114.554222 18.905539  0.136047 0.990689 -0.005083  0.438490 0.264626 1 0 1.000000
0  15.921644 114.063026 16.993954  0.136069 0.990687 -0.005047  0.045900 0.003876 1 0 1.000000
sirens
0  12.416624 114.554222 18.905539  0.136047 0.990689 -0.005083  0.438490 0.264626 1 0 1.000000
0  15.987669 114.063026 18.773010  0.136068 0.990687 -0.005054  0.045900 0.264626 1 0 1.000000
0  15.921644 114.063026 16.993954  0.136069 0.990687 -0.005047  0.045900 0.003876 1 0 1.000000
sirens
0  15.987669 114.063026 18.773010  0.136068 0.990687 -0.005054  0.045900 0.264626 1 0 1.000000
0  16.110931 114.045601 18.675285  0.136046 0.990690 -0.005055  0.031251 0.251930 1 0 1.000000
0  15.921644 114.063026 16.993954  0.136069 0.990687 -0.005047  0.045900 0.003876 1 0 1.000000
sirens
0  16.110931 114.045601 18.675285  0.136046 0.990690 -0.005055  0.031251 0.251930 1 0 1.000000
0  16.051380 114.045601 17.070648  0.136052 0.990689 -0.005039  0.031251 0.017548 1 0 1.000000
0  15.921644 114.063026 16.993954  0.136069 0.990687 -0.005047  0.045900 0.003876 1 0 1.000000
end
