version 1
nodes
0 "root" -1
1 "steering_wheel" 0
end
skeleton
time 0
0  0.000000 0.000000 0.000000  0.000000 -0.000000 0.000000
1  19.916300 17.934299 33.308498  0.000000 -0.000000 0.000000
end
triangles
decal
0  16.406013 -67.375420 43.870010  0.516771 -0.060397 0.853990  0.632588 0.760002 1 0 1.000000
0  15.271909 -67.282051 44.558167  0.516766 -0.060387 0.853994  0.633564 0.866939 1 0 1.000000
0  14.677329 -74.798027 44.430981  0.516768 -0.060384 0.853993  -0.000488 0.863521 1 0 1.000000
decal
0  14.677329 -74.798027 44.430981  0.516768 -0.060384 0.853993  -0.000488 0.863521 1 0 1.000000
0  15.723350 -74.898529 43.787659  0.516781 -0.060365 0.853987  -0.002197 0.763176 1 0 1.000000
0  16.406013 -67.375420 43.870010  0.516771 -0.060397 0.853990  0.632588 0.760002 1 0 1.000000
decal
0  -16.405998 -67.375420 43.870010  -0.516769 -0.060398 0.853992  -0.001465 0.760002 1 0 1.000000
0  -15.723332 -74.898529 43.787659  -0.516781 -0.060365 0.853987  0.633564 0.763176 1 0 1.000000
0  -14.677312 -74.798027 44.430981  -0.516769 -0.060385 0.853993  0.631611 0.863521 1 0 1.000000
decal
0  -14.677312 -74.798027 44.430981  -0.516769 -0.060385 0.853993  0.631611 0.863521 1 0 1.000000
0  -15.271892 -67.282051 44.558167  -0.516766 -0.060387 0.853994  -0.002197 0.866939 1 0 1.000000
0  -16.405998 -67.375420 43.870010  -0.516769 -0.060398 0.853992  -0.001465 0.760002 1 0 1.000000
blackplastic
0  3.083018 -95.649071 42.220940  0.352924 0.016799 0.935501  0.601581 0.302713 1 0 1.000000
0  2.785728 -94.877823 42.319256  0.352924 0.016800 0.935501  0.601581 0.302713 1 0 1.000000
0  2.708653 -95.096245 42.349415  0.352924 0.016800 0.935501  0.601581 0.302713 1 0 1.000000
blackplastic
0  -8.610391 -98.502197 41.951073  -0.018185 -0.173187 0.984721  0.601581 0.302713 1 0 1.000000
0  -3.105019 -98.966728 41.947502  -0.011479 -0.173304 0.984802  0.601581 0.302713 1 0 1.000000
0  -2.785708 -98.085800 42.036221  -0.001373 -0.035658 0.999363  0.601581 0.302713 1 0 1.000000
blackplastic
0  -2.785708 -98.085800 42.036221  -0.001373 -0.035658 0.999363  0.601581 0.302713 1 0 1.000000
0  -8.808583 -97.576424 42.046921  -0.004580 -0.035963 0.999343  0.601581 0.302713 1 0 1.000000
0  -8.610391 -98.502197 41.951073  -0.018185 -0.173187 0.984721  0.601581 0.302713 1 0 1.000000
blackplastic
0  -8.070864 -96.898689 42.087105  -0.020470 -0.203925 0.978772  0.601581 0.302713 1 0 1.000000
0  -3.105019 -97.318390 42.090664  -0.013093 -0.204137 0.978855  0.601581 0.302713 1 0 1.000000
0  -2.785708 -96.480370 42.194191  -0.003302 -0.063172 0.997997  0.601581 0.302713 1 0 1.000000
blackplastic
0  -2.785708 -96.480370 42.194191  -0.003302 -0.063172 0.997997  0.601581 0.302713 1 0 1.000000
0  -8.258046 -96.026810 42.198723  -0.007084 -0.063144 0.997979  0.601581 0.302713 1 0 1.000000
0  -8.070864 -96.898689 42.087105  -0.020470 -0.203925 0.978772  0.601581 0.302713 1 0 1.000000
blackplastic
0  14.302963 -64.829414 44.166744  -0.045226 0.830457 0.555244  0.601581 0.302713 1 0 1.000000
0  12.706406 -65.890114 45.055344  -0.010623 0.500268 0.865805  0.601581 0.302713 1 0 1.000000
0  14.137802 -65.816208 45.015720  -0.039076 0.634506 0.771930  0.601581 0.302713 1 0 1.000000
blackplastic
0  12.706406 -65.890114 45.055344  -0.010623 0.500268 0.865805  0.601581 0.302713 1 0 1.000000
0  14.302963 -64.829414 44.166744  -0.045226 0.830457 0.555244  0.601581 0.302713 1 0 1.000000
0  0.000008 -65.445999 44.320164  0.000014 0.842610 0.538524  0.601581 0.302713 1 0 1.000000
blackplastic
0  0.000008 -65.445999 44.320164  0.000014 0.842610 0.538524  0.601581 0.302713 1 0 1.000000
0  0.000008 -66.477089 45.294594  0.000016 0.463214 0.886246  0.601581 0.302713 1 0 1.000000
0  12.706406 -65.890114 45.055344  -0.010623 0.500268 0.865805  0.601581 0.302713 1 0 1.000000
blackplastic
0  -12.706388 -65.890114 45.055344  0.010625 0.500272 0.865803  0.601581 0.302713 1 0 1.000000
0  0.000008 -66.477089 45.294594  0.000016 0.463214 0.886246  0.601581 0.302713 1 0 1.000000
0  0.000008 -65.445999 44.320164  0.000014 0.842610 0.538524  0.601581 0.302713 1 0 1.000000
blackplastic
0  0.000008 -65.445999 44.320164  0.000014 0.842610 0.538524  0.601581 0.302713 1 0 1.000000
0  -14.302946 -64.829414 44.166744  0.045221 0.830459 0.555242  0.601581 0.302713 1 0 1.000000
0  -12.706388 -65.890114 45.055344  0.010625 0.500272 0.865803  0.601581 0.302713 1 0 1.000000
blackplastic
0  -14.302946 -64.829414 44.166744  0.045221 0.830459 0.555242  0.601581 0.302713 1 0 1.000000
0  -14.137785 -65.816208 45.015720  0.039073 0.634503 0.771932  0.601581 0.302713 1 0 1.000000
0  -12.706388 -65.890114 45.055344  0.010625 0.500272 0.865803  0.601581 0.302713 1 0 1.000000
blackplastic
0  30.786045 -61.984875 40.800987  0.000701 0.184722 -0.982791  0.601581 0.302713 1 0 1.000000
0  21.151646 -82.680046 40.246281  0.000264 0.183706 -0.982981  0.601581 0.302713 1 0 1.000000
0  17.815390 -65.359863 41.262054  -0.000021 0.184436 -0.982845  0.601581 0.302713 1 0 1.000000
blackplastic
0  22.836290 -103.561661 37.939438  -0.000013 0.184466 -0.982839  0.601581 0.302713 1 0 1.000000
0  21.151646 -82.680046 40.246281  0.000264 0.183706 -0.982981  0.601581 0.302713 1 0 1.000000
0  33.395596 -96.757736 40.792641  0.000629 0.184263 -0.982877  0.601581 0.302713 1 0 1.000000
blackplastic
0  33.395596 -96.757736 40.792641  0.000629 0.184263 -0.982877  0.601581 0.302713 1 0 1.000000
0  21.151646 -82.680046 40.246281  0.000264 0.183706 -0.982981  0.601581 0.302713 1 0 1.000000
0  33.494690 -92.354988 41.214306  0.000535 0.184054 -0.982916  0.601581 0.302713 1 0 1.000000
blackplastic
0  21.151646 -82.680046 40.246281  0.000264 0.183706 -0.982981  0.601581 0.302713 1 0 1.000000
0  33.615807 -85.334381 41.616940  0.000425 0.183947 -0.982936  0.601581 0.302713 1 0 1.000000
0  33.494690 -92.354988 41.214306  0.000535 0.184054 -0.982916  0.601581 0.302713 1 0 1.000000
blackplastic
0  33.681870 -70.750099 42.186798  0.000467 0.183983 -0.982929  0.601581 0.302713 1 0 1.000000
0  33.615807 -85.334381 41.616940  0.000425 0.183947 -0.982936  0.601581 0.302713 1 0 1.000000
0  21.151646 -82.680046 40.246281  0.000264 0.183706 -0.982981  0.601581 0.302713 1 0 1.000000
blackplastic
0  21.151646 -82.680046 40.246281  0.000264 0.183706 -0.982981  0.601581 0.302713 1 0 1.000000
0  30.786045 -61.984875 40.800987  0.000701 0.184722 -0.982791  0.601581 0.302713 1 0 1.000000
0  33.681870 -70.750099 42.186798  0.000467 0.183983 -0.982929  0.601581 0.302713 1 0 1.000000
blackplastic
0  30.786045 -61.984875 40.800987  0.000701 0.184722 -0.982791  0.601581 0.302713 1 0 1.000000
0  33.593784 -61.798977 42.420536  -0.000005 0.184450 -0.982842  0.601581 0.302713 1 0 1.000000
0  33.681870 -70.750099 42.186798  0.000467 0.183983 -0.982929  0.601581 0.302713 1 0 1.000000
blackplastic
0  33.593784 -61.798977 42.420536  -0.000005 0.184450 -0.982842  0.601581 0.302713 1 0 1.000000
0  30.786045 -61.984875 40.800987  0.000701 0.184722 -0.982791  0.601581 0.302713 1 0 1.000000
0  33.505699 -59.129570 42.485420  0.000636 0.184438 -0.982844  0.601581 0.302713 1 0 1.000000
blackplastic
0  30.907162 -59.603695 42.372158  -0.000112 0.185092 -0.982721  0.601581 0.302713 1 0 1.000000
0  33.505699 -59.129570 42.485420  0.000636 0.184438 -0.982844  0.601581 0.302713 1 0 1.000000
0  30.786045 -61.984875 40.800987  0.000701 0.184722 -0.982791  0.601581 0.302713 1 0 1.000000
blackplastic
0  30.907162 -59.603695 42.372158  -0.000112 0.185092 -0.982721  0.298994 0.700639 1 0 1.000000
0  33.329525 -58.985058 42.494881  0.000023 0.183768 -0.982970  0.309483 0.703261 1 0 1.000000
0  33.505699 -59.129570 42.485420  0.000636 0.184438 -0.982844  0.310246 0.702641 1 0 1.000000
blackplastic
0  33.505699 -59.129570 42.485420  0.000636 0.184438 -0.982844  0.310246 0.702641 1 0 1.000000
0  33.329525 -58.985058 42.494881  0.000023 0.183768 -0.982970  0.309483 0.703261 1 0 1.000000
0  33.439632 -59.029896 42.487751  -0.000144 0.183672 -0.982988  0.309960 0.703070 1 0 1.000000
blackplastic
0  -13.278945 -112.773827 36.490627  -0.000005 0.184442 -0.982843  0.601581 0.302713 1 0 1.000000
0  -19.378897 -111.642525 36.535339  0.000028 0.184451 -0.982842  0.601581 0.302713 1 0 1.000000
0  -22.836271 -103.561661 37.939438  -0.000008 0.184425 -0.982846  0.601581 0.302713 1 0 1.000000
blackplastic
0  -22.836271 -103.561661 37.939438  -0.000008 0.184425 -0.982846  0.601581 0.302713 1 0 1.000000
0  -6.044887 -113.581261 36.483898  0.000023 0.184448 -0.982842  0.601581 0.302713 1 0 1.000000
0  -13.278945 -112.773827 36.490627  -0.000005 0.184442 -0.982843  0.601581 0.302713 1 0 1.000000
blackplastic
0  -22.836271 -103.561661 37.939438  -0.000008 0.184425 -0.982846  0.601581 0.302713 1 0 1.000000
0  0.000011 -106.567543 38.323997  -0.000001 0.184418 -0.982848  0.601581 0.302713 1 0 1.000000
0  -6.044887 -113.581261 36.483898  0.000023 0.184448 -0.982842  0.601581 0.302713 1 0 1.000000
blackplastic
0  0.000011 -106.567543 38.323997  -0.000001 0.184418 -0.982848  0.601581 0.302713 1 0 1.000000
0  -0.187172 -113.979988 36.474571  0.000007 0.184474 -0.982837  0.601581 0.302713 1 0 1.000000
0  -6.044887 -113.581261 36.483898  0.000023 0.184443 -0.982843  0.601581 0.302713 1 0 1.000000
blackplastic
0  0.000011 -113.979988 36.474571  0.000003 0.184436 -0.982845  0.601581 0.302713 1 0 1.000000
0  -0.187172 -113.979988 36.474571  0.000007 0.184474 -0.982837  0.601581 0.302713 1 0 1.000000
0  0.000011 -106.567543 38.323997  -0.000001 0.184418 -0.982848  0.601581 0.302713 1 0 1.000000
blackplastic
0  0.000011 -113.979988 36.474571  0.000003 0.184436 -0.982845  0.601581 0.302713 1 0 1.000000
0  0.000011 -106.567543 38.323997  -0.000001 0.184418 -0.982848  0.601581 0.302713 1 0 1.000000
0  0.187194 -113.979988 36.474571  -0.000008 0.184474 -0.982837  0.601581 0.302713 1 0 1.000000
blackplastic
0  0.000011 -106.567543 38.323997  -0.000001 0.184418 -0.982848  0.601581 0.302713 1 0 1.000000
0  6.044909 -113.581261 36.483898  -0.000003 0.184441 -0.982844  0.601581 0.302713 1 0 1.000000
0  0.187194 -113.979988 36.474571  -0.000008 0.184474 -0.982837  0.601581 0.302713 1 0 1.000000
blackplastic
0  22.836290 -103.561661 37.939438  -0.000013 0.184466 -0.982839  0.601581 0.302713 1 0 1.000000
0  6.044909 -113.581261 36.483898  -0.000003 0.184441 -0.982844  0.601581 0.302713 1 0 1.000000
0  0.000011 -106.567543 38.323997  -0.000001 0.184418 -0.982848  0.601581 0.302713 1 0 1.000000
blackplastic
0  13.278966 -112.773827 36.490623  0.000006 0.184440 -0.982844  0.601581 0.302713 1 0 1.000000
0  6.044909 -113.581261 36.483898  -0.000003 0.184441 -0.982844  0.601581 0.302713 1 0 1.000000
0  22.836290 -103.561661 37.939438  -0.000013 0.184466 -0.982839  0.601581 0.302713 1 0 1.000000
blackplastic
0  22.836290 -103.561661 37.939438  -0.000013 0.184466 -0.982839  0.601581 0.302713 1 0 1.000000
0  19.378920 -111.642525 36.535336  -0.000028 0.184444 -0.982843  0.601581 0.302713 1 0 1.000000
0  13.278966 -112.773827 36.490623  0.000006 0.184440 -0.982844  0.601581 0.302713 1 0 1.000000
blackplastic
0  19.378920 -111.642525 36.535336  -0.000028 0.184444 -0.982843  0.601581 0.302713 1 0 1.000000
0  22.836290 -103.561661 37.939438  -0.000013 0.184466 -0.982839  0.601581 0.302713 1 0 1.000000
0  23.298742 -110.544136 36.582924  -0.000010 0.184444 -0.982843  0.601581 0.302713 1 0 1.000000
blackplastic
0  23.298742 -110.544136 36.582924  -0.000010 0.184444 -0.982843  0.601581 0.302713 1 0 1.000000
0  22.836290 -103.561661 37.939438  -0.000013 0.184466 -0.982839  0.601581 0.302713 1 0 1.000000
0  26.756117 -108.613487 36.668224  -0.000506 0.184398 -0.982852  0.601581 0.302713 1 0 1.000000
blackplastic
0  32.404629 -104.155067 36.841858  -0.000235 0.184955 -0.982747  0.601581 0.302713 1 0 1.000000
0  26.756117 -108.613487 36.668224  -0.000506 0.184398 -0.982852  0.601581 0.302713 1 0 1.000000
0  22.836290 -103.561661 37.939438  -0.000013 0.184466 -0.982839  0.601581 0.302713 1 0 1.000000
blackplastic
0  22.836290 -103.561661 37.939438  -0.000013 0.184466 -0.982839  0.601581 0.302713 1 0 1.000000
0  32.591808 -104.005760 36.906166  0.000028 0.184451 -0.982842  0.601581 0.302713 1 0 1.000000
0  32.404629 -104.155067 36.841858  -0.000235 0.184955 -0.982747  0.601581 0.302713 1 0 1.000000
blackplastic
0  32.591808 -104.005760 36.906166  0.000028 0.184451 -0.982842  0.601581 0.302713 1 0 1.000000
0  22.836290 -103.561661 37.939438  -0.000013 0.184466 -0.982839  0.601581 0.302713 1 0 1.000000
0  32.635853 -103.932259 36.988159  0.000013 0.183796 -0.982964  0.601581 0.302713 1 0 1.000000
blackplastic
0  32.635853 -103.932259 36.988159  0.000013 0.183796 -0.982964  0.601581 0.302713 1 0 1.000000
0  22.836290 -103.561661 37.939438  -0.000013 0.184466 -0.982839  0.601581 0.302713 1 0 1.000000
0  32.790005 -103.393425 37.714714  -0.000043 0.184438 -0.982844  0.601581 0.302713 1 0 1.000000
blackplastic
0  22.836290 -103.561661 37.939438  -0.000013 0.184466 -0.982839  0.601581 0.302713 1 0 1.000000
0  33.296497 -99.467438 40.267067  0.000345 0.184958 -0.982746  0.601581 0.302713 1 0 1.000000
0  32.790005 -103.393425 37.714714  -0.000043 0.184438 -0.982844  0.601581 0.302713 1 0 1.000000
blackplastic
0  22.836290 -103.561661 37.939438  -0.000013 0.184466 -0.982839  0.601581 0.302713 1 0 1.000000
0  33.395596 -96.757736 40.792641  0.000629 0.184263 -0.982877  0.601581 0.302713 1 0 1.000000
0  33.296497 -99.467438 40.267067  0.000345 0.184958 -0.982746  0.601581 0.302713 1 0 1.000000
blackplastic
0  0.000008 -67.527718 41.750145  0.000001 0.184406 -0.982850  0.601581 0.302713 1 0 1.000000
0  17.815390 -65.359863 41.262054  -0.000021 0.184436 -0.982845  0.601581 0.302713 1 0 1.000000
0  21.151646 -82.680046 40.246281  0.000264 0.183706 -0.982981  0.601581 0.302713 1 0 1.000000
blackplastic
0  21.151646 -82.680046 40.246281  0.000264 0.183706 -0.982981  0.601581 0.302713 1 0 1.000000
0  0.000009 -85.571983 40.543507  0.000000 0.183825 -0.982959  0.601581 0.302713 1 0 1.000000
0  0.000008 -67.527718 41.750145  0.000001 0.184406 -0.982850  0.601581 0.302713 1 0 1.000000
blackplastic
0  0.000009 -85.571983 40.543507  0.000000 0.183825 -0.982959  0.601581 0.302713 1 0 1.000000
0  21.151646 -82.680046 40.246281  0.000264 0.183706 -0.982981  0.601581 0.302713 1 0 1.000000
0  22.836290 -103.561661 37.939438  -0.000013 0.184466 -0.982839  0.601581 0.302713 1 0 1.000000
blackplastic
0  22.836290 -103.561661 37.939438  -0.000013 0.184466 -0.982839  0.601581 0.302713 1 0 1.000000
0  0.000011 -106.567543 38.323997  -0.000001 0.184418 -0.982848  0.601581 0.302713 1 0 1.000000
0  0.000009 -85.571983 40.543507  0.000000 0.183825 -0.982959  0.601581 0.302713 1 0 1.000000
blackplastic
0  0.000009 -85.571983 40.543507  0.000000 0.183825 -0.982959  0.601581 0.302713 1 0 1.000000
0  0.000011 -106.567543 38.323997  -0.000001 0.184418 -0.982848  0.601581 0.302713 1 0 1.000000
0  -22.836271 -103.561661 37.939438  -0.000008 0.184425 -0.982846  0.601581 0.302713 1 0 1.000000
blackplastic
0  -22.836271 -103.561661 37.939438  -0.000008 0.184425 -0.982846  0.601581 0.302713 1 0 1.000000
0  -21.151627 -82.680046 40.246281  -0.000238 0.183696 -0.982983  0.601581 0.302713 1 0 1.000000
0  0.000009 -85.571983 40.543507  0.000000 0.183825 -0.982959  0.601581 0.302713 1 0 1.000000
blackplastic
0  0.000008 -67.527718 41.750145  0.000001 0.184406 -0.982850  0.601581 0.302713 1 0 1.000000
0  0.000009 -85.571983 40.543507  0.000000 0.183825 -0.982959  0.601581 0.302713 1 0 1.000000
0  -21.151627 -82.680046 40.246281  -0.000238 0.183696 -0.982983  0.601581 0.302713 1 0 1.000000
blackplastic
0  -21.151627 -82.680046 40.246281  -0.000238 0.183696 -0.982983  0.601581 0.302713 1 0 1.000000
0  -17.815374 -65.359863 41.262054  0.000020 0.184438 -0.982844  0.601581 0.302713 1 0 1.000000
0  0.000008 -67.527718 41.750145  0.000001 0.184406 -0.982850  0.601581 0.302713 1 0 1.000000
blackplastic
0  -30.786030 -61.984882 40.800995  -0.000709 0.184703 -0.982794  0.601581 0.302713 1 0 1.000000
0  -17.815374 -65.359863 41.262054  0.000020 0.184438 -0.982844  0.601581 0.302713 1 0 1.000000
0  -21.151627 -82.680046 40.246281  -0.000238 0.183696 -0.982983  0.601581 0.302713 1 0 1.000000
blackplastic
0  -33.505684 -59.129578 42.485428  -0.000642 0.184442 -0.982843  0.020069 0.702641 1 0 1.000000
0  -33.439617 -59.029903 42.487759  0.000035 0.183648 -0.982992  0.020355 0.703070 1 0 1.000000
0  -33.329510 -58.985065 42.494892  -0.000041 0.183785 -0.982967  0.020832 0.703261 1 0 1.000000
blackplastic
0  -30.907146 -59.603703 42.372169  0.000154 0.185084 -0.982723  0.031322 0.700639 1 0 1.000000
0  -33.505684 -59.129578 42.485428  -0.000642 0.184442 -0.982843  0.020069 0.702641 1 0 1.000000
0  -33.329510 -58.985065 42.494892  -0.000041 0.183785 -0.982967  0.020832 0.703261 1 0 1.000000
blackplastic
0  -30.786030 -61.984882 40.800995  -0.000709 0.184703 -0.982794  0.601581 0.302713 1 0 1.000000
0  -33.505684 -59.129578 42.485428  -0.000642 0.184442 -0.982843  0.601581 0.302713 1 0 1.000000
0  -30.907146 -59.603703 42.372169  0.000154 0.185084 -0.982723  0.601581 0.302713 1 0 1.000000
blackplastic
0  -33.593769 -61.798981 42.420544  0.000007 0.184445 -0.982843  0.601581 0.302713 1 0 1.000000
0  -33.505684 -59.129578 42.485428  -0.000642 0.184442 -0.982843  0.601581 0.302713 1 0 1.000000
0  -30.786030 -61.984882 40.800995  -0.000709 0.184703 -0.982794  0.601581 0.302713 1 0 1.000000
blackplastic
0  -30.786030 -61.984882 40.800995  -0.000709 0.184703 -0.982794  0.601581 0.302713 1 0 1.000000
0  -33.681854 -70.750092 42.186806  -0.000469 0.183982 -0.982929  0.601581 0.302713 1 0 1.000000
0  -33.593769 -61.798981 42.420544  0.000007 0.184445 -0.982843  0.601581 0.302713 1 0 1.000000
blackplastic
0  -21.151627 -82.680046 40.246281  -0.000238 0.183696 -0.982983  0.601581 0.302713 1 0 1.000000
0  -33.681854 -70.750092 42.186806  -0.000469 0.183982 -0.982929  0.601581 0.302713 1 0 1.000000
0  -30.786030 -61.984882 40.800995  -0.000709 0.184703 -0.982794  0.601581 0.302713 1 0 1.000000
blackplastic
0  -33.681854 -70.750092 42.186806  -0.000469 0.183982 -0.982929  0.601581 0.302713 1 0 1.000000
0  -21.151627 -82.680046 40.246281  -0.000238 0.183696 -0.982983  0.601581 0.302713 1 0 1.000000
0  -33.615791 -85.334381 41.616947  -0.000425 0.183947 -0.982936  0.601581 0.302713 1 0 1.000000
blackplastic
0  -21.151627 -82.680046 40.246281  -0.000238 0.183696 -0.982983  0.601581 0.302713 1 0 1.000000
0  -33.494667 -92.354988 41.214314  -0.000536 0.184054 -0.982916  0.601581 0.302713 1 0 1.000000
0  -33.615791 -85.334381 41.616947  -0.000425 0.183947 -0.982936  0.601581 0.302713 1 0 1.000000
blackplastic
0  -33.395573 -96.757729 40.792648  -0.000630 0.184262 -0.982877  0.601581 0.302713 1 0 1.000000
0  -33.494667 -92.354988 41.214314  -0.000536 0.184054 -0.982916  0.601581 0.302713 1 0 1.000000
0  -21.151627 -82.680046 40.246281  -0.000238 0.183696 -0.982983  0.601581 0.302713 1 0 1.000000
blackplastic
0  -22.836271 -103.561661 37.939438  -0.000008 0.184425 -0.982846  0.601581 0.302713 1 0 1.000000
0  -33.395573 -96.757729 40.792648  -0.000630 0.184262 -0.982877  0.601581 0.302713 1 0 1.000000
0  -21.151627 -82.680046 40.246281  -0.000238 0.183696 -0.982983  0.601581 0.302713 1 0 1.000000
blackplastic
0  -22.836271 -103.561661 37.939438  -0.000008 0.184425 -0.982846  0.601581 0.302713 1 0 1.000000
0  -33.296474 -99.467438 40.267075  -0.000337 0.184963 -0.982745  0.601581 0.302713 1 0 1.000000
0  -33.395573 -96.757729 40.792648  -0.000630 0.184262 -0.982877  0.601581 0.302713 1 0 1.000000
blackplastic
0  -22.836271 -103.561661 37.939438  -0.000008 0.184425 -0.982846  0.601581 0.302713 1 0 1.000000
0  -32.789982 -103.393425 37.714722  0.000034 0.184438 -0.982844  0.601581 0.302713 1 0 1.000000
0  -33.296474 -99.467438 40.267075  -0.000337 0.184963 -0.982745  0.601581 0.302713 1 0 1.000000
blackplastic
0  -32.635830 -103.932259 36.988167  0.000022 0.183620 -0.982997  0.601581 0.302713 1 0 1.000000
0  -32.789982 -103.393425 37.714722  0.000034 0.184438 -0.982844  0.601581 0.302713 1 0 1.000000
0  -22.836271 -103.561661 37.939438  -0.000008 0.184425 -0.982846  0.601581 0.302713 1 0 1.000000
blackplastic
0  -32.591785 -104.005753 36.906174  0.000007 0.184287 -0.982872  0.601581 0.302713 1 0 1.000000
0  -32.635830 -103.932259 36.988167  0.000022 0.183620 -0.982997  0.601581 0.302713 1 0 1.000000
0  -22.836271 -103.561661 37.939438  -0.000008 0.184425 -0.982846  0.601581 0.302713 1 0 1.000000
blackplastic
0  -22.836271 -103.561661 37.939438  -0.000008 0.184425 -0.982846  0.601581 0.302713 1 0 1.000000
0  -32.404606 -104.155067 36.841866  0.000236 0.184983 -0.982742  0.601581 0.302713 1 0 1.000000
0  -32.591785 -104.005753 36.906174  0.000007 0.184287 -0.982872  0.601581 0.302713 1 0 1.000000
blackplastic
0  -32.404606 -104.155067 36.841866  0.000236 0.184983 -0.982742  0.601581 0.302713 1 0 1.000000
0  -22.836271 -103.561661 37.939438  -0.000008 0.184425 -0.982846  0.601581 0.302713 1 0 1.000000
0  -26.756094 -108.613487 36.668232  0.000315 0.184417 -0.982848  0.601581 0.302713 1 0 1.000000
blackplastic
0  -23.298719 -110.544136 36.582924  0.000010 0.184440 -0.982844  0.601581 0.302713 1 0 1.000000
0  -26.756094 -108.613487 36.668232  0.000315 0.184417 -0.982848  0.601581 0.302713 1 0 1.000000
0  -22.836271 -103.561661 37.939438  -0.000008 0.184425 -0.982846  0.601581 0.302713 1 0 1.000000
blackplastic
0  -19.378897 -111.642525 36.535339  0.000028 0.184451 -0.982842  0.601581 0.302713 1 0 1.000000
0  -23.298719 -110.544136 36.582924  0.000010 0.184440 -0.982844  0.601581 0.302713 1 0 1.000000
0  -22.836271 -103.561661 37.939438  -0.000008 0.184425 -0.982846  0.601581 0.302713 1 0 1.000000
blackplastic
0  30.786045 -61.984875 40.800987  0.000701 0.184722 -0.982791  0.601581 0.302713 1 0 1.000000
0  28.903208 -60.026272 42.342815  -0.000216 0.185048 -0.982730  0.601581 0.302713 1 0 1.000000
0  30.907162 -59.603695 42.372158  -0.000112 0.185092 -0.982721  0.601581 0.302713 1 0 1.000000
blackplastic
0  22.131601 -61.181293 42.532291  -0.000288 0.185048 -0.982729  0.601581 0.302713 1 0 1.000000
0  28.903208 -60.026272 42.342815  -0.000216 0.185048 -0.982730  0.601581 0.302713 1 0 1.000000
0  30.786045 -61.984875 40.800987  0.000701 0.184722 -0.982791  0.601581 0.302713 1 0 1.000000
blackplastic
0  30.786045 -61.984875 40.800987  0.000701 0.184722 -0.982791  0.601581 0.302713 1 0 1.000000
0  17.815390 -65.359863 41.262054  -0.000021 0.184436 -0.982845  0.601581 0.302713 1 0 1.000000
0  22.131601 -61.181293 42.532291  -0.000288 0.185048 -0.982729  0.601581 0.302713 1 0 1.000000
blackplastic
0  18.332893 -61.647198 42.639366  -0.000222 0.185001 -0.982738  0.601581 0.302713 1 0 1.000000
0  22.131601 -61.181293 42.532291  -0.000288 0.185048 -0.982729  0.601581 0.302713 1 0 1.000000
0  17.815390 -65.359863 41.262054  -0.000021 0.184436 -0.982845  0.601581 0.302713 1 0 1.000000
blackplastic
0  14.027694 -62.070187 42.731640  -0.000234 0.185069 -0.982726  0.601581 0.302713 1 0 1.000000
0  18.332893 -61.647198 42.639366  -0.000222 0.185001 -0.982738  0.601581 0.302713 1 0 1.000000
0  17.815390 -65.359863 41.262054  -0.000021 0.184436 -0.982845  0.601581 0.302713 1 0 1.000000
blackplastic
0  14.027694 -62.070187 42.731640  -0.000234 0.185069 -0.982726  0.601581 0.302713 1 0 1.000000
0  17.815390 -65.359863 41.262054  -0.000021 0.184436 -0.982845  0.601581 0.302713 1 0 1.000000
0  0.000008 -67.527718 41.750145  0.000001 0.184406 -0.982850  0.601581 0.302713 1 0 1.000000
blackplastic
0  0.000008 -62.612873 42.845436  0.000002 0.184455 -0.982841  0.601581 0.302713 1 0 1.000000
0  14.027694 -62.070187 42.731640  -0.000234 0.185069 -0.982726  0.601581 0.302713 1 0 1.000000
0  0.000008 -67.527718 41.750145  0.000001 0.184406 -0.982850  0.601581 0.302713 1 0 1.000000
blackplastic
0  0.000008 -62.612873 42.845436  0.000002 0.184455 -0.982841  0.601581 0.302713 1 0 1.000000
0  0.000008 -67.527718 41.750145  0.000001 0.184406 -0.982850  0.601581 0.302713 1 0 1.000000
0  -14.027678 -62.070187 42.731640  0.000236 0.185068 -0.982726  0.601581 0.302713 1 0 1.000000
blackplastic
0  0.000008 -67.527718 41.750145  0.000001 0.184406 -0.982850  0.601581 0.302713 1 0 1.000000
0  -17.815374 -65.359863 41.262054  0.000020 0.184438 -0.982844  0.601581 0.302713 1 0 1.000000
0  -14.027678 -62.070187 42.731640  0.000236 0.185068 -0.982726  0.601581 0.302713 1 0 1.000000
blackplastic
0  -14.027678 -62.070187 42.731640  0.000236 0.185068 -0.982726  0.601581 0.302713 1 0 1.000000
0  -17.815374 -65.359863 41.262054  0.000020 0.184438 -0.982844  0.601581 0.302713 1 0 1.000000
0  -18.332878 -61.647198 42.639366  0.000224 0.185000 -0.982738  0.601581 0.302713 1 0 1.000000
blackplastic
0  -18.332878 -61.647198 42.639366  0.000224 0.185000 -0.982738  0.601581 0.302713 1 0 1.000000
0  -17.815374 -65.359863 41.262054  0.000020 0.184438 -0.982844  0.601581 0.302713 1 0 1.000000
0  -22.131586 -61.181293 42.532291  0.000290 0.185045 -0.982730  0.601581 0.302713 1 0 1.000000
blackplastic
0  -22.131586 -61.181293 42.532291  0.000290 0.185045 -0.982730  0.601581 0.302713 1 0 1.000000
0  -17.815374 -65.359863 41.262054  0.000020 0.184438 -0.982844  0.601581 0.302713 1 0 1.000000
0  -30.786030 -61.984882 40.800995  -0.000709 0.184703 -0.982794  0.601581 0.302713 1 0 1.000000
blackplastic
0  -30.786030 -61.984882 40.800995  -0.000709 0.184703 -0.982794  0.601581 0.302713 1 0 1.000000
0  -28.903193 -60.026279 42.342823  0.000182 0.185058 -0.982728  0.601581 0.302713 1 0 1.000000
0  -22.131586 -61.181293 42.532291  0.000290 0.185045 -0.982730  0.601581 0.302713 1 0 1.000000
blackplastic
0  -30.907146 -59.603703 42.372169  0.000154 0.185084 -0.982723  0.601581 0.302713 1 0 1.000000
0  -28.903193 -60.026279 42.342823  0.000182 0.185058 -0.982728  0.601581 0.302713 1 0 1.000000
0  -30.786030 -61.984882 40.800995  -0.000709 0.184703 -0.982794  0.601581 0.302713 1 0 1.000000
blackplastic
0  8.610412 -98.502197 41.951073  0.018187 -0.173189 0.984721  0.601581 0.302713 1 0 1.000000
0  8.808604 -97.576424 42.046921  0.004571 -0.035966 0.999343  0.601581 0.302713 1 0 1.000000
0  2.785728 -98.085800 42.036221  0.001375 -0.035657 0.999363  0.601581 0.302713 1 0 1.000000
blackplastic
0  2.785728 -98.085800 42.036221  0.001375 -0.035657 0.999363  0.601581 0.302713 1 0 1.000000
0  3.105040 -98.966728 41.947502  0.011468 -0.173256 0.984810  0.601581 0.302713 1 0 1.000000
0  8.610412 -98.502197 41.951073  0.018187 -0.173189 0.984721  0.601581 0.302713 1 0 1.000000
blackplastic
0  8.070885 -96.898689 42.087105  0.020471 -0.204066 0.978743  0.601581 0.302713 1 0 1.000000
0  8.258067 -96.026810 42.198723  0.007076 -0.063143 0.997979  0.601581 0.302713 1 0 1.000000
0  2.785728 -96.480370 42.194191  0.003295 -0.063173 0.997997  0.601581 0.302713 1 0 1.000000
blackplastic
0  2.785728 -96.480370 42.194191  0.003295 -0.063173 0.997997  0.601581 0.302713 1 0 1.000000
0  3.105040 -97.318390 42.090664  0.013093 -0.204091 0.978864  0.601581 0.302713 1 0 1.000000
0  8.070885 -96.898689 42.087105  0.020471 -0.204066 0.978743  0.601581 0.302713 1 0 1.000000
blackplastic
0  0.000010 -100.053741 41.777336  0.007615 0.228736 0.973459  0.601581 0.302713 1 0 1.000000
0  0.000010 -99.785690 41.809151  -0.000005 -0.114251 0.993452  0.601581 0.302713 1 0 1.000000
0  -0.561537 -99.908264 41.797768  -0.001662 -0.114212 0.993455  0.601581 0.302713 1 0 1.000000
blackplastic
0  0.000010 -100.053741 41.777336  0.007615 0.228736 0.973459  0.601581 0.302713 1 0 1.000000
0  0.561558 -99.908264 41.797768  0.001697 -0.114211 0.993455  0.601581 0.302713 1 0 1.000000
0  0.000010 -99.785690 41.809151  -0.000005 -0.114251 0.993452  0.601581 0.302713 1 0 1.000000
blackplastic
0  -2.906826 -99.775681 41.797218  -0.007940 -0.118414 0.992933  0.601581 0.302713 1 0 1.000000
0  -2.906826 -99.503380 41.751289  0.064080 0.951927 0.299547  0.601581 0.302713 1 0 1.000000
0  -7.079897 -99.466629 41.792286  -0.011809 -0.123792 0.992238  0.601581 0.302713 1 0 1.000000
blackplastic
0  -2.906826 -99.503380 41.751289  0.064080 0.951927 0.299547  0.601581 0.302713 1 0 1.000000
0  -2.906826 -99.775681 41.797218  -0.007940 -0.118414 0.992933  0.601581 0.302713 1 0 1.000000
0  -0.561537 -99.908264 41.797768  -0.001662 -0.114212 0.993455  0.601581 0.302713 1 0 1.000000
blackplastic
0  -0.561537 -99.908264 41.797768  -0.001662 -0.114212 0.993455  0.601581 0.302713 1 0 1.000000
0  -0.187172 -99.635963 41.751839  0.045643 0.954830 0.293625  0.601581 0.302713 1 0 1.000000
0  -2.906826 -99.503380 41.751289  0.064080 0.951927 0.299547  0.601581 0.302713 1 0 1.000000
blackplastic
0  -0.187172 -99.635963 41.751839  0.045643 0.954830 0.293625  0.601581 0.302713 1 0 1.000000
0  -0.561537 -99.908264 41.797768  -0.001662 -0.114212 0.993455  0.601581 0.302713 1 0 1.000000
0  0.000010 -99.785690 41.809151  -0.000005 -0.114251 0.993452  0.601581 0.302713 1 0 1.000000
blackplastic
0  0.000010 -99.635963 41.751839  0.000038 0.956025 0.293284  0.601581 0.302713 1 0 1.000000
0  -0.187172 -99.635963 41.751839  0.045643 0.954830 0.293625  0.601581 0.302713 1 0 1.000000
0  0.000010 -99.785690 41.809151  -0.000005 -0.114251 0.993452  0.601581 0.302713 1 0 1.000000
blackplastic
0  0.000010 -99.635963 41.751839  0.000038 0.956025 0.293284  0.601581 0.302713 1 0 1.000000
0  0.000010 -99.785690 41.809151  -0.000005 -0.114251 0.993452  0.601581 0.302713 1 0 1.000000
0  0.187193 -99.635963 41.751839  -0.045553 0.954840 0.293607  0.601581 0.302713 1 0 1.000000
blackplastic
0  0.000010 -99.785690 41.809151  -0.000005 -0.114251 0.993452  0.601581 0.302713 1 0 1.000000
0  0.561558 -99.908264 41.797768  0.001697 -0.114211 0.993455  0.601581 0.302713 1 0 1.000000
0  0.187193 -99.635963 41.751839  -0.045553 0.954840 0.293607  0.601581 0.302713 1 0 1.000000
blackplastic
0  2.906847 -99.503380 41.751289  -0.063989 0.951934 0.299547  0.601581 0.302713 1 0 1.000000
0  0.187193 -99.635963 41.751839  -0.045553 0.954840 0.293607  0.601581 0.302713 1 0 1.000000
0  0.561558 -99.908264 41.797768  0.001697 -0.114211 0.993455  0.601581 0.302713 1 0 1.000000
blackplastic
0  0.561558 -99.908264 41.797768  0.001697 -0.114211 0.993455  0.601581 0.302713 1 0 1.000000
0  2.906847 -99.775681 41.797218  0.007970 -0.118412 0.992932  0.601581 0.302713 1 0 1.000000
0  2.906847 -99.503380 41.751289  -0.063989 0.951934 0.299547  0.601581 0.302713 1 0 1.000000
blackplastic
0  2.906847 -99.775681 41.797218  0.007970 -0.118412 0.992932  0.601581 0.302713 1 0 1.000000
0  7.079918 -99.466629 41.792286  0.011836 -0.123786 0.992238  0.601581 0.302713 1 0 1.000000
0  2.906847 -99.503380 41.751289  -0.063989 0.951934 0.299547  0.601581 0.302713 1 0 1.000000
blackplastic
0  7.079918 -99.466629 41.792286  0.011836 -0.123786 0.992238  0.601581 0.302713 1 0 1.000000
0  7.068907 -99.182404 41.756371  -0.087398 0.948400 0.304793  0.601581 0.302713 1 0 1.000000
0  2.906847 -99.503380 41.751289  -0.063989 0.951934 0.299547  0.601581 0.302713 1 0 1.000000
blackplastic
0  9.920690 -98.828522 41.758568  -0.122480 0.944131 0.305966  0.601581 0.302713 1 0 1.000000
0  7.068907 -99.182404 41.756371  -0.087398 0.948400 0.304793  0.601581 0.302713 1 0 1.000000
0  7.079918 -99.466629 41.792286  0.011836 -0.123786 0.992238  0.601581 0.302713 1 0 1.000000
blackplastic
0  9.986754 -99.101784 41.793526  0.014137 -0.125294 0.992019  0.601581 0.302713 1 0 1.000000
0  9.920690 -98.828522 41.758568  -0.122480 0.944131 0.305966  0.601581 0.302713 1 0 1.000000
0  7.079918 -99.466629 41.792286  0.011836 -0.123786 0.992238  0.601581 0.302713 1 0 1.000000
blackplastic
0  10.526280 -98.529480 41.765560  -0.645613 0.716497 0.264228  0.601581 0.302713 1 0 1.000000
0  9.920690 -98.828522 41.758568  -0.122480 0.944131 0.305966  0.601581 0.302713 1 0 1.000000
0  9.986754 -99.101784 41.793526  0.014137 -0.125294 0.992019  0.601581 0.302713 1 0 1.000000
blackplastic
0  9.986754 -99.101784 41.793526  0.014137 -0.125294 0.992019  0.601581 0.302713 1 0 1.000000
0  10.735485 -98.799858 41.833427  -0.065277 -0.162881 0.984484  0.601581 0.302713 1 0 1.000000
0  10.526280 -98.529480 41.765560  -0.645613 0.716497 0.264228  0.601581 0.302713 1 0 1.000000
blackplastic
0  10.735485 -98.799858 41.833427  -0.065277 -0.162881 0.984484  0.601581 0.302713 1 0 1.000000
0  10.966710 -98.373451 41.906651  -0.401900 -0.165465 0.900610  0.601581 0.302713 1 0 1.000000
0  10.526280 -98.529480 41.765560  -0.645613 0.716497 0.264228  0.601581 0.302713 1 0 1.000000
blackplastic
0  10.966710 -98.373451 41.906651  -0.401900 -0.165465 0.900610  0.601581 0.302713 1 0 1.000000
0  10.647399 -98.127884 41.807796  -0.989524 -0.143309 0.017432  0.601581 0.302713 1 0 1.000000
0  10.526280 -98.529480 41.765560  -0.645613 0.716497 0.264228  0.601581 0.302713 1 0 1.000000
blackplastic
0  10.647399 -98.127884 41.807796  -0.989524 -0.143309 0.017432  0.601581 0.302713 1 0 1.000000
0  10.966710 -98.373451 41.906651  -0.401900 -0.165465 0.900610  0.601581 0.302713 1 0 1.000000
0  10.691442 -97.468658 42.015385  -0.387377 -0.169543 0.906198  0.601581 0.302713 1 0 1.000000
blackplastic
0  0.000010 -94.573578 42.259476  0.000016 -0.307207 0.951643  0.601581 0.302713 1 0 1.000000
0  8.808604 -94.018417 42.288277  -0.000322 -0.306088 0.952003  0.601581 0.302713 1 0 1.000000
0  0.000010 -88.585304 44.001392  -0.000000 -0.257349 0.966318  0.601581 0.302713 1 0 1.000000
blackplastic
0  0.000010 -94.573578 42.259476  0.000016 -0.307207 0.951643  0.601581 0.302713 1 0 1.000000
0  0.000010 -88.585304 44.001392  -0.000000 -0.257349 0.966318  0.601581 0.302713 1 0 1.000000
0  -8.808583 -94.018417 42.288277  0.000403 -0.306161 0.951980  0.601581 0.302713 1 0 1.000000
blackplastic
0  0.000010 -88.585304 44.001392  -0.000000 -0.257349 0.966318  0.601581 0.302713 1 0 1.000000
0  -9.315079 -87.767982 43.741993  -0.049906 -0.228765 0.972202  0.601581 0.302713 1 0 1.000000
0  -8.808583 -94.018417 42.288277  0.000403 -0.306161 0.951980  0.601581 0.302713 1 0 1.000000
blackplastic
0  -9.337099 -94.405205 42.288956  0.247937 -0.201892 0.947505  0.601581 0.302713 1 0 1.000000
0  -8.808583 -94.018417 42.288277  0.000403 -0.306161 0.951980  0.601581 0.302713 1 0 1.000000
0  -9.315079 -87.767982 43.741993  -0.049906 -0.228765 0.972202  0.601581 0.302713 1 0 1.000000
blackplastic
0  -9.315079 -87.767982 43.741993  -0.049906 -0.228765 0.972202  0.601581 0.302713 1 0 1.000000
0  -12.177872 -87.307434 44.331707  0.345979 -0.142836 0.927306  0.601581 0.302713 1 0 1.000000
0  -9.337099 -94.405205 42.288956  0.247937 -0.201892 0.947505  0.601581 0.302713 1 0 1.000000
blackplastic
0  -11.649355 -93.373184 43.093945  0.393799 -0.163558 0.904528  0.601581 0.302713 1 0 1.000000
0  -9.337099 -94.405205 42.288956  0.247937 -0.201892 0.947505  0.601581 0.302713 1 0 1.000000
0  -12.177872 -87.307434 44.331707  0.345979 -0.142836 0.927306  0.601581 0.302713 1 0 1.000000
blackplastic
0  -11.649355 -93.373184 43.093945  0.393799 -0.163558 0.904528  0.601581 0.302713 1 0 1.000000
0  -10.162905 -96.143219 42.131538  0.277219 -0.192427 0.941340  0.601581 0.302713 1 0 1.000000
0  -9.337099 -94.405205 42.288956  0.247937 -0.201892 0.947505  0.601581 0.302713 1 0 1.000000
blackplastic
0  -10.162905 -96.143219 42.131538  0.277219 -0.192427 0.941340  0.601581 0.302713 1 0 1.000000
0  -11.649355 -93.373184 43.093945  0.393799 -0.163558 0.904528  0.601581 0.302713 1 0 1.000000
0  -11.286001 -97.287811 42.187462  0.402006 -0.165246 0.900603  0.601581 0.302713 1 0 1.000000
blackplastic
0  -10.162905 -96.143219 42.131538  0.277219 -0.192427 0.941340  0.601581 0.302713 1 0 1.000000
0  -11.286001 -97.287811 42.187462  0.402006 -0.165246 0.900603  0.601581 0.302713 1 0 1.000000
0  -10.691421 -97.468658 42.015385  0.387380 -0.169592 0.906187  0.601581 0.302713 1 0 1.000000
blackplastic
0  -11.286001 -97.287811 42.187462  0.402006 -0.165246 0.900603  0.601581 0.302713 1 0 1.000000
0  -10.966689 -98.373451 41.906651  0.401910 -0.165454 0.900607  0.601581 0.302713 1 0 1.000000
0  -10.691421 -97.468658 42.015385  0.387380 -0.169592 0.906187  0.601581 0.302713 1 0 1.000000
blackplastic
0  -10.691421 -97.468658 42.015385  0.387380 -0.169592 0.906187  0.601581 0.302713 1 0 1.000000
0  -10.966689 -98.373451 41.906651  0.401910 -0.165454 0.900607  0.601581 0.302713 1 0 1.000000
0  -10.647378 -98.127884 41.807796  0.989533 -0.143249 0.017437  0.601581 0.302713 1 0 1.000000
blackplastic
0  -10.526259 -98.529480 41.765560  0.645583 0.716522 0.264231  0.601581 0.302713 1 0 1.000000
0  -10.647378 -98.127884 41.807796  0.989533 -0.143249 0.017437  0.601581 0.302713 1 0 1.000000
0  -10.966689 -98.373451 41.906651  0.401910 -0.165454 0.900607  0.601581 0.302713 1 0 1.000000
blackplastic
0  -10.735464 -98.799858 41.833427  0.065325 -0.162908 0.984476  0.601581 0.302713 1 0 1.000000
0  -10.526259 -98.529480 41.765560  0.645583 0.716522 0.264231  0.601581 0.302713 1 0 1.000000
0  -10.966689 -98.373451 41.906651  0.401910 -0.165454 0.900607  0.601581 0.302713 1 0 1.000000
blackplastic
0  -10.526259 -98.529480 41.765560  0.645583 0.716522 0.264231  0.601581 0.302713 1 0 1.000000
0  -10.735464 -98.799858 41.833427  0.065325 -0.162908 0.984476  0.601581 0.302713 1 0 1.000000
0  -9.986733 -99.101784 41.793526  -0.014100 -0.125303 0.992018  0.601581 0.302713 1 0 1.000000
blackplastic
0  -9.986733 -99.101784 41.793526  -0.014100 -0.125303 0.992018  0.601581 0.302713 1 0 1.000000
0  -9.920669 -98.828522 41.758568  0.122440 0.944136 0.305967  0.601581 0.302713 1 0 1.000000
0  -10.526259 -98.529480 41.765560  0.645583 0.716522 0.264231  0.601581 0.302713 1 0 1.000000
blackplastic
0  -9.986733 -99.101784 41.793526  -0.014100 -0.125303 0.992018  0.601581 0.302713 1 0 1.000000
0  -7.079897 -99.466629 41.792286  -0.011809 -0.123792 0.992238  0.601581 0.302713 1 0 1.000000
0  -9.920669 -98.828522 41.758568  0.122440 0.944136 0.305967  0.601581 0.302713 1 0 1.000000
blackplastic
0  -7.079897 -99.466629 41.792286  -0.011809 -0.123792 0.992238  0.601581 0.302713 1 0 1.000000
0  -7.068886 -99.182404 41.756371  0.087497 0.948390 0.304797  0.601581 0.302713 1 0 1.000000
0  -9.920669 -98.828522 41.758568  0.122440 0.944136 0.305967  0.601581 0.302713 1 0 1.000000
blackplastic
0  -2.906826 -99.503380 41.751289  0.064080 0.951927 0.299547  0.601581 0.302713 1 0 1.000000
0  -7.068886 -99.182404 41.756371  0.087497 0.948390 0.304797  0.601581 0.302713 1 0 1.000000
0  -7.079897 -99.466629 41.792286  -0.011809 -0.123792 0.992238  0.601581 0.302713 1 0 1.000000
blackplastic
0  10.691442 -97.468658 42.015385  -0.387377 -0.169543 0.906198  0.601581 0.302713 1 0 1.000000
0  10.537292 -97.637581 41.853321  -0.953018 -0.302746 -0.010099  0.601581 0.302713 1 0 1.000000
0  10.647399 -98.127884 41.807796  -0.989524 -0.143309 0.017432  0.601581 0.302713 1 0 1.000000
blackplastic
0  10.041808 -96.231514 42.006626  -0.940709 -0.337735 -0.031659  0.601581 0.302713 1 0 1.000000
0  10.537292 -97.637581 41.853321  -0.953018 -0.302746 -0.010099  0.601581 0.302713 1 0 1.000000
0  10.691442 -97.468658 42.015385  -0.387377 -0.169543 0.906198  0.601581 0.302713 1 0 1.000000
blackplastic
0  10.691442 -97.468658 42.015385  -0.387377 -0.169543 0.906198  0.601581 0.302713 1 0 1.000000
0  10.162926 -96.143219 42.131538  -0.277220 -0.192409 0.941344  0.601581 0.302713 1 0 1.000000
0  10.041808 -96.231514 42.006626  -0.940709 -0.337735 -0.031659  0.601581 0.302713 1 0 1.000000
blackplastic
0  9.238024 -94.483498 42.152122  -0.915513 -0.397025 -0.064860  0.601581 0.302713 1 0 1.000000
0  10.041808 -96.231514 42.006626  -0.940709 -0.337735 -0.031659  0.601581 0.302713 1 0 1.000000
0  10.162926 -96.143219 42.131538  -0.277220 -0.192409 0.941344  0.601581 0.302713 1 0 1.000000
blackplastic
0  9.337120 -94.405205 42.288956  -0.247937 -0.201891 0.947506  0.601581 0.302713 1 0 1.000000
0  9.238024 -94.483498 42.152122  -0.915513 -0.397025 -0.064860  0.601581 0.302713 1 0 1.000000
0  10.162926 -96.143219 42.131538  -0.277220 -0.192409 0.941344  0.601581 0.302713 1 0 1.000000
blackplastic
0  8.775573 -94.170609 42.191063  -0.126748 -0.983488 0.129173  0.601581 0.302713 1 0 1.000000
0  9.238024 -94.483498 42.152122  -0.915513 -0.397025 -0.064860  0.601581 0.302713 1 0 1.000000
0  9.337120 -94.405205 42.288956  -0.247937 -0.201891 0.947506  0.601581 0.302713 1 0 1.000000
blackplastic
0  9.337120 -94.405205 42.288956  -0.247937 -0.201891 0.947506  0.601581 0.302713 1 0 1.000000
0  8.808604 -94.018417 42.288277  -0.038706 -0.260582 0.964676  0.601581 0.302713 1 0 1.000000
0  8.775573 -94.170609 42.191063  -0.126748 -0.983488 0.129173  0.601581 0.302713 1 0 1.000000
blackplastic
0  0.220225 -94.690941 42.181320  0.042496 -0.987343 0.152803  0.601581 0.302713 1 0 1.000000
0  8.775573 -94.170609 42.191063  -0.126748 -0.983488 0.129173  0.601581 0.302713 1 0 1.000000
0  8.808604 -94.018417 42.288277  -0.038706 -0.260582 0.964676  0.601581 0.302713 1 0 1.000000
blackplastic
0  8.808604 -94.018417 42.288277  -0.038706 -0.260582 0.964676  0.601581 0.302713 1 0 1.000000
0  0.000010 -94.573578 42.259476  0.000016 -0.307311 0.951609  0.601581 0.302713 1 0 1.000000
0  0.220225 -94.690941 42.181320  0.042496 -0.987343 0.152803  0.601581 0.302713 1 0 1.000000
blackplastic
0  0.000010 -94.573578 42.259476  0.000016 -0.307311 0.951609  0.601581 0.302713 1 0 1.000000
0  0.000010 -94.690941 42.181320  -0.000035 -0.988229 0.152981  0.601581 0.302713 1 0 1.000000
0  0.220225 -94.690941 42.181320  0.042496 -0.987343 0.152803  0.601581 0.302713 1 0 1.000000
blackplastic
0  0.000010 -94.573578 42.259476  0.000016 -0.307311 0.951609  0.601581 0.302713 1 0 1.000000
0  -0.220205 -94.690941 42.181320  -0.042335 -0.987338 0.152880  0.601581 0.302713 1 0 1.000000
0  0.000010 -94.690941 42.181320  -0.000035 -0.988229 0.152981  0.601581 0.302713 1 0 1.000000
blackplastic
0  -0.220205 -94.690941 42.181320  -0.042335 -0.987338 0.152880  0.601581 0.302713 1 0 1.000000
0  0.000010 -94.573578 42.259476  0.000016 -0.307311 0.951609  0.601581 0.302713 1 0 1.000000
0  -8.808583 -94.018417 42.288277  0.038643 -0.260616 0.964669  0.601581 0.302713 1 0 1.000000
blackplastic
0  -8.808583 -94.018417 42.288277  0.038643 -0.260616 0.964669  0.601581 0.302713 1 0 1.000000
0  -8.775552 -94.170609 42.191063  0.126176 -0.983548 0.129280  0.601581 0.302713 1 0 1.000000
0  -0.220205 -94.690941 42.181320  -0.042335 -0.987338 0.152880  0.601581 0.302713 1 0 1.000000
blackplastic
0  -8.775552 -94.170609 42.191063  0.126176 -0.983548 0.129280  0.601581 0.302713 1 0 1.000000
0  -8.808583 -94.018417 42.288277  0.038643 -0.260616 0.964669  0.601581 0.302713 1 0 1.000000
0  -9.337099 -94.405205 42.288956  0.247937 -0.201892 0.947505  0.601581 0.302713 1 0 1.000000
blackplastic
0  -9.337099 -94.405205 42.288956  0.247937 -0.201892 0.947505  0.601581 0.302713 1 0 1.000000
0  -9.238003 -94.483498 42.152122  0.915529 -0.396989 -0.064858  0.601581 0.302713 1 0 1.000000
0  -8.775552 -94.170609 42.191063  0.126176 -0.983548 0.129280  0.601581 0.302713 1 0 1.000000
blackplastic
0  -9.337099 -94.405205 42.288956  0.247937 -0.201892 0.947505  0.601581 0.302713 1 0 1.000000
0  -10.162905 -96.143219 42.131538  0.277219 -0.192427 0.941340  0.601581 0.302713 1 0 1.000000
0  -9.238003 -94.483498 42.152122  0.915529 -0.396989 -0.064858  0.601581 0.302713 1 0 1.000000
blackplastic
0  -10.162905 -96.143219 42.131538  0.277219 -0.192427 0.941340  0.601581 0.302713 1 0 1.000000
0  -10.041787 -96.231514 42.006626  0.940704 -0.337737 -0.031770  0.601581 0.302713 1 0 1.000000
0  -9.238003 -94.483498 42.152122  0.915529 -0.396989 -0.064858  0.601581 0.302713 1 0 1.000000
blackplastic
0  -10.041787 -96.231514 42.006626  0.940704 -0.337737 -0.031770  0.601581 0.302713 1 0 1.000000
0  -10.162905 -96.143219 42.131538  0.277219 -0.192427 0.941340  0.601581 0.302713 1 0 1.000000
0  -10.691421 -97.468658 42.015385  0.387380 -0.169592 0.906187  0.601581 0.302713 1 0 1.000000
blackplastic
0  -10.691421 -97.468658 42.015385  0.387380 -0.169592 0.906187  0.601581 0.302713 1 0 1.000000
0  -10.537271 -97.637581 41.853321  0.953013 -0.302760 -0.010146  0.601581 0.302713 1 0 1.000000
0  -10.041787 -96.231514 42.006626  0.940704 -0.337737 -0.031770  0.601581 0.302713 1 0 1.000000
blackplastic
0  -10.647378 -98.127884 41.807796  0.989533 -0.143249 0.017437  0.601581 0.302713 1 0 1.000000
0  -10.537271 -97.637581 41.853321  0.953013 -0.302760 -0.010146  0.601581 0.302713 1 0 1.000000
0  -10.691421 -97.468658 42.015385  0.387380 -0.169592 0.906187  0.601581 0.302713 1 0 1.000000
blackplastic
0  11.286022 -97.287811 42.187462  -0.402005 -0.165237 0.900605  0.601581 0.302713 1 0 1.000000
0  10.691442 -97.468658 42.015385  -0.387377 -0.169543 0.906198  0.601581 0.302713 1 0 1.000000
0  10.966710 -98.373451 41.906651  -0.401900 -0.165465 0.900610  0.601581 0.302713 1 0 1.000000
blackplastic
0  10.162926 -96.143219 42.131538  -0.277220 -0.192409 0.941344  0.601581 0.302713 1 0 1.000000
0  10.691442 -97.468658 42.015385  -0.387377 -0.169543 0.906198  0.601581 0.302713 1 0 1.000000
0  11.286022 -97.287811 42.187462  -0.402005 -0.165237 0.900605  0.601581 0.302713 1 0 1.000000
blackplastic
0  10.162926 -96.143219 42.131538  -0.277220 -0.192409 0.941344  0.601581 0.302713 1 0 1.000000
0  11.286022 -97.287811 42.187462  -0.402005 -0.165237 0.900605  0.601581 0.302713 1 0 1.000000
0  11.649376 -93.373184 43.093945  -0.393799 -0.163559 0.904528  0.601581 0.302713 1 0 1.000000
blackplastic
0  10.162926 -96.143219 42.131538  -0.277220 -0.192409 0.941344  0.601581 0.302713 1 0 1.000000
0  11.649376 -93.373184 43.093945  -0.393799 -0.163559 0.904528  0.601581 0.302713 1 0 1.000000
0  9.337120 -94.405205 42.288956  -0.247937 -0.201891 0.947506  0.601581 0.302713 1 0 1.000000
blackplastic
0  11.649376 -93.373184 43.093945  -0.393799 -0.163559 0.904528  0.601581 0.302713 1 0 1.000000
0  12.177891 -87.307434 44.331707  -0.345979 -0.142836 0.927306  0.601581 0.302713 1 0 1.000000
0  9.337120 -94.405205 42.288956  -0.247937 -0.201891 0.947506  0.601581 0.302713 1 0 1.000000
blackplastic
0  9.337120 -94.405205 42.288956  -0.247937 -0.201891 0.947506  0.601581 0.302713 1 0 1.000000
0  12.177891 -87.307434 44.331707  -0.345979 -0.142836 0.927306  0.601581 0.302713 1 0 1.000000
0  9.315098 -87.767982 43.741993  0.049901 -0.228774 0.972200  0.601581 0.302713 1 0 1.000000
blackplastic
0  9.315098 -87.767982 43.741993  0.049901 -0.228774 0.972200  0.601581 0.302713 1 0 1.000000
0  8.808604 -94.018417 42.288277  -0.000322 -0.306088 0.952003  0.601581 0.302713 1 0 1.000000
0  9.337120 -94.405205 42.288956  -0.247937 -0.201891 0.947506  0.601581 0.302713 1 0 1.000000
blackplastic
0  8.808604 -94.018417 42.288277  -0.000322 -0.306088 0.952003  0.601581 0.302713 1 0 1.000000
0  9.315098 -87.767982 43.741993  0.049901 -0.228774 0.972200  0.601581 0.302713 1 0 1.000000
0  0.000010 -88.585304 44.001392  -0.000000 -0.257349 0.966318  0.601581 0.302713 1 0 1.000000
blackplastic
0  0.000010 -86.220978 44.369289  -0.000013 -0.067402 0.997726  0.601581 0.302713 1 0 1.000000
0  0.000010 -88.585304 44.001392  -0.000000 -0.257349 0.966318  0.601581 0.302713 1 0 1.000000
0  9.315098 -87.767982 43.741993  0.049901 -0.228774 0.972200  0.601581 0.302713 1 0 1.000000
blackplastic
0  -9.315079 -87.767982 43.741993  -0.049906 -0.228765 0.972202  0.601581 0.302713 1 0 1.000000
0  0.000010 -88.585304 44.001392  -0.000000 -0.257349 0.966318  0.601581 0.302713 1 0 1.000000
0  0.000010 -86.220978 44.369289  -0.000013 -0.067402 0.997726  0.601581 0.302713 1 0 1.000000
blackplastic
0  0.000010 -86.220978 44.369289  -0.000013 -0.067402 0.997726  0.601581 0.302713 1 0 1.000000
0  -9.744498 -85.274910 44.065464  -0.043673 -0.080126 0.995827  0.601581 0.302713 1 0 1.000000
0  -9.315079 -87.767982 43.741993  -0.049906 -0.228765 0.972202  0.601581 0.302713 1 0 1.000000
blackplastic
0  -9.315079 -87.767982 43.741993  -0.049906 -0.228765 0.972202  0.601581 0.302713 1 0 1.000000
0  -9.744498 -85.274910 44.065464  -0.043673 -0.080126 0.995827  0.601581 0.302713 1 0 1.000000
0  -12.177872 -87.307434 44.331707  0.345979 -0.142836 0.927306  0.601581 0.302713 1 0 1.000000
blackplastic
0  -9.744498 -85.274910 44.065464  -0.043673 -0.080126 0.995827  0.601581 0.302713 1 0 1.000000
0  -12.409098 -84.738533 44.637497  0.385110 -0.014000 0.922764  0.601581 0.302713 1 0 1.000000
0  -12.177872 -87.307434 44.331707  0.345979 -0.142836 0.927306  0.601581 0.302713 1 0 1.000000
blackplastic
0  -12.409098 -84.738533 44.637497  0.385110 -0.014000 0.922764  0.601581 0.302713 1 0 1.000000
0  -9.744498 -85.274910 44.065464  -0.043673 -0.080126 0.995827  0.601581 0.302713 1 0 1.000000
0  -11.341057 -75.300545 44.751266  -0.031370 -0.044610 0.998512  0.601581 0.302713 1 0 1.000000
blackplastic
0  -11.341057 -75.300545 44.751266  -0.031370 -0.044610 0.998512  0.601581 0.302713 1 0 1.000000
0  -13.267937 -75.079109 45.008213  0.342381 -0.001699 0.939559  0.601581 0.302713 1 0 1.000000
0  -12.409098 -84.738533 44.637497  0.385110 -0.014000 0.922764  0.601581 0.302713 1 0 1.000000
blackplastic
0  -11.341057 -75.300545 44.751266  -0.031370 -0.044610 0.998512  0.601581 0.302713 1 0 1.000000
0  -12.706388 -65.890114 45.055344  -0.030886 -0.037675 0.998813  0.601581 0.302713 1 0 1.000000
0  -13.267937 -75.079109 45.008213  0.342381 -0.001699 0.939559  0.601581 0.302713 1 0 1.000000
blackplastic
0  -12.706388 -65.890114 45.055344  -0.030886 -0.037675 0.998813  0.601581 0.302713 1 0 1.000000
0  -14.137785 -65.816208 45.015720  0.034866 -0.007380 0.999365  0.601581 0.302713 1 0 1.000000
0  -13.267937 -75.079109 45.008213  0.342381 -0.001699 0.939559  0.601581 0.302713 1 0 1.000000
blackplastic
0  -12.706388 -65.890114 45.055344  -0.030886 -0.037675 0.998813  0.601581 0.302713 1 0 1.000000
0  -11.341057 -75.300545 44.751266  -0.031370 -0.044610 0.998512  0.601581 0.302713 1 0 1.000000
0  0.000008 -66.477089 45.294594  -0.000000 -0.034120 0.999418  0.601581 0.302713 1 0 1.000000
blackplastic
0  -11.341057 -75.300545 44.751266  -0.031370 -0.044610 0.998512  0.601581 0.302713 1 0 1.000000
0  0.000009 -76.437881 45.016563  0.000000 -0.050157 0.998741  0.601581 0.302713 1 0 1.000000
0  0.000008 -66.477089 45.294594  -0.000000 -0.034120 0.999418  0.601581 0.302713 1 0 1.000000
blackplastic
0  0.000009 -76.437881 45.016563  0.000000 -0.050157 0.998741  0.601581 0.302713 1 0 1.000000
0  -11.341057 -75.300545 44.751266  -0.031370 -0.044610 0.998512  0.601581 0.302713 1 0 1.000000
0  -9.744498 -85.274910 44.065464  -0.043673 -0.080126 0.995827  0.601581 0.302713 1 0 1.000000
blackplastic
0  -9.744498 -85.274910 44.065464  -0.043673 -0.080126 0.995827  0.601581 0.302713 1 0 1.000000
0  0.000010 -86.220978 44.369289  -0.000013 -0.067402 0.997726  0.601581 0.302713 1 0 1.000000
0  0.000009 -76.437881 45.016563  0.000000 -0.050157 0.998741  0.601581 0.302713 1 0 1.000000
blackplastic
0  0.000009 -76.437881 45.016563  0.000000 -0.050157 0.998741  0.601581 0.302713 1 0 1.000000
0  0.000010 -86.220978 44.369289  -0.000013 -0.067402 0.997726  0.601581 0.302713 1 0 1.000000
0  9.744517 -85.274910 44.065464  0.043672 -0.080105 0.995829  0.601581 0.302713 1 0 1.000000
blackplastic
0  9.315098 -87.767982 43.741993  0.049901 -0.228774 0.972200  0.601581 0.302713 1 0 1.000000
0  9.744517 -85.274910 44.065464  0.043672 -0.080105 0.995829  0.601581 0.302713 1 0 1.000000
0  0.000010 -86.220978 44.369289  -0.000013 -0.067402 0.997726  0.601581 0.302713 1 0 1.000000
blackplastic
0  9.315098 -87.767982 43.741993  0.049901 -0.228774 0.972200  0.601581 0.302713 1 0 1.000000
0  12.177891 -87.307434 44.331707  -0.345979 -0.142836 0.927306  0.601581 0.302713 1 0 1.000000
0  9.744517 -85.274910 44.065464  0.043672 -0.080105 0.995829  0.601581 0.302713 1 0 1.000000
blackplastic
0  12.177891 -87.307434 44.331707  -0.345979 -0.142836 0.927306  0.601581 0.302713 1 0 1.000000
0  12.409117 -84.738533 44.637497  -0.385110 -0.014001 0.922765  0.601581 0.302713 1 0 1.000000
0  9.744517 -85.274910 44.065464  0.043672 -0.080105 0.995829  0.601581 0.302713 1 0 1.000000
blackplastic
0  11.341074 -75.300545 44.751266  0.031370 -0.044609 0.998512  0.601581 0.302713 1 0 1.000000
0  9.744517 -85.274910 44.065464  0.043672 -0.080105 0.995829  0.601581 0.302713 1 0 1.000000
0  12.409117 -84.738533 44.637497  -0.385110 -0.014001 0.922765  0.601581 0.302713 1 0 1.000000
blackplastic
0  12.409117 -84.738533 44.637497  -0.385110 -0.014001 0.922765  0.601581 0.302713 1 0 1.000000
0  13.267954 -75.079109 45.008213  -0.342379 -0.001670 0.939560  0.601581 0.302713 1 0 1.000000
0  11.341074 -75.300545 44.751266  0.031370 -0.044609 0.998512  0.601581 0.302713 1 0 1.000000
blackplastic
0  11.341074 -75.300545 44.751266  0.031370 -0.044609 0.998512  0.601581 0.302713 1 0 1.000000
0  13.267954 -75.079109 45.008213  -0.342379 -0.001670 0.939560  0.601581 0.302713 1 0 1.000000
0  12.706406 -65.890114 45.055344  0.030886 -0.037676 0.998813  0.601581 0.302713 1 0 1.000000
blackplastic
0  13.267954 -75.079109 45.008213  -0.342379 -0.001670 0.939560  0.601581 0.302713 1 0 1.000000
0  14.137802 -65.816208 45.015720  -0.034909 -0.006656 0.999368  0.601581 0.302713 1 0 1.000000
0  12.706406 -65.890114 45.055344  0.030886 -0.037676 0.998813  0.601581 0.302713 1 0 1.000000
blackplastic
0  9.744517 -85.274910 44.065464  0.043672 -0.080105 0.995829  0.601581 0.302713 1 0 1.000000
0  11.341074 -75.300545 44.751266  0.031370 -0.044609 0.998512  0.601581 0.302713 1 0 1.000000
0  0.000009 -76.437881 45.016563  0.000000 -0.050157 0.998741  0.601581 0.302713 1 0 1.000000
blackplastic
0  0.000008 -66.477089 45.294594  -0.000000 -0.034120 0.999418  0.601581 0.302713 1 0 1.000000
0  0.000009 -76.437881 45.016563  0.000000 -0.050157 0.998741  0.601581 0.302713 1 0 1.000000
0  11.341074 -75.300545 44.751266  0.031370 -0.044609 0.998512  0.601581 0.302713 1 0 1.000000
blackplastic
0  12.706406 -65.890114 45.055344  0.030886 -0.037676 0.998813  0.601581 0.302713 1 0 1.000000
0  0.000008 -66.477089 45.294594  -0.000000 -0.034120 0.999418  0.601581 0.302713 1 0 1.000000
0  11.341074 -75.300545 44.751266  0.031370 -0.044609 0.998512  0.601581 0.302713 1 0 1.000000
blackplastic
0  -8.940713 -97.838722 42.080925  -0.025887 -0.186112 0.982187  0.601581 0.302713 1 0 1.000000
0  -10.438173 -97.640327 42.074619  -0.026288 -0.180286 0.983263  0.601581 0.302713 1 0 1.000000
0  -10.570303 -98.135429 41.974247  -0.032884 -0.231123 0.972369  0.601581 0.302713 1 0 1.000000
blackplastic
0  -10.570303 -98.135429 41.974247  -0.032884 -0.231123 0.972369  0.601581 0.302713 1 0 1.000000
0  -10.438173 -97.640327 42.074619  -0.026288 -0.180286 0.983263  0.601581 0.302713 1 0 1.000000
0  -10.537271 -97.637581 41.853321  -0.945621 0.268279 -0.183923  0.601581 0.302713 1 0 1.000000
blackplastic
0  -10.647378 -98.127884 41.807796  -0.974583 0.112421 -0.193778  0.601581 0.302713 1 0 1.000000
0  -10.570303 -98.135429 41.974247  -0.032884 -0.231123 0.972369  0.601581 0.302713 1 0 1.000000
0  -10.537271 -97.637581 41.853321  -0.945621 0.268279 -0.183923  0.601581 0.302713 1 0 1.000000
blackplastic
0  -10.449184 -98.507957 41.885258  -0.034915 -0.268950 0.962521  0.601581 0.302713 1 0 1.000000
0  -10.570303 -98.135429 41.974247  -0.032884 -0.231123 0.972369  0.601581 0.302713 1 0 1.000000
0  -10.647378 -98.127884 41.807796  -0.974583 0.112421 -0.193778  0.601581 0.302713 1 0 1.000000
blackplastic
0  -10.570303 -98.135429 41.974247  -0.032884 -0.231123 0.972369  0.601581 0.302713 1 0 1.000000
0  -10.449184 -98.507957 41.885258  -0.034915 -0.268950 0.962521  0.601581 0.302713 1 0 1.000000
0  -8.940713 -97.838722 42.080925  -0.025887 -0.186112 0.982187  0.601581 0.302713 1 0 1.000000
blackplastic
0  -10.449184 -98.507957 41.885258  -0.034915 -0.268950 0.962521  0.601581 0.302713 1 0 1.000000
0  -9.887636 -98.755028 41.840557  -0.035106 -0.306010 0.951381  0.601581 0.302713 1 0 1.000000
0  -8.940713 -97.838722 42.080925  -0.025887 -0.186112 0.982187  0.601581 0.302713 1 0 1.000000
blackplastic
0  -8.610391 -98.502197 41.951073  -0.031190 -0.277045 0.960351  0.601581 0.302713 1 0 1.000000
0  -8.940713 -97.838722 42.080925  -0.025887 -0.186112 0.982187  0.601581 0.302713 1 0 1.000000
0  -9.887636 -98.755028 41.840557  -0.035106 -0.306010 0.951381  0.601581 0.302713 1 0 1.000000
blackplastic
0  -8.610391 -98.502197 41.951073  -0.031190 -0.277045 0.960351  0.601581 0.302713 1 0 1.000000
0  -9.887636 -98.755028 41.840557  -0.035106 -0.306010 0.951381  0.601581 0.302713 1 0 1.000000
0  -7.068886 -99.097946 41.837402  -0.031166 -0.333308 0.942303  0.601581 0.302713 1 0 1.000000
blackplastic
0  -7.068886 -99.182404 41.756371  -0.090419 -0.985552 -0.143222  0.601581 0.302713 1 0 1.000000
0  -7.068886 -99.097946 41.837402  -0.031166 -0.333308 0.942303  0.601581 0.302713 1 0 1.000000
0  -9.887636 -98.755028 41.840557  -0.035106 -0.306010 0.951381  0.601581 0.302713 1 0 1.000000
blackplastic
0  -2.906826 -99.418915 41.832325  -0.021717 -0.334365 0.942193  0.601581 0.302713 1 0 1.000000
0  -7.068886 -99.097946 41.837402  -0.031166 -0.333308 0.942303  0.601581 0.302713 1 0 1.000000
0  -7.068886 -99.182404 41.756371  -0.090419 -0.985552 -0.143222  0.601581 0.302713 1 0 1.000000
blackplastic
0  -2.906826 -99.503380 41.751289  -0.065979 -0.988530 -0.135849  0.601581 0.302713 1 0 1.000000
0  -2.906826 -99.418915 41.832325  -0.021717 -0.334365 0.942193  0.601581 0.302713 1 0 1.000000
0  -7.068886 -99.182404 41.756371  -0.090419 -0.985552 -0.143222  0.601581 0.302713 1 0 1.000000
blackplastic
0  -0.187172 -99.551506 41.832870  -0.016037 -0.327701 0.944645  0.601581 0.302713 1 0 1.000000
0  -2.906826 -99.418915 41.832325  -0.021717 -0.334365 0.942193  0.601581 0.302713 1 0 1.000000
0  -2.906826 -99.503380 41.751289  -0.065979 -0.988530 -0.135849  0.601581 0.302713 1 0 1.000000
blackplastic
0  -0.187172 -99.635963 41.751839  -0.046941 -0.990239 -0.131240  0.601581 0.302713 1 0 1.000000
0  -0.187172 -99.551506 41.832870  -0.016037 -0.327701 0.944645  0.601581 0.302713 1 0 1.000000
0  -2.906826 -99.503380 41.751289  -0.065979 -0.988530 -0.135849  0.601581 0.302713 1 0 1.000000
blackplastic
0  0.000010 -99.551506 41.832870  -0.000055 -0.327672 0.944791  0.601581 0.302713 1 0 1.000000
0  -0.187172 -99.551506 41.832870  -0.016037 -0.327701 0.944645  0.601581 0.302713 1 0 1.000000
0  -0.187172 -99.635963 41.751839  -0.046941 -0.990239 -0.131240  0.601581 0.302713 1 0 1.000000
blackplastic
0  -0.187172 -99.635963 41.751839  -0.046941 -0.990239 -0.131240  0.601581 0.302713 1 0 1.000000
0  0.000010 -99.635963 41.751839  -0.000039 -0.991336 -0.131350  0.601581 0.302713 1 0 1.000000
0  0.000010 -99.551506 41.832870  -0.000055 -0.327672 0.944791  0.601581 0.302713 1 0 1.000000
blackplastic
0  0.000010 -99.551506 41.832870  -0.000055 -0.327672 0.944791  0.601581 0.302713 1 0 1.000000
0  0.000010 -99.635963 41.751839  -0.000039 -0.991336 -0.131350  0.601581 0.302713 1 0 1.000000
0  0.187193 -99.635963 41.751839  0.047024 -0.990264 -0.131022  0.601581 0.302713 1 0 1.000000
blackplastic
0  0.187193 -99.635963 41.751839  0.047024 -0.990264 -0.131022  0.601581 0.302713 1 0 1.000000
0  0.187193 -99.551506 41.832870  0.016057 -0.327632 0.944669  0.601581 0.302713 1 0 1.000000
0  0.000010 -99.551506 41.832870  -0.000055 -0.327672 0.944791  0.601581 0.302713 1 0 1.000000
blackplastic
0  0.000010 -98.535515 42.075565  0.000003 -0.176600 0.984283  0.601581 0.302713 1 0 1.000000
0  0.000010 -99.551506 41.832870  -0.000055 -0.327672 0.944791  0.601581 0.302713 1 0 1.000000
0  0.187193 -99.551506 41.832870  0.016057 -0.327632 0.944669  0.601581 0.302713 1 0 1.000000
blackplastic
0  0.187193 -99.551506 41.832870  0.016057 -0.327632 0.944669  0.601581 0.302713 1 0 1.000000
0  0.198204 -98.535515 42.075565  0.009395 -0.176693 0.984221  0.601581 0.302713 1 0 1.000000
0  0.000010 -98.535515 42.075565  0.000003 -0.176600 0.984283  0.601581 0.302713 1 0 1.000000
blackplastic
0  -3.105019 -98.966728 41.947502  -0.016478 -0.277711 0.960523  0.601581 0.302713 1 0 1.000000
0  -8.610391 -98.502197 41.951073  -0.031190 -0.277045 0.960351  0.601581 0.302713 1 0 1.000000
0  -7.068886 -99.097946 41.837402  -0.031166 -0.333308 0.942303  0.601581 0.302713 1 0 1.000000
blackplastic
0  -7.068886 -99.097946 41.837402  -0.031166 -0.333308 0.942303  0.601581 0.302713 1 0 1.000000
0  -2.906826 -99.418915 41.832325  -0.021717 -0.334365 0.942193  0.601581 0.302713 1 0 1.000000
0  -3.105019 -98.966728 41.947502  -0.016478 -0.277711 0.960523  0.601581 0.302713 1 0 1.000000
blackplastic
0  -2.697622 -98.390999 42.085030  -0.007994 -0.181885 0.983287  0.601581 0.302713 1 0 1.000000
0  -3.105019 -98.966728 41.947502  -0.016478 -0.277711 0.960523  0.601581 0.302713 1 0 1.000000
0  -2.906826 -99.418915 41.832325  -0.021717 -0.334365 0.942193  0.601581 0.302713 1 0 1.000000
blackplastic
0  -2.697622 -98.390999 42.085030  -0.007994 -0.181885 0.983287  0.601581 0.302713 1 0 1.000000
0  -2.906826 -99.418915 41.832325  -0.021717 -0.334365 0.942193  0.601581 0.302713 1 0 1.000000
0  -0.187172 -99.551506 41.832870  -0.016037 -0.327701 0.944645  0.601581 0.302713 1 0 1.000000
blackplastic
0  -0.187172 -99.551506 41.832870  -0.016037 -0.327701 0.944645  0.601581 0.302713 1 0 1.000000
0  -0.198183 -98.535515 42.075565  -0.009394 -0.176692 0.984221  0.601581 0.302713 1 0 1.000000
0  -2.697622 -98.390999 42.085030  -0.007994 -0.181885 0.983287  0.601581 0.302713 1 0 1.000000
blackplastic
0  0.000010 -98.535515 42.075565  0.000003 -0.176600 0.984283  0.601581 0.302713 1 0 1.000000
0  -0.198183 -98.535515 42.075565  -0.009394 -0.176692 0.984221  0.601581 0.302713 1 0 1.000000
0  -0.187172 -99.551506 41.832870  -0.016037 -0.327701 0.944645  0.601581 0.302713 1 0 1.000000
blackplastic
0  -0.187172 -99.551506 41.832870  -0.016037 -0.327701 0.944645  0.601581 0.302713 1 0 1.000000
0  0.000010 -99.551506 41.832870  -0.000055 -0.327672 0.944791  0.601581 0.302713 1 0 1.000000
0  0.000010 -98.535515 42.075565  0.000003 -0.176600 0.984283  0.601581 0.302713 1 0 1.000000
blackplastic
0  -10.526259 -98.529480 41.765560  -0.914989 -0.337145 -0.221649  0.601581 0.302713 1 0 1.000000
0  -10.449184 -98.507957 41.885258  -0.034915 -0.268950 0.962521  0.601581 0.302713 1 0 1.000000
0  -10.647378 -98.127884 41.807796  -0.974583 0.112421 -0.193778  0.601581 0.302713 1 0 1.000000
blackplastic
0  -10.449184 -98.507957 41.885258  -0.034915 -0.268950 0.962521  0.601581 0.302713 1 0 1.000000
0  -10.526259 -98.529480 41.765560  -0.914989 -0.337145 -0.221649  0.601581 0.302713 1 0 1.000000
0  -9.920669 -98.828522 41.758568  -0.298418 -0.938359 -0.174442  0.601581 0.302713 1 0 1.000000
blackplastic
0  -9.920669 -98.828522 41.758568  -0.298418 -0.938359 -0.174442  0.601581 0.302713 1 0 1.000000
0  -9.887636 -98.755028 41.840557  -0.035106 -0.306010 0.951381  0.601581 0.302713 1 0 1.000000
0  -10.449184 -98.507957 41.885258  -0.034915 -0.268950 0.962521  0.601581 0.302713 1 0 1.000000
blackplastic
0  -9.920669 -98.828522 41.758568  -0.298418 -0.938359 -0.174442  0.601581 0.302713 1 0 1.000000
0  -7.068886 -99.182404 41.756371  -0.090419 -0.985552 -0.143222  0.601581 0.302713 1 0 1.000000
0  -9.887636 -98.755028 41.840557  -0.035106 -0.306010 0.951381  0.601581 0.302713 1 0 1.000000
blackplastic
0  0.187193 -99.635963 41.751839  0.047024 -0.990264 -0.131022  0.601581 0.302713 1 0 1.000000
0  2.906847 -99.503380 41.751289  0.065985 -0.988504 -0.136040  0.601581 0.302713 1 0 1.000000
0  0.187193 -99.551506 41.832870  0.016057 -0.327632 0.944669  0.601581 0.302713 1 0 1.000000
blackplastic
0  2.906847 -99.503380 41.751289  0.065985 -0.988504 -0.136040  0.601581 0.302713 1 0 1.000000
0  2.906847 -99.418915 41.832325  0.021712 -0.334365 0.942193  0.601581 0.302713 1 0 1.000000
0  0.187193 -99.551506 41.832870  0.016057 -0.327632 0.944669  0.601581 0.302713 1 0 1.000000
blackplastic
0  2.906847 -99.503380 41.751289  0.065985 -0.988504 -0.136040  0.601581 0.302713 1 0 1.000000
0  7.068907 -99.182404 41.756371  0.090426 -0.985537 -0.143318  0.601581 0.302713 1 0 1.000000
0  2.906847 -99.418915 41.832325  0.021712 -0.334365 0.942193  0.601581 0.302713 1 0 1.000000
blackplastic
0  7.068907 -99.182404 41.756371  0.090426 -0.985537 -0.143318  0.601581 0.302713 1 0 1.000000
0  7.068907 -99.097946 41.837402  0.031177 -0.333356 0.942285  0.601581 0.302713 1 0 1.000000
0  2.906847 -99.418915 41.832325  0.021712 -0.334365 0.942193  0.601581 0.302713 1 0 1.000000
blackplastic
0  9.887657 -98.755028 41.840557  0.035097 -0.306019 0.951378  0.601581 0.302713 1 0 1.000000
0  7.068907 -99.097946 41.837402  0.031177 -0.333356 0.942285  0.601581 0.302713 1 0 1.000000
0  7.068907 -99.182404 41.756371  0.090426 -0.985537 -0.143318  0.601581 0.302713 1 0 1.000000
blackplastic
0  9.920690 -98.828522 41.758568  0.298532 -0.938321 -0.174449  0.601581 0.302713 1 0 1.000000
0  9.887657 -98.755028 41.840557  0.035097 -0.306019 0.951378  0.601581 0.302713 1 0 1.000000
0  7.068907 -99.182404 41.756371  0.090426 -0.985537 -0.143318  0.601581 0.302713 1 0 1.000000
blackplastic
0  10.449205 -98.507957 41.885258  0.034871 -0.269016 0.962504  0.601581 0.302713 1 0 1.000000
0  9.887657 -98.755028 41.840557  0.035097 -0.306019 0.951378  0.601581 0.302713 1 0 1.000000
0  9.920690 -98.828522 41.758568  0.298532 -0.938321 -0.174449  0.601581 0.302713 1 0 1.000000
blackplastic
0  9.920690 -98.828522 41.758568  0.298532 -0.938321 -0.174449  0.601581 0.302713 1 0 1.000000
0  10.526280 -98.529480 41.765560  0.915021 -0.337076 -0.221623  0.601581 0.302713 1 0 1.000000
0  10.449205 -98.507957 41.885258  0.034871 -0.269016 0.962504  0.601581 0.302713 1 0 1.000000
blackplastic
0  10.526280 -98.529480 41.765560  0.915021 -0.337076 -0.221623  0.601581 0.302713 1 0 1.000000
0  10.647399 -98.127884 41.807796  0.974584 0.112386 -0.193792  0.601581 0.302713 1 0 1.000000
0  10.449205 -98.507957 41.885258  0.034871 -0.269016 0.962504  0.601581 0.302713 1 0 1.000000
blackplastic
0  2.697642 -98.390999 42.085030  0.007995 -0.181885 0.983287  0.601581 0.302713 1 0 1.000000
0  0.198204 -98.535515 42.075565  0.009395 -0.176693 0.984221  0.601581 0.302713 1 0 1.000000
0  0.187193 -99.551506 41.832870  0.016057 -0.327632 0.944669  0.601581 0.302713 1 0 1.000000
blackplastic
0  0.187193 -99.551506 41.832870  0.016057 -0.327632 0.944669  0.601581 0.302713 1 0 1.000000
0  2.906847 -99.418915 41.832325  0.021712 -0.334365 0.942193  0.601581 0.302713 1 0 1.000000
0  2.697642 -98.390999 42.085030  0.007995 -0.181885 0.983287  0.601581 0.302713 1 0 1.000000
blackplastic
0  2.697642 -98.390999 42.085030  0.007995 -0.181885 0.983287  0.601581 0.302713 1 0 1.000000
0  2.906847 -99.418915 41.832325  0.021712 -0.334365 0.942193  0.601581 0.302713 1 0 1.000000
0  3.105040 -98.966728 41.947502  0.016478 -0.277709 0.960524  0.601581 0.302713 1 0 1.000000
blackplastic
0  3.105040 -98.966728 41.947502  0.016478 -0.277709 0.960524  0.601581 0.302713 1 0 1.000000
0  2.906847 -99.418915 41.832325  0.021712 -0.334365 0.942193  0.601581 0.302713 1 0 1.000000
0  7.068907 -99.097946 41.837402  0.031177 -0.333356 0.942285  0.601581 0.302713 1 0 1.000000
blackplastic
0  7.068907 -99.097946 41.837402  0.031177 -0.333356 0.942285  0.601581 0.302713 1 0 1.000000
0  8.610412 -98.502197 41.951073  0.031189 -0.277045 0.960351  0.601581 0.302713 1 0 1.000000
0  3.105040 -98.966728 41.947502  0.016478 -0.277709 0.960524  0.601581 0.302713 1 0 1.000000
blackplastic
0  8.610412 -98.502197 41.951073  0.031189 -0.277045 0.960351  0.601581 0.302713 1 0 1.000000
0  7.068907 -99.097946 41.837402  0.031177 -0.333356 0.942285  0.601581 0.302713 1 0 1.000000
0  9.887657 -98.755028 41.840557  0.035097 -0.306019 0.951378  0.601581 0.302713 1 0 1.000000
blackplastic
0  8.610412 -98.502197 41.951073  0.031189 -0.277045 0.960351  0.601581 0.302713 1 0 1.000000
0  9.887657 -98.755028 41.840557  0.035097 -0.306019 0.951378  0.601581 0.302713 1 0 1.000000
0  8.940734 -97.838722 42.080925  0.025887 -0.186112 0.982188  0.601581 0.302713 1 0 1.000000
blackplastic
0  10.449205 -98.507957 41.885258  0.034871 -0.269016 0.962504  0.601581 0.302713 1 0 1.000000
0  8.940734 -97.838722 42.080925  0.025887 -0.186112 0.982188  0.601581 0.302713 1 0 1.000000
0  9.887657 -98.755028 41.840557  0.035097 -0.306019 0.951378  0.601581 0.302713 1 0 1.000000
blackplastic
0  10.570324 -98.135429 41.974247  0.032885 -0.231122 0.972369  0.601581 0.302713 1 0 1.000000
0  8.940734 -97.838722 42.080925  0.025887 -0.186112 0.982188  0.601581 0.302713 1 0 1.000000
0  10.449205 -98.507957 41.885258  0.034871 -0.269016 0.962504  0.601581 0.302713 1 0 1.000000
blackplastic
0  10.647399 -98.127884 41.807796  0.974584 0.112386 -0.193792  0.601581 0.302713 1 0 1.000000
0  10.570324 -98.135429 41.974247  0.032885 -0.231122 0.972369  0.601581 0.302713 1 0 1.000000
0  10.449205 -98.507957 41.885258  0.034871 -0.269016 0.962504  0.601581 0.302713 1 0 1.000000
blackplastic
0  10.647399 -98.127884 41.807796  0.974584 0.112386 -0.193792  0.601581 0.302713 1 0 1.000000
0  10.537292 -97.637581 41.853321  0.945635 0.268262 -0.183877  0.601581 0.302713 1 0 1.000000
0  10.570324 -98.135429 41.974247  0.032885 -0.231122 0.972369  0.601581 0.302713 1 0 1.000000
blackplastic
0  10.537292 -97.637581 41.853321  0.945635 0.268262 -0.183877  0.601581 0.302713 1 0 1.000000
0  10.438194 -97.640327 42.074619  0.026282 -0.180265 0.983267  0.601581 0.302713 1 0 1.000000
0  10.570324 -98.135429 41.974247  0.032885 -0.231122 0.972369  0.601581 0.302713 1 0 1.000000
blackplastic
0  8.940734 -97.838722 42.080925  0.025887 -0.186112 0.982188  0.601581 0.302713 1 0 1.000000
0  10.570324 -98.135429 41.974247  0.032885 -0.231122 0.972369  0.601581 0.302713 1 0 1.000000
0  10.438194 -97.640327 42.074619  0.026282 -0.180265 0.983267  0.601581 0.302713 1 0 1.000000
blackplastic
0  10.537292 -97.637581 41.853321  0.945629 0.268276 -0.183887  0.601581 0.302713 1 0 1.000000
0  10.041808 -96.231514 42.006626  0.915784 0.349236 -0.198429  0.601581 0.302713 1 0 1.000000
0  10.295055 -97.138634 41.997566  0.034857 -0.289214 0.956630  0.601581 0.302713 1 0 1.000000
blackplastic
0  10.041808 -96.231514 42.006626  0.915784 0.349236 -0.198429  0.601581 0.302713 1 0 1.000000
0  9.876647 -96.046829 42.222576  0.023950 -0.175735 0.984146  0.601581 0.302713 1 0 1.000000
0  10.295055 -97.138634 41.997566  0.034857 -0.289214 0.956630  0.601581 0.302713 1 0 1.000000
blackplastic
0  10.295055 -97.138634 41.997566  0.034857 -0.289214 0.956630  0.601581 0.302713 1 0 1.000000
0  9.876647 -96.046829 42.222576  0.023950 -0.175735 0.984146  0.601581 0.302713 1 0 1.000000
0  8.357164 -96.234253 42.227924  0.024081 -0.178323 0.983677  0.601581 0.302713 1 0 1.000000
blackplastic
0  8.070885 -96.898689 42.087105  0.029298 -0.261279 0.964819  0.601581 0.302713 1 0 1.000000
0  10.295055 -97.138634 41.997566  0.034857 -0.289214 0.956630  0.601581 0.302713 1 0 1.000000
0  8.357164 -96.234253 42.227924  0.024081 -0.178323 0.983677  0.601581 0.302713 1 0 1.000000
blackplastic
0  2.554502 -97.868340 41.995090  0.016762 -0.308866 0.950958  0.601581 0.302713 1 0 1.000000
0  10.295055 -97.138634 41.997566  0.034857 -0.289214 0.956630  0.601581 0.302713 1 0 1.000000
0  8.070885 -96.898689 42.087105  0.029298 -0.261279 0.964819  0.601581 0.302713 1 0 1.000000
blackplastic
0  8.070885 -96.898689 42.087105  0.029298 -0.261279 0.964819  0.601581 0.302713 1 0 1.000000
0  3.105040 -97.318390 42.090664  0.015074 -0.266297 0.963773  0.601581 0.302713 1 0 1.000000
0  2.554502 -97.868340 41.995090  0.016762 -0.308866 0.950958  0.601581 0.302713 1 0 1.000000
blackplastic
0  2.719664 -96.687820 42.223392  0.004791 -0.169124 0.985583  0.601581 0.302713 1 0 1.000000
0  2.554502 -97.868340 41.995090  0.016762 -0.308866 0.950958  0.601581 0.302713 1 0 1.000000
0  3.105040 -97.318390 42.090664  0.015074 -0.266297 0.963773  0.601581 0.302713 1 0 1.000000
blackplastic
0  2.554502 -97.868340 41.995090  0.016762 -0.308866 0.950958  0.601581 0.302713 1 0 1.000000
0  2.719664 -96.687820 42.223392  0.004791 -0.169124 0.985583  0.601581 0.302713 1 0 1.000000
0  0.198204 -96.821365 42.212975  0.004385 -0.160169 0.987080  0.601581 0.302713 1 0 1.000000
blackplastic
0  0.198204 -97.958008 41.980831  0.012883 -0.301021 0.953531  0.601581 0.302713 1 0 1.000000
0  2.554502 -97.868340 41.995090  0.016762 -0.308866 0.950958  0.601581 0.302713 1 0 1.000000
0  0.198204 -96.821365 42.212975  0.004385 -0.160169 0.987080  0.601581 0.302713 1 0 1.000000
blackplastic
0  0.198204 -97.958008 41.980831  0.012883 -0.301021 0.953531  0.601581 0.302713 1 0 1.000000
0  0.198204 -96.821365 42.212975  0.004385 -0.160169 0.987080  0.601581 0.302713 1 0 1.000000
0  0.000010 -96.821365 42.212975  0.000002 -0.160120 0.987098  0.601581 0.302713 1 0 1.000000
blackplastic
0  0.000010 -96.821365 42.212975  0.000002 -0.160120 0.987098  0.601581 0.302713 1 0 1.000000
0  0.000010 -97.958008 41.980831  -0.000005 -0.301128 0.953584  0.601581 0.302713 1 0 1.000000
0  0.198204 -97.958008 41.980831  0.012883 -0.301021 0.953531  0.601581 0.302713 1 0 1.000000
blackplastic
0  -0.198183 -97.958008 41.980831  -0.012892 -0.301021 0.953530  0.601581 0.302713 1 0 1.000000
0  0.000010 -97.958008 41.980831  -0.000005 -0.301128 0.953584  0.601581 0.302713 1 0 1.000000
0  0.000010 -96.821365 42.212975  0.000002 -0.160120 0.987098  0.601581 0.302713 1 0 1.000000
blackplastic
0  0.000010 -96.821365 42.212975  0.000002 -0.160120 0.987098  0.601581 0.302713 1 0 1.000000
0  -0.198183 -96.821365 42.212975  -0.004392 -0.160169 0.987080  0.601581 0.302713 1 0 1.000000
0  -0.198183 -97.958008 41.980831  -0.012892 -0.301021 0.953530  0.601581 0.302713 1 0 1.000000
blackplastic
0  -0.198183 -97.958008 41.980831  -0.012892 -0.301021 0.953530  0.601581 0.302713 1 0 1.000000
0  -0.198183 -96.821365 42.212975  -0.004392 -0.160169 0.987080  0.601581 0.302713 1 0 1.000000
0  -2.554482 -97.868340 41.995090  -0.016748 -0.308866 0.950958  0.601581 0.302713 1 0 1.000000
blackplastic
0  -0.198183 -96.821365 42.212975  -0.004392 -0.160169 0.987080  0.601581 0.302713 1 0 1.000000
0  -2.719643 -96.687820 42.223392  -0.004786 -0.169125 0.985583  0.601581 0.302713 1 0 1.000000
0  -2.554482 -97.868340 41.995090  -0.016748 -0.308866 0.950958  0.601581 0.302713 1 0 1.000000
blackplastic
0  -2.719643 -96.687820 42.223392  -0.004786 -0.169125 0.985583  0.601581 0.302713 1 0 1.000000
0  -3.105019 -97.318390 42.090664  -0.015077 -0.266293 0.963774  0.601581 0.302713 1 0 1.000000
0  -2.554482 -97.868340 41.995090  -0.016748 -0.308866 0.950958  0.601581 0.302713 1 0 1.000000
blackplastic
0  -2.554482 -97.868340 41.995090  -0.016748 -0.308866 0.950958  0.601581 0.302713 1 0 1.000000
0  -3.105019 -97.318390 42.090664  -0.015077 -0.266293 0.963774  0.601581 0.302713 1 0 1.000000
0  -8.070864 -96.898689 42.087105  -0.029300 -0.261284 0.964817  0.601581 0.302713 1 0 1.000000
blackplastic
0  -8.070864 -96.898689 42.087105  -0.029300 -0.261284 0.964817  0.601581 0.302713 1 0 1.000000
0  -10.295034 -97.138634 41.997566  -0.035128 -0.289694 0.956474  0.601581 0.302713 1 0 1.000000
0  -2.554482 -97.868340 41.995090  -0.016748 -0.308866 0.950958  0.601581 0.302713 1 0 1.000000
blackplastic
0  -8.070864 -96.898689 42.087105  -0.029300 -0.261284 0.964817  0.601581 0.302713 1 0 1.000000
0  -8.357143 -96.234253 42.227924  -0.024082 -0.178323 0.983677  0.601581 0.302713 1 0 1.000000
0  -10.295034 -97.138634 41.997566  -0.035128 -0.289694 0.956474  0.601581 0.302713 1 0 1.000000
blackplastic
0  -8.357143 -96.234253 42.227924  -0.024082 -0.178323 0.983677  0.601581 0.302713 1 0 1.000000
0  -9.876626 -96.046829 42.222576  -0.024017 -0.175958 0.984105  0.601581 0.302713 1 0 1.000000
0  -10.295034 -97.138634 41.997566  -0.035128 -0.289694 0.956474  0.601581 0.302713 1 0 1.000000
blackplastic
0  -10.295034 -97.138634 41.997566  -0.035128 -0.289694 0.956474  0.601581 0.302713 1 0 1.000000
0  -9.876626 -96.046829 42.222576  -0.024017 -0.175958 0.984105  0.601581 0.302713 1 0 1.000000
0  -10.041787 -96.231514 42.006626  -0.915754 0.349269 -0.198507  0.601581 0.302713 1 0 1.000000
blackplastic
0  -10.537271 -97.637581 41.853321  -0.945612 0.268303 -0.183934  0.601581 0.302713 1 0 1.000000
0  -10.295034 -97.138634 41.997566  -0.035128 -0.289694 0.956474  0.601581 0.302713 1 0 1.000000
0  -10.041787 -96.231514 42.006626  -0.915754 0.349269 -0.198507  0.601581 0.302713 1 0 1.000000
blackplastic
0  -9.238003 -94.483498 42.152122  -0.873413 0.478029 -0.092935  0.601581 0.302713 1 0 1.000000
0  -10.041787 -96.231514 42.006626  -0.915774 0.349312 -0.198343  0.601581 0.302713 1 0 1.000000
0  -9.711465 -95.546104 42.134560  -0.035971 -0.302572 0.952447  0.601581 0.302713 1 0 1.000000
blackplastic
0  -9.238003 -94.483498 42.152122  -0.873413 0.478029 -0.092935  0.601581 0.302713 1 0 1.000000
0  -9.711465 -95.546104 42.134560  -0.035971 -0.302572 0.952447  0.601581 0.302713 1 0 1.000000
0  -9.193959 -94.602646 42.306232  -0.020000 -0.192650 0.981064  0.601581 0.302713 1 0 1.000000
blackplastic
0  -9.193959 -94.602646 42.306232  -0.020000 -0.192650 0.981064  0.601581 0.302713 1 0 1.000000
0  -9.711465 -95.546104 42.134560  -0.035971 -0.302572 0.952447  0.601581 0.302713 1 0 1.000000
0  -7.531338 -95.306160 42.224094  -0.028200 -0.270450 0.962321  0.601581 0.302713 1 0 1.000000
blackplastic
0  -7.531338 -95.306160 42.224094  -0.028200 -0.270450 0.962321  0.601581 0.302713 1 0 1.000000
0  -9.711465 -95.546104 42.134560  -0.035971 -0.302572 0.952447  0.601581 0.302713 1 0 1.000000
0  -2.554482 -96.187088 42.135376  -0.017518 -0.320779 0.946992  0.601581 0.302713 1 0 1.000000
blackplastic
0  -2.554482 -96.187088 42.135376  -0.017518 -0.320779 0.946992  0.601581 0.302713 1 0 1.000000
0  -3.082998 -95.649071 42.220940  -0.015286 -0.267999 0.963298  0.601581 0.302713 1 0 1.000000
0  -7.531338 -95.306160 42.224094  -0.028200 -0.270450 0.962321  0.601581 0.302713 1 0 1.000000
blackplastic
0  -2.554482 -96.187088 42.135376  -0.017518 -0.320779 0.946992  0.601581 0.302713 1 0 1.000000
0  -0.209194 -96.276764 42.121113  -0.014523 -0.313641 0.949431  0.601581 0.302713 1 0 1.000000
0  -3.082998 -95.649071 42.220940  -0.015286 -0.267999 0.963298  0.601581 0.302713 1 0 1.000000
blackplastic
0  -2.708633 -95.096245 42.349415  -0.005496 -0.171619 0.985148  0.601581 0.302713 1 0 1.000000
0  -3.082998 -95.649071 42.220940  -0.015286 -0.267999 0.963298  0.601581 0.302713 1 0 1.000000
0  -0.209194 -96.276764 42.121113  -0.014523 -0.313641 0.949431  0.601581 0.302713 1 0 1.000000
blackplastic
0  -0.209194 -96.276764 42.121113  -0.014523 -0.313641 0.949431  0.601581 0.302713 1 0 1.000000
0  -0.209194 -95.184959 42.346127  -0.006987 -0.162638 0.986661  0.601581 0.302713 1 0 1.000000
0  -2.708633 -95.096245 42.349415  -0.005496 -0.171619 0.985148  0.601581 0.302713 1 0 1.000000
blackplastic
0  0.000010 -95.184959 42.346127  0.000002 -0.162541 0.986702  0.601581 0.302713 1 0 1.000000
0  -0.209194 -95.184959 42.346127  -0.006987 -0.162638 0.986661  0.601581 0.302713 1 0 1.000000
0  -0.209194 -96.276764 42.121113  -0.014523 -0.313641 0.949431  0.601581 0.302713 1 0 1.000000
blackplastic
0  -0.209194 -96.276764 42.121113  -0.014523 -0.313641 0.949431  0.601581 0.302713 1 0 1.000000
0  0.000010 -96.276764 42.121113  -0.000006 -0.313909 0.949453  0.601581 0.302713 1 0 1.000000
0  0.000010 -95.184959 42.346127  0.000002 -0.162541 0.986702  0.601581 0.302713 1 0 1.000000
blackplastic
0  0.000010 -95.184959 42.346127  0.000002 -0.162541 0.986702  0.601581 0.302713 1 0 1.000000
0  0.000010 -96.276764 42.121113  -0.000006 -0.313909 0.949453  0.601581 0.302713 1 0 1.000000
0  0.209214 -96.276764 42.121113  0.014524 -0.313641 0.949431  0.601581 0.302713 1 0 1.000000
blackplastic
0  0.209214 -96.276764 42.121113  0.014524 -0.313641 0.949431  0.601581 0.302713 1 0 1.000000
0  0.209214 -95.184959 42.346127  0.006980 -0.162637 0.986661  0.601581 0.302713 1 0 1.000000
0  0.000010 -95.184959 42.346127  0.000002 -0.162541 0.986702  0.601581 0.302713 1 0 1.000000
blackplastic
0  2.708653 -95.096245 42.349415  0.005496 -0.171619 0.985148  0.601581 0.302713 1 0 1.000000
0  0.209214 -95.184959 42.346127  0.006980 -0.162637 0.986661  0.601581 0.302713 1 0 1.000000
0  0.209214 -96.276764 42.121113  0.014524 -0.313641 0.949431  0.601581 0.302713 1 0 1.000000
blackplastic
0  0.209214 -96.276764 42.121113  0.014524 -0.313641 0.949431  0.601581 0.302713 1 0 1.000000
0  3.083018 -95.649071 42.220940  0.015282 -0.267951 0.963311  0.601581 0.302713 1 0 1.000000
0  2.708653 -95.096245 42.349415  0.005496 -0.171619 0.985148  0.601581 0.302713 1 0 1.000000
blackplastic
0  2.554502 -96.187088 42.135376  0.017521 -0.320778 0.946992  0.601581 0.302713 1 0 1.000000
0  3.083018 -95.649071 42.220940  0.015282 -0.267951 0.963311  0.601581 0.302713 1 0 1.000000
0  0.209214 -96.276764 42.121113  0.014524 -0.313641 0.949431  0.601581 0.302713 1 0 1.000000
blackplastic
0  7.531358 -95.306160 42.224094  0.028199 -0.270446 0.962322  0.601581 0.302713 1 0 1.000000
0  3.083018 -95.649071 42.220940  0.015282 -0.267951 0.963311  0.601581 0.302713 1 0 1.000000
0  2.554502 -96.187088 42.135376  0.017521 -0.320778 0.946992  0.601581 0.302713 1 0 1.000000
blackplastic
0  2.554502 -96.187088 42.135376  0.017521 -0.320778 0.946992  0.601581 0.302713 1 0 1.000000
0  9.711486 -95.546104 42.134560  0.035564 -0.301871 0.952685  0.601581 0.302713 1 0 1.000000
0  7.531358 -95.306160 42.224094  0.028199 -0.270446 0.962322  0.601581 0.302713 1 0 1.000000
blackplastic
0  -7.839639 -94.664619 42.355865  -0.020886 -0.179770 0.983487  0.601581 0.302713 1 0 1.000000
0  -9.193959 -94.602646 42.306232  -0.020000 -0.192650 0.981064  0.601581 0.302713 1 0 1.000000
0  -7.531338 -95.306160 42.224094  -0.028200 -0.270450 0.962321  0.601581 0.302713 1 0 1.000000
blackplastic
0  9.238024 -94.483498 42.152122  0.873392 0.478080 -0.092878  0.601581 0.302713 1 0 1.000000
0  9.711486 -95.546104 42.134560  0.035564 -0.301871 0.952685  0.601581 0.302713 1 0 1.000000
0  10.041808 -96.231514 42.006626  0.915818 0.349256 -0.198238  0.601581 0.302713 1 0 1.000000
blackplastic
0  9.238024 -94.483498 42.152122  0.873392 0.478080 -0.092878  0.601581 0.302713 1 0 1.000000
0  9.193980 -94.602646 42.306232  0.019896 -0.192589 0.981078  0.601581 0.302713 1 0 1.000000
0  9.711486 -95.546104 42.134560  0.035564 -0.301871 0.952685  0.601581 0.302713 1 0 1.000000
blackplastic
0  9.193980 -94.602646 42.306232  0.019896 -0.192589 0.981078  0.601581 0.302713 1 0 1.000000
0  7.531358 -95.306160 42.224094  0.028199 -0.270446 0.962322  0.601581 0.302713 1 0 1.000000
0  9.711486 -95.546104 42.134560  0.035564 -0.301871 0.952685  0.601581 0.302713 1 0 1.000000
blackplastic
0  7.839659 -94.664619 42.355865  0.020886 -0.179779 0.983485  0.601581 0.302713 1 0 1.000000
0  7.531358 -95.306160 42.224094  0.028199 -0.270446 0.962322  0.601581 0.302713 1 0 1.000000
0  9.193980 -94.602646 42.306232  0.019896 -0.192589 0.981078  0.601581 0.302713 1 0 1.000000
blackplastic
0  -10.041787 -96.231514 42.006626  -0.915747 0.349333 -0.198431  0.601581 0.302713 1 0 1.000000
0  -9.876626 -96.046829 42.222576  0.015609 0.120292 0.992616  0.601581 0.302713 1 0 1.000000
0  -9.711465 -95.546104 42.134560  0.026352 0.238215 0.970855  0.601581 0.302713 1 0 1.000000
blackplastic
0  -8.357143 -96.234253 42.227924  0.012969 0.123540 0.992255  0.601581 0.302713 1 0 1.000000
0  -9.711465 -95.546104 42.134560  0.026352 0.238215 0.970855  0.601581 0.302713 1 0 1.000000
0  -9.876626 -96.046829 42.222576  0.015609 0.120292 0.992616  0.601581 0.302713 1 0 1.000000
blackplastic
0  -8.258046 -96.026810 42.198723  0.019061 0.183223 0.982887  0.601581 0.302713 1 0 1.000000
0  -9.711465 -95.546104 42.134560  0.026352 0.238215 0.970855  0.601581 0.302713 1 0 1.000000
0  -8.357143 -96.234253 42.227924  0.012969 0.123540 0.992255  0.601581 0.302713 1 0 1.000000
blackplastic
0  -2.554482 -96.187088 42.135376  0.017406 0.252038 0.967561  0.601581 0.302713 1 0 1.000000
0  -9.711465 -95.546104 42.134560  0.026352 0.238215 0.970855  0.601581 0.302713 1 0 1.000000
0  -8.258046 -96.026810 42.198723  0.019061 0.183223 0.982887  0.601581 0.302713 1 0 1.000000
blackplastic
0  -8.258046 -96.026810 42.198723  0.019061 0.183223 0.982887  0.601581 0.302713 1 0 1.000000
0  -2.785708 -96.480370 42.194191  0.013696 0.190150 0.981660  0.601581 0.302713 1 0 1.000000
0  -2.554482 -96.187088 42.135376  0.017406 0.252038 0.967561  0.601581 0.302713 1 0 1.000000
blackplastic
0  -2.719643 -96.687820 42.223392  0.009810 0.130404 0.991412  0.601581 0.302713 1 0 1.000000
0  -2.554482 -96.187088 42.135376  0.017406 0.252038 0.967561  0.601581 0.302713 1 0 1.000000
0  -2.785708 -96.480370 42.194191  0.013696 0.190150 0.981660  0.601581 0.302713 1 0 1.000000
blackplastic
0  -2.554482 -96.187088 42.135376  0.017406 0.252038 0.967561  0.601581 0.302713 1 0 1.000000
0  -2.719643 -96.687820 42.223392  0.009810 0.130404 0.991412  0.601581 0.302713 1 0 1.000000
0  -0.198183 -96.821365 42.212975  0.009582 0.143299 0.989633  0.601581 0.302713 1 0 1.000000
blackplastic
0  -0.198183 -96.821365 42.212975  0.009582 0.143299 0.989633  0.601581 0.302713 1 0 1.000000
0  -0.209194 -96.276764 42.121113  0.016795 0.259024 0.965725  0.601581 0.302713 1 0 1.000000
0  -2.554482 -96.187088 42.135376  0.017406 0.252038 0.967561  0.601581 0.302713 1 0 1.000000
blackplastic
0  0.000010 -96.276764 42.121113  0.000005 0.259222 0.965818  0.601581 0.302713 1 0 1.000000
0  -0.209194 -96.276764 42.121113  0.016795 0.259024 0.965725  0.601581 0.302713 1 0 1.000000
0  -0.198183 -96.821365 42.212975  0.009582 0.143299 0.989633  0.601581 0.302713 1 0 1.000000
blackplastic
0  -0.198183 -96.821365 42.212975  0.009582 0.143299 0.989633  0.601581 0.302713 1 0 1.000000
0  0.000010 -96.821365 42.212975  -0.000001 0.143076 0.989712  0.601581 0.302713 1 0 1.000000
0  0.000010 -96.276764 42.121113  0.000005 0.259222 0.965818  0.601581 0.302713 1 0 1.000000
blackplastic
0  0.000010 -96.276764 42.121113  0.000005 0.259222 0.965818  0.601581 0.302713 1 0 1.000000
0  0.000010 -96.821365 42.212975  -0.000001 0.143076 0.989712  0.601581 0.302713 1 0 1.000000
0  0.198204 -96.821365 42.212975  -0.009583 0.143297 0.989633  0.601581 0.302713 1 0 1.000000
blackplastic
0  0.198204 -96.821365 42.212975  -0.009583 0.143297 0.989633  0.601581 0.302713 1 0 1.000000
0  0.209214 -96.276764 42.121113  -0.016809 0.259071 0.965712  0.601581 0.302713 1 0 1.000000
0  0.000010 -96.276764 42.121113  0.000005 0.259222 0.965818  0.601581 0.302713 1 0 1.000000
blackplastic
0  2.554502 -96.187088 42.135376  -0.017406 0.252039 0.967560  0.601581 0.302713 1 0 1.000000
0  0.209214 -96.276764 42.121113  -0.016809 0.259071 0.965712  0.601581 0.302713 1 0 1.000000
0  0.198204 -96.821365 42.212975  -0.009583 0.143297 0.989633  0.601581 0.302713 1 0 1.000000
blackplastic
0  0.198204 -96.821365 42.212975  -0.009583 0.143297 0.989633  0.601581 0.302713 1 0 1.000000
0  2.719664 -96.687820 42.223392  -0.009692 0.130407 0.991413  0.601581 0.302713 1 0 1.000000
0  2.554502 -96.187088 42.135376  -0.017406 0.252039 0.967560  0.601581 0.302713 1 0 1.000000
blackplastic
0  2.719664 -96.687820 42.223392  -0.009692 0.130407 0.991413  0.601581 0.302713 1 0 1.000000
0  2.785728 -96.480370 42.194191  -0.013700 0.190156 0.981658  0.601581 0.302713 1 0 1.000000
0  2.554502 -96.187088 42.135376  -0.017406 0.252039 0.967560  0.601581 0.302713 1 0 1.000000
blackplastic
0  2.554502 -96.187088 42.135376  -0.017406 0.252039 0.967560  0.601581 0.302713 1 0 1.000000
0  2.785728 -96.480370 42.194191  -0.013700 0.190156 0.981658  0.601581 0.302713 1 0 1.000000
0  8.258067 -96.026810 42.198723  -0.019064 0.183226 0.982886  0.601581 0.302713 1 0 1.000000
blackplastic
0  8.258067 -96.026810 42.198723  -0.019064 0.183226 0.982886  0.601581 0.302713 1 0 1.000000
0  9.711486 -95.546104 42.134560  -0.026353 0.238209 0.970856  0.601581 0.302713 1 0 1.000000
0  2.554502 -96.187088 42.135376  -0.017406 0.252039 0.967560  0.601581 0.302713 1 0 1.000000
blackplastic
0  8.258067 -96.026810 42.198723  -0.019064 0.183226 0.982886  0.601581 0.302713 1 0 1.000000
0  8.357164 -96.234253 42.227924  -0.012968 0.123540 0.992255  0.601581 0.302713 1 0 1.000000
0  9.711486 -95.546104 42.134560  -0.026353 0.238209 0.970856  0.601581 0.302713 1 0 1.000000
blackplastic
0  8.357164 -96.234253 42.227924  -0.012968 0.123540 0.992255  0.601581 0.302713 1 0 1.000000
0  9.876647 -96.046829 42.222576  -0.015158 0.119286 0.992744  0.601581 0.302713 1 0 1.000000
0  9.711486 -95.546104 42.134560  -0.026353 0.238209 0.970856  0.601581 0.302713 1 0 1.000000
blackplastic
0  10.041808 -96.231514 42.006626  0.915793 0.349266 -0.198335  0.601581 0.302713 1 0 1.000000
0  9.711486 -95.546104 42.134560  -0.026353 0.238209 0.970856  0.601581 0.302713 1 0 1.000000
0  9.876647 -96.046829 42.222576  -0.015158 0.119286 0.992744  0.601581 0.302713 1 0 1.000000
blackplastic
0  0.000010 -100.053741 41.777336  0.007604 0.228811 0.973441  0.601581 0.302713 1 0 1.000000
0  0.000010 -100.101456 41.737297  0.019983 -0.994541 -0.102411  0.601581 0.302713 1 0 1.000000
0  0.561558 -99.908264 41.797768  -0.010271 0.203092 0.979106  0.601581 0.302713 1 0 1.000000
blackplastic
0  0.000010 -100.101456 41.737297  0.019983 -0.994541 -0.102411  0.601581 0.302713 1 0 1.000000
0  0.924913 -100.079514 41.735378  0.048412 -0.992216 -0.114731  0.601581 0.302713 1 0 1.000000
0  0.561558 -99.908264 41.797768  -0.010271 0.203092 0.979106  0.601581 0.302713 1 0 1.000000
blackplastic
0  2.906847 -99.775681 41.797218  -0.011469 0.167224 0.985852  0.601581 0.302713 1 0 1.000000
0  0.561558 -99.908264 41.797768  -0.010271 0.203092 0.979106  0.601581 0.302713 1 0 1.000000
0  0.924913 -100.079514 41.735378  0.048412 -0.992216 -0.114731  0.601581 0.302713 1 0 1.000000
blackplastic
0  0.924913 -100.079514 41.735378  0.048412 -0.992216 -0.114731  0.601581 0.302713 1 0 1.000000
0  2.906847 -99.957901 41.735790  0.070578 -0.984928 -0.157912  0.601581 0.302713 1 0 1.000000
0  2.906847 -99.775681 41.797218  -0.011469 0.167224 0.985852  0.601581 0.302713 1 0 1.000000
blackplastic
0  2.906847 -99.957901 41.735790  0.070530 -0.984925 -0.157948  0.601581 0.302713 1 0 1.000000
0  7.079918 -99.637878 41.729900  0.088816 -0.976602 -0.195859  0.601581 0.302713 1 0 1.000000
0  2.906847 -99.775681 41.797218  -0.011433 0.167229 0.985852  0.601581 0.302713 1 0 1.000000
blackplastic
0  7.079918 -99.637878 41.729900  0.088816 -0.976602 -0.195859  0.601581 0.302713 1 0 1.000000
0  7.079918 -99.466629 41.792286  -0.011980 0.143016 0.989648  0.601581 0.302713 1 0 1.000000
0  2.906847 -99.775681 41.797218  -0.011433 0.167229 0.985852  0.601581 0.302713 1 0 1.000000
blackplastic
0  7.079918 -99.637878 41.729900  0.088816 -0.976602 -0.195859  0.601581 0.302713 1 0 1.000000
0  10.019787 -99.273033 41.731136  0.319310 -0.932777 0.167239  0.601581 0.302713 1 0 1.000000
0  7.079918 -99.466629 41.792286  -0.011980 0.143016 0.989648  0.601581 0.302713 1 0 1.000000
blackplastic
0  10.019787 -99.273033 41.731136  0.319310 -0.932777 0.167239  0.601581 0.302713 1 0 1.000000
0  9.986754 -99.101784 41.793526  -0.061084 0.059513 0.996357  0.601581 0.302713 1 0 1.000000
0  7.079918 -99.466629 41.792286  -0.011980 0.143016 0.989648  0.601581 0.302713 1 0 1.000000
blackplastic
0  10.735485 -98.799858 41.833427  -0.129560 0.022158 0.991324  0.601581 0.302713 1 0 1.000000
0  9.986754 -99.101784 41.793526  -0.061084 0.059513 0.996357  0.601581 0.302713 1 0 1.000000
0  10.019787 -99.273033 41.731136  0.319310 -0.932777 0.167239  0.601581 0.302713 1 0 1.000000
blackplastic
0  10.019787 -99.273033 41.731136  0.319310 -0.932777 0.167239  0.601581 0.302713 1 0 1.000000
0  10.900646 -98.985916 41.728123  0.411043 -0.899135 0.150331  0.601581 0.302713 1 0 1.000000
0  10.735485 -98.799858 41.833427  -0.129560 0.022158 0.991324  0.601581 0.302713 1 0 1.000000
blackplastic
0  10.966710 -98.373451 41.906651  0.778650 -0.308002 0.546661  0.601581 0.302713 1 0 1.000000
0  10.735485 -98.799858 41.833427  -0.129560 0.022158 0.991324  0.601581 0.302713 1 0 1.000000
0  10.900646 -98.985916 41.728123  0.411043 -0.899135 0.150331  0.601581 0.302713 1 0 1.000000
blackplastic
0  10.900646 -98.985916 41.728123  0.411043 -0.899135 0.150331  0.601581 0.302713 1 0 1.000000
0  11.418151 -98.351097 41.783112  0.864970 -0.327038 0.380623  0.601581 0.302713 1 0 1.000000
0  10.966710 -98.373451 41.906651  0.778650 -0.308002 0.546661  0.601581 0.302713 1 0 1.000000
blackplastic
0  11.286022 -97.287811 42.187462  0.669475 -0.233755 0.705097  0.601581 0.302713 1 0 1.000000
0  10.966710 -98.373451 41.906651  0.778650 -0.308002 0.546661  0.601581 0.302713 1 0 1.000000
0  11.418151 -98.351097 41.783112  0.864970 -0.327038 0.380623  0.601581 0.302713 1 0 1.000000
blackplastic
0  11.418151 -98.351097 41.783112  0.864970 -0.327038 0.380623  0.601581 0.302713 1 0 1.000000
0  11.803527 -97.259834 41.875538  0.771236 -0.245959 0.587111  0.601581 0.302713 1 0 1.000000
0  11.286022 -97.287811 42.187462  0.669475 -0.233755 0.705097  0.601581 0.302713 1 0 1.000000
blackplastic
0  11.649376 -93.373184 43.093945  0.652491 -0.221351 0.724748  0.601581 0.302713 1 0 1.000000
0  11.286022 -97.287811 42.187462  0.669475 -0.233755 0.705097  0.601581 0.302713 1 0 1.000000
0  11.803527 -97.259834 41.875538  0.771236 -0.245959 0.587111  0.601581 0.302713 1 0 1.000000
blackplastic
0  11.803527 -97.259834 41.875538  0.771236 -0.245959 0.587111  0.601581 0.302713 1 0 1.000000
0  13.466148 -89.982033 42.565147  0.737535 -0.170676 0.653385  0.601581 0.302713 1 0 1.000000
0  11.649376 -93.373184 43.093945  0.652491 -0.221351 0.724748  0.601581 0.302713 1 0 1.000000
blackplastic
0  11.649376 -93.373184 43.093945  0.652491 -0.221351 0.724748  0.601581 0.302713 1 0 1.000000
0  13.466148 -89.982033 42.565147  0.737535 -0.170676 0.653385  0.601581 0.302713 1 0 1.000000
0  12.177891 -87.307434 44.331707  0.697418 -0.163213 0.697832  0.601581 0.302713 1 0 1.000000
blackplastic
0  13.466148 -89.982033 42.565147  0.737535 -0.170676 0.653385  0.601581 0.302713 1 0 1.000000
0  13.444126 -88.920250 42.825943  0.750376 -0.135715 0.646930  0.601581 0.302713 1 0 1.000000
0  12.177891 -87.307434 44.331707  0.697418 -0.163213 0.697832  0.601581 0.302713 1 0 1.000000
blackplastic
0  13.444126 -88.920250 42.825943  0.750376 -0.135715 0.646930  0.601581 0.302713 1 0 1.000000
0  13.179869 -86.700714 43.560192  0.761274 -0.128762 0.635517  0.601581 0.302713 1 0 1.000000
0  12.177891 -87.307434 44.331707  0.697418 -0.163213 0.697832  0.601581 0.302713 1 0 1.000000
blackplastic
0  12.177891 -87.307434 44.331707  0.697418 -0.163213 0.697832  0.601581 0.302713 1 0 1.000000
0  13.179869 -86.700714 43.560192  0.761274 -0.128762 0.635517  0.601581 0.302713 1 0 1.000000
0  13.168858 -85.236374 43.874191  0.786996 -0.106459 0.607704  0.601581 0.302713 1 0 1.000000
blackplastic
0  13.168858 -85.236374 43.874191  0.786996 -0.106459 0.607704  0.601581 0.302713 1 0 1.000000
0  12.409117 -84.738533 44.637497  0.742070 -0.101732 0.662558  0.601581 0.302713 1 0 1.000000
0  12.177891 -87.307434 44.331707  0.697418 -0.163213 0.697832  0.601581 0.302713 1 0 1.000000
blackplastic
0  12.409117 -84.738533 44.637497  0.742070 -0.101732 0.662558  0.601581 0.302713 1 0 1.000000
0  13.168858 -85.236374 43.874191  0.786996 -0.106459 0.607704  0.601581 0.302713 1 0 1.000000
0  13.983652 -75.254471 44.393543  0.785037 -0.094084 0.612262  0.601581 0.302713 1 0 1.000000
blackplastic
0  13.267954 -75.079109 45.008213  0.735792 -0.087258 0.671563  0.601581 0.302713 1 0 1.000000
0  12.409117 -84.738533 44.637497  0.742070 -0.101732 0.662558  0.601581 0.302713 1 0 1.000000
0  13.983652 -75.254471 44.393543  0.785037 -0.094084 0.612262  0.601581 0.302713 1 0 1.000000
blackplastic
0  13.267954 -75.079109 45.008213  0.735792 -0.087258 0.671563  0.601581 0.302713 1 0 1.000000
0  13.983652 -75.254471 44.393543  0.785037 -0.094084 0.612262  0.601581 0.302713 1 0 1.000000
0  14.666318 -66.000069 44.556534  0.782037 -0.061641 0.620177  0.601581 0.302713 1 0 1.000000
blackplastic
0  14.666318 -66.000069 44.556534  0.782037 -0.061641 0.620177  0.601581 0.302713 1 0 1.000000
0  14.137802 -65.816208 45.015720  0.736563 -0.059542 0.673743  0.601581 0.302713 1 0 1.000000
0  13.267954 -75.079109 45.008213  0.735792 -0.087258 0.671563  0.601581 0.302713 1 0 1.000000
blackplastic
0  14.655307 -65.299980 44.473179  0.689197 0.310668 0.654594  0.601581 0.302713 1 0 1.000000
0  14.137802 -65.816208 45.015720  0.290923 0.246784 0.924371  0.601581 0.302713 1 0 1.000000
0  14.666318 -66.000069 44.556534  0.782064 -0.061551 0.620151  0.601581 0.302713 1 0 1.000000
blackplastic
0  14.302963 -64.829414 44.166744  0.246460 0.742512 0.622844  0.601581 0.302713 1 0 1.000000
0  14.137802 -65.816208 45.015720  0.290923 0.246784 0.924371  0.601581 0.302713 1 0 1.000000
0  14.655307 -65.299980 44.473179  0.689197 0.310668 0.654594  0.601581 0.302713 1 0 1.000000
blackplastic
0  7.696519 -94.458130 42.315693  -0.021970 0.229333 0.973100  0.601581 0.302713 1 0 1.000000
0  7.839659 -94.664619 42.355865  -0.013793 0.143282 0.989586  0.601581 0.302713 1 0 1.000000
0  8.753551 -94.238754 42.296501  -0.026244 0.218234 0.975543  0.601581 0.302713 1 0 1.000000
blackplastic
0  2.785728 -94.877823 42.319256  -0.015597 0.224822 0.974275  0.601581 0.302713 1 0 1.000000
0  7.696519 -94.458130 42.315693  -0.021970 0.229333 0.973100  0.601581 0.302713 1 0 1.000000
0  8.753551 -94.238754 42.296501  -0.026244 0.218234 0.975543  0.601581 0.302713 1 0 1.000000
blackplastic
0  8.753551 -94.238754 42.296501  -0.026244 0.218234 0.975543  0.601581 0.302713 1 0 1.000000
0  0.220225 -94.782944 42.266743  -0.017259 0.292719 0.956043  0.601581 0.302713 1 0 1.000000
0  2.785728 -94.877823 42.319256  -0.015597 0.224822 0.974275  0.601581 0.302713 1 0 1.000000
blackplastic
0  2.785728 -94.877823 42.319256  -0.015597 0.224822 0.974275  0.601581 0.302713 1 0 1.000000
0  0.220225 -94.782944 42.266743  -0.017259 0.292719 0.956043  0.601581 0.302713 1 0 1.000000
0  2.708653 -95.096245 42.349415  -0.010978 0.156144 0.987673  0.601581 0.302713 1 0 1.000000
blackplastic
0  0.220225 -94.782944 42.266743  -0.017259 0.292719 0.956043  0.601581 0.302713 1 0 1.000000
0  0.209214 -95.184959 42.346127  -0.009399 0.157744 0.987435  0.601581 0.302713 1 0 1.000000
0  2.708653 -95.096245 42.349415  -0.010978 0.156144 0.987673  0.601581 0.302713 1 0 1.000000
blackplastic
0  0.209214 -95.184959 42.346127  -0.009399 0.157744 0.987435  0.601581 0.302713 1 0 1.000000
0  0.220225 -94.782944 42.266743  -0.017259 0.292719 0.956043  0.601581 0.302713 1 0 1.000000
0  0.000010 -94.782944 42.266743  -0.007380 0.292733 0.956166  0.601581 0.302713 1 0 1.000000
blackplastic
0  0.000010 -94.782944 42.266743  -0.007380 0.292733 0.956166  0.601581 0.302713 1 0 1.000000
0  0.000010 -95.184959 42.346127  -0.003078 0.157743 0.987475  0.601581 0.302713 1 0 1.000000
0  0.209214 -95.184959 42.346127  -0.009399 0.157744 0.987435  0.601581 0.302713 1 0 1.000000
blackplastic
0  -0.209194 -95.184959 42.346127  0.009398 0.157744 0.987435  0.601581 0.302713 1 0 1.000000
0  0.000010 -95.184959 42.346127  -0.003078 0.157743 0.987475  0.601581 0.302713 1 0 1.000000
0  0.000010 -94.782944 42.266743  -0.007380 0.292733 0.956166  0.601581 0.302713 1 0 1.000000
blackplastic
0  0.000010 -94.782944 42.266743  -0.007380 0.292733 0.956166  0.601581 0.302713 1 0 1.000000
0  -0.220205 -94.782944 42.266743  0.015369 0.292720 0.956075  0.601581 0.302713 1 0 1.000000
0  -0.209194 -95.184959 42.346127  0.009398 0.157744 0.987435  0.601581 0.302713 1 0 1.000000
blackplastic
0  -2.708633 -95.096245 42.349415  0.010984 0.156146 0.987673  0.601581 0.302713 1 0 1.000000
0  -0.209194 -95.184959 42.346127  0.009398 0.157744 0.987435  0.601581 0.302713 1 0 1.000000
0  -0.220205 -94.782944 42.266743  0.015369 0.292720 0.956075  0.601581 0.302713 1 0 1.000000
blackplastic
0  -2.785708 -94.877823 42.319256  0.015591 0.224819 0.974276  0.601581 0.302713 1 0 1.000000
0  -2.708633 -95.096245 42.349415  0.010984 0.156146 0.987673  0.601581 0.302713 1 0 1.000000
0  -0.220205 -94.782944 42.266743  0.015369 0.292720 0.956075  0.601581 0.302713 1 0 1.000000
blackplastic
0  -2.785708 -94.877823 42.319256  0.015591 0.224819 0.974276  0.601581 0.302713 1 0 1.000000
0  -0.220205 -94.782944 42.266743  0.015369 0.292720 0.956075  0.601581 0.302713 1 0 1.000000
0  -8.753530 -94.238754 42.296501  0.026247 0.218361 0.975515  0.601581 0.302713 1 0 1.000000
blackplastic
0  -8.753530 -94.238754 42.296501  0.026247 0.218361 0.975515  0.601581 0.302713 1 0 1.000000
0  -7.696499 -94.458130 42.315693  0.021971 0.229345 0.973097  0.601581 0.302713 1 0 1.000000
0  -2.785708 -94.877823 42.319256  0.015591 0.224819 0.974276  0.601581 0.302713 1 0 1.000000
blackplastic
0  -7.696499 -94.458130 42.315693  0.021971 0.229345 0.973097  0.601581 0.302713 1 0 1.000000
0  -8.753530 -94.238754 42.296501  0.026247 0.218361 0.975515  0.601581 0.302713 1 0 1.000000
0  -7.839639 -94.664619 42.355865  0.013791 0.143281 0.989586  0.601581 0.302713 1 0 1.000000
blackplastic
0  -7.839639 -94.664619 42.355865  0.013791 0.143281 0.989586  0.601581 0.302713 1 0 1.000000
0  -8.753530 -94.238754 42.296501  0.026247 0.218361 0.975515  0.601581 0.302713 1 0 1.000000
0  -9.193959 -94.602646 42.306232  0.015637 0.135231 0.990691  0.601581 0.302713 1 0 1.000000
blackplastic
0  -9.238003 -94.483498 42.152122  -0.759655 0.641622 -0.106043  0.601581 0.302713 1 0 1.000000
0  -9.193959 -94.602646 42.306232  0.015637 0.135231 0.990691  0.601581 0.302713 1 0 1.000000
0  -8.753530 -94.238754 42.296501  0.026247 0.218361 0.975515  0.601581 0.302713 1 0 1.000000
blackplastic
0  -8.753530 -94.238754 42.296501  0.026247 0.218361 0.975515  0.601581 0.302713 1 0 1.000000
0  -8.775552 -94.170609 42.191063  -0.119314 0.978394 -0.168849  0.601581 0.302713 1 0 1.000000
0  -9.238003 -94.483498 42.152122  -0.759655 0.641622 -0.106043  0.601581 0.302713 1 0 1.000000
blackplastic
0  -0.220205 -94.690941 42.181320  0.042517 0.989798 -0.135984  0.601581 0.302713 1 0 1.000000
0  -8.775552 -94.170609 42.191063  -0.119314 0.978394 -0.168849  0.601581 0.302713 1 0 1.000000
0  -8.753530 -94.238754 42.296501  0.026247 0.218361 0.975515  0.601581 0.302713 1 0 1.000000
blackplastic
0  -8.753530 -94.238754 42.296501  0.026247 0.218361 0.975515  0.601581 0.302713 1 0 1.000000
0  -0.220205 -94.782944 42.266743  0.015369 0.292720 0.956075  0.601581 0.302713 1 0 1.000000
0  -0.220205 -94.690941 42.181320  0.042517 0.989798 -0.135984  0.601581 0.302713 1 0 1.000000
blackplastic
0  0.000010 -94.690941 42.181320  0.000039 0.990699 -0.136073  0.601581 0.302713 1 0 1.000000
0  -0.220205 -94.690941 42.181320  0.042517 0.989798 -0.135984  0.601581 0.302713 1 0 1.000000
0  -0.220205 -94.782944 42.266743  0.015369 0.292720 0.956075  0.601581 0.302713 1 0 1.000000
blackplastic
0  -0.220205 -94.782944 42.266743  0.015369 0.292720 0.956075  0.601581 0.302713 1 0 1.000000
0  0.000010 -94.782944 42.266743  -0.007380 0.292733 0.956166  0.601581 0.302713 1 0 1.000000
0  0.000010 -94.690941 42.181320  0.000039 0.990699 -0.136073  0.601581 0.302713 1 0 1.000000
blackplastic
0  0.000010 -94.690941 42.181320  0.000039 0.990699 -0.136073  0.601581 0.302713 1 0 1.000000
0  0.000010 -94.782944 42.266743  -0.007380 0.292733 0.956166  0.601581 0.302713 1 0 1.000000
0  0.220225 -94.782944 42.266743  -0.017259 0.292719 0.956043  0.601581 0.302713 1 0 1.000000
blackplastic
0  0.220225 -94.782944 42.266743  -0.017259 0.292719 0.956043  0.601581 0.302713 1 0 1.000000
0  0.220225 -94.690941 42.181320  -0.042430 0.989809 -0.135932  0.601581 0.302713 1 0 1.000000
0  0.000010 -94.690941 42.181320  0.000039 0.990699 -0.136073  0.601581 0.302713 1 0 1.000000
blackplastic
0  0.220225 -94.690941 42.181320  -0.042430 0.989809 -0.135932  0.601581 0.302713 1 0 1.000000
0  0.220225 -94.782944 42.266743  -0.017259 0.292719 0.956043  0.601581 0.302713 1 0 1.000000
0  8.753551 -94.238754 42.296501  -0.026244 0.218234 0.975543  0.601581 0.302713 1 0 1.000000
blackplastic
0  8.753551 -94.238754 42.296501  -0.026244 0.218234 0.975543  0.601581 0.302713 1 0 1.000000
0  8.775573 -94.170609 42.191063  0.119365 0.978396 -0.168798  0.601581 0.302713 1 0 1.000000
0  0.220225 -94.690941 42.181320  -0.042430 0.989809 -0.135932  0.601581 0.302713 1 0 1.000000
blackplastic
0  9.238024 -94.483498 42.152122  0.759738 0.641528 -0.106022  0.601581 0.302713 1 0 1.000000
0  8.775573 -94.170609 42.191063  0.119365 0.978396 -0.168798  0.601581 0.302713 1 0 1.000000
0  8.753551 -94.238754 42.296501  -0.026244 0.218234 0.975543  0.601581 0.302713 1 0 1.000000
blackplastic
0  8.753551 -94.238754 42.296501  -0.026244 0.218234 0.975543  0.601581 0.302713 1 0 1.000000
0  9.193980 -94.602646 42.306232  -0.015663 0.135273 0.990685  0.601581 0.302713 1 0 1.000000
0  9.238024 -94.483498 42.152122  0.759738 0.641528 -0.106022  0.601581 0.302713 1 0 1.000000
blackplastic
0  7.839659 -94.664619 42.355865  -0.013793 0.143282 0.989586  0.601581 0.302713 1 0 1.000000
0  9.193980 -94.602646 42.306232  -0.015663 0.135273 0.990685  0.601581 0.302713 1 0 1.000000
0  8.753551 -94.238754 42.296501  -0.026244 0.218234 0.975543  0.601581 0.302713 1 0 1.000000
blackplastic
0  0.000010 -100.053741 41.777336  0.007641 0.228800 0.973443  0.601581 0.302713 1 0 1.000000
0  -0.561537 -99.908264 41.797768  0.010310 0.203642 0.978991  0.601581 0.302713 1 0 1.000000
0  0.000010 -100.101456 41.737297  -0.019944 -0.994537 -0.102463  0.601581 0.302713 1 0 1.000000
blackplastic
0  -0.561537 -99.908264 41.797768  0.010277 0.203559 0.979009  0.601581 0.302713 1 0 1.000000
0  -0.924892 -100.079514 41.735378  -0.048308 -0.992222 -0.114726  0.601581 0.302713 1 0 1.000000
0  0.000010 -100.101456 41.737297  -0.019919 -0.994540 -0.102439  0.601581 0.302713 1 0 1.000000
blackplastic
0  -0.924892 -100.079514 41.735378  -0.048308 -0.992222 -0.114726  0.601581 0.302713 1 0 1.000000
0  -0.561537 -99.908264 41.797768  0.010277 0.203559 0.979009  0.601581 0.302713 1 0 1.000000
0  -2.906826 -99.775681 41.797218  0.011483 0.167259 0.985846  0.601581 0.302713 1 0 1.000000
blackplastic
0  -2.906826 -99.775681 41.797218  0.011483 0.167259 0.985846  0.601581 0.302713 1 0 1.000000
0  -2.906826 -99.957901 41.735790  -0.070668 -0.984906 -0.158004  0.601581 0.302713 1 0 1.000000
0  -0.924892 -100.079514 41.735378  -0.048308 -0.992222 -0.114726  0.601581 0.302713 1 0 1.000000
blackplastic
0  -2.906826 -99.957901 41.735790  -0.070668 -0.984906 -0.158004  0.601581 0.302713 1 0 1.000000
0  -2.906826 -99.775681 41.797218  0.011483 0.167259 0.985846  0.601581 0.302713 1 0 1.000000
0  -7.079897 -99.637878 41.729900  -0.088707 -0.976612 -0.195858  0.601581 0.302713 1 0 1.000000
blackplastic
0  -2.906826 -99.775681 41.797218  0.011483 0.167259 0.985846  0.601581 0.302713 1 0 1.000000
0  -7.079897 -99.466629 41.792286  0.012031 0.143011 0.989648  0.601581 0.302713 1 0 1.000000
0  -7.079897 -99.637878 41.729900  -0.088707 -0.976612 -0.195858  0.601581 0.302713 1 0 1.000000
blackplastic
0  -7.079897 -99.637878 41.729900  -0.088707 -0.976612 -0.195858  0.601581 0.302713 1 0 1.000000
0  -7.079897 -99.466629 41.792286  0.012031 0.143011 0.989648  0.601581 0.302713 1 0 1.000000
0  -10.019766 -99.273033 41.731136  -0.319361 -0.932760 0.167236  0.601581 0.302713 1 0 1.000000
blackplastic
0  -7.079897 -99.466629 41.792286  0.012031 0.143011 0.989648  0.601581 0.302713 1 0 1.000000
0  -9.986733 -99.101784 41.793526  0.061507 0.059374 0.996339  0.601581 0.302713 1 0 1.000000
0  -10.019766 -99.273033 41.731136  -0.319361 -0.932760 0.167236  0.601581 0.302713 1 0 1.000000
blackplastic
0  -10.019766 -99.273033 41.731136  -0.319361 -0.932760 0.167236  0.601581 0.302713 1 0 1.000000
0  -9.986733 -99.101784 41.793526  0.061507 0.059374 0.996339  0.601581 0.302713 1 0 1.000000
0  -10.735464 -98.799858 41.833427  0.128817 0.022801 0.991406  0.601581 0.302713 1 0 1.000000
blackplastic
0  -10.735464 -98.799858 41.833427  0.128817 0.022801 0.991406  0.601581 0.302713 1 0 1.000000
0  -10.900625 -98.985916 41.728123  -0.411051 -0.899131 0.150336  0.601581 0.302713 1 0 1.000000
0  -10.019766 -99.273033 41.731136  -0.319361 -0.932760 0.167236  0.601581 0.302713 1 0 1.000000
blackplastic
0  -10.900625 -98.985916 41.728123  -0.411051 -0.899131 0.150336  0.601581 0.302713 1 0 1.000000
0  -10.735464 -98.799858 41.833427  0.128817 0.022801 0.991406  0.601581 0.302713 1 0 1.000000
0  -10.966689 -98.373451 41.906651  -0.778615 -0.308040 0.546691  0.601581 0.302713 1 0 1.000000
blackplastic
0  -10.966689 -98.373451 41.906651  -0.778615 -0.308040 0.546691  0.601581 0.302713 1 0 1.000000
0  -11.418130 -98.351097 41.783112  -0.864981 -0.326996 0.380633  0.601581 0.302713 1 0 1.000000
0  -10.900625 -98.985916 41.728123  -0.411051 -0.899131 0.150336  0.601581 0.302713 1 0 1.000000
blackplastic
0  -11.418130 -98.351097 41.783112  -0.864981 -0.326996 0.380633  0.601581 0.302713 1 0 1.000000
0  -10.966689 -98.373451 41.906651  -0.778615 -0.308040 0.546691  0.601581 0.302713 1 0 1.000000
0  -11.286001 -97.287811 42.187462  -0.669473 -0.233770 0.705094  0.601581 0.302713 1 0 1.000000
blackplastic
0  -11.286001 -97.287811 42.187462  -0.669473 -0.233770 0.705094  0.601581 0.302713 1 0 1.000000
0  -11.803506 -97.259834 41.875538  -0.771240 -0.245936 0.587116  0.601581 0.302713 1 0 1.000000
0  -11.418130 -98.351097 41.783112  -0.864981 -0.326996 0.380633  0.601581 0.302713 1 0 1.000000
blackplastic
0  -11.803506 -97.259834 41.875538  -0.771240 -0.245936 0.587116  0.601581 0.302713 1 0 1.000000
0  -11.286001 -97.287811 42.187462  -0.669473 -0.233770 0.705094  0.601581 0.302713 1 0 1.000000
0  -11.649355 -93.373184 43.093945  -0.652492 -0.221351 0.724747  0.601581 0.302713 1 0 1.000000
blackplastic
0  -11.649355 -93.373184 43.093945  -0.652492 -0.221351 0.724747  0.601581 0.302713 1 0 1.000000
0  -13.466129 -89.982033 42.565147  -0.737535 -0.170666 0.653388  0.601581 0.302713 1 0 1.000000
0  -11.803506 -97.259834 41.875538  -0.771240 -0.245936 0.587116  0.601581 0.302713 1 0 1.000000
blackplastic
0  -11.649355 -93.373184 43.093945  -0.652492 -0.221351 0.724747  0.601581 0.302713 1 0 1.000000
0  -12.177872 -87.307434 44.331707  -0.697417 -0.163214 0.697833  0.601581 0.302713 1 0 1.000000
0  -13.466129 -89.982033 42.565147  -0.737535 -0.170666 0.653388  0.601581 0.302713 1 0 1.000000
blackplastic
0  -13.466129 -89.982033 42.565147  -0.737535 -0.170666 0.653388  0.601581 0.302713 1 0 1.000000
0  -12.177872 -87.307434 44.331707  -0.697417 -0.163214 0.697833  0.601581 0.302713 1 0 1.000000
0  -13.444107 -88.920250 42.825943  -0.750376 -0.135719 0.646929  0.601581 0.302713 1 0 1.000000
blackplastic
0  -13.444107 -88.920250 42.825943  -0.750376 -0.135719 0.646929  0.601581 0.302713 1 0 1.000000
0  -12.177872 -87.307434 44.331707  -0.697417 -0.163214 0.697833  0.601581 0.302713 1 0 1.000000
0  -13.179850 -86.700714 43.560192  -0.761274 -0.128757 0.635518  0.601581 0.302713 1 0 1.000000
blackplastic
0  -13.168839 -85.236374 43.874191  -0.786995 -0.106452 0.607706  0.601581 0.302713 1 0 1.000000
0  -13.179850 -86.700714 43.560192  -0.761274 -0.128757 0.635518  0.601581 0.302713 1 0 1.000000
0  -12.177872 -87.307434 44.331707  -0.697417 -0.163214 0.697833  0.601581 0.302713 1 0 1.000000
blackplastic
0  -12.177872 -87.307434 44.331707  -0.697417 -0.163214 0.697833  0.601581 0.302713 1 0 1.000000
0  -12.409098 -84.738533 44.637497  -0.742069 -0.101733 0.662559  0.601581 0.302713 1 0 1.000000
0  -13.168839 -85.236374 43.874191  -0.786995 -0.106452 0.607706  0.601581 0.302713 1 0 1.000000
blackplastic
0  -13.983635 -75.254471 44.393543  -0.785070 -0.094067 0.612223  0.601581 0.302713 1 0 1.000000
0  -13.168839 -85.236374 43.874191  -0.786995 -0.106452 0.607706  0.601581 0.302713 1 0 1.000000
0  -12.409098 -84.738533 44.637497  -0.742069 -0.101733 0.662559  0.601581 0.302713 1 0 1.000000
blackplastic
0  -13.267937 -75.079109 45.008213  -0.735792 -0.087259 0.671562  0.601581 0.302713 1 0 1.000000
0  -13.983635 -75.254471 44.393543  -0.785070 -0.094067 0.612223  0.601581 0.302713 1 0 1.000000
0  -12.409098 -84.738533 44.637497  -0.742069 -0.101733 0.662559  0.601581 0.302713 1 0 1.000000
blackplastic
0  -14.666301 -66.000069 44.556534  -0.782036 -0.061641 0.620178  0.601581 0.302713 1 0 1.000000
0  -13.983635 -75.254471 44.393543  -0.785070 -0.094067 0.612223  0.601581 0.302713 1 0 1.000000
0  -13.267937 -75.079109 45.008213  -0.735792 -0.087259 0.671562  0.601581 0.302713 1 0 1.000000
blackplastic
0  -13.267937 -75.079109 45.008213  -0.735792 -0.087259 0.671562  0.601581 0.302713 1 0 1.000000
0  -14.137785 -65.816208 45.015720  -0.736562 -0.059543 0.673744  0.601581 0.302713 1 0 1.000000
0  -14.666301 -66.000069 44.556534  -0.782036 -0.061641 0.620178  0.601581 0.302713 1 0 1.000000
blackplastic
0  -14.302946 -64.829414 44.166744  -0.246467 0.742508 0.622845  0.601581 0.302713 1 0 1.000000
0  -14.655290 -65.299980 44.473179  -0.689194 0.310655 0.654603  0.601581 0.302713 1 0 1.000000
0  -14.137785 -65.816208 45.015720  -0.290926 0.246775 0.924372  0.601581 0.302713 1 0 1.000000
blackplastic
0  -14.655290 -65.299980 44.473179  -0.689194 0.310655 0.654603  0.601581 0.302713 1 0 1.000000
0  -14.666301 -66.000069 44.556534  -0.782063 -0.061554 0.620152  0.601581 0.302713 1 0 1.000000
0  -14.137785 -65.816208 45.015720  -0.290926 0.246775 0.924372  0.601581 0.302713 1 0 1.000000
blackplastic
0  10.537292 -97.637581 41.853321  0.945658 0.268235 -0.183794  0.601581 0.302713 1 0 1.000000
0  10.295055 -97.138634 41.997566  -0.030156 0.247947 0.968304  0.601581 0.302713 1 0 1.000000
0  10.438194 -97.640327 42.074619  -0.016488 0.124321 0.992105  0.601581 0.302713 1 0 1.000000
blackplastic
0  8.940734 -97.838722 42.080925  -0.013083 0.137534 0.990411  0.601581 0.302713 1 0 1.000000
0  10.438194 -97.640327 42.074619  -0.016488 0.124321 0.992105  0.601581 0.302713 1 0 1.000000
0  10.295055 -97.138634 41.997566  -0.030156 0.247947 0.968304  0.601581 0.302713 1 0 1.000000
blackplastic
0  8.808604 -97.576424 42.046921  -0.023378 0.220403 0.975129  0.601581 0.302713 1 0 1.000000
0  8.940734 -97.838722 42.080925  -0.013083 0.137534 0.990411  0.601581 0.302713 1 0 1.000000
0  10.295055 -97.138634 41.997566  -0.030156 0.247947 0.968304  0.601581 0.302713 1 0 1.000000
blackplastic
0  8.808604 -97.576424 42.046921  -0.023378 0.220403 0.975129  0.601581 0.302713 1 0 1.000000
0  10.295055 -97.138634 41.997566  -0.030156 0.247947 0.968304  0.601581 0.302713 1 0 1.000000
0  2.554502 -97.868340 41.995090  -0.019738 0.267319 0.963406  0.601581 0.302713 1 0 1.000000
blackplastic
0  2.554502 -97.868340 41.995090  -0.019738 0.267319 0.963406  0.601581 0.302713 1 0 1.000000
0  2.785728 -98.085800 42.036221  -0.018357 0.236157 0.971542  0.601581 0.302713 1 0 1.000000
0  8.808604 -97.576424 42.046921  -0.023378 0.220403 0.975129  0.601581 0.302713 1 0 1.000000
blackplastic
0  2.697642 -98.390999 42.085030  -0.013877 0.152289 0.988239  0.601581 0.302713 1 0 1.000000
0  2.785728 -98.085800 42.036221  -0.018357 0.236157 0.971542  0.601581 0.302713 1 0 1.000000
0  2.554502 -97.868340 41.995090  -0.019738 0.267319 0.963406  0.601581 0.302713 1 0 1.000000
blackplastic
0  0.198204 -98.535515 42.075565  -0.010986 0.143081 0.989650  0.601581 0.302713 1 0 1.000000
0  2.697642 -98.390999 42.085030  -0.013877 0.152289 0.988239  0.601581 0.302713 1 0 1.000000
0  2.554502 -97.868340 41.995090  -0.019738 0.267319 0.963406  0.601581 0.302713 1 0 1.000000
blackplastic
0  2.554502 -97.868340 41.995090  -0.019738 0.267319 0.963406  0.601581 0.302713 1 0 1.000000
0  0.198204 -97.958008 41.980831  -0.016240 0.253560 0.967183  0.601581 0.302713 1 0 1.000000
0  0.198204 -98.535515 42.075565  -0.010986 0.143081 0.989650  0.601581 0.302713 1 0 1.000000
blackplastic
0  0.198204 -98.535515 42.075565  -0.010986 0.143081 0.989650  0.601581 0.302713 1 0 1.000000
0  0.198204 -97.958008 41.980831  -0.016240 0.253560 0.967183  0.601581 0.302713 1 0 1.000000
0  0.000010 -97.958008 41.980831  -0.000004 0.253745 0.967271  0.601581 0.302713 1 0 1.000000
blackplastic
0  0.000010 -97.958008 41.980831  -0.000004 0.253745 0.967271  0.601581 0.302713 1 0 1.000000
0  0.000010 -98.535515 42.075565  -0.000001 0.142738 0.989760  0.601581 0.302713 1 0 1.000000
0  0.198204 -98.535515 42.075565  -0.010986 0.143081 0.989650  0.601581 0.302713 1 0 1.000000
blackplastic
0  -0.198183 -98.535515 42.075565  0.010983 0.143080 0.989650  0.601581 0.302713 1 0 1.000000
0  0.000010 -98.535515 42.075565  -0.000001 0.142738 0.989760  0.601581 0.302713 1 0 1.000000
0  0.000010 -97.958008 41.980831  -0.000004 0.253745 0.967271  0.601581 0.302713 1 0 1.000000
blackplastic
0  0.000010 -97.958008 41.980831  -0.000004 0.253745 0.967271  0.601581 0.302713 1 0 1.000000
0  -0.198183 -97.958008 41.980831  0.016246 0.253606 0.967171  0.601581 0.302713 1 0 1.000000
0  -0.198183 -98.535515 42.075565  0.010983 0.143080 0.989650  0.601581 0.302713 1 0 1.000000
blackplastic
0  -0.198183 -98.535515 42.075565  0.010983 0.143080 0.989650  0.601581 0.302713 1 0 1.000000
0  -0.198183 -97.958008 41.980831  0.016246 0.253606 0.967171  0.601581 0.302713 1 0 1.000000
0  -2.554482 -97.868340 41.995090  0.019750 0.267319 0.963406  0.601581 0.302713 1 0 1.000000
blackplastic
0  -2.554482 -97.868340 41.995090  0.019750 0.267319 0.963406  0.601581 0.302713 1 0 1.000000
0  -2.697622 -98.390999 42.085030  0.013881 0.152290 0.988238  0.601581 0.302713 1 0 1.000000
0  -0.198183 -98.535515 42.075565  0.010983 0.143080 0.989650  0.601581 0.302713 1 0 1.000000
blackplastic
0  -2.697622 -98.390999 42.085030  0.013881 0.152290 0.988238  0.601581 0.302713 1 0 1.000000
0  -2.554482 -97.868340 41.995090  0.019750 0.267319 0.963406  0.601581 0.302713 1 0 1.000000
0  -2.785708 -98.085800 42.036221  0.018351 0.236157 0.971542  0.601581 0.302713 1 0 1.000000
blackplastic
0  -8.808583 -97.576424 42.046921  0.023372 0.220405 0.975128  0.601581 0.302713 1 0 1.000000
0  -2.785708 -98.085800 42.036221  0.018351 0.236157 0.971542  0.601581 0.302713 1 0 1.000000
0  -2.554482 -97.868340 41.995090  0.019750 0.267319 0.963406  0.601581 0.302713 1 0 1.000000
blackplastic
0  -2.554482 -97.868340 41.995090  0.019750 0.267319 0.963406  0.601581 0.302713 1 0 1.000000
0  -10.295034 -97.138634 41.997566  0.030154 0.247954 0.968302  0.601581 0.302713 1 0 1.000000
0  -8.808583 -97.576424 42.046921  0.023372 0.220405 0.975128  0.601581 0.302713 1 0 1.000000
blackplastic
0  -8.808583 -97.576424 42.046921  0.023372 0.220405 0.975128  0.601581 0.302713 1 0 1.000000
0  -10.295034 -97.138634 41.997566  0.030154 0.247954 0.968302  0.601581 0.302713 1 0 1.000000
0  -8.940713 -97.838722 42.080925  0.013082 0.137534 0.990411  0.601581 0.302713 1 0 1.000000
blackplastic
0  -8.940713 -97.838722 42.080925  0.013082 0.137534 0.990411  0.601581 0.302713 1 0 1.000000
0  -10.295034 -97.138634 41.997566  0.030154 0.247954 0.968302  0.601581 0.302713 1 0 1.000000
0  -10.438173 -97.640327 42.074619  0.016403 0.124250 0.992115  0.601581 0.302713 1 0 1.000000
blackplastic
0  -10.537271 -97.637581 41.853321  -0.945619 0.268332 -0.183853  0.601581 0.302713 1 0 1.000000
0  -10.438173 -97.640327 42.074619  0.016403 0.124250 0.992115  0.601581 0.302713 1 0 1.000000
0  -10.295034 -97.138634 41.997566  0.030154 0.247954 0.968302  0.601581 0.302713 1 0 1.000000
blackplastic
0  -2.785708 -94.877823 42.319256  -0.002205 -0.047634 0.998862  0.601581 0.302713 1 0 1.000000
0  -7.696499 -94.458130 42.315693  -0.004793 -0.049252 0.998775  0.601581 0.302713 1 0 1.000000
0  -3.082998 -95.649071 42.220940  -0.012971 -0.204920 0.978693  0.601581 0.302713 1 0 1.000000
blackplastic
0  -7.696499 -94.458130 42.315693  -0.004793 -0.049252 0.998775  0.601581 0.302713 1 0 1.000000
0  -7.531338 -95.306160 42.224094  -0.019126 -0.202401 0.979116  0.601581 0.302713 1 0 1.000000
0  -3.082998 -95.649071 42.220940  -0.012971 -0.204920 0.978693  0.601581 0.302713 1 0 1.000000
blackplastic
0  -8.610391 -98.502197 41.951073  0.350845 -0.014348 0.936324  0.601581 0.302713 1 0 1.000000
0  -8.808583 -97.576424 42.046921  0.350845 -0.014348 0.936324  0.601581 0.302713 1 0 1.000000
0  -8.940713 -97.838722 42.080925  0.350828 -0.014304 0.936330  0.601581 0.302713 1 0 1.000000
blackplastic
0  7.531358 -95.306160 42.224094  -0.350551 -0.034137 0.935921  0.601581 0.302713 1 0 1.000000
0  7.839659 -94.664619 42.355865  -0.350449 -0.034070 0.935962  0.601581 0.302713 1 0 1.000000
0  7.696519 -94.458130 42.315693  -0.350445 -0.034044 0.935964  0.601581 0.302713 1 0 1.000000
blackplastic
0  -3.105019 -98.966728 41.947502  -0.352434 0.037275 0.935094  0.601581 0.302713 1 0 1.000000
0  -2.697622 -98.390999 42.085030  -0.352434 0.037272 0.935094  0.601581 0.302713 1 0 1.000000
0  -2.785708 -98.085800 42.036221  -0.352434 0.037273 0.935094  0.601581 0.302713 1 0 1.000000
blackplastic
0  3.105040 -97.318390 42.090664  0.354822 0.012459 0.934851  0.601581 0.302713 1 0 1.000000
0  2.785728 -96.480370 42.194191  0.354812 0.012506 0.934854  0.601581 0.302713 1 0 1.000000
0  2.719664 -96.687820 42.223392  0.354821 0.012459 0.934851  0.601581 0.302713 1 0 1.000000
blackplastic
0  -8.070864 -96.898689 42.087105  0.348951 -0.039435 0.936311  0.601581 0.302713 1 0 1.000000
0  -8.258046 -96.026810 42.198723  0.348951 -0.039436 0.936311  0.601581 0.302713 1 0 1.000000
0  -8.357143 -96.234253 42.227924  0.348951 -0.039435 0.936311  0.601581 0.302713 1 0 1.000000
blackplastic
0  8.070885 -96.898689 42.087105  -0.348951 -0.039436 0.936311  0.601581 0.302713 1 0 1.000000
0  8.357164 -96.234253 42.227924  -0.348951 -0.039436 0.936311  0.601581 0.302713 1 0 1.000000
0  8.258067 -96.026810 42.198723  -0.348951 -0.039436 0.936311  0.601581 0.302713 1 0 1.000000
blackplastic
0  -3.105019 -97.318390 42.090664  -0.354827 0.012458 0.934849  0.601581 0.302713 1 0 1.000000
0  -2.719643 -96.687820 42.223392  -0.354826 0.012458 0.934849  0.601581 0.302713 1 0 1.000000
0  -2.785708 -96.480370 42.194191  -0.354827 0.012458 0.934849  0.601581 0.302713 1 0 1.000000
blackplastic
0  3.105040 -98.966728 41.947502  0.352441 0.037273 0.935091  0.601581 0.302713 1 0 1.000000
0  2.785728 -98.085800 42.036221  0.352441 0.037276 0.935091  0.601581 0.302713 1 0 1.000000
0  2.697642 -98.390999 42.085030  0.352441 0.037276 0.935091  0.601581 0.302713 1 0 1.000000
blackplastic
0  -7.531338 -95.306160 42.224094  0.350549 -0.034127 0.935922  0.601581 0.302713 1 0 1.000000
0  -7.696499 -94.458130 42.315693  0.350550 -0.034136 0.935922  0.601581 0.302713 1 0 1.000000
0  -7.839639 -94.664619 42.355865  0.350553 -0.034151 0.935920  0.601581 0.302713 1 0 1.000000
blackplastic
0  8.610412 -98.502197 41.951073  -0.350844 -0.014346 0.936324  0.601581 0.302713 1 0 1.000000
0  8.940734 -97.838722 42.080925  -0.350859 -0.014386 0.936318  0.601581 0.302713 1 0 1.000000
0  8.808604 -97.576424 42.046921  -0.350845 -0.014350 0.936323  0.601581 0.302713 1 0 1.000000
blackplastic
0  -3.082998 -95.649071 42.220940  -0.352924 0.016800 0.935501  0.601581 0.302713 1 0 1.000000
0  -2.708633 -95.096245 42.349415  -0.352929 0.016786 0.935500  0.601581 0.302713 1 0 1.000000
0  -2.785708 -94.877823 42.319256  -0.352924 0.016799 0.935501  0.601581 0.302713 1 0 1.000000
blackplastic
0  2.785728 -94.877823 42.319256  0.002196 -0.047635 0.998862  0.601581 0.302713 1 0 1.000000
0  3.083018 -95.649071 42.220940  0.012974 -0.204920 0.978693  0.601581 0.302713 1 0 1.000000
0  7.696519 -94.458130 42.315693  0.004795 -0.049254 0.998775  0.601581 0.302713 1 0 1.000000
blackplastic
0  3.083018 -95.649071 42.220940  0.012974 -0.204920 0.978693  0.601581 0.302713 1 0 1.000000
0  7.531358 -95.306160 42.224094  0.019139 -0.202497 0.979096  0.601581 0.302713 1 0 1.000000
0  7.696519 -94.458130 42.315693  0.004795 -0.049254 0.998775  0.601581 0.302713 1 0 1.000000
skin_0dam
0  -24.487881 -106.774872 40.375851  -0.198674 -0.526997 0.826319  0.059119 0.497906 1 0 1.000000
0  -23.232656 -110.277054 37.487995  -0.218879 -0.739301 0.636809  0.064554 0.483888 1 0 1.000000
0  -19.290810 -111.386414 37.441368  -0.148973 -0.746712 0.648250  0.081623 0.479120 1 0 1.000000
skin_0dam
0  12.199913 -108.868828 40.824318  0.067988 -0.534810 0.842233  0.217986 0.488704 1 0 1.000000
0  5.758629 -109.558495 40.774128  0.039230 -0.513166 0.857392  0.190094 0.485748 1 0 1.000000
0  5.813683 -110.468765 40.223755  0.045473 -0.600923 0.798012  0.190332 0.482029 1 0 1.000000
skin_0dam
0  5.813683 -110.468765 40.223755  0.045473 -0.600923 0.798012  0.190332 0.482029 1 0 1.000000
0  5.758629 -109.558495 40.774128  0.039230 -0.513166 0.857392  0.190094 0.485748 1 0 1.000000
0  0.000011 -109.879471 40.769051  -0.000001 -0.477833 0.878451  0.165158 0.484365 1 0 1.000000
skin_0dam
0  0.000011 -110.798790 40.241577  -0.000012 -0.600586 0.799560  0.165158 0.480598 1 0 1.000000
0  5.813683 -110.468765 40.223755  0.045473 -0.600923 0.798012  0.190332 0.482029 1 0 1.000000
0  0.000011 -109.879471 40.769051  -0.000001 -0.477833 0.878451  0.165158 0.484365 1 0 1.000000
skin_0dam
0  0.000011 -110.798790 40.241577  -0.000012 -0.600586 0.799560  0.165158 0.480598 1 0 1.000000
0  0.000011 -109.879471 40.769051  -0.000001 -0.477833 0.878451  0.165158 0.484365 1 0 1.000000
0  -5.813661 -110.468765 40.223755  -0.045472 -0.600921 0.798014  0.139983 0.482029 1 0 1.000000
skin_0dam
0  0.000011 -110.798790 40.241577  -0.000012 -0.600586 0.799560  0.165158 0.480598 1 0 1.000000
0  -5.813661 -110.468765 40.223755  -0.045472 -0.600921 0.798014  0.139983 0.482029 1 0 1.000000
0  -6.033876 -113.283195 37.364151  -0.060279 -0.747512 0.661507  0.139029 0.470967 1 0 1.000000
skin_0dam
0  -6.033876 -113.283195 37.364151  -0.060279 -0.747512 0.661507  0.139029 0.470967 1 0 1.000000
0  -5.813661 -110.468765 40.223755  -0.045472 -0.600921 0.798014  0.139983 0.482029 1 0 1.000000
0  -12.497183 -109.709450 40.312065  -0.074589 -0.588257 0.805227  0.111042 0.485271 1 0 1.000000
skin_0dam
0  -12.497183 -109.709450 40.312065  -0.074589 -0.588257 0.805227  0.111042 0.485271 1 0 1.000000
0  -13.234902 -112.495773 37.394733  -0.101079 -0.747532 0.656490  0.107847 0.474352 1 0 1.000000
0  -6.033876 -113.283195 37.364151  -0.060279 -0.747512 0.661507  0.139029 0.470967 1 0 1.000000
skin_0dam
0  -13.234902 -112.495773 37.394733  -0.101079 -0.747532 0.656490  0.107847 0.474352 1 0 1.000000
0  -12.497183 -109.709450 40.312065  -0.074589 -0.588257 0.805227  0.111042 0.485271 1 0 1.000000
0  -14.468105 -109.396568 40.351006  -0.087270 -0.574992 0.813491  0.102507 0.486606 1 0 1.000000
skin_0dam
0  -19.290810 -111.386414 37.441368  -0.148973 -0.746712 0.648250  0.081623 0.479120 1 0 1.000000
0  -13.234902 -112.495773 37.394733  -0.101079 -0.747532 0.656490  0.107847 0.474352 1 0 1.000000
0  -14.468105 -109.396568 40.351006  -0.087270 -0.574992 0.813491  0.102507 0.486606 1 0 1.000000
skin_0dam
0  -19.290810 -111.386414 37.441368  -0.148973 -0.746712 0.648250  0.081623 0.479120 1 0 1.000000
0  -14.468105 -109.396568 40.351006  -0.087270 -0.574992 0.813491  0.102507 0.486606 1 0 1.000000
0  -24.487881 -106.774872 40.375851  -0.198674 -0.526997 0.826319  0.059119 0.497906 1 0 1.000000
skin_0dam
0  -14.468105 -109.396568 40.351006  -0.087270 -0.574992 0.813491  0.102507 0.486606 1 0 1.000000
0  -14.280923 -107.747406 41.135162  -0.053139 -0.289222 0.955786  0.103317 0.493424 1 0 1.000000
0  -24.487881 -106.774872 40.375851  -0.198674 -0.526997 0.826319  0.059119 0.497906 1 0 1.000000
skin_0dam
0  -14.280923 -107.747406 41.135162  -0.053139 -0.289222 0.955786  0.103317 0.493424 1 0 1.000000
0  -24.983364 -104.196663 41.167145  -0.108362 -0.165320 0.980269  0.056973 0.508729 1 0 1.000000
0  -24.487881 -106.774872 40.375851  -0.198674 -0.526997 0.826319  0.059119 0.497906 1 0 1.000000
skin_0dam
0  -24.983364 -104.196663 41.167145  -0.108362 -0.165320 0.980269  0.056973 0.508729 1 0 1.000000
0  -14.280923 -107.747406 41.135162  -0.053139 -0.289222 0.955786  0.103317 0.493424 1 0 1.000000
0  -16.361952 -100.756981 42.203606  -0.015378 -0.097021 0.995164  0.094306 0.523176 1 0 1.000000
skin_0dam
0  -16.361952 -100.756981 42.203606  -0.015378 -0.097021 0.995164  0.094306 0.523176 1 0 1.000000
0  -25.655022 -99.953102 41.790638  -0.103367 -0.106522 0.988923  0.054065 0.526799 1 0 1.000000
0  -24.983364 -104.196663 41.167145  -0.108362 -0.165320 0.980269  0.056973 0.508729 1 0 1.000000
skin_0dam
0  -25.655022 -99.953102 41.790638  -0.103367 -0.106522 0.988923  0.054065 0.526799 1 0 1.000000
0  -16.361952 -100.756981 42.203606  -0.015378 -0.097021 0.995164  0.094306 0.523176 1 0 1.000000
0  -18.553091 -88.202888 42.940025  0.008388 -0.028284 0.999565  0.084818 0.577054 1 0 1.000000
skin_0dam
0  -18.553091 -88.202888 42.940025  0.008388 -0.028284 0.999565  0.084818 0.577054 1 0 1.000000
0  -27.438761 -87.774826 42.526787  -0.101091 -0.056628 0.993264  0.046341 0.579056 1 0 1.000000
0  -25.655022 -99.953102 41.790638  -0.103367 -0.106522 0.988923  0.054065 0.526799 1 0 1.000000
skin_0dam
0  -27.438761 -87.774826 42.526787  -0.101091 -0.056628 0.993264  0.046341 0.579056 1 0 1.000000
0  -18.553091 -88.202888 42.940025  0.008388 -0.028284 0.999565  0.084818 0.577054 1 0 1.000000
0  -20.667154 -74.381332 43.256084  -0.012413 -0.014113 0.999823  0.075663 0.636557 1 0 1.000000
skin_0dam
0  -20.667154 -74.381332 43.256084  -0.012413 -0.014113 0.999823  0.075663 0.636557 1 0 1.000000
0  -30.510761 -67.415581 42.779297  -0.079690 -0.005922 0.996802  0.033038 0.666786 1 0 1.000000
0  -27.438761 -87.774826 42.526787  -0.101091 -0.056628 0.993264  0.046341 0.579056 1 0 1.000000
skin_0dam
0  -6.033876 -113.283195 37.364151  -0.060279 -0.747512 0.661507  0.139029 0.470967 1 0 1.000000
0  0.000011 -113.670944 37.353863  -0.023779 -0.748189 0.663059  0.165158 0.469298 1 0 1.000000
0  0.000011 -110.798790 40.241577  -0.000012 -0.600586 0.799560  0.165158 0.480598 1 0 1.000000
skin_0dam
0  -14.280923 -107.747406 41.135162  -0.053139 -0.289222 0.955786  0.103317 0.493424 1 0 1.000000
0  -14.468105 -109.396568 40.351006  -0.087270 -0.574992 0.813491  0.102507 0.486606 1 0 1.000000
0  -12.199892 -108.868828 40.824318  -0.067990 -0.534810 0.842233  0.112329 0.488704 1 0 1.000000
skin_0dam
0  -14.468105 -109.396568 40.351006  -0.087270 -0.574992 0.813491  0.102507 0.486606 1 0 1.000000
0  -12.497183 -109.709450 40.312065  -0.074589 -0.588257 0.805227  0.111042 0.485271 1 0 1.000000
0  -12.199892 -108.868828 40.824318  -0.067990 -0.534810 0.842233  0.112329 0.488704 1 0 1.000000
skin_0dam
0  -12.199892 -108.868828 40.824318  -0.067990 -0.534810 0.842233  0.112329 0.488704 1 0 1.000000
0  -12.497183 -109.709450 40.312065  -0.074589 -0.588257 0.805227  0.111042 0.485271 1 0 1.000000
0  -5.813661 -110.468765 40.223755  -0.045472 -0.600921 0.798014  0.139983 0.482029 1 0 1.000000
skin_0dam
0  -5.813661 -110.468765 40.223755  -0.045472 -0.600921 0.798014  0.139983 0.482029 1 0 1.000000
0  -5.758607 -109.558495 40.774128  -0.039088 -0.513344 0.857292  0.140221 0.485748 1 0 1.000000
0  -12.199892 -108.868828 40.824318  -0.067990 -0.534810 0.842233  0.112329 0.488704 1 0 1.000000
skin_0dam
0  0.000011 -109.879471 40.769051  -0.000001 -0.477833 0.878451  0.165158 0.484365 1 0 1.000000
0  -5.758607 -109.558495 40.774128  -0.039088 -0.513344 0.857292  0.140221 0.485748 1 0 1.000000
0  -5.813661 -110.468765 40.223755  -0.045472 -0.600921 0.798014  0.139983 0.482029 1 0 1.000000
skin_0dam
0  -16.747330 -73.186012 43.527302  -0.014272 -0.013464 0.999808  0.092637 0.641611 1 0 1.000000
0  -20.667154 -74.381332 43.256084  -0.012413 -0.014113 0.999823  0.075663 0.636557 1 0 1.000000
0  -18.553091 -88.202888 42.940025  0.008388 -0.028284 0.999565  0.084818 0.577054 1 0 1.000000
skin_0dam
0  -20.667154 -74.381332 43.256084  -0.012413 -0.014113 0.999823  0.075663 0.636557 1 0 1.000000
0  -16.747330 -73.186012 43.527302  -0.014272 -0.013464 0.999808  0.092637 0.641611 1 0 1.000000
0  -17.639202 -64.222145 43.527813  -0.026813 -0.008098 0.999608  0.088775 0.680279 1 0 1.000000
skin_0dam
0  -16.714300 -64.486771 43.661495  -0.562297 -0.055583 0.825065  0.092780 0.679087 1 0 1.000000
0  -17.639202 -64.222145 43.527813  -0.026813 -0.008098 0.999608  0.088775 0.680279 1 0 1.000000
0  -16.747330 -73.186012 43.527302  -0.014272 -0.013464 0.999808  0.092637 0.641611 1 0 1.000000
skin_0dam
0  -17.639202 -64.222145 43.527813  -0.026813 -0.008098 0.999608  0.088775 0.680279 1 0 1.000000
0  -22.175629 -63.271824 43.146248  -0.033910 0.002631 0.999421  0.069131 0.684523 1 0 1.000000
0  -20.667154 -74.381332 43.256084  -0.012413 -0.014113 0.999823  0.075663 0.636557 1 0 1.000000
skin_0dam
0  -20.667154 -74.381332 43.256084  -0.012413 -0.014113 0.999823  0.075663 0.636557 1 0 1.000000
0  -22.175629 -63.271824 43.146248  -0.033910 0.002631 0.999421  0.069131 0.684523 1 0 1.000000
0  -28.638935 -61.586048 42.832977  -0.064464 0.001407 0.997919  0.041144 0.691913 1 0 1.000000
skin_0dam
0  -14.424065 -75.199623 44.388748  -0.464790 -0.075874 0.882164  0.102698 0.632600 1 0 1.000000
0  -15.183805 -66.011993 44.546528  -0.460292 -0.047858 0.886477  0.099408 0.672174 1 0 1.000000
0  -15.800407 -65.038780 44.174007  -0.513609 -0.051746 0.856463  0.096738 0.676513 1 0 1.000000
skin_0dam
0  -14.424065 -75.199623 44.388748  -0.464790 -0.075874 0.882164  0.102698 0.632600 1 0 1.000000
0  -15.800407 -65.038780 44.174007  -0.513609 -0.051746 0.856463  0.096738 0.676513 1 0 1.000000
0  -16.714300 -64.486771 43.661495  -0.562297 -0.055583 0.825065  0.092780 0.679087 1 0 1.000000
skin_0dam
0  -16.075674 -72.877380 43.643986  -0.570366 -0.069827 0.818417  0.095546 0.642899 1 0 1.000000
0  -14.424065 -75.199623 44.388748  -0.464790 -0.075874 0.882164  0.102698 0.632600 1 0 1.000000
0  -16.714300 -64.486771 43.661495  -0.562297 -0.055583 0.825065  0.092780 0.679087 1 0 1.000000
skin_0dam
0  -16.747330 -73.186012 43.527302  -0.014272 -0.013464 0.999808  0.092637 0.641611 1 0 1.000000
0  -16.075674 -72.877380 43.643986  -0.570366 -0.069827 0.818417  0.095546 0.642899 1 0 1.000000
0  -16.714300 -64.486771 43.661495  -0.562297 -0.055583 0.825065  0.092780 0.679087 1 0 1.000000
skin_0dam
0  -16.075674 -72.877380 43.643986  -0.570366 -0.069827 0.818417  0.095546 0.642899 1 0 1.000000
0  -16.747330 -73.186012 43.527302  -0.014272 -0.013464 0.999808  0.092637 0.641611 1 0 1.000000
0  -14.280924 -89.868362 42.853630  0.005677 -0.027389 0.999609  0.103317 0.569902 1 0 1.000000
skin_0dam
0  -18.553091 -88.202888 42.940025  0.008388 -0.028284 0.999565  0.084818 0.577054 1 0 1.000000
0  -14.280924 -89.868362 42.853630  0.005677 -0.027389 0.999609  0.103317 0.569902 1 0 1.000000
0  -16.747330 -73.186012 43.527302  -0.014272 -0.013464 0.999808  0.092637 0.641611 1 0 1.000000
skin_0dam
0  -13.113784 -98.042747 42.275616  -0.023696 -0.076407 0.996795  0.108371 0.534857 1 0 1.000000
0  -14.280924 -89.868362 42.853630  0.005677 -0.027389 0.999609  0.103317 0.569902 1 0 1.000000
0  -18.553091 -88.202888 42.940025  0.008388 -0.028284 0.999565  0.084818 0.577054 1 0 1.000000
skin_0dam
0  -18.553091 -88.202888 42.940025  0.008388 -0.028284 0.999565  0.084818 0.577054 1 0 1.000000
0  -16.361952 -100.756981 42.203606  0.081160 -0.072542 0.994058  0.094306 0.523176 1 0 1.000000
0  -13.113784 -98.042747 42.275616  -0.023696 -0.076407 0.996795  0.108371 0.534857 1 0 1.000000
skin_0dam
0  -12.442129 -101.072334 42.010139  -0.020061 -0.097536 0.995030  0.111280 0.521888 1 0 1.000000
0  -13.113784 -98.042747 42.275616  -0.023696 -0.076407 0.996795  0.108371 0.534857 1 0 1.000000
0  -16.361952 -100.756981 42.203606  0.081160 -0.072542 0.994058  0.094306 0.523176 1 0 1.000000
skin_0dam
0  -16.361952 -100.756981 42.203606  0.081160 -0.072542 0.994058  0.094306 0.523176 1 0 1.000000
0  -14.280923 -107.747406 41.135162  0.057696 -0.141389 0.988271  0.103317 0.493424 1 0 1.000000
0  -12.442129 -101.072334 42.010139  -0.020061 -0.097536 0.995030  0.111280 0.521888 1 0 1.000000
skin_0dam
0  -14.280923 -107.747406 41.135162  0.057696 -0.141389 0.988271  0.103317 0.493424 1 0 1.000000
0  -11.946646 -101.941338 41.931427  -0.013916 -0.123781 0.992212  0.113425 0.518170 1 0 1.000000
0  -12.442129 -101.072334 42.010139  -0.020061 -0.097536 0.995030  0.111280 0.521888 1 0 1.000000
skin_0dam
0  -10.999722 -102.341011 41.911129  -0.016014 -0.146532 0.989076  0.117526 0.516453 1 0 1.000000
0  -11.946646 -101.941338 41.931427  -0.013916 -0.123781 0.992212  0.113425 0.518170 1 0 1.000000
0  -14.280923 -107.747406 41.135162  0.057696 -0.141389 0.988271  0.103317 0.493424 1 0 1.000000
skin_0dam
0  -14.280923 -107.747406 41.135162  0.057696 -0.141389 0.988271  0.103317 0.493424 1 0 1.000000
0  -12.199892 -108.868828 40.824318  -0.015290 -0.172920 0.984817  0.112329 0.488704 1 0 1.000000
0  -10.999722 -102.341011 41.911129  -0.016014 -0.146532 0.989076  0.117526 0.516453 1 0 1.000000
skin_0dam
0  -12.199892 -108.868828 40.824318  -0.015290 -0.172920 0.984817  0.112329 0.488704 1 0 1.000000
0  -5.758607 -109.558495 40.774128  -0.007081 -0.176477 0.984279  0.140221 0.485748 1 0 1.000000
0  -10.999722 -102.341011 41.911129  -0.016014 -0.146532 0.989076  0.117526 0.516453 1 0 1.000000
skin_0dam
0  -5.758607 -109.558495 40.774128  -0.007081 -0.176477 0.984279  0.140221 0.485748 1 0 1.000000
0  -5.296157 -103.083603 41.887676  -0.006686 -0.151733 0.988399  0.142224 0.513259 1 0 1.000000
0  -10.999722 -102.341011 41.911129  -0.016014 -0.146532 0.989076  0.117526 0.516453 1 0 1.000000
skin_0dam
0  0.000011 -103.440361 41.852573  0.000001 -0.159346 0.987223  0.165158 0.511733 1 0 1.000000
0  -5.296157 -103.083603 41.887676  -0.006686 -0.151733 0.988399  0.142224 0.513259 1 0 1.000000
0  -5.758607 -109.558495 40.774128  -0.007081 -0.176477 0.984279  0.140221 0.485748 1 0 1.000000
skin_0dam
0  -5.758607 -109.558495 40.774128  -0.007081 -0.176477 0.984279  0.140221 0.485748 1 0 1.000000
0  0.000011 -109.879471 40.769051  0.000001 -0.171298 0.985219  0.165158 0.484365 1 0 1.000000
0  0.000011 -103.440361 41.852573  0.000001 -0.159346 0.987223  0.165158 0.511733 1 0 1.000000
skin_0dam
0  0.000011 -103.440361 41.852573  0.000001 -0.159346 0.987223  0.165158 0.511733 1 0 1.000000
0  0.000011 -109.879471 40.769051  0.000001 -0.171298 0.985219  0.165158 0.484365 1 0 1.000000
0  5.758629 -109.558495 40.774128  0.007081 -0.176477 0.984279  0.190094 0.485748 1 0 1.000000
skin_0dam
0  -16.075674 -72.877380 43.643986  -0.570366 -0.069827 0.818417  0.095546 0.642899 1 0 1.000000
0  -13.642301 -85.203468 43.871315  -0.507392 -0.102810 0.855560  0.106083 0.589641 1 0 1.000000
0  -14.424065 -75.199623 44.388748  -0.464790 -0.075874 0.882164  0.102698 0.632600 1 0 1.000000
skin_0dam
0  -13.873527 -86.668762 43.546349  -0.536125 -0.114844 0.836290  0.105082 0.583443 1 0 1.000000
0  -13.642301 -85.203468 43.871315  -0.507392 -0.102810 0.855560  0.106083 0.589641 1 0 1.000000
0  -16.075674 -72.877380 43.643986  -0.570366 -0.069827 0.818417  0.095546 0.642899 1 0 1.000000
skin_0dam
0  -14.269913 -88.851967 42.974709  -0.299043 -0.110939 0.947769  0.103365 0.574240 1 0 1.000000
0  -13.873527 -86.668762 43.546349  -0.536125 -0.114844 0.836290  0.105082 0.583443 1 0 1.000000
0  -16.075674 -72.877380 43.643986  -0.570366 -0.069827 0.818417  0.095546 0.642899 1 0 1.000000
skin_0dam
0  -14.280924 -89.868362 42.853630  0.005677 -0.027389 0.999609  0.103317 0.569902 1 0 1.000000
0  -14.269913 -88.851967 42.974709  -0.299043 -0.110939 0.947769  0.103365 0.574240 1 0 1.000000
0  -16.075674 -72.877380 43.643986  -0.570366 -0.069827 0.818417  0.095546 0.642899 1 0 1.000000
skin_0dam
0  5.758629 -109.558495 40.774128  0.007081 -0.176477 0.984279  0.190094 0.485748 1 0 1.000000
0  5.296178 -103.083603 41.887676  0.006687 -0.151733 0.988399  0.188091 0.513259 1 0 1.000000
0  0.000011 -103.440361 41.852573  0.000001 -0.159346 0.987223  0.165158 0.511733 1 0 1.000000
skin_0dam
0  10.999743 -102.341011 41.911129  0.015949 -0.146602 0.989067  0.212789 0.516453 1 0 1.000000
0  5.296178 -103.083603 41.887676  0.006687 -0.151733 0.988399  0.188091 0.513259 1 0 1.000000
0  5.758629 -109.558495 40.774128  0.007081 -0.176477 0.984279  0.190094 0.485748 1 0 1.000000
skin_0dam
0  12.199913 -108.868828 40.824318  0.015289 -0.172927 0.984816  0.217986 0.488704 1 0 1.000000
0  10.999743 -102.341011 41.911129  0.015949 -0.146602 0.989067  0.212789 0.516453 1 0 1.000000
0  5.758629 -109.558495 40.774128  0.007081 -0.176477 0.984279  0.190094 0.485748 1 0 1.000000
skin_0dam
0  10.999743 -102.341011 41.911129  0.015949 -0.146602 0.989067  0.212789 0.516453 1 0 1.000000
0  12.199913 -108.868828 40.824318  0.015289 -0.172927 0.984816  0.217986 0.488704 1 0 1.000000
0  14.280944 -107.747406 41.135162  -0.057695 -0.141387 0.988272  0.226998 0.493424 1 0 1.000000
skin_0dam
0  14.280944 -107.747406 41.135162  -0.057695 -0.141387 0.988272  0.226998 0.493424 1 0 1.000000
0  11.946667 -101.941338 41.931427  0.013921 -0.123813 0.992208  0.216890 0.518170 1 0 1.000000
0  10.999743 -102.341011 41.911129  0.015949 -0.146602 0.989067  0.212789 0.516453 1 0 1.000000
skin_0dam
0  14.280944 -107.747406 41.135162  -0.057695 -0.141387 0.988272  0.226998 0.493424 1 0 1.000000
0  12.442150 -101.072334 42.010139  0.020063 -0.097542 0.995029  0.219035 0.521888 1 0 1.000000
0  11.946667 -101.941338 41.931427  0.013921 -0.123813 0.992208  0.216890 0.518170 1 0 1.000000
skin_0dam
0  12.442150 -101.072334 42.010139  0.020063 -0.097542 0.995029  0.219035 0.521888 1 0 1.000000
0  14.280944 -107.747406 41.135162  -0.057695 -0.141387 0.988272  0.226998 0.493424 1 0 1.000000
0  16.361975 -100.756981 42.203606  -0.081159 -0.072539 0.994058  0.236009 0.523176 1 0 1.000000
skin_0dam
0  16.361975 -100.756981 42.203606  -0.081159 -0.072539 0.994058  0.236009 0.523176 1 0 1.000000
0  13.113805 -98.042747 42.275616  0.023692 -0.076422 0.996794  0.221944 0.534857 1 0 1.000000
0  12.442150 -101.072334 42.010139  0.020063 -0.097542 0.995029  0.219035 0.521888 1 0 1.000000
skin_0dam
0  13.113805 -98.042747 42.275616  0.023692 -0.076422 0.996794  0.221944 0.534857 1 0 1.000000
0  16.361975 -100.756981 42.203606  -0.081159 -0.072539 0.994058  0.236009 0.523176 1 0 1.000000
0  18.553110 -88.202888 42.940025  0.012971 -0.027364 0.999541  0.245497 0.577054 1 0 1.000000
skin_0dam
0  18.553110 -88.202888 42.940025  0.012971 -0.027364 0.999541  0.245497 0.577054 1 0 1.000000
0  14.280943 -89.868362 42.853630  -0.005667 -0.027379 0.999609  0.226998 0.569902 1 0 1.000000
0  13.113805 -98.042747 42.275616  0.023692 -0.076422 0.996794  0.221944 0.534857 1 0 1.000000
skin_0dam
0  16.747349 -73.186012 43.527302  0.014177 -0.013455 0.999809  0.237678 0.641611 1 0 1.000000
0  14.280943 -89.868362 42.853630  -0.005667 -0.027379 0.999609  0.226998 0.569902 1 0 1.000000
0  18.553110 -88.202888 42.940025  0.012971 -0.027364 0.999541  0.245497 0.577054 1 0 1.000000
skin_0dam
0  16.075693 -72.877380 43.643986  0.570369 -0.069810 0.818417  0.234770 0.642899 1 0 1.000000
0  14.280943 -89.868362 42.853630  -0.005667 -0.027379 0.999609  0.226998 0.569902 1 0 1.000000
0  16.747349 -73.186012 43.527302  0.014177 -0.013455 0.999809  0.237678 0.641611 1 0 1.000000
skin_0dam
0  16.714315 -64.486771 43.661495  0.562296 -0.055598 0.825065  0.237535 0.679087 1 0 1.000000
0  16.075693 -72.877380 43.643986  0.570369 -0.069810 0.818417  0.234770 0.642899 1 0 1.000000
0  16.747349 -73.186012 43.527302  0.014177 -0.013455 0.999809  0.237678 0.641611 1 0 1.000000
skin_0dam
0  16.075693 -72.877380 43.643986  0.570369 -0.069810 0.818417  0.234770 0.642899 1 0 1.000000
0  16.714315 -64.486771 43.661495  0.562296 -0.055598 0.825065  0.237535 0.679087 1 0 1.000000
0  14.424082 -75.199623 44.388748  0.464789 -0.075874 0.882164  0.227618 0.632600 1 0 1.000000
skin_0dam
0  14.424082 -75.199623 44.388748  0.464789 -0.075874 0.882164  0.227618 0.632600 1 0 1.000000
0  16.714315 -64.486771 43.661495  0.562296 -0.055598 0.825065  0.237535 0.679087 1 0 1.000000
0  15.800425 -65.038780 44.174007  0.513610 -0.051747 0.856462  0.233578 0.676513 1 0 1.000000
skin_0dam
0  14.424082 -75.199623 44.388748  0.464789 -0.075874 0.882164  0.227618 0.632600 1 0 1.000000
0  15.800425 -65.038780 44.174007  0.513610 -0.051747 0.856462  0.233578 0.676513 1 0 1.000000
0  15.183823 -66.011993 44.546528  0.460292 -0.047855 0.886477  0.230908 0.672174 1 0 1.000000
skin_0dam
0  16.747349 -73.186012 43.527302  0.014177 -0.013455 0.999809  0.237678 0.641611 1 0 1.000000
0  17.639217 -64.222145 43.527813  0.026813 -0.008115 0.999608  0.241540 0.680279 1 0 1.000000
0  16.714315 -64.486771 43.661495  0.562296 -0.055598 0.825065  0.237535 0.679087 1 0 1.000000
skin_0dam
0  14.280943 -89.868362 42.853630  -0.005667 -0.027379 0.999609  0.226998 0.569902 1 0 1.000000
0  16.075693 -72.877380 43.643986  0.570369 -0.069810 0.818417  0.234770 0.642899 1 0 1.000000
0  14.269932 -88.851967 42.974709  0.299134 -0.110947 0.947739  0.226950 0.574240 1 0 1.000000
skin_0dam
0  14.269932 -88.851967 42.974709  0.299134 -0.110947 0.947739  0.226950 0.574240 1 0 1.000000
0  16.075693 -72.877380 43.643986  0.570369 -0.069810 0.818417  0.234770 0.642899 1 0 1.000000
0  13.873546 -86.668762 43.546349  0.536125 -0.114844 0.836290  0.225234 0.583443 1 0 1.000000
skin_0dam
0  13.873546 -86.668762 43.546349  0.536125 -0.114844 0.836290  0.225234 0.583443 1 0 1.000000
0  16.075693 -72.877380 43.643986  0.570369 -0.069810 0.818417  0.234770 0.642899 1 0 1.000000
0  13.642320 -85.203468 43.871315  0.507392 -0.102813 0.855560  0.224232 0.589641 1 0 1.000000
skin_0dam
0  16.075693 -72.877380 43.643986  0.570369 -0.069810 0.818417  0.234770 0.642899 1 0 1.000000
0  14.424082 -75.199623 44.388748  0.464789 -0.075874 0.882164  0.227618 0.632600 1 0 1.000000
0  13.642320 -85.203468 43.871315  0.507392 -0.102813 0.855560  0.224232 0.589641 1 0 1.000000
skin_0dam
0  18.553110 -88.202888 42.940025  0.012971 -0.027364 0.999541  0.245497 0.577054 1 0 1.000000
0  20.667173 -74.381332 43.256084  0.026224 -0.005287 0.999642  0.254652 0.636557 1 0 1.000000
0  16.747349 -73.186012 43.527302  0.014177 -0.013455 0.999809  0.237678 0.641611 1 0 1.000000
skin_0dam
0  17.639217 -64.222145 43.527813  0.026813 -0.008115 0.999608  0.241540 0.680279 1 0 1.000000
0  16.747349 -73.186012 43.527302  0.014177 -0.013455 0.999809  0.237678 0.641611 1 0 1.000000
0  20.667173 -74.381332 43.256084  0.026224 -0.005287 0.999642  0.254652 0.636557 1 0 1.000000
skin_0dam
0  20.667173 -74.381332 43.256084  0.026224 -0.005287 0.999642  0.254652 0.636557 1 0 1.000000
0  22.175644 -63.271824 43.146248  0.033911 0.002634 0.999421  0.261184 0.684523 1 0 1.000000
0  17.639217 -64.222145 43.527813  0.026813 -0.008115 0.999608  0.241540 0.680279 1 0 1.000000
skin_0dam
0  20.667173 -74.381332 43.256084  0.026224 -0.005287 0.999642  0.254652 0.636557 1 0 1.000000
0  28.638950 -61.586040 42.832966  0.064463 0.001408 0.997919  0.289172 0.691913 1 0 1.000000
0  22.175644 -63.271824 43.146248  0.033911 0.002634 0.999421  0.261184 0.684523 1 0 1.000000
skin_0dam
0  0.000011 -110.798790 40.241577  -0.000012 -0.600586 0.799560  0.165158 0.480598 1 0 1.000000
0  0.000011 -113.670944 37.353863  0.023773 -0.748188 0.663061  0.165158 0.469298 1 0 1.000000
0  6.033898 -113.283195 37.364151  0.060280 -0.747512 0.661507  0.191286 0.470967 1 0 1.000000
skin_0dam
0  6.033898 -113.283195 37.364151  0.060280 -0.747512 0.661507  0.191286 0.470967 1 0 1.000000
0  5.813683 -110.468765 40.223755  0.045473 -0.600923 0.798012  0.190332 0.482029 1 0 1.000000
0  0.000011 -110.798790 40.241577  -0.000012 -0.600586 0.799560  0.165158 0.480598 1 0 1.000000
skin_0dam
0  12.497204 -109.709450 40.312065  0.074589 -0.588256 0.805227  0.219274 0.485271 1 0 1.000000
0  5.813683 -110.468765 40.223755  0.045473 -0.600923 0.798012  0.190332 0.482029 1 0 1.000000
0  6.033898 -113.283195 37.364151  0.060280 -0.747512 0.661507  0.191286 0.470967 1 0 1.000000
skin_0dam
0  5.813683 -110.468765 40.223755  0.045473 -0.600923 0.798012  0.190332 0.482029 1 0 1.000000
0  12.497204 -109.709450 40.312065  0.074589 -0.588256 0.805227  0.219274 0.485271 1 0 1.000000
0  12.199913 -108.868828 40.824318  0.067988 -0.534810 0.842233  0.217986 0.488704 1 0 1.000000
skin_0dam
0  14.468126 -109.396568 40.351006  0.087270 -0.574989 0.813494  0.227808 0.486606 1 0 1.000000
0  12.199913 -108.868828 40.824318  0.067988 -0.534810 0.842233  0.217986 0.488704 1 0 1.000000
0  12.497204 -109.709450 40.312065  0.074589 -0.588256 0.805227  0.219274 0.485271 1 0 1.000000
skin_0dam
0  14.280944 -107.747406 41.135162  0.053213 -0.289237 0.955777  0.226998 0.493424 1 0 1.000000
0  12.199913 -108.868828 40.824318  0.067988 -0.534810 0.842233  0.217986 0.488704 1 0 1.000000
0  14.468126 -109.396568 40.351006  0.087270 -0.574989 0.813494  0.227808 0.486606 1 0 1.000000
skin_0dam
0  14.468126 -109.396568 40.351006  0.087270 -0.574989 0.813494  0.227808 0.486606 1 0 1.000000
0  24.487904 -106.774872 40.375851  0.198676 -0.526997 0.826318  0.271197 0.497906 1 0 1.000000
0  14.280944 -107.747406 41.135162  0.053213 -0.289237 0.955777  0.226998 0.493424 1 0 1.000000
skin_0dam
0  14.280944 -107.747406 41.135162  0.053213 -0.289237 0.955777  0.226998 0.493424 1 0 1.000000
0  24.487904 -106.774872 40.375851  0.198676 -0.526997 0.826318  0.271197 0.497906 1 0 1.000000
0  24.983387 -104.196663 41.167145  0.108362 -0.165320 0.980269  0.273342 0.508729 1 0 1.000000
skin_0dam
0  16.361975 -100.756981 42.203606  0.015381 -0.097017 0.995164  0.236009 0.523176 1 0 1.000000
0  14.280944 -107.747406 41.135162  0.053213 -0.289237 0.955777  0.226998 0.493424 1 0 1.000000
0  24.983387 -104.196663 41.167145  0.108362 -0.165320 0.980269  0.273342 0.508729 1 0 1.000000
skin_0dam
0  24.983387 -104.196663 41.167145  0.108362 -0.165320 0.980269  0.273342 0.508729 1 0 1.000000
0  25.655041 -99.953102 41.790630  0.103368 -0.106513 0.988924  0.276251 0.526799 1 0 1.000000
0  16.361975 -100.756981 42.203606  0.015381 -0.097017 0.995164  0.236009 0.523176 1 0 1.000000
skin_0dam
0  18.553110 -88.202888 42.940025  0.012971 -0.027364 0.999541  0.245497 0.577054 1 0 1.000000
0  16.361975 -100.756981 42.203606  0.015381 -0.097017 0.995164  0.236009 0.523176 1 0 1.000000
0  25.655041 -99.953102 41.790630  0.103368 -0.106513 0.988924  0.276251 0.526799 1 0 1.000000
skin_0dam
0  25.655041 -99.953102 41.790630  0.103368 -0.106513 0.988924  0.276251 0.526799 1 0 1.000000
0  27.438780 -87.774826 42.526779  0.101091 -0.056628 0.993264  0.283975 0.579056 1 0 1.000000
0  18.553110 -88.202888 42.940025  0.012971 -0.027364 0.999541  0.245497 0.577054 1 0 1.000000
skin_0dam
0  20.667173 -74.381332 43.256084  0.026224 -0.005287 0.999642  0.254652 0.636557 1 0 1.000000
0  18.553110 -88.202888 42.940025  0.012971 -0.027364 0.999541  0.245497 0.577054 1 0 1.000000
0  27.438780 -87.774826 42.526779  0.101091 -0.056628 0.993264  0.283975 0.579056 1 0 1.000000
skin_0dam
0  27.438780 -87.774826 42.526779  0.101091 -0.056628 0.993264  0.283975 0.579056 1 0 1.000000
0  30.510777 -67.415581 42.779289  0.079691 -0.005923 0.996802  0.297277 0.666786 1 0 1.000000
0  20.667173 -74.381332 43.256084  0.026224 -0.005287 0.999642  0.254652 0.636557 1 0 1.000000
skin_0dam
0  20.667173 -74.381332 43.256084  0.026224 -0.005287 0.999642  0.254652 0.636557 1 0 1.000000
0  30.510777 -67.415581 42.779289  0.079691 -0.005923 0.996802  0.297277 0.666786 1 0 1.000000
0  28.638950 -61.586040 42.832966  0.064463 0.001408 0.997919  0.289172 0.691913 1 0 1.000000
skin_0dam
0  30.510777 -67.415581 42.779289  0.079691 -0.005923 0.996802  0.297277 0.666786 1 0 1.000000
0  31.160410 -65.585152 42.729675  0.079072 -0.005423 0.996854  0.300090 0.674701 1 0 1.000000
0  28.638950 -61.586040 42.832966  0.064463 0.001408 0.997919  0.289172 0.691913 1 0 1.000000
skin_0dam
0  31.160410 -65.585152 42.729675  0.079072 -0.005423 0.996854  0.300090 0.674701 1 0 1.000000
0  31.061314 -60.482029 42.692165  0.073083 -0.001374 0.997325  0.299661 0.696729 1 0 1.000000
0  28.638950 -61.586040 42.832966  0.064463 0.001408 0.997919  0.289172 0.691913 1 0 1.000000
skin_0dam
0  31.160410 -65.585152 42.729675  0.079072 -0.005423 0.996854  0.300090 0.674701 1 0 1.000000
0  32.019249 -64.177299 42.650719  0.077801 -0.004791 0.996957  0.303809 0.680804 1 0 1.000000
0  31.061314 -60.482029 42.692165  0.073083 -0.001374 0.997325  0.299661 0.696729 1 0 1.000000
skin_0dam
0  6.033898 -113.283195 37.364151  0.060280 -0.747512 0.661507  0.191286 0.470967 1 0 1.000000
0  13.234923 -112.495773 37.394733  0.101090 -0.747529 0.656491  0.222468 0.474352 1 0 1.000000
0  12.497204 -109.709450 40.312065  0.074589 -0.588256 0.805227  0.219274 0.485271 1 0 1.000000
skin_0dam
0  14.468126 -109.396568 40.351006  0.087270 -0.574989 0.813494  0.227808 0.486606 1 0 1.000000
0  12.497204 -109.709450 40.312065  0.074589 -0.588256 0.805227  0.219274 0.485271 1 0 1.000000
0  13.234923 -112.495773 37.394733  0.101090 -0.747529 0.656491  0.222468 0.474352 1 0 1.000000
skin_0dam
0  19.290833 -111.386414 37.441368  0.148975 -0.746713 0.648249  0.248692 0.479120 1 0 1.000000
0  14.468126 -109.396568 40.351006  0.087270 -0.574989 0.813494  0.227808 0.486606 1 0 1.000000
0  13.234923 -112.495773 37.394733  0.101090 -0.747529 0.656491  0.222468 0.474352 1 0 1.000000
skin_0dam
0  24.487904 -106.774872 40.375851  0.198676 -0.526997 0.826318  0.271197 0.497906 1 0 1.000000
0  14.468126 -109.396568 40.351006  0.087270 -0.574989 0.813494  0.227808 0.486606 1 0 1.000000
0  19.290833 -111.386414 37.441368  0.148975 -0.746713 0.648249  0.248692 0.479120 1 0 1.000000
skin_0dam
0  19.290833 -111.386414 37.441368  0.148975 -0.746713 0.648249  0.248692 0.479120 1 0 1.000000
0  23.232679 -110.277054 37.487995  0.218897 -0.739295 0.636811  0.265761 0.483888 1 0 1.000000
0  24.487904 -106.774872 40.375851  0.198676 -0.526997 0.826318  0.271197 0.497906 1 0 1.000000
skin_0dam
0  33.395592 -59.108047 42.605114  0.085826 -0.013005 0.996225  0.309769 0.702689 1 0 1.000000
0  31.061314 -60.482029 42.692165  0.073083 -0.001374 0.997325  0.299661 0.696729 1 0 1.000000
0  33.527718 -61.810356 42.543110  0.086247 -0.013540 0.996182  0.310341 0.691055 1 0 1.000000
skin_0dam
0  31.061314 -60.482029 42.692165  -0.066687 0.167071 0.983687  0.299661 0.696729 1 0 1.000000
0  33.395592 -59.108047 42.605114  0.085826 -0.013005 0.996225  0.309769 0.702689 1 0 1.000000
0  30.907162 -59.669926 42.499535  -0.057930 0.163866 0.984780  0.298994 0.700305 1 0 1.000000
skin_0dam
0  33.428627 -92.348267 41.291088  0.068698 -0.070961 0.995111  0.309912 0.559794 1 0 1.000000
0  33.494690 -92.354988 41.214306  0.980724 -0.006588 -0.195288  0.310198 0.559794 1 0 1.000000
0  33.615807 -85.334381 41.616940  0.972886 0.001910 -0.231279  0.310723 0.589927 1 0 1.000000
skin_0dam
0  33.549740 -85.326706 41.704693  0.043816 -0.045250 0.998014  0.310437 0.589927 1 0 1.000000
0  33.428627 -92.348267 41.291088  0.068698 -0.070961 0.995111  0.309912 0.559794 1 0 1.000000
0  33.615807 -85.334381 41.616940  0.972886 0.001910 -0.231279  0.310723 0.589927 1 0 1.000000
skin_0dam
0  33.549740 -85.326706 41.704693  0.043816 -0.045250 0.998014  0.310437 0.589927 1 0 1.000000
0  33.615807 -85.334381 41.616940  0.972886 0.001910 -0.231279  0.310723 0.589927 1 0 1.000000
0  33.681870 -70.750099 42.186798  0.968331 0.007231 -0.249566  0.311009 0.652625 1 0 1.000000
skin_0dam
0  33.615807 -70.751465 42.297447  0.027679 -0.036103 0.998965  0.310723 0.652578 1 0 1.000000
0  33.549740 -85.326706 41.704693  0.043816 -0.045250 0.998014  0.310437 0.589927 1 0 1.000000
0  33.681870 -70.750099 42.186798  0.968331 0.007231 -0.249566  0.311009 0.652625 1 0 1.000000
skin_0dam
0  33.615807 -70.751465 42.297447  0.027679 -0.036103 0.998965  0.310723 0.652578 1 0 1.000000
0  33.681870 -70.750099 42.186798  0.968331 0.007231 -0.249566  0.311009 0.652625 1 0 1.000000
0  33.593784 -61.798977 42.420536  0.964964 0.028621 -0.260817  0.310628 0.691150 1 0 1.000000
skin_0dam
0  33.527718 -61.810356 42.543110  0.086247 -0.013540 0.996182  0.310341 0.691055 1 0 1.000000
0  33.615807 -70.751465 42.297447  0.027679 -0.036103 0.998965  0.310723 0.652578 1 0 1.000000
0  33.593784 -61.798977 42.420536  0.964964 0.028621 -0.260817  0.310628 0.691150 1 0 1.000000
skin_0dam
0  33.527718 -61.810356 42.543110  0.086247 -0.013540 0.996182  0.310341 0.691055 1 0 1.000000
0  33.593784 -61.798977 42.420536  0.964964 0.028621 -0.260817  0.310628 0.691150 1 0 1.000000
0  33.505699 -59.129570 42.485420  0.965743 0.039286 -0.256511  0.310246 0.702641 1 0 1.000000
skin_0dam
0  33.395592 -59.108047 42.605114  0.085826 -0.013005 0.996225  0.309769 0.702689 1 0 1.000000
0  33.527718 -61.810356 42.543110  0.086247 -0.013540 0.996182  0.310341 0.691055 1 0 1.000000
0  33.505699 -59.129570 42.485420  0.965743 0.039286 -0.256511  0.310246 0.702641 1 0 1.000000
skin_0dam
0  33.395592 -59.108047 42.605114  0.085826 -0.013005 0.996225  0.309769 0.702689 1 0 1.000000
0  33.505699 -59.129570 42.485420  0.965743 0.039286 -0.256511  0.310246 0.702641 1 0 1.000000
0  33.439632 -59.029896 42.487751  0.599791 0.756956 -0.259363  0.309960 0.703070 1 0 1.000000
skin_0dam
0  33.395592 -59.108047 42.605114  0.085826 -0.013005 0.996225  0.309769 0.702689 1 0 1.000000
0  33.439632 -59.029896 42.487751  0.599791 0.756956 -0.259363  0.309960 0.703070 1 0 1.000000
0  33.329525 -58.985058 42.494881  -0.224569 0.932930 -0.281445  0.309483 0.703261 1 0 1.000000
skin_0dam
0  33.395592 -59.108047 42.605114  0.085826 -0.013005 0.996225  0.309769 0.702689 1 0 1.000000
0  33.329525 -58.985058 42.494881  -0.224569 0.932930 -0.281445  0.309483 0.703261 1 0 1.000000
0  30.907162 -59.669926 42.499535  -0.057930 0.163866 0.984780  0.298994 0.700305 1 0 1.000000
skin_0dam
0  33.329525 -58.985058 42.494881  -0.224569 0.932930 -0.281445  0.309483 0.703261 1 0 1.000000
0  30.907162 -59.603695 42.372158  -0.203838 0.936770 -0.284452  0.298994 0.700639 1 0 1.000000
0  30.907162 -59.669926 42.499535  -0.057930 0.163866 0.984780  0.298994 0.700305 1 0 1.000000
skin_0dam
0  30.907162 -59.669926 42.499535  -0.057930 0.163866 0.984780  0.298994 0.700305 1 0 1.000000
0  30.907162 -59.603695 42.372158  -0.203838 0.936770 -0.284452  0.298994 0.700639 1 0 1.000000
0  28.903208 -60.026272 42.342815  -0.189205 0.952122 -0.240137  0.290316 0.698827 1 0 1.000000
skin_0dam
0  28.903208 -60.092495 42.470188  -0.046873 0.164710 0.985228  0.290316 0.698493 1 0 1.000000
0  30.907162 -59.669926 42.499535  -0.057930 0.163866 0.984780  0.298994 0.700305 1 0 1.000000
0  28.903208 -60.026272 42.342815  -0.189205 0.952122 -0.240137  0.290316 0.698827 1 0 1.000000
skin_0dam
0  31.061314 -60.482029 42.692165  -0.066687 0.167071 0.983687  0.299661 0.696729 1 0 1.000000
0  30.907162 -59.669926 42.499535  -0.057930 0.163866 0.984780  0.298994 0.700305 1 0 1.000000
0  28.903208 -60.092495 42.470188  -0.046873 0.164710 0.985228  0.290316 0.698493 1 0 1.000000
skin_0dam
0  28.638950 -61.586040 42.832966  -0.065874 0.347125 0.935502  0.289172 0.691913 1 0 1.000000
0  31.061314 -60.482029 42.692165  -0.066687 0.167071 0.983687  0.299661 0.696729 1 0 1.000000
0  28.903208 -60.092495 42.470188  -0.046873 0.164710 0.985228  0.290316 0.698493 1 0 1.000000
skin_0dam
0  33.615807 -70.751465 42.297447  0.027679 -0.036103 0.998965  0.310723 0.652578 1 0 1.000000
0  31.578817 -69.135071 42.454456  0.037390 -0.031036 0.998819  0.301902 0.659491 1 0 1.000000
0  29.464758 -86.960106 41.858650  0.052740 -0.064535 0.996521  0.292748 0.582823 1 0 1.000000
skin_0dam
0  29.464758 -86.960106 41.858650  0.052740 -0.064535 0.996521  0.292748 0.582823 1 0 1.000000
0  33.549740 -85.326706 41.704693  0.043816 -0.045250 0.998014  0.310437 0.589927 1 0 1.000000
0  33.615807 -70.751465 42.297447  0.027679 -0.036103 0.998965  0.310723 0.652578 1 0 1.000000
skin_0dam
0  33.428627 -92.348267 41.291088  0.068698 -0.070961 0.995111  0.309912 0.559794 1 0 1.000000
0  33.549740 -85.326706 41.704693  0.043816 -0.045250 0.998014  0.310437 0.589927 1 0 1.000000
0  29.464758 -86.960106 41.858650  0.052740 -0.064535 0.996521  0.292748 0.582823 1 0 1.000000
skin_0dam
0  33.384579 -62.717476 42.534050  0.085385 -0.012613 0.996268  0.309722 0.687145 1 0 1.000000
0  31.061314 -60.482029 42.692165  0.073083 -0.001374 0.997325  0.299661 0.696729 1 0 1.000000
0  32.019249 -64.177299 42.650719  0.077801 -0.004791 0.996957  0.303809 0.680804 1 0 1.000000
skin_0dam
0  33.384579 -62.717476 42.534050  0.085385 -0.012613 0.996268  0.309722 0.687145 1 0 1.000000
0  33.527718 -61.810356 42.543110  0.086247 -0.013540 0.996182  0.310341 0.691055 1 0 1.000000
0  31.061314 -60.482029 42.692165  0.073083 -0.001374 0.997325  0.299661 0.696729 1 0 1.000000
skin_0dam
0  33.527718 -61.810356 42.543110  0.086247 -0.013540 0.996182  0.310341 0.691055 1 0 1.000000
0  33.384579 -62.717476 42.534050  0.085385 -0.012613 0.996268  0.309722 0.687145 1 0 1.000000
0  33.384579 -64.811707 42.474110  0.063284 -0.025941 0.997658  0.309722 0.678134 1 0 1.000000
skin_0dam
0  33.615807 -70.751465 42.297447  0.027679 -0.036103 0.998965  0.310723 0.652578 1 0 1.000000
0  33.527718 -61.810356 42.543110  0.086247 -0.013540 0.996182  0.310341 0.691055 1 0 1.000000
0  33.384579 -64.811707 42.474110  0.063284 -0.025941 0.997658  0.309722 0.678134 1 0 1.000000
skin_0dam
0  33.615807 -70.751465 42.297447  0.027679 -0.036103 0.998965  0.310723 0.652578 1 0 1.000000
0  33.384579 -64.811707 42.474110  0.063284 -0.025941 0.997658  0.309722 0.678134 1 0 1.000000
0  32.305527 -66.124680 42.500557  0.041512 -0.029049 0.998716  0.305049 0.672460 1 0 1.000000
skin_0dam
0  33.615807 -70.751465 42.297447  0.027679 -0.036103 0.998965  0.310723 0.652578 1 0 1.000000
0  32.305527 -66.124680 42.500557  0.041512 -0.029049 0.998716  0.305049 0.672460 1 0 1.000000
0  31.578817 -69.135071 42.454456  0.037390 -0.031036 0.998819  0.301902 0.659491 1 0 1.000000
skin_0dam
0  30.510777 -67.415581 42.779289  0.250663 -0.065544 0.965853  0.297277 0.666786 1 0 1.000000
0  31.578817 -69.135071 42.454456  0.037390 -0.031036 0.998819  0.301902 0.659491 1 0 1.000000
0  32.305527 -66.124680 42.500557  0.041512 -0.029049 0.998716  0.305049 0.672460 1 0 1.000000
skin_0dam
0  31.578817 -69.135071 42.454456  0.037390 -0.031036 0.998819  0.301902 0.659491 1 0 1.000000
0  30.510777 -67.415581 42.779289  0.250663 -0.065544 0.965853  0.297277 0.666786 1 0 1.000000
0  27.438780 -87.774826 42.526779  0.482724 -0.096917 0.870393  0.283975 0.579056 1 0 1.000000
skin_0dam
0  27.438780 -87.774826 42.526779  0.482724 -0.096917 0.870393  0.283975 0.579056 1 0 1.000000
0  29.464758 -86.960106 41.858650  0.052740 -0.064535 0.996521  0.292748 0.582823 1 0 1.000000
0  31.578817 -69.135071 42.454456  0.037390 -0.031036 0.998819  0.301902 0.659491 1 0 1.000000
skin_0dam
0  28.176500 -97.716141 41.208073  0.065107 -0.088026 0.993988  0.287169 0.536669 1 0 1.000000
0  29.464758 -86.960106 41.858650  0.052740 -0.064535 0.996521  0.292748 0.582823 1 0 1.000000
0  27.438780 -87.774826 42.526779  0.482724 -0.096917 0.870393  0.283975 0.579056 1 0 1.000000
skin_0dam
0  29.464758 -86.960106 41.858650  0.052740 -0.064535 0.996521  0.292748 0.582823 1 0 1.000000
0  28.176500 -97.716141 41.208073  0.065107 -0.088026 0.993988  0.287169 0.536669 1 0 1.000000
0  33.428627 -92.348267 41.291088  0.068698 -0.070961 0.995111  0.309912 0.559794 1 0 1.000000
skin_0dam
0  33.318520 -96.751015 40.869423  0.114689 -0.105493 0.987784  0.309435 0.540960 1 0 1.000000
0  33.428627 -92.348267 41.291088  0.068698 -0.070961 0.995111  0.309912 0.559794 1 0 1.000000
0  28.176500 -97.716141 41.208073  0.065107 -0.088026 0.993988  0.287169 0.536669 1 0 1.000000
skin_0dam
0  33.428627 -92.348267 41.291088  0.068698 -0.070961 0.995111  0.309912 0.559794 1 0 1.000000
0  33.318520 -96.751015 40.869423  0.114689 -0.105493 0.987784  0.309435 0.540960 1 0 1.000000
0  33.494690 -92.354988 41.214306  0.980724 -0.006588 -0.195288  0.310198 0.559794 1 0 1.000000
skin_0dam
0  33.318520 -96.751015 40.869423  0.114689 -0.105493 0.987784  0.309435 0.540960 1 0 1.000000
0  33.395596 -96.757736 40.792641  0.982276 -0.006080 -0.187343  0.309769 0.540960 1 0 1.000000
0  33.494690 -92.354988 41.214306  0.980724 -0.006588 -0.195288  0.310198 0.559794 1 0 1.000000
skin_0dam
0  33.395596 -96.757736 40.792641  0.982276 -0.006080 -0.187343  0.309769 0.540960 1 0 1.000000
0  33.318520 -96.751015 40.869423  0.114689 -0.105493 0.987784  0.309435 0.540960 1 0 1.000000
0  33.219421 -99.483612 40.334797  0.374325 -0.404052 0.834639  0.309006 0.529374 1 0 1.000000
skin_0dam
0  33.219421 -99.483612 40.334797  0.374325 -0.404052 0.834639  0.309006 0.529374 1 0 1.000000
0  33.296497 -99.467438 40.267067  0.985331 -0.002318 -0.170636  0.309340 0.529469 1 0 1.000000
0  33.395596 -96.757736 40.792641  0.982276 -0.006080 -0.187343  0.309769 0.540960 1 0 1.000000
skin_0dam
0  32.790005 -103.393425 37.714714  0.967820 0.053567 -0.245874  0.307147 0.513497 1 0 1.000000
0  33.296497 -99.467438 40.267067  0.985331 -0.002318 -0.170636  0.309340 0.529469 1 0 1.000000
0  33.219421 -99.483612 40.334797  0.374325 -0.404052 0.834639  0.309006 0.529374 1 0 1.000000
skin_0dam
0  32.723938 -103.456360 37.753376  0.519759 -0.562666 0.642851  0.306861 0.513211 1 0 1.000000
0  32.790005 -103.393425 37.714714  0.967820 0.053567 -0.245874  0.307147 0.513497 1 0 1.000000
0  33.219421 -99.483612 40.334797  0.374325 -0.404052 0.834639  0.309006 0.529374 1 0 1.000000
skin_0dam
0  31.160410 -65.585152 42.729675  0.211081 -0.077665 0.974378  0.300090 0.674701 1 0 1.000000
0  30.510777 -67.415581 42.779289  0.250663 -0.065544 0.965853  0.297277 0.666786 1 0 1.000000
0  32.305527 -66.124680 42.500557  0.041512 -0.029049 0.998716  0.305049 0.672460 1 0 1.000000
skin_0dam
0  32.019249 -64.177299 42.650719  0.109785 -0.053879 0.992494  0.303809 0.680804 1 0 1.000000
0  31.160410 -65.585152 42.729675  0.211081 -0.077665 0.974378  0.300090 0.674701 1 0 1.000000
0  32.305527 -66.124680 42.500557  0.041512 -0.029049 0.998716  0.305049 0.672460 1 0 1.000000
skin_0dam
0  33.384579 -64.811707 42.474110  0.063284 -0.025941 0.997658  0.309722 0.678134 1 0 1.000000
0  32.019249 -64.177299 42.650719  0.109785 -0.053879 0.992494  0.303809 0.680804 1 0 1.000000
0  32.305527 -66.124680 42.500557  0.041512 -0.029049 0.998716  0.305049 0.672460 1 0 1.000000
skin_0dam
0  33.384579 -64.811707 42.474110  0.063284 -0.025941 0.997658  0.309722 0.678134 1 0 1.000000
0  33.384579 -62.717476 42.534050  0.085385 -0.012613 0.996268  0.309722 0.687145 1 0 1.000000
0  32.019249 -64.177299 42.650719  0.109785 -0.053879 0.992494  0.303809 0.680804 1 0 1.000000
skin_0dam
0  32.723938 -103.456360 37.753376  0.519759 -0.562666 0.642851  0.306861 0.513211 1 0 1.000000
0  33.219421 -99.483612 40.334797  0.374325 -0.404052 0.834639  0.309006 0.529374 1 0 1.000000
0  27.273621 -104.959801 40.150734  0.320597 -0.454670 0.830959  0.283260 0.505821 1 0 1.000000
skin_0dam
0  27.273621 -104.959801 40.150734  0.320597 -0.454670 0.830959  0.283260 0.505821 1 0 1.000000
0  26.590956 -108.403160 37.556156  0.398592 -0.674396 0.621542  0.280303 0.491946 1 0 1.000000
0  32.723938 -103.456360 37.753376  0.519759 -0.562666 0.642851  0.306861 0.513211 1 0 1.000000
skin_0dam
0  26.590956 -108.403160 37.556156  0.398592 -0.674396 0.621542  0.280303 0.491946 1 0 1.000000
0  27.273621 -104.959801 40.150734  0.320597 -0.454670 0.830959  0.283260 0.505821 1 0 1.000000
0  24.487904 -106.774872 40.375851  0.418891 -0.499431 0.758353  0.271197 0.497906 1 0 1.000000
skin_0dam
0  24.487904 -106.774872 40.375851  0.418891 -0.499431 0.758353  0.271197 0.497906 1 0 1.000000
0  23.232679 -110.277054 37.487995  0.391189 -0.684806 0.614826  0.265761 0.483888 1 0 1.000000
0  26.590956 -108.403160 37.556156  0.398592 -0.674396 0.621542  0.280303 0.491946 1 0 1.000000
skin_0dam
0  27.438780 -87.774826 42.526779  0.482724 -0.096917 0.870393  0.283975 0.579056 1 0 1.000000
0  25.655041 -99.953102 41.790630  0.458591 -0.154812 0.875059  0.276251 0.526799 1 0 1.000000
0  28.176500 -97.716141 41.208073  0.065107 -0.088026 0.993988  0.287169 0.536669 1 0 1.000000
skin_0dam
0  27.625963 -102.125603 40.709629  0.114529 -0.105775 0.987773  0.284785 0.517836 1 0 1.000000
0  28.176500 -97.716141 41.208073  0.065107 -0.088026 0.993988  0.287169 0.536669 1 0 1.000000
0  25.655041 -99.953102 41.790630  0.458591 -0.154812 0.875059  0.276251 0.526799 1 0 1.000000
skin_0dam
0  24.983387 -104.196663 41.167145  0.423346 -0.286168 0.859585  0.273342 0.508729 1 0 1.000000
0  27.625963 -102.125603 40.709629  0.114529 -0.105775 0.987773  0.284785 0.517836 1 0 1.000000
0  25.655041 -99.953102 41.790630  0.458591 -0.154812 0.875059  0.276251 0.526799 1 0 1.000000
skin_0dam
0  24.487904 -106.774872 40.375851  0.418891 -0.499431 0.758353  0.271197 0.497906 1 0 1.000000
0  27.625963 -102.125603 40.709629  0.114529 -0.105775 0.987773  0.284785 0.517836 1 0 1.000000
0  24.983387 -104.196663 41.167145  0.423346 -0.286168 0.859585  0.273342 0.508729 1 0 1.000000
skin_0dam
0  27.273621 -104.959801 40.150734  0.320597 -0.454670 0.830959  0.283260 0.505821 1 0 1.000000
0  27.625963 -102.125603 40.709629  0.114529 -0.105775 0.987773  0.284785 0.517836 1 0 1.000000
0  24.487904 -106.774872 40.375851  0.418891 -0.499431 0.758353  0.271197 0.497906 1 0 1.000000
skin_0dam
0  27.625963 -102.125603 40.709629  0.114529 -0.105775 0.987773  0.284785 0.517836 1 0 1.000000
0  27.273621 -104.959801 40.150734  0.320597 -0.454670 0.830959  0.283260 0.505821 1 0 1.000000
0  33.219421 -99.483612 40.334797  0.374325 -0.404052 0.834639  0.309006 0.529374 1 0 1.000000
skin_0dam
0  33.219421 -99.483612 40.334797  0.374325 -0.404052 0.834639  0.309006 0.529374 1 0 1.000000
0  33.318520 -96.751015 40.869423  0.114689 -0.105493 0.987784  0.309435 0.540960 1 0 1.000000
0  27.625963 -102.125603 40.709629  0.114529 -0.105775 0.987773  0.284785 0.517836 1 0 1.000000
skin_0dam
0  28.176500 -97.716141 41.208073  0.065107 -0.088026 0.993988  0.287169 0.536669 1 0 1.000000
0  27.625963 -102.125603 40.709629  0.114529 -0.105775 0.987773  0.284785 0.517836 1 0 1.000000
0  33.318520 -96.751015 40.869423  0.114689 -0.105493 0.987784  0.309435 0.540960 1 0 1.000000
skin_0dam
0  32.635853 -103.932259 36.988159  0.885858 0.282254 -0.368224  0.306479 0.511447 1 0 1.000000
0  32.790005 -103.393425 37.714714  0.908882 0.232465 -0.346256  0.307147 0.513497 1 0 1.000000
0  32.723938 -103.456360 37.753376  0.604523 -0.689340 0.399202  0.306861 0.513211 1 0 1.000000
skin_0dam
0  32.723938 -103.456360 37.753376  0.604523 -0.689340 0.399202  0.306861 0.513211 1 0 1.000000
0  32.602821 -104.004250 37.049721  0.616649 -0.704935 0.350444  0.306336 0.511113 1 0 1.000000
0  32.635853 -103.932259 36.988159  0.885858 0.282254 -0.368224  0.306479 0.511447 1 0 1.000000
skin_0dam
0  32.602821 -104.004250 37.049721  0.616649 -0.704935 0.350444  0.306336 0.511113 1 0 1.000000
0  32.591808 -104.005760 36.906166  0.621179 -0.185601 -0.761373  0.306289 0.511161 1 0 1.000000
0  32.635853 -103.932259 36.988159  0.885858 0.282254 -0.368224  0.306479 0.511447 1 0 1.000000
skin_0dam
0  32.591808 -104.005760 36.906166  0.621179 -0.185601 -0.761373  0.306289 0.511161 1 0 1.000000
0  32.602821 -104.004250 37.049721  0.616649 -0.704935 0.350444  0.306336 0.511113 1 0 1.000000
0  32.393616 -104.230347 36.992130  0.616236 -0.705422 0.350189  0.305430 0.510159 1 0 1.000000
skin_0dam
0  32.393616 -104.230347 36.992130  0.616236 -0.705422 0.350189  0.305430 0.510159 1 0 1.000000
0  32.404629 -104.155067 36.841858  0.340170 -0.353207 -0.871510  0.305478 0.510541 1 0 1.000000
0  32.591808 -104.005760 36.906166  0.621179 -0.185601 -0.761373  0.306289 0.511161 1 0 1.000000
skin_0dam
0  26.756117 -108.613487 36.668224  0.260056 -0.391506 -0.882663  0.281019 0.491374 1 0 1.000000
0  32.404629 -104.155067 36.841858  0.340170 -0.353207 -0.871510  0.305478 0.510541 1 0 1.000000
0  32.393616 -104.230347 36.992130  0.616236 -0.705422 0.350189  0.305430 0.510159 1 0 1.000000
skin_0dam
0  32.393616 -104.230347 36.992130  0.616236 -0.705422 0.350189  0.305430 0.510159 1 0 1.000000
0  26.778137 -108.667778 36.805611  0.485334 -0.807818 0.334487  0.281114 0.491088 1 0 1.000000
0  26.756117 -108.613487 36.668224  0.260056 -0.391506 -0.882663  0.281019 0.491374 1 0 1.000000
skin_0dam
0  23.298742 -110.544136 36.582924  0.228570 -0.422617 -0.877012  0.266047 0.483077 1 0 1.000000
0  26.756117 -108.613487 36.668224  0.260056 -0.391506 -0.882663  0.281019 0.491374 1 0 1.000000
0  26.778137 -108.667778 36.805611  0.485334 -0.807818 0.334487  0.281114 0.491088 1 0 1.000000
skin_0dam
0  26.778137 -108.667778 36.805611  0.485334 -0.807818 0.334487  0.281114 0.491088 1 0 1.000000
0  23.320765 -110.597473 36.731277  0.408926 -0.846955 0.339773  0.266143 0.482791 1 0 1.000000
0  23.298742 -110.544136 36.582924  0.228570 -0.422617 -0.877012  0.266047 0.483077 1 0 1.000000
skin_0dam
0  23.320765 -110.597473 36.731277  0.408926 -0.846955 0.339773  0.266143 0.482791 1 0 1.000000
0  26.778137 -108.667778 36.805611  0.485334 -0.807818 0.334487  0.281114 0.491088 1 0 1.000000
0  23.232679 -110.277054 37.487995  0.400675 -0.824974 0.398595  0.265761 0.483888 1 0 1.000000
skin_0dam
0  26.778137 -108.667778 36.805611  0.485334 -0.807818 0.334487  0.281114 0.491088 1 0 1.000000
0  26.590956 -108.403160 37.556156  0.527666 -0.752254 0.394566  0.280303 0.491946 1 0 1.000000
0  23.232679 -110.277054 37.487995  0.400675 -0.824974 0.398595  0.265761 0.483888 1 0 1.000000
skin_0dam
0  32.393616 -104.230347 36.992130  0.616236 -0.705422 0.350189  0.305430 0.510159 1 0 1.000000
0  26.590956 -108.403160 37.556156  0.527666 -0.752254 0.394566  0.280303 0.491946 1 0 1.000000
0  26.778137 -108.667778 36.805611  0.485334 -0.807818 0.334487  0.281114 0.491088 1 0 1.000000
skin_0dam
0  32.602821 -104.004250 37.049721  0.616649 -0.704935 0.350444  0.306336 0.511113 1 0 1.000000
0  26.590956 -108.403160 37.556156  0.527666 -0.752254 0.394566  0.280303 0.491946 1 0 1.000000
0  32.393616 -104.230347 36.992130  0.616236 -0.705422 0.350189  0.305430 0.510159 1 0 1.000000
skin_0dam
0  32.723938 -103.456360 37.753376  0.604523 -0.689340 0.399202  0.306861 0.513211 1 0 1.000000
0  26.590956 -108.403160 37.556156  0.527666 -0.752254 0.394566  0.280303 0.491946 1 0 1.000000
0  32.602821 -104.004250 37.049721  0.616649 -0.704935 0.350444  0.306336 0.511113 1 0 1.000000
skin_0dam
0  -26.590933 -108.403160 37.556164  -0.398589 -0.674396 0.621544  0.050012 0.491946 1 0 1.000000
0  -23.232656 -110.277054 37.487995  -0.391187 -0.684806 0.614828  0.064554 0.483888 1 0 1.000000
0  -24.487881 -106.774872 40.375851  -0.418906 -0.499439 0.758340  0.059119 0.497906 1 0 1.000000
skin_0dam
0  -33.494667 -92.354988 41.214314  -0.980705 -0.006424 -0.195390  0.020117 0.559794 1 0 1.000000
0  -33.395573 -96.757729 40.792648  -0.982274 -0.006068 -0.187354  0.020546 0.540960 1 0 1.000000
0  -33.318497 -96.751015 40.869431  -0.114709 -0.105377 0.987794  0.020880 0.540960 1 0 1.000000
skin_0dam
0  -33.219398 -99.483612 40.334805  -0.374323 -0.404052 0.834640  0.021309 0.529374 1 0 1.000000
0  -33.318497 -96.751015 40.869431  -0.114709 -0.105377 0.987794  0.020880 0.540960 1 0 1.000000
0  -33.395573 -96.757729 40.792648  -0.982274 -0.006068 -0.187354  0.020546 0.540960 1 0 1.000000
skin_0dam
0  -33.395573 -96.757729 40.792648  -0.982274 -0.006068 -0.187354  0.020546 0.540960 1 0 1.000000
0  -33.296474 -99.467438 40.267075  -0.985355 -0.002259 -0.170498  0.020975 0.529469 1 0 1.000000
0  -33.219398 -99.483612 40.334805  -0.374323 -0.404052 0.834640  0.021309 0.529374 1 0 1.000000
skin_0dam
0  -33.219398 -99.483612 40.334805  -0.374323 -0.404052 0.834640  0.021309 0.529374 1 0 1.000000
0  -33.296474 -99.467438 40.267075  -0.985355 -0.002259 -0.170498  0.020975 0.529469 1 0 1.000000
0  -32.789982 -103.393425 37.714722  -0.967827 0.053627 -0.245834  0.023168 0.513497 1 0 1.000000
skin_0dam
0  -32.723915 -103.456360 37.753384  -0.519656 -0.562669 0.642932  0.023455 0.513211 1 0 1.000000
0  -33.219398 -99.483612 40.334805  -0.374323 -0.404052 0.834640  0.021309 0.529374 1 0 1.000000
0  -32.789982 -103.393425 37.714722  -0.967827 0.053627 -0.245834  0.023168 0.513497 1 0 1.000000
skin_0dam
0  -27.273598 -104.959801 40.150742  -0.320598 -0.454672 0.830957  0.047056 0.505821 1 0 1.000000
0  -33.219398 -99.483612 40.334805  -0.374323 -0.404052 0.834640  0.021309 0.529374 1 0 1.000000
0  -32.723915 -103.456360 37.753384  -0.519656 -0.562669 0.642932  0.023455 0.513211 1 0 1.000000
skin_0dam
0  -32.723915 -103.456360 37.753384  -0.519656 -0.562669 0.642932  0.023455 0.513211 1 0 1.000000
0  -26.590933 -108.403160 37.556164  -0.398589 -0.674396 0.621544  0.050012 0.491946 1 0 1.000000
0  -27.273598 -104.959801 40.150742  -0.320598 -0.454672 0.830957  0.047056 0.505821 1 0 1.000000
skin_0dam
0  -24.487881 -106.774872 40.375851  -0.418906 -0.499439 0.758340  0.059119 0.497906 1 0 1.000000
0  -27.273598 -104.959801 40.150742  -0.320598 -0.454672 0.830957  0.047056 0.505821 1 0 1.000000
0  -26.590933 -108.403160 37.556164  -0.398589 -0.674396 0.621544  0.050012 0.491946 1 0 1.000000
skin_0dam
0  -27.273598 -104.959801 40.150742  -0.320598 -0.454672 0.830957  0.047056 0.505821 1 0 1.000000
0  -24.487881 -106.774872 40.375851  -0.418906 -0.499439 0.758340  0.059119 0.497906 1 0 1.000000
0  -27.625944 -102.125603 40.709637  -0.114528 -0.105699 0.987781  0.045530 0.517836 1 0 1.000000
skin_0dam
0  -27.625944 -102.125603 40.709637  -0.114528 -0.105699 0.987781  0.045530 0.517836 1 0 1.000000
0  -24.487881 -106.774872 40.375851  -0.418906 -0.499439 0.758340  0.059119 0.497906 1 0 1.000000
0  -24.983364 -104.196663 41.167145  -0.423296 -0.286169 0.859609  0.056973 0.508729 1 0 1.000000
skin_0dam
0  -24.983364 -104.196663 41.167145  -0.423296 -0.286169 0.859609  0.056973 0.508729 1 0 1.000000
0  -25.655022 -99.953102 41.790638  -0.458591 -0.154813 0.875058  0.054065 0.526799 1 0 1.000000
0  -27.625944 -102.125603 40.709637  -0.114528 -0.105699 0.987781  0.045530 0.517836 1 0 1.000000
skin_0dam
0  -25.655022 -99.953102 41.790638  -0.458591 -0.154813 0.875058  0.054065 0.526799 1 0 1.000000
0  -28.176481 -97.716141 41.208080  -0.065110 -0.088021 0.993988  0.043146 0.536669 1 0 1.000000
0  -27.625944 -102.125603 40.709637  -0.114528 -0.105699 0.987781  0.045530 0.517836 1 0 1.000000
skin_0dam
0  -28.176481 -97.716141 41.208080  -0.065110 -0.088021 0.993988  0.043146 0.536669 1 0 1.000000
0  -25.655022 -99.953102 41.790638  -0.458591 -0.154813 0.875058  0.054065 0.526799 1 0 1.000000
0  -27.438761 -87.774826 42.526787  -0.482726 -0.096918 0.870392  0.046341 0.579056 1 0 1.000000
skin_0dam
0  -27.438761 -87.774826 42.526787  -0.482726 -0.096918 0.870392  0.046341 0.579056 1 0 1.000000
0  -29.464739 -86.960106 41.858658  -0.052738 -0.064604 0.996516  0.037568 0.582823 1 0 1.000000
0  -28.176481 -97.716141 41.208080  -0.065110 -0.088021 0.993988  0.043146 0.536669 1 0 1.000000
skin_0dam
0  -33.428604 -92.348267 41.291096  -0.068685 -0.071020 0.995107  0.020403 0.559794 1 0 1.000000
0  -28.176481 -97.716141 41.208080  -0.065110 -0.088021 0.993988  0.043146 0.536669 1 0 1.000000
0  -29.464739 -86.960106 41.858658  -0.052738 -0.064604 0.996516  0.037568 0.582823 1 0 1.000000
skin_0dam
0  -29.464739 -86.960106 41.858658  -0.052738 -0.064604 0.996516  0.037568 0.582823 1 0 1.000000
0  -33.549725 -85.326706 41.704700  -0.043719 -0.045248 0.998019  0.019879 0.589927 1 0 1.000000
0  -33.428604 -92.348267 41.291096  -0.068685 -0.071020 0.995107  0.020403 0.559794 1 0 1.000000
skin_0dam
0  -33.549725 -85.326706 41.704700  -0.043719 -0.045248 0.998019  0.019879 0.589927 1 0 1.000000
0  -33.615791 -85.334381 41.616947  -0.972882 0.001921 -0.231296  0.019592 0.589927 1 0 1.000000
0  -33.428604 -92.348267 41.291096  -0.068685 -0.071020 0.995107  0.020403 0.559794 1 0 1.000000
skin_0dam
0  -33.681854 -70.750092 42.186806  -0.968340 0.007177 -0.249533  0.019306 0.652625 1 0 1.000000
0  -33.615791 -85.334381 41.616947  -0.972882 0.001921 -0.231296  0.019592 0.589927 1 0 1.000000
0  -33.549725 -85.326706 41.704700  -0.043719 -0.045248 0.998019  0.019879 0.589927 1 0 1.000000
skin_0dam
0  -33.615791 -85.334381 41.616947  -0.972882 0.001921 -0.231296  0.019592 0.589927 1 0 1.000000
0  -33.494667 -92.354988 41.214314  -0.980705 -0.006424 -0.195390  0.020117 0.559794 1 0 1.000000
0  -33.428604 -92.348267 41.291096  -0.068685 -0.071020 0.995107  0.020403 0.559794 1 0 1.000000
skin_0dam
0  -33.428604 -92.348267 41.291096  -0.068685 -0.071020 0.995107  0.020403 0.559794 1 0 1.000000
0  -33.494667 -92.354988 41.214314  -0.980705 -0.006424 -0.195390  0.020117 0.559794 1 0 1.000000
0  -33.318497 -96.751015 40.869431  -0.114709 -0.105377 0.987794  0.020880 0.540960 1 0 1.000000
skin_0dam
0  -28.176481 -97.716141 41.208080  -0.065110 -0.088021 0.993988  0.043146 0.536669 1 0 1.000000
0  -33.428604 -92.348267 41.291096  -0.068685 -0.071020 0.995107  0.020403 0.559794 1 0 1.000000
0  -33.318497 -96.751015 40.869431  -0.114709 -0.105377 0.987794  0.020880 0.540960 1 0 1.000000
skin_0dam
0  -33.318497 -96.751015 40.869431  -0.114709 -0.105377 0.987794  0.020880 0.540960 1 0 1.000000
0  -27.625944 -102.125603 40.709637  -0.114528 -0.105699 0.987781  0.045530 0.517836 1 0 1.000000
0  -28.176481 -97.716141 41.208080  -0.065110 -0.088021 0.993988  0.043146 0.536669 1 0 1.000000
skin_0dam
0  -27.625944 -102.125603 40.709637  -0.114528 -0.105699 0.987781  0.045530 0.517836 1 0 1.000000
0  -33.318497 -96.751015 40.869431  -0.114709 -0.105377 0.987794  0.020880 0.540960 1 0 1.000000
0  -33.219398 -99.483612 40.334805  -0.374323 -0.404052 0.834640  0.021309 0.529374 1 0 1.000000
skin_0dam
0  -33.219398 -99.483612 40.334805  -0.374323 -0.404052 0.834640  0.021309 0.529374 1 0 1.000000
0  -27.273598 -104.959801 40.150742  -0.320598 -0.454672 0.830957  0.047056 0.505821 1 0 1.000000
0  -27.625944 -102.125603 40.709637  -0.114528 -0.105699 0.987781  0.045530 0.517836 1 0 1.000000
skin_0dam
0  -20.667154 -74.381332 43.256084  -0.012413 -0.014113 0.999823  0.075663 0.636557 1 0 1.000000
0  -28.638935 -61.586048 42.832977  -0.064464 0.001407 0.997919  0.041144 0.691913 1 0 1.000000
0  -30.510761 -67.415581 42.779297  -0.079690 -0.005922 0.996802  0.033038 0.666786 1 0 1.000000
skin_0dam
0  -30.510761 -67.415581 42.779297  -0.079690 -0.005922 0.996802  0.033038 0.666786 1 0 1.000000
0  -28.638935 -61.586048 42.832977  -0.064464 0.001407 0.997919  0.041144 0.691913 1 0 1.000000
0  -31.160395 -65.585152 42.729683  -0.079068 -0.005424 0.996854  0.030225 0.674701 1 0 1.000000
skin_0dam
0  -31.160395 -65.585152 42.729683  -0.079068 -0.005424 0.996854  0.030225 0.674701 1 0 1.000000
0  -28.638935 -61.586048 42.832977  -0.064464 0.001407 0.997919  0.041144 0.691913 1 0 1.000000
0  -31.061298 -60.482037 42.692173  -0.073085 -0.001377 0.997325  0.030654 0.696729 1 0 1.000000
skin_0dam
0  -31.160395 -65.585152 42.729683  -0.079068 -0.005424 0.996854  0.030225 0.674701 1 0 1.000000
0  -31.061298 -60.482037 42.692173  -0.073085 -0.001377 0.997325  0.030654 0.696729 1 0 1.000000
0  -32.019234 -64.177299 42.650726  -0.077796 -0.004791 0.996958  0.026506 0.680804 1 0 1.000000
skin_0dam
0  -33.384563 -62.717484 42.534061  -0.085453 -0.012634 0.996262  0.020594 0.687145 1 0 1.000000
0  -32.019234 -64.177299 42.650726  -0.077796 -0.004791 0.996958  0.026506 0.680804 1 0 1.000000
0  -31.061298 -60.482037 42.692173  -0.073085 -0.001377 0.997325  0.030654 0.696729 1 0 1.000000
skin_0dam
0  -33.384563 -62.717484 42.534061  -0.085453 -0.012634 0.996262  0.020594 0.687145 1 0 1.000000
0  -31.061298 -60.482037 42.692173  -0.073085 -0.001377 0.997325  0.030654 0.696729 1 0 1.000000
0  -33.527702 -61.810364 42.543118  -0.086208 -0.013472 0.996186  0.019974 0.691055 1 0 1.000000
skin_0dam
0  -33.384563 -64.811707 42.474117  -0.063275 -0.025942 0.997659  0.020594 0.678134 1 0 1.000000
0  -33.384563 -62.717484 42.534061  -0.085453 -0.012634 0.996262  0.020594 0.687145 1 0 1.000000
0  -33.527702 -61.810364 42.543118  -0.086208 -0.013472 0.996186  0.019974 0.691055 1 0 1.000000
skin_0dam
0  -33.615791 -70.751465 42.297455  -0.027663 -0.036025 0.998968  0.019592 0.652578 1 0 1.000000
0  -33.384563 -64.811707 42.474117  -0.063275 -0.025942 0.997659  0.020594 0.678134 1 0 1.000000
0  -33.527702 -61.810364 42.543118  -0.086208 -0.013472 0.996186  0.019974 0.691055 1 0 1.000000
skin_0dam
0  -33.615791 -70.751465 42.297455  -0.027663 -0.036025 0.998968  0.019592 0.652578 1 0 1.000000
0  -32.305511 -66.124680 42.500565  -0.041511 -0.029051 0.998716  0.025266 0.672460 1 0 1.000000
0  -33.384563 -64.811707 42.474117  -0.063275 -0.025942 0.997659  0.020594 0.678134 1 0 1.000000
skin_0dam
0  -33.615791 -70.751465 42.297455  -0.027663 -0.036025 0.998968  0.019592 0.652578 1 0 1.000000
0  -31.578802 -69.135071 42.454464  -0.037391 -0.031031 0.998819  0.028413 0.659491 1 0 1.000000
0  -32.305511 -66.124680 42.500565  -0.041511 -0.029051 0.998716  0.025266 0.672460 1 0 1.000000
skin_0dam
0  -32.305511 -66.124680 42.500565  -0.041511 -0.029051 0.998716  0.025266 0.672460 1 0 1.000000
0  -31.578802 -69.135071 42.454464  -0.037391 -0.031031 0.998819  0.028413 0.659491 1 0 1.000000
0  -30.510761 -67.415581 42.779297  -0.250662 -0.065555 0.965853  0.033038 0.666786 1 0 1.000000
skin_0dam
0  -27.438761 -87.774826 42.526787  -0.482726 -0.096918 0.870392  0.046341 0.579056 1 0 1.000000
0  -30.510761 -67.415581 42.779297  -0.250662 -0.065555 0.965853  0.033038 0.666786 1 0 1.000000
0  -31.578802 -69.135071 42.454464  -0.037391 -0.031031 0.998819  0.028413 0.659491 1 0 1.000000
skin_0dam
0  -31.578802 -69.135071 42.454464  -0.037391 -0.031031 0.998819  0.028413 0.659491 1 0 1.000000
0  -29.464739 -86.960106 41.858658  -0.052738 -0.064604 0.996516  0.037568 0.582823 1 0 1.000000
0  -27.438761 -87.774826 42.526787  -0.482726 -0.096918 0.870392  0.046341 0.579056 1 0 1.000000
skin_0dam
0  -29.464739 -86.960106 41.858658  -0.052738 -0.064604 0.996516  0.037568 0.582823 1 0 1.000000
0  -31.578802 -69.135071 42.454464  -0.037391 -0.031031 0.998819  0.028413 0.659491 1 0 1.000000
0  -33.615791 -70.751465 42.297455  -0.027663 -0.036025 0.998968  0.019592 0.652578 1 0 1.000000
skin_0dam
0  -33.615791 -70.751465 42.297455  -0.027663 -0.036025 0.998968  0.019592 0.652578 1 0 1.000000
0  -33.549725 -85.326706 41.704700  -0.043719 -0.045248 0.998019  0.019879 0.589927 1 0 1.000000
0  -29.464739 -86.960106 41.858658  -0.052738 -0.064604 0.996516  0.037568 0.582823 1 0 1.000000
skin_0dam
0  -33.395576 -59.108051 42.605125  -0.085837 -0.013004 0.996224  0.020546 0.702689 1 0 1.000000
0  -33.527702 -61.810364 42.543118  -0.086208 -0.013472 0.996186  0.019974 0.691055 1 0 1.000000
0  -31.061298 -60.482037 42.692173  -0.073085 -0.001377 0.997325  0.030654 0.696729 1 0 1.000000
skin_0dam
0  -31.160395 -65.585152 42.729683  -0.211084 -0.077660 0.974378  0.030225 0.674701 1 0 1.000000
0  -32.305511 -66.124680 42.500565  -0.041511 -0.029051 0.998716  0.025266 0.672460 1 0 1.000000
0  -30.510761 -67.415581 42.779297  -0.250662 -0.065555 0.965853  0.033038 0.666786 1 0 1.000000
skin_0dam
0  -32.019234 -64.177299 42.650726  -0.109784 -0.053879 0.992494  0.026506 0.680804 1 0 1.000000
0  -32.305511 -66.124680 42.500565  -0.041511 -0.029051 0.998716  0.025266 0.672460 1 0 1.000000
0  -31.160395 -65.585152 42.729683  -0.211084 -0.077660 0.974378  0.030225 0.674701 1 0 1.000000
skin_0dam
0  -33.384563 -64.811707 42.474117  -0.063275 -0.025942 0.997659  0.020594 0.678134 1 0 1.000000
0  -32.305511 -66.124680 42.500565  -0.041511 -0.029051 0.998716  0.025266 0.672460 1 0 1.000000
0  -32.019234 -64.177299 42.650726  -0.109784 -0.053879 0.992494  0.026506 0.680804 1 0 1.000000
skin_0dam
0  -33.384563 -64.811707 42.474117  -0.063275 -0.025942 0.997659  0.020594 0.678134 1 0 1.000000
0  -32.019234 -64.177299 42.650726  -0.109784 -0.053879 0.992494  0.026506 0.680804 1 0 1.000000
0  -33.384563 -62.717484 42.534061  -0.085453 -0.012634 0.996262  0.020594 0.687145 1 0 1.000000
skin_0dam
0  -33.615791 -70.751465 42.297455  -0.027663 -0.036025 0.998968  0.019592 0.652578 1 0 1.000000
0  -33.681854 -70.750092 42.186806  -0.968340 0.007177 -0.249533  0.019306 0.652625 1 0 1.000000
0  -33.549725 -85.326706 41.704700  -0.043719 -0.045248 0.998019  0.019879 0.589927 1 0 1.000000
skin_0dam
0  -33.593769 -61.798981 42.420544  -0.964957 0.028621 -0.260841  0.019688 0.691150 1 0 1.000000
0  -33.681854 -70.750092 42.186806  -0.968340 0.007177 -0.249533  0.019306 0.652625 1 0 1.000000
0  -33.615791 -70.751465 42.297455  -0.027663 -0.036025 0.998968  0.019592 0.652578 1 0 1.000000
skin_0dam
0  -33.527702 -61.810364 42.543118  -0.086208 -0.013472 0.996186  0.019974 0.691055 1 0 1.000000
0  -33.593769 -61.798981 42.420544  -0.964957 0.028621 -0.260841  0.019688 0.691150 1 0 1.000000
0  -33.615791 -70.751465 42.297455  -0.027663 -0.036025 0.998968  0.019592 0.652578 1 0 1.000000
skin_0dam
0  -33.505684 -59.129578 42.485428  -0.965743 0.039259 -0.256514  0.020069 0.702641 1 0 1.000000
0  -33.593769 -61.798981 42.420544  -0.964957 0.028621 -0.260841  0.019688 0.691150 1 0 1.000000
0  -33.527702 -61.810364 42.543118  -0.086208 -0.013472 0.996186  0.019974 0.691055 1 0 1.000000
skin_0dam
0  -33.395576 -59.108051 42.605125  -0.085837 -0.013004 0.996224  0.020546 0.702689 1 0 1.000000
0  -33.505684 -59.129578 42.485428  -0.965743 0.039259 -0.256514  0.020069 0.702641 1 0 1.000000
0  -33.527702 -61.810364 42.543118  -0.086208 -0.013472 0.996186  0.019974 0.691055 1 0 1.000000
skin_0dam
0  -33.395576 -59.108051 42.605125  -0.085837 -0.013004 0.996224  0.020546 0.702689 1 0 1.000000
0  -33.439617 -59.029903 42.487759  -0.599749 0.756974 -0.259406  0.020355 0.703070 1 0 1.000000
0  -33.505684 -59.129578 42.485428  -0.965743 0.039259 -0.256514  0.020069 0.702641 1 0 1.000000
skin_0dam
0  -33.395576 -59.108051 42.605125  -0.085837 -0.013004 0.996224  0.020546 0.702689 1 0 1.000000
0  -33.329510 -58.985065 42.494892  0.224647 0.932884 -0.281533  0.020832 0.703261 1 0 1.000000
0  -33.439617 -59.029903 42.487759  -0.599749 0.756974 -0.259406  0.020355 0.703070 1 0 1.000000
skin_0dam
0  -33.395576 -59.108051 42.605125  -0.085837 -0.013004 0.996224  0.020546 0.702689 1 0 1.000000
0  -30.907146 -59.669933 42.499546  0.057966 0.163854 0.984780  0.031322 0.700305 1 0 1.000000
0  -33.329510 -58.985065 42.494892  0.224647 0.932884 -0.281533  0.020832 0.703261 1 0 1.000000
skin_0dam
0  -30.907146 -59.669933 42.499546  0.057966 0.163854 0.984780  0.031322 0.700305 1 0 1.000000
0  -30.907146 -59.603703 42.372169  0.203823 0.936745 -0.284542  0.031322 0.700639 1 0 1.000000
0  -33.329510 -58.985065 42.494892  0.224647 0.932884 -0.281533  0.020832 0.703261 1 0 1.000000
skin_0dam
0  -28.903193 -60.026279 42.342823  0.189138 0.952142 -0.240109  0.039999 0.698827 1 0 1.000000
0  -30.907146 -59.603703 42.372169  0.203823 0.936745 -0.284542  0.031322 0.700639 1 0 1.000000
0  -30.907146 -59.669933 42.499546  0.057966 0.163854 0.984780  0.031322 0.700305 1 0 1.000000
skin_0dam
0  -28.903193 -60.092503 42.470196  0.046827 0.164703 0.985231  0.039999 0.698493 1 0 1.000000
0  -28.903193 -60.026279 42.342823  0.189138 0.952142 -0.240109  0.039999 0.698827 1 0 1.000000
0  -30.907146 -59.669933 42.499546  0.057966 0.163854 0.984780  0.031322 0.700305 1 0 1.000000
skin_0dam
0  -28.903193 -60.026279 42.342823  0.189138 0.952142 -0.240109  0.039999 0.698827 1 0 1.000000
0  -28.903193 -60.092503 42.470196  0.046827 0.164703 0.985231  0.039999 0.698493 1 0 1.000000
0  -22.131586 -61.181293 42.532291  0.142379 0.964028 -0.224452  0.069322 0.693773 1 0 1.000000
skin_0dam
0  -28.903193 -60.092503 42.470196  0.046827 0.164703 0.985231  0.039999 0.698493 1 0 1.000000
0  -22.131586 -61.249439 42.637730  -0.006700 0.171540 0.985154  0.069322 0.693439 1 0 1.000000
0  -22.131586 -61.181293 42.532291  0.142379 0.964028 -0.224452  0.069322 0.693773 1 0 1.000000
skin_0dam
0  -18.332878 -61.647198 42.639366  0.112122 0.967477 -0.226754  0.085771 0.691723 1 0 1.000000
0  -22.131586 -61.181293 42.532291  0.142379 0.964028 -0.224452  0.069322 0.693773 1 0 1.000000
0  -22.131586 -61.249439 42.637730  -0.006700 0.171540 0.985154  0.069322 0.693439 1 0 1.000000
skin_0dam
0  -18.332878 -61.725353 42.756733  -0.006815 0.172098 0.985056  0.085771 0.691341 1 0 1.000000
0  -18.332878 -61.647198 42.639366  0.112122 0.967477 -0.226754  0.085771 0.691723 1 0 1.000000
0  -22.131586 -61.249439 42.637730  -0.006700 0.171540 0.985154  0.069322 0.693439 1 0 1.000000
skin_0dam
0  -14.027678 -62.070187 42.731640  0.075464 0.969214 -0.234372  0.104414 0.689863 1 0 1.000000
0  -18.332878 -61.647198 42.639366  0.112122 0.967477 -0.226754  0.085771 0.691723 1 0 1.000000
0  -18.332878 -61.725353 42.756733  -0.006815 0.172098 0.985056  0.085771 0.691341 1 0 1.000000
skin_0dam
0  -14.027678 -62.137371 42.848045  -0.004731 0.173449 0.984832  0.104414 0.689529 1 0 1.000000
0  -14.027678 -62.070187 42.731640  0.075464 0.969214 -0.234372  0.104414 0.689863 1 0 1.000000
0  -18.332878 -61.725353 42.756733  -0.006815 0.172098 0.985056  0.085771 0.691341 1 0 1.000000
skin_0dam
0  0.000008 -62.612873 42.845436  0.000037 0.970776 -0.239987  0.165158 0.687479 1 0 1.000000
0  -14.027678 -62.070187 42.731640  0.075464 0.969214 -0.234372  0.104414 0.689863 1 0 1.000000
0  -14.027678 -62.137371 42.848045  -0.004731 0.173449 0.984832  0.104414 0.689529 1 0 1.000000
skin_0dam
0  -31.061298 -60.482037 42.692173  0.066687 0.167068 0.983688  0.030654 0.696729 1 0 1.000000
0  -30.907146 -59.669933 42.499546  0.057966 0.163854 0.984780  0.031322 0.700305 1 0 1.000000
0  -33.395576 -59.108051 42.605125  -0.085837 -0.013004 0.996224  0.020546 0.702689 1 0 1.000000
skin_0dam
0  -28.903193 -60.092503 42.470196  0.046827 0.164703 0.985231  0.039999 0.698493 1 0 1.000000
0  -30.907146 -59.669933 42.499546  0.057966 0.163854 0.984780  0.031322 0.700305 1 0 1.000000
0  -31.061298 -60.482037 42.692173  0.066687 0.167068 0.983688  0.030654 0.696729 1 0 1.000000
skin_0dam
0  -28.638935 -61.586048 42.832977  0.065850 0.347135 0.935500  0.041144 0.691913 1 0 1.000000
0  -28.903193 -60.092503 42.470196  0.046827 0.164703 0.985231  0.039999 0.698493 1 0 1.000000
0  -31.061298 -60.482037 42.692173  0.066687 0.167068 0.983688  0.030654 0.696729 1 0 1.000000
skin_0dam
0  -28.903193 -60.092503 42.470196  0.046827 0.164703 0.985231  0.039999 0.698493 1 0 1.000000
0  -28.638935 -61.586048 42.832977  0.065850 0.347135 0.935500  0.041144 0.691913 1 0 1.000000
0  -22.131586 -61.249439 42.637730  -0.006700 0.171540 0.985154  0.069322 0.693439 1 0 1.000000
skin_0dam
0  -28.638935 -61.586048 42.832977  0.065850 0.347135 0.935500  0.041144 0.691913 1 0 1.000000
0  -22.175629 -63.271824 43.146248  0.024755 0.359361 0.932870  0.069131 0.684523 1 0 1.000000
0  -22.131586 -61.249439 42.637730  -0.006700 0.171540 0.985154  0.069322 0.693439 1 0 1.000000
skin_0dam
0  -18.332878 -61.725353 42.756733  -0.006815 0.172098 0.985056  0.085771 0.691341 1 0 1.000000
0  -22.131586 -61.249439 42.637730  -0.006700 0.171540 0.985154  0.069322 0.693439 1 0 1.000000
0  -22.175629 -63.271824 43.146248  0.024755 0.359361 0.932870  0.069131 0.684523 1 0 1.000000
skin_0dam
0  -22.175629 -63.271824 43.146248  0.024755 0.359361 0.932870  0.069131 0.684523 1 0 1.000000
0  -17.639202 -64.222145 43.527813  0.017668 0.371780 0.928153  0.088775 0.680279 1 0 1.000000
0  -18.332878 -61.725353 42.756733  -0.006815 0.172098 0.985056  0.085771 0.691341 1 0 1.000000
skin_0dam
0  -14.027678 -62.137371 42.848045  -0.004731 0.173449 0.984832  0.104414 0.689529 1 0 1.000000
0  -18.332878 -61.725353 42.756733  -0.006815 0.172098 0.985056  0.085771 0.691341 1 0 1.000000
0  -17.639202 -64.222145 43.527813  0.017668 0.371780 0.928153  0.088775 0.680279 1 0 1.000000
skin_0dam
0  -14.027678 -63.918438 43.335453  0.021387 0.512719 0.858290  0.104414 0.681662 1 0 1.000000
0  -14.027678 -62.137371 42.848045  -0.004731 0.173449 0.984832  0.104414 0.689529 1 0 1.000000
0  -17.639202 -64.222145 43.527813  0.017668 0.371780 0.928153  0.088775 0.680279 1 0 1.000000
skin_0dam
0  0.000008 -62.689106 42.984741  -0.000018 0.176879 0.984233  0.165158 0.687098 1 0 1.000000
0  -14.027678 -62.137371 42.848045  -0.004731 0.173449 0.984832  0.104414 0.689529 1 0 1.000000
0  -14.027678 -63.918438 43.335453  0.021387 0.512719 0.858290  0.104414 0.681662 1 0 1.000000
skin_0dam
0  -14.027678 -63.918438 43.335453  0.021387 0.512719 0.858290  0.104414 0.681662 1 0 1.000000
0  -16.714300 -64.486771 43.661495  0.029667 0.530180 0.847366  0.092780 0.679087 1 0 1.000000
0  -15.800407 -65.038780 44.174007  0.042557 0.650250 0.758528  0.096738 0.676513 1 0 1.000000
skin_0dam
0  -16.714300 -64.486771 43.661495  0.029667 0.530180 0.847366  0.092780 0.679087 1 0 1.000000
0  -14.027678 -63.918438 43.335453  0.021387 0.512719 0.858290  0.104414 0.681662 1 0 1.000000
0  -17.639202 -64.222145 43.527813  0.017668 0.371780 0.928153  0.088775 0.680279 1 0 1.000000
skin_0dam
0  -13.444107 -88.920250 42.825943  0.997270 -0.066034 0.033039  0.106941 0.574002 1 0 1.000000
0  -13.179850 -86.700714 43.560192  0.989880 -0.129018 0.059093  0.108085 0.583300 1 0 1.000000
0  -13.510172 -86.707840 43.605030  -0.062993 -0.277497 0.958659  0.106655 0.583252 1 0 1.000000
skin_0dam
0  -13.510172 -86.707840 43.605030  -0.062993 -0.277497 0.958659  0.106655 0.583252 1 0 1.000000
0  -13.179850 -86.700714 43.560192  0.989880 -0.129018 0.059093  0.108085 0.583300 1 0 1.000000
0  -13.168839 -85.236374 43.874191  0.933814 0.095839 -0.344684  0.108133 0.589498 1 0 1.000000
skin_0dam
0  -13.168839 -85.236374 43.874191  0.933814 0.095839 -0.344684  0.108133 0.589498 1 0 1.000000
0  -13.642301 -85.203468 43.871315  -0.132604 -0.150070 0.979742  0.106083 0.589641 1 0 1.000000
0  -13.510172 -86.707840 43.605030  -0.062993 -0.277497 0.958659  0.106655 0.583252 1 0 1.000000
skin_0dam
0  -13.642301 -85.203468 43.871315  -0.132604 -0.150070 0.979742  0.106083 0.589641 1 0 1.000000
0  -13.168839 -85.236374 43.874191  0.933814 0.095839 -0.344684  0.108133 0.589498 1 0 1.000000
0  -13.983635 -75.254471 44.393543  0.917078 0.090973 -0.388190  0.104605 0.632362 1 0 1.000000
skin_0dam
0  -13.983635 -75.254471 44.393543  0.917078 0.090973 -0.388190  0.104605 0.632362 1 0 1.000000
0  -14.424065 -75.199623 44.388748  -0.187738 -0.061090 0.980318  0.102698 0.632600 1 0 1.000000
0  -13.642301 -85.203468 43.871315  -0.132604 -0.150070 0.979742  0.106083 0.589641 1 0 1.000000
skin_0dam
0  -14.424065 -75.199623 44.388748  -0.187738 -0.061090 0.980318  0.102698 0.632600 1 0 1.000000
0  -13.983635 -75.254471 44.393543  0.917078 0.090973 -0.388190  0.104605 0.632362 1 0 1.000000
0  -14.666301 -66.000069 44.556534  0.897996 0.027196 -0.439163  0.101649 0.672222 1 0 1.000000
skin_0dam
0  -14.666301 -66.000069 44.556534  0.897996 0.027196 -0.439163  0.101649 0.672222 1 0 1.000000
0  -15.183805 -66.011993 44.546528  -0.064469 0.150923 0.986441  0.099408 0.672174 1 0 1.000000
0  -14.424065 -75.199623 44.388748  -0.187738 -0.061090 0.980318  0.102698 0.632600 1 0 1.000000
skin_0dam
0  -14.556193 -64.724525 44.102303  0.044666 0.723335 0.689052  0.102125 0.677895 1 0 1.000000
0  -15.183805 -66.011993 44.546528  -0.064469 0.150923 0.986441  0.099408 0.672174 1 0 1.000000
0  -14.666301 -66.000069 44.556534  0.897996 0.027196 -0.439163  0.101649 0.672222 1 0 1.000000
skin_0dam
0  -15.183805 -66.011993 44.546528  -0.064469 0.150923 0.986441  0.099408 0.672174 1 0 1.000000
0  -14.556193 -64.724525 44.102303  0.044666 0.723335 0.689052  0.102125 0.677895 1 0 1.000000
0  -15.800407 -65.038780 44.174007  0.042557 0.650250 0.758528  0.096738 0.676513 1 0 1.000000
skin_0dam
0  -14.016667 -64.545319 43.876621  0.032977 0.656580 0.753535  0.104462 0.678754 1 0 1.000000
0  -15.800407 -65.038780 44.174007  0.042557 0.650250 0.758528  0.096738 0.676513 1 0 1.000000
0  -14.556193 -64.724525 44.102303  0.044666 0.723335 0.689052  0.102125 0.677895 1 0 1.000000
skin_0dam
0  -14.016667 -64.545319 43.876621  0.032977 0.656580 0.753535  0.104462 0.678754 1 0 1.000000
0  -14.027678 -63.918438 43.335453  0.021387 0.512719 0.858290  0.104414 0.681662 1 0 1.000000
0  -15.800407 -65.038780 44.174007  0.042557 0.650250 0.758528  0.096738 0.676513 1 0 1.000000
skin_0dam
0  0.000008 -64.575066 43.536587  -0.000000 0.545044 0.838408  0.165158 0.678754 1 0 1.000000
0  -14.027678 -63.918438 43.335453  0.021387 0.512719 0.858290  0.104414 0.681662 1 0 1.000000
0  -14.016667 -64.545319 43.876621  0.032977 0.656580 0.753535  0.104462 0.678754 1 0 1.000000
skin_0dam
0  0.000008 -64.575066 43.536587  -0.000000 0.545044 0.838408  0.165158 0.678754 1 0 1.000000
0  0.000008 -62.689106 42.984741  -0.000018 0.176879 0.984233  0.165158 0.687098 1 0 1.000000
0  -14.027678 -63.918438 43.335453  0.021387 0.512719 0.858290  0.104414 0.681662 1 0 1.000000
skin_0dam
0  0.000008 -64.575066 43.536587  -0.000000 0.545044 0.838408  0.165158 0.678754 1 0 1.000000
0  14.027694 -63.918438 43.335453  -0.021387 0.512719 0.858290  0.225901 0.681662 1 0 1.000000
0  0.000008 -62.689106 42.984741  -0.000018 0.176879 0.984233  0.165158 0.687098 1 0 1.000000
skin_0dam
0  14.016685 -64.545319 43.876621  -0.032976 0.656579 0.753536  0.225854 0.678754 1 0 1.000000
0  14.027694 -63.918438 43.335453  -0.021387 0.512719 0.858290  0.225901 0.681662 1 0 1.000000
0  0.000008 -64.575066 43.536587  -0.000000 0.545044 0.838408  0.165158 0.678754 1 0 1.000000
skin_0dam
0  0.000008 -64.575066 43.536587  -0.000000 0.545044 0.838408  0.165158 0.678754 1 0 1.000000
0  0.000008 -65.250069 44.159336  -0.000004 0.674024 0.738710  0.165158 0.675607 1 0 1.000000
0  14.016685 -64.545319 43.876621  -0.032976 0.656579 0.753536  0.225854 0.678754 1 0 1.000000
skin_0dam
0  14.016685 -64.545319 43.876621  -0.032976 0.656579 0.753536  0.225854 0.678754 1 0 1.000000
0  0.000008 -65.250069 44.159336  -0.000004 0.674024 0.738710  0.165158 0.675607 1 0 1.000000
0  0.000008 -65.445999 44.320164  -0.000802 0.713336 -0.700822  0.165158 0.674701 1 0 1.000000
skin_0dam
0  0.000008 -65.445999 44.320164  -0.000802 0.713336 -0.700822  0.165158 0.674701 1 0 1.000000
0  0.000008 -65.250069 44.159336  -0.000004 0.674024 0.738710  0.165158 0.675607 1 0 1.000000
0  -14.016667 -64.545319 43.876621  0.032977 0.656580 0.753535  0.104462 0.678754 1 0 1.000000
skin_0dam
0  -14.016667 -64.545319 43.876621  0.032977 0.656580 0.753535  0.104462 0.678754 1 0 1.000000
0  -14.302946 -64.829414 44.166744  -0.214328 0.074594 -0.973909  0.103222 0.677419 1 0 1.000000
0  0.000008 -65.445999 44.320164  -0.000802 0.713336 -0.700822  0.165158 0.674701 1 0 1.000000
skin_0dam
0  -14.302946 -64.829414 44.166744  -0.214328 0.074594 -0.973909  0.103222 0.677419 1 0 1.000000
0  -14.016667 -64.545319 43.876621  0.032977 0.656580 0.753535  0.104462 0.678754 1 0 1.000000
0  -14.556193 -64.724525 44.102303  0.044666 0.723335 0.689052  0.102125 0.677895 1 0 1.000000
skin_0dam
0  -14.302946 -64.829414 44.166744  -0.214328 0.074507 -0.973916  0.103222 0.677419 1 0 1.000000
0  -14.556193 -64.724525 44.102303  0.044666 0.723335 0.689052  0.102125 0.677895 1 0 1.000000
0  -14.666301 -66.000069 44.556534  0.897996 0.027196 -0.439163  0.101649 0.672222 1 0 1.000000
skin_0dam
0  -14.016667 -64.545319 43.876621  0.032977 0.656580 0.753535  0.104462 0.678754 1 0 1.000000
0  0.000008 -65.250069 44.159336  -0.000004 0.674024 0.738710  0.165158 0.675607 1 0 1.000000
0  0.000008 -64.575066 43.536587  -0.000000 0.545044 0.838408  0.165158 0.678754 1 0 1.000000
skin_0dam
0  0.000008 -65.445999 44.320164  -0.000802 0.713336 -0.700822  0.165158 0.674701 1 0 1.000000
0  14.302963 -64.829414 44.166744  0.214249 0.074538 -0.973931  0.227093 0.677419 1 0 1.000000
0  14.016685 -64.545319 43.876621  -0.032976 0.656579 0.753536  0.225854 0.678754 1 0 1.000000
skin_0dam
0  -13.774429 -90.058258 42.704453  0.337909 -0.082710 0.937537  0.105511 0.569139 1 0 1.000000
0  -14.280924 -89.868362 42.853630  0.297129 -0.116121 0.947750  0.103317 0.569902 1 0 1.000000
0  -13.113784 -98.042747 42.275616  0.318041 -0.016720 0.947929  0.108371 0.534857 1 0 1.000000
skin_0dam
0  -14.280924 -89.868362 42.853630  0.297129 -0.116121 0.947750  0.103317 0.569902 1 0 1.000000
0  -13.774429 -90.058258 42.704453  0.337909 -0.082710 0.937537  0.105511 0.569139 1 0 1.000000
0  -13.785440 -88.966454 42.929459  0.173300 -0.201567 0.964022  0.105463 0.573764 1 0 1.000000
skin_0dam
0  -13.785440 -88.966454 42.929459  0.173300 -0.201567 0.964022  0.105463 0.573764 1 0 1.000000
0  -14.269913 -88.851967 42.974709  0.159971 -0.208918 0.964760  0.103365 0.574240 1 0 1.000000
0  -14.280924 -89.868362 42.853630  0.297129 -0.116121 0.947750  0.103317 0.569902 1 0 1.000000
skin_0dam
0  -14.269913 -88.851967 42.974709  0.159971 -0.208918 0.964760  0.103365 0.574240 1 0 1.000000
0  -13.785440 -88.966454 42.929459  0.173300 -0.201567 0.964022  0.105463 0.573764 1 0 1.000000
0  -13.510172 -86.707840 43.605030  -0.062993 -0.277497 0.958659  0.106655 0.583252 1 0 1.000000
skin_0dam
0  -13.510172 -86.707840 43.605030  -0.062993 -0.277497 0.958659  0.106655 0.583252 1 0 1.000000
0  -13.873527 -86.668762 43.546349  -0.059268 -0.278791 0.958521  0.105082 0.583443 1 0 1.000000
0  -14.269913 -88.851967 42.974709  0.159971 -0.208918 0.964760  0.103365 0.574240 1 0 1.000000
skin_0dam
0  -13.642301 -85.203468 43.871315  -0.132604 -0.150070 0.979742  0.106083 0.589641 1 0 1.000000
0  -13.873527 -86.668762 43.546349  -0.059268 -0.278791 0.958521  0.105082 0.583443 1 0 1.000000
0  -13.510172 -86.707840 43.605030  -0.062993 -0.277497 0.958659  0.106655 0.583252 1 0 1.000000
skin_0dam
0  -14.027678 -62.137371 42.848045  -0.004731 0.173449 0.984832  0.104414 0.689529 1 0 1.000000
0  0.000008 -62.689106 42.984741  -0.000018 0.176879 0.984233  0.165158 0.687098 1 0 1.000000
0  0.000008 -62.612873 42.845436  0.000037 0.970776 -0.239987  0.165158 0.687479 1 0 1.000000
skin_0dam
0  0.000008 -62.612873 42.845436  0.000037 0.970776 -0.239987  0.165158 0.687479 1 0 1.000000
0  0.000008 -62.689106 42.984741  -0.000018 0.176879 0.984233  0.165158 0.687098 1 0 1.000000
0  14.027694 -62.137371 42.848045  0.004744 0.173450 0.984831  0.225901 0.689529 1 0 1.000000
skin_0dam
0  14.027694 -63.918438 43.335453  -0.021387 0.512719 0.858290  0.225901 0.681662 1 0 1.000000
0  14.027694 -62.137371 42.848045  0.004744 0.173450 0.984831  0.225901 0.689529 1 0 1.000000
0  0.000008 -62.689106 42.984741  -0.000018 0.176879 0.984233  0.165158 0.687098 1 0 1.000000
skin_0dam
0  14.027694 -63.918438 43.335453  -0.021387 0.512719 0.858290  0.225901 0.681662 1 0 1.000000
0  17.639217 -64.222145 43.527813  -0.017661 0.371782 0.928152  0.241540 0.680279 1 0 1.000000
0  14.027694 -62.137371 42.848045  0.004744 0.173450 0.984831  0.225901 0.689529 1 0 1.000000
skin_0dam
0  16.714315 -64.486771 43.661495  -0.029667 0.530181 0.847365  0.237535 0.679087 1 0 1.000000
0  17.639217 -64.222145 43.527813  -0.017661 0.371782 0.928152  0.241540 0.680279 1 0 1.000000
0  14.027694 -63.918438 43.335453  -0.021387 0.512719 0.858290  0.225901 0.681662 1 0 1.000000
skin_0dam
0  15.800425 -65.038780 44.174007  -0.042565 0.650245 0.758532  0.233578 0.676513 1 0 1.000000
0  16.714315 -64.486771 43.661495  -0.029667 0.530181 0.847365  0.237535 0.679087 1 0 1.000000
0  14.027694 -63.918438 43.335453  -0.021387 0.512719 0.858290  0.225901 0.681662 1 0 1.000000
skin_0dam
0  14.016685 -64.545319 43.876621  -0.032976 0.656579 0.753536  0.225854 0.678754 1 0 1.000000
0  15.800425 -65.038780 44.174007  -0.042565 0.650245 0.758532  0.233578 0.676513 1 0 1.000000
0  14.027694 -63.918438 43.335453  -0.021387 0.512719 0.858290  0.225901 0.681662 1 0 1.000000
skin_0dam
0  14.016685 -64.545319 43.876621  -0.032976 0.656579 0.753536  0.225854 0.678754 1 0 1.000000
0  14.556211 -64.724525 44.102303  -0.044650 0.723293 0.689096  0.228190 0.677895 1 0 1.000000
0  15.800425 -65.038780 44.174007  -0.042565 0.650245 0.758532  0.233578 0.676513 1 0 1.000000
skin_0dam
0  14.302963 -64.829414 44.166744  0.214249 0.074538 -0.973931  0.227093 0.677419 1 0 1.000000
0  14.556211 -64.724525 44.102303  -0.044650 0.723293 0.689096  0.228190 0.677895 1 0 1.000000
0  14.016685 -64.545319 43.876621  -0.032976 0.656579 0.753536  0.225854 0.678754 1 0 1.000000
skin_0dam
0  14.302963 -64.829414 44.166744  0.214249 0.074538 -0.973931  0.227093 0.677419 1 0 1.000000
0  14.666318 -66.000069 44.556534  -0.898120 0.026353 -0.438959  0.228667 0.672222 1 0 1.000000
0  14.556211 -64.724525 44.102303  -0.044650 0.723293 0.689096  0.228190 0.677895 1 0 1.000000
skin_0dam
0  14.666318 -66.000069 44.556534  -0.898095 0.026297 -0.439015  0.228667 0.672222 1 0 1.000000
0  15.183823 -66.011993 44.546528  0.064474 0.150926 0.986440  0.230908 0.672174 1 0 1.000000
0  14.556211 -64.724525 44.102303  -0.044650 0.723293 0.689096  0.228190 0.677895 1 0 1.000000
skin_0dam
0  14.424082 -75.199623 44.388748  0.187741 -0.061074 0.980318  0.227618 0.632600 1 0 1.000000
0  15.183823 -66.011993 44.546528  0.064474 0.150926 0.986440  0.230908 0.672174 1 0 1.000000
0  14.666318 -66.000069 44.556534  -0.898095 0.026297 -0.439015  0.228667 0.672222 1 0 1.000000
skin_0dam
0  14.666318 -66.000069 44.556534  -0.898095 0.026297 -0.439015  0.228667 0.672222 1 0 1.000000
0  13.983652 -75.254471 44.393543  -0.917078 0.090976 -0.388190  0.225710 0.632362 1 0 1.000000
0  14.424082 -75.199623 44.388748  0.187741 -0.061074 0.980318  0.227618 0.632600 1 0 1.000000
skin_0dam
0  13.642320 -85.203468 43.871315  0.132609 -0.150065 0.979743  0.224232 0.589641 1 0 1.000000
0  14.424082 -75.199623 44.388748  0.187741 -0.061074 0.980318  0.227618 0.632600 1 0 1.000000
0  13.983652 -75.254471 44.393543  -0.917078 0.090976 -0.388190  0.225710 0.632362 1 0 1.000000
skin_0dam
0  13.983652 -75.254471 44.393543  -0.917078 0.090976 -0.388190  0.225710 0.632362 1 0 1.000000
0  13.168858 -85.236374 43.874191  -0.933866 0.095803 -0.344551  0.222182 0.589498 1 0 1.000000
0  13.642320 -85.203468 43.871315  0.132609 -0.150065 0.979743  0.224232 0.589641 1 0 1.000000
skin_0dam
0  13.510191 -86.707840 43.605030  0.062920 -0.277515 0.958659  0.223660 0.583252 1 0 1.000000
0  13.642320 -85.203468 43.871315  0.132609 -0.150065 0.979743  0.224232 0.589641 1 0 1.000000
0  13.168858 -85.236374 43.874191  -0.933866 0.095803 -0.344551  0.222182 0.589498 1 0 1.000000
skin_0dam
0  13.168858 -85.236374 43.874191  -0.933866 0.095803 -0.344551  0.222182 0.589498 1 0 1.000000
0  13.179869 -86.700714 43.560192  -0.989886 -0.129017 0.058997  0.222230 0.583300 1 0 1.000000
0  13.510191 -86.707840 43.605030  0.062920 -0.277515 0.958659  0.223660 0.583252 1 0 1.000000
skin_0dam
0  13.510191 -86.707840 43.605030  0.062920 -0.277515 0.958659  0.223660 0.583252 1 0 1.000000
0  13.179869 -86.700714 43.560192  -0.989886 -0.129017 0.058997  0.222230 0.583300 1 0 1.000000
0  13.444126 -88.920250 42.825943  -0.997276 -0.065934 0.033066  0.223374 0.574002 1 0 1.000000
skin_0dam
0  15.183823 -66.011993 44.546528  0.064474 0.150926 0.986440  0.230908 0.672174 1 0 1.000000
0  15.800425 -65.038780 44.174007  -0.042565 0.650245 0.758532  0.233578 0.676513 1 0 1.000000
0  14.556211 -64.724525 44.102303  -0.044650 0.723293 0.689096  0.228190 0.677895 1 0 1.000000
skin_0dam
0  28.903208 -60.092495 42.470188  -0.046873 0.164710 0.985228  0.290316 0.698493 1 0 1.000000
0  22.131601 -61.249439 42.637730  0.006655 0.171533 0.985156  0.260993 0.693439 1 0 1.000000
0  28.638950 -61.586040 42.832966  -0.065874 0.347125 0.935502  0.289172 0.691913 1 0 1.000000
skin_0dam
0  22.131601 -61.249439 42.637730  0.006655 0.171533 0.985156  0.260993 0.693439 1 0 1.000000
0  22.175644 -63.271824 43.146248  -0.024766 0.359359 0.932871  0.261184 0.684523 1 0 1.000000
0  28.638950 -61.586040 42.832966  -0.065874 0.347125 0.935502  0.289172 0.691913 1 0 1.000000
skin_0dam
0  22.175644 -63.271824 43.146248  -0.024766 0.359359 0.932871  0.261184 0.684523 1 0 1.000000
0  22.131601 -61.249439 42.637730  0.006655 0.171533 0.985156  0.260993 0.693439 1 0 1.000000
0  18.332893 -61.725353 42.756733  0.006837 0.172079 0.985059  0.244544 0.691341 1 0 1.000000
skin_0dam
0  18.332893 -61.725353 42.756733  0.006837 0.172079 0.985059  0.244544 0.691341 1 0 1.000000
0  17.639217 -64.222145 43.527813  -0.017661 0.371782 0.928152  0.241540 0.680279 1 0 1.000000
0  22.175644 -63.271824 43.146248  -0.024766 0.359359 0.932871  0.261184 0.684523 1 0 1.000000
skin_0dam
0  17.639217 -64.222145 43.527813  -0.017661 0.371782 0.928152  0.241540 0.680279 1 0 1.000000
0  18.332893 -61.725353 42.756733  0.006837 0.172079 0.985059  0.244544 0.691341 1 0 1.000000
0  14.027694 -62.137371 42.848045  0.004744 0.173450 0.984831  0.225901 0.689529 1 0 1.000000
skin_0dam
0  14.027694 -62.137371 42.848045  0.004744 0.173450 0.984831  0.225901 0.689529 1 0 1.000000
0  18.332893 -61.725353 42.756733  0.006837 0.172079 0.985059  0.244544 0.691341 1 0 1.000000
0  14.027694 -62.070187 42.731640  -0.075457 0.969214 -0.234371  0.225901 0.689863 1 0 1.000000
skin_0dam
0  14.027694 -62.137371 42.848045  0.004744 0.173450 0.984831  0.225901 0.689529 1 0 1.000000
0  14.027694 -62.070187 42.731640  -0.075457 0.969214 -0.234371  0.225901 0.689863 1 0 1.000000
0  0.000008 -62.612873 42.845436  0.000037 0.970776 -0.239987  0.165158 0.687479 1 0 1.000000
skin_0dam
0  28.903208 -60.026272 42.342815  -0.189205 0.952122 -0.240137  0.290316 0.698827 1 0 1.000000
0  22.131601 -61.181293 42.532291  -0.142370 0.964029 -0.224451  0.260993 0.693773 1 0 1.000000
0  28.903208 -60.092495 42.470188  -0.046873 0.164710 0.985228  0.290316 0.698493 1 0 1.000000
skin_0dam
0  22.131601 -61.181293 42.532291  -0.142370 0.964029 -0.224451  0.260993 0.693773 1 0 1.000000
0  22.131601 -61.249439 42.637730  0.006655 0.171533 0.985156  0.260993 0.693439 1 0 1.000000
0  28.903208 -60.092495 42.470188  -0.046873 0.164710 0.985228  0.290316 0.698493 1 0 1.000000
skin_0dam
0  22.131601 -61.249439 42.637730  0.006655 0.171533 0.985156  0.260993 0.693439 1 0 1.000000
0  22.131601 -61.181293 42.532291  -0.142370 0.964029 -0.224451  0.260993 0.693773 1 0 1.000000
0  18.332893 -61.647198 42.639366  -0.112117 0.967488 -0.226710  0.244544 0.691723 1 0 1.000000
skin_0dam
0  18.332893 -61.725353 42.756733  0.006837 0.172079 0.985059  0.244544 0.691341 1 0 1.000000
0  22.131601 -61.249439 42.637730  0.006655 0.171533 0.985156  0.260993 0.693439 1 0 1.000000
0  18.332893 -61.647198 42.639366  -0.112117 0.967488 -0.226710  0.244544 0.691723 1 0 1.000000
skin_0dam
0  18.332893 -61.725353 42.756733  0.006837 0.172079 0.985059  0.244544 0.691341 1 0 1.000000
0  18.332893 -61.647198 42.639366  -0.112117 0.967488 -0.226710  0.244544 0.691723 1 0 1.000000
0  14.027694 -62.070187 42.731640  -0.075457 0.969214 -0.234371  0.225901 0.689863 1 0 1.000000
skin_0dam
0  13.642320 -85.203468 43.871315  0.132609 -0.150065 0.979743  0.224232 0.589641 1 0 1.000000
0  13.510191 -86.707840 43.605030  0.062920 -0.277515 0.958659  0.223660 0.583252 1 0 1.000000
0  13.873546 -86.668762 43.546349  0.059257 -0.278779 0.958525  0.225234 0.583443 1 0 1.000000
skin_0dam
0  14.269932 -88.851967 42.974709  -0.159972 -0.208923 0.964759  0.226950 0.574240 1 0 1.000000
0  13.873546 -86.668762 43.546349  0.059257 -0.278779 0.958525  0.225234 0.583443 1 0 1.000000
0  13.510191 -86.707840 43.605030  0.062920 -0.277515 0.958659  0.223660 0.583252 1 0 1.000000
skin_0dam
0  13.510191 -86.707840 43.605030  0.062920 -0.277515 0.958659  0.223660 0.583252 1 0 1.000000
0  13.785460 -88.966454 42.929459  -0.173304 -0.201565 0.964021  0.224852 0.573764 1 0 1.000000
0  14.269932 -88.851967 42.974709  -0.159972 -0.208923 0.964759  0.226950 0.574240 1 0 1.000000
skin_0dam
0  14.280943 -89.868362 42.853630  -0.296861 -0.116176 0.947827  0.226998 0.569902 1 0 1.000000
0  14.269932 -88.851967 42.974709  -0.159972 -0.208923 0.964759  0.226950 0.574240 1 0 1.000000
0  13.785460 -88.966454 42.929459  -0.173304 -0.201565 0.964021  0.224852 0.573764 1 0 1.000000
skin_0dam
0  13.785460 -88.966454 42.929459  -0.173304 -0.201565 0.964021  0.224852 0.573764 1 0 1.000000
0  13.774448 -90.058258 42.704453  -0.337857 -0.082728 0.937555  0.224805 0.569139 1 0 1.000000
0  14.280943 -89.868362 42.853630  -0.296861 -0.116176 0.947827  0.226998 0.569902 1 0 1.000000
skin_0dam
0  13.113805 -98.042747 42.275616  -0.318040 -0.016714 0.947930  0.221944 0.534857 1 0 1.000000
0  14.280943 -89.868362 42.853630  -0.296861 -0.116176 0.947827  0.226998 0.569902 1 0 1.000000
0  13.774448 -90.058258 42.704453  -0.337857 -0.082728 0.937555  0.224805 0.569139 1 0 1.000000
skin_0dam
0  13.774448 -90.058258 42.704453  -0.337857 -0.082728 0.937555  0.224805 0.569139 1 0 1.000000
0  12.089806 -97.368027 42.028690  -0.254994 -0.023569 0.966655  0.217510 0.537861 1 0 1.000000
0  13.113805 -98.042747 42.275616  -0.318040 -0.016714 0.947930  0.221944 0.534857 1 0 1.000000
skin_0dam
0  12.089806 -97.368027 42.028690  -0.254994 -0.023569 0.966655  0.217510 0.537861 1 0 1.000000
0  11.627355 -98.638618 41.907745  -0.212868 -0.035459 0.976437  0.215507 0.532426 1 0 1.000000
0  13.113805 -98.042747 42.275616  -0.318040 -0.016714 0.947930  0.221944 0.534857 1 0 1.000000
skin_0dam
0  11.627355 -98.638618 41.907745  -0.212868 -0.035459 0.976437  0.215507 0.532426 1 0 1.000000
0  12.442150 -101.072334 42.010139  -0.308672 -0.019190 0.950975  0.219035 0.521888 1 0 1.000000
0  13.113805 -98.042747 42.275616  -0.318040 -0.016714 0.947930  0.221944 0.534857 1 0 1.000000
skin_0dam
0  12.442150 -101.072334 42.010139  -0.308672 -0.019190 0.950975  0.219035 0.521888 1 0 1.000000
0  11.627355 -98.638618 41.907745  -0.212868 -0.035459 0.976437  0.215507 0.532426 1 0 1.000000
0  11.054796 -99.274406 41.841785  -0.120185 0.038326 0.992011  0.213028 0.529708 1 0 1.000000
skin_0dam
0  11.054796 -99.274406 41.841785  -0.120185 0.038326 0.992011  0.213028 0.529708 1 0 1.000000
0  11.946667 -101.941338 41.931427  -0.053197 0.008966 0.998544  0.216890 0.518170 1 0 1.000000
0  12.442150 -101.072334 42.010139  -0.308672 -0.019190 0.950975  0.219035 0.521888 1 0 1.000000
skin_0dam
0  13.785460 -88.966454 42.929459  -0.173304 -0.201565 0.964021  0.224852 0.573764 1 0 1.000000
0  13.510191 -86.707840 43.605030  0.062920 -0.277515 0.958659  0.223660 0.583252 1 0 1.000000
0  13.444126 -88.920250 42.825943  -0.997276 -0.065934 0.033066  0.223374 0.574002 1 0 1.000000
skin_0dam
0  13.444126 -88.920250 42.825943  -0.997276 -0.065934 0.033066  0.223374 0.574002 1 0 1.000000
0  13.466148 -89.982033 42.565147  -0.990898 0.090869 -0.099319  0.223470 0.569520 1 0 1.000000
0  13.785460 -88.966454 42.929459  -0.173304 -0.201565 0.964021  0.224852 0.573764 1 0 1.000000
skin_0dam
0  13.466148 -89.982033 42.565147  -0.990898 0.090869 -0.099319  0.223470 0.569520 1 0 1.000000
0  13.774448 -90.058258 42.704453  -0.337857 -0.082728 0.937555  0.224805 0.569139 1 0 1.000000
0  13.785460 -88.966454 42.929459  -0.173304 -0.201565 0.964021  0.224852 0.573764 1 0 1.000000
skin_0dam
0  13.466148 -89.982033 42.565147  -0.990898 0.090869 -0.099319  0.223470 0.569520 1 0 1.000000
0  11.803527 -97.259834 41.875538  -0.946152 0.277504 -0.166698  0.216270 0.538386 1 0 1.000000
0  13.774448 -90.058258 42.704453  -0.337857 -0.082728 0.937555  0.224805 0.569139 1 0 1.000000
skin_0dam
0  11.803527 -97.259834 41.875538  -0.946152 0.277504 -0.166698  0.216270 0.538386 1 0 1.000000
0  12.089806 -97.368027 42.028690  -0.254994 -0.023569 0.966655  0.217510 0.537861 1 0 1.000000
0  13.774448 -90.058258 42.704453  -0.337857 -0.082728 0.937555  0.224805 0.569139 1 0 1.000000
skin_0dam
0  11.803527 -97.259834 41.875538  -0.946152 0.277504 -0.166698  0.216270 0.538386 1 0 1.000000
0  11.418151 -98.351097 41.783112  -0.909377 0.350023 -0.224761  0.214601 0.533713 1 0 1.000000
0  12.089806 -97.368027 42.028690  -0.254994 -0.023569 0.966655  0.217510 0.537861 1 0 1.000000
skin_0dam
0  11.418151 -98.351097 41.783112  -0.909377 0.350023 -0.224761  0.214601 0.533713 1 0 1.000000
0  11.627355 -98.638618 41.907745  -0.212868 -0.035459 0.976437  0.215507 0.532426 1 0 1.000000
0  12.089806 -97.368027 42.028690  -0.254994 -0.023569 0.966655  0.217510 0.537861 1 0 1.000000
skin_0dam
0  11.418151 -98.351097 41.783112  -0.909377 0.350023 -0.224761  0.214601 0.533713 1 0 1.000000
0  10.900646 -98.985916 41.728123  -0.673462 0.727797 -0.129466  0.212360 0.530995 1 0 1.000000
0  11.627355 -98.638618 41.907745  -0.212868 -0.035459 0.976437  0.215507 0.532426 1 0 1.000000
skin_0dam
0  10.900646 -98.985916 41.728123  -0.673462 0.727797 -0.129466  0.212360 0.530995 1 0 1.000000
0  11.054796 -99.274406 41.841785  -0.120185 0.038326 0.992011  0.213028 0.529708 1 0 1.000000
0  11.627355 -98.638618 41.907745  -0.212868 -0.035459 0.976437  0.215507 0.532426 1 0 1.000000
skin_0dam
0  10.118883 -99.585365 41.824780  -0.027494 0.051497 0.998295  0.208975 0.528373 1 0 1.000000
0  11.054796 -99.274406 41.841785  -0.120185 0.038326 0.992011  0.213028 0.529708 1 0 1.000000
0  10.900646 -98.985916 41.728123  -0.673462 0.727797 -0.129466  0.212360 0.530995 1 0 1.000000
skin_0dam
0  11.946667 -101.941338 41.931427  -0.053197 0.008966 0.998544  0.216890 0.518170 1 0 1.000000
0  11.054796 -99.274406 41.841785  -0.120185 0.038326 0.992011  0.213028 0.529708 1 0 1.000000
0  10.118883 -99.585365 41.824780  -0.027494 0.051497 0.998295  0.208975 0.528373 1 0 1.000000
skin_0dam
0  10.999743 -102.341011 41.911129  -0.021369 0.017968 0.999610  0.212789 0.516453 1 0 1.000000
0  11.946667 -101.941338 41.931427  -0.053197 0.008966 0.998544  0.216890 0.518170 1 0 1.000000
0  10.118883 -99.585365 41.824780  -0.027494 0.051497 0.998295  0.208975 0.528373 1 0 1.000000
skin_0dam
0  10.999743 -102.341011 41.911129  -0.021369 0.017968 0.999610  0.212789 0.516453 1 0 1.000000
0  10.118883 -99.585365 41.824780  -0.027494 0.051497 0.998295  0.208975 0.528373 1 0 1.000000
0  7.123961 -99.939255 41.822586  -0.001570 0.003545 0.999993  0.196006 0.526847 1 0 1.000000
skin_0dam
0  5.296178 -103.083603 41.887676  -0.008791 0.051558 0.998631  0.188091 0.513259 1 0 1.000000
0  10.999743 -102.341011 41.911129  -0.021369 0.017968 0.999610  0.212789 0.516453 1 0 1.000000
0  7.123961 -99.939255 41.822586  -0.001570 0.003545 0.999993  0.196006 0.526847 1 0 1.000000
skin_0dam
0  5.296178 -103.083603 41.887676  -0.008791 0.051558 0.998631  0.188091 0.513259 1 0 1.000000
0  7.123961 -99.939255 41.822586  -0.001570 0.003545 0.999993  0.196006 0.526847 1 0 1.000000
0  2.917857 -100.271194 41.818466  -0.001637 0.000543 0.999999  0.177793 0.525417 1 0 1.000000
skin_0dam
0  5.296178 -103.083603 41.887676  -0.008791 0.051558 0.998631  0.188091 0.513259 1 0 1.000000
0  2.917857 -100.271194 41.818466  -0.001637 0.000543 0.999999  0.177793 0.525417 1 0 1.000000
0  0.000011 -103.440361 41.852573  0.000001 0.042451 0.999099  0.165158 0.511733 1 0 1.000000
skin_0dam
0  2.917857 -100.271194 41.818466  -0.001637 0.000543 0.999999  0.177793 0.525417 1 0 1.000000
0  0.000010 -100.393768 41.807087  0.000000 -0.004878 0.999988  0.165158 0.524892 1 0 1.000000
0  0.000011 -103.440361 41.852573  0.000001 0.042451 0.999099  0.165158 0.511733 1 0 1.000000
skin_0dam
0  0.000011 -103.440361 41.852573  0.000001 0.042451 0.999099  0.165158 0.511733 1 0 1.000000
0  0.000010 -100.393768 41.807087  0.000000 -0.004878 0.999988  0.165158 0.524892 1 0 1.000000
0  -2.917836 -100.271194 41.818466  0.001610 0.000542 0.999999  0.152523 0.525417 1 0 1.000000
skin_0dam
0  10.900646 -98.985916 41.728123  -0.673462 0.727797 -0.129466  0.212360 0.530995 1 0 1.000000
0  10.019787 -99.273033 41.731136  -0.263317 0.951433 0.159495  0.208546 0.529756 1 0 1.000000
0  10.118883 -99.585365 41.824780  -0.027494 0.051497 0.998295  0.208975 0.528373 1 0 1.000000
skin_0dam
0  7.123961 -99.939255 41.822586  -0.001570 0.003545 0.999993  0.196006 0.526847 1 0 1.000000
0  10.118883 -99.585365 41.824780  -0.027494 0.051497 0.998295  0.208975 0.528373 1 0 1.000000
0  10.019787 -99.273033 41.731136  -0.263317 0.951433 0.159495  0.208546 0.529756 1 0 1.000000
skin_0dam
0  10.019787 -99.273033 41.731136  -0.263317 0.951433 0.159495  0.208546 0.529756 1 0 1.000000
0  7.079918 -99.637878 41.729900  -0.096859 0.961314 0.257864  0.195816 0.528182 1 0 1.000000
0  7.123961 -99.939255 41.822586  -0.001570 0.003545 0.999993  0.196006 0.526847 1 0 1.000000
skin_0dam
0  2.917857 -100.271194 41.818466  -0.001637 0.000543 0.999999  0.177793 0.525417 1 0 1.000000
0  7.123961 -99.939255 41.822586  -0.001570 0.003545 0.999993  0.196006 0.526847 1 0 1.000000
0  7.079918 -99.637878 41.729900  -0.096859 0.961314 0.257864  0.195816 0.528182 1 0 1.000000
skin_0dam
0  7.079918 -99.637878 41.729900  -0.096859 0.961314 0.257864  0.195816 0.528182 1 0 1.000000
0  2.906847 -99.957901 41.735790  -0.070676 0.950243 0.303387  0.177745 0.526799 1 0 1.000000
0  2.917857 -100.271194 41.818466  -0.001637 0.000543 0.999999  0.177793 0.525417 1 0 1.000000
skin_0dam
0  2.917857 -100.271194 41.818466  -0.001637 0.000543 0.999999  0.177793 0.525417 1 0 1.000000
0  2.906847 -99.957901 41.735790  -0.070676 0.950243 0.303387  0.177745 0.526799 1 0 1.000000
0  0.000010 -100.101456 41.737297  0.000052 0.968395 0.249422  0.165158 0.526180 1 0 1.000000
skin_0dam
0  0.000010 -100.393768 41.807087  0.000000 -0.004878 0.999988  0.165158 0.524892 1 0 1.000000
0  2.917857 -100.271194 41.818466  -0.001637 0.000543 0.999999  0.177793 0.525417 1 0 1.000000
0  0.000010 -100.101456 41.737297  0.000052 0.968395 0.249422  0.165158 0.526180 1 0 1.000000
skin_0dam
0  0.000010 -100.393768 41.807087  0.000000 -0.004878 0.999988  0.165158 0.524892 1 0 1.000000
0  0.000010 -100.101456 41.737297  0.000052 0.968395 0.249422  0.165158 0.526180 1 0 1.000000
0  -2.917836 -100.271194 41.818466  0.001610 0.000542 0.999999  0.152523 0.525417 1 0 1.000000
skin_0dam
0  0.000010 -100.101456 41.737297  0.000052 0.968395 0.249422  0.165158 0.526180 1 0 1.000000
0  -2.906826 -99.957901 41.735790  0.070560 0.950236 0.303436  0.152570 0.526799 1 0 1.000000
0  -2.917836 -100.271194 41.818466  0.001610 0.000542 0.999999  0.152523 0.525417 1 0 1.000000
skin_0dam
0  -2.917836 -100.271194 41.818466  0.001610 0.000542 0.999999  0.152523 0.525417 1 0 1.000000
0  -2.906826 -99.957901 41.735790  0.070548 0.950233 0.303448  0.152570 0.526799 1 0 1.000000
0  -7.079897 -99.637878 41.729900  0.096952 0.961317 0.257817  0.134500 0.528182 1 0 1.000000
skin_0dam
0  -7.079897 -99.637878 41.729900  0.096952 0.961317 0.257817  0.134500 0.528182 1 0 1.000000
0  -7.123940 -99.939255 41.822586  0.001442 0.003559 0.999993  0.134309 0.526847 1 0 1.000000
0  -2.917836 -100.271194 41.818466  0.001610 0.000542 0.999999  0.152523 0.525417 1 0 1.000000
skin_0dam
0  -7.123940 -99.939255 41.822586  0.001442 0.003559 0.999993  0.134309 0.526847 1 0 1.000000
0  -7.079897 -99.637878 41.729900  0.096952 0.961317 0.257817  0.134500 0.528182 1 0 1.000000
0  -10.019766 -99.273033 41.731136  0.263353 0.951423 0.159498  0.121769 0.529756 1 0 1.000000
skin_0dam
0  -10.019766 -99.273033 41.731136  0.263353 0.951423 0.159498  0.121769 0.529756 1 0 1.000000
0  -10.118862 -99.585365 41.824780  0.027517 0.051643 0.998286  0.121340 0.528373 1 0 1.000000
0  -7.123940 -99.939255 41.822586  0.001442 0.003559 0.999993  0.134309 0.526847 1 0 1.000000
skin_0dam
0  -10.118862 -99.585365 41.824780  0.027517 0.051643 0.998286  0.121340 0.528373 1 0 1.000000
0  -10.019766 -99.273033 41.731136  0.263353 0.951423 0.159498  0.121769 0.529756 1 0 1.000000
0  -10.900625 -98.985916 41.728123  0.673404 0.727850 -0.129464  0.117955 0.530995 1 0 1.000000
skin_0dam
0  -10.900625 -98.985916 41.728123  0.673404 0.727850 -0.129464  0.117955 0.530995 1 0 1.000000
0  -11.054775 -99.274406 41.841785  0.120176 0.038329 0.992012  0.117288 0.529708 1 0 1.000000
0  -10.118862 -99.585365 41.824780  0.027517 0.051643 0.998286  0.121340 0.528373 1 0 1.000000
skin_0dam
0  -11.627334 -98.638618 41.907745  0.212868 -0.035457 0.976437  0.114808 0.532426 1 0 1.000000
0  -11.054775 -99.274406 41.841785  0.120176 0.038329 0.992012  0.117288 0.529708 1 0 1.000000
0  -10.900625 -98.985916 41.728123  0.673404 0.727850 -0.129464  0.117955 0.530995 1 0 1.000000
skin_0dam
0  -11.054775 -99.274406 41.841785  0.120176 0.038329 0.992012  0.117288 0.529708 1 0 1.000000
0  -11.627334 -98.638618 41.907745  0.212868 -0.035457 0.976437  0.114808 0.532426 1 0 1.000000
0  -12.442129 -101.072334 42.010139  0.308673 -0.019183 0.950975  0.111280 0.521888 1 0 1.000000
skin_0dam
0  -13.113784 -98.042747 42.275616  0.318041 -0.016720 0.947929  0.108371 0.534857 1 0 1.000000
0  -12.442129 -101.072334 42.010139  0.308673 -0.019183 0.950975  0.111280 0.521888 1 0 1.000000
0  -11.627334 -98.638618 41.907745  0.212868 -0.035457 0.976437  0.114808 0.532426 1 0 1.000000
skin_0dam
0  -12.089785 -97.368027 42.028690  0.254996 -0.023569 0.966655  0.112806 0.537861 1 0 1.000000
0  -13.113784 -98.042747 42.275616  0.318041 -0.016720 0.947929  0.108371 0.534857 1 0 1.000000
0  -11.627334 -98.638618 41.907745  0.212868 -0.035457 0.976437  0.114808 0.532426 1 0 1.000000
skin_0dam
0  -13.113784 -98.042747 42.275616  0.318041 -0.016720 0.947929  0.108371 0.534857 1 0 1.000000
0  -12.089785 -97.368027 42.028690  0.254996 -0.023569 0.966655  0.112806 0.537861 1 0 1.000000
0  -13.774429 -90.058258 42.704453  0.337909 -0.082710 0.937537  0.105511 0.569139 1 0 1.000000
skin_0dam
0  -13.774429 -90.058258 42.704453  0.337909 -0.082710 0.937537  0.105511 0.569139 1 0 1.000000
0  -12.089785 -97.368027 42.028690  0.254996 -0.023569 0.966655  0.112806 0.537861 1 0 1.000000
0  -11.803506 -97.259834 41.875538  0.946191 0.277394 -0.166662  0.114045 0.538386 1 0 1.000000
skin_0dam
0  -13.466129 -89.982033 42.565147  0.990900 0.090835 -0.099329  0.106846 0.569520 1 0 1.000000
0  -13.774429 -90.058258 42.704453  0.337909 -0.082710 0.937537  0.105511 0.569139 1 0 1.000000
0  -11.803506 -97.259834 41.875538  0.946191 0.277394 -0.166662  0.114045 0.538386 1 0 1.000000
skin_0dam
0  -13.785440 -88.966454 42.929459  0.173300 -0.201567 0.964022  0.105463 0.573764 1 0 1.000000
0  -13.774429 -90.058258 42.704453  0.337909 -0.082710 0.937537  0.105511 0.569139 1 0 1.000000
0  -13.466129 -89.982033 42.565147  0.990900 0.090835 -0.099329  0.106846 0.569520 1 0 1.000000
skin_0dam
0  -13.444107 -88.920250 42.825943  0.997270 -0.066034 0.033039  0.106941 0.574002 1 0 1.000000
0  -13.785440 -88.966454 42.929459  0.173300 -0.201567 0.964022  0.105463 0.573764 1 0 1.000000
0  -13.466129 -89.982033 42.565147  0.990900 0.090835 -0.099329  0.106846 0.569520 1 0 1.000000
skin_0dam
0  -13.785440 -88.966454 42.929459  0.173300 -0.201567 0.964022  0.105463 0.573764 1 0 1.000000
0  -13.444107 -88.920250 42.825943  0.997270 -0.066034 0.033039  0.106941 0.574002 1 0 1.000000
0  -13.510172 -86.707840 43.605030  -0.062993 -0.277497 0.958659  0.106655 0.583252 1 0 1.000000
skin_0dam
0  -11.418130 -98.351097 41.783112  0.909392 0.350069 -0.224629  0.115714 0.533713 1 0 1.000000
0  -11.627334 -98.638618 41.907745  0.212868 -0.035457 0.976437  0.114808 0.532426 1 0 1.000000
0  -10.900625 -98.985916 41.728123  0.673404 0.727850 -0.129464  0.117955 0.530995 1 0 1.000000
skin_0dam
0  -12.089785 -97.368027 42.028690  0.254996 -0.023569 0.966655  0.112806 0.537861 1 0 1.000000
0  -11.627334 -98.638618 41.907745  0.212868 -0.035457 0.976437  0.114808 0.532426 1 0 1.000000
0  -11.418130 -98.351097 41.783112  0.909392 0.350069 -0.224629  0.115714 0.533713 1 0 1.000000
skin_0dam
0  -11.803506 -97.259834 41.875538  0.946191 0.277394 -0.166662  0.114045 0.538386 1 0 1.000000
0  -12.089785 -97.368027 42.028690  0.254996 -0.023569 0.966655  0.112806 0.537861 1 0 1.000000
0  -11.418130 -98.351097 41.783112  0.909392 0.350069 -0.224629  0.115714 0.533713 1 0 1.000000
skin_0dam
0  -12.442129 -101.072334 42.010139  0.308673 -0.019183 0.950975  0.111280 0.521888 1 0 1.000000
0  -11.946646 -101.941338 41.931427  0.053197 0.008962 0.998544  0.113425 0.518170 1 0 1.000000
0  -11.054775 -99.274406 41.841785  0.120176 0.038329 0.992012  0.117288 0.529708 1 0 1.000000
skin_0dam
0  -10.118862 -99.585365 41.824780  0.027517 0.051643 0.998286  0.121340 0.528373 1 0 1.000000
0  -11.054775 -99.274406 41.841785  0.120176 0.038329 0.992012  0.117288 0.529708 1 0 1.000000
0  -11.946646 -101.941338 41.931427  0.053197 0.008962 0.998544  0.113425 0.518170 1 0 1.000000
skin_0dam
0  -10.999722 -102.341011 41.911129  0.021382 0.017818 0.999613  0.117526 0.516453 1 0 1.000000
0  -10.118862 -99.585365 41.824780  0.027517 0.051643 0.998286  0.121340 0.528373 1 0 1.000000
0  -11.946646 -101.941338 41.931427  0.053197 0.008962 0.998544  0.113425 0.518170 1 0 1.000000
skin_0dam
0  -7.123940 -99.939255 41.822586  0.001442 0.003559 0.999993  0.134309 0.526847 1 0 1.000000
0  -10.118862 -99.585365 41.824780  0.027517 0.051643 0.998286  0.121340 0.528373 1 0 1.000000
0  -10.999722 -102.341011 41.911129  0.021382 0.017818 0.999613  0.117526 0.516453 1 0 1.000000
skin_0dam
0  -5.296157 -103.083603 41.887676  0.008790 0.051558 0.998631  0.142224 0.513259 1 0 1.000000
0  -7.123940 -99.939255 41.822586  0.001442 0.003559 0.999993  0.134309 0.526847 1 0 1.000000
0  -10.999722 -102.341011 41.911129  0.021382 0.017818 0.999613  0.117526 0.516453 1 0 1.000000
skin_0dam
0  -5.296157 -103.083603 41.887676  0.008790 0.051558 0.998631  0.142224 0.513259 1 0 1.000000
0  -2.917836 -100.271194 41.818466  0.001610 0.000542 0.999999  0.152523 0.525417 1 0 1.000000
0  -7.123940 -99.939255 41.822586  0.001442 0.003559 0.999993  0.134309 0.526847 1 0 1.000000
skin_0dam
0  -5.296157 -103.083603 41.887676  0.008790 0.051558 0.998631  0.142224 0.513259 1 0 1.000000
0  0.000011 -103.440361 41.852573  0.000001 0.042451 0.999099  0.165158 0.511733 1 0 1.000000
0  -2.917836 -100.271194 41.818466  0.001610 0.000542 0.999999  0.152523 0.525417 1 0 1.000000
skin_0dam
0  -32.723915 -103.456360 37.753384  -0.604538 -0.689329 0.399198  0.023455 0.513211 1 0 1.000000
0  -32.789982 -103.393425 37.714722  -0.908896 0.232314 -0.346320  0.023168 0.513497 1 0 1.000000
0  -32.635830 -103.932259 36.988167  -0.885876 0.282265 -0.368171  0.023836 0.511447 1 0 1.000000
skin_0dam
0  -32.635830 -103.932259 36.988167  -0.885876 0.282265 -0.368171  0.023836 0.511447 1 0 1.000000
0  -32.602798 -104.004250 37.049728  -0.616643 -0.704889 0.350547  0.023979 0.511113 1 0 1.000000
0  -32.723915 -103.456360 37.753384  -0.604538 -0.689329 0.399198  0.023455 0.513211 1 0 1.000000
skin_0dam
0  -32.602798 -104.004250 37.049728  -0.616643 -0.704889 0.350547  0.023979 0.511113 1 0 1.000000
0  -32.635830 -103.932259 36.988167  -0.885876 0.282265 -0.368171  0.023836 0.511447 1 0 1.000000
0  -32.591785 -104.005753 36.906174  -0.621168 -0.185594 -0.761384  0.024027 0.511161 1 0 1.000000
skin_0dam
0  -32.591785 -104.005753 36.906174  -0.621168 -0.185594 -0.761384  0.024027 0.511161 1 0 1.000000
0  -32.393593 -104.230339 36.992138  -0.616241 -0.705391 0.350245  0.024885 0.510159 1 0 1.000000
0  -32.602798 -104.004250 37.049728  -0.616643 -0.704889 0.350547  0.023979 0.511113 1 0 1.000000
skin_0dam
0  -32.393593 -104.230339 36.992138  -0.616241 -0.705391 0.350245  0.024885 0.510159 1 0 1.000000
0  -32.591785 -104.005753 36.906174  -0.621168 -0.185594 -0.761384  0.024027 0.511161 1 0 1.000000
0  -32.404606 -104.155067 36.841866  -0.340250 -0.353224 -0.871472  0.024837 0.510541 1 0 1.000000
skin_0dam
0  -32.393593 -104.230339 36.992138  -0.616241 -0.705391 0.350245  0.024885 0.510159 1 0 1.000000
0  -32.404606 -104.155067 36.841866  -0.340250 -0.353224 -0.871472  0.024837 0.510541 1 0 1.000000
0  -26.756094 -108.613487 36.668232  -0.260105 -0.391558 -0.882626  0.049297 0.491374 1 0 1.000000
skin_0dam
0  -26.756094 -108.613487 36.668232  -0.260105 -0.391558 -0.882626  0.049297 0.491374 1 0 1.000000
0  -26.778114 -108.667778 36.805618  -0.485336 -0.807811 0.334499  0.049201 0.491088 1 0 1.000000
0  -32.393593 -104.230339 36.992138  -0.616241 -0.705391 0.350245  0.024885 0.510159 1 0 1.000000
skin_0dam
0  -26.778114 -108.667778 36.805618  -0.485336 -0.807811 0.334499  0.049201 0.491088 1 0 1.000000
0  -26.756094 -108.613487 36.668232  -0.260105 -0.391558 -0.882626  0.049297 0.491374 1 0 1.000000
0  -23.298719 -110.544136 36.582924  -0.228730 -0.422681 -0.876940  0.064268 0.483077 1 0 1.000000
skin_0dam
0  -23.298719 -110.544136 36.582924  -0.228730 -0.422681 -0.876940  0.064268 0.483077 1 0 1.000000
0  -23.320742 -110.597473 36.731277  -0.408947 -0.846928 0.339817  0.064173 0.482791 1 0 1.000000
0  -26.778114 -108.667778 36.805618  -0.485336 -0.807811 0.334499  0.049201 0.491088 1 0 1.000000
skin_0dam
0  -23.320742 -110.597473 36.731277  -0.408947 -0.846928 0.339817  0.064173 0.482791 1 0 1.000000
0  -23.232656 -110.277054 37.487995  -0.400671 -0.824973 0.398600  0.064554 0.483888 1 0 1.000000
0  -26.778114 -108.667778 36.805618  -0.485336 -0.807811 0.334499  0.049201 0.491088 1 0 1.000000
skin_0dam
0  -23.232656 -110.277054 37.487995  -0.400671 -0.824973 0.398600  0.064554 0.483888 1 0 1.000000
0  -26.590933 -108.403160 37.556164  -0.527667 -0.752252 0.394568  0.050012 0.491946 1 0 1.000000
0  -26.778114 -108.667778 36.805618  -0.485336 -0.807811 0.334499  0.049201 0.491088 1 0 1.000000
skin_0dam
0  -32.393593 -104.230339 36.992138  -0.616241 -0.705391 0.350245  0.024885 0.510159 1 0 1.000000
0  -26.778114 -108.667778 36.805618  -0.485336 -0.807811 0.334499  0.049201 0.491088 1 0 1.000000
0  -26.590933 -108.403160 37.556164  -0.527667 -0.752252 0.394568  0.050012 0.491946 1 0 1.000000
skin_0dam
0  -32.602798 -104.004250 37.049728  -0.616643 -0.704889 0.350547  0.023979 0.511113 1 0 1.000000
0  -32.393593 -104.230339 36.992138  -0.616241 -0.705391 0.350245  0.024885 0.510159 1 0 1.000000
0  -26.590933 -108.403160 37.556164  -0.527667 -0.752252 0.394568  0.050012 0.491946 1 0 1.000000
skin_0dam
0  -32.723915 -103.456360 37.753384  -0.604538 -0.689329 0.399198  0.023455 0.513211 1 0 1.000000
0  -32.602798 -104.004250 37.049728  -0.616643 -0.704889 0.350547  0.023979 0.511113 1 0 1.000000
0  -26.590933 -108.403160 37.556164  -0.527667 -0.752252 0.394568  0.050012 0.491946 1 0 1.000000
skin_0dam
0  19.378920 -111.706833 36.684647  0.220074 -0.911583 0.347253  0.249073 0.478023 1 0 1.000000
0  23.320765 -110.597473 36.731277  0.300685 -0.888404 0.346880  0.266143 0.482791 1 0 1.000000
0  19.290833 -111.386414 37.441368  0.212763 -0.889595 0.404169  0.248692 0.479120 1 0 1.000000
skin_0dam
0  23.320765 -110.597473 36.731277  0.300685 -0.888404 0.346880  0.266143 0.482791 1 0 1.000000
0  23.232679 -110.277054 37.487995  0.291986 -0.866811 0.404206  0.265761 0.483888 1 0 1.000000
0  19.290833 -111.386414 37.441368  0.212763 -0.889595 0.404169  0.248692 0.479120 1 0 1.000000
skin_0dam
0  19.378920 -111.706833 36.684647  0.220074 -0.911583 0.347253  0.249073 0.478023 1 0 1.000000
0  19.290833 -111.386414 37.441368  0.212763 -0.889595 0.404169  0.248692 0.479120 1 0 1.000000
0  13.234923 -112.495773 37.394733  0.129099 -0.905122 0.405078  0.222468 0.474352 1 0 1.000000
skin_0dam
0  13.289977 -112.827156 36.638977  0.132357 -0.928357 0.347325  0.222707 0.473208 1 0 1.000000
0  19.378920 -111.706833 36.684647  0.220074 -0.911583 0.347253  0.249073 0.478023 1 0 1.000000
0  13.234923 -112.495773 37.394733  0.129099 -0.905122 0.405078  0.222468 0.474352 1 0 1.000000
skin_0dam
0  13.289977 -112.827156 36.638977  0.132357 -0.928357 0.347325  0.222707 0.473208 1 0 1.000000
0  13.234923 -112.495773 37.394733  0.129099 -0.905122 0.405078  0.222468 0.474352 1 0 1.000000
0  6.033898 -113.283195 37.364151  0.077498 -0.910902 0.405280  0.191286 0.470967 1 0 1.000000
skin_0dam
0  6.044909 -113.614586 36.608395  0.079683 -0.934325 0.347401  0.191334 0.469823 1 0 1.000000
0  13.289977 -112.827156 36.638977  0.132357 -0.928357 0.347325  0.222707 0.473208 1 0 1.000000
0  6.033898 -113.283195 37.364151  0.077498 -0.910902 0.405280  0.191286 0.470967 1 0 1.000000
skin_0dam
0  6.044909 -113.614586 36.608395  0.079683 -0.934325 0.347401  0.191334 0.469823 1 0 1.000000
0  6.033898 -113.283195 37.364151  0.077498 -0.910902 0.405280  0.191286 0.470967 1 0 1.000000
0  0.000011 -113.670944 37.353863  0.047274 -0.912739 0.405800  0.165158 0.469298 1 0 1.000000
skin_0dam
0  0.000011 -113.670944 37.353863  0.047274 -0.912739 0.405800  0.165158 0.469298 1 0 1.000000
0  0.000011 -114.002335 36.598106  0.048636 -0.936319 0.347766  0.165158 0.468154 1 0 1.000000
0  6.044909 -113.614586 36.608395  0.079683 -0.934325 0.347401  0.191334 0.469823 1 0 1.000000
skin_0dam
0  6.044909 -113.614586 36.608395  0.079683 -0.934325 0.347401  0.191334 0.469823 1 0 1.000000
0  0.000011 -114.002335 36.598106  0.048636 -0.936319 0.347766  0.165158 0.468154 1 0 1.000000
0  0.000011 -113.979988 36.474571  0.029352 -0.538950 -0.841826  0.165158 0.468297 1 0 1.000000
skin_0dam
0  0.000011 -113.979988 36.474571  0.029352 -0.538950 -0.841826  0.165158 0.468297 1 0 1.000000
0  6.044909 -113.581261 36.483898  0.045621 -0.506032 -0.861307  0.191334 0.470013 1 0 1.000000
0  6.044909 -113.614586 36.608395  0.079683 -0.934325 0.347401  0.191334 0.469823 1 0 1.000000
skin_0dam
0  13.289977 -112.827156 36.638977  0.132357 -0.928357 0.347325  0.222707 0.473208 1 0 1.000000
0  6.044909 -113.614586 36.608395  0.079683 -0.934325 0.347401  0.191334 0.469823 1 0 1.000000
0  6.044909 -113.581261 36.483898  0.045420 -0.506046 -0.861310  0.191334 0.470013 1 0 1.000000
skin_0dam
0  6.044909 -113.581261 36.483898  0.045420 -0.506046 -0.861310  0.191334 0.470013 1 0 1.000000
0  13.278966 -112.773827 36.490623  0.070674 -0.454710 -0.887831  0.222659 0.473494 1 0 1.000000
0  13.289977 -112.827156 36.638977  0.132357 -0.928357 0.347325  0.222707 0.473208 1 0 1.000000
skin_0dam
0  19.378920 -111.706833 36.684647  0.220074 -0.911583 0.347253  0.249073 0.478023 1 0 1.000000
0  13.289977 -112.827156 36.638977  0.132357 -0.928357 0.347325  0.222707 0.473208 1 0 1.000000
0  13.278966 -112.773827 36.490623  0.070674 -0.454710 -0.887831  0.222659 0.473494 1 0 1.000000
skin_0dam
0  13.278966 -112.773827 36.490623  0.070674 -0.454710 -0.887831  0.222659 0.473494 1 0 1.000000
0  19.378920 -111.642525 36.535336  0.119342 -0.449452 -0.885297  0.249073 0.478357 1 0 1.000000
0  19.378920 -111.706833 36.684647  0.220074 -0.911583 0.347253  0.249073 0.478023 1 0 1.000000
skin_0dam
0  23.320765 -110.597473 36.731277  0.300685 -0.888404 0.346880  0.266143 0.482791 1 0 1.000000
0  19.378920 -111.706833 36.684647  0.220074 -0.911583 0.347253  0.249073 0.478023 1 0 1.000000
0  19.378920 -111.642525 36.535336  0.119342 -0.449452 -0.885297  0.249073 0.478357 1 0 1.000000
skin_0dam
0  19.378920 -111.642525 36.535336  0.119342 -0.449452 -0.885297  0.249073 0.478357 1 0 1.000000
0  23.298742 -110.544136 36.582924  0.167343 -0.443383 -0.880573  0.266047 0.483077 1 0 1.000000
0  23.320765 -110.597473 36.731277  0.300685 -0.888404 0.346880  0.266143 0.482791 1 0 1.000000
skin_0dam
0  -23.320742 -110.597473 36.731277  -0.300685 -0.888401 0.346890  0.064173 0.482791 1 0 1.000000
0  -23.298719 -110.544136 36.582924  -0.167373 -0.443410 -0.880553  0.064268 0.483077 1 0 1.000000
0  -19.378897 -111.642525 36.535339  -0.119338 -0.449402 -0.885323  0.081242 0.478357 1 0 1.000000
skin_0dam
0  -19.378897 -111.642525 36.535339  -0.119338 -0.449402 -0.885323  0.081242 0.478357 1 0 1.000000
0  -19.378897 -111.706833 36.684647  -0.220139 -0.911571 0.347242  0.081242 0.478023 1 0 1.000000
0  -23.320742 -110.597473 36.731277  -0.300685 -0.888401 0.346890  0.064173 0.482791 1 0 1.000000
skin_0dam
0  -19.378897 -111.706833 36.684647  -0.220139 -0.911571 0.347242  0.081242 0.478023 1 0 1.000000
0  -19.378897 -111.642525 36.535339  -0.119338 -0.449402 -0.885323  0.081242 0.478357 1 0 1.000000
0  -13.278945 -112.773827 36.490627  -0.070716 -0.454571 -0.887899  0.107656 0.473494 1 0 1.000000
skin_0dam
0  -13.278945 -112.773827 36.490627  -0.070716 -0.454571 -0.887899  0.107656 0.473494 1 0 1.000000
0  -13.289956 -112.827156 36.638981  -0.132347 -0.928318 0.347435  0.107609 0.473208 1 0 1.000000
0  -19.378897 -111.706833 36.684647  -0.220139 -0.911571 0.347242  0.081242 0.478023 1 0 1.000000
skin_0dam
0  -13.289956 -112.827156 36.638981  -0.132347 -0.928318 0.347435  0.107609 0.473208 1 0 1.000000
0  -13.278945 -112.773827 36.490627  -0.070716 -0.454571 -0.887899  0.107656 0.473494 1 0 1.000000
0  -6.044887 -113.581261 36.483898  -0.045439 -0.505881 -0.861406  0.138982 0.470013 1 0 1.000000
skin_0dam
0  -6.044887 -113.581261 36.483898  -0.045439 -0.505881 -0.861406  0.138982 0.470013 1 0 1.000000
0  -6.044887 -113.614586 36.608395  -0.079727 -0.934303 0.347451  0.138982 0.469823 1 0 1.000000
0  -13.289956 -112.827156 36.638981  -0.132347 -0.928318 0.347435  0.107609 0.473208 1 0 1.000000
skin_0dam
0  -6.044887 -113.614586 36.608395  -0.079727 -0.934303 0.347451  0.138982 0.469823 1 0 1.000000
0  -6.044887 -113.581261 36.483898  -0.045439 -0.505881 -0.861406  0.138982 0.470013 1 0 1.000000
0  0.000011 -113.979988 36.474571  -0.029420 -0.538675 -0.842000  0.165158 0.468297 1 0 1.000000
skin_0dam
0  0.000011 -113.979988 36.474571  -0.029381 -0.538688 -0.841993  0.165158 0.468297 1 0 1.000000
0  0.000011 -114.002335 36.598106  -0.048638 -0.936319 0.347766  0.165158 0.468154 1 0 1.000000
0  -6.044887 -113.614586 36.608395  -0.079727 -0.934303 0.347451  0.138982 0.469823 1 0 1.000000
skin_0dam
0  -6.044887 -113.614586 36.608395  -0.079727 -0.934303 0.347451  0.138982 0.469823 1 0 1.000000
0  0.000011 -114.002335 36.598106  -0.048638 -0.936319 0.347766  0.165158 0.468154 1 0 1.000000
0  0.000011 -113.670944 37.353863  -0.047274 -0.912739 0.405800  0.165158 0.469298 1 0 1.000000
skin_0dam
0  0.000011 -113.670944 37.353863  -0.047274 -0.912739 0.405800  0.165158 0.469298 1 0 1.000000
0  -6.033876 -113.283195 37.364151  -0.077418 -0.910752 0.405632  0.139029 0.470967 1 0 1.000000
0  -6.044887 -113.614586 36.608395  -0.079727 -0.934303 0.347451  0.138982 0.469823 1 0 1.000000
skin_0dam
0  -6.044887 -113.614586 36.608395  -0.079727 -0.934303 0.347451  0.138982 0.469823 1 0 1.000000
0  -6.033876 -113.283195 37.364151  -0.077418 -0.910752 0.405632  0.139029 0.470967 1 0 1.000000
0  -13.289956 -112.827156 36.638981  -0.132347 -0.928318 0.347435  0.107609 0.473208 1 0 1.000000
skin_0dam
0  -6.033876 -113.283195 37.364151  -0.077418 -0.910752 0.405632  0.139029 0.470967 1 0 1.000000
0  -13.234902 -112.495773 37.394733  -0.129117 -0.905059 0.405211  0.107847 0.474352 1 0 1.000000
0  -13.289956 -112.827156 36.638981  -0.132347 -0.928318 0.347435  0.107609 0.473208 1 0 1.000000
skin_0dam
0  -13.289956 -112.827156 36.638981  -0.132347 -0.928318 0.347435  0.107609 0.473208 1 0 1.000000
0  -13.234902 -112.495773 37.394733  -0.129117 -0.905059 0.405211  0.107847 0.474352 1 0 1.000000
0  -19.378897 -111.706833 36.684647  -0.220139 -0.911571 0.347242  0.081242 0.478023 1 0 1.000000
skin_0dam
0  -13.234902 -112.495773 37.394733  -0.129117 -0.905059 0.405211  0.107847 0.474352 1 0 1.000000
0  -19.290810 -111.386414 37.441368  -0.212754 -0.889651 0.404051  0.081623 0.479120 1 0 1.000000
0  -19.378897 -111.706833 36.684647  -0.220139 -0.911571 0.347242  0.081242 0.478023 1 0 1.000000
skin_0dam
0  -19.378897 -111.706833 36.684647  -0.220139 -0.911571 0.347242  0.081242 0.478023 1 0 1.000000
0  -19.290810 -111.386414 37.441368  -0.212754 -0.889651 0.404051  0.081623 0.479120 1 0 1.000000
0  -23.320742 -110.597473 36.731277  -0.300685 -0.888401 0.346890  0.064173 0.482791 1 0 1.000000
skin_0dam
0  -19.290810 -111.386414 37.441368  -0.212754 -0.889651 0.404051  0.081623 0.479120 1 0 1.000000
0  -23.232656 -110.277054 37.487995  -0.291973 -0.866781 0.404280  0.064554 0.483888 1 0 1.000000
0  -23.320742 -110.597473 36.731277  -0.300685 -0.888401 0.346890  0.064173 0.482791 1 0 1.000000
end
