version 1
nodes
0 "root" -1
1 "steering_wheel" 0
end
skeleton
time 0
0  0.000000 0.000000 0.000000  0.000000 -0.000000 0.000000
1  19.916300 17.934299 33.308498  0.000000 -0.000000 0.000000
end
triangles
decal
0  16.406013 -67.451813 43.140091  0.516769 -0.134597 0.845478  0.632588 0.760002 1 0 1.000000
0  15.271909 -67.418777 43.833767  0.516765 -0.134587 0.845482  0.633564 0.866939 1 0 1.000000
0  14.677329 -74.895073 43.052006  0.516765 -0.134586 0.845482  -0.000488 0.863521 1 0 1.000000
decal
0  14.677329 -74.895073 43.052006  0.516765 -0.134586 0.845482  -0.000488 0.863521 1 0 1.000000
0  15.723350 -74.939117 42.402370  0.516778 -0.134565 0.845478  -0.002197 0.763176 1 0 1.000000
0  16.406013 -67.451813 43.140091  0.516769 -0.134597 0.845478  0.632588 0.760002 1 0 1.000000
decal
0  -16.405998 -67.451813 43.140091  -0.516770 -0.134598 0.845478  -0.001465 0.760002 1 0 1.000000
0  -15.723332 -74.939117 42.402370  -0.516777 -0.134565 0.845478  0.633564 0.763176 1 0 1.000000
0  -14.677312 -74.895073 43.052006  -0.516766 -0.134586 0.845482  0.631611 0.863521 1 0 1.000000
decal
0  -14.677312 -74.895073 43.052006  -0.516766 -0.134586 0.845482  0.631611 0.863521 1 0 1.000000
0  -15.271892 -67.418777 43.833767  -0.516767 -0.134587 0.845481  -0.002197 0.866939 1 0 1.000000
0  -16.405998 -67.451813 43.140091  -0.516770 -0.134598 0.845478  -0.001465 0.760002 1 0 1.000000
blackplastic
0  3.083018 -95.474152 39.033085  0.352890 -0.064797 0.933419  0.601581 0.302713 1 0 1.000000
0  2.785728 -94.714409 39.198246  0.352890 -0.064796 0.933419  0.601581 0.302713 1 0 1.000000
0  2.708653 -94.934624 39.209255  0.352890 -0.064796 0.933419  0.601581 0.302713 1 0 1.000000
blackplastic
0  -8.610391 -98.292900 38.515579  -0.018185 -0.258353 0.965879  0.601581 0.302713 1 0 1.000000
0  -3.105019 -98.755348 38.471535  -0.011481 -0.258479 0.965949  0.601581 0.302713 1 0 1.000000
0  -2.785708 -97.885506 38.636696  -0.001375 -0.122627 0.992452  0.601581 0.302713 1 0 1.000000
blackplastic
0  -2.785708 -97.885506 38.636696  -0.001375 -0.122627 0.992452  0.601581 0.302713 1 0 1.000000
0  -8.808583 -97.379005 38.691750  -0.004580 -0.122925 0.992405  0.601581 0.302713 1 0 1.000000
0  -8.610391 -98.292900 38.515579  -0.018185 -0.258353 0.965879  0.601581 0.302713 1 0 1.000000
blackplastic
0  -8.070864 -96.707352 38.790848  -0.020470 -0.288453 0.957275  0.601581 0.302713 1 0 1.000000
0  -3.105019 -97.125763 38.757816  -0.013095 -0.288671 0.957339  0.601581 0.302713 1 0 1.000000
0  -2.785708 -96.299957 38.933987  -0.003304 -0.149910 0.988694  0.601581 0.302713 1 0 1.000000
blackplastic
0  -2.785708 -96.299957 38.933987  -0.003304 -0.149910 0.988694  0.601581 0.302713 1 0 1.000000
0  -8.258046 -95.848518 38.978031  -0.007084 -0.149881 0.988679  0.601581 0.302713 1 0 1.000000
0  -8.070864 -96.707352 38.790848  -0.020470 -0.288453 0.957275  0.601581 0.302713 1 0 1.000000
blackplastic
0  14.302963 -64.941360 43.657597  -0.045248 0.779023 0.625360  0.601581 0.302713 1 0 1.000000
0  12.706406 -66.075470 44.450367  -0.010614 0.422732 0.906193  0.601581 0.302713 1 0 1.000000
0  14.137802 -65.998390 44.417336  -0.039081 0.564815 0.824292  0.601581 0.302713 1 0 1.000000
blackplastic
0  12.706406 -66.075470 44.450367  -0.010614 0.422732 0.906193  0.601581 0.302713 1 0 1.000000
0  14.302963 -64.941360 43.657597  -0.045248 0.779023 0.625360  0.601581 0.302713 1 0 1.000000
0  0.000008 -65.568970 43.756691  0.000014 0.792585 0.609761  0.601581 0.302713 1 0 1.000000
blackplastic
0  0.000008 -65.568970 43.756691  0.000014 0.792585 0.609761  0.601581 0.302713 1 0 1.000000
0  0.000008 -66.681061 44.637550  0.000017 0.384037 0.923318  0.601581 0.302713 1 0 1.000000
0  12.706406 -66.075470 44.450367  -0.010614 0.422732 0.906193  0.601581 0.302713 1 0 1.000000
blackplastic
0  -12.706388 -66.075470 44.450367  0.010618 0.422731 0.906193  0.601581 0.302713 1 0 1.000000
0  0.000008 -66.681061 44.637550  0.000017 0.384037 0.923318  0.601581 0.302713 1 0 1.000000
0  0.000008 -65.568970 43.756691  0.000014 0.792585 0.609761  0.601581 0.302713 1 0 1.000000
blackplastic
0  0.000008 -65.568970 43.756691  0.000014 0.792585 0.609761  0.601581 0.302713 1 0 1.000000
0  -14.302946 -64.941360 43.657597  0.045243 0.779024 0.625360  0.601581 0.302713 1 0 1.000000
0  -12.706388 -66.075470 44.450367  0.010618 0.422731 0.906193  0.601581 0.302713 1 0 1.000000
blackplastic
0  -14.302946 -64.941360 43.657597  0.045243 0.779024 0.625360  0.601581 0.302713 1 0 1.000000
0  -14.137785 -65.998390 44.417336  0.039077 0.564811 0.824295  0.601581 0.302713 1 0 1.000000
0  -12.706388 -66.075470 44.450367  0.010618 0.422731 0.906193  0.601581 0.302713 1 0 1.000000
blackplastic
0  30.786045 -61.814304 40.552563  0.000488 0.269596 -0.962973  0.601581 0.302713 1 0 1.000000
0  21.151646 -82.382378 38.196266  0.000194 0.268855 -0.963181  0.601581 0.302713 1 0 1.000000
0  17.815390 -65.216629 40.717728  -0.000021 0.269394 -0.963030  0.601581 0.302713 1 0 1.000000
blackplastic
0  22.836290 -102.983475 34.078247  0.000009 0.269384 -0.963033  0.601581 0.302713 1 0 1.000000
0  21.151646 -82.382378 38.196266  0.000194 0.268855 -0.963181  0.601581 0.302713 1 0 1.000000
0  33.395596 -96.454109 37.513596  0.000449 0.269277 -0.963063  0.601581 0.302713 1 0 1.000000
blackplastic
0  33.395596 -96.454109 37.513596  0.000449 0.269277 -0.963063  0.601581 0.302713 1 0 1.000000
0  21.151646 -82.382378 38.196266  0.000194 0.268855 -0.963181  0.601581 0.302713 1 0 1.000000
0  33.494690 -92.104866 38.317383  0.000381 0.269129 -0.963104  0.601581 0.302713 1 0 1.000000
blackplastic
0  21.151646 -82.382378 38.196266  0.000194 0.268855 -0.963181  0.601581 0.302713 1 0 1.000000
0  33.615807 -85.146072 39.330368  0.000299 0.269054 -0.963125  0.601581 0.302713 1 0 1.000000
0  33.494690 -92.104866 38.317383  0.000381 0.269129 -0.963104  0.601581 0.302713 1 0 1.000000
blackplastic
0  33.681870 -70.666946 41.169163  0.000331 0.269078 -0.963118  0.601581 0.302713 1 0 1.000000
0  33.615807 -85.146072 39.330368  0.000299 0.269054 -0.963125  0.601581 0.302713 1 0 1.000000
0  21.151646 -82.382378 38.196266  0.000194 0.268855 -0.963181  0.601581 0.302713 1 0 1.000000
blackplastic
0  21.151646 -82.382378 38.196266  0.000194 0.268855 -0.963181  0.601581 0.302713 1 0 1.000000
0  30.786045 -61.814304 40.552563  0.000488 0.269596 -0.962973  0.601581 0.302713 1 0 1.000000
0  33.681870 -70.666946 41.169163  0.000331 0.269078 -0.963118  0.601581 0.302713 1 0 1.000000
blackplastic
0  30.786045 -61.814304 40.552563  0.000488 0.269596 -0.962973  0.601581 0.302713 1 0 1.000000
0  33.593784 -61.770264 42.182152  -0.000005 0.269407 -0.963027  0.601581 0.302713 1 0 1.000000
0  33.681870 -70.666946 41.169163  0.000331 0.269078 -0.963118  0.601581 0.302713 1 0 1.000000
blackplastic
0  33.593784 -61.770264 42.182152  -0.000005 0.269407 -0.963027  0.601581 0.302713 1 0 1.000000
0  30.786045 -61.814304 40.552563  0.000488 0.269596 -0.962973  0.601581 0.302713 1 0 1.000000
0  33.505699 -59.116673 42.479443  0.000431 0.269384 -0.963033  0.601581 0.302713 1 0 1.000000
blackplastic
0  30.907162 -59.579124 42.325291  -0.000073 0.269857 -0.962900  0.601581 0.302713 1 0 1.000000
0  33.505699 -59.116673 42.479443  0.000431 0.269384 -0.963033  0.601581 0.302713 1 0 1.000000
0  30.786045 -61.814304 40.552563  0.000488 0.269596 -0.962973  0.601581 0.302713 1 0 1.000000
blackplastic
0  30.907162 -59.579124 42.325291  -0.000073 0.269857 -0.962900  0.298994 0.700639 1 0 1.000000
0  33.329525 -58.973534 42.501465  -0.000007 0.268927 -0.963161  0.309483 0.703261 1 0 1.000000
0  33.505699 -59.116673 42.479443  0.000431 0.269384 -0.963033  0.310246 0.702641 1 0 1.000000
blackplastic
0  33.505699 -59.116673 42.479443  0.000431 0.269384 -0.963033  0.310246 0.702641 1 0 1.000000
0  33.329525 -58.973534 42.501465  -0.000007 0.268927 -0.963161  0.309483 0.703261 1 0 1.000000
0  33.439632 -59.017578 42.490452  -0.000175 0.268810 -0.963193  0.309960 0.703070 1 0 1.000000
blackplastic
0  -13.278945 -112.034309 31.832060  -0.000006 0.269401 -0.963028  0.601581 0.302713 1 0 1.000000
0  -19.378897 -110.911209 31.975199  0.000029 0.269400 -0.963028  0.601581 0.302713 1 0 1.000000
0  -22.836271 -102.983475 34.078247  -0.000008 0.269385 -0.963033  0.601581 0.302713 1 0 1.000000
blackplastic
0  -22.836271 -102.983475 34.078247  -0.000008 0.269385 -0.963033  0.601581 0.302713 1 0 1.000000
0  -6.044887 -112.838089 31.754982  0.000023 0.269406 -0.963027  0.601581 0.302713 1 0 1.000000
0  -13.278945 -112.034309 31.832060  -0.000006 0.269401 -0.963028  0.601581 0.302713 1 0 1.000000
blackplastic
0  -22.836271 -102.983475 34.078247  -0.000008 0.269385 -0.963033  0.601581 0.302713 1 0 1.000000
0  0.000011 -106.011429 34.199368  -0.000001 0.269377 -0.963035  0.601581 0.302713 1 0 1.000000
0  -6.044887 -112.838089 31.754982  0.000023 0.269406 -0.963027  0.601581 0.302713 1 0 1.000000
blackplastic
0  0.000011 -106.011429 34.199368  -0.000001 0.269377 -0.963035  0.601581 0.302713 1 0 1.000000
0  -0.187172 -113.234482 31.710939  0.000007 0.269432 -0.963019  0.601581 0.302713 1 0 1.000000
0  -6.044887 -112.838089 31.754982  0.000024 0.269402 -0.963028  0.601581 0.302713 1 0 1.000000
blackplastic
0  0.000011 -113.234482 31.710939  0.000003 0.269395 -0.963030  0.601581 0.302713 1 0 1.000000
0  -0.187172 -113.234482 31.710939  0.000007 0.269432 -0.963019  0.601581 0.302713 1 0 1.000000
0  0.000011 -106.011429 34.199368  -0.000001 0.269377 -0.963035  0.601581 0.302713 1 0 1.000000
blackplastic
0  0.000011 -113.234482 31.710939  0.000003 0.269395 -0.963030  0.601581 0.302713 1 0 1.000000
0  0.000011 -106.011429 34.199368  -0.000001 0.269377 -0.963035  0.601581 0.302713 1 0 1.000000
0  0.187194 -113.234482 31.710939  -0.000008 0.269433 -0.963019  0.601581 0.302713 1 0 1.000000
blackplastic
0  0.000011 -106.011429 34.199368  -0.000001 0.269377 -0.963035  0.601581 0.302713 1 0 1.000000
0  6.044909 -112.838089 31.754982  -0.000004 0.269399 -0.963029  0.601581 0.302713 1 0 1.000000
0  0.187194 -113.234482 31.710939  -0.000008 0.269433 -0.963019  0.601581 0.302713 1 0 1.000000
blackplastic
0  22.836290 -102.983475 34.078247  0.000009 0.269384 -0.963033  0.601581 0.302713 1 0 1.000000
0  6.044909 -112.838089 31.754982  -0.000004 0.269399 -0.963029  0.601581 0.302713 1 0 1.000000
0  0.000011 -106.011429 34.199368  -0.000001 0.269377 -0.963035  0.601581 0.302713 1 0 1.000000
blackplastic
0  13.278966 -112.034309 31.832056  0.000007 0.269399 -0.963029  0.601581 0.302713 1 0 1.000000
0  6.044909 -112.838089 31.754982  -0.000004 0.269399 -0.963029  0.601581 0.302713 1 0 1.000000
0  22.836290 -102.983475 34.078247  0.000009 0.269384 -0.963033  0.601581 0.302713 1 0 1.000000
blackplastic
0  22.836290 -102.983475 34.078247  0.000009 0.269384 -0.963033  0.601581 0.302713 1 0 1.000000
0  19.378920 -110.911209 31.975195  -0.000027 0.269403 -0.963027  0.601581 0.302713 1 0 1.000000
0  13.278966 -112.034309 31.832056  0.000007 0.269399 -0.963029  0.601581 0.302713 1 0 1.000000
blackplastic
0  19.378920 -110.911209 31.975195  -0.000027 0.269403 -0.963027  0.601581 0.302713 1 0 1.000000
0  22.836290 -102.983475 34.078247  0.000009 0.269384 -0.963033  0.601581 0.302713 1 0 1.000000
0  23.298742 -109.821152 32.118336  -0.000008 0.269402 -0.963028  0.601581 0.302713 1 0 1.000000
blackplastic
0  23.298742 -109.821152 32.118336  -0.000008 0.269402 -0.963028  0.601581 0.302713 1 0 1.000000
0  22.836290 -102.983475 34.078247  0.000009 0.269384 -0.963033  0.601581 0.302713 1 0 1.000000
0  26.756117 -107.905281 32.371578  -0.000363 0.269369 -0.963037  0.601581 0.302713 1 0 1.000000
blackplastic
0  32.404629 -103.478958 32.933128  -0.000178 0.269770 -0.962925  0.601581 0.302713 1 0 1.000000
0  26.756117 -107.905281 32.371578  -0.000363 0.269369 -0.963037  0.601581 0.302713 1 0 1.000000
0  22.836290 -102.983475 34.078247  0.000009 0.269384 -0.963033  0.601581 0.302713 1 0 1.000000
blackplastic
0  22.836290 -102.983475 34.078247  0.000009 0.269384 -0.963033  0.601581 0.302713 1 0 1.000000
0  32.591808 -103.335823 33.010204  0.000035 0.269328 -0.963049  0.601581 0.302713 1 0 1.000000
0  32.404629 -103.478958 32.933128  -0.000178 0.269770 -0.962925  0.601581 0.302713 1 0 1.000000
blackplastic
0  32.591808 -103.335823 33.010204  0.000035 0.269328 -0.963049  0.601581 0.302713 1 0 1.000000
0  22.836290 -102.983475 34.078247  0.000009 0.269384 -0.963033  0.601581 0.302713 1 0 1.000000
0  32.635853 -103.269753 33.098289  0.000000 0.268906 -0.963166  0.601581 0.302713 1 0 1.000000
blackplastic
0  32.635853 -103.269753 33.098289  0.000000 0.268906 -0.963166  0.601581 0.302713 1 0 1.000000
0  22.836290 -102.983475 34.078247  0.000009 0.269384 -0.963033  0.601581 0.302713 1 0 1.000000
0  32.790005 -102.796295 33.869041  -0.000043 0.269404 -0.963027  0.601581 0.302713 1 0 1.000000
blackplastic
0  22.836290 -102.983475 34.078247  0.000009 0.269384 -0.963033  0.601581 0.302713 1 0 1.000000
0  33.296497 -99.107697 36.753857  0.000249 0.269763 -0.962927  0.601581 0.302713 1 0 1.000000
0  32.790005 -102.796295 33.869041  -0.000043 0.269404 -0.963027  0.601581 0.302713 1 0 1.000000
blackplastic
0  22.836290 -102.983475 34.078247  0.000009 0.269384 -0.963033  0.601581 0.302713 1 0 1.000000
0  33.395596 -96.454109 37.513596  0.000449 0.269277 -0.963063  0.601581 0.302713 1 0 1.000000
0  33.296497 -99.107697 36.753857  0.000249 0.269763 -0.962927  0.601581 0.302713 1 0 1.000000
blackplastic
0  0.000008 -67.418777 41.015018  0.000001 0.269365 -0.963038  0.601581 0.302713 1 0 1.000000
0  17.815390 -65.216629 40.717728  -0.000021 0.269394 -0.963030  0.601581 0.302713 1 0 1.000000
0  21.151646 -82.382378 38.196266  0.000194 0.268855 -0.963181  0.601581 0.302713 1 0 1.000000
blackplastic
0  21.151646 -82.382378 38.196266  0.000194 0.268855 -0.963181  0.601581 0.302713 1 0 1.000000
0  0.000009 -85.289215 38.240311  -0.000000 0.268978 -0.963146  0.601581 0.302713 1 0 1.000000
0  0.000008 -67.418777 41.015018  0.000001 0.269365 -0.963038  0.601581 0.302713 1 0 1.000000
blackplastic
0  0.000009 -85.289215 38.240311  -0.000000 0.268978 -0.963146  0.601581 0.302713 1 0 1.000000
0  21.151646 -82.382378 38.196266  0.000194 0.268855 -0.963181  0.601581 0.302713 1 0 1.000000
0  22.836290 -102.983475 34.078247  0.000009 0.269384 -0.963033  0.601581 0.302713 1 0 1.000000
blackplastic
0  22.836290 -102.983475 34.078247  0.000009 0.269384 -0.963033  0.601581 0.302713 1 0 1.000000
0  0.000011 -106.011429 34.199368  -0.000001 0.269377 -0.963035  0.601581 0.302713 1 0 1.000000
0  0.000009 -85.289215 38.240311  -0.000000 0.268978 -0.963146  0.601581 0.302713 1 0 1.000000
blackplastic
0  0.000009 -85.289215 38.240311  -0.000000 0.268978 -0.963146  0.601581 0.302713 1 0 1.000000
0  0.000011 -106.011429 34.199368  -0.000001 0.269377 -0.963035  0.601581 0.302713 1 0 1.000000
0  -22.836271 -102.983475 34.078247  -0.000008 0.269385 -0.963033  0.601581 0.302713 1 0 1.000000
blackplastic
0  -22.836271 -102.983475 34.078247  -0.000008 0.269385 -0.963033  0.601581 0.302713 1 0 1.000000
0  -21.151627 -82.382378 38.196266  -0.000168 0.268845 -0.963183  0.601581 0.302713 1 0 1.000000
0  0.000009 -85.289215 38.240311  -0.000000 0.268978 -0.963146  0.601581 0.302713 1 0 1.000000
blackplastic
0  0.000008 -67.418777 41.015018  0.000001 0.269365 -0.963038  0.601581 0.302713 1 0 1.000000
0  0.000009 -85.289215 38.240311  -0.000000 0.268978 -0.963146  0.601581 0.302713 1 0 1.000000
0  -21.151627 -82.382378 38.196266  -0.000168 0.268845 -0.963183  0.601581 0.302713 1 0 1.000000
blackplastic
0  -21.151627 -82.382378 38.196266  -0.000168 0.268845 -0.963183  0.601581 0.302713 1 0 1.000000
0  -17.815374 -65.216629 40.717728  0.000019 0.269397 -0.963029  0.601581 0.302713 1 0 1.000000
0  0.000008 -67.418777 41.015018  0.000001 0.269365 -0.963038  0.601581 0.302713 1 0 1.000000
blackplastic
0  -30.786030 -61.814312 40.552570  -0.000496 0.269578 -0.962979  0.601581 0.302713 1 0 1.000000
0  -17.815374 -65.216629 40.717728  0.000019 0.269397 -0.963029  0.601581 0.302713 1 0 1.000000
0  -21.151627 -82.382378 38.196266  -0.000168 0.268845 -0.963183  0.601581 0.302713 1 0 1.000000
blackplastic
0  -33.505684 -59.116680 42.479450  -0.000428 0.269383 -0.963033  0.020069 0.702641 1 0 1.000000
0  -33.439617 -59.017586 42.490459  0.000192 0.268787 -0.963200  0.020355 0.703070 1 0 1.000000
0  -33.329510 -58.973541 42.501472  -0.000002 0.268928 -0.963160  0.020832 0.703261 1 0 1.000000
blackplastic
0  -30.907146 -59.579132 42.325298  0.000115 0.269846 -0.962903  0.031322 0.700639 1 0 1.000000
0  -33.505684 -59.116680 42.479450  -0.000428 0.269383 -0.963033  0.020069 0.702641 1 0 1.000000
0  -33.329510 -58.973541 42.501472  -0.000002 0.268928 -0.963160  0.020832 0.703261 1 0 1.000000
blackplastic
0  -30.786030 -61.814312 40.552570  -0.000496 0.269578 -0.962979  0.601581 0.302713 1 0 1.000000
0  -33.505684 -59.116680 42.479450  -0.000428 0.269383 -0.963033  0.601581 0.302713 1 0 1.000000
0  -30.907146 -59.579132 42.325298  0.000115 0.269846 -0.962903  0.601581 0.302713 1 0 1.000000
blackplastic
0  -33.593769 -61.770271 42.182159  0.000006 0.269405 -0.963027  0.601581 0.302713 1 0 1.000000
0  -33.505684 -59.116680 42.479450  -0.000428 0.269383 -0.963033  0.601581 0.302713 1 0 1.000000
0  -30.786030 -61.814312 40.552570  -0.000496 0.269578 -0.962979  0.601581 0.302713 1 0 1.000000
blackplastic
0  -30.786030 -61.814312 40.552570  -0.000496 0.269578 -0.962979  0.601581 0.302713 1 0 1.000000
0  -33.681854 -70.666946 41.169170  -0.000328 0.269076 -0.963119  0.601581 0.302713 1 0 1.000000
0  -33.593769 -61.770271 42.182159  0.000006 0.269405 -0.963027  0.601581 0.302713 1 0 1.000000
blackplastic
0  -21.151627 -82.382378 38.196266  -0.000168 0.268845 -0.963183  0.601581 0.302713 1 0 1.000000
0  -33.681854 -70.666946 41.169170  -0.000328 0.269076 -0.963119  0.601581 0.302713 1 0 1.000000
0  -30.786030 -61.814312 40.552570  -0.000496 0.269578 -0.962979  0.601581 0.302713 1 0 1.000000
blackplastic
0  -33.681854 -70.666946 41.169170  -0.000328 0.269076 -0.963119  0.601581 0.302713 1 0 1.000000
0  -21.151627 -82.382378 38.196266  -0.000168 0.268845 -0.963183  0.601581 0.302713 1 0 1.000000
0  -33.615791 -85.146072 39.330376  -0.000298 0.269053 -0.963125  0.601581 0.302713 1 0 1.000000
blackplastic
0  -21.151627 -82.382378 38.196266  -0.000168 0.268845 -0.963183  0.601581 0.302713 1 0 1.000000
0  -33.494667 -92.104866 38.317390  -0.000381 0.269129 -0.963104  0.601581 0.302713 1 0 1.000000
0  -33.615791 -85.146072 39.330376  -0.000298 0.269053 -0.963125  0.601581 0.302713 1 0 1.000000
blackplastic
0  -33.395573 -96.454109 37.513603  -0.000449 0.269276 -0.963063  0.601581 0.302713 1 0 1.000000
0  -33.494667 -92.104866 38.317390  -0.000381 0.269129 -0.963104  0.601581 0.302713 1 0 1.000000
0  -21.151627 -82.382378 38.196266  -0.000168 0.268845 -0.963183  0.601581 0.302713 1 0 1.000000
blackplastic
0  -22.836271 -102.983475 34.078247  -0.000008 0.269385 -0.963033  0.601581 0.302713 1 0 1.000000
0  -33.395573 -96.454109 37.513603  -0.000449 0.269276 -0.963063  0.601581 0.302713 1 0 1.000000
0  -21.151627 -82.382378 38.196266  -0.000168 0.268845 -0.963183  0.601581 0.302713 1 0 1.000000
blackplastic
0  -22.836271 -102.983475 34.078247  -0.000008 0.269385 -0.963033  0.601581 0.302713 1 0 1.000000
0  -33.296474 -99.107697 36.753864  -0.000241 0.269769 -0.962925  0.601581 0.302713 1 0 1.000000
0  -33.395573 -96.454109 37.513603  -0.000449 0.269276 -0.963063  0.601581 0.302713 1 0 1.000000
blackplastic
0  -22.836271 -102.983475 34.078247  -0.000008 0.269385 -0.963033  0.601581 0.302713 1 0 1.000000
0  -32.789982 -102.796295 33.869049  0.000035 0.269404 -0.963027  0.601581 0.302713 1 0 1.000000
0  -33.296474 -99.107697 36.753864  -0.000241 0.269769 -0.962925  0.601581 0.302713 1 0 1.000000
blackplastic
0  -32.635830 -103.269753 33.098297  0.000033 0.268803 -0.963195  0.601581 0.302713 1 0 1.000000
0  -32.789982 -102.796295 33.869049  0.000035 0.269404 -0.963027  0.601581 0.302713 1 0 1.000000
0  -22.836271 -102.983475 34.078247  -0.000008 0.269385 -0.963033  0.601581 0.302713 1 0 1.000000
blackplastic
0  -32.591785 -103.335823 33.010212  0.000019 0.269288 -0.963060  0.601581 0.302713 1 0 1.000000
0  -32.635830 -103.269753 33.098297  0.000033 0.268803 -0.963195  0.601581 0.302713 1 0 1.000000
0  -22.836271 -102.983475 34.078247  -0.000008 0.269385 -0.963033  0.601581 0.302713 1 0 1.000000
blackplastic
0  -22.836271 -102.983475 34.078247  -0.000008 0.269385 -0.963033  0.601581 0.302713 1 0 1.000000
0  -32.404606 -103.478958 32.933136  0.000173 0.269770 -0.962925  0.601581 0.302713 1 0 1.000000
0  -32.591785 -103.335823 33.010212  0.000019 0.269288 -0.963060  0.601581 0.302713 1 0 1.000000
blackplastic
0  -32.404606 -103.478958 32.933136  0.000173 0.269770 -0.962925  0.601581 0.302713 1 0 1.000000
0  -22.836271 -102.983475 34.078247  -0.000008 0.269385 -0.963033  0.601581 0.302713 1 0 1.000000
0  -26.756094 -107.905281 32.371586  0.000030 0.269399 -0.963029  0.601581 0.302713 1 0 1.000000
blackplastic
0  -23.298719 -109.821152 32.118336  0.000008 0.269399 -0.963029  0.601581 0.302713 1 0 1.000000
0  -26.756094 -107.905281 32.371586  0.000030 0.269399 -0.963029  0.601581 0.302713 1 0 1.000000
0  -22.836271 -102.983475 34.078247  -0.000008 0.269385 -0.963033  0.601581 0.302713 1 0 1.000000
blackplastic
0  -19.378897 -110.911209 31.975199  0.000029 0.269400 -0.963028  0.601581 0.302713 1 0 1.000000
0  -23.298719 -109.821152 32.118336  0.000008 0.269399 -0.963029  0.601581 0.302713 1 0 1.000000
0  -22.836271 -102.983475 34.078247  -0.000008 0.269385 -0.963033  0.601581 0.302713 1 0 1.000000
blackplastic
0  30.786045 -61.814304 40.552563  0.000488 0.269596 -0.962973  0.601581 0.302713 1 0 1.000000
0  28.903208 -59.997532 42.259228  -0.000161 0.269815 -0.962912  0.601581 0.302713 1 0 1.000000
0  30.907162 -59.579124 42.325291  -0.000073 0.269857 -0.962900  0.601581 0.302713 1 0 1.000000
blackplastic
0  22.131601 -61.164677 42.347317  -0.000201 0.269831 -0.962908  0.601581 0.302713 1 0 1.000000
0  28.903208 -59.997532 42.259228  -0.000161 0.269815 -0.962912  0.601581 0.302713 1 0 1.000000
0  30.786045 -61.814304 40.552563  0.000488 0.269596 -0.962973  0.601581 0.302713 1 0 1.000000
blackplastic
0  30.786045 -61.814304 40.552563  0.000488 0.269596 -0.962973  0.601581 0.302713 1 0 1.000000
0  17.815390 -65.216629 40.717728  -0.000021 0.269394 -0.963030  0.601581 0.302713 1 0 1.000000
0  22.131601 -61.164677 42.347317  -0.000201 0.269831 -0.962908  0.601581 0.302713 1 0 1.000000
blackplastic
0  18.332893 -61.638138 42.413380  -0.000156 0.269775 -0.962923  0.601581 0.302713 1 0 1.000000
0  22.131601 -61.164677 42.347317  -0.000201 0.269831 -0.962908  0.601581 0.302713 1 0 1.000000
0  17.815390 -65.216629 40.717728  -0.000021 0.269394 -0.963030  0.601581 0.302713 1 0 1.000000
blackplastic
0  14.027694 -62.067558 42.468433  -0.000166 0.269843 -0.962904  0.601581 0.302713 1 0 1.000000
0  18.332893 -61.638138 42.413380  -0.000156 0.269775 -0.962923  0.601581 0.302713 1 0 1.000000
0  17.815390 -65.216629 40.717728  -0.000021 0.269394 -0.963030  0.601581 0.302713 1 0 1.000000
blackplastic
0  14.027694 -62.067558 42.468433  -0.000166 0.269843 -0.962904  0.601581 0.302713 1 0 1.000000
0  17.815390 -65.216629 40.717728  -0.000021 0.269394 -0.963030  0.601581 0.302713 1 0 1.000000
0  0.000008 -67.418777 41.015018  0.000001 0.269365 -0.963038  0.601581 0.302713 1 0 1.000000
blackplastic
0  0.000008 -62.618095 42.534500  0.000002 0.269414 -0.963024  0.601581 0.302713 1 0 1.000000
0  14.027694 -62.067558 42.468433  -0.000166 0.269843 -0.962904  0.601581 0.302713 1 0 1.000000
0  0.000008 -67.418777 41.015018  0.000001 0.269365 -0.963038  0.601581 0.302713 1 0 1.000000
blackplastic
0  0.000008 -62.618095 42.534500  0.000002 0.269414 -0.963024  0.601581 0.302713 1 0 1.000000
0  0.000008 -67.418777 41.015018  0.000001 0.269365 -0.963038  0.601581 0.302713 1 0 1.000000
0  -14.027678 -62.067558 42.468433  0.000168 0.269842 -0.962905  0.601581 0.302713 1 0 1.000000
blackplastic
0  0.000008 -67.418777 41.015018  0.000001 0.269365 -0.963038  0.601581 0.302713 1 0 1.000000
0  -17.815374 -65.216629 40.717728  0.000019 0.269397 -0.963029  0.601581 0.302713 1 0 1.000000
0  -14.027678 -62.067558 42.468433  0.000168 0.269842 -0.962905  0.601581 0.302713 1 0 1.000000
blackplastic
0  -14.027678 -62.067558 42.468433  0.000168 0.269842 -0.962905  0.601581 0.302713 1 0 1.000000
0  -17.815374 -65.216629 40.717728  0.000019 0.269397 -0.963029  0.601581 0.302713 1 0 1.000000
0  -18.332878 -61.638138 42.413380  0.000157 0.269774 -0.962923  0.601581 0.302713 1 0 1.000000
blackplastic
0  -18.332878 -61.638138 42.413380  0.000157 0.269774 -0.962923  0.601581 0.302713 1 0 1.000000
0  -17.815374 -65.216629 40.717728  0.000019 0.269397 -0.963029  0.601581 0.302713 1 0 1.000000
0  -22.131586 -61.164677 42.347317  0.000204 0.269829 -0.962908  0.601581 0.302713 1 0 1.000000
blackplastic
0  -22.131586 -61.164677 42.347317  0.000204 0.269829 -0.962908  0.601581 0.302713 1 0 1.000000
0  -17.815374 -65.216629 40.717728  0.000019 0.269397 -0.963029  0.601581 0.302713 1 0 1.000000
0  -30.786030 -61.814312 40.552570  -0.000496 0.269578 -0.962979  0.601581 0.302713 1 0 1.000000
blackplastic
0  -30.786030 -61.814312 40.552570  -0.000496 0.269578 -0.962979  0.601581 0.302713 1 0 1.000000
0  -28.903193 -59.997540 42.259235  0.000129 0.269826 -0.962909  0.601581 0.302713 1 0 1.000000
0  -22.131586 -61.164677 42.347317  0.000204 0.269829 -0.962908  0.601581 0.302713 1 0 1.000000
blackplastic
0  -30.907146 -59.579132 42.325298  0.000115 0.269846 -0.962903  0.601581 0.302713 1 0 1.000000
0  -28.903193 -59.997540 42.259235  0.000129 0.269826 -0.962909  0.601581 0.302713 1 0 1.000000
0  -30.786030 -61.814312 40.552570  -0.000496 0.269578 -0.962979  0.601581 0.302713 1 0 1.000000
blackplastic
0  8.610412 -98.292900 38.515579  0.018188 -0.258352 0.965880  0.601581 0.302713 1 0 1.000000
0  8.808604 -97.379005 38.691750  0.004572 -0.122924 0.992405  0.601581 0.302713 1 0 1.000000
0  2.785728 -97.885506 38.636696  0.001376 -0.122624 0.992452  0.601581 0.302713 1 0 1.000000
blackplastic
0  2.785728 -97.885506 38.636696  0.001376 -0.122624 0.992452  0.601581 0.302713 1 0 1.000000
0  3.105040 -98.755348 38.471535  0.011470 -0.258431 0.965962  0.601581 0.302713 1 0 1.000000
0  8.610412 -98.292900 38.515579  0.018188 -0.258352 0.965880  0.601581 0.302713 1 0 1.000000
blackplastic
0  8.070885 -96.707352 38.790848  0.020472 -0.288594 0.957233  0.601581 0.302713 1 0 1.000000
0  8.258067 -95.848518 38.978031  0.007076 -0.149884 0.988678  0.601581 0.302713 1 0 1.000000
0  2.785728 -96.299957 38.933987  0.003296 -0.149911 0.988694  0.601581 0.302713 1 0 1.000000
blackplastic
0  2.785728 -96.299957 38.933987  0.003296 -0.149911 0.988694  0.601581 0.302713 1 0 1.000000
0  3.105040 -97.125763 38.757816  0.013095 -0.288625 0.957353  0.601581 0.302713 1 0 1.000000
0  8.070885 -96.707352 38.790848  0.020472 -0.288594 0.957233  0.601581 0.302713 1 0 1.000000
blackplastic
0  0.000010 -99.823395 38.207279  0.007562 0.143088 0.989681  0.601581 0.302713 1 0 1.000000
0  0.000010 -99.559135 38.262333  -0.000002 -0.200590 0.979675  0.601581 0.302713 1 0 1.000000
0  -0.561537 -99.680252 38.240311  -0.001662 -0.200546 0.979683  0.601581 0.302713 1 0 1.000000
blackplastic
0  0.000010 -99.823395 38.207279  0.007562 0.143088 0.989681  0.601581 0.302713 1 0 1.000000
0  0.561558 -99.680252 38.240311  0.001699 -0.200545 0.979683  0.601581 0.302713 1 0 1.000000
0  0.000010 -99.559135 38.262333  -0.000002 -0.200590 0.979675  0.601581 0.302713 1 0 1.000000
blackplastic
0  -2.906826 -99.548126 38.251320  -0.007951 -0.204689 0.978795  0.601581 0.302713 1 0 1.000000
0  -2.906826 -99.272858 38.229298  0.064085 0.922271 0.381194  0.601581 0.302713 1 0 1.000000
0  -7.079897 -99.239822 38.273342  -0.011826 -0.209981 0.977634  0.601581 0.302713 1 0 1.000000
blackplastic
0  -2.906826 -99.272858 38.229298  0.064085 0.922271 0.381194  0.601581 0.302713 1 0 1.000000
0  -2.906826 -99.548126 38.251320  -0.007951 -0.204689 0.978795  0.601581 0.302713 1 0 1.000000
0  -0.561537 -99.680252 38.240311  -0.001662 -0.200546 0.979683  0.601581 0.302713 1 0 1.000000
blackplastic
0  -0.561537 -99.680252 38.240311  -0.001662 -0.200546 0.979683  0.601581 0.302713 1 0 1.000000
0  -0.187172 -99.404984 38.218288  0.045647 0.925612 0.375712  0.601581 0.302713 1 0 1.000000
0  -2.906826 -99.272858 38.229298  0.064085 0.922271 0.381194  0.601581 0.302713 1 0 1.000000
blackplastic
0  -0.187172 -99.404984 38.218288  0.045647 0.925612 0.375712  0.601581 0.302713 1 0 1.000000
0  -0.561537 -99.680252 38.240311  -0.001662 -0.200546 0.979683  0.601581 0.302713 1 0 1.000000
0  0.000010 -99.559135 38.262333  -0.000002 -0.200590 0.979675  0.601581 0.302713 1 0 1.000000
blackplastic
0  0.000010 -99.404984 38.218288  0.000038 0.926757 0.375662  0.601581 0.302713 1 0 1.000000
0  -0.187172 -99.404984 38.218288  0.045647 0.925612 0.375712  0.601581 0.302713 1 0 1.000000
0  0.000010 -99.559135 38.262333  -0.000002 -0.200590 0.979675  0.601581 0.302713 1 0 1.000000
blackplastic
0  0.000010 -99.404984 38.218288  0.000038 0.926757 0.375662  0.601581 0.302713 1 0 1.000000
0  0.000010 -99.559135 38.262333  -0.000002 -0.200590 0.979675  0.601581 0.302713 1 0 1.000000
0  0.187193 -99.404984 38.218288  -0.045550 0.925625 0.375692  0.601581 0.302713 1 0 1.000000
blackplastic
0  0.000010 -99.559135 38.262333  -0.000002 -0.200590 0.979675  0.601581 0.302713 1 0 1.000000
0  0.561558 -99.680252 38.240311  0.001699 -0.200545 0.979683  0.601581 0.302713 1 0 1.000000
0  0.187193 -99.404984 38.218288  -0.045550 0.925625 0.375692  0.601581 0.302713 1 0 1.000000
blackplastic
0  2.906847 -99.272858 38.229298  -0.063992 0.922278 0.381194  0.601581 0.302713 1 0 1.000000
0  0.187193 -99.404984 38.218288  -0.045550 0.925625 0.375692  0.601581 0.302713 1 0 1.000000
0  0.561558 -99.680252 38.240311  0.001699 -0.200545 0.979683  0.601581 0.302713 1 0 1.000000
blackplastic
0  0.561558 -99.680252 38.240311  0.001699 -0.200545 0.979683  0.601581 0.302713 1 0 1.000000
0  2.906847 -99.548126 38.251320  0.007979 -0.204687 0.978795  0.601581 0.302713 1 0 1.000000
0  2.906847 -99.272858 38.229298  -0.063992 0.922278 0.381194  0.601581 0.302713 1 0 1.000000
blackplastic
0  2.906847 -99.548126 38.251320  0.007979 -0.204687 0.978795  0.601581 0.302713 1 0 1.000000
0  7.079918 -99.239822 38.273342  0.011854 -0.209979 0.977634  0.601581 0.302713 1 0 1.000000
0  2.906847 -99.272858 38.229298  -0.063992 0.922278 0.381194  0.601581 0.302713 1 0 1.000000
blackplastic
0  7.079918 -99.239822 38.273342  0.011854 -0.209979 0.977634  0.601581 0.302713 1 0 1.000000
0  7.068907 -98.953545 38.262333  -0.087404 0.918301 0.386115  0.601581 0.302713 1 0 1.000000
0  2.906847 -99.272858 38.229298  -0.063992 0.922278 0.381194  0.601581 0.302713 1 0 1.000000
blackplastic
0  9.920690 -98.601204 38.295364  -0.122478 0.913947 0.386912  0.601581 0.302713 1 0 1.000000
0  7.068907 -98.953545 38.262333  -0.087404 0.918301 0.386115  0.601581 0.302713 1 0 1.000000
0  7.079918 -99.239822 38.273342  0.011854 -0.209979 0.977634  0.601581 0.302713 1 0 1.000000
blackplastic
0  9.986754 -98.876472 38.306374  0.014187 -0.211452 0.977285  0.601581 0.302713 1 0 1.000000
0  9.920690 -98.601204 38.295364  -0.122478 0.913947 0.386912  0.601581 0.302713 1 0 1.000000
0  7.079918 -99.239822 38.273342  0.011854 -0.209979 0.977634  0.601581 0.302713 1 0 1.000000
blackplastic
0  10.526280 -98.303909 38.328396  -0.645627 0.690808 0.325499  0.601581 0.302713 1 0 1.000000
0  9.920690 -98.601204 38.295364  -0.122478 0.913947 0.386912  0.601581 0.302713 1 0 1.000000
0  9.986754 -98.876472 38.306374  0.014187 -0.211452 0.977285  0.601581 0.302713 1 0 1.000000
blackplastic
0  9.986754 -98.876472 38.306374  0.014187 -0.211452 0.977285  0.601581 0.302713 1 0 1.000000
0  10.735485 -98.579178 38.372440  -0.065197 -0.248215 0.966509  0.601581 0.302713 1 0 1.000000
0  10.526280 -98.303909 38.328396  -0.645627 0.690808 0.325499  0.601581 0.302713 1 0 1.000000
blackplastic
0  10.735485 -98.579178 38.372440  -0.065197 -0.248215 0.966509  0.601581 0.302713 1 0 1.000000
0  10.966710 -98.160774 38.482548  -0.402026 -0.243433 0.882675  0.601581 0.302713 1 0 1.000000
0  10.526280 -98.303909 38.328396  -0.645627 0.690808 0.325499  0.601581 0.302713 1 0 1.000000
blackplastic
0  10.966710 -98.160774 38.482548  -0.402026 -0.243433 0.882675  0.601581 0.302713 1 0 1.000000
0  10.647399 -97.907524 38.405472  -0.989572 -0.143964 0.004749  0.601581 0.302713 1 0 1.000000
0  10.526280 -98.303909 38.328396  -0.645627 0.690808 0.325499  0.601581 0.302713 1 0 1.000000
blackplastic
0  10.647399 -97.907524 38.405472  -0.989572 -0.143964 0.004749  0.601581 0.302713 1 0 1.000000
0  10.966710 -98.160774 38.482548  -0.402026 -0.243433 0.882675  0.601581 0.302713 1 0 1.000000
0  10.691442 -97.268898 38.669727  -0.387387 -0.247880 0.887968  0.601581 0.302713 1 0 1.000000
blackplastic
0  0.000010 -94.406105 39.165211  0.000016 -0.388756 0.921341  0.601581 0.302713 1 0 1.000000
0  8.808604 -93.855568 39.242287  -0.000223 -0.388042 0.921642  0.601581 0.302713 1 0 1.000000
0  0.000010 -88.592438 41.422413  0.000000 -0.340591 0.940212  0.601581 0.302713 1 0 1.000000
blackplastic
0  0.000010 -94.406105 39.165211  0.000016 -0.388756 0.921341  0.601581 0.302713 1 0 1.000000
0  0.000010 -88.592438 41.422413  0.000000 -0.340591 0.940212  0.601581 0.302713 1 0 1.000000
0  -8.808583 -93.855568 39.242287  0.000285 -0.388094 0.921620  0.601581 0.302713 1 0 1.000000
blackplastic
0  0.000010 -88.592438 41.422413  0.000000 -0.340591 0.940212  0.601581 0.302713 1 0 1.000000
0  -9.315079 -87.755623 41.235233  -0.050074 -0.312705 0.948529  0.601581 0.302713 1 0 1.000000
0  -8.808583 -93.855568 39.242287  0.000285 -0.388094 0.921620  0.601581 0.302713 1 0 1.000000
blackplastic
0  -9.337099 -94.240944 39.209255  0.247825 -0.283563 0.926377  0.601581 0.302713 1 0 1.000000
0  -8.808583 -93.855568 39.242287  0.000285 -0.388094 0.921620  0.601581 0.302713 1 0 1.000000
0  -9.315079 -87.755623 41.235233  -0.050074 -0.312705 0.948529  0.601581 0.302713 1 0 1.000000
blackplastic
0  -9.315079 -87.755623 41.235233  -0.050074 -0.312705 0.948529  0.601581 0.302713 1 0 1.000000
0  -12.177872 -87.348221 41.862843  0.346161 -0.223106 0.911261  0.601581 0.302713 1 0 1.000000
0  -9.337099 -94.240944 39.209255  0.247825 -0.283563 0.926377  0.601581 0.302713 1 0 1.000000
blackplastic
0  -11.649355 -93.283012 40.101124  0.393976 -0.241740 0.886761  0.601581 0.302713 1 0 1.000000
0  -9.337099 -94.240944 39.209255  0.247825 -0.283563 0.926377  0.601581 0.302713 1 0 1.000000
0  -12.177872 -87.348221 41.862843  0.346161 -0.223106 0.911261  0.601581 0.302713 1 0 1.000000
blackplastic
0  -11.649355 -93.283012 40.101124  0.393976 -0.241740 0.886761  0.601581 0.302713 1 0 1.000000
0  -10.162905 -95.958626 38.900955  0.277035 -0.273661 0.921066  0.601581 0.302713 1 0 1.000000
0  -9.337099 -94.240944 39.209255  0.247825 -0.283563 0.926377  0.601581 0.302713 1 0 1.000000
blackplastic
0  -10.162905 -95.958626 38.900955  0.277035 -0.273661 0.921066  0.601581 0.302713 1 0 1.000000
0  -11.649355 -93.283012 40.101124  0.393976 -0.241740 0.886761  0.601581 0.302713 1 0 1.000000
0  -11.286001 -97.103737 38.856911  0.402187 -0.243079 0.882700  0.601581 0.302713 1 0 1.000000
blackplastic
0  -10.162905 -95.958626 38.900955  0.277035 -0.273661 0.921066  0.601581 0.302713 1 0 1.000000
0  -11.286001 -97.103737 38.856911  0.402187 -0.243079 0.882700  0.601581 0.302713 1 0 1.000000
0  -10.691421 -97.268898 38.669727  0.387390 -0.247929 0.887953  0.601581 0.302713 1 0 1.000000
blackplastic
0  -11.286001 -97.103737 38.856911  0.402187 -0.243079 0.882700  0.601581 0.302713 1 0 1.000000
0  -10.966689 -98.160774 38.482548  0.402033 -0.243422 0.882675  0.601581 0.302713 1 0 1.000000
0  -10.691421 -97.268898 38.669727  0.387390 -0.247929 0.887953  0.601581 0.302713 1 0 1.000000
blackplastic
0  -10.691421 -97.268898 38.669727  0.387390 -0.247929 0.887953  0.601581 0.302713 1 0 1.000000
0  -10.966689 -98.160774 38.482548  0.402033 -0.243422 0.882675  0.601581 0.302713 1 0 1.000000
0  -10.647378 -97.907524 38.405472  0.989580 -0.143906 0.004766  0.601581 0.302713 1 0 1.000000
blackplastic
0  -10.526259 -98.303909 38.328396  0.645597 0.690833 0.325507  0.601581 0.302713 1 0 1.000000
0  -10.647378 -97.907524 38.405472  0.989580 -0.143906 0.004766  0.601581 0.302713 1 0 1.000000
0  -10.966689 -98.160774 38.482548  0.402033 -0.243422 0.882675  0.601581 0.302713 1 0 1.000000
blackplastic
0  -10.735464 -98.579178 38.372440  0.065244 -0.248243 0.966498  0.601581 0.302713 1 0 1.000000
0  -10.526259 -98.303909 38.328396  0.645597 0.690833 0.325507  0.601581 0.302713 1 0 1.000000
0  -10.966689 -98.160774 38.482548  0.402033 -0.243422 0.882675  0.601581 0.302713 1 0 1.000000
blackplastic
0  -10.526259 -98.303909 38.328396  0.645597 0.690833 0.325507  0.601581 0.302713 1 0 1.000000
0  -10.735464 -98.579178 38.372440  0.065244 -0.248243 0.966498  0.601581 0.302713 1 0 1.000000
0  -9.986733 -98.876472 38.306374  -0.014151 -0.211462 0.977284  0.601581 0.302713 1 0 1.000000
blackplastic
0  -9.986733 -98.876472 38.306374  -0.014151 -0.211462 0.977284  0.601581 0.302713 1 0 1.000000
0  -9.920669 -98.601204 38.295364  0.122438 0.913951 0.386914  0.601581 0.302713 1 0 1.000000
0  -10.526259 -98.303909 38.328396  0.645597 0.690833 0.325507  0.601581 0.302713 1 0 1.000000
blackplastic
0  -9.986733 -98.876472 38.306374  -0.014151 -0.211462 0.977284  0.601581 0.302713 1 0 1.000000
0  -7.079897 -99.239822 38.273342  -0.011826 -0.209981 0.977634  0.601581 0.302713 1 0 1.000000
0  -9.920669 -98.601204 38.295364  0.122438 0.913951 0.386914  0.601581 0.302713 1 0 1.000000
blackplastic
0  -7.079897 -99.239822 38.273342  -0.011826 -0.209981 0.977634  0.601581 0.302713 1 0 1.000000
0  -7.068886 -98.953545 38.262333  0.087502 0.918292 0.386113  0.601581 0.302713 1 0 1.000000
0  -9.920669 -98.601204 38.295364  0.122438 0.913951 0.386914  0.601581 0.302713 1 0 1.000000
blackplastic
0  -2.906826 -99.272858 38.229298  0.064085 0.922271 0.381194  0.601581 0.302713 1 0 1.000000
0  -7.068886 -98.953545 38.262333  0.087502 0.918292 0.386113  0.601581 0.302713 1 0 1.000000
0  -7.079897 -99.239822 38.273342  -0.011826 -0.209981 0.977634  0.601581 0.302713 1 0 1.000000
blackplastic
0  10.691442 -97.268898 38.669727  -0.387387 -0.247880 0.887968  0.601581 0.302713 1 0 1.000000
0  10.537292 -97.423050 38.493557  -0.953017 -0.300717 -0.036450  0.601581 0.302713 1 0 1.000000
0  10.647399 -97.907524 38.405472  -0.989572 -0.143964 0.004749  0.601581 0.302713 1 0 1.000000
blackplastic
0  10.041808 -96.035698 38.768826  -0.940707 -0.333702 -0.060943  0.601581 0.302713 1 0 1.000000
0  10.537292 -97.423050 38.493557  -0.953017 -0.300717 -0.036450  0.601581 0.302713 1 0 1.000000
0  10.691442 -97.268898 38.669727  -0.387387 -0.247880 0.887968  0.601581 0.302713 1 0 1.000000
blackplastic
0  10.691442 -97.268898 38.669727  -0.387387 -0.247880 0.887968  0.601581 0.302713 1 0 1.000000
0  10.162926 -95.958626 38.900955  -0.277043 -0.273644 0.921068  0.601581 0.302713 1 0 1.000000
0  10.041808 -96.035698 38.768826  -0.940707 -0.333702 -0.060943  0.601581 0.302713 1 0 1.000000
blackplastic
0  9.238024 -94.307014 39.066116  -0.915502 -0.389921 -0.099088  0.601581 0.302713 1 0 1.000000
0  10.041808 -96.035698 38.768826  -0.940707 -0.333702 -0.060943  0.601581 0.302713 1 0 1.000000
0  10.162926 -95.958626 38.900955  -0.277043 -0.273644 0.921068  0.601581 0.302713 1 0 1.000000
blackplastic
0  9.337120 -94.240944 39.209255  -0.247824 -0.283561 0.926378  0.601581 0.302713 1 0 1.000000
0  9.238024 -94.307014 39.066116  -0.915502 -0.389921 -0.099088  0.601581 0.302713 1 0 1.000000
0  10.162926 -95.958626 38.900955  -0.277043 -0.273644 0.921068  0.601581 0.302713 1 0 1.000000
blackplastic
0  8.775573 -93.998711 39.132179  -0.126762 -0.990994 0.043152  0.601581 0.302713 1 0 1.000000
0  9.238024 -94.307014 39.066116  -0.915502 -0.389921 -0.099088  0.601581 0.302713 1 0 1.000000
0  9.337120 -94.240944 39.209255  -0.247824 -0.283561 0.926378  0.601581 0.302713 1 0 1.000000
blackplastic
0  9.337120 -94.240944 39.209255  -0.247824 -0.283561 0.926378  0.601581 0.302713 1 0 1.000000
0  8.808604 -93.855568 39.242287  -0.038625 -0.343502 0.938357  0.601581 0.302713 1 0 1.000000
0  8.775573 -93.998711 39.132179  -0.126762 -0.990994 0.043152  0.601581 0.302713 1 0 1.000000
blackplastic
0  0.220225 -94.516212 39.077126  0.042497 -0.996887 0.066408  0.601581 0.302713 1 0 1.000000
0  8.775573 -93.998711 39.132179  -0.126762 -0.990994 0.043152  0.601581 0.302713 1 0 1.000000
0  8.808604 -93.855568 39.242287  -0.038625 -0.343502 0.938357  0.601581 0.302713 1 0 1.000000
blackplastic
0  8.808604 -93.855568 39.242287  -0.038625 -0.343502 0.938357  0.601581 0.302713 1 0 1.000000
0  0.000010 -94.406105 39.165211  0.000016 -0.388857 0.921298  0.601581 0.302713 1 0 1.000000
0  0.220225 -94.516212 39.077126  0.042497 -0.996887 0.066408  0.601581 0.302713 1 0 1.000000
blackplastic
0  0.000010 -94.406105 39.165211  0.000016 -0.388857 0.921298  0.601581 0.302713 1 0 1.000000
0  0.000010 -94.516212 39.077126  -0.000035 -0.997786 0.066507  0.601581 0.302713 1 0 1.000000
0  0.220225 -94.516212 39.077126  0.042497 -0.996887 0.066408  0.601581 0.302713 1 0 1.000000
blackplastic
0  0.000010 -94.406105 39.165211  0.000016 -0.388857 0.921298  0.601581 0.302713 1 0 1.000000
0  -0.220205 -94.516212 39.077126  -0.042337 -0.996888 0.066495  0.601581 0.302713 1 0 1.000000
0  0.000010 -94.516212 39.077126  -0.000035 -0.997786 0.066507  0.601581 0.302713 1 0 1.000000
blackplastic
0  -0.220205 -94.516212 39.077126  -0.042337 -0.996888 0.066495  0.601581 0.302713 1 0 1.000000
0  0.000010 -94.406105 39.165211  0.000016 -0.388857 0.921298  0.601581 0.302713 1 0 1.000000
0  -8.808583 -93.855568 39.242287  0.038568 -0.343551 0.938342  0.601581 0.302713 1 0 1.000000
blackplastic
0  -8.808583 -93.855568 39.242287  0.038568 -0.343551 0.938342  0.601581 0.302713 1 0 1.000000
0  -8.775552 -93.998711 39.132179  0.126426 -0.991035 0.043208  0.601581 0.302713 1 0 1.000000
0  -0.220205 -94.516212 39.077126  -0.042337 -0.996888 0.066495  0.601581 0.302713 1 0 1.000000
blackplastic
0  -8.775552 -93.998711 39.132179  0.126426 -0.991035 0.043208  0.601581 0.302713 1 0 1.000000
0  -8.808583 -93.855568 39.242287  0.038568 -0.343551 0.938342  0.601581 0.302713 1 0 1.000000
0  -9.337099 -94.240944 39.209255  0.247825 -0.283563 0.926377  0.601581 0.302713 1 0 1.000000
blackplastic
0  -9.337099 -94.240944 39.209255  0.247825 -0.283563 0.926377  0.601581 0.302713 1 0 1.000000
0  -9.238003 -94.307014 39.066116  0.915516 -0.389889 -0.099079  0.601581 0.302713 1 0 1.000000
0  -8.775552 -93.998711 39.132179  0.126426 -0.991035 0.043208  0.601581 0.302713 1 0 1.000000
blackplastic
0  -9.337099 -94.240944 39.209255  0.247825 -0.283563 0.926377  0.601581 0.302713 1 0 1.000000
0  -10.162905 -95.958626 38.900955  0.277035 -0.273661 0.921066  0.601581 0.302713 1 0 1.000000
0  -9.238003 -94.307014 39.066116  0.915516 -0.389889 -0.099079  0.601581 0.302713 1 0 1.000000
blackplastic
0  -10.162905 -95.958626 38.900955  0.277035 -0.273661 0.921066  0.601581 0.302713 1 0 1.000000
0  -10.041787 -96.035698 38.768826  0.940701 -0.333718 -0.060947  0.601581 0.302713 1 0 1.000000
0  -9.238003 -94.307014 39.066116  0.915516 -0.389889 -0.099079  0.601581 0.302713 1 0 1.000000
blackplastic
0  -10.041787 -96.035698 38.768826  0.940701 -0.333718 -0.060947  0.601581 0.302713 1 0 1.000000
0  -10.162905 -95.958626 38.900955  0.277035 -0.273661 0.921066  0.601581 0.302713 1 0 1.000000
0  -10.691421 -97.268898 38.669727  0.387390 -0.247929 0.887953  0.601581 0.302713 1 0 1.000000
blackplastic
0  -10.691421 -97.268898 38.669727  0.387390 -0.247929 0.887953  0.601581 0.302713 1 0 1.000000
0  -10.537271 -97.423050 38.493557  0.953011 -0.300729 -0.036496  0.601581 0.302713 1 0 1.000000
0  -10.041787 -96.035698 38.768826  0.940701 -0.333718 -0.060947  0.601581 0.302713 1 0 1.000000
blackplastic
0  -10.647378 -97.907524 38.405472  0.989580 -0.143906 0.004766  0.601581 0.302713 1 0 1.000000
0  -10.537271 -97.423050 38.493557  0.953011 -0.300729 -0.036496  0.601581 0.302713 1 0 1.000000
0  -10.691421 -97.268898 38.669727  0.387390 -0.247929 0.887953  0.601581 0.302713 1 0 1.000000
blackplastic
0  11.286022 -97.103737 38.856911  -0.402186 -0.243070 0.882702  0.601581 0.302713 1 0 1.000000
0  10.691442 -97.268898 38.669727  -0.387387 -0.247880 0.887968  0.601581 0.302713 1 0 1.000000
0  10.966710 -98.160774 38.482548  -0.402026 -0.243433 0.882675  0.601581 0.302713 1 0 1.000000
blackplastic
0  10.162926 -95.958626 38.900955  -0.277043 -0.273644 0.921068  0.601581 0.302713 1 0 1.000000
0  10.691442 -97.268898 38.669727  -0.387387 -0.247880 0.887968  0.601581 0.302713 1 0 1.000000
0  11.286022 -97.103737 38.856911  -0.402186 -0.243070 0.882702  0.601581 0.302713 1 0 1.000000
blackplastic
0  10.162926 -95.958626 38.900955  -0.277043 -0.273644 0.921068  0.601581 0.302713 1 0 1.000000
0  11.286022 -97.103737 38.856911  -0.402186 -0.243070 0.882702  0.601581 0.302713 1 0 1.000000
0  11.649376 -93.283012 40.101124  -0.393977 -0.241742 0.886760  0.601581 0.302713 1 0 1.000000
blackplastic
0  10.162926 -95.958626 38.900955  -0.277043 -0.273644 0.921068  0.601581 0.302713 1 0 1.000000
0  11.649376 -93.283012 40.101124  -0.393977 -0.241742 0.886760  0.601581 0.302713 1 0 1.000000
0  9.337120 -94.240944 39.209255  -0.247824 -0.283561 0.926378  0.601581 0.302713 1 0 1.000000
blackplastic
0  11.649376 -93.283012 40.101124  -0.393977 -0.241742 0.886760  0.601581 0.302713 1 0 1.000000
0  12.177891 -87.348221 41.862843  -0.346161 -0.223106 0.911261  0.601581 0.302713 1 0 1.000000
0  9.337120 -94.240944 39.209255  -0.247824 -0.283561 0.926378  0.601581 0.302713 1 0 1.000000
blackplastic
0  9.337120 -94.240944 39.209255  -0.247824 -0.283561 0.926378  0.601581 0.302713 1 0 1.000000
0  12.177891 -87.348221 41.862843  -0.346161 -0.223106 0.911261  0.601581 0.302713 1 0 1.000000
0  9.315098 -87.755623 41.235233  0.050069 -0.312715 0.948527  0.601581 0.302713 1 0 1.000000
blackplastic
0  9.315098 -87.755623 41.235233  0.050069 -0.312715 0.948527  0.601581 0.302713 1 0 1.000000
0  8.808604 -93.855568 39.242287  -0.000223 -0.388042 0.921642  0.601581 0.302713 1 0 1.000000
0  9.337120 -94.240944 39.209255  -0.247824 -0.283561 0.926378  0.601581 0.302713 1 0 1.000000
blackplastic
0  8.808604 -93.855568 39.242287  -0.000223 -0.388042 0.921642  0.601581 0.302713 1 0 1.000000
0  9.315098 -87.755623 41.235233  0.050069 -0.312715 0.948527  0.601581 0.302713 1 0 1.000000
0  0.000010 -88.592438 41.422413  0.000000 -0.340591 0.940212  0.601581 0.302713 1 0 1.000000
blackplastic
0  0.000010 -86.269173 41.994972  -0.000013 -0.154103 0.988055  0.601581 0.302713 1 0 1.000000
0  0.000010 -88.592438 41.422413  0.000000 -0.340591 0.940212  0.601581 0.302713 1 0 1.000000
0  9.315098 -87.755623 41.235233  0.050069 -0.312715 0.948527  0.601581 0.302713 1 0 1.000000
blackplastic
0  -9.315079 -87.755623 41.235233  -0.050074 -0.312705 0.948529  0.601581 0.302713 1 0 1.000000
0  0.000010 -88.592438 41.422413  0.000000 -0.340591 0.940212  0.601581 0.302713 1 0 1.000000
0  0.000010 -86.269173 41.994972  -0.000013 -0.154103 0.988055  0.601581 0.302713 1 0 1.000000
blackplastic
0  0.000010 -86.269173 41.994972  -0.000013 -0.154103 0.988055  0.601581 0.302713 1 0 1.000000
0  -9.744498 -85.300224 41.774757  -0.043859 -0.166602 0.985048  0.601581 0.302713 1 0 1.000000
0  -9.315079 -87.755623 41.235233  -0.050074 -0.312705 0.948529  0.601581 0.302713 1 0 1.000000
blackplastic
0  -9.315079 -87.755623 41.235233  -0.050074 -0.312705 0.948529  0.601581 0.302713 1 0 1.000000
0  -9.744498 -85.300224 41.774757  -0.043859 -0.166602 0.985048  0.601581 0.302713 1 0 1.000000
0  -12.177872 -87.348221 41.862843  0.346161 -0.223106 0.911261  0.601581 0.302713 1 0 1.000000
blackplastic
0  -9.744498 -85.300224 41.774757  -0.043859 -0.166602 0.985048  0.601581 0.302713 1 0 1.000000
0  -12.409098 -84.815750 42.391361  0.385283 -0.094320 0.917966  0.601581 0.302713 1 0 1.000000
0  -12.177872 -87.348221 41.862843  0.346161 -0.223106 0.911261  0.601581 0.302713 1 0 1.000000
blackplastic
0  -12.409098 -84.815750 42.391361  0.385283 -0.094320 0.917966  0.601581 0.302713 1 0 1.000000
0  -9.744498 -85.300224 41.774757  -0.043859 -0.166602 0.985048  0.601581 0.302713 1 0 1.000000
0  -11.341057 -75.423592 43.327274  -0.031322 -0.131462 0.990826  0.601581 0.302713 1 0 1.000000
blackplastic
0  -11.341057 -75.423592 43.327274  -0.031322 -0.131462 0.990826  0.601581 0.302713 1 0 1.000000
0  -13.267937 -75.225395 43.602543  0.342564 -0.083560 0.935771  0.601581 0.302713 1 0 1.000000
0  -12.409098 -84.815750 42.391361  0.385283 -0.094320 0.917966  0.601581 0.302713 1 0 1.000000
blackplastic
0  -11.341057 -75.423592 43.327274  -0.031322 -0.131462 0.990826  0.601581 0.302713 1 0 1.000000
0  -12.706388 -66.075470 44.450367  -0.030886 -0.124584 0.991728  0.601581 0.302713 1 0 1.000000
0  -13.267937 -75.225395 43.602543  0.342564 -0.083560 0.935771  0.601581 0.302713 1 0 1.000000
blackplastic
0  -12.706388 -66.075470 44.450367  -0.030886 -0.124584 0.991728  0.601581 0.302713 1 0 1.000000
0  -14.137785 -65.998390 44.417336  0.034866 -0.094463 0.994918  0.601581 0.302713 1 0 1.000000
0  -13.267937 -75.225395 43.602543  0.342564 -0.083560 0.935771  0.601581 0.302713 1 0 1.000000
blackplastic
0  -12.706388 -66.075470 44.450367  -0.030886 -0.124584 0.991728  0.601581 0.302713 1 0 1.000000
0  -11.341057 -75.423592 43.327274  -0.031322 -0.131462 0.990826  0.601581 0.302713 1 0 1.000000
0  0.000008 -66.681061 44.637550  -0.000000 -0.121336 0.992612  0.601581 0.302713 1 0 1.000000
blackplastic
0  -11.341057 -75.423592 43.327274  -0.031322 -0.131462 0.990826  0.601581 0.302713 1 0 1.000000
0  0.000009 -76.579720 43.492435  -0.000000 -0.137012 0.990569  0.601581 0.302713 1 0 1.000000
0  0.000008 -66.681061 44.637550  -0.000000 -0.121336 0.992612  0.601581 0.302713 1 0 1.000000
blackplastic
0  0.000009 -76.579720 43.492435  -0.000000 -0.137012 0.990569  0.601581 0.302713 1 0 1.000000
0  -11.341057 -75.423592 43.327274  -0.031322 -0.131462 0.990826  0.601581 0.302713 1 0 1.000000
0  -9.744498 -85.300224 41.774757  -0.043859 -0.166602 0.985048  0.601581 0.302713 1 0 1.000000
blackplastic
0  -9.744498 -85.300224 41.774757  -0.043859 -0.166602 0.985048  0.601581 0.302713 1 0 1.000000
0  0.000010 -86.269173 41.994972  -0.000013 -0.154103 0.988055  0.601581 0.302713 1 0 1.000000
0  0.000009 -76.579720 43.492435  -0.000000 -0.137012 0.990569  0.601581 0.302713 1 0 1.000000
blackplastic
0  0.000009 -76.579720 43.492435  -0.000000 -0.137012 0.990569  0.601581 0.302713 1 0 1.000000
0  0.000010 -86.269173 41.994972  -0.000013 -0.154103 0.988055  0.601581 0.302713 1 0 1.000000
0  9.744517 -85.300224 41.774757  0.043858 -0.166582 0.985052  0.601581 0.302713 1 0 1.000000
blackplastic
0  9.315098 -87.755623 41.235233  0.050069 -0.312715 0.948527  0.601581 0.302713 1 0 1.000000
0  9.744517 -85.300224 41.774757  0.043858 -0.166582 0.985052  0.601581 0.302713 1 0 1.000000
0  0.000010 -86.269173 41.994972  -0.000013 -0.154103 0.988055  0.601581 0.302713 1 0 1.000000
blackplastic
0  9.315098 -87.755623 41.235233  0.050069 -0.312715 0.948527  0.601581 0.302713 1 0 1.000000
0  12.177891 -87.348221 41.862843  -0.346161 -0.223106 0.911261  0.601581 0.302713 1 0 1.000000
0  9.744517 -85.300224 41.774757  0.043858 -0.166582 0.985052  0.601581 0.302713 1 0 1.000000
blackplastic
0  12.177891 -87.348221 41.862843  -0.346161 -0.223106 0.911261  0.601581 0.302713 1 0 1.000000
0  12.409117 -84.815750 42.391361  -0.385283 -0.094321 0.917965  0.601581 0.302713 1 0 1.000000
0  9.744517 -85.300224 41.774757  0.043858 -0.166582 0.985052  0.601581 0.302713 1 0 1.000000
blackplastic
0  11.341074 -75.423592 43.327274  0.031462 -0.131475 0.990820  0.601581 0.302713 1 0 1.000000
0  9.744517 -85.300224 41.774757  0.043858 -0.166582 0.985052  0.601581 0.302713 1 0 1.000000
0  12.409117 -84.815750 42.391361  -0.385283 -0.094321 0.917965  0.601581 0.302713 1 0 1.000000
blackplastic
0  12.409117 -84.815750 42.391361  -0.385283 -0.094321 0.917965  0.601581 0.302713 1 0 1.000000
0  13.267954 -75.225395 43.602543  -0.342563 -0.083544 0.935773  0.601581 0.302713 1 0 1.000000
0  11.341074 -75.423592 43.327274  0.031462 -0.131475 0.990820  0.601581 0.302713 1 0 1.000000
blackplastic
0  11.341074 -75.423592 43.327274  0.031462 -0.131475 0.990820  0.601581 0.302713 1 0 1.000000
0  13.267954 -75.225395 43.602543  -0.342563 -0.083544 0.935773  0.601581 0.302713 1 0 1.000000
0  12.706406 -66.075470 44.450367  0.030886 -0.124584 0.991728  0.601581 0.302713 1 0 1.000000
blackplastic
0  13.267954 -75.225395 43.602543  -0.342563 -0.083544 0.935773  0.601581 0.302713 1 0 1.000000
0  14.137802 -65.998390 44.417336  -0.034909 -0.093731 0.994985  0.601581 0.302713 1 0 1.000000
0  12.706406 -66.075470 44.450367  0.030886 -0.124584 0.991728  0.601581 0.302713 1 0 1.000000
blackplastic
0  9.744517 -85.300224 41.774757  0.043858 -0.166582 0.985052  0.601581 0.302713 1 0 1.000000
0  11.341074 -75.423592 43.327274  0.031462 -0.131475 0.990820  0.601581 0.302713 1 0 1.000000
0  0.000009 -76.579720 43.492435  -0.000000 -0.137012 0.990569  0.601581 0.302713 1 0 1.000000
blackplastic
0  0.000008 -66.681061 44.637550  -0.000000 -0.121336 0.992612  0.601581 0.302713 1 0 1.000000
0  0.000009 -76.579720 43.492435  -0.000000 -0.137012 0.990569  0.601581 0.302713 1 0 1.000000
0  11.341074 -75.423592 43.327274  0.031462 -0.131475 0.990820  0.601581 0.302713 1 0 1.000000
blackplastic
0  12.706406 -66.075470 44.450367  0.030886 -0.124584 0.991728  0.601581 0.302713 1 0 1.000000
0  0.000008 -66.681061 44.637550  -0.000000 -0.121336 0.992612  0.601581 0.302713 1 0 1.000000
0  11.341074 -75.423592 43.327274  0.031462 -0.131475 0.990820  0.601581 0.302713 1 0 1.000000
blackplastic
0  -8.940713 -97.643265 38.702763  -0.025889 -0.271009 0.962229  0.601581 0.302713 1 0 1.000000
0  -10.438173 -97.445076 38.713772  -0.026292 -0.265285 0.963812  0.601581 0.302713 1 0 1.000000
0  -10.570303 -97.929543 38.570633  -0.032875 -0.314989 0.948526  0.601581 0.302713 1 0 1.000000
blackplastic
0  -10.570303 -97.929543 38.570633  -0.032875 -0.314989 0.948526  0.601581 0.302713 1 0 1.000000
0  -10.438173 -97.445076 38.713772  -0.026292 -0.265285 0.963812  0.601581 0.302713 1 0 1.000000
0  -10.537271 -97.423050 38.493557  -0.945651 0.283321 -0.159602  0.601581 0.302713 1 0 1.000000
blackplastic
0  -10.647378 -97.907524 38.405472  -0.974634 0.128793 -0.183034  0.601581 0.302713 1 0 1.000000
0  -10.570303 -97.929543 38.570633  -0.032875 -0.314989 0.948526  0.601581 0.302713 1 0 1.000000
0  -10.537271 -97.423050 38.493557  -0.945651 0.283321 -0.159602  0.601581 0.302713 1 0 1.000000
blackplastic
0  -10.449184 -98.292900 38.449512  -0.034886 -0.351812 0.935420  0.601581 0.302713 1 0 1.000000
0  -10.570303 -97.929543 38.570633  -0.032875 -0.314989 0.948526  0.601581 0.302713 1 0 1.000000
0  -10.647378 -97.907524 38.405472  -0.974634 0.128793 -0.183034  0.601581 0.302713 1 0 1.000000
blackplastic
0  -10.570303 -97.929543 38.570633  -0.032875 -0.314989 0.948526  0.601581 0.302713 1 0 1.000000
0  -10.449184 -98.292900 38.449512  -0.034886 -0.351812 0.935420  0.601581 0.302713 1 0 1.000000
0  -8.940713 -97.643265 38.702763  -0.025889 -0.271009 0.962229  0.601581 0.302713 1 0 1.000000
blackplastic
0  -10.449184 -98.292900 38.449512  -0.034886 -0.351812 0.935420  0.601581 0.302713 1 0 1.000000
0  -9.887636 -98.535133 38.383450  -0.035067 -0.387582 0.921168  0.601581 0.302713 1 0 1.000000
0  -8.940713 -97.643265 38.702763  -0.025889 -0.271009 0.962229  0.601581 0.302713 1 0 1.000000
blackplastic
0  -8.610391 -98.292900 38.515579  -0.031188 -0.359690 0.932551  0.601581 0.302713 1 0 1.000000
0  -8.940713 -97.643265 38.702763  -0.025889 -0.271009 0.962229  0.601581 0.302713 1 0 1.000000
0  -9.887636 -98.535133 38.383450  -0.035067 -0.387582 0.921168  0.601581 0.302713 1 0 1.000000
blackplastic
0  -8.610391 -98.292900 38.515579  -0.031188 -0.359690 0.932551  0.601581 0.302713 1 0 1.000000
0  -9.887636 -98.535133 38.383450  -0.035067 -0.387582 0.921168  0.601581 0.302713 1 0 1.000000
0  -7.068886 -98.876472 38.350418  -0.031154 -0.414026 0.909732  0.601581 0.302713 1 0 1.000000
blackplastic
0  -7.068886 -98.953545 38.262333  -0.090419 -0.969297 -0.228667  0.601581 0.302713 1 0 1.000000
0  -7.068886 -98.876472 38.350418  -0.031154 -0.414026 0.909732  0.601581 0.302713 1 0 1.000000
0  -9.887636 -98.535133 38.383450  -0.035067 -0.387582 0.921168  0.601581 0.302713 1 0 1.000000
blackplastic
0  -2.906826 -99.195778 38.317387  -0.021711 -0.415032 0.909548  0.601581 0.302713 1 0 1.000000
0  -7.068886 -98.876472 38.350418  -0.031154 -0.414026 0.909732  0.601581 0.302713 1 0 1.000000
0  -7.068886 -98.953545 38.262333  -0.090419 -0.969297 -0.228667  0.601581 0.302713 1 0 1.000000
blackplastic
0  -2.906826 -99.272858 38.229298  -0.065980 -0.972923 -0.221513  0.601581 0.302713 1 0 1.000000
0  -2.906826 -99.195778 38.317387  -0.021711 -0.415032 0.909548  0.601581 0.302713 1 0 1.000000
0  -7.068886 -98.953545 38.262333  -0.090419 -0.969297 -0.228667  0.601581 0.302713 1 0 1.000000
blackplastic
0  -0.187172 -99.327911 38.306374  -0.016044 -0.408614 0.912566  0.601581 0.302713 1 0 1.000000
0  -2.906826 -99.195778 38.317387  -0.021711 -0.415032 0.909548  0.601581 0.302713 1 0 1.000000
0  -2.906826 -99.272858 38.229298  -0.065980 -0.972923 -0.221513  0.601581 0.302713 1 0 1.000000
blackplastic
0  -0.187172 -99.404984 38.218288  -0.046941 -0.975028 -0.217066  0.601581 0.302713 1 0 1.000000
0  -0.187172 -99.327911 38.306374  -0.016044 -0.408614 0.912566  0.601581 0.302713 1 0 1.000000
0  -2.906826 -99.272858 38.229298  -0.065980 -0.972923 -0.221513  0.601581 0.302713 1 0 1.000000
blackplastic
0  0.000010 -99.327911 38.306374  -0.000055 -0.408593 0.912717  0.601581 0.302713 1 0 1.000000
0  -0.187172 -99.327911 38.306374  -0.016044 -0.408614 0.912566  0.601581 0.302713 1 0 1.000000
0  -0.187172 -99.404984 38.218288  -0.046941 -0.975028 -0.217066  0.601581 0.302713 1 0 1.000000
blackplastic
0  -0.187172 -99.404984 38.218288  -0.046941 -0.975028 -0.217066  0.601581 0.302713 1 0 1.000000
0  0.000010 -99.404984 38.218288  -0.000039 -0.976110 -0.217279  0.601581 0.302713 1 0 1.000000
0  0.000010 -99.327911 38.306374  -0.000055 -0.408593 0.912717  0.601581 0.302713 1 0 1.000000
blackplastic
0  0.000010 -99.327911 38.306374  -0.000055 -0.408593 0.912717  0.601581 0.302713 1 0 1.000000
0  0.000010 -99.404984 38.218288  -0.000039 -0.976110 -0.217279  0.601581 0.302713 1 0 1.000000
0  0.187193 -99.404984 38.218288  0.047025 -0.975076 -0.216830  0.601581 0.302713 1 0 1.000000
blackplastic
0  0.187193 -99.404984 38.218288  0.047025 -0.975076 -0.216830  0.601581 0.302713 1 0 1.000000
0  0.187193 -99.327911 38.306374  0.016063 -0.408520 0.912608  0.601581 0.302713 1 0 1.000000
0  0.000010 -99.327911 38.306374  -0.000055 -0.408593 0.912717  0.601581 0.302713 1 0 1.000000
blackplastic
0  0.000010 -98.336945 38.636696  0.000003 -0.261715 0.965145  0.601581 0.302713 1 0 1.000000
0  0.000010 -99.327911 38.306374  -0.000055 -0.408593 0.912717  0.601581 0.302713 1 0 1.000000
0  0.187193 -99.327911 38.306374  0.016063 -0.408520 0.912608  0.601581 0.302713 1 0 1.000000
blackplastic
0  0.187193 -99.327911 38.306374  0.016063 -0.408520 0.912608  0.601581 0.302713 1 0 1.000000
0  0.198204 -98.336945 38.636696  0.009396 -0.261800 0.965076  0.601581 0.302713 1 0 1.000000
0  0.000010 -98.336945 38.636696  0.000003 -0.261715 0.965145  0.601581 0.302713 1 0 1.000000
blackplastic
0  -3.105019 -98.755348 38.471535  -0.016484 -0.360365 0.932666  0.601581 0.302713 1 0 1.000000
0  -8.610391 -98.292900 38.515579  -0.031188 -0.359690 0.932551  0.601581 0.302713 1 0 1.000000
0  -7.068886 -98.876472 38.350418  -0.031154 -0.414026 0.909732  0.601581 0.302713 1 0 1.000000
blackplastic
0  -7.068886 -98.876472 38.350418  -0.031154 -0.414026 0.909732  0.601581 0.302713 1 0 1.000000
0  -2.906826 -99.195778 38.317387  -0.021711 -0.415032 0.909548  0.601581 0.302713 1 0 1.000000
0  -3.105019 -98.755348 38.471535  -0.016484 -0.360365 0.932666  0.601581 0.302713 1 0 1.000000
blackplastic
0  -2.697622 -98.193802 38.658718  -0.007997 -0.266894 0.963693  0.601581 0.302713 1 0 1.000000
0  -3.105019 -98.755348 38.471535  -0.016484 -0.360365 0.932666  0.601581 0.302713 1 0 1.000000
0  -2.906826 -99.195778 38.317387  -0.021711 -0.415032 0.909548  0.601581 0.302713 1 0 1.000000
blackplastic
0  -2.697622 -98.193802 38.658718  -0.007997 -0.266894 0.963693  0.601581 0.302713 1 0 1.000000
0  -2.906826 -99.195778 38.317387  -0.021711 -0.415032 0.909548  0.601581 0.302713 1 0 1.000000
0  -0.187172 -99.327911 38.306374  -0.016044 -0.408614 0.912566  0.601581 0.302713 1 0 1.000000
blackplastic
0  -0.187172 -99.327911 38.306374  -0.016044 -0.408614 0.912566  0.601581 0.302713 1 0 1.000000
0  -0.198183 -98.336945 38.636696  -0.009396 -0.261803 0.965075  0.601581 0.302713 1 0 1.000000
0  -2.697622 -98.193802 38.658718  -0.007997 -0.266894 0.963693  0.601581 0.302713 1 0 1.000000
blackplastic
0  0.000010 -98.336945 38.636696  0.000003 -0.261715 0.965145  0.601581 0.302713 1 0 1.000000
0  -0.198183 -98.336945 38.636696  -0.009396 -0.261803 0.965075  0.601581 0.302713 1 0 1.000000
0  -0.187172 -99.327911 38.306374  -0.016044 -0.408614 0.912566  0.601581 0.302713 1 0 1.000000
blackplastic
0  -0.187172 -99.327911 38.306374  -0.016044 -0.408614 0.912566  0.601581 0.302713 1 0 1.000000
0  0.000010 -99.327911 38.306374  -0.000055 -0.408593 0.912717  0.601581 0.302713 1 0 1.000000
0  0.000010 -98.336945 38.636696  0.000003 -0.261715 0.965145  0.601581 0.302713 1 0 1.000000
blackplastic
0  -10.526259 -98.303909 38.328396  -0.915004 -0.316687 -0.249952  0.601581 0.302713 1 0 1.000000
0  -10.449184 -98.292900 38.449512  -0.034886 -0.351812 0.935420  0.601581 0.302713 1 0 1.000000
0  -10.647378 -97.907524 38.405472  -0.974634 0.128793 -0.183034  0.601581 0.302713 1 0 1.000000
blackplastic
0  -10.449184 -98.292900 38.449512  -0.034886 -0.351812 0.935420  0.601581 0.302713 1 0 1.000000
0  -10.526259 -98.303909 38.328396  -0.915004 -0.316687 -0.249952  0.601581 0.302713 1 0 1.000000
0  -9.920669 -98.601204 38.295364  -0.298434 -0.919576 -0.255574  0.601581 0.302713 1 0 1.000000
blackplastic
0  -9.920669 -98.601204 38.295364  -0.298434 -0.919576 -0.255574  0.601581 0.302713 1 0 1.000000
0  -9.887636 -98.535133 38.383450  -0.035067 -0.387582 0.921168  0.601581 0.302713 1 0 1.000000
0  -10.449184 -98.292900 38.449512  -0.034886 -0.351812 0.935420  0.601581 0.302713 1 0 1.000000
blackplastic
0  -9.920669 -98.601204 38.295364  -0.298434 -0.919576 -0.255574  0.601581 0.302713 1 0 1.000000
0  -7.068886 -98.953545 38.262333  -0.090419 -0.969297 -0.228667  0.601581 0.302713 1 0 1.000000
0  -9.887636 -98.535133 38.383450  -0.035067 -0.387582 0.921168  0.601581 0.302713 1 0 1.000000
blackplastic
0  0.187193 -99.404984 38.218288  0.047025 -0.975076 -0.216830  0.601581 0.302713 1 0 1.000000
0  2.906847 -99.272858 38.229298  0.065984 -0.972880 -0.221701  0.601581 0.302713 1 0 1.000000
0  0.187193 -99.327911 38.306374  0.016063 -0.408520 0.912608  0.601581 0.302713 1 0 1.000000
blackplastic
0  2.906847 -99.272858 38.229298  0.065984 -0.972880 -0.221701  0.601581 0.302713 1 0 1.000000
0  2.906847 -99.195778 38.317387  0.021706 -0.415032 0.909548  0.601581 0.302713 1 0 1.000000
0  0.187193 -99.327911 38.306374  0.016063 -0.408520 0.912608  0.601581 0.302713 1 0 1.000000
blackplastic
0  2.906847 -99.272858 38.229298  0.065984 -0.972880 -0.221701  0.601581 0.302713 1 0 1.000000
0  7.068907 -98.953545 38.262333  0.090425 -0.969274 -0.228761  0.601581 0.302713 1 0 1.000000
0  2.906847 -99.195778 38.317387  0.021706 -0.415032 0.909548  0.601581 0.302713 1 0 1.000000
blackplastic
0  7.068907 -98.953545 38.262333  0.090425 -0.969274 -0.228761  0.601581 0.302713 1 0 1.000000
0  7.068907 -98.876472 38.350418  0.031163 -0.414071 0.909711  0.601581 0.302713 1 0 1.000000
0  2.906847 -99.195778 38.317387  0.021706 -0.415032 0.909548  0.601581 0.302713 1 0 1.000000
blackplastic
0  9.887657 -98.535133 38.383450  0.035052 -0.387578 0.921170  0.601581 0.302713 1 0 1.000000
0  7.068907 -98.876472 38.350418  0.031163 -0.414071 0.909711  0.601581 0.302713 1 0 1.000000
0  7.068907 -98.953545 38.262333  0.090425 -0.969274 -0.228761  0.601581 0.302713 1 0 1.000000
blackplastic
0  9.920690 -98.601204 38.295364  0.298548 -0.919547 -0.255543  0.601581 0.302713 1 0 1.000000
0  9.887657 -98.535133 38.383450  0.035052 -0.387578 0.921170  0.601581 0.302713 1 0 1.000000
0  7.068907 -98.953545 38.262333  0.090425 -0.969274 -0.228761  0.601581 0.302713 1 0 1.000000
blackplastic
0  10.449205 -98.292900 38.449512  0.034839 -0.351858 0.935405  0.601581 0.302713 1 0 1.000000
0  9.887657 -98.535133 38.383450  0.035052 -0.387578 0.921170  0.601581 0.302713 1 0 1.000000
0  9.920690 -98.601204 38.295364  0.298548 -0.919547 -0.255543  0.601581 0.302713 1 0 1.000000
blackplastic
0  9.920690 -98.601204 38.295364  0.298548 -0.919547 -0.255543  0.601581 0.302713 1 0 1.000000
0  10.526280 -98.303909 38.328396  0.915040 -0.316625 -0.249899  0.601581 0.302713 1 0 1.000000
0  10.449205 -98.292900 38.449512  0.034839 -0.351858 0.935405  0.601581 0.302713 1 0 1.000000
blackplastic
0  10.526280 -98.303909 38.328396  0.915040 -0.316625 -0.249899  0.601581 0.302713 1 0 1.000000
0  10.647399 -97.907524 38.405472  0.974636 0.128758 -0.183049  0.601581 0.302713 1 0 1.000000
0  10.449205 -98.292900 38.449512  0.034839 -0.351858 0.935405  0.601581 0.302713 1 0 1.000000
blackplastic
0  2.697642 -98.193802 38.658718  0.007996 -0.266893 0.963693  0.601581 0.302713 1 0 1.000000
0  0.198204 -98.336945 38.636696  0.009396 -0.261800 0.965076  0.601581 0.302713 1 0 1.000000
0  0.187193 -99.327911 38.306374  0.016063 -0.408520 0.912608  0.601581 0.302713 1 0 1.000000
blackplastic
0  0.187193 -99.327911 38.306374  0.016063 -0.408520 0.912608  0.601581 0.302713 1 0 1.000000
0  2.906847 -99.195778 38.317387  0.021706 -0.415032 0.909548  0.601581 0.302713 1 0 1.000000
0  2.697642 -98.193802 38.658718  0.007996 -0.266893 0.963693  0.601581 0.302713 1 0 1.000000
blackplastic
0  2.697642 -98.193802 38.658718  0.007996 -0.266893 0.963693  0.601581 0.302713 1 0 1.000000
0  2.906847 -99.195778 38.317387  0.021706 -0.415032 0.909548  0.601581 0.302713 1 0 1.000000
0  3.105040 -98.755348 38.471535  0.016484 -0.360362 0.932667  0.601581 0.302713 1 0 1.000000
blackplastic
0  3.105040 -98.755348 38.471535  0.016484 -0.360362 0.932667  0.601581 0.302713 1 0 1.000000
0  2.906847 -99.195778 38.317387  0.021706 -0.415032 0.909548  0.601581 0.302713 1 0 1.000000
0  7.068907 -98.876472 38.350418  0.031163 -0.414071 0.909711  0.601581 0.302713 1 0 1.000000
blackplastic
0  7.068907 -98.876472 38.350418  0.031163 -0.414071 0.909711  0.601581 0.302713 1 0 1.000000
0  8.610412 -98.292900 38.515579  0.031188 -0.359690 0.932551  0.601581 0.302713 1 0 1.000000
0  3.105040 -98.755348 38.471535  0.016484 -0.360362 0.932667  0.601581 0.302713 1 0 1.000000
blackplastic
0  8.610412 -98.292900 38.515579  0.031188 -0.359690 0.932551  0.601581 0.302713 1 0 1.000000
0  7.068907 -98.876472 38.350418  0.031163 -0.414071 0.909711  0.601581 0.302713 1 0 1.000000
0  9.887657 -98.535133 38.383450  0.035052 -0.387578 0.921170  0.601581 0.302713 1 0 1.000000
blackplastic
0  8.610412 -98.292900 38.515579  0.031188 -0.359690 0.932551  0.601581 0.302713 1 0 1.000000
0  9.887657 -98.535133 38.383450  0.035052 -0.387578 0.921170  0.601581 0.302713 1 0 1.000000
0  8.940734 -97.643265 38.702763  0.025889 -0.271009 0.962229  0.601581 0.302713 1 0 1.000000
blackplastic
0  10.449205 -98.292900 38.449512  0.034839 -0.351858 0.935405  0.601581 0.302713 1 0 1.000000
0  8.940734 -97.643265 38.702763  0.025889 -0.271009 0.962229  0.601581 0.302713 1 0 1.000000
0  9.887657 -98.535133 38.383450  0.035052 -0.387578 0.921170  0.601581 0.302713 1 0 1.000000
blackplastic
0  10.570324 -97.929543 38.570633  0.032875 -0.314990 0.948526  0.601581 0.302713 1 0 1.000000
0  8.940734 -97.643265 38.702763  0.025889 -0.271009 0.962229  0.601581 0.302713 1 0 1.000000
0  10.449205 -98.292900 38.449512  0.034839 -0.351858 0.935405  0.601581 0.302713 1 0 1.000000
blackplastic
0  10.647399 -97.907524 38.405472  0.974636 0.128758 -0.183049  0.601581 0.302713 1 0 1.000000
0  10.570324 -97.929543 38.570633  0.032875 -0.314990 0.948526  0.601581 0.302713 1 0 1.000000
0  10.449205 -98.292900 38.449512  0.034839 -0.351858 0.935405  0.601581 0.302713 1 0 1.000000
blackplastic
0  10.647399 -97.907524 38.405472  0.974636 0.128758 -0.183049  0.601581 0.302713 1 0 1.000000
0  10.537292 -97.423050 38.493557  0.945684 0.283225 -0.159577  0.601581 0.302713 1 0 1.000000
0  10.570324 -97.929543 38.570633  0.032875 -0.314990 0.948526  0.601581 0.302713 1 0 1.000000
blackplastic
0  10.537292 -97.423050 38.493557  0.945684 0.283225 -0.159577  0.601581 0.302713 1 0 1.000000
0  10.438194 -97.445076 38.713772  0.026286 -0.265263 0.963818  0.601581 0.302713 1 0 1.000000
0  10.570324 -97.929543 38.570633  0.032875 -0.314990 0.948526  0.601581 0.302713 1 0 1.000000
blackplastic
0  8.940734 -97.643265 38.702763  0.025889 -0.271009 0.962229  0.601581 0.302713 1 0 1.000000
0  10.570324 -97.929543 38.570633  0.032875 -0.314990 0.948526  0.601581 0.302713 1 0 1.000000
0  10.438194 -97.445076 38.713772  0.026286 -0.265263 0.963818  0.601581 0.302713 1 0 1.000000
blackplastic
0  10.537292 -97.423050 38.493557  0.945665 0.283278 -0.159601  0.601581 0.302713 1 0 1.000000
0  10.041808 -96.035698 38.768826  0.915745 0.365233 -0.167382  0.601581 0.302713 1 0 1.000000
0  10.295055 -96.938576 38.680740  0.035131 -0.371520 0.927760  0.601581 0.302713 1 0 1.000000
blackplastic
0  10.041808 -96.035698 38.768826  0.915745 0.365233 -0.167382  0.601581 0.302713 1 0 1.000000
0  9.876647 -95.870537 39.000050  0.023754 -0.260971 0.965054  0.601581 0.302713 1 0 1.000000
0  10.295055 -96.938576 38.680740  0.035131 -0.371520 0.927760  0.601581 0.302713 1 0 1.000000
blackplastic
0  10.295055 -96.938576 38.680740  0.035131 -0.371520 0.927760  0.601581 0.302713 1 0 1.000000
0  9.876647 -95.870537 39.000050  0.023754 -0.260971 0.965054  0.601581 0.302713 1 0 1.000000
0  8.357164 -96.057716 38.989040  0.024082 -0.263373 0.964393  0.601581 0.302713 1 0 1.000000
blackplastic
0  8.070885 -96.707352 38.790848  0.029297 -0.344370 0.938377  0.601581 0.302713 1 0 1.000000
0  10.295055 -96.938576 38.680740  0.035131 -0.371520 0.927760  0.601581 0.302713 1 0 1.000000
0  8.357164 -96.057716 38.989040  0.024082 -0.263373 0.964393  0.601581 0.302713 1 0 1.000000
blackplastic
0  2.554502 -97.665291 38.614674  0.016770 -0.390749 0.920345  0.601581 0.302713 1 0 1.000000
0  10.295055 -96.938576 38.680740  0.035131 -0.371520 0.927760  0.601581 0.302713 1 0 1.000000
0  8.070885 -96.707352 38.790848  0.029297 -0.344370 0.938377  0.601581 0.302713 1 0 1.000000
blackplastic
0  8.070885 -96.707352 38.790848  0.029297 -0.344370 0.938377  0.601581 0.302713 1 0 1.000000
0  3.105040 -97.125763 38.757816  0.015074 -0.349283 0.936896  0.601581 0.302713 1 0 1.000000
0  2.554502 -97.665291 38.614674  0.016770 -0.390749 0.920345  0.601581 0.302713 1 0 1.000000
blackplastic
0  2.719664 -96.509163 38.944996  0.004788 -0.254379 0.967093  0.601581 0.302713 1 0 1.000000
0  2.554502 -97.665291 38.614674  0.016770 -0.390749 0.920345  0.601581 0.302713 1 0 1.000000
0  3.105040 -97.125763 38.757816  0.015074 -0.349283 0.936896  0.601581 0.302713 1 0 1.000000
blackplastic
0  2.554502 -97.665291 38.614674  0.016770 -0.390749 0.920345  0.601581 0.302713 1 0 1.000000
0  2.719664 -96.509163 38.944996  0.004788 -0.254379 0.967093  0.601581 0.302713 1 0 1.000000
0  0.198204 -96.641289 38.922977  0.004386 -0.245587 0.969365  0.601581 0.302713 1 0 1.000000
blackplastic
0  0.198204 -97.753372 38.592655  0.012896 -0.383155 0.923594  0.601581 0.302713 1 0 1.000000
0  2.554502 -97.665291 38.614674  0.016770 -0.390749 0.920345  0.601581 0.302713 1 0 1.000000
0  0.198204 -96.641289 38.922977  0.004386 -0.245587 0.969365  0.601581 0.302713 1 0 1.000000
blackplastic
0  0.198204 -97.753372 38.592655  0.012896 -0.383155 0.923594  0.601581 0.302713 1 0 1.000000
0  0.198204 -96.641289 38.922977  0.004386 -0.245587 0.969365  0.601581 0.302713 1 0 1.000000
0  0.000010 -96.641289 38.922977  0.000002 -0.245541 0.969386  0.601581 0.302713 1 0 1.000000
blackplastic
0  0.000010 -96.641289 38.922977  0.000002 -0.245541 0.969386  0.601581 0.302713 1 0 1.000000
0  0.000010 -97.753372 38.592655  -0.000005 -0.383266 0.923638  0.601581 0.302713 1 0 1.000000
0  0.198204 -97.753372 38.592655  0.012896 -0.383155 0.923594  0.601581 0.302713 1 0 1.000000
blackplastic
0  -0.198183 -97.753372 38.592655  -0.012915 -0.383153 0.923595  0.601581 0.302713 1 0 1.000000
0  0.000010 -97.753372 38.592655  -0.000005 -0.383266 0.923638  0.601581 0.302713 1 0 1.000000
0  0.000010 -96.641289 38.922977  0.000002 -0.245541 0.969386  0.601581 0.302713 1 0 1.000000
blackplastic
0  0.000010 -96.641289 38.922977  0.000002 -0.245541 0.969386  0.601581 0.302713 1 0 1.000000
0  -0.198183 -96.641289 38.922977  -0.004393 -0.245589 0.969364  0.601581 0.302713 1 0 1.000000
0  -0.198183 -97.753372 38.592655  -0.012915 -0.383153 0.923595  0.601581 0.302713 1 0 1.000000
blackplastic
0  -0.198183 -97.753372 38.592655  -0.012915 -0.383153 0.923595  0.601581 0.302713 1 0 1.000000
0  -0.198183 -96.641289 38.922977  -0.004393 -0.245589 0.969364  0.601581 0.302713 1 0 1.000000
0  -2.554482 -97.665291 38.614674  -0.016757 -0.390748 0.920345  0.601581 0.302713 1 0 1.000000
blackplastic
0  -0.198183 -96.641289 38.922977  -0.004393 -0.245589 0.969364  0.601581 0.302713 1 0 1.000000
0  -2.719643 -96.509163 38.944996  -0.004784 -0.254380 0.967093  0.601581 0.302713 1 0 1.000000
0  -2.554482 -97.665291 38.614674  -0.016757 -0.390748 0.920345  0.601581 0.302713 1 0 1.000000
blackplastic
0  -2.719643 -96.509163 38.944996  -0.004784 -0.254380 0.967093  0.601581 0.302713 1 0 1.000000
0  -3.105019 -97.125763 38.757816  -0.015076 -0.349278 0.936898  0.601581 0.302713 1 0 1.000000
0  -2.554482 -97.665291 38.614674  -0.016757 -0.390748 0.920345  0.601581 0.302713 1 0 1.000000
blackplastic
0  -2.554482 -97.665291 38.614674  -0.016757 -0.390748 0.920345  0.601581 0.302713 1 0 1.000000
0  -3.105019 -97.125763 38.757816  -0.015076 -0.349278 0.936898  0.601581 0.302713 1 0 1.000000
0  -8.070864 -96.707352 38.790848  -0.029299 -0.344373 0.938376  0.601581 0.302713 1 0 1.000000
blackplastic
0  -8.070864 -96.707352 38.790848  -0.029299 -0.344373 0.938376  0.601581 0.302713 1 0 1.000000
0  -10.295034 -96.938576 38.680740  -0.035321 -0.371847 0.927622  0.601581 0.302713 1 0 1.000000
0  -2.554482 -97.665291 38.614674  -0.016757 -0.390748 0.920345  0.601581 0.302713 1 0 1.000000
blackplastic
0  -8.070864 -96.707352 38.790848  -0.029299 -0.344373 0.938376  0.601581 0.302713 1 0 1.000000
0  -8.357143 -96.057716 38.989040  -0.024082 -0.263373 0.964393  0.601581 0.302713 1 0 1.000000
0  -10.295034 -96.938576 38.680740  -0.035321 -0.371847 0.927622  0.601581 0.302713 1 0 1.000000
blackplastic
0  -8.357143 -96.057716 38.989040  -0.024082 -0.263373 0.964393  0.601581 0.302713 1 0 1.000000
0  -9.876626 -95.870537 39.000050  -0.023802 -0.261127 0.965011  0.601581 0.302713 1 0 1.000000
0  -10.295034 -96.938576 38.680740  -0.035321 -0.371847 0.927622  0.601581 0.302713 1 0 1.000000
blackplastic
0  -10.295034 -96.938576 38.680740  -0.035321 -0.371847 0.927622  0.601581 0.302713 1 0 1.000000
0  -9.876626 -95.870537 39.000050  -0.023802 -0.261127 0.965011  0.601581 0.302713 1 0 1.000000
0  -10.041787 -96.035698 38.768826  -0.915716 0.365267 -0.167465  0.601581 0.302713 1 0 1.000000
blackplastic
0  -10.537271 -97.423050 38.493557  -0.945648 0.283310 -0.159644  0.601581 0.302713 1 0 1.000000
0  -10.295034 -96.938576 38.680740  -0.035321 -0.371847 0.927622  0.601581 0.302713 1 0 1.000000
0  -10.041787 -96.035698 38.768826  -0.915716 0.365267 -0.167465  0.601581 0.302713 1 0 1.000000
blackplastic
0  -9.238003 -94.307014 39.066116  -0.873423 0.484297 -0.050872  0.601581 0.302713 1 0 1.000000
0  -10.041787 -96.035698 38.768826  -0.915737 0.365291 -0.167295  0.601581 0.302713 1 0 1.000000
0  -9.711465 -95.364044 38.956009  -0.035629 -0.384306 0.922518  0.601581 0.302713 1 0 1.000000
blackplastic
0  -9.238003 -94.307014 39.066116  -0.873423 0.484297 -0.050872  0.601581 0.302713 1 0 1.000000
0  -9.711465 -95.364044 38.956009  -0.035629 -0.384306 0.922518  0.601581 0.302713 1 0 1.000000
0  -9.193959 -94.439140 39.209255  -0.019987 -0.277436 0.960536  0.601581 0.302713 1 0 1.000000
blackplastic
0  -9.193959 -94.439140 39.209255  -0.019987 -0.277436 0.960536  0.601581 0.302713 1 0 1.000000
0  -9.711465 -95.364044 38.956009  -0.035629 -0.384306 0.922518  0.601581 0.302713 1 0 1.000000
0  -7.531338 -95.132820 39.066116  -0.028201 -0.353295 0.935087  0.601581 0.302713 1 0 1.000000
blackplastic
0  -7.531338 -95.132820 39.066116  -0.028201 -0.353295 0.935087  0.601581 0.302713 1 0 1.000000
0  -9.711465 -95.364044 38.956009  -0.035629 -0.384306 0.922518  0.601581 0.302713 1 0 1.000000
0  -2.554482 -96.002663 38.900955  -0.017536 -0.402273 0.915352  0.601581 0.302713 1 0 1.000000
blackplastic
0  -2.554482 -96.002663 38.900955  -0.017536 -0.402273 0.915352  0.601581 0.302713 1 0 1.000000
0  -3.082998 -95.474152 39.033085  -0.015285 -0.350931 0.936276  0.601581 0.302713 1 0 1.000000
0  -7.531338 -95.132820 39.066116  -0.028201 -0.353295 0.935087  0.601581 0.302713 1 0 1.000000
blackplastic
0  -2.554482 -96.002663 38.900955  -0.017536 -0.402273 0.915352  0.601581 0.302713 1 0 1.000000
0  -0.209194 -96.090752 38.878933  -0.014541 -0.395371 0.918406  0.601581 0.302713 1 0 1.000000
0  -3.082998 -95.474152 39.033085  -0.015285 -0.350931 0.936276  0.601581 0.302713 1 0 1.000000
blackplastic
0  -2.708633 -94.934624 39.209255  -0.005499 -0.256821 0.966443  0.601581 0.302713 1 0 1.000000
0  -3.082998 -95.474152 39.033085  -0.015285 -0.350931 0.936276  0.601581 0.302713 1 0 1.000000
0  -0.209194 -96.090752 38.878933  -0.014541 -0.395371 0.918406  0.601581 0.302713 1 0 1.000000
blackplastic
0  -0.209194 -96.090752 38.878933  -0.014541 -0.395371 0.918406  0.601581 0.302713 1 0 1.000000
0  -0.209194 -95.022713 39.198246  -0.006986 -0.248014 0.968731  0.601581 0.302713 1 0 1.000000
0  -2.708633 -94.934624 39.209255  -0.005499 -0.256821 0.966443  0.601581 0.302713 1 0 1.000000
blackplastic
0  0.000010 -95.022713 39.198246  0.000002 -0.247919 0.968781  0.601581 0.302713 1 0 1.000000
0  -0.209194 -95.022713 39.198246  -0.006986 -0.248014 0.968731  0.601581 0.302713 1 0 1.000000
0  -0.209194 -96.090752 38.878933  -0.014541 -0.395371 0.918406  0.601581 0.302713 1 0 1.000000
blackplastic
0  -0.209194 -96.090752 38.878933  -0.014541 -0.395371 0.918406  0.601581 0.302713 1 0 1.000000
0  0.000010 -96.090752 38.878933  -0.000006 -0.395639 0.918406  0.601581 0.302713 1 0 1.000000
0  0.000010 -95.022713 39.198246  0.000002 -0.247919 0.968781  0.601581 0.302713 1 0 1.000000
blackplastic
0  0.000010 -95.022713 39.198246  0.000002 -0.247919 0.968781  0.601581 0.302713 1 0 1.000000
0  0.000010 -96.090752 38.878933  -0.000006 -0.395639 0.918406  0.601581 0.302713 1 0 1.000000
0  0.209214 -96.090752 38.878933  0.014542 -0.395371 0.918406  0.601581 0.302713 1 0 1.000000
blackplastic
0  0.209214 -96.090752 38.878933  0.014542 -0.395371 0.918406  0.601581 0.302713 1 0 1.000000
0  0.209214 -95.022713 39.198246  0.006979 -0.248013 0.968732  0.601581 0.302713 1 0 1.000000
0  0.000010 -95.022713 39.198246  0.000002 -0.247919 0.968781  0.601581 0.302713 1 0 1.000000
blackplastic
0  2.708653 -94.934624 39.209255  0.005498 -0.256823 0.966443  0.601581 0.302713 1 0 1.000000
0  0.209214 -95.022713 39.198246  0.006979 -0.248013 0.968732  0.601581 0.302713 1 0 1.000000
0  0.209214 -96.090752 38.878933  0.014542 -0.395371 0.918406  0.601581 0.302713 1 0 1.000000
blackplastic
0  0.209214 -96.090752 38.878933  0.014542 -0.395371 0.918406  0.601581 0.302713 1 0 1.000000
0  3.083018 -95.474152 39.033085  0.015283 -0.350930 0.936277  0.601581 0.302713 1 0 1.000000
0  2.708653 -94.934624 39.209255  0.005498 -0.256823 0.966443  0.601581 0.302713 1 0 1.000000
blackplastic
0  2.554502 -96.002663 38.900955  0.017539 -0.402272 0.915352  0.601581 0.302713 1 0 1.000000
0  3.083018 -95.474152 39.033085  0.015283 -0.350930 0.936277  0.601581 0.302713 1 0 1.000000
0  0.209214 -96.090752 38.878933  0.014542 -0.395371 0.918406  0.601581 0.302713 1 0 1.000000
blackplastic
0  7.531358 -95.132820 39.066116  0.028200 -0.353289 0.935089  0.601581 0.302713 1 0 1.000000
0  3.083018 -95.474152 39.033085  0.015283 -0.350930 0.936277  0.601581 0.302713 1 0 1.000000
0  2.554502 -96.002663 38.900955  0.017539 -0.402272 0.915352  0.601581 0.302713 1 0 1.000000
blackplastic
0  2.554502 -96.002663 38.900955  0.017539 -0.402272 0.915352  0.601581 0.302713 1 0 1.000000
0  9.711486 -95.364044 38.956009  0.035342 -0.383831 0.922727  0.601581 0.302713 1 0 1.000000
0  7.531358 -95.132820 39.066116  0.028200 -0.353289 0.935089  0.601581 0.302713 1 0 1.000000
blackplastic
0  -7.839639 -94.505203 39.253300  -0.020885 -0.264798 0.964078  0.601581 0.302713 1 0 1.000000
0  -9.193959 -94.439140 39.209255  -0.019987 -0.277436 0.960536  0.601581 0.302713 1 0 1.000000
0  -7.531338 -95.132820 39.066116  -0.028201 -0.353295 0.935087  0.601581 0.302713 1 0 1.000000
blackplastic
0  9.238024 -94.307014 39.066116  0.873401 0.484343 -0.050811  0.601581 0.302713 1 0 1.000000
0  9.711486 -95.364044 38.956009  0.035342 -0.383831 0.922727  0.601581 0.302713 1 0 1.000000
0  10.041808 -96.035698 38.768826  0.915782 0.365223 -0.167197  0.601581 0.302713 1 0 1.000000
blackplastic
0  9.238024 -94.307014 39.066116  0.873401 0.484343 -0.050811  0.601581 0.302713 1 0 1.000000
0  9.193980 -94.439140 39.209255  0.019883 -0.277376 0.960556  0.601581 0.302713 1 0 1.000000
0  9.711486 -95.364044 38.956009  0.035342 -0.383831 0.922727  0.601581 0.302713 1 0 1.000000
blackplastic
0  9.193980 -94.439140 39.209255  0.019883 -0.277376 0.960556  0.601581 0.302713 1 0 1.000000
0  7.531358 -95.132820 39.066116  0.028200 -0.353289 0.935089  0.601581 0.302713 1 0 1.000000
0  9.711486 -95.364044 38.956009  0.035342 -0.383831 0.922727  0.601581 0.302713 1 0 1.000000
blackplastic
0  7.839659 -94.505203 39.253300  0.020886 -0.264810 0.964074  0.601581 0.302713 1 0 1.000000
0  7.531358 -95.132820 39.066116  0.028200 -0.353289 0.935089  0.601581 0.302713 1 0 1.000000
0  9.193980 -94.439140 39.209255  0.019883 -0.277376 0.960556  0.601581 0.302713 1 0 1.000000
blackplastic
0  -10.041787 -96.035698 38.768826  -0.915714 0.365295 -0.167417  0.601581 0.302713 1 0 1.000000
0  -9.876626 -95.870537 39.000050  0.015392 0.033401 0.999323  0.601581 0.302713 1 0 1.000000
0  -9.711465 -95.364044 38.956009  0.026565 0.152714 0.987913  0.601581 0.302713 1 0 1.000000
blackplastic
0  -8.357143 -96.057716 38.989040  0.012979 0.036599 0.999246  0.601581 0.302713 1 0 1.000000
0  -9.711465 -95.364044 38.956009  0.026565 0.152714 0.987913  0.601581 0.302713 1 0 1.000000
0  -9.876626 -95.870537 39.000050  0.015392 0.033401 0.999323  0.601581 0.302713 1 0 1.000000
blackplastic
0  -8.258046 -95.848518 38.978031  0.019065 0.096868 0.995115  0.601581 0.302713 1 0 1.000000
0  -9.711465 -95.364044 38.956009  0.026565 0.152714 0.987913  0.601581 0.302713 1 0 1.000000
0  -8.357143 -96.057716 38.989040  0.012979 0.036599 0.999246  0.601581 0.302713 1 0 1.000000
blackplastic
0  -2.554482 -96.002663 38.900955  0.017409 0.166751 0.985845  0.601581 0.302713 1 0 1.000000
0  -9.711465 -95.364044 38.956009  0.026565 0.152714 0.987913  0.601581 0.302713 1 0 1.000000
0  -8.258046 -95.848518 38.978031  0.019065 0.096868 0.995115  0.601581 0.302713 1 0 1.000000
blackplastic
0  -8.258046 -95.848518 38.978031  0.019065 0.096868 0.995115  0.601581 0.302713 1 0 1.000000
0  -2.785708 -96.299957 38.933987  0.013711 0.103872 0.994496  0.601581 0.302713 1 0 1.000000
0  -2.554482 -96.002663 38.900955  0.017409 0.166751 0.985845  0.601581 0.302713 1 0 1.000000
blackplastic
0  -2.719643 -96.509163 38.944996  0.009819 0.043503 0.999005  0.601581 0.302713 1 0 1.000000
0  -2.554482 -96.002663 38.900955  0.017409 0.166751 0.985845  0.601581 0.302713 1 0 1.000000
0  -2.785708 -96.299957 38.933987  0.013711 0.103872 0.994496  0.601581 0.302713 1 0 1.000000
blackplastic
0  -2.554482 -96.002663 38.900955  0.017409 0.166751 0.985845  0.601581 0.302713 1 0 1.000000
0  -2.719643 -96.509163 38.944996  0.009819 0.043503 0.999005  0.601581 0.302713 1 0 1.000000
0  -0.198183 -96.641289 38.922977  0.009581 0.056493 0.998357  0.601581 0.302713 1 0 1.000000
blackplastic
0  -0.198183 -96.641289 38.922977  0.009581 0.056493 0.998357  0.601581 0.302713 1 0 1.000000
0  -0.209194 -96.090752 38.878933  0.016815 0.174051 0.984593  0.601581 0.302713 1 0 1.000000
0  -2.554482 -96.002663 38.900955  0.017409 0.166751 0.985845  0.601581 0.302713 1 0 1.000000
blackplastic
0  0.000010 -96.090752 38.878933  0.000005 0.174193 0.984712  0.601581 0.302713 1 0 1.000000
0  -0.209194 -96.090752 38.878933  0.016815 0.174051 0.984593  0.601581 0.302713 1 0 1.000000
0  -0.198183 -96.641289 38.922977  0.009581 0.056493 0.998357  0.601581 0.302713 1 0 1.000000
blackplastic
0  -0.198183 -96.641289 38.922977  0.009581 0.056493 0.998357  0.601581 0.302713 1 0 1.000000
0  0.000010 -96.641289 38.922977  -0.000001 0.056265 0.998416  0.601581 0.302713 1 0 1.000000
0  0.000010 -96.090752 38.878933  0.000005 0.174193 0.984712  0.601581 0.302713 1 0 1.000000
blackplastic
0  0.000010 -96.090752 38.878933  0.000005 0.174193 0.984712  0.601581 0.302713 1 0 1.000000
0  0.000010 -96.641289 38.922977  -0.000001 0.056265 0.998416  0.601581 0.302713 1 0 1.000000
0  0.198204 -96.641289 38.922977  -0.009581 0.056494 0.998357  0.601581 0.302713 1 0 1.000000
blackplastic
0  0.198204 -96.641289 38.922977  -0.009581 0.056494 0.998357  0.601581 0.302713 1 0 1.000000
0  0.209214 -96.090752 38.878933  -0.016834 0.174143 0.984577  0.601581 0.302713 1 0 1.000000
0  0.000010 -96.090752 38.878933  0.000005 0.174193 0.984712  0.601581 0.302713 1 0 1.000000
blackplastic
0  2.554502 -96.002663 38.900955  -0.017408 0.166752 0.985845  0.601581 0.302713 1 0 1.000000
0  0.209214 -96.090752 38.878933  -0.016834 0.174143 0.984577  0.601581 0.302713 1 0 1.000000
0  0.198204 -96.641289 38.922977  -0.009581 0.056494 0.998357  0.601581 0.302713 1 0 1.000000
blackplastic
0  0.198204 -96.641289 38.922977  -0.009581 0.056494 0.998357  0.601581 0.302713 1 0 1.000000
0  2.719664 -96.509163 38.944996  -0.009700 0.043506 0.999006  0.601581 0.302713 1 0 1.000000
0  2.554502 -96.002663 38.900955  -0.017408 0.166752 0.985845  0.601581 0.302713 1 0 1.000000
blackplastic
0  2.719664 -96.509163 38.944996  -0.009700 0.043506 0.999006  0.601581 0.302713 1 0 1.000000
0  2.785728 -96.299957 38.933987  -0.013716 0.103877 0.994496  0.601581 0.302713 1 0 1.000000
0  2.554502 -96.002663 38.900955  -0.017408 0.166752 0.985845  0.601581 0.302713 1 0 1.000000
blackplastic
0  2.554502 -96.002663 38.900955  -0.017408 0.166752 0.985845  0.601581 0.302713 1 0 1.000000
0  2.785728 -96.299957 38.933987  -0.013716 0.103877 0.994496  0.601581 0.302713 1 0 1.000000
0  8.258067 -95.848518 38.978031  -0.019067 0.096868 0.995115  0.601581 0.302713 1 0 1.000000
blackplastic
0  8.258067 -95.848518 38.978031  -0.019067 0.096868 0.995115  0.601581 0.302713 1 0 1.000000
0  9.711486 -95.364044 38.956009  -0.026566 0.152707 0.987914  0.601581 0.302713 1 0 1.000000
0  2.554502 -96.002663 38.900955  -0.017408 0.166752 0.985845  0.601581 0.302713 1 0 1.000000
blackplastic
0  8.258067 -95.848518 38.978031  -0.019067 0.096868 0.995115  0.601581 0.302713 1 0 1.000000
0  8.357164 -96.057716 38.989040  -0.012978 0.036599 0.999246  0.601581 0.302713 1 0 1.000000
0  9.711486 -95.364044 38.956009  -0.026566 0.152707 0.987914  0.601581 0.302713 1 0 1.000000
blackplastic
0  8.357164 -96.057716 38.989040  -0.012978 0.036599 0.999246  0.601581 0.302713 1 0 1.000000
0  9.876647 -95.870537 39.000050  -0.015021 0.032598 0.999356  0.601581 0.302713 1 0 1.000000
0  9.711486 -95.364044 38.956009  -0.026566 0.152707 0.987914  0.601581 0.302713 1 0 1.000000
blackplastic
0  10.041808 -96.035698 38.768826  0.915760 0.365219 -0.167326  0.601581 0.302713 1 0 1.000000
0  9.711486 -95.364044 38.956009  -0.026566 0.152707 0.987914  0.601581 0.302713 1 0 1.000000
0  9.876647 -95.870537 39.000050  -0.015021 0.032598 0.999356  0.601581 0.302713 1 0 1.000000
blackplastic
0  0.000010 -99.823395 38.207279  0.007564 0.143160 0.989671  0.601581 0.302713 1 0 1.000000
0  0.000010 -99.867439 38.163235  0.019956 -0.981835 -0.188685  0.601581 0.302713 1 0 1.000000
0  0.561558 -99.680252 38.240311  -0.010276 0.116985 0.993080  0.601581 0.302713 1 0 1.000000
blackplastic
0  0.000010 -99.867439 38.163235  0.019956 -0.981835 -0.188685  0.601581 0.302713 1 0 1.000000
0  0.924913 -99.845413 38.163235  0.048414 -0.978443 -0.200762  0.601581 0.302713 1 0 1.000000
0  0.561558 -99.680252 38.240311  -0.010276 0.116985 0.993080  0.601581 0.302713 1 0 1.000000
blackplastic
0  2.906847 -99.548126 38.251320  -0.011471 0.080656 0.996676  0.601581 0.302713 1 0 1.000000
0  0.561558 -99.680252 38.240311  -0.010276 0.116985 0.993080  0.601581 0.302713 1 0 1.000000
0  0.924913 -99.845413 38.163235  0.048414 -0.978443 -0.200762  0.601581 0.302713 1 0 1.000000
blackplastic
0  0.924913 -99.845413 38.163235  0.048414 -0.978443 -0.200762  0.601581 0.302713 1 0 1.000000
0  2.906847 -99.724297 38.174244  0.070578 -0.967414 -0.243162  0.601581 0.302713 1 0 1.000000
0  2.906847 -99.548126 38.251320  -0.011471 0.080656 0.996676  0.601581 0.302713 1 0 1.000000
blackplastic
0  2.906847 -99.724297 38.174244  0.070530 -0.967419 -0.243160  0.601581 0.302713 1 0 1.000000
0  7.079918 -99.404984 38.196266  0.088818 -0.955857 -0.280087  0.601581 0.302713 1 0 1.000000
0  2.906847 -99.548126 38.251320  -0.011431 0.080654 0.996677  0.601581 0.302713 1 0 1.000000
blackplastic
0  7.079918 -99.404984 38.196266  0.088818 -0.955857 -0.280087  0.601581 0.302713 1 0 1.000000
0  7.079918 -99.239822 38.273342  -0.011979 0.056179 0.998349  0.601581 0.302713 1 0 1.000000
0  2.906847 -99.548126 38.251320  -0.011431 0.080654 0.996677  0.601581 0.302713 1 0 1.000000
blackplastic
0  7.079918 -99.404984 38.196266  0.088818 -0.955857 -0.280087  0.601581 0.302713 1 0 1.000000
0  10.019787 -99.041634 38.229298  0.319305 -0.943804 0.085307  0.601581 0.302713 1 0 1.000000
0  7.079918 -99.239822 38.273342  -0.011979 0.056179 0.998349  0.601581 0.302713 1 0 1.000000
blackplastic
0  10.019787 -99.041634 38.229298  0.319305 -0.943804 0.085307  0.601581 0.302713 1 0 1.000000
0  9.986754 -98.876472 38.306374  -0.061150 -0.027365 0.997753  0.601581 0.302713 1 0 1.000000
0  7.079918 -99.239822 38.273342  -0.011979 0.056179 0.998349  0.601581 0.302713 1 0 1.000000
blackplastic
0  10.735485 -98.579178 38.372440  -0.129455 -0.064237 0.989503  0.601581 0.302713 1 0 1.000000
0  9.986754 -98.876472 38.306374  -0.061150 -0.027365 0.997753  0.601581 0.302713 1 0 1.000000
0  10.019787 -99.041634 38.229298  0.319305 -0.943804 0.085307  0.601581 0.302713 1 0 1.000000
blackplastic
0  10.019787 -99.041634 38.229298  0.319305 -0.943804 0.085307  0.601581 0.302713 1 0 1.000000
0  10.900646 -98.755348 38.251320  0.411042 -0.908817 0.071391  0.601581 0.302713 1 0 1.000000
0  10.735485 -98.579178 38.372440  -0.129455 -0.064237 0.989503  0.601581 0.302713 1 0 1.000000
blackplastic
0  10.966710 -98.160774 38.482548  0.778536 -0.354505 0.517888  0.601581 0.302713 1 0 1.000000
0  10.735485 -98.579178 38.372440  -0.129455 -0.064237 0.989503  0.601581 0.302713 1 0 1.000000
0  10.900646 -98.755348 38.251320  0.411042 -0.908817 0.071391  0.601581 0.302713 1 0 1.000000
blackplastic
0  10.900646 -98.755348 38.251320  0.411042 -0.908817 0.071391  0.601581 0.302713 1 0 1.000000
0  11.418151 -98.127739 38.361427  0.864886 -0.358999 0.350844  0.601581 0.302713 1 0 1.000000
0  10.966710 -98.160774 38.482548  0.778536 -0.354505 0.517888  0.601581 0.302713 1 0 1.000000
blackplastic
0  11.286022 -97.103737 38.856911  0.669625 -0.294283 0.681909  0.601581 0.302713 1 0 1.000000
0  10.966710 -98.160774 38.482548  0.778536 -0.354505 0.517888  0.601581 0.302713 1 0 1.000000
0  11.418151 -98.127739 38.361427  0.864886 -0.358999 0.350844  0.601581 0.302713 1 0 1.000000
blackplastic
0  11.418151 -98.127739 38.361427  0.864886 -0.358999 0.350844  0.601581 0.302713 1 0 1.000000
0  11.803527 -97.048683 38.548611  0.771359 -0.296172 0.563283  0.601581 0.302713 1 0 1.000000
0  11.286022 -97.103737 38.856911  0.669625 -0.294283 0.681909  0.601581 0.302713 1 0 1.000000
blackplastic
0  11.649376 -93.283012 40.101124  0.652494 -0.283673 0.702695  0.601581 0.302713 1 0 1.000000
0  11.286022 -97.103737 38.856911  0.669625 -0.294283 0.681909  0.601581 0.302713 1 0 1.000000
0  11.803527 -97.048683 38.548611  0.771359 -0.296172 0.563283  0.601581 0.302713 1 0 1.000000
blackplastic
0  11.803527 -97.048683 38.548611  0.771359 -0.296172 0.563283  0.601581 0.302713 1 0 1.000000
0  13.466148 -89.858673 39.869900  0.737663 -0.226920 0.635894  0.601581 0.302713 1 0 1.000000
0  11.649376 -93.283012 40.101124  0.652494 -0.283673 0.702695  0.601581 0.302713 1 0 1.000000
blackplastic
0  11.649376 -93.283012 40.101124  0.652494 -0.283673 0.702695  0.601581 0.302713 1 0 1.000000
0  13.466148 -89.858673 39.869900  0.737663 -0.226920 0.635894  0.601581 0.302713 1 0 1.000000
0  12.177891 -87.348221 41.862843  0.697418 -0.223412 0.680952  0.601581 0.302713 1 0 1.000000
blackplastic
0  13.466148 -89.858673 39.869900  0.737663 -0.226920 0.635894  0.601581 0.302713 1 0 1.000000
0  13.444126 -88.823662 40.222244  0.750494 -0.191520 0.632517  0.601581 0.302713 1 0 1.000000
0  12.177891 -87.348221 41.862843  0.697418 -0.223412 0.680952  0.601581 0.302713 1 0 1.000000
blackplastic
0  13.444126 -88.823662 40.222244  0.750494 -0.191520 0.632517  0.601581 0.302713 1 0 1.000000
0  13.179869 -86.676567 41.147144  0.761400 -0.183610 0.621738  0.601581 0.302713 1 0 1.000000
0  12.177891 -87.348221 41.862843  0.697418 -0.223412 0.680952  0.601581 0.302713 1 0 1.000000
blackplastic
0  12.177891 -87.348221 41.862843  0.697418 -0.223412 0.680952  0.601581 0.302713 1 0 1.000000
0  13.179869 -86.676567 41.147144  0.761400 -0.183610 0.621738  0.601581 0.302713 1 0 1.000000
0  13.168858 -85.245171 41.587574  0.787115 -0.158979 0.595966  0.601581 0.302713 1 0 1.000000
blackplastic
0  13.168858 -85.245171 41.587574  0.787115 -0.158979 0.595966  0.601581 0.302713 1 0 1.000000
0  12.409117 -84.815750 42.391361  0.742198 -0.159057 0.651032  0.601581 0.302713 1 0 1.000000
0  12.177891 -87.348221 41.862843  0.697418 -0.223412 0.680952  0.601581 0.302713 1 0 1.000000
blackplastic
0  12.409117 -84.815750 42.391361  0.742198 -0.159057 0.651032  0.601581 0.302713 1 0 1.000000
0  13.168858 -85.245171 41.587574  0.787115 -0.158979 0.595966  0.601581 0.302713 1 0 1.000000
0  13.983652 -75.346512 42.974930  0.785155 -0.147091 0.601578  0.601581 0.302713 1 0 1.000000
blackplastic
0  13.267954 -75.225395 43.602543  0.735920 -0.145464 0.661258  0.601581 0.302713 1 0 1.000000
0  12.409117 -84.815750 42.391361  0.742198 -0.159057 0.651032  0.601581 0.302713 1 0 1.000000
0  13.983652 -75.346512 42.974930  0.785155 -0.147091 0.601578  0.601581 0.302713 1 0 1.000000
blackplastic
0  13.267954 -75.225395 43.602543  0.735920 -0.145464 0.661258  0.601581 0.302713 1 0 1.000000
0  13.983652 -75.346512 42.974930  0.785155 -0.147091 0.601578  0.601581 0.302713 1 0 1.000000
0  14.666318 -66.141533 43.943874  0.782120 -0.115556 0.612319  0.601581 0.302713 1 0 1.000000
blackplastic
0  14.666318 -66.141533 43.943874  0.782120 -0.115556 0.612319  0.601581 0.302713 1 0 1.000000
0  14.137802 -65.998390 44.417336  0.736692 -0.118021 0.665850  0.601581 0.302713 1 0 1.000000
0  13.267954 -75.225395 43.602543  0.735920 -0.145464 0.661258  0.601581 0.302713 1 0 1.000000
blackplastic
0  14.655307 -65.436844 43.921852  0.689352 0.252328 0.679061  0.601581 0.302713 1 0 1.000000
0  14.137802 -65.998390 44.417336  0.290741 0.165220 0.942429  0.601581 0.302713 1 0 1.000000
0  14.666318 -66.141533 43.943874  0.782146 -0.115489 0.612299  0.601581 0.302713 1 0 1.000000
blackplastic
0  14.302963 -64.941360 43.657597  0.246532 0.685507 0.685056  0.601581 0.302713 1 0 1.000000
0  14.137802 -65.998390 44.417336  0.290741 0.165220 0.942429  0.601581 0.302713 1 0 1.000000
0  14.655307 -65.436844 43.921852  0.689352 0.252328 0.679061  0.601581 0.302713 1 0 1.000000
blackplastic
0  7.696519 -94.295998 39.231277  -0.021962 0.143668 0.989382  0.601581 0.302713 1 0 1.000000
0  7.839659 -94.505203 39.253300  -0.013781 0.056490 0.998308  0.601581 0.302713 1 0 1.000000
0  8.753551 -94.075783 39.231277  -0.026231 0.132413 0.990848  0.601581 0.302713 1 0 1.000000
blackplastic
0  2.785728 -94.714409 39.198246  -0.015597 0.139050 0.990163  0.601581 0.302713 1 0 1.000000
0  7.696519 -94.295998 39.231277  -0.021962 0.143668 0.989382  0.601581 0.302713 1 0 1.000000
0  8.753551 -94.075783 39.231277  -0.026231 0.132413 0.990848  0.601581 0.302713 1 0 1.000000
blackplastic
0  8.753551 -94.075783 39.231277  -0.026231 0.132413 0.990848  0.601581 0.302713 1 0 1.000000
0  0.220225 -94.615311 39.154202  -0.017263 0.208077 0.977960  0.601581 0.302713 1 0 1.000000
0  2.785728 -94.714409 39.198246  -0.015597 0.139050 0.990163  0.601581 0.302713 1 0 1.000000
blackplastic
0  2.785728 -94.714409 39.198246  -0.015597 0.139050 0.990163  0.601581 0.302713 1 0 1.000000
0  0.220225 -94.615311 39.154202  -0.017263 0.208077 0.977960  0.601581 0.302713 1 0 1.000000
0  2.708653 -94.934624 39.209255  -0.010977 0.069466 0.997524  0.601581 0.302713 1 0 1.000000
blackplastic
0  0.220225 -94.615311 39.154202  -0.017263 0.208077 0.977960  0.601581 0.302713 1 0 1.000000
0  0.209214 -95.022713 39.198246  -0.009400 0.071089 0.997426  0.601581 0.302713 1 0 1.000000
0  2.708653 -94.934624 39.209255  -0.010977 0.069466 0.997524  0.601581 0.302713 1 0 1.000000
blackplastic
0  0.209214 -95.022713 39.198246  -0.009400 0.071089 0.997426  0.601581 0.302713 1 0 1.000000
0  0.220225 -94.615311 39.154202  -0.017263 0.208077 0.977960  0.601581 0.302713 1 0 1.000000
0  0.000010 -94.615311 39.154202  -0.007385 0.208165 0.978066  0.601581 0.302713 1 0 1.000000
blackplastic
0  0.000010 -94.615311 39.154202  -0.007385 0.208165 0.978066  0.601581 0.302713 1 0 1.000000
0  0.000010 -95.022713 39.198246  -0.003078 0.071091 0.997465  0.601581 0.302713 1 0 1.000000
0  0.209214 -95.022713 39.198246  -0.009400 0.071089 0.997426  0.601581 0.302713 1 0 1.000000
blackplastic
0  -0.209194 -95.022713 39.198246  0.009400 0.071090 0.997426  0.601581 0.302713 1 0 1.000000
0  0.000010 -95.022713 39.198246  -0.003078 0.071091 0.997465  0.601581 0.302713 1 0 1.000000
0  0.000010 -94.615311 39.154202  -0.007385 0.208165 0.978066  0.601581 0.302713 1 0 1.000000
blackplastic
0  0.000010 -94.615311 39.154202  -0.007385 0.208165 0.978066  0.601581 0.302713 1 0 1.000000
0  -0.220205 -94.615311 39.154202  0.015370 0.208055 0.977996  0.601581 0.302713 1 0 1.000000
0  -0.209194 -95.022713 39.198246  0.009400 0.071090 0.997426  0.601581 0.302713 1 0 1.000000
blackplastic
0  -2.708633 -94.934624 39.209255  0.010986 0.069469 0.997524  0.601581 0.302713 1 0 1.000000
0  -0.209194 -95.022713 39.198246  0.009400 0.071090 0.997426  0.601581 0.302713 1 0 1.000000
0  -0.220205 -94.615311 39.154202  0.015370 0.208055 0.977996  0.601581 0.302713 1 0 1.000000
blackplastic
0  -2.785708 -94.714409 39.198246  0.015592 0.139052 0.990162  0.601581 0.302713 1 0 1.000000
0  -2.708633 -94.934624 39.209255  0.010986 0.069469 0.997524  0.601581 0.302713 1 0 1.000000
0  -0.220205 -94.615311 39.154202  0.015370 0.208055 0.977996  0.601581 0.302713 1 0 1.000000
blackplastic
0  -2.785708 -94.714409 39.198246  0.015592 0.139052 0.990162  0.601581 0.302713 1 0 1.000000
0  -0.220205 -94.615311 39.154202  0.015370 0.208055 0.977996  0.601581 0.302713 1 0 1.000000
0  -8.753530 -94.075783 39.231277  0.026240 0.132520 0.990833  0.601581 0.302713 1 0 1.000000
blackplastic
0  -8.753530 -94.075783 39.231277  0.026240 0.132520 0.990833  0.601581 0.302713 1 0 1.000000
0  -7.696499 -94.295998 39.231277  0.021965 0.143664 0.989383  0.601581 0.302713 1 0 1.000000
0  -2.785708 -94.714409 39.198246  0.015592 0.139052 0.990162  0.601581 0.302713 1 0 1.000000
blackplastic
0  -7.696499 -94.295998 39.231277  0.021965 0.143664 0.989383  0.601581 0.302713 1 0 1.000000
0  -8.753530 -94.075783 39.231277  0.026240 0.132520 0.990833  0.601581 0.302713 1 0 1.000000
0  -7.839639 -94.505203 39.253300  0.013779 0.056489 0.998308  0.601581 0.302713 1 0 1.000000
blackplastic
0  -7.839639 -94.505203 39.253300  0.013779 0.056489 0.998308  0.601581 0.302713 1 0 1.000000
0  -8.753530 -94.075783 39.231277  0.026240 0.132520 0.990833  0.601581 0.302713 1 0 1.000000
0  -9.193959 -94.439140 39.209255  0.015657 0.048343 0.998708  0.601581 0.302713 1 0 1.000000
blackplastic
0  -9.238003 -94.307014 39.066116  -0.759643 0.648454 -0.049492  0.601581 0.302713 1 0 1.000000
0  -9.193959 -94.439140 39.209255  0.015657 0.048343 0.998708  0.601581 0.302713 1 0 1.000000
0  -8.753530 -94.075783 39.231277  0.026240 0.132520 0.990833  0.601581 0.302713 1 0 1.000000
blackplastic
0  -8.753530 -94.075783 39.231277  0.026240 0.132520 0.990833  0.601581 0.302713 1 0 1.000000
0  -8.775552 -93.998711 39.132179  -0.119371 0.989394 -0.082768  0.601581 0.302713 1 0 1.000000
0  -9.238003 -94.307014 39.066116  -0.759643 0.648454 -0.049492  0.601581 0.302713 1 0 1.000000
blackplastic
0  -0.220205 -94.516212 39.077126  0.042517 0.997888 -0.049109  0.601581 0.302713 1 0 1.000000
0  -8.775552 -93.998711 39.132179  -0.119371 0.989394 -0.082768  0.601581 0.302713 1 0 1.000000
0  -8.753530 -94.075783 39.231277  0.026240 0.132520 0.990833  0.601581 0.302713 1 0 1.000000
blackplastic
0  -8.753530 -94.075783 39.231277  0.026240 0.132520 0.990833  0.601581 0.302713 1 0 1.000000
0  -0.220205 -94.615311 39.154202  0.015370 0.208055 0.977996  0.601581 0.302713 1 0 1.000000
0  -0.220205 -94.516212 39.077126  0.042517 0.997888 -0.049109  0.601581 0.302713 1 0 1.000000
blackplastic
0  0.000010 -94.516212 39.077126  0.000039 0.998785 -0.049288  0.601581 0.302713 1 0 1.000000
0  -0.220205 -94.516212 39.077126  0.042517 0.997888 -0.049109  0.601581 0.302713 1 0 1.000000
0  -0.220205 -94.615311 39.154202  0.015370 0.208055 0.977996  0.601581 0.302713 1 0 1.000000
blackplastic
0  -0.220205 -94.615311 39.154202  0.015370 0.208055 0.977996  0.601581 0.302713 1 0 1.000000
0  0.000010 -94.615311 39.154202  -0.007385 0.208165 0.978066  0.601581 0.302713 1 0 1.000000
0  0.000010 -94.516212 39.077126  0.000039 0.998785 -0.049288  0.601581 0.302713 1 0 1.000000
blackplastic
0  0.000010 -94.516212 39.077126  0.000039 0.998785 -0.049288  0.601581 0.302713 1 0 1.000000
0  0.000010 -94.615311 39.154202  -0.007385 0.208165 0.978066  0.601581 0.302713 1 0 1.000000
0  0.220225 -94.615311 39.154202  -0.017263 0.208077 0.977960  0.601581 0.302713 1 0 1.000000
blackplastic
0  0.220225 -94.615311 39.154202  -0.017263 0.208077 0.977960  0.601581 0.302713 1 0 1.000000
0  0.220225 -94.516212 39.077126  -0.042429 0.997892 -0.049110  0.601581 0.302713 1 0 1.000000
0  0.000010 -94.516212 39.077126  0.000039 0.998785 -0.049288  0.601581 0.302713 1 0 1.000000
blackplastic
0  0.220225 -94.516212 39.077126  -0.042429 0.997892 -0.049110  0.601581 0.302713 1 0 1.000000
0  0.220225 -94.615311 39.154202  -0.017263 0.208077 0.977960  0.601581 0.302713 1 0 1.000000
0  8.753551 -94.075783 39.231277  -0.026231 0.132413 0.990848  0.601581 0.302713 1 0 1.000000
blackplastic
0  8.753551 -94.075783 39.231277  -0.026231 0.132413 0.990848  0.601581 0.302713 1 0 1.000000
0  8.775573 -93.998711 39.132179  0.119422 0.989387 -0.082772  0.601581 0.302713 1 0 1.000000
0  0.220225 -94.516212 39.077126  -0.042429 0.997892 -0.049110  0.601581 0.302713 1 0 1.000000
blackplastic
0  9.238024 -94.307014 39.066116  0.759729 0.648355 -0.049472  0.601581 0.302713 1 0 1.000000
0  8.775573 -93.998711 39.132179  0.119422 0.989387 -0.082772  0.601581 0.302713 1 0 1.000000
0  8.753551 -94.075783 39.231277  -0.026231 0.132413 0.990848  0.601581 0.302713 1 0 1.000000
blackplastic
0  8.753551 -94.075783 39.231277  -0.026231 0.132413 0.990848  0.601581 0.302713 1 0 1.000000
0  9.193980 -94.439140 39.209255  -0.015687 0.048374 0.998706  0.601581 0.302713 1 0 1.000000
0  9.238024 -94.307014 39.066116  0.759729 0.648355 -0.049472  0.601581 0.302713 1 0 1.000000
blackplastic
0  7.839659 -94.505203 39.253300  -0.013781 0.056490 0.998308  0.601581 0.302713 1 0 1.000000
0  9.193980 -94.439140 39.209255  -0.015687 0.048374 0.998706  0.601581 0.302713 1 0 1.000000
0  8.753551 -94.075783 39.231277  -0.026231 0.132413 0.990848  0.601581 0.302713 1 0 1.000000
blackplastic
0  0.000010 -99.823395 38.207279  0.007572 0.143169 0.989669  0.601581 0.302713 1 0 1.000000
0  -0.561537 -99.680252 38.240311  0.010300 0.117324 0.993040  0.601581 0.302713 1 0 1.000000
0  0.000010 -99.867439 38.163235  -0.019914 -0.981829 -0.188719  0.601581 0.302713 1 0 1.000000
blackplastic
0  -0.561537 -99.680252 38.240311  0.010273 0.117278 0.993046  0.601581 0.302713 1 0 1.000000
0  -0.924892 -99.845413 38.163235  -0.048307 -0.978446 -0.200771  0.601581 0.302713 1 0 1.000000
0  0.000010 -99.867439 38.163235  -0.019918 -0.981829 -0.188719  0.601581 0.302713 1 0 1.000000
blackplastic
0  -0.924892 -99.845413 38.163235  -0.048307 -0.978446 -0.200771  0.601581 0.302713 1 0 1.000000
0  -0.561537 -99.680252 38.240311  0.010273 0.117278 0.993046  0.601581 0.302713 1 0 1.000000
0  -2.906826 -99.548126 38.251320  0.011483 0.080687 0.996673  0.601581 0.302713 1 0 1.000000
blackplastic
0  -2.906826 -99.548126 38.251320  0.011483 0.080687 0.996673  0.601581 0.302713 1 0 1.000000
0  -2.906826 -99.724297 38.174244  -0.070665 -0.967385 -0.243257  0.601581 0.302713 1 0 1.000000
0  -0.924892 -99.845413 38.163235  -0.048307 -0.978446 -0.200771  0.601581 0.302713 1 0 1.000000
blackplastic
0  -2.906826 -99.724297 38.174244  -0.070665 -0.967385 -0.243257  0.601581 0.302713 1 0 1.000000
0  -2.906826 -99.548126 38.251320  0.011483 0.080687 0.996673  0.601581 0.302713 1 0 1.000000
0  -7.079897 -99.404984 38.196266  -0.088710 -0.955867 -0.280087  0.601581 0.302713 1 0 1.000000
blackplastic
0  -2.906826 -99.548126 38.251320  0.011483 0.080687 0.996673  0.601581 0.302713 1 0 1.000000
0  -7.079897 -99.239822 38.273342  0.012030 0.056175 0.998348  0.601581 0.302713 1 0 1.000000
0  -7.079897 -99.404984 38.196266  -0.088710 -0.955867 -0.280087  0.601581 0.302713 1 0 1.000000
blackplastic
0  -7.079897 -99.404984 38.196266  -0.088710 -0.955867 -0.280087  0.601581 0.302713 1 0 1.000000
0  -7.079897 -99.239822 38.273342  0.012030 0.056175 0.998348  0.601581 0.302713 1 0 1.000000
0  -10.019766 -99.041634 38.229298  -0.319356 -0.943786 0.085322  0.601581 0.302713 1 0 1.000000
blackplastic
0  -7.079897 -99.239822 38.273342  0.012030 0.056175 0.998348  0.601581 0.302713 1 0 1.000000
0  -9.986733 -98.876472 38.306374  0.061475 -0.027452 0.997731  0.601581 0.302713 1 0 1.000000
0  -10.019766 -99.041634 38.229298  -0.319356 -0.943786 0.085322  0.601581 0.302713 1 0 1.000000
blackplastic
0  -10.019766 -99.041634 38.229298  -0.319356 -0.943786 0.085322  0.601581 0.302713 1 0 1.000000
0  -9.986733 -98.876472 38.306374  0.061475 -0.027452 0.997731  0.601581 0.302713 1 0 1.000000
0  -10.735464 -98.579178 38.372440  0.128925 -0.063788 0.989601  0.601581 0.302713 1 0 1.000000
blackplastic
0  -10.735464 -98.579178 38.372440  0.128925 -0.063788 0.989601  0.601581 0.302713 1 0 1.000000
0  -10.900625 -98.755348 38.251320  -0.411050 -0.908813 0.071391  0.601581 0.302713 1 0 1.000000
0  -10.019766 -99.041634 38.229298  -0.319356 -0.943786 0.085322  0.601581 0.302713 1 0 1.000000
blackplastic
0  -10.900625 -98.755348 38.251320  -0.411050 -0.908813 0.071391  0.601581 0.302713 1 0 1.000000
0  -10.735464 -98.579178 38.372440  0.128925 -0.063788 0.989601  0.601581 0.302713 1 0 1.000000
0  -10.966689 -98.160774 38.482548  -0.778503 -0.354543 0.517911  0.601581 0.302713 1 0 1.000000
blackplastic
0  -10.966689 -98.160774 38.482548  -0.778503 -0.354543 0.517911  0.601581 0.302713 1 0 1.000000
0  -11.418130 -98.127739 38.361427  -0.864899 -0.358957 0.350855  0.601581 0.302713 1 0 1.000000
0  -10.900625 -98.755348 38.251320  -0.411050 -0.908813 0.071391  0.601581 0.302713 1 0 1.000000
blackplastic
0  -11.418130 -98.127739 38.361427  -0.864899 -0.358957 0.350855  0.601581 0.302713 1 0 1.000000
0  -10.966689 -98.160774 38.482548  -0.778503 -0.354543 0.517911  0.601581 0.302713 1 0 1.000000
0  -11.286001 -97.103737 38.856911  -0.669622 -0.294298 0.681906  0.601581 0.302713 1 0 1.000000
blackplastic
0  -11.286001 -97.103737 38.856911  -0.669622 -0.294298 0.681906  0.601581 0.302713 1 0 1.000000
0  -11.803506 -97.048683 38.548611  -0.771361 -0.296150 0.563291  0.601581 0.302713 1 0 1.000000
0  -11.418130 -98.127739 38.361427  -0.864899 -0.358957 0.350855  0.601581 0.302713 1 0 1.000000
blackplastic
0  -11.803506 -97.048683 38.548611  -0.771361 -0.296150 0.563291  0.601581 0.302713 1 0 1.000000
0  -11.286001 -97.103737 38.856911  -0.669622 -0.294298 0.681906  0.601581 0.302713 1 0 1.000000
0  -11.649355 -93.283012 40.101124  -0.652495 -0.283674 0.702694  0.601581 0.302713 1 0 1.000000
blackplastic
0  -11.649355 -93.283012 40.101124  -0.652495 -0.283674 0.702694  0.601581 0.302713 1 0 1.000000
0  -13.466129 -89.858673 39.869900  -0.737662 -0.226911 0.635898  0.601581 0.302713 1 0 1.000000
0  -11.803506 -97.048683 38.548611  -0.771361 -0.296150 0.563291  0.601581 0.302713 1 0 1.000000
blackplastic
0  -11.649355 -93.283012 40.101124  -0.652495 -0.283674 0.702694  0.601581 0.302713 1 0 1.000000
0  -12.177872 -87.348221 41.862843  -0.697417 -0.223413 0.680952  0.601581 0.302713 1 0 1.000000
0  -13.466129 -89.858673 39.869900  -0.737662 -0.226911 0.635898  0.601581 0.302713 1 0 1.000000
blackplastic
0  -13.466129 -89.858673 39.869900  -0.737662 -0.226911 0.635898  0.601581 0.302713 1 0 1.000000
0  -12.177872 -87.348221 41.862843  -0.697417 -0.223413 0.680952  0.601581 0.302713 1 0 1.000000
0  -13.444107 -88.823662 40.222244  -0.750495 -0.191524 0.632516  0.601581 0.302713 1 0 1.000000
blackplastic
0  -13.444107 -88.823662 40.222244  -0.750495 -0.191524 0.632516  0.601581 0.302713 1 0 1.000000
0  -12.177872 -87.348221 41.862843  -0.697417 -0.223413 0.680952  0.601581 0.302713 1 0 1.000000
0  -13.179850 -86.676567 41.147144  -0.761399 -0.183605 0.621740  0.601581 0.302713 1 0 1.000000
blackplastic
0  -13.168839 -85.245171 41.587574  -0.787114 -0.158973 0.595969  0.601581 0.302713 1 0 1.000000
0  -13.179850 -86.676567 41.147144  -0.761399 -0.183605 0.621740  0.601581 0.302713 1 0 1.000000
0  -12.177872 -87.348221 41.862843  -0.697417 -0.223413 0.680952  0.601581 0.302713 1 0 1.000000
blackplastic
0  -12.177872 -87.348221 41.862843  -0.697417 -0.223413 0.680952  0.601581 0.302713 1 0 1.000000
0  -12.409098 -84.815750 42.391361  -0.742197 -0.159059 0.651033  0.601581 0.302713 1 0 1.000000
0  -13.168839 -85.245171 41.587574  -0.787114 -0.158973 0.595969  0.601581 0.302713 1 0 1.000000
blackplastic
0  -13.983635 -75.346512 42.974930  -0.785187 -0.147071 0.601541  0.601581 0.302713 1 0 1.000000
0  -13.168839 -85.245171 41.587574  -0.787114 -0.158973 0.595969  0.601581 0.302713 1 0 1.000000
0  -12.409098 -84.815750 42.391361  -0.742197 -0.159059 0.651033  0.601581 0.302713 1 0 1.000000
blackplastic
0  -13.267937 -75.225395 43.602543  -0.735920 -0.145465 0.661258  0.601581 0.302713 1 0 1.000000
0  -13.983635 -75.346512 42.974930  -0.785187 -0.147071 0.601541  0.601581 0.302713 1 0 1.000000
0  -12.409098 -84.815750 42.391361  -0.742197 -0.159059 0.651033  0.601581 0.302713 1 0 1.000000
blackplastic
0  -14.666301 -66.141533 43.943874  -0.782120 -0.115557 0.612320  0.601581 0.302713 1 0 1.000000
0  -13.983635 -75.346512 42.974930  -0.785187 -0.147071 0.601541  0.601581 0.302713 1 0 1.000000
0  -13.267937 -75.225395 43.602543  -0.735920 -0.145465 0.661258  0.601581 0.302713 1 0 1.000000
blackplastic
0  -13.267937 -75.225395 43.602543  -0.735920 -0.145465 0.661258  0.601581 0.302713 1 0 1.000000
0  -14.137785 -65.998390 44.417336  -0.736691 -0.118022 0.665851  0.601581 0.302713 1 0 1.000000
0  -14.666301 -66.141533 43.943874  -0.782120 -0.115557 0.612320  0.601581 0.302713 1 0 1.000000
blackplastic
0  -14.302946 -64.941360 43.657597  -0.246539 0.685505 0.685056  0.601581 0.302713 1 0 1.000000
0  -14.655290 -65.436844 43.921852  -0.689350 0.252315 0.679069  0.601581 0.302713 1 0 1.000000
0  -14.137785 -65.998390 44.417336  -0.290743 0.165213 0.942429  0.601581 0.302713 1 0 1.000000
blackplastic
0  -14.655290 -65.436844 43.921852  -0.689350 0.252315 0.679069  0.601581 0.302713 1 0 1.000000
0  -14.666301 -66.141533 43.943874  -0.782145 -0.115491 0.612300  0.601581 0.302713 1 0 1.000000
0  -14.137785 -65.998390 44.417336  -0.290743 0.165213 0.942429  0.601581 0.302713 1 0 1.000000
blackplastic
0  10.537292 -97.423050 38.493557  0.945685 0.283248 -0.159532  0.601581 0.302713 1 0 1.000000
0  10.295055 -96.938576 38.680740  -0.030373 0.162651 0.986216  0.601581 0.302713 1 0 1.000000
0  10.438194 -97.445076 38.713772  -0.016455 0.037206 0.999172  0.601581 0.302713 1 0 1.000000
blackplastic
0  8.940734 -97.643265 38.702763  -0.013077 0.050685 0.998629  0.601581 0.302713 1 0 1.000000
0  10.438194 -97.445076 38.713772  -0.016455 0.037206 0.999172  0.601581 0.302713 1 0 1.000000
0  10.295055 -96.938576 38.680740  -0.030373 0.162651 0.986216  0.601581 0.302713 1 0 1.000000
blackplastic
0  8.808604 -97.379005 38.691750  -0.023377 0.134571 0.990628  0.601581 0.302713 1 0 1.000000
0  8.940734 -97.643265 38.702763  -0.013077 0.050685 0.998629  0.601581 0.302713 1 0 1.000000
0  10.295055 -96.938576 38.680740  -0.030373 0.162651 0.986216  0.601581 0.302713 1 0 1.000000
blackplastic
0  8.808604 -97.379005 38.691750  -0.023377 0.134571 0.990628  0.601581 0.302713 1 0 1.000000
0  10.295055 -96.938576 38.680740  -0.030373 0.162651 0.986216  0.601581 0.302713 1 0 1.000000
0  2.554502 -97.665291 38.614674  -0.019755 0.182530 0.983002  0.601581 0.302713 1 0 1.000000
blackplastic
0  2.554502 -97.665291 38.614674  -0.019755 0.182530 0.983002  0.601581 0.302713 1 0 1.000000
0  2.785728 -97.885506 38.636696  -0.018388 0.150598 0.988424  0.601581 0.302713 1 0 1.000000
0  8.808604 -97.379005 38.691750  -0.023377 0.134571 0.990628  0.601581 0.302713 1 0 1.000000
blackplastic
0  2.697642 -98.193802 38.658718  -0.013891 0.065581 0.997751  0.601581 0.302713 1 0 1.000000
0  2.785728 -97.885506 38.636696  -0.018388 0.150598 0.988424  0.601581 0.302713 1 0 1.000000
0  2.554502 -97.665291 38.614674  -0.019755 0.182530 0.983002  0.601581 0.302713 1 0 1.000000
blackplastic
0  0.198204 -98.336945 38.636696  -0.010986 0.056282 0.998354  0.601581 0.302713 1 0 1.000000
0  2.697642 -98.193802 38.658718  -0.013891 0.065581 0.997751  0.601581 0.302713 1 0 1.000000
0  2.554502 -97.665291 38.614674  -0.019755 0.182530 0.983002  0.601581 0.302713 1 0 1.000000
blackplastic
0  2.554502 -97.665291 38.614674  -0.019755 0.182530 0.983002  0.601581 0.302713 1 0 1.000000
0  0.198204 -97.753372 38.592655  -0.016265 0.168536 0.985561  0.601581 0.302713 1 0 1.000000
0  0.198204 -98.336945 38.636696  -0.010986 0.056282 0.998354  0.601581 0.302713 1 0 1.000000
blackplastic
0  0.198204 -98.336945 38.636696  -0.010986 0.056282 0.998354  0.601581 0.302713 1 0 1.000000
0  0.198204 -97.753372 38.592655  -0.016265 0.168536 0.985561  0.601581 0.302713 1 0 1.000000
0  0.000010 -97.753372 38.592655  -0.000004 0.168572 0.985689  0.601581 0.302713 1 0 1.000000
blackplastic
0  0.000010 -97.753372 38.592655  -0.000004 0.168572 0.985689  0.601581 0.302713 1 0 1.000000
0  0.000010 -98.336945 38.636696  -0.000001 0.055927 0.998435  0.601581 0.302713 1 0 1.000000
0  0.198204 -98.336945 38.636696  -0.010986 0.056282 0.998354  0.601581 0.302713 1 0 1.000000
blackplastic
0  -0.198183 -98.336945 38.636696  0.010982 0.056281 0.998354  0.601581 0.302713 1 0 1.000000
0  0.000010 -98.336945 38.636696  -0.000001 0.055927 0.998435  0.601581 0.302713 1 0 1.000000
0  0.000010 -97.753372 38.592655  -0.000004 0.168572 0.985689  0.601581 0.302713 1 0 1.000000
blackplastic
0  0.000010 -97.753372 38.592655  -0.000004 0.168572 0.985689  0.601581 0.302713 1 0 1.000000
0  -0.198183 -97.753372 38.592655  0.016261 0.168489 0.985569  0.601581 0.302713 1 0 1.000000
0  -0.198183 -98.336945 38.636696  0.010982 0.056281 0.998354  0.601581 0.302713 1 0 1.000000
blackplastic
0  -0.198183 -98.336945 38.636696  0.010982 0.056281 0.998354  0.601581 0.302713 1 0 1.000000
0  -0.198183 -97.753372 38.592655  0.016261 0.168489 0.985569  0.601581 0.302713 1 0 1.000000
0  -2.554482 -97.665291 38.614674  0.019766 0.182528 0.983002  0.601581 0.302713 1 0 1.000000
blackplastic
0  -2.554482 -97.665291 38.614674  0.019766 0.182528 0.983002  0.601581 0.302713 1 0 1.000000
0  -2.697622 -98.193802 38.658718  0.013893 0.065580 0.997751  0.601581 0.302713 1 0 1.000000
0  -0.198183 -98.336945 38.636696  0.010982 0.056281 0.998354  0.601581 0.302713 1 0 1.000000
blackplastic
0  -2.697622 -98.193802 38.658718  0.013893 0.065580 0.997751  0.601581 0.302713 1 0 1.000000
0  -2.554482 -97.665291 38.614674  0.019766 0.182528 0.983002  0.601581 0.302713 1 0 1.000000
0  -2.785708 -97.885506 38.636696  0.018381 0.150594 0.988425  0.601581 0.302713 1 0 1.000000
blackplastic
0  -8.808583 -97.379005 38.691750  0.023372 0.134572 0.990628  0.601581 0.302713 1 0 1.000000
0  -2.785708 -97.885506 38.636696  0.018381 0.150594 0.988425  0.601581 0.302713 1 0 1.000000
0  -2.554482 -97.665291 38.614674  0.019766 0.182528 0.983002  0.601581 0.302713 1 0 1.000000
blackplastic
0  -2.554482 -97.665291 38.614674  0.019766 0.182528 0.983002  0.601581 0.302713 1 0 1.000000
0  -10.295034 -96.938576 38.680740  0.030371 0.162659 0.986215  0.601581 0.302713 1 0 1.000000
0  -8.808583 -97.379005 38.691750  0.023372 0.134572 0.990628  0.601581 0.302713 1 0 1.000000
blackplastic
0  -8.808583 -97.379005 38.691750  0.023372 0.134572 0.990628  0.601581 0.302713 1 0 1.000000
0  -10.295034 -96.938576 38.680740  0.030371 0.162659 0.986215  0.601581 0.302713 1 0 1.000000
0  -8.940713 -97.643265 38.702763  0.013076 0.050685 0.998629  0.601581 0.302713 1 0 1.000000
blackplastic
0  -8.940713 -97.643265 38.702763  0.013076 0.050685 0.998629  0.601581 0.302713 1 0 1.000000
0  -10.295034 -96.938576 38.680740  0.030371 0.162659 0.986215  0.601581 0.302713 1 0 1.000000
0  -10.438173 -97.445076 38.713772  0.016423 0.037303 0.999169  0.601581 0.302713 1 0 1.000000
blackplastic
0  -10.537271 -97.423050 38.493557  -0.945670 0.283270 -0.159580  0.601581 0.302713 1 0 1.000000
0  -10.438173 -97.445076 38.713772  0.016423 0.037303 0.999169  0.601581 0.302713 1 0 1.000000
0  -10.295034 -96.938576 38.680740  0.030371 0.162659 0.986215  0.601581 0.302713 1 0 1.000000
blackplastic
0  -2.785708 -94.714409 39.198246  -0.002207 -0.134512 0.990910  0.601581 0.302713 1 0 1.000000
0  -7.696499 -94.295998 39.231277  -0.004793 -0.136112 0.990682  0.601581 0.302713 1 0 1.000000
0  -3.082998 -95.474152 39.033085  -0.012973 -0.289441 0.957108  0.601581 0.302713 1 0 1.000000
blackplastic
0  -7.696499 -94.295998 39.231277  -0.004793 -0.136112 0.990682  0.601581 0.302713 1 0 1.000000
0  -7.531338 -95.132820 39.066116  -0.019143 -0.287102 0.957709  0.601581 0.302713 1 0 1.000000
0  -3.082998 -95.474152 39.033085  -0.012973 -0.289441 0.957108  0.601581 0.302713 1 0 1.000000
blackplastic
0  -8.610391 -98.292900 38.515579  0.350868 -0.095902 0.931501  0.601581 0.302713 1 0 1.000000
0  -8.808583 -97.379005 38.691750  0.350868 -0.095902 0.931501  0.601581 0.302713 1 0 1.000000
0  -8.940713 -97.643265 38.702763  0.350856 -0.095870 0.931509  0.601581 0.302713 1 0 1.000000
blackplastic
0  7.531358 -95.132820 39.066116  -0.350574 -0.115578 0.929376  0.601581 0.302713 1 0 1.000000
0  7.839659 -94.505203 39.253300  -0.350471 -0.115507 0.929423  0.601581 0.302713 1 0 1.000000
0  7.696519 -94.295998 39.231277  -0.350469 -0.115489 0.929427  0.601581 0.302713 1 0 1.000000
blackplastic
0  -3.105019 -98.755348 38.471535  -0.352374 -0.044368 0.934807  0.601581 0.302713 1 0 1.000000
0  -2.697622 -98.193802 38.658718  -0.352374 -0.044371 0.934807  0.601581 0.302713 1 0 1.000000
0  -2.785708 -97.885506 38.636696  -0.352374 -0.044371 0.934807  0.601581 0.302713 1 0 1.000000
blackplastic
0  3.105040 -97.125763 38.757816  0.354757 -0.069070 0.932404  0.601581 0.302713 1 0 1.000000
0  2.785728 -96.299957 38.933987  0.354747 -0.069023 0.932411  0.601581 0.302713 1 0 1.000000
0  2.719664 -96.509163 38.944996  0.354755 -0.069070 0.932404  0.601581 0.302713 1 0 1.000000
blackplastic
0  -8.070864 -96.707352 38.790848  0.348906 -0.120893 0.929327  0.601581 0.302713 1 0 1.000000
0  -8.258046 -95.848518 38.978031  0.348906 -0.120895 0.929327  0.601581 0.302713 1 0 1.000000
0  -8.357143 -96.057716 38.989040  0.348906 -0.120894 0.929327  0.601581 0.302713 1 0 1.000000
blackplastic
0  8.070885 -96.707352 38.790848  -0.348906 -0.120893 0.929327  0.601581 0.302713 1 0 1.000000
0  8.357164 -96.057716 38.989040  -0.348906 -0.120894 0.929327  0.601581 0.302713 1 0 1.000000
0  8.258067 -95.848518 38.978031  -0.348906 -0.120894 0.929327  0.601581 0.302713 1 0 1.000000
blackplastic
0  -3.105019 -97.125763 38.757816  -0.354757 -0.069072 0.932404  0.601581 0.302713 1 0 1.000000
0  -2.719643 -96.509163 38.944996  -0.354756 -0.069072 0.932404  0.601581 0.302713 1 0 1.000000
0  -2.785708 -96.299957 38.933987  -0.354757 -0.069072 0.932404  0.601581 0.302713 1 0 1.000000
blackplastic
0  3.105040 -98.755348 38.471535  0.352381 -0.044371 0.934804  0.601581 0.302713 1 0 1.000000
0  2.785728 -97.885506 38.636696  0.352380 -0.044368 0.934805  0.601581 0.302713 1 0 1.000000
0  2.697642 -98.193802 38.658718  0.352380 -0.044369 0.934805  0.601581 0.302713 1 0 1.000000
blackplastic
0  -7.531338 -95.132820 39.066116  0.350576 -0.115569 0.929376  0.601581 0.302713 1 0 1.000000
0  -7.696499 -94.295998 39.231277  0.350577 -0.115577 0.929375  0.601581 0.302713 1 0 1.000000
0  -7.839639 -94.505203 39.253300  0.350579 -0.115589 0.929373  0.601581 0.302713 1 0 1.000000
blackplastic
0  8.610412 -98.292900 38.515579  -0.350867 -0.095900 0.931502  0.601581 0.302713 1 0 1.000000
0  8.940734 -97.643265 38.702763  -0.350877 -0.095928 0.931495  0.601581 0.302713 1 0 1.000000
0  8.808604 -97.379005 38.691750  -0.350868 -0.095904 0.931501  0.601581 0.302713 1 0 1.000000
blackplastic
0  -3.082998 -95.474152 39.033085  -0.352890 -0.064796 0.933419  0.601581 0.302713 1 0 1.000000
0  -2.708633 -94.934624 39.209255  -0.352893 -0.064805 0.933417  0.601581 0.302713 1 0 1.000000
0  -2.785708 -94.714409 39.198246  -0.352890 -0.064796 0.933419  0.601581 0.302713 1 0 1.000000
blackplastic
0  2.785728 -94.714409 39.198246  0.002198 -0.134514 0.990909  0.601581 0.302713 1 0 1.000000
0  3.083018 -95.474152 39.033085  0.012976 -0.289442 0.957108  0.601581 0.302713 1 0 1.000000
0  7.696519 -94.295998 39.231277  0.004795 -0.136117 0.990681  0.601581 0.302713 1 0 1.000000
blackplastic
0  3.083018 -95.474152 39.033085  0.012976 -0.289442 0.957108  0.601581 0.302713 1 0 1.000000
0  7.531358 -95.132820 39.066116  0.019179 -0.287380 0.957625  0.601581 0.302713 1 0 1.000000
0  7.696519 -94.295998 39.231277  0.004795 -0.136117 0.990681  0.601581 0.302713 1 0 1.000000
skin_0
0  -24.487881 -106.396805 36.225342  -0.198794 -0.597130 0.777121  0.059119 0.497906 1 0 1.000000
0  -23.232656 -109.633965 33.043240  -0.218940 -0.792083 0.569798  0.064554 0.483888 1 0 1.000000
0  -19.290810 -110.735039 32.900101  -0.148949 -0.800487 0.580548  0.081623 0.479120 1 0 1.000000
skin_0
0  12.199913 -108.521881 36.489601  0.067989 -0.606183 0.792414  0.217986 0.488704 1 0 1.000000
0  5.758629 -109.204544 36.379494  0.039178 -0.586044 0.809331  0.190094 0.485748 1 0 1.000000
0  5.813683 -110.063385 35.751881  0.045472 -0.668184 0.742605  0.190332 0.482029 1 0 1.000000
skin_0
0  5.813683 -110.063385 35.751881  0.045472 -0.668184 0.742605  0.190332 0.482029 1 0 1.000000
0  5.758629 -109.204544 36.379494  0.039178 -0.586044 0.809331  0.190094 0.485748 1 0 1.000000
0  0.000011 -109.523857 36.346462  -0.000001 -0.552576 0.833463  0.165158 0.484365 1 0 1.000000
skin_0
0  0.000011 -110.393707 35.740871  -0.000010 -0.667987 0.744173  0.165158 0.480598 1 0 1.000000
0  5.813683 -110.063385 35.751881  0.045472 -0.668184 0.742605  0.190332 0.482029 1 0 1.000000
0  0.000011 -109.523857 36.346462  -0.000001 -0.552576 0.833463  0.165158 0.484365 1 0 1.000000
skin_0
0  0.000011 -110.393707 35.740871  -0.000010 -0.667987 0.744173  0.165158 0.480598 1 0 1.000000
0  0.000011 -109.523857 36.346462  -0.000001 -0.552576 0.833463  0.165158 0.484365 1 0 1.000000
0  -5.813661 -110.063385 35.751881  -0.045476 -0.668183 0.742606  0.139983 0.482029 1 0 1.000000
skin_0
0  0.000011 -110.393707 35.740871  -0.000010 -0.667987 0.744173  0.165158 0.480598 1 0 1.000000
0  -5.813661 -110.063385 35.751881  -0.045476 -0.668183 0.742606  0.139983 0.482029 1 0 1.000000
0  -6.033876 -112.617874 32.657864  -0.060279 -0.802322 0.593840  0.139029 0.470967 1 0 1.000000
skin_0
0  -6.033876 -112.617874 32.657864  -0.060279 -0.802322 0.593840  0.139029 0.470967 1 0 1.000000
0  -5.813661 -110.063385 35.751881  -0.045476 -0.668183 0.742606  0.139983 0.482029 1 0 1.000000
0  -12.497183 -109.314651 35.906033  -0.074589 -0.656198 0.750893  0.111042 0.485271 1 0 1.000000
skin_0
0  -12.497183 -109.314651 35.906033  -0.074589 -0.656198 0.750893  0.111042 0.485271 1 0 1.000000
0  -13.234902 -111.836113 32.756958  -0.101079 -0.801903 0.588842  0.107847 0.474352 1 0 1.000000
0  -6.033876 -112.617874 32.657864  -0.060279 -0.802322 0.593840  0.139029 0.470967 1 0 1.000000
skin_0
0  -13.234902 -111.836113 32.756958  -0.101079 -0.801903 0.588842  0.107847 0.474352 1 0 1.000000
0  -12.497183 -109.314651 35.906033  -0.074589 -0.656198 0.750893  0.111042 0.485271 1 0 1.000000
0  -14.468105 -109.006355 35.972095  -0.087269 -0.643704 0.760282  0.102507 0.486606 1 0 1.000000
skin_0
0  -19.290810 -110.735039 32.900101  -0.148949 -0.800487 0.580548  0.081623 0.479120 1 0 1.000000
0  -13.234902 -111.836113 32.756958  -0.101079 -0.801903 0.588842  0.107847 0.474352 1 0 1.000000
0  -14.468105 -109.006355 35.972095  -0.087269 -0.643704 0.760282  0.102507 0.486606 1 0 1.000000
skin_0
0  -19.290810 -110.735039 32.900101  -0.148949 -0.800487 0.580548  0.081623 0.479120 1 0 1.000000
0  -14.468105 -109.006355 35.972095  -0.087269 -0.643704 0.760282  0.102507 0.486606 1 0 1.000000
0  -24.487881 -106.396805 36.225342  -0.198794 -0.597130 0.777121  0.059119 0.497906 1 0 1.000000
skin_0
0  -14.468105 -109.006355 35.972095  -0.087269 -0.643704 0.760282  0.102507 0.486606 1 0 1.000000
0  -14.280923 -107.431816 36.896999  -0.053158 -0.371411 0.926945  0.103317 0.493424 1 0 1.000000
0  -24.487881 -106.396805 36.225342  -0.198794 -0.597130 0.777121  0.059119 0.497906 1 0 1.000000
skin_0
0  -14.280923 -107.431816 36.896999  -0.053158 -0.371411 0.926945  0.103317 0.493424 1 0 1.000000
0  -24.983364 -103.897369 37.238331  -0.108362 -0.250129 0.962130  0.056973 0.508729 1 0 1.000000
0  -24.487881 -106.396805 36.225342  -0.198794 -0.597130 0.777121  0.059119 0.497906 1 0 1.000000
skin_0
0  -24.983364 -103.897369 37.238331  -0.108362 -0.250129 0.962130  0.056973 0.508729 1 0 1.000000
0  -14.280923 -107.431816 36.896999  -0.053158 -0.371411 0.926945  0.103317 0.493424 1 0 1.000000
0  -16.361952 -100.561111 38.570633  -0.015377 -0.183386 0.982921  0.094306 0.523176 1 0 1.000000
skin_0
0  -16.361952 -100.561111 38.570633  -0.015377 -0.183386 0.982921  0.094306 0.523176 1 0 1.000000
0  -25.655022 -99.724297 38.229301  -0.103367 -0.192303 0.975876  0.054065 0.526799 1 0 1.000000
0  -24.983364 -103.897369 37.238331  -0.108362 -0.250129 0.962130  0.056973 0.508729 1 0 1.000000
skin_0
0  -25.655022 -99.724297 38.229301  -0.103367 -0.192303 0.975876  0.054065 0.526799 1 0 1.000000
0  -16.361952 -100.561111 38.570633  -0.015377 -0.183386 0.982921  0.094306 0.523176 1 0 1.000000
0  -18.553091 -88.118973 40.398415  0.008387 -0.115294 0.993296  0.084818 0.577054 1 0 1.000000
skin_0
0  -18.553091 -88.118973 40.398415  0.008387 -0.115294 0.993296  0.084818 0.577054 1 0 1.000000
0  -27.438761 -87.656525 40.024055  -0.101090 -0.142986 0.984549  0.046341 0.579056 1 0 1.000000
0  -25.655022 -99.724297 38.229301  -0.103367 -0.192303 0.975876  0.054065 0.526799 1 0 1.000000
skin_0
0  -27.438761 -87.656525 40.024055  -0.101090 -0.142986 0.984549  0.046341 0.579056 1 0 1.000000
0  -18.553091 -88.118973 40.398415  0.008387 -0.115294 0.993296  0.084818 0.577054 1 0 1.000000
0  -20.667154 -74.377563 41.917896  -0.012412 -0.101200 0.994789  0.075663 0.636557 1 0 1.000000
skin_0
0  -20.667154 -74.377563 41.917896  -0.012412 -0.101200 0.994789  0.075663 0.636557 1 0 1.000000
0  -30.510761 -67.396759 42.050030  -0.079690 -0.092777 0.992493  0.033038 0.666786 1 0 1.000000
0  -27.438761 -87.656525 40.024055  -0.101090 -0.142986 0.984549  0.046341 0.579056 1 0 1.000000
skin_0
0  -6.033876 -112.617874 32.657864  -0.060279 -0.802322 0.593840  0.139029 0.470967 1 0 1.000000
0  0.000011 -113.003250 32.613819  -0.023778 -0.803132 0.595326  0.165158 0.469298 1 0 1.000000
0  0.000011 -110.393707 35.740871  -0.000010 -0.667987 0.744173  0.165158 0.480598 1 0 1.000000
skin_0
0  -14.280923 -107.431816 36.896999  -0.053158 -0.371411 0.926945  0.103317 0.493424 1 0 1.000000
0  -14.468105 -109.006355 35.972095  -0.087269 -0.643704 0.760282  0.102507 0.486606 1 0 1.000000
0  -12.199892 -108.521881 36.489601  -0.067990 -0.606181 0.792415  0.112329 0.488704 1 0 1.000000
skin_0
0  -14.468105 -109.006355 35.972095  -0.087269 -0.643704 0.760282  0.102507 0.486606 1 0 1.000000
0  -12.497183 -109.314651 35.906033  -0.074589 -0.656198 0.750893  0.111042 0.485271 1 0 1.000000
0  -12.199892 -108.521881 36.489601  -0.067990 -0.606181 0.792415  0.112329 0.488704 1 0 1.000000
skin_0
0  -12.199892 -108.521881 36.489601  -0.067990 -0.606181 0.792415  0.112329 0.488704 1 0 1.000000
0  -12.497183 -109.314651 35.906033  -0.074589 -0.656198 0.750893  0.111042 0.485271 1 0 1.000000
0  -5.813661 -110.063385 35.751881  -0.045476 -0.668183 0.742606  0.139983 0.482029 1 0 1.000000
skin_0
0  -5.813661 -110.063385 35.751881  -0.045476 -0.668183 0.742606  0.139983 0.482029 1 0 1.000000
0  -5.758607 -109.204544 36.379494  -0.039086 -0.586101 0.809295  0.140221 0.485748 1 0 1.000000
0  -12.199892 -108.521881 36.489601  -0.067990 -0.606181 0.792415  0.112329 0.488704 1 0 1.000000
skin_0
0  0.000011 -109.523857 36.346462  -0.000001 -0.552576 0.833463  0.165158 0.484365 1 0 1.000000
0  -5.758607 -109.204544 36.379494  -0.039086 -0.586101 0.809295  0.140221 0.485748 1 0 1.000000
0  -5.813661 -110.063385 35.751881  -0.045476 -0.668183 0.742606  0.139983 0.482029 1 0 1.000000
skin_0
0  -16.747330 -73.210426 42.292263  -0.014363 -0.100569 0.994826  0.092637 0.641611 1 0 1.000000
0  -20.667154 -74.377563 41.917896  -0.012412 -0.101200 0.994789  0.075663 0.636557 1 0 1.000000
0  -18.553091 -88.118973 40.398415  0.008387 -0.115294 0.993296  0.084818 0.577054 1 0 1.000000
skin_0
0  -20.667154 -74.377563 41.917896  -0.012412 -0.101200 0.994789  0.075663 0.636557 1 0 1.000000
0  -16.747330 -73.210426 42.292263  -0.014363 -0.100569 0.994826  0.092637 0.641611 1 0 1.000000
0  -17.639202 -64.280716 43.074024  -0.026809 -0.095189 0.995098  0.088775 0.680279 1 0 1.000000
skin_0
0  -16.714300 -64.555984 43.184132  -0.562442 -0.127287 0.816980  0.092780 0.679087 1 0 1.000000
0  -17.639202 -64.280716 43.074024  -0.026809 -0.095189 0.995098  0.088775 0.680279 1 0 1.000000
0  -16.747330 -73.210426 42.292263  -0.014363 -0.100569 0.994826  0.092637 0.641611 1 0 1.000000
skin_0
0  -17.639202 -64.280716 43.074024  -0.026809 -0.095189 0.995098  0.088775 0.680279 1 0 1.000000
0  -22.175629 -63.300758 42.776737  -0.033911 -0.084484 0.995848  0.069131 0.684523 1 0 1.000000
0  -20.667154 -74.377563 41.917896  -0.012412 -0.101200 0.994789  0.075663 0.636557 1 0 1.000000
skin_0
0  -20.667154 -74.377563 41.917896  -0.012412 -0.101200 0.994789  0.075663 0.636557 1 0 1.000000
0  -22.175629 -63.300758 42.776737  -0.033911 -0.084484 0.995848  0.069131 0.684523 1 0 1.000000
0  -28.638935 -61.594097 42.611580  -0.064463 -0.085573 0.994244  0.041144 0.691913 1 0 1.000000
skin_0
0  -14.424065 -75.291458 42.974930  -0.464784 -0.152471 0.872197  0.102698 0.632600 1 0 1.000000
0  -15.183805 -66.152542 43.932865  -0.460124 -0.124926 0.879022  0.099408 0.672174 1 0 1.000000
0  -15.800407 -65.150566 43.646584  -0.513611 -0.126195 0.848692  0.096738 0.676513 1 0 1.000000
skin_0
0  -14.424065 -75.291458 42.974930  -0.464784 -0.152471 0.872197  0.102698 0.632600 1 0 1.000000
0  -15.800407 -65.150566 43.646584  -0.513611 -0.126195 0.848692  0.096738 0.676513 1 0 1.000000
0  -16.714300 -64.555984 43.184132  -0.562442 -0.127287 0.816980  0.092780 0.679087 1 0 1.000000
skin_0
0  -16.075674 -72.913139 42.435402  -0.570518 -0.140900 0.809109  0.095546 0.642899 1 0 1.000000
0  -14.424065 -75.291458 42.974930  -0.464784 -0.152471 0.872197  0.102698 0.632600 1 0 1.000000
0  -16.714300 -64.555984 43.184132  -0.562442 -0.127287 0.816980  0.092780 0.679087 1 0 1.000000
skin_0
0  -16.747330 -73.210426 42.292263  -0.014363 -0.100569 0.994826  0.092637 0.641611 1 0 1.000000
0  -16.075674 -72.913139 42.435402  -0.570518 -0.140900 0.809109  0.095546 0.642899 1 0 1.000000
0  -16.714300 -64.555984 43.184132  -0.562442 -0.127287 0.816980  0.092780 0.679087 1 0 1.000000
skin_0
0  -16.075674 -72.913139 42.435402  -0.570518 -0.140900 0.809109  0.095546 0.642899 1 0 1.000000
0  -16.747330 -73.210426 42.292263  -0.014363 -0.100569 0.994826  0.092637 0.641611 1 0 1.000000
0  -14.280924 -89.770584 40.167191  0.005676 -0.114406 0.993418  0.103317 0.569902 1 0 1.000000
skin_0
0  -18.553091 -88.118973 40.398415  0.008387 -0.115294 0.993296  0.084818 0.577054 1 0 1.000000
0  -14.280924 -89.770584 40.167191  0.005676 -0.114406 0.993418  0.103317 0.569902 1 0 1.000000
0  -16.747330 -73.210426 42.292263  -0.014363 -0.100569 0.994826  0.092637 0.641611 1 0 1.000000
skin_0
0  -13.113784 -97.863480 38.878933  -0.023694 -0.163007 0.986340  0.108371 0.534857 1 0 1.000000
0  -14.280924 -89.770584 40.167191  0.005676 -0.114406 0.993418  0.103317 0.569902 1 0 1.000000
0  -18.553091 -88.118973 40.398415  0.008387 -0.115294 0.993296  0.084818 0.577054 1 0 1.000000
skin_0
0  -18.553091 -88.118973 40.398415  0.008387 -0.115294 0.993296  0.084818 0.577054 1 0 1.000000
0  -16.361952 -100.561111 38.570633  0.081159 -0.158904 0.983953  0.094306 0.523176 1 0 1.000000
0  -13.113784 -97.863480 38.878933  -0.023694 -0.163007 0.986340  0.108371 0.534857 1 0 1.000000
skin_0
0  -12.442129 -100.858406 38.350418  -0.020059 -0.183888 0.982742  0.111280 0.521888 1 0 1.000000
0  -13.113784 -97.863480 38.878933  -0.023694 -0.163007 0.986340  0.108371 0.534857 1 0 1.000000
0  -16.361952 -100.561111 38.570633  0.081159 -0.158904 0.983953  0.094306 0.523176 1 0 1.000000
skin_0
0  -16.361952 -100.561111 38.570633  0.081159 -0.158904 0.983953  0.094306 0.523176 1 0 1.000000
0  -14.280923 -107.431816 36.896999  0.057691 -0.226984 0.972188  0.103317 0.493424 1 0 1.000000
0  -12.442129 -100.858406 38.350418  -0.020059 -0.183888 0.982742  0.111280 0.521888 1 0 1.000000
skin_0
0  -14.280923 -107.431816 36.896999  0.057691 -0.226984 0.972188  0.103317 0.493424 1 0 1.000000
0  -11.946646 -101.717239 38.196266  -0.013909 -0.209790 0.977648  0.113425 0.518170 1 0 1.000000
0  -12.442129 -100.858406 38.350418  -0.020059 -0.183888 0.982742  0.111280 0.521888 1 0 1.000000
skin_0
0  -10.999722 -102.113625 38.141212  -0.016014 -0.232178 0.972542  0.117526 0.516453 1 0 1.000000
0  -11.946646 -101.717239 38.196266  -0.013909 -0.209790 0.977648  0.113425 0.518170 1 0 1.000000
0  -14.280923 -107.431816 36.896999  0.057691 -0.226984 0.972188  0.103317 0.493424 1 0 1.000000
skin_0
0  -14.280923 -107.431816 36.896999  0.057691 -0.226984 0.972188  0.103317 0.493424 1 0 1.000000
0  -12.199892 -108.521881 36.489601  -0.015293 -0.258095 0.965999  0.112329 0.488704 1 0 1.000000
0  -10.999722 -102.113625 38.141212  -0.016014 -0.232178 0.972542  0.117526 0.516453 1 0 1.000000
skin_0
0  -12.199892 -108.521881 36.489601  -0.015293 -0.258095 0.965999  0.112329 0.488704 1 0 1.000000
0  -5.758607 -109.204544 36.379494  -0.007081 -0.261590 0.965153  0.140221 0.485748 1 0 1.000000
0  -10.999722 -102.113625 38.141212  -0.016014 -0.232178 0.972542  0.117526 0.516453 1 0 1.000000
skin_0
0  -5.758607 -109.204544 36.379494  -0.007081 -0.261590 0.965153  0.140221 0.485748 1 0 1.000000
0  -5.296157 -102.851349 38.053127  -0.006686 -0.237300 0.971414  0.142224 0.513259 1 0 1.000000
0  -10.999722 -102.113625 38.141212  -0.016014 -0.232178 0.972542  0.117526 0.516453 1 0 1.000000
skin_0
0  0.000011 -103.203690 37.987064  0.000001 -0.244782 0.969578  0.165158 0.511733 1 0 1.000000
0  -5.296157 -102.851349 38.053127  -0.006686 -0.237300 0.971414  0.142224 0.513259 1 0 1.000000
0  -5.758607 -109.204544 36.379494  -0.007081 -0.261590 0.965153  0.140221 0.485748 1 0 1.000000
skin_0
0  -5.758607 -109.204544 36.379494  -0.007081 -0.261590 0.965153  0.140221 0.485748 1 0 1.000000
0  0.000011 -109.523857 36.346462  0.000001 -0.256560 0.966528  0.165158 0.484365 1 0 1.000000
0  0.000011 -103.203690 37.987064  0.000001 -0.244782 0.969578  0.165158 0.511733 1 0 1.000000
skin_0
0  0.000011 -103.203690 37.987064  0.000001 -0.244782 0.969578  0.165158 0.511733 1 0 1.000000
0  0.000011 -109.523857 36.346462  0.000001 -0.256560 0.966528  0.165158 0.484365 1 0 1.000000
0  5.758629 -109.204544 36.379494  0.007081 -0.261591 0.965153  0.190094 0.485748 1 0 1.000000
skin_0
0  -16.075674 -72.913139 42.435402  -0.570518 -0.140900 0.809109  0.095546 0.642899 1 0 1.000000
0  -13.642301 -85.212135 41.587574  -0.507405 -0.176985 0.843336  0.106083 0.589641 1 0 1.000000
0  -14.424065 -75.291458 42.974930  -0.464784 -0.152471 0.872197  0.102698 0.632600 1 0 1.000000
skin_0
0  -13.873527 -86.643532 41.136135  -0.536119 -0.187294 0.823102  0.105082 0.583443 1 0 1.000000
0  -13.642301 -85.212135 41.587574  -0.507405 -0.176985 0.843336  0.106083 0.589641 1 0 1.000000
0  -16.075674 -72.913139 42.435402  -0.570518 -0.140900 0.809109  0.095546 0.642899 1 0 1.000000
skin_0
0  -14.269913 -88.768608 40.376392  -0.298870 -0.193136 0.934546  0.103365 0.574240 1 0 1.000000
0  -13.873527 -86.643532 41.136135  -0.536119 -0.187294 0.823102  0.105082 0.583443 1 0 1.000000
0  -16.075674 -72.913139 42.435402  -0.570518 -0.140900 0.809109  0.095546 0.642899 1 0 1.000000
skin_0
0  -14.280924 -89.770584 40.167191  0.005676 -0.114406 0.993418  0.103317 0.569902 1 0 1.000000
0  -14.269913 -88.768608 40.376392  -0.298870 -0.193136 0.934546  0.103365 0.574240 1 0 1.000000
0  -16.075674 -72.913139 42.435402  -0.570518 -0.140900 0.809109  0.095546 0.642899 1 0 1.000000
skin_0
0  5.758629 -109.204544 36.379494  0.007081 -0.261591 0.965153  0.190094 0.485748 1 0 1.000000
0  5.296178 -102.851349 38.053127  0.006686 -0.237300 0.971413  0.188091 0.513259 1 0 1.000000
0  0.000011 -103.203690 37.987064  0.000001 -0.244782 0.969578  0.165158 0.511733 1 0 1.000000
skin_0
0  10.999743 -102.113625 38.141212  0.015982 -0.232212 0.972534  0.212789 0.516453 1 0 1.000000
0  5.296178 -102.851349 38.053127  0.006686 -0.237300 0.971413  0.188091 0.513259 1 0 1.000000
0  5.758629 -109.204544 36.379494  0.007081 -0.261591 0.965153  0.190094 0.485748 1 0 1.000000
skin_0
0  12.199913 -108.521881 36.489601  0.015292 -0.258101 0.965997  0.217986 0.488704 1 0 1.000000
0  10.999743 -102.113625 38.141212  0.015982 -0.232212 0.972534  0.212789 0.516453 1 0 1.000000
0  5.758629 -109.204544 36.379494  0.007081 -0.261591 0.965153  0.190094 0.485748 1 0 1.000000
skin_0
0  10.999743 -102.113625 38.141212  0.015982 -0.232212 0.972534  0.212789 0.516453 1 0 1.000000
0  12.199913 -108.521881 36.489601  0.015292 -0.258101 0.965997  0.217986 0.488704 1 0 1.000000
0  14.280944 -107.431816 36.896999  -0.057691 -0.226983 0.972188  0.226998 0.493424 1 0 1.000000
skin_0
0  14.280944 -107.431816 36.896999  -0.057691 -0.226983 0.972188  0.226998 0.493424 1 0 1.000000
0  11.946667 -101.717239 38.196266  0.013913 -0.209810 0.977643  0.216890 0.518170 1 0 1.000000
0  10.999743 -102.113625 38.141212  0.015982 -0.232212 0.972534  0.212789 0.516453 1 0 1.000000
skin_0
0  14.280944 -107.431816 36.896999  -0.057691 -0.226983 0.972188  0.226998 0.493424 1 0 1.000000
0  12.442150 -100.858406 38.350418  0.020061 -0.183894 0.982741  0.219035 0.521888 1 0 1.000000
0  11.946667 -101.717239 38.196266  0.013913 -0.209810 0.977643  0.216890 0.518170 1 0 1.000000
skin_0
0  12.442150 -100.858406 38.350418  0.020061 -0.183894 0.982741  0.219035 0.521888 1 0 1.000000
0  14.280944 -107.431816 36.896999  -0.057691 -0.226983 0.972188  0.226998 0.493424 1 0 1.000000
0  16.361975 -100.561111 38.570633  -0.081158 -0.158901 0.983953  0.236009 0.523176 1 0 1.000000
skin_0
0  16.361975 -100.561111 38.570633  -0.081158 -0.158901 0.983953  0.236009 0.523176 1 0 1.000000
0  13.113805 -97.863480 38.878933  0.023693 -0.163008 0.986340  0.221944 0.534857 1 0 1.000000
0  12.442150 -100.858406 38.350418  0.020061 -0.183894 0.982741  0.219035 0.521888 1 0 1.000000
skin_0
0  13.113805 -97.863480 38.878933  0.023693 -0.163008 0.986340  0.221944 0.534857 1 0 1.000000
0  16.361975 -100.561111 38.570633  -0.081158 -0.158901 0.983953  0.236009 0.523176 1 0 1.000000
0  18.553110 -88.118973 40.398415  0.012968 -0.114378 0.993353  0.245497 0.577054 1 0 1.000000
skin_0
0  18.553110 -88.118973 40.398415  0.012968 -0.114378 0.993353  0.245497 0.577054 1 0 1.000000
0  14.280943 -89.770584 40.167191  -0.005666 -0.114397 0.993419  0.226998 0.569902 1 0 1.000000
0  13.113805 -97.863480 38.878933  0.023693 -0.163008 0.986340  0.221944 0.534857 1 0 1.000000
skin_0
0  16.747349 -73.210426 42.292263  0.014174 -0.100543 0.994832  0.237678 0.641611 1 0 1.000000
0  14.280943 -89.770584 40.167191  -0.005666 -0.114397 0.993419  0.226998 0.569902 1 0 1.000000
0  18.553110 -88.118973 40.398415  0.012968 -0.114378 0.993353  0.245497 0.577054 1 0 1.000000
skin_0
0  16.075693 -72.913139 42.435402  0.570520 -0.140882 0.809110  0.234770 0.642899 1 0 1.000000
0  14.280943 -89.770584 40.167191  -0.005666 -0.114397 0.993419  0.226998 0.569902 1 0 1.000000
0  16.747349 -73.210426 42.292263  0.014174 -0.100543 0.994832  0.237678 0.641611 1 0 1.000000
skin_0
0  16.714315 -64.555984 43.184132  0.562442 -0.127301 0.816978  0.237535 0.679087 1 0 1.000000
0  16.075693 -72.913139 42.435402  0.570520 -0.140882 0.809110  0.234770 0.642899 1 0 1.000000
0  16.747349 -73.210426 42.292263  0.014174 -0.100543 0.994832  0.237678 0.641611 1 0 1.000000
skin_0
0  16.075693 -72.913139 42.435402  0.570520 -0.140882 0.809110  0.234770 0.642899 1 0 1.000000
0  16.714315 -64.555984 43.184132  0.562442 -0.127301 0.816978  0.237535 0.679087 1 0 1.000000
0  14.424082 -75.291458 42.974930  0.464784 -0.152471 0.872198  0.227618 0.632600 1 0 1.000000
skin_0
0  14.424082 -75.291458 42.974930  0.464784 -0.152471 0.872198  0.227618 0.632600 1 0 1.000000
0  16.714315 -64.555984 43.184132  0.562442 -0.127301 0.816978  0.237535 0.679087 1 0 1.000000
0  15.800425 -65.150566 43.646584  0.513611 -0.126196 0.848692  0.233578 0.676513 1 0 1.000000
skin_0
0  14.424082 -75.291458 42.974930  0.464784 -0.152471 0.872198  0.227618 0.632600 1 0 1.000000
0  15.800425 -65.150566 43.646584  0.513611 -0.126196 0.848692  0.233578 0.676513 1 0 1.000000
0  15.183823 -66.152542 43.932865  0.460125 -0.124923 0.879022  0.230908 0.672174 1 0 1.000000
skin_0
0  16.747349 -73.210426 42.292263  0.014174 -0.100543 0.994832  0.237678 0.641611 1 0 1.000000
0  17.639217 -64.280716 43.074024  0.026810 -0.095198 0.995097  0.241540 0.680279 1 0 1.000000
0  16.714315 -64.555984 43.184132  0.562442 -0.127301 0.816978  0.237535 0.679087 1 0 1.000000
skin_0
0  14.280943 -89.770584 40.167191  -0.005666 -0.114397 0.993419  0.226998 0.569902 1 0 1.000000
0  16.075693 -72.913139 42.435402  0.570520 -0.140882 0.809110  0.234770 0.642899 1 0 1.000000
0  14.269932 -88.768608 40.376392  0.298960 -0.193143 0.934515  0.226950 0.574240 1 0 1.000000
skin_0
0  14.269932 -88.768608 40.376392  0.298960 -0.193143 0.934515  0.226950 0.574240 1 0 1.000000
0  16.075693 -72.913139 42.435402  0.570520 -0.140882 0.809110  0.234770 0.642899 1 0 1.000000
0  13.873546 -86.643532 41.136135  0.536119 -0.187295 0.823102  0.225234 0.583443 1 0 1.000000
skin_0
0  13.873546 -86.643532 41.136135  0.536119 -0.187295 0.823102  0.225234 0.583443 1 0 1.000000
0  16.075693 -72.913139 42.435402  0.570520 -0.140882 0.809110  0.234770 0.642899 1 0 1.000000
0  13.642320 -85.212135 41.587574  0.507406 -0.176988 0.843336  0.224232 0.589641 1 0 1.000000
skin_0
0  16.075693 -72.913139 42.435402  0.570520 -0.140882 0.809110  0.234770 0.642899 1 0 1.000000
0  14.424082 -75.291458 42.974930  0.464784 -0.152471 0.872198  0.227618 0.632600 1 0 1.000000
0  13.642320 -85.212135 41.587574  0.507406 -0.176988 0.843336  0.224232 0.589641 1 0 1.000000
skin_0
0  18.553110 -88.118973 40.398415  0.012968 -0.114378 0.993353  0.245497 0.577054 1 0 1.000000
0  20.667173 -74.377563 41.917896  0.026223 -0.092391 0.995377  0.254652 0.636557 1 0 1.000000
0  16.747349 -73.210426 42.292263  0.014174 -0.100543 0.994832  0.237678 0.641611 1 0 1.000000
skin_0
0  17.639217 -64.280716 43.074024  0.026810 -0.095198 0.995097  0.241540 0.680279 1 0 1.000000
0  16.747349 -73.210426 42.292263  0.014174 -0.100543 0.994832  0.237678 0.641611 1 0 1.000000
0  20.667173 -74.377563 41.917896  0.026223 -0.092391 0.995377  0.254652 0.636557 1 0 1.000000
skin_0
0  20.667173 -74.377563 41.917896  0.026223 -0.092391 0.995377  0.254652 0.636557 1 0 1.000000
0  22.175644 -63.300758 42.776737  0.033912 -0.084482 0.995848  0.261184 0.684523 1 0 1.000000
0  17.639217 -64.280716 43.074024  0.026810 -0.095198 0.995097  0.241540 0.680279 1 0 1.000000
skin_0
0  20.667173 -74.377563 41.917896  0.026223 -0.092391 0.995377  0.254652 0.636557 1 0 1.000000
0  28.638950 -61.594090 42.611572  0.064463 -0.085572 0.994244  0.289172 0.691913 1 0 1.000000
0  22.175644 -63.300758 42.776737  0.033912 -0.084482 0.995848  0.261184 0.684523 1 0 1.000000
skin_0
0  0.000011 -110.393707 35.740871  -0.000010 -0.667987 0.744173  0.165158 0.480598 1 0 1.000000
0  0.000011 -113.003250 32.613819  0.023772 -0.803131 0.595328  0.165158 0.469298 1 0 1.000000
0  6.033898 -112.617874 32.657864  0.060280 -0.802322 0.593840  0.191286 0.470967 1 0 1.000000
skin_0
0  6.033898 -112.617874 32.657864  0.060280 -0.802322 0.593840  0.191286 0.470967 1 0 1.000000
0  5.813683 -110.063385 35.751881  0.045472 -0.668184 0.742605  0.190332 0.482029 1 0 1.000000
0  0.000011 -110.393707 35.740871  -0.000010 -0.667987 0.744173  0.165158 0.480598 1 0 1.000000
skin_0
0  12.497204 -109.314651 35.906033  0.074589 -0.656199 0.750892  0.219274 0.485271 1 0 1.000000
0  5.813683 -110.063385 35.751881  0.045472 -0.668184 0.742605  0.190332 0.482029 1 0 1.000000
0  6.033898 -112.617874 32.657864  0.060280 -0.802322 0.593840  0.191286 0.470967 1 0 1.000000
skin_0
0  5.813683 -110.063385 35.751881  0.045472 -0.668184 0.742605  0.190332 0.482029 1 0 1.000000
0  12.497204 -109.314651 35.906033  0.074589 -0.656199 0.750892  0.219274 0.485271 1 0 1.000000
0  12.199913 -108.521881 36.489601  0.067989 -0.606183 0.792414  0.217986 0.488704 1 0 1.000000
skin_0
0  14.468126 -109.006355 35.972095  0.087270 -0.643700 0.760286  0.227808 0.486606 1 0 1.000000
0  12.199913 -108.521881 36.489601  0.067989 -0.606183 0.792414  0.217986 0.488704 1 0 1.000000
0  12.497204 -109.314651 35.906033  0.074589 -0.656199 0.750892  0.219274 0.485271 1 0 1.000000
skin_0
0  14.280944 -107.431816 36.896999  0.053212 -0.371436 0.926933  0.226998 0.493424 1 0 1.000000
0  12.199913 -108.521881 36.489601  0.067989 -0.606183 0.792414  0.217986 0.488704 1 0 1.000000
0  14.468126 -109.006355 35.972095  0.087270 -0.643700 0.760286  0.227808 0.486606 1 0 1.000000
skin_0
0  14.468126 -109.006355 35.972095  0.087270 -0.643700 0.760286  0.227808 0.486606 1 0 1.000000
0  24.487904 -106.396805 36.225342  0.198795 -0.597129 0.777121  0.271197 0.497906 1 0 1.000000
0  14.280944 -107.431816 36.896999  0.053212 -0.371436 0.926933  0.226998 0.493424 1 0 1.000000
skin_0
0  14.280944 -107.431816 36.896999  0.053212 -0.371436 0.926933  0.226998 0.493424 1 0 1.000000
0  24.487904 -106.396805 36.225342  0.198795 -0.597129 0.777121  0.271197 0.497906 1 0 1.000000
0  24.983387 -103.897369 37.238331  0.108363 -0.250128 0.962130  0.273342 0.508729 1 0 1.000000
skin_0
0  16.361975 -100.561111 38.570633  0.015376 -0.183388 0.982920  0.236009 0.523176 1 0 1.000000
0  14.280944 -107.431816 36.896999  0.053212 -0.371436 0.926933  0.226998 0.493424 1 0 1.000000
0  24.983387 -103.897369 37.238331  0.108363 -0.250128 0.962130  0.273342 0.508729 1 0 1.000000
skin_0
0  24.983387 -103.897369 37.238331  0.108363 -0.250128 0.962130  0.273342 0.508729 1 0 1.000000
0  25.655041 -99.724297 38.229294  0.103368 -0.192297 0.975877  0.276251 0.526799 1 0 1.000000
0  16.361975 -100.561111 38.570633  0.015376 -0.183388 0.982920  0.236009 0.523176 1 0 1.000000
skin_0
0  18.553110 -88.118973 40.398415  0.012968 -0.114378 0.993353  0.245497 0.577054 1 0 1.000000
0  16.361975 -100.561111 38.570633  0.015376 -0.183388 0.982920  0.236009 0.523176 1 0 1.000000
0  25.655041 -99.724297 38.229294  0.103368 -0.192297 0.975877  0.276251 0.526799 1 0 1.000000
skin_0
0  25.655041 -99.724297 38.229294  0.103368 -0.192297 0.975877  0.276251 0.526799 1 0 1.000000
0  27.438780 -87.656525 40.024048  0.101091 -0.142986 0.984549  0.283975 0.579056 1 0 1.000000
0  18.553110 -88.118973 40.398415  0.012968 -0.114378 0.993353  0.245497 0.577054 1 0 1.000000
skin_0
0  20.667173 -74.377563 41.917896  0.026223 -0.092391 0.995377  0.254652 0.636557 1 0 1.000000
0  18.553110 -88.118973 40.398415  0.012968 -0.114378 0.993353  0.245497 0.577054 1 0 1.000000
0  27.438780 -87.656525 40.024048  0.101091 -0.142986 0.984549  0.283975 0.579056 1 0 1.000000
skin_0
0  27.438780 -87.656525 40.024048  0.101091 -0.142986 0.984549  0.283975 0.579056 1 0 1.000000
0  30.510777 -67.396759 42.050022  0.079691 -0.092778 0.992493  0.297277 0.666786 1 0 1.000000
0  20.667173 -74.377563 41.917896  0.026223 -0.092391 0.995377  0.254652 0.636557 1 0 1.000000
skin_0
0  20.667173 -74.377563 41.917896  0.026223 -0.092391 0.995377  0.254652 0.636557 1 0 1.000000
0  30.510777 -67.396759 42.050022  0.079691 -0.092778 0.992493  0.297277 0.666786 1 0 1.000000
0  28.638950 -61.594090 42.611572  0.064463 -0.085572 0.994244  0.289172 0.691913 1 0 1.000000
skin_0
0  30.510777 -67.396759 42.050022  0.079691 -0.092778 0.992493  0.297277 0.666786 1 0 1.000000
0  31.160410 -65.568970 42.160130  0.079072 -0.092284 0.992588  0.300090 0.674701 1 0 1.000000
0  28.638950 -61.594090 42.611572  0.064463 -0.085572 0.994244  0.289172 0.691913 1 0 1.000000
skin_0
0  31.160410 -65.568970 42.160130  0.079072 -0.092284 0.992588  0.300090 0.674701 1 0 1.000000
0  31.061314 -60.482006 42.567528  0.073085 -0.088293 0.993410  0.299661 0.696729 1 0 1.000000
0  28.638950 -61.594090 42.611572  0.064463 -0.085572 0.994244  0.289172 0.691913 1 0 1.000000
skin_0
0  31.160410 -65.568970 42.160130  0.079072 -0.092284 0.992588  0.300090 0.674701 1 0 1.000000
0  32.019249 -64.159599 42.204174  0.077801 -0.091663 0.992746  0.303809 0.680804 1 0 1.000000
0  31.061314 -60.482006 42.567528  0.073085 -0.088293 0.993410  0.299661 0.696729 1 0 1.000000
skin_0
0  6.033898 -112.617874 32.657864  0.060280 -0.802322 0.593840  0.191286 0.470967 1 0 1.000000
0  13.234923 -111.836113 32.756958  0.101085 -0.801902 0.588842  0.222468 0.474352 1 0 1.000000
0  12.497204 -109.314651 35.906033  0.074589 -0.656199 0.750892  0.219274 0.485271 1 0 1.000000
skin_0
0  14.468126 -109.006355 35.972095  0.087270 -0.643700 0.760286  0.227808 0.486606 1 0 1.000000
0  12.497204 -109.314651 35.906033  0.074589 -0.656199 0.750892  0.219274 0.485271 1 0 1.000000
0  13.234923 -111.836113 32.756958  0.101085 -0.801902 0.588842  0.222468 0.474352 1 0 1.000000
skin_0
0  19.290833 -110.735039 32.900101  0.148950 -0.800486 0.580548  0.248692 0.479120 1 0 1.000000
0  14.468126 -109.006355 35.972095  0.087270 -0.643700 0.760286  0.227808 0.486606 1 0 1.000000
0  13.234923 -111.836113 32.756958  0.101085 -0.801902 0.588842  0.222468 0.474352 1 0 1.000000
skin_0
0  24.487904 -106.396805 36.225342  0.198795 -0.597129 0.777121  0.271197 0.497906 1 0 1.000000
0  14.468126 -109.006355 35.972095  0.087270 -0.643700 0.760286  0.227808 0.486606 1 0 1.000000
0  19.290833 -110.735039 32.900101  0.148950 -0.800486 0.580548  0.248692 0.479120 1 0 1.000000
skin_0
0  19.290833 -110.735039 32.900101  0.148950 -0.800486 0.580548  0.248692 0.479120 1 0 1.000000
0  23.232679 -109.633965 33.043240  0.218958 -0.792076 0.569801  0.265761 0.483888 1 0 1.000000
0  24.487904 -106.396805 36.225342  0.198795 -0.597129 0.777121  0.271197 0.497906 1 0 1.000000
skin_0
0  33.395592 -59.105663 42.600559  0.085835 -0.099788 0.991300  0.309769 0.702689 1 0 1.000000
0  31.061314 -60.482006 42.567528  0.073085 -0.088293 0.993410  0.299661 0.696729 1 0 1.000000
0  33.527718 -61.792286 42.303268  0.086252 -0.100314 0.991210  0.310341 0.691055 1 0 1.000000
skin_0
0  31.061314 -60.482006 42.567528  -0.066689 0.080700 0.994505  0.299661 0.696729 1 0 1.000000
0  33.395592 -59.105663 42.600559  0.085835 -0.099788 0.991300  0.309769 0.702689 1 0 1.000000
0  30.907162 -59.656200 42.446411  -0.057947 0.077439 0.995312  0.298994 0.700305 1 0 1.000000
skin_0
0  33.428627 -92.104866 38.394455  0.068491 -0.157435 0.985151  0.309912 0.559794 1 0 1.000000
0  33.494690 -92.104866 38.317383  0.980722 0.010457 -0.195126  0.310198 0.559794 1 0 1.000000
0  33.615807 -85.146072 39.330368  0.972925 0.022037 -0.230069  0.310723 0.589927 1 0 1.000000
skin_0
0  33.549740 -85.146072 39.418457  0.043827 -0.132063 0.990272  0.310437 0.589927 1 0 1.000000
0  33.428627 -92.104866 38.394455  0.068491 -0.157435 0.985151  0.309912 0.559794 1 0 1.000000
0  33.615807 -85.146072 39.330368  0.972925 0.022037 -0.230069  0.310723 0.589927 1 0 1.000000
skin_0
0  33.549740 -85.146072 39.418457  0.043827 -0.132063 0.990272  0.310437 0.589927 1 0 1.000000
0  33.615807 -85.146072 39.330368  0.972925 0.022037 -0.230069  0.310723 0.589927 1 0 1.000000
0  33.681870 -70.666946 41.169163  0.968386 0.028937 -0.247772  0.311009 0.652625 1 0 1.000000
skin_0
0  33.615807 -70.677956 41.279270  0.027667 -0.123031 0.992017  0.310723 0.652578 1 0 1.000000
0  33.549740 -85.146072 39.418457  0.043827 -0.132063 0.990272  0.310437 0.589927 1 0 1.000000
0  33.681870 -70.666946 41.169163  0.968386 0.028937 -0.247772  0.311009 0.652625 1 0 1.000000
skin_0
0  33.615807 -70.677956 41.279270  0.027667 -0.123031 0.992017  0.310723 0.652578 1 0 1.000000
0  33.681870 -70.666946 41.169163  0.968386 0.028937 -0.247772  0.311009 0.652625 1 0 1.000000
0  33.593784 -61.770264 42.182152  0.965012 0.051220 -0.257154  0.310628 0.691150 1 0 1.000000
skin_0
0  33.527718 -61.792286 42.303268  0.086252 -0.100314 0.991210  0.310341 0.691055 1 0 1.000000
0  33.615807 -70.677956 41.279270  0.027667 -0.123031 0.992017  0.310723 0.652578 1 0 1.000000
0  33.593784 -61.770264 42.182152  0.965012 0.051220 -0.257154  0.310628 0.691150 1 0 1.000000
skin_0
0  33.527718 -61.792286 42.303268  0.086252 -0.100314 0.991210  0.310341 0.691055 1 0 1.000000
0  33.593784 -61.770264 42.182152  0.965012 0.051220 -0.257154  0.310628 0.691150 1 0 1.000000
0  33.505699 -59.116673 42.479443  0.965743 0.061490 -0.252110  0.310246 0.702641 1 0 1.000000
skin_0
0  33.395592 -59.105663 42.600559  0.085835 -0.099788 0.991300  0.309769 0.702689 1 0 1.000000
0  33.527718 -61.792286 42.303268  0.086252 -0.100314 0.991210  0.310341 0.691055 1 0 1.000000
0  33.505699 -59.116673 42.479443  0.965743 0.061490 -0.252110  0.310246 0.702641 1 0 1.000000
skin_0
0  33.395592 -59.105663 42.600559  0.085835 -0.099788 0.991300  0.309769 0.702689 1 0 1.000000
0  33.505699 -59.116673 42.479443  0.965743 0.061490 -0.252110  0.310246 0.702641 1 0 1.000000
0  33.439632 -59.017578 42.490452  0.599793 0.776674 -0.192420  0.309960 0.703070 1 0 1.000000
skin_0
0  33.395592 -59.105663 42.600559  0.085835 -0.099788 0.991300  0.309769 0.702689 1 0 1.000000
0  33.439632 -59.017578 42.490452  0.599793 0.776674 -0.192420  0.309960 0.703070 1 0 1.000000
0  33.329525 -58.973534 42.501465  -0.224594 0.953861 -0.199266  0.309483 0.703261 1 0 1.000000
skin_0
0  33.395592 -59.105663 42.600559  0.085835 -0.099788 0.991300  0.309769 0.702689 1 0 1.000000
0  33.329525 -58.973534 42.501465  -0.224594 0.953861 -0.199266  0.309483 0.703261 1 0 1.000000
0  30.907162 -59.656200 42.446411  -0.057947 0.077439 0.995312  0.298994 0.700305 1 0 1.000000
skin_0
0  33.329525 -58.973534 42.501465  -0.224594 0.953861 -0.199266  0.309483 0.703261 1 0 1.000000
0  30.907162 -59.579124 42.325291  -0.203859 0.958016 -0.201612  0.298994 0.700639 1 0 1.000000
0  30.907162 -59.656200 42.446411  -0.057947 0.077439 0.995312  0.298994 0.700305 1 0 1.000000
skin_0
0  30.907162 -59.656200 42.446411  -0.057947 0.077439 0.995312  0.298994 0.700305 1 0 1.000000
0  30.907162 -59.579124 42.325291  -0.203859 0.958016 -0.201612  0.298994 0.700639 1 0 1.000000
0  28.903208 -59.997532 42.259228  -0.189209 0.969463 -0.156017  0.290316 0.698827 1 0 1.000000
skin_0
0  28.903208 -60.074608 42.380344  -0.046868 0.078198 0.995835  0.290316 0.698493 1 0 1.000000
0  30.907162 -59.656200 42.446411  -0.057947 0.077439 0.995312  0.298994 0.700305 1 0 1.000000
0  28.903208 -59.997532 42.259228  -0.189209 0.969463 -0.156017  0.290316 0.698827 1 0 1.000000
skin_0
0  31.061314 -60.482006 42.567528  -0.066689 0.080700 0.994505  0.299661 0.696729 1 0 1.000000
0  30.907162 -59.656200 42.446411  -0.057947 0.077439 0.995312  0.298994 0.700305 1 0 1.000000
0  28.903208 -60.074608 42.380344  -0.046868 0.078198 0.995835  0.290316 0.698493 1 0 1.000000
skin_0
0  28.638950 -61.594090 42.611572  -0.065933 0.264444 0.962144  0.289172 0.691913 1 0 1.000000
0  31.061314 -60.482006 42.567528  -0.066689 0.080700 0.994505  0.299661 0.696729 1 0 1.000000
0  28.903208 -60.074608 42.380344  -0.046868 0.078198 0.995835  0.290316 0.698493 1 0 1.000000
skin_0
0  33.615807 -70.677956 41.279270  0.027667 -0.123031 0.992017  0.310723 0.652578 1 0 1.000000
0  31.578817 -69.081398 41.576561  0.037201 -0.117952 0.992322  0.301902 0.659491 1 0 1.000000
0  29.464758 -86.786674 39.429466  0.052557 -0.151137 0.987115  0.292748 0.582823 1 0 1.000000
skin_0
0  29.464758 -86.786674 39.429466  0.052557 -0.151137 0.987115  0.292748 0.582823 1 0 1.000000
0  33.549740 -85.146072 39.418457  0.043827 -0.132063 0.990272  0.310437 0.589927 1 0 1.000000
0  33.615807 -70.677956 41.279270  0.027667 -0.123031 0.992017  0.310723 0.652578 1 0 1.000000
skin_0
0  33.428627 -92.104866 38.394455  0.068491 -0.157435 0.985151  0.309912 0.559794 1 0 1.000000
0  33.549740 -85.146072 39.418457  0.043827 -0.132063 0.990272  0.310437 0.589927 1 0 1.000000
0  29.464758 -86.786674 39.429466  0.052557 -0.151137 0.987115  0.292748 0.582823 1 0 1.000000
skin_0
0  33.384579 -62.695164 42.215183  0.085363 -0.099391 0.991380  0.309722 0.687145 1 0 1.000000
0  31.061314 -60.482006 42.567528  0.073085 -0.088293 0.993410  0.299661 0.696729 1 0 1.000000
0  32.019249 -64.159599 42.204174  0.077801 -0.091663 0.992746  0.303809 0.680804 1 0 1.000000
skin_0
0  33.384579 -62.695164 42.215183  0.085363 -0.099391 0.991380  0.309722 0.687145 1 0 1.000000
0  33.527718 -61.792286 42.303268  0.086252 -0.100314 0.991210  0.310341 0.691055 1 0 1.000000
0  31.061314 -60.482006 42.567528  0.073085 -0.088293 0.993410  0.299661 0.696729 1 0 1.000000
skin_0
0  33.527718 -61.792286 42.303268  0.086252 -0.100314 0.991210  0.310341 0.691055 1 0 1.000000
0  33.384579 -62.695164 42.215183  0.085363 -0.099391 0.991380  0.309722 0.687145 1 0 1.000000
0  33.384579 -64.776199 41.972946  0.063296 -0.112796 0.991600  0.309722 0.678134 1 0 1.000000
skin_0
0  33.615807 -70.677956 41.279270  0.027667 -0.123031 0.992017  0.310723 0.652578 1 0 1.000000
0  33.527718 -61.792286 42.303268  0.086252 -0.100314 0.991210  0.310341 0.691055 1 0 1.000000
0  33.384579 -64.776199 41.972946  0.063296 -0.112796 0.991600  0.309722 0.678134 1 0 1.000000
skin_0
0  33.615807 -70.677956 41.279270  0.027667 -0.123031 0.992017  0.310723 0.652578 1 0 1.000000
0  33.384579 -64.776199 41.972946  0.063296 -0.112796 0.991600  0.309722 0.678134 1 0 1.000000
0  32.305527 -66.086479 41.884861  0.041515 -0.115982 0.992383  0.305049 0.672460 1 0 1.000000
skin_0
0  33.615807 -70.677956 41.279270  0.027667 -0.123031 0.992017  0.310723 0.652578 1 0 1.000000
0  32.305527 -66.086479 41.884861  0.041515 -0.115982 0.992383  0.305049 0.672460 1 0 1.000000
0  31.578817 -69.081398 41.576561  0.037201 -0.117952 0.992322  0.301902 0.659491 1 0 1.000000
skin_0
0  30.510777 -67.396759 42.050022  0.250663 -0.149475 0.956465  0.297277 0.666786 1 0 1.000000
0  31.578817 -69.081398 41.576561  0.037201 -0.117952 0.992322  0.301902 0.659491 1 0 1.000000
0  32.305527 -66.086479 41.884861  0.041515 -0.115982 0.992383  0.305049 0.672460 1 0 1.000000
skin_0
0  31.578817 -69.081398 41.576561  0.037201 -0.117952 0.992322  0.301902 0.659491 1 0 1.000000
0  30.510777 -67.396759 42.050022  0.250663 -0.149475 0.956465  0.297277 0.666786 1 0 1.000000
0  27.438780 -87.656525 40.024048  0.482897 -0.172408 0.858537  0.283975 0.579056 1 0 1.000000
skin_0
0  27.438780 -87.656525 40.024048  0.482897 -0.172408 0.858537  0.283975 0.579056 1 0 1.000000
0  29.464758 -86.786674 39.429466  0.052557 -0.151137 0.987115  0.292748 0.582823 1 0 1.000000
0  31.578817 -69.081398 41.576561  0.037201 -0.117952 0.992322  0.301902 0.659491 1 0 1.000000
skin_0
0  28.176500 -97.445076 37.843918  0.064924 -0.174293 0.982551  0.287169 0.536669 1 0 1.000000
0  29.464758 -86.786674 39.429466  0.052557 -0.151137 0.987115  0.292748 0.582823 1 0 1.000000
0  27.438780 -87.656525 40.024048  0.482897 -0.172408 0.858537  0.283975 0.579056 1 0 1.000000
skin_0
0  29.464758 -86.786674 39.429466  0.052557 -0.151137 0.987115  0.292748 0.582823 1 0 1.000000
0  28.176500 -97.445076 37.843918  0.064924 -0.174293 0.982551  0.287169 0.536669 1 0 1.000000
0  33.428627 -92.104866 38.394455  0.068491 -0.157435 0.985151  0.309912 0.559794 1 0 1.000000
skin_0
0  33.318520 -96.454109 37.590672  0.114488 -0.191165 0.974858  0.309435 0.540960 1 0 1.000000
0  33.428627 -92.104866 38.394455  0.068491 -0.157435 0.985151  0.309912 0.559794 1 0 1.000000
0  28.176500 -97.445076 37.843918  0.064924 -0.174293 0.982551  0.287169 0.536669 1 0 1.000000
skin_0
0  33.428627 -92.104866 38.394455  0.068491 -0.157435 0.985151  0.309912 0.559794 1 0 1.000000
0  33.318520 -96.454109 37.590672  0.114488 -0.191165 0.974858  0.309435 0.540960 1 0 1.000000
0  33.494690 -92.104866 38.317383  0.980722 0.010457 -0.195126  0.310198 0.559794 1 0 1.000000
skin_0
0  33.318520 -96.454109 37.590672  0.114488 -0.191165 0.974858  0.309435 0.540960 1 0 1.000000
0  33.395596 -96.454109 37.513596  0.982271 0.010276 -0.187182  0.309769 0.540960 1 0 1.000000
0  33.494690 -92.104866 38.317383  0.980722 0.010457 -0.195126  0.310198 0.559794 1 0 1.000000
skin_0
0  33.395596 -96.454109 37.513596  0.982271 0.010276 -0.187182  0.309769 0.540960 1 0 1.000000
0  33.318520 -96.454109 37.590672  0.114488 -0.191165 0.974858  0.309435 0.540960 1 0 1.000000
0  33.219421 -99.129715 36.819920  0.374168 -0.475413 0.796229  0.309006 0.529374 1 0 1.000000
skin_0
0  33.219421 -99.129715 36.819920  0.374168 -0.475413 0.796229  0.309006 0.529374 1 0 1.000000
0  33.296497 -99.107697 36.753857  0.985331 0.012559 -0.170193  0.309340 0.529469 1 0 1.000000
0  33.395596 -96.454109 37.513596  0.982271 0.010276 -0.187182  0.309769 0.540960 1 0 1.000000
skin_0
0  32.790005 -102.796295 33.869041  0.967834 0.074743 -0.240230  0.307147 0.513497 1 0 1.000000
0  33.296497 -99.107697 36.753857  0.985331 0.012559 -0.170193  0.309340 0.529469 1 0 1.000000
0  33.219421 -99.129715 36.819920  0.374168 -0.475413 0.796229  0.309006 0.529374 1 0 1.000000
skin_0
0  32.723938 -102.862358 33.902073  0.519743 -0.616559 0.591373  0.306861 0.513211 1 0 1.000000
0  32.790005 -102.796295 33.869041  0.967834 0.074743 -0.240230  0.307147 0.513497 1 0 1.000000
0  33.219421 -99.129715 36.819920  0.374168 -0.475413 0.796229  0.309006 0.529374 1 0 1.000000
skin_0
0  31.160410 -65.568970 42.160130  0.211078 -0.162291 0.963902  0.300090 0.674701 1 0 1.000000
0  30.510777 -67.396759 42.050022  0.250663 -0.149475 0.956465  0.297277 0.666786 1 0 1.000000
0  32.305527 -66.086479 41.884861  0.041515 -0.115982 0.992383  0.305049 0.672460 1 0 1.000000
skin_0
0  32.019249 -64.159599 42.204174  0.109788 -0.140176 0.984021  0.303809 0.680804 1 0 1.000000
0  31.160410 -65.568970 42.160130  0.211078 -0.162291 0.963902  0.300090 0.674701 1 0 1.000000
0  32.305527 -66.086479 41.884861  0.041515 -0.115982 0.992383  0.305049 0.672460 1 0 1.000000
skin_0
0  33.384579 -64.776199 41.972946  0.063296 -0.112796 0.991600  0.309722 0.678134 1 0 1.000000
0  32.019249 -64.159599 42.204174  0.109788 -0.140176 0.984021  0.303809 0.680804 1 0 1.000000
0  32.305527 -66.086479 41.884861  0.041515 -0.115982 0.992383  0.305049 0.672460 1 0 1.000000
skin_0
0  33.384579 -64.776199 41.972946  0.063296 -0.112796 0.991600  0.309722 0.678134 1 0 1.000000
0  33.384579 -62.695164 42.215183  0.085363 -0.099391 0.991380  0.309722 0.687145 1 0 1.000000
0  32.019249 -64.159599 42.204174  0.109788 -0.140176 0.984021  0.303809 0.680804 1 0 1.000000
skin_0
0  32.723938 -102.862358 33.902073  0.519743 -0.616559 0.591373  0.306861 0.513211 1 0 1.000000
0  33.219421 -99.129715 36.819920  0.374168 -0.475413 0.796229  0.309006 0.529374 1 0 1.000000
0  27.273621 -104.569023 36.159275  0.320597 -0.525364 0.788169  0.283260 0.505821 1 0 1.000000
skin_0
0  27.273621 -104.569023 36.159275  0.320597 -0.525364 0.788169  0.283260 0.505821 1 0 1.000000
0  26.590956 -107.773148 33.274460  0.398592 -0.726001 0.560400  0.280303 0.491946 1 0 1.000000
0  32.723938 -102.862358 33.902073  0.519743 -0.616559 0.591373  0.306861 0.513211 1 0 1.000000
skin_0
0  26.590956 -107.773148 33.274460  0.398592 -0.726001 0.560400  0.280303 0.491946 1 0 1.000000
0  27.273621 -104.569023 36.159275  0.320597 -0.525364 0.788169  0.283260 0.505821 1 0 1.000000
0  24.487904 -106.396805 36.225342  0.418890 -0.563624 0.711940  0.271197 0.497906 1 0 1.000000
skin_0
0  24.487904 -106.396805 36.225342  0.418890 -0.563624 0.711940  0.271197 0.497906 1 0 1.000000
0  23.232679 -109.633965 33.043240  0.391189 -0.735784 0.552804  0.265761 0.483888 1 0 1.000000
0  26.590956 -107.773148 33.274460  0.398592 -0.726001 0.560400  0.280303 0.491946 1 0 1.000000
skin_0
0  27.438780 -87.656525 40.024048  0.482897 -0.172408 0.858537  0.283975 0.579056 1 0 1.000000
0  25.655041 -99.724297 38.229294  0.458762 -0.230488 0.858145  0.276251 0.526799 1 0 1.000000
0  28.176500 -97.445076 37.843918  0.064924 -0.174293 0.982551  0.287169 0.536669 1 0 1.000000
skin_0
0  27.625963 -101.794319 36.963058  0.114379 -0.191354 0.974834  0.284785 0.517836 1 0 1.000000
0  28.176500 -97.445076 37.843918  0.064924 -0.174293 0.982551  0.287169 0.536669 1 0 1.000000
0  25.655041 -99.724297 38.229294  0.458762 -0.230488 0.858145  0.276251 0.526799 1 0 1.000000
skin_0
0  24.983387 -103.897369 37.238331  0.423344 -0.359998 0.831373  0.273342 0.508729 1 0 1.000000
0  27.625963 -101.794319 36.963058  0.114379 -0.191354 0.974834  0.284785 0.517836 1 0 1.000000
0  25.655041 -99.724297 38.229294  0.458762 -0.230488 0.858145  0.276251 0.526799 1 0 1.000000
skin_0
0  24.487904 -106.396805 36.225342  0.418890 -0.563624 0.711940  0.271197 0.497906 1 0 1.000000
0  27.625963 -101.794319 36.963058  0.114379 -0.191354 0.974834  0.284785 0.517836 1 0 1.000000
0  24.983387 -103.897369 37.238331  0.423344 -0.359998 0.831373  0.273342 0.508729 1 0 1.000000
skin_0
0  27.273621 -104.569023 36.159275  0.320597 -0.525364 0.788169  0.283260 0.505821 1 0 1.000000
0  27.625963 -101.794319 36.963058  0.114379 -0.191354 0.974834  0.284785 0.517836 1 0 1.000000
0  24.487904 -106.396805 36.225342  0.418890 -0.563624 0.711940  0.271197 0.497906 1 0 1.000000
skin_0
0  27.625963 -101.794319 36.963058  0.114379 -0.191354 0.974834  0.284785 0.517836 1 0 1.000000
0  27.273621 -104.569023 36.159275  0.320597 -0.525364 0.788169  0.283260 0.505821 1 0 1.000000
0  33.219421 -99.129715 36.819920  0.374168 -0.475413 0.796229  0.309006 0.529374 1 0 1.000000
skin_0
0  33.219421 -99.129715 36.819920  0.374168 -0.475413 0.796229  0.309006 0.529374 1 0 1.000000
0  33.318520 -96.454109 37.590672  0.114488 -0.191165 0.974858  0.309435 0.540960 1 0 1.000000
0  27.625963 -101.794319 36.963058  0.114379 -0.191354 0.974834  0.284785 0.517836 1 0 1.000000
skin_0
0  28.176500 -97.445076 37.843918  0.064924 -0.174293 0.982551  0.287169 0.536669 1 0 1.000000
0  27.625963 -101.794319 36.963058  0.114379 -0.191354 0.974834  0.284785 0.517836 1 0 1.000000
0  33.318520 -96.454109 37.590672  0.114488 -0.191165 0.974858  0.309435 0.540960 1 0 1.000000
skin_0
0  32.635853 -103.269753 33.098289  0.885949 0.313088 -0.342154  0.306479 0.511447 1 0 1.000000
0  32.790005 -102.796295 33.869041  0.908793 0.261941 -0.324780  0.307147 0.513497 1 0 1.000000
0  32.723938 -102.862358 33.902073  0.604379 -0.721596 0.337676  0.306861 0.513211 1 0 1.000000
skin_0
0  32.723938 -102.862358 33.902073  0.604379 -0.721596 0.337676  0.306861 0.513211 1 0 1.000000
0  32.602821 -103.346832 33.153343  0.616495 -0.732885 0.287772  0.306336 0.511113 1 0 1.000000
0  32.635853 -103.269753 33.098289  0.885949 0.313088 -0.342154  0.306479 0.511447 1 0 1.000000
skin_0
0  32.602821 -103.346832 33.153343  0.616495 -0.732885 0.287772  0.306336 0.511113 1 0 1.000000
0  32.591808 -103.335823 33.010204  0.621263 -0.118656 -0.774566  0.306289 0.511161 1 0 1.000000
0  32.635853 -103.269753 33.098289  0.885949 0.313088 -0.342154  0.306479 0.511447 1 0 1.000000
skin_0
0  32.591808 -103.335823 33.010204  0.621263 -0.118656 -0.774566  0.306289 0.511161 1 0 1.000000
0  32.602821 -103.346832 33.153343  0.616495 -0.732885 0.287772  0.306336 0.511113 1 0 1.000000
0  32.393616 -103.567047 33.076267  0.616181 -0.733189 0.287670  0.305430 0.510159 1 0 1.000000
skin_0
0  32.393616 -103.567047 33.076267  0.616181 -0.733189 0.287670  0.305430 0.510159 1 0 1.000000
0  32.404629 -103.478958 32.933128  0.340390 -0.276141 -0.898822  0.305478 0.510541 1 0 1.000000
0  32.591808 -103.335823 33.010204  0.621263 -0.118656 -0.774566  0.306289 0.511161 1 0 1.000000
skin_0
0  26.756117 -107.905281 32.371578  0.260115 -0.313206 -0.913369  0.281019 0.491374 1 0 1.000000
0  32.404629 -103.478958 32.933128  0.340390 -0.276141 -0.898822  0.305478 0.510541 1 0 1.000000
0  32.393616 -103.567047 33.076267  0.616181 -0.733189 0.287670  0.305430 0.510159 1 0 1.000000
skin_0
0  32.393616 -103.567047 33.076267  0.616181 -0.733189 0.287670  0.305430 0.510159 1 0 1.000000
0  26.778137 -107.971344 32.503708  0.485262 -0.833882 0.262986  0.281114 0.491088 1 0 1.000000
0  26.756117 -107.905281 32.371578  0.260115 -0.313206 -0.913369  0.281019 0.491374 1 0 1.000000
skin_0
0  23.298742 -109.821152 32.118336  0.228700 -0.344809 -0.910386  0.266047 0.483077 1 0 1.000000
0  26.756117 -107.905281 32.371578  0.260115 -0.313206 -0.913369  0.281019 0.491374 1 0 1.000000
0  26.778137 -107.971344 32.503708  0.485262 -0.833882 0.262986  0.281114 0.491088 1 0 1.000000
skin_0
0  26.778137 -107.971344 32.503708  0.485262 -0.833882 0.262986  0.281114 0.491088 1 0 1.000000
0  23.320765 -109.887215 32.261475  0.408855 -0.873306 0.264902  0.266143 0.482791 1 0 1.000000
0  23.298742 -109.821152 32.118336  0.228700 -0.344809 -0.910386  0.266047 0.483077 1 0 1.000000
skin_0
0  23.320765 -109.887215 32.261475  0.408855 -0.873306 0.264902  0.266143 0.482791 1 0 1.000000
0  26.778137 -107.971344 32.503708  0.485262 -0.833882 0.262986  0.281114 0.491088 1 0 1.000000
0  23.232679 -109.633965 33.043240  0.400681 -0.856582 0.325148  0.265761 0.483888 1 0 1.000000
skin_0
0  26.778137 -107.971344 32.503708  0.485262 -0.833882 0.262986  0.281114 0.491088 1 0 1.000000
0  26.590956 -107.773148 33.274460  0.527668 -0.783778 0.327503  0.280303 0.491946 1 0 1.000000
0  23.232679 -109.633965 33.043240  0.400681 -0.856582 0.325148  0.265761 0.483888 1 0 1.000000
skin_0
0  32.393616 -103.567047 33.076267  0.616181 -0.733189 0.287670  0.305430 0.510159 1 0 1.000000
0  26.590956 -107.773148 33.274460  0.527668 -0.783778 0.327503  0.280303 0.491946 1 0 1.000000
0  26.778137 -107.971344 32.503708  0.485262 -0.833882 0.262986  0.281114 0.491088 1 0 1.000000
skin_0
0  32.602821 -103.346832 33.153343  0.616495 -0.732885 0.287772  0.306336 0.511113 1 0 1.000000
0  26.590956 -107.773148 33.274460  0.527668 -0.783778 0.327503  0.280303 0.491946 1 0 1.000000
0  32.393616 -103.567047 33.076267  0.616181 -0.733189 0.287670  0.305430 0.510159 1 0 1.000000
skin_0
0  32.723938 -102.862358 33.902073  0.604379 -0.721596 0.337676  0.306861 0.513211 1 0 1.000000
0  26.590956 -107.773148 33.274460  0.527668 -0.783778 0.327503  0.280303 0.491946 1 0 1.000000
0  32.602821 -103.346832 33.153343  0.616495 -0.732885 0.287772  0.306336 0.511113 1 0 1.000000
skin_0
0  -26.590933 -107.773148 33.274467  -0.398590 -0.726001 0.560400  0.050012 0.491946 1 0 1.000000
0  -23.232656 -109.633965 33.043240  -0.391188 -0.735785 0.552805  0.064554 0.483888 1 0 1.000000
0  -24.487881 -106.396805 36.225342  -0.418906 -0.563631 0.711925  0.059119 0.497906 1 0 1.000000
skin_0
0  -33.494667 -92.104866 38.317390  -0.980703 0.010628 -0.195212  0.020117 0.559794 1 0 1.000000
0  -33.395573 -96.454109 37.513603  -0.982272 0.010288 -0.187179  0.020546 0.540960 1 0 1.000000
0  -33.318497 -96.454109 37.590679  -0.114501 -0.191047 0.974880  0.020880 0.540960 1 0 1.000000
skin_0
0  -33.219398 -99.129715 36.819927  -0.374153 -0.475409 0.796238  0.021309 0.529374 1 0 1.000000
0  -33.318497 -96.454109 37.590679  -0.114501 -0.191047 0.974880  0.020880 0.540960 1 0 1.000000
0  -33.395573 -96.454109 37.513603  -0.982272 0.010288 -0.187179  0.020546 0.540960 1 0 1.000000
skin_0
0  -33.395573 -96.454109 37.513603  -0.982272 0.010288 -0.187179  0.020546 0.540960 1 0 1.000000
0  -33.296474 -99.107697 36.753864  -0.985360 0.012596 -0.170019  0.020975 0.529469 1 0 1.000000
0  -33.219398 -99.129715 36.819927  -0.374153 -0.475409 0.796238  0.021309 0.529374 1 0 1.000000
skin_0
0  -33.219398 -99.129715 36.819927  -0.374153 -0.475409 0.796238  0.021309 0.529374 1 0 1.000000
0  -33.296474 -99.107697 36.753864  -0.985360 0.012596 -0.170019  0.020975 0.529469 1 0 1.000000
0  -32.789982 -102.796295 33.869049  -0.967841 0.074800 -0.240184  0.023168 0.513497 1 0 1.000000
skin_0
0  -32.723915 -102.862358 33.902081  -0.519653 -0.616575 0.591436  0.023455 0.513211 1 0 1.000000
0  -33.219398 -99.129715 36.819927  -0.374153 -0.475409 0.796238  0.021309 0.529374 1 0 1.000000
0  -32.789982 -102.796295 33.869049  -0.967841 0.074800 -0.240184  0.023168 0.513497 1 0 1.000000
skin_0
0  -27.273598 -104.569023 36.159283  -0.320599 -0.525365 0.788167  0.047056 0.505821 1 0 1.000000
0  -33.219398 -99.129715 36.819927  -0.374153 -0.475409 0.796238  0.021309 0.529374 1 0 1.000000
0  -32.723915 -102.862358 33.902081  -0.519653 -0.616575 0.591436  0.023455 0.513211 1 0 1.000000
skin_0
0  -32.723915 -102.862358 33.902081  -0.519653 -0.616575 0.591436  0.023455 0.513211 1 0 1.000000
0  -26.590933 -107.773148 33.274467  -0.398590 -0.726001 0.560400  0.050012 0.491946 1 0 1.000000
0  -27.273598 -104.569023 36.159283  -0.320599 -0.525365 0.788167  0.047056 0.505821 1 0 1.000000
skin_0
0  -24.487881 -106.396805 36.225342  -0.418906 -0.563631 0.711925  0.059119 0.497906 1 0 1.000000
0  -27.273598 -104.569023 36.159283  -0.320599 -0.525365 0.788167  0.047056 0.505821 1 0 1.000000
0  -26.590933 -107.773148 33.274467  -0.398590 -0.726001 0.560400  0.050012 0.491946 1 0 1.000000
skin_0
0  -27.273598 -104.569023 36.159283  -0.320599 -0.525365 0.788167  0.047056 0.505821 1 0 1.000000
0  -24.487881 -106.396805 36.225342  -0.418906 -0.563631 0.711925  0.059119 0.497906 1 0 1.000000
0  -27.625944 -101.794319 36.963066  -0.114378 -0.191278 0.974849  0.045530 0.517836 1 0 1.000000
skin_0
0  -27.625944 -101.794319 36.963066  -0.114378 -0.191278 0.974849  0.045530 0.517836 1 0 1.000000
0  -24.487881 -106.396805 36.225342  -0.418906 -0.563631 0.711925  0.059119 0.497906 1 0 1.000000
0  -24.983364 -103.897369 37.238331  -0.423295 -0.359999 0.831398  0.056973 0.508729 1 0 1.000000
skin_0
0  -24.983364 -103.897369 37.238331  -0.423295 -0.359999 0.831398  0.056973 0.508729 1 0 1.000000
0  -25.655022 -99.724297 38.229301  -0.458762 -0.230489 0.858145  0.054065 0.526799 1 0 1.000000
0  -27.625944 -101.794319 36.963066  -0.114378 -0.191278 0.974849  0.045530 0.517836 1 0 1.000000
skin_0
0  -25.655022 -99.724297 38.229301  -0.458762 -0.230489 0.858145  0.054065 0.526799 1 0 1.000000
0  -28.176481 -97.445076 37.843925  -0.064924 -0.174288 0.982552  0.043146 0.536669 1 0 1.000000
0  -27.625944 -101.794319 36.963066  -0.114378 -0.191278 0.974849  0.045530 0.517836 1 0 1.000000
skin_0
0  -28.176481 -97.445076 37.843925  -0.064924 -0.174288 0.982552  0.043146 0.536669 1 0 1.000000
0  -25.655022 -99.724297 38.229301  -0.458762 -0.230489 0.858145  0.054065 0.526799 1 0 1.000000
0  -27.438761 -87.656525 40.024055  -0.482897 -0.172409 0.858537  0.046341 0.579056 1 0 1.000000
skin_0
0  -27.438761 -87.656525 40.024055  -0.482897 -0.172409 0.858537  0.046341 0.579056 1 0 1.000000
0  -29.464739 -86.786674 39.429474  -0.052555 -0.151205 0.987104  0.037568 0.582823 1 0 1.000000
0  -28.176481 -97.445076 37.843925  -0.064924 -0.174288 0.982552  0.043146 0.536669 1 0 1.000000
skin_0
0  -33.428604 -92.104866 38.394463  -0.068476 -0.157477 0.985146  0.020403 0.559794 1 0 1.000000
0  -28.176481 -97.445076 37.843925  -0.064924 -0.174288 0.982552  0.043146 0.536669 1 0 1.000000
0  -29.464739 -86.786674 39.429474  -0.052555 -0.151205 0.987104  0.037568 0.582823 1 0 1.000000
skin_0
0  -29.464739 -86.786674 39.429474  -0.052555 -0.151205 0.987104  0.037568 0.582823 1 0 1.000000
0  -33.549725 -85.146072 39.418465  -0.043732 -0.132057 0.990277  0.019879 0.589927 1 0 1.000000
0  -33.428604 -92.104866 38.394463  -0.068476 -0.157477 0.985146  0.020403 0.559794 1 0 1.000000
skin_0
0  -33.549725 -85.146072 39.418465  -0.043732 -0.132057 0.990277  0.019879 0.589927 1 0 1.000000
0  -33.615791 -85.146072 39.330376  -0.972918 0.022054 -0.230098  0.019592 0.589927 1 0 1.000000
0  -33.428604 -92.104866 38.394463  -0.068476 -0.157477 0.985146  0.020403 0.559794 1 0 1.000000
skin_0
0  -33.681854 -70.666946 41.169170  -0.968385 0.028862 -0.247787  0.019306 0.652625 1 0 1.000000
0  -33.615791 -85.146072 39.330376  -0.972918 0.022054 -0.230098  0.019592 0.589927 1 0 1.000000
0  -33.549725 -85.146072 39.418465  -0.043732 -0.132057 0.990277  0.019879 0.589927 1 0 1.000000
skin_0
0  -33.615791 -85.146072 39.330376  -0.972918 0.022054 -0.230098  0.019592 0.589927 1 0 1.000000
0  -33.494667 -92.104866 38.317390  -0.980703 0.010628 -0.195212  0.020117 0.559794 1 0 1.000000
0  -33.428604 -92.104866 38.394463  -0.068476 -0.157477 0.985146  0.020403 0.559794 1 0 1.000000
skin_0
0  -33.428604 -92.104866 38.394463  -0.068476 -0.157477 0.985146  0.020403 0.559794 1 0 1.000000
0  -33.494667 -92.104866 38.317390  -0.980703 0.010628 -0.195212  0.020117 0.559794 1 0 1.000000
0  -33.318497 -96.454109 37.590679  -0.114501 -0.191047 0.974880  0.020880 0.540960 1 0 1.000000
skin_0
0  -28.176481 -97.445076 37.843925  -0.064924 -0.174288 0.982552  0.043146 0.536669 1 0 1.000000
0  -33.428604 -92.104866 38.394463  -0.068476 -0.157477 0.985146  0.020403 0.559794 1 0 1.000000
0  -33.318497 -96.454109 37.590679  -0.114501 -0.191047 0.974880  0.020880 0.540960 1 0 1.000000
skin_0
0  -33.318497 -96.454109 37.590679  -0.114501 -0.191047 0.974880  0.020880 0.540960 1 0 1.000000
0  -27.625944 -101.794319 36.963066  -0.114378 -0.191278 0.974849  0.045530 0.517836 1 0 1.000000
0  -28.176481 -97.445076 37.843925  -0.064924 -0.174288 0.982552  0.043146 0.536669 1 0 1.000000
skin_0
0  -27.625944 -101.794319 36.963066  -0.114378 -0.191278 0.974849  0.045530 0.517836 1 0 1.000000
0  -33.318497 -96.454109 37.590679  -0.114501 -0.191047 0.974880  0.020880 0.540960 1 0 1.000000
0  -33.219398 -99.129715 36.819927  -0.374153 -0.475409 0.796238  0.021309 0.529374 1 0 1.000000
skin_0
0  -33.219398 -99.129715 36.819927  -0.374153 -0.475409 0.796238  0.021309 0.529374 1 0 1.000000
0  -27.273598 -104.569023 36.159283  -0.320599 -0.525365 0.788167  0.047056 0.505821 1 0 1.000000
0  -27.625944 -101.794319 36.963066  -0.114378 -0.191278 0.974849  0.045530 0.517836 1 0 1.000000
skin_0
0  -20.667154 -74.377563 41.917896  -0.012412 -0.101200 0.994789  0.075663 0.636557 1 0 1.000000
0  -28.638935 -61.594097 42.611580  -0.064463 -0.085573 0.994244  0.041144 0.691913 1 0 1.000000
0  -30.510761 -67.396759 42.050030  -0.079690 -0.092777 0.992493  0.033038 0.666786 1 0 1.000000
skin_0
0  -30.510761 -67.396759 42.050030  -0.079690 -0.092777 0.992493  0.033038 0.666786 1 0 1.000000
0  -28.638935 -61.594097 42.611580  -0.064463 -0.085573 0.994244  0.041144 0.691913 1 0 1.000000
0  -31.160395 -65.568970 42.160137  -0.079069 -0.092285 0.992588  0.030225 0.674701 1 0 1.000000
skin_0
0  -31.160395 -65.568970 42.160137  -0.079069 -0.092285 0.992588  0.030225 0.674701 1 0 1.000000
0  -28.638935 -61.594097 42.611580  -0.064463 -0.085573 0.994244  0.041144 0.691913 1 0 1.000000
0  -31.061298 -60.482014 42.567535  -0.073085 -0.088294 0.993410  0.030654 0.696729 1 0 1.000000
skin_0
0  -31.160395 -65.568970 42.160137  -0.079069 -0.092285 0.992588  0.030225 0.674701 1 0 1.000000
0  -31.061298 -60.482014 42.567535  -0.073085 -0.088294 0.993410  0.030654 0.696729 1 0 1.000000
0  -32.019234 -64.159599 42.204182  -0.077798 -0.091664 0.992746  0.026506 0.680804 1 0 1.000000
skin_0
0  -33.384563 -62.695171 42.215191  -0.085405 -0.099413 0.991374  0.020594 0.687145 1 0 1.000000
0  -32.019234 -64.159599 42.204182  -0.077798 -0.091664 0.992746  0.026506 0.680804 1 0 1.000000
0  -31.061298 -60.482014 42.567535  -0.073085 -0.088294 0.993410  0.030654 0.696729 1 0 1.000000
skin_0
0  -33.384563 -62.695171 42.215191  -0.085405 -0.099413 0.991374  0.020594 0.687145 1 0 1.000000
0  -31.061298 -60.482014 42.567535  -0.073085 -0.088294 0.993410  0.030654 0.696729 1 0 1.000000
0  -33.527702 -61.792294 42.303276  -0.086200 -0.100247 0.991222  0.019974 0.691055 1 0 1.000000
skin_0
0  -33.384563 -64.776199 41.972954  -0.063291 -0.112796 0.991600  0.020594 0.678134 1 0 1.000000
0  -33.384563 -62.695171 42.215191  -0.085405 -0.099413 0.991374  0.020594 0.687145 1 0 1.000000
0  -33.527702 -61.792294 42.303276  -0.086200 -0.100247 0.991222  0.019974 0.691055 1 0 1.000000
skin_0
0  -33.615791 -70.677956 41.279278  -0.027668 -0.122954 0.992027  0.019592 0.652578 1 0 1.000000
0  -33.384563 -64.776199 41.972954  -0.063291 -0.112796 0.991600  0.020594 0.678134 1 0 1.000000
0  -33.527702 -61.792294 42.303276  -0.086200 -0.100247 0.991222  0.019974 0.691055 1 0 1.000000
skin_0
0  -33.615791 -70.677956 41.279278  -0.027668 -0.122954 0.992027  0.019592 0.652578 1 0 1.000000
0  -32.305511 -66.086479 41.884869  -0.041514 -0.115984 0.992383  0.025266 0.672460 1 0 1.000000
0  -33.384563 -64.776199 41.972954  -0.063291 -0.112796 0.991600  0.020594 0.678134 1 0 1.000000
skin_0
0  -33.615791 -70.677956 41.279278  -0.027668 -0.122954 0.992027  0.019592 0.652578 1 0 1.000000
0  -31.578802 -69.081398 41.576569  -0.037202 -0.117947 0.992323  0.028413 0.659491 1 0 1.000000
0  -32.305511 -66.086479 41.884869  -0.041514 -0.115984 0.992383  0.025266 0.672460 1 0 1.000000
skin_0
0  -32.305511 -66.086479 41.884869  -0.041514 -0.115984 0.992383  0.025266 0.672460 1 0 1.000000
0  -31.578802 -69.081398 41.576569  -0.037202 -0.117947 0.992323  0.028413 0.659491 1 0 1.000000
0  -30.510761 -67.396759 42.050030  -0.250661 -0.149486 0.956464  0.033038 0.666786 1 0 1.000000
skin_0
0  -27.438761 -87.656525 40.024055  -0.482897 -0.172409 0.858537  0.046341 0.579056 1 0 1.000000
0  -30.510761 -67.396759 42.050030  -0.250661 -0.149486 0.956464  0.033038 0.666786 1 0 1.000000
0  -31.578802 -69.081398 41.576569  -0.037202 -0.117947 0.992323  0.028413 0.659491 1 0 1.000000
skin_0
0  -31.578802 -69.081398 41.576569  -0.037202 -0.117947 0.992323  0.028413 0.659491 1 0 1.000000
0  -29.464739 -86.786674 39.429474  -0.052555 -0.151205 0.987104  0.037568 0.582823 1 0 1.000000
0  -27.438761 -87.656525 40.024055  -0.482897 -0.172409 0.858537  0.046341 0.579056 1 0 1.000000
skin_0
0  -29.464739 -86.786674 39.429474  -0.052555 -0.151205 0.987104  0.037568 0.582823 1 0 1.000000
0  -31.578802 -69.081398 41.576569  -0.037202 -0.117947 0.992323  0.028413 0.659491 1 0 1.000000
0  -33.615791 -70.677956 41.279278  -0.027668 -0.122954 0.992027  0.019592 0.652578 1 0 1.000000
skin_0
0  -33.615791 -70.677956 41.279278  -0.027668 -0.122954 0.992027  0.019592 0.652578 1 0 1.000000
0  -33.549725 -85.146072 39.418465  -0.043732 -0.132057 0.990277  0.019879 0.589927 1 0 1.000000
0  -29.464739 -86.786674 39.429474  -0.052555 -0.151205 0.987104  0.037568 0.582823 1 0 1.000000
skin_0
0  -33.395576 -59.105671 42.600567  -0.085830 -0.099787 0.991300  0.020546 0.702689 1 0 1.000000
0  -33.527702 -61.792294 42.303276  -0.086200 -0.100247 0.991222  0.019974 0.691055 1 0 1.000000
0  -31.061298 -60.482014 42.567535  -0.073085 -0.088294 0.993410  0.030654 0.696729 1 0 1.000000
skin_0
0  -31.160395 -65.568970 42.160137  -0.211084 -0.162286 0.963902  0.030225 0.674701 1 0 1.000000
0  -32.305511 -66.086479 41.884869  -0.041514 -0.115984 0.992383  0.025266 0.672460 1 0 1.000000
0  -30.510761 -67.396759 42.050030  -0.250661 -0.149486 0.956464  0.033038 0.666786 1 0 1.000000
skin_0
0  -32.019234 -64.159599 42.204182  -0.109788 -0.140175 0.984021  0.026506 0.680804 1 0 1.000000
0  -32.305511 -66.086479 41.884869  -0.041514 -0.115984 0.992383  0.025266 0.672460 1 0 1.000000
0  -31.160395 -65.568970 42.160137  -0.211084 -0.162286 0.963902  0.030225 0.674701 1 0 1.000000
skin_0
0  -33.384563 -64.776199 41.972954  -0.063291 -0.112796 0.991600  0.020594 0.678134 1 0 1.000000
0  -32.305511 -66.086479 41.884869  -0.041514 -0.115984 0.992383  0.025266 0.672460 1 0 1.000000
0  -32.019234 -64.159599 42.204182  -0.109788 -0.140175 0.984021  0.026506 0.680804 1 0 1.000000
skin_0
0  -33.384563 -64.776199 41.972954  -0.063291 -0.112796 0.991600  0.020594 0.678134 1 0 1.000000
0  -32.019234 -64.159599 42.204182  -0.109788 -0.140175 0.984021  0.026506 0.680804 1 0 1.000000
0  -33.384563 -62.695171 42.215191  -0.085405 -0.099413 0.991374  0.020594 0.687145 1 0 1.000000
skin_0
0  -33.615791 -70.677956 41.279278  -0.027668 -0.122954 0.992027  0.019592 0.652578 1 0 1.000000
0  -33.681854 -70.666946 41.169170  -0.968385 0.028862 -0.247787  0.019306 0.652625 1 0 1.000000
0  -33.549725 -85.146072 39.418465  -0.043732 -0.132057 0.990277  0.019879 0.589927 1 0 1.000000
skin_0
0  -33.593769 -61.770271 42.182159  -0.965011 0.051222 -0.257158  0.019688 0.691150 1 0 1.000000
0  -33.681854 -70.666946 41.169170  -0.968385 0.028862 -0.247787  0.019306 0.652625 1 0 1.000000
0  -33.615791 -70.677956 41.279278  -0.027668 -0.122954 0.992027  0.019592 0.652578 1 0 1.000000
skin_0
0  -33.527702 -61.792294 42.303276  -0.086200 -0.100247 0.991222  0.019974 0.691055 1 0 1.000000
0  -33.593769 -61.770271 42.182159  -0.965011 0.051222 -0.257158  0.019688 0.691150 1 0 1.000000
0  -33.615791 -70.677956 41.279278  -0.027668 -0.122954 0.992027  0.019592 0.652578 1 0 1.000000
skin_0
0  -33.505684 -59.116680 42.479450  -0.965753 0.061458 -0.252079  0.020069 0.702641 1 0 1.000000
0  -33.593769 -61.770271 42.182159  -0.965011 0.051222 -0.257158  0.019688 0.691150 1 0 1.000000
0  -33.527702 -61.792294 42.303276  -0.086200 -0.100247 0.991222  0.019974 0.691055 1 0 1.000000
skin_0
0  -33.395576 -59.105671 42.600567  -0.085830 -0.099787 0.991300  0.020546 0.702689 1 0 1.000000
0  -33.505684 -59.116680 42.479450  -0.965753 0.061458 -0.252079  0.020069 0.702641 1 0 1.000000
0  -33.527702 -61.792294 42.303276  -0.086200 -0.100247 0.991222  0.019974 0.691055 1 0 1.000000
skin_0
0  -33.395576 -59.105671 42.600567  -0.085830 -0.099787 0.991300  0.020546 0.702689 1 0 1.000000
0  -33.439617 -59.017586 42.490459  -0.599742 0.776714 -0.192421  0.020355 0.703070 1 0 1.000000
0  -33.505684 -59.116680 42.479450  -0.965753 0.061458 -0.252079  0.020069 0.702641 1 0 1.000000
skin_0
0  -33.395576 -59.105671 42.600567  -0.085830 -0.099787 0.991300  0.020546 0.702689 1 0 1.000000
0  -33.329510 -58.973541 42.501472  0.224673 0.953820 -0.199371  0.020832 0.703261 1 0 1.000000
0  -33.439617 -59.017586 42.490459  -0.599742 0.776714 -0.192421  0.020355 0.703070 1 0 1.000000
skin_0
0  -33.395576 -59.105671 42.600567  -0.085830 -0.099787 0.991300  0.020546 0.702689 1 0 1.000000
0  -30.907146 -59.656208 42.446419  0.057979 0.077415 0.995312  0.031322 0.700305 1 0 1.000000
0  -33.329510 -58.973541 42.501472  0.224673 0.953820 -0.199371  0.020832 0.703261 1 0 1.000000
skin_0
0  -30.907146 -59.656208 42.446419  0.057979 0.077415 0.995312  0.031322 0.700305 1 0 1.000000
0  -30.907146 -59.579132 42.325298  0.203856 0.958006 -0.201662  0.031322 0.700639 1 0 1.000000
0  -33.329510 -58.973541 42.501472  0.224673 0.953820 -0.199371  0.020832 0.703261 1 0 1.000000
skin_0
0  -28.903193 -59.997540 42.259235  0.189138 0.969473 -0.156043  0.039999 0.698827 1 0 1.000000
0  -30.907146 -59.579132 42.325298  0.203856 0.958006 -0.201662  0.031322 0.700639 1 0 1.000000
0  -30.907146 -59.656208 42.446419  0.057979 0.077415 0.995312  0.031322 0.700305 1 0 1.000000
skin_0
0  -28.903193 -60.074615 42.380352  0.046828 0.078217 0.995836  0.039999 0.698493 1 0 1.000000
0  -28.903193 -59.997540 42.259235  0.189138 0.969473 -0.156043  0.039999 0.698827 1 0 1.000000
0  -30.907146 -59.656208 42.446419  0.057979 0.077415 0.995312  0.031322 0.700305 1 0 1.000000
skin_0
0  -28.903193 -59.997540 42.259235  0.189138 0.969473 -0.156043  0.039999 0.698827 1 0 1.000000
0  -28.903193 -60.074615 42.380352  0.046828 0.078217 0.995836  0.039999 0.698493 1 0 1.000000
0  -22.131586 -61.164677 42.347317  0.142382 0.979959 -0.139312  0.069322 0.693773 1 0 1.000000
skin_0
0  -28.903193 -60.074615 42.380352  0.046828 0.078217 0.995836  0.039999 0.698493 1 0 1.000000
0  -22.131586 -61.241753 42.446415  -0.006704 0.084993 0.996359  0.069322 0.693439 1 0 1.000000
0  -22.131586 -61.164677 42.347317  0.142382 0.979959 -0.139312  0.069322 0.693773 1 0 1.000000
skin_0
0  -18.332878 -61.638138 42.413380  0.112122 0.983584 -0.141387  0.085771 0.691723 1 0 1.000000
0  -22.131586 -61.164677 42.347317  0.142382 0.979959 -0.139312  0.069322 0.693773 1 0 1.000000
0  -22.131586 -61.241753 42.446415  -0.006704 0.084993 0.996359  0.069322 0.693439 1 0 1.000000
skin_0
0  -18.332878 -61.726223 42.523487  -0.006815 0.085591 0.996307  0.085771 0.691341 1 0 1.000000
0  -18.332878 -61.638138 42.413380  0.112122 0.983584 -0.141387  0.085771 0.691723 1 0 1.000000
0  -22.131586 -61.241753 42.446415  -0.006704 0.084993 0.996359  0.069322 0.693439 1 0 1.000000
skin_0
0  -14.027678 -62.067558 42.468433  0.075463 0.985977 -0.148843  0.104414 0.689863 1 0 1.000000
0  -18.332878 -61.638138 42.413380  0.112122 0.983584 -0.141387  0.085771 0.691723 1 0 1.000000
0  -18.332878 -61.726223 42.523487  -0.006815 0.085591 0.996307  0.085771 0.691341 1 0 1.000000
skin_0
0  -14.027678 -62.144630 42.578541  -0.004730 0.086966 0.996200  0.104414 0.689529 1 0 1.000000
0  -14.027678 -62.067558 42.468433  0.075463 0.985977 -0.148843  0.104414 0.689863 1 0 1.000000
0  -18.332878 -61.726223 42.523487  -0.006815 0.085591 0.996307  0.085771 0.691341 1 0 1.000000
skin_0
0  0.000008 -62.618095 42.534500  0.000038 0.988037 -0.154220  0.165158 0.687479 1 0 1.000000
0  -14.027678 -62.067558 42.468433  0.075463 0.985977 -0.148843  0.104414 0.689863 1 0 1.000000
0  -14.027678 -62.144630 42.578541  -0.004730 0.086966 0.996200  0.104414 0.689529 1 0 1.000000
skin_0
0  -31.061298 -60.482014 42.567535  0.066690 0.080701 0.994505  0.030654 0.696729 1 0 1.000000
0  -30.907146 -59.656208 42.446419  0.057979 0.077415 0.995312  0.031322 0.700305 1 0 1.000000
0  -33.395576 -59.105671 42.600567  -0.085830 -0.099787 0.991300  0.020546 0.702689 1 0 1.000000
skin_0
0  -28.903193 -60.074615 42.380352  0.046828 0.078217 0.995836  0.039999 0.698493 1 0 1.000000
0  -30.907146 -59.656208 42.446419  0.057979 0.077415 0.995312  0.031322 0.700305 1 0 1.000000
0  -31.061298 -60.482014 42.567535  0.066690 0.080701 0.994505  0.030654 0.696729 1 0 1.000000
skin_0
0  -28.638935 -61.594097 42.611580  0.065920 0.264450 0.962144  0.041144 0.691913 1 0 1.000000
0  -28.903193 -60.074615 42.380352  0.046828 0.078217 0.995836  0.039999 0.698493 1 0 1.000000
0  -31.061298 -60.482014 42.567535  0.066690 0.080701 0.994505  0.030654 0.696729 1 0 1.000000
skin_0
0  -28.903193 -60.074615 42.380352  0.046828 0.078217 0.995836  0.039999 0.698493 1 0 1.000000
0  -28.638935 -61.594097 42.611580  0.065920 0.264450 0.962144  0.041144 0.691913 1 0 1.000000
0  -22.131586 -61.241753 42.446415  -0.006704 0.084993 0.996359  0.069322 0.693439 1 0 1.000000
skin_0
0  -28.638935 -61.594097 42.611580  0.065920 0.264450 0.962144  0.041144 0.691913 1 0 1.000000
0  -22.175629 -63.300758 42.776737  0.024791 0.276869 0.960588  0.069131 0.684523 1 0 1.000000
0  -22.131586 -61.241753 42.446415  -0.006704 0.084993 0.996359  0.069322 0.693439 1 0 1.000000
skin_0
0  -18.332878 -61.726223 42.523487  -0.006815 0.085591 0.996307  0.085771 0.691341 1 0 1.000000
0  -22.131586 -61.241753 42.446415  -0.006704 0.084993 0.996359  0.069322 0.693439 1 0 1.000000
0  -22.175629 -63.300758 42.776737  0.024791 0.276869 0.960588  0.069131 0.684523 1 0 1.000000
skin_0
0  -22.175629 -63.300758 42.776737  0.024791 0.276869 0.960588  0.069131 0.684523 1 0 1.000000
0  -17.639202 -64.280716 43.074024  0.017668 0.289473 0.957023  0.088775 0.680279 1 0 1.000000
0  -18.332878 -61.726223 42.523487  -0.006815 0.085591 0.996307  0.085771 0.691341 1 0 1.000000
skin_0
0  -14.027678 -62.144630 42.578541  -0.004730 0.086966 0.996200  0.104414 0.689529 1 0 1.000000
0  -18.332878 -61.726223 42.523487  -0.006815 0.085591 0.996307  0.085771 0.691341 1 0 1.000000
0  -17.639202 -64.280716 43.074024  0.017668 0.289473 0.957023  0.088775 0.680279 1 0 1.000000
skin_0
0  -14.027678 -63.961403 42.908863  0.021388 0.435967 0.899708  0.104414 0.681662 1 0 1.000000
0  -14.027678 -62.144630 42.578541  -0.004730 0.086966 0.996200  0.104414 0.689529 1 0 1.000000
0  -17.639202 -64.280716 43.074024  0.017668 0.289473 0.957023  0.088775 0.680279 1 0 1.000000
skin_0
0  0.000008 -62.706181 42.666630  -0.000018 0.090399 0.995906  0.165158 0.687098 1 0 1.000000
0  -14.027678 -62.144630 42.578541  -0.004730 0.086966 0.996200  0.104414 0.689529 1 0 1.000000
0  -14.027678 -63.961403 42.908863  0.021388 0.435967 0.899708  0.104414 0.681662 1 0 1.000000
skin_0
0  -14.027678 -63.961403 42.908863  0.021388 0.435967 0.899708  0.104414 0.681662 1 0 1.000000
0  -16.714300 -64.555984 43.184132  0.029666 0.454318 0.890345  0.092780 0.679087 1 0 1.000000
0  -15.800407 -65.150566 43.646584  0.042678 0.581792 0.812217  0.096738 0.676513 1 0 1.000000
skin_0
0  -16.714300 -64.555984 43.184132  0.029666 0.454318 0.890345  0.092780 0.679087 1 0 1.000000
0  -14.027678 -63.961403 42.908863  0.021388 0.435967 0.899708  0.104414 0.681662 1 0 1.000000
0  -17.639202 -64.280716 43.074024  0.017668 0.289473 0.957023  0.088775 0.680279 1 0 1.000000
skin_0
0  -13.444107 -88.823662 40.222244  0.997279 -0.068603 0.026998  0.106941 0.574002 1 0 1.000000
0  -13.179850 -86.676567 41.147144  0.989884 -0.133661 0.047579  0.108085 0.583300 1 0 1.000000
0  -13.510172 -86.687576 41.191189  -0.062980 -0.359994 0.930827  0.106655 0.583252 1 0 1.000000
skin_0
0  -13.510172 -86.687576 41.191189  -0.062980 -0.359994 0.930827  0.106655 0.583252 1 0 1.000000
0  -13.179850 -86.676567 41.147144  0.989884 -0.133661 0.047579  0.108085 0.583300 1 0 1.000000
0  -13.168839 -85.245171 41.587574  0.933822 0.125510 -0.334997  0.108133 0.589498 1 0 1.000000
skin_0
0  -13.168839 -85.245171 41.587574  0.933822 0.125510 -0.334997  0.108133 0.589498 1 0 1.000000
0  -13.642301 -85.212135 41.587574  -0.132813 -0.234945 0.962892  0.106083 0.589641 1 0 1.000000
0  -13.510172 -86.687576 41.191189  -0.062980 -0.359994 0.930827  0.106655 0.583252 1 0 1.000000
skin_0
0  -13.642301 -85.212135 41.587574  -0.132813 -0.234945 0.962892  0.106083 0.589641 1 0 1.000000
0  -13.168839 -85.245171 41.587574  0.933822 0.125510 -0.334997  0.108133 0.589498 1 0 1.000000
0  -13.983635 -75.346512 42.974930  0.917081 0.124456 -0.378778  0.104605 0.632362 1 0 1.000000
skin_0
0  -13.983635 -75.346512 42.974930  0.917081 0.124456 -0.378778  0.104605 0.632362 1 0 1.000000
0  -14.424065 -75.291458 42.974930  -0.187934 -0.146324 0.971221  0.102698 0.632600 1 0 1.000000
0  -13.642301 -85.212135 41.587574  -0.132813 -0.234945 0.962892  0.106083 0.589641 1 0 1.000000
skin_0
0  -14.424065 -75.291458 42.974930  -0.187934 -0.146324 0.971221  0.102698 0.632600 1 0 1.000000
0  -13.983635 -75.346512 42.974930  0.917081 0.124456 -0.378778  0.104605 0.632362 1 0 1.000000
0  -14.666301 -66.141533 43.943874  0.898036 0.065069 -0.435082  0.101649 0.672222 1 0 1.000000
skin_0
0  -14.666301 -66.141533 43.943874  0.898036 0.065069 -0.435082  0.101649 0.672222 1 0 1.000000
0  -15.183805 -66.152542 43.932865  -0.064479 0.064375 0.995840  0.099408 0.672174 1 0 1.000000
0  -14.424065 -75.291458 42.974930  -0.187934 -0.146324 0.971221  0.102698 0.632600 1 0 1.000000
skin_0
0  -14.556193 -64.831253 43.602543  0.044874 0.660469 0.749511  0.102125 0.677895 1 0 1.000000
0  -15.183805 -66.152542 43.932865  -0.064479 0.064375 0.995840  0.099408 0.672174 1 0 1.000000
0  -14.666301 -66.141533 43.943874  0.898036 0.065069 -0.435082  0.101649 0.672222 1 0 1.000000
skin_0
0  -15.183805 -66.152542 43.932865  -0.064479 0.064375 0.995840  0.099408 0.672174 1 0 1.000000
0  -14.556193 -64.831253 43.602543  0.044874 0.660469 0.749511  0.102125 0.677895 1 0 1.000000
0  -15.800407 -65.150566 43.646584  0.042678 0.581792 0.812217  0.096738 0.676513 1 0 1.000000
skin_0
0  -14.016667 -64.633057 43.393337  0.032979 0.588416 0.807886  0.104462 0.678754 1 0 1.000000
0  -15.800407 -65.150566 43.646584  0.042678 0.581792 0.812217  0.096738 0.676513 1 0 1.000000
0  -14.556193 -64.831253 43.602543  0.044874 0.660469 0.749511  0.102125 0.677895 1 0 1.000000
skin_0
0  -14.016667 -64.633057 43.393337  0.032979 0.588416 0.807886  0.104462 0.678754 1 0 1.000000
0  -14.027678 -63.961403 42.908863  0.021388 0.435967 0.899708  0.104414 0.681662 1 0 1.000000
0  -15.800407 -65.150566 43.646584  0.042678 0.581792 0.812217  0.096738 0.676513 1 0 1.000000
skin_0
0  0.000008 -64.633057 43.052006  -0.000000 0.469891 0.882725  0.165158 0.678754 1 0 1.000000
0  -14.027678 -63.961403 42.908863  0.021388 0.435967 0.899708  0.104414 0.681662 1 0 1.000000
0  -14.016667 -64.633057 43.393337  0.032979 0.588416 0.807886  0.104462 0.678754 1 0 1.000000
skin_0
0  0.000008 -64.633057 43.052006  -0.000000 0.469891 0.882725  0.165158 0.678754 1 0 1.000000
0  0.000008 -62.706181 42.666630  -0.000018 0.090399 0.995906  0.165158 0.687098 1 0 1.000000
0  -14.027678 -63.961403 42.908863  0.021388 0.435967 0.899708  0.104414 0.681662 1 0 1.000000
skin_0
0  0.000008 -64.633057 43.052006  -0.000000 0.469891 0.882725  0.165158 0.678754 1 0 1.000000
0  14.027694 -63.961403 42.908863  -0.021389 0.435966 0.899709  0.225901 0.681662 1 0 1.000000
0  0.000008 -62.706181 42.666630  -0.000018 0.090399 0.995906  0.165158 0.687098 1 0 1.000000
skin_0
0  14.016685 -64.633057 43.393337  -0.032978 0.588417 0.807885  0.225854 0.678754 1 0 1.000000
0  14.027694 -63.961403 42.908863  -0.021389 0.435966 0.899709  0.225901 0.681662 1 0 1.000000
0  0.000008 -64.633057 43.052006  -0.000000 0.469891 0.882725  0.165158 0.678754 1 0 1.000000
skin_0
0  0.000008 -64.633057 43.052006  -0.000000 0.469891 0.882725  0.165158 0.678754 1 0 1.000000
0  0.000008 -65.359772 43.613552  -0.000004 0.607076 0.794644  0.165158 0.675607 1 0 1.000000
0  14.016685 -64.633057 43.393337  -0.032978 0.588417 0.807885  0.225854 0.678754 1 0 1.000000
skin_0
0  14.016685 -64.633057 43.393337  -0.032978 0.588417 0.807885  0.225854 0.678754 1 0 1.000000
0  0.000008 -65.359772 43.613552  -0.000004 0.607076 0.794644  0.165158 0.675607 1 0 1.000000
0  0.000008 -65.568970 43.756691  -0.000802 0.771693 -0.635995  0.165158 0.674701 1 0 1.000000
skin_0
0  0.000008 -65.568970 43.756691  -0.000802 0.771693 -0.635995  0.165158 0.674701 1 0 1.000000
0  0.000008 -65.359772 43.613552  -0.000004 0.607076 0.794644  0.165158 0.675607 1 0 1.000000
0  -14.016667 -64.633057 43.393337  0.032979 0.588416 0.807886  0.104462 0.678754 1 0 1.000000
skin_0
0  -14.016667 -64.633057 43.393337  0.032979 0.588416 0.807886  0.104462 0.678754 1 0 1.000000
0  -14.302946 -64.941360 43.657597  -0.214329 0.159188 -0.963702  0.103222 0.677419 1 0 1.000000
0  0.000008 -65.568970 43.756691  -0.000802 0.771693 -0.635995  0.165158 0.674701 1 0 1.000000
skin_0
0  -14.302946 -64.941360 43.657597  -0.214329 0.159188 -0.963702  0.103222 0.677419 1 0 1.000000
0  -14.016667 -64.633057 43.393337  0.032979 0.588416 0.807886  0.104462 0.678754 1 0 1.000000
0  -14.556193 -64.831253 43.602543  0.044874 0.660469 0.749511  0.102125 0.677895 1 0 1.000000
skin_0
0  -14.302946 -64.941360 43.657597  -0.214328 0.159108 -0.963716  0.103222 0.677419 1 0 1.000000
0  -14.556193 -64.831253 43.602543  0.044874 0.660469 0.749511  0.102125 0.677895 1 0 1.000000
0  -14.666301 -66.141533 43.943874  0.898036 0.065069 -0.435082  0.101649 0.672222 1 0 1.000000
skin_0
0  -14.016667 -64.633057 43.393337  0.032979 0.588416 0.807886  0.104462 0.678754 1 0 1.000000
0  0.000008 -65.359772 43.613552  -0.000004 0.607076 0.794644  0.165158 0.675607 1 0 1.000000
0  0.000008 -64.633057 43.052006  -0.000000 0.469891 0.882725  0.165158 0.678754 1 0 1.000000
skin_0
0  0.000008 -65.568970 43.756691  -0.000802 0.771693 -0.635995  0.165158 0.674701 1 0 1.000000
0  14.302963 -64.941360 43.657597  0.214249 0.159132 -0.963729  0.227093 0.677419 1 0 1.000000
0  14.016685 -64.633057 43.393337  -0.032978 0.588417 0.807885  0.225854 0.678754 1 0 1.000000
skin_0
0  -13.774429 -89.946754 40.002029  0.337975 -0.164033 0.926750  0.105511 0.569139 1 0 1.000000
0  -14.280924 -89.770584 40.167191  0.297179 -0.198276 0.934008  0.103317 0.569902 1 0 1.000000
0  -13.113784 -97.863480 38.878933  0.318044 -0.099273 0.942864  0.108371 0.534857 1 0 1.000000
skin_0
0  -14.280924 -89.770584 40.167191  0.297179 -0.198276 0.934008  0.103317 0.569902 1 0 1.000000
0  -13.774429 -89.946754 40.002029  0.337975 -0.164033 0.926750  0.105511 0.569139 1 0 1.000000
0  -13.785440 -88.878716 40.321339  0.173289 -0.284821 0.942787  0.105463 0.573764 1 0 1.000000
skin_0
0  -13.785440 -88.878716 40.321339  0.173289 -0.284821 0.942787  0.105463 0.573764 1 0 1.000000
0  -14.269913 -88.768608 40.376392  0.160147 -0.292198 0.942854  0.103365 0.574240 1 0 1.000000
0  -14.280924 -89.770584 40.167191  0.297179 -0.198276 0.934008  0.103317 0.569902 1 0 1.000000
skin_0
0  -14.269913 -88.768608 40.376392  0.160147 -0.292198 0.942854  0.103365 0.574240 1 0 1.000000
0  -13.785440 -88.878716 40.321339  0.173289 -0.284821 0.942787  0.105463 0.573764 1 0 1.000000
0  -13.510172 -86.687576 41.191189  -0.062980 -0.359994 0.930827  0.106655 0.583252 1 0 1.000000
skin_0
0  -13.510172 -86.687576 41.191189  -0.062980 -0.359994 0.930827  0.106655 0.583252 1 0 1.000000
0  -13.873527 -86.643532 41.136135  -0.059109 -0.361369 0.930547  0.105082 0.583443 1 0 1.000000
0  -14.269913 -88.768608 40.376392  0.160147 -0.292198 0.942854  0.103365 0.574240 1 0 1.000000
skin_0
0  -13.642301 -85.212135 41.587574  -0.132813 -0.234945 0.962892  0.106083 0.589641 1 0 1.000000
0  -13.873527 -86.643532 41.136135  -0.059109 -0.361369 0.930547  0.105082 0.583443 1 0 1.000000
0  -13.510172 -86.687576 41.191189  -0.062980 -0.359994 0.930827  0.106655 0.583252 1 0 1.000000
skin_0
0  -14.027678 -62.144630 42.578541  -0.004730 0.086966 0.996200  0.104414 0.689529 1 0 1.000000
0  0.000008 -62.706181 42.666630  -0.000018 0.090399 0.995906  0.165158 0.687098 1 0 1.000000
0  0.000008 -62.618095 42.534500  0.000038 0.988037 -0.154220  0.165158 0.687479 1 0 1.000000
skin_0
0  0.000008 -62.618095 42.534500  0.000038 0.988037 -0.154220  0.165158 0.687479 1 0 1.000000
0  0.000008 -62.706181 42.666630  -0.000018 0.090399 0.995906  0.165158 0.687098 1 0 1.000000
0  14.027694 -62.144630 42.578541  0.004743 0.086968 0.996200  0.225901 0.689529 1 0 1.000000
skin_0
0  14.027694 -63.961403 42.908863  -0.021389 0.435966 0.899709  0.225901 0.681662 1 0 1.000000
0  14.027694 -62.144630 42.578541  0.004743 0.086968 0.996200  0.225901 0.689529 1 0 1.000000
0  0.000008 -62.706181 42.666630  -0.000018 0.090399 0.995906  0.165158 0.687098 1 0 1.000000
skin_0
0  14.027694 -63.961403 42.908863  -0.021389 0.435966 0.899709  0.225901 0.681662 1 0 1.000000
0  17.639217 -64.280716 43.074024  -0.017661 0.289475 0.957022  0.241540 0.680279 1 0 1.000000
0  14.027694 -62.144630 42.578541  0.004743 0.086968 0.996200  0.225901 0.689529 1 0 1.000000
skin_0
0  16.714315 -64.555984 43.184132  -0.029666 0.454319 0.890345  0.237535 0.679087 1 0 1.000000
0  17.639217 -64.280716 43.074024  -0.017661 0.289475 0.957022  0.241540 0.680279 1 0 1.000000
0  14.027694 -63.961403 42.908863  -0.021389 0.435966 0.899709  0.225901 0.681662 1 0 1.000000
skin_0
0  15.800425 -65.150566 43.646584  -0.042686 0.581787 0.812220  0.233578 0.676513 1 0 1.000000
0  16.714315 -64.555984 43.184132  -0.029666 0.454319 0.890345  0.237535 0.679087 1 0 1.000000
0  14.027694 -63.961403 42.908863  -0.021389 0.435966 0.899709  0.225901 0.681662 1 0 1.000000
skin_0
0  14.016685 -64.633057 43.393337  -0.032978 0.588417 0.807885  0.225854 0.678754 1 0 1.000000
0  15.800425 -65.150566 43.646584  -0.042686 0.581787 0.812220  0.233578 0.676513 1 0 1.000000
0  14.027694 -63.961403 42.908863  -0.021389 0.435966 0.899709  0.225901 0.681662 1 0 1.000000
skin_0
0  14.016685 -64.633057 43.393337  -0.032978 0.588417 0.807885  0.225854 0.678754 1 0 1.000000
0  14.556211 -64.831253 43.602543  -0.044854 0.660442 0.749536  0.228190 0.677895 1 0 1.000000
0  15.800425 -65.150566 43.646584  -0.042686 0.581787 0.812220  0.233578 0.676513 1 0 1.000000
skin_0
0  14.302963 -64.941360 43.657597  0.214249 0.159132 -0.963729  0.227093 0.677419 1 0 1.000000
0  14.556211 -64.831253 43.602543  -0.044854 0.660442 0.749536  0.228190 0.677895 1 0 1.000000
0  14.016685 -64.633057 43.393337  -0.032978 0.588417 0.807885  0.225854 0.678754 1 0 1.000000
skin_0
0  14.302963 -64.941360 43.657597  0.214249 0.159132 -0.963729  0.227093 0.677419 1 0 1.000000
0  14.666318 -66.141533 43.943874  -0.898121 0.064511 -0.434991  0.228667 0.672222 1 0 1.000000
0  14.556211 -64.831253 43.602543  -0.044854 0.660442 0.749536  0.228190 0.677895 1 0 1.000000
skin_0
0  14.666318 -66.141533 43.943874  -0.898100 0.064461 -0.435041  0.228667 0.672222 1 0 1.000000
0  15.183823 -66.152542 43.932865  0.064483 0.064377 0.995840  0.230908 0.672174 1 0 1.000000
0  14.556211 -64.831253 43.602543  -0.044854 0.660442 0.749536  0.228190 0.677895 1 0 1.000000
skin_0
0  14.424082 -75.291458 42.974930  0.187937 -0.146309 0.971223  0.227618 0.632600 1 0 1.000000
0  15.183823 -66.152542 43.932865  0.064483 0.064377 0.995840  0.230908 0.672174 1 0 1.000000
0  14.666318 -66.141533 43.943874  -0.898100 0.064461 -0.435041  0.228667 0.672222 1 0 1.000000
skin_0
0  14.666318 -66.141533 43.943874  -0.898100 0.064461 -0.435041  0.228667 0.672222 1 0 1.000000
0  13.983652 -75.346512 42.974930  -0.917081 0.124462 -0.378777  0.225710 0.632362 1 0 1.000000
0  14.424082 -75.291458 42.974930  0.187937 -0.146309 0.971223  0.227618 0.632600 1 0 1.000000
skin_0
0  13.642320 -85.212135 41.587574  0.132819 -0.234941 0.962893  0.224232 0.589641 1 0 1.000000
0  14.424082 -75.291458 42.974930  0.187937 -0.146309 0.971223  0.227618 0.632600 1 0 1.000000
0  13.983652 -75.346512 42.974930  -0.917081 0.124462 -0.378777  0.225710 0.632362 1 0 1.000000
skin_0
0  13.983652 -75.346512 42.974930  -0.917081 0.124462 -0.378777  0.225710 0.632362 1 0 1.000000
0  13.168858 -85.245171 41.587574  -0.933876 0.125464 -0.334865  0.222182 0.589498 1 0 1.000000
0  13.642320 -85.212135 41.587574  0.132819 -0.234941 0.962893  0.224232 0.589641 1 0 1.000000
skin_0
0  13.510191 -86.687576 41.191189  0.062907 -0.360013 0.930824  0.223660 0.583252 1 0 1.000000
0  13.642320 -85.212135 41.587574  0.132819 -0.234941 0.962893  0.224232 0.589641 1 0 1.000000
0  13.168858 -85.245171 41.587574  -0.933876 0.125464 -0.334865  0.222182 0.589498 1 0 1.000000
skin_0
0  13.168858 -85.245171 41.587574  -0.933876 0.125464 -0.334865  0.222182 0.589498 1 0 1.000000
0  13.179869 -86.676567 41.147144  -0.989890 -0.133651 0.047482  0.222230 0.583300 1 0 1.000000
0  13.510191 -86.687576 41.191189  0.062907 -0.360013 0.930824  0.223660 0.583252 1 0 1.000000
skin_0
0  13.510191 -86.687576 41.191189  0.062907 -0.360013 0.930824  0.223660 0.583252 1 0 1.000000
0  13.179869 -86.676567 41.147144  -0.989890 -0.133651 0.047482  0.222230 0.583300 1 0 1.000000
0  13.444126 -88.823662 40.222244  -0.997284 -0.068505 0.027036  0.223374 0.574002 1 0 1.000000
skin_0
0  15.183823 -66.152542 43.932865  0.064483 0.064377 0.995840  0.230908 0.672174 1 0 1.000000
0  15.800425 -65.150566 43.646584  -0.042686 0.581787 0.812220  0.233578 0.676513 1 0 1.000000
0  14.556211 -64.831253 43.602543  -0.044854 0.660442 0.749536  0.228190 0.677895 1 0 1.000000
skin_0
0  28.903208 -60.074608 42.380344  -0.046868 0.078198 0.995835  0.290316 0.698493 1 0 1.000000
0  22.131601 -61.241753 42.446415  0.006655 0.084998 0.996359  0.260993 0.693439 1 0 1.000000
0  28.638950 -61.594090 42.611572  -0.065933 0.264444 0.962144  0.289172 0.691913 1 0 1.000000
skin_0
0  22.131601 -61.241753 42.446415  0.006655 0.084998 0.996359  0.260993 0.693439 1 0 1.000000
0  22.175644 -63.300758 42.776737  -0.024812 0.276865 0.960589  0.261184 0.684523 1 0 1.000000
0  28.638950 -61.594090 42.611572  -0.065933 0.264444 0.962144  0.289172 0.691913 1 0 1.000000
skin_0
0  22.175644 -63.300758 42.776737  -0.024812 0.276865 0.960589  0.261184 0.684523 1 0 1.000000
0  22.131601 -61.241753 42.446415  0.006655 0.084998 0.996359  0.260993 0.693439 1 0 1.000000
0  18.332893 -61.726223 42.523487  0.006836 0.085593 0.996307  0.244544 0.691341 1 0 1.000000
skin_0
0  18.332893 -61.726223 42.523487  0.006836 0.085593 0.996307  0.244544 0.691341 1 0 1.000000
0  17.639217 -64.280716 43.074024  -0.017661 0.289475 0.957022  0.241540 0.680279 1 0 1.000000
0  22.175644 -63.300758 42.776737  -0.024812 0.276865 0.960589  0.261184 0.684523 1 0 1.000000
skin_0
0  17.639217 -64.280716 43.074024  -0.017661 0.289475 0.957022  0.241540 0.680279 1 0 1.000000
0  18.332893 -61.726223 42.523487  0.006836 0.085593 0.996307  0.244544 0.691341 1 0 1.000000
0  14.027694 -62.144630 42.578541  0.004743 0.086968 0.996200  0.225901 0.689529 1 0 1.000000
skin_0
0  14.027694 -62.144630 42.578541  0.004743 0.086968 0.996200  0.225901 0.689529 1 0 1.000000
0  18.332893 -61.726223 42.523487  0.006836 0.085593 0.996307  0.244544 0.691341 1 0 1.000000
0  14.027694 -62.067558 42.468433  -0.075455 0.985978 -0.148843  0.225901 0.689863 1 0 1.000000
skin_0
0  14.027694 -62.144630 42.578541  0.004743 0.086968 0.996200  0.225901 0.689529 1 0 1.000000
0  14.027694 -62.067558 42.468433  -0.075455 0.985978 -0.148843  0.225901 0.689863 1 0 1.000000
0  0.000008 -62.618095 42.534500  0.000038 0.988037 -0.154220  0.165158 0.687479 1 0 1.000000
skin_0
0  28.903208 -59.997532 42.259228  -0.189209 0.969463 -0.156017  0.290316 0.698827 1 0 1.000000
0  22.131601 -61.164677 42.347317  -0.142378 0.979955 -0.139345  0.260993 0.693773 1 0 1.000000
0  28.903208 -60.074608 42.380344  -0.046868 0.078198 0.995835  0.290316 0.698493 1 0 1.000000
skin_0
0  22.131601 -61.164677 42.347317  -0.142378 0.979955 -0.139345  0.260993 0.693773 1 0 1.000000
0  22.131601 -61.241753 42.446415  0.006655 0.084998 0.996359  0.260993 0.693439 1 0 1.000000
0  28.903208 -60.074608 42.380344  -0.046868 0.078198 0.995835  0.290316 0.698493 1 0 1.000000
skin_0
0  22.131601 -61.241753 42.446415  0.006655 0.084998 0.996359  0.260993 0.693439 1 0 1.000000
0  22.131601 -61.164677 42.347317  -0.142378 0.979955 -0.139345  0.260993 0.693773 1 0 1.000000
0  18.332893 -61.638138 42.413380  -0.112117 0.983585 -0.141387  0.244544 0.691723 1 0 1.000000
skin_0
0  18.332893 -61.726223 42.523487  0.006836 0.085593 0.996307  0.244544 0.691341 1 0 1.000000
0  22.131601 -61.241753 42.446415  0.006655 0.084998 0.996359  0.260993 0.693439 1 0 1.000000
0  18.332893 -61.638138 42.413380  -0.112117 0.983585 -0.141387  0.244544 0.691723 1 0 1.000000
skin_0
0  18.332893 -61.726223 42.523487  0.006836 0.085593 0.996307  0.244544 0.691341 1 0 1.000000
0  18.332893 -61.638138 42.413380  -0.112117 0.983585 -0.141387  0.244544 0.691723 1 0 1.000000
0  14.027694 -62.067558 42.468433  -0.075455 0.985978 -0.148843  0.225901 0.689863 1 0 1.000000
skin_0
0  13.642320 -85.212135 41.587574  0.132819 -0.234941 0.962893  0.224232 0.589641 1 0 1.000000
0  13.510191 -86.687576 41.191189  0.062907 -0.360013 0.930824  0.223660 0.583252 1 0 1.000000
0  13.873546 -86.643532 41.136135  0.059100 -0.361358 0.930552  0.225234 0.583443 1 0 1.000000
skin_0
0  14.269932 -88.768608 40.376392  -0.160149 -0.292204 0.942851  0.226950 0.574240 1 0 1.000000
0  13.873546 -86.643532 41.136135  0.059100 -0.361358 0.930552  0.225234 0.583443 1 0 1.000000
0  13.510191 -86.687576 41.191189  0.062907 -0.360013 0.930824  0.223660 0.583252 1 0 1.000000
skin_0
0  13.510191 -86.687576 41.191189  0.062907 -0.360013 0.930824  0.223660 0.583252 1 0 1.000000
0  13.785460 -88.878716 40.321339  -0.173293 -0.284818 0.942788  0.224852 0.573764 1 0 1.000000
0  14.269932 -88.768608 40.376392  -0.160149 -0.292204 0.942851  0.226950 0.574240 1 0 1.000000
skin_0
0  14.280943 -89.770584 40.167191  -0.297086 -0.198322 0.934028  0.226998 0.569902 1 0 1.000000
0  14.269932 -88.768608 40.376392  -0.160149 -0.292204 0.942851  0.226950 0.574240 1 0 1.000000
0  13.785460 -88.878716 40.321339  -0.173293 -0.284818 0.942788  0.224852 0.573764 1 0 1.000000
skin_0
0  13.785460 -88.878716 40.321339  -0.173293 -0.284818 0.942788  0.224852 0.573764 1 0 1.000000
0  13.774448 -89.946754 40.002029  -0.337921 -0.164051 0.926767  0.224805 0.569139 1 0 1.000000
0  14.280943 -89.770584 40.167191  -0.297086 -0.198322 0.934028  0.226998 0.569902 1 0 1.000000
skin_0
0  13.113805 -97.863480 38.878933  -0.318043 -0.099275 0.942864  0.221944 0.534857 1 0 1.000000
0  14.280943 -89.770584 40.167191  -0.297086 -0.198322 0.934028  0.226998 0.569902 1 0 1.000000
0  13.774448 -89.946754 40.002029  -0.337921 -0.164051 0.926767  0.224805 0.569139 1 0 1.000000
skin_0
0  13.774448 -89.946754 40.002029  -0.337921 -0.164051 0.926767  0.224805 0.569139 1 0 1.000000
0  12.089806 -97.169807 38.691750  -0.254817 -0.107804 0.960961  0.217510 0.537861 1 0 1.000000
0  13.113805 -97.863480 38.878933  -0.318043 -0.099275 0.942864  0.221944 0.534857 1 0 1.000000
skin_0
0  12.089806 -97.169807 38.691750  -0.254817 -0.107804 0.960961  0.217510 0.537861 1 0 1.000000
0  11.627355 -98.425026 38.460526  -0.212768 -0.120585 0.969634  0.215507 0.532426 1 0 1.000000
0  13.113805 -97.863480 38.878933  -0.318043 -0.099275 0.942864  0.221944 0.534857 1 0 1.000000
skin_0
0  11.627355 -98.425026 38.460526  -0.212768 -0.120585 0.969634  0.215507 0.532426 1 0 1.000000
0  12.442150 -100.858406 38.350418  -0.308845 -0.101999 0.945627  0.219035 0.521888 1 0 1.000000
0  13.113805 -97.863480 38.878933  -0.318043 -0.099275 0.942864  0.221944 0.534857 1 0 1.000000
skin_0
0  12.442150 -100.858406 38.350418  -0.308845 -0.101999 0.945627  0.219035 0.521888 1 0 1.000000
0  11.627355 -98.425026 38.460526  -0.212768 -0.120585 0.969634  0.215507 0.532426 1 0 1.000000
0  11.054796 -99.052643 38.339405  -0.120185 -0.048279 0.991577  0.213028 0.529708 1 0 1.000000
skin_0
0  11.054796 -99.052643 38.339405  -0.120185 -0.048279 0.991577  0.213028 0.529708 1 0 1.000000
0  11.946667 -101.717239 38.196266  -0.053193 -0.078098 0.995526  0.216890 0.518170 1 0 1.000000
0  12.442150 -100.858406 38.350418  -0.308845 -0.101999 0.945627  0.219035 0.521888 1 0 1.000000
skin_0
0  13.785460 -88.878716 40.321339  -0.173293 -0.284818 0.942788  0.224852 0.573764 1 0 1.000000
0  13.510191 -86.687576 41.191189  0.062907 -0.360013 0.930824  0.223660 0.583252 1 0 1.000000
0  13.444126 -88.823662 40.222244  -0.997284 -0.068505 0.027036  0.223374 0.574002 1 0 1.000000
skin_0
0  13.444126 -88.823662 40.222244  -0.997284 -0.068505 0.027036  0.223374 0.574002 1 0 1.000000
0  13.466148 -89.858673 39.869900  -0.990876 0.099221 -0.091218  0.223470 0.569520 1 0 1.000000
0  13.785460 -88.878716 40.321339  -0.173293 -0.284818 0.942788  0.224852 0.573764 1 0 1.000000
skin_0
0  13.466148 -89.858673 39.869900  -0.990876 0.099221 -0.091218  0.223470 0.569520 1 0 1.000000
0  13.774448 -89.946754 40.002029  -0.337921 -0.164051 0.926767  0.224805 0.569139 1 0 1.000000
0  13.785460 -88.878716 40.321339  -0.173293 -0.284818 0.942788  0.224852 0.573764 1 0 1.000000
skin_0
0  13.466148 -89.858673 39.869900  -0.990876 0.099221 -0.091218  0.223470 0.569520 1 0 1.000000
0  11.803527 -97.048683 38.548611  -0.946118 0.290997 -0.142062  0.216270 0.538386 1 0 1.000000
0  13.774448 -89.946754 40.002029  -0.337921 -0.164051 0.926767  0.224805 0.569139 1 0 1.000000
skin_0
0  11.803527 -97.048683 38.548611  -0.946118 0.290997 -0.142062  0.216270 0.538386 1 0 1.000000
0  12.089806 -97.169807 38.691750  -0.254817 -0.107804 0.960961  0.217510 0.537861 1 0 1.000000
0  13.774448 -89.946754 40.002029  -0.337921 -0.164051 0.926767  0.224805 0.569139 1 0 1.000000
skin_0
0  11.803527 -97.048683 38.548611  -0.946118 0.290997 -0.142062  0.216270 0.538386 1 0 1.000000
0  11.418151 -98.127739 38.361427  -0.909372 0.368280 -0.193424  0.214601 0.533713 1 0 1.000000
0  12.089806 -97.169807 38.691750  -0.254817 -0.107804 0.960961  0.217510 0.537861 1 0 1.000000
skin_0
0  11.418151 -98.127739 38.361427  -0.909372 0.368280 -0.193424  0.214601 0.533713 1 0 1.000000
0  11.627355 -98.425026 38.460526  -0.212768 -0.120585 0.969634  0.215507 0.532426 1 0 1.000000
0  12.089806 -97.169807 38.691750  -0.254817 -0.107804 0.960961  0.217510 0.537861 1 0 1.000000
skin_0
0  11.418151 -98.127739 38.361427  -0.909372 0.368280 -0.193424  0.214601 0.533713 1 0 1.000000
0  10.900646 -98.755348 38.251320  -0.673230 0.736525 -0.065520  0.212360 0.530995 1 0 1.000000
0  11.627355 -98.425026 38.460526  -0.212768 -0.120585 0.969634  0.215507 0.532426 1 0 1.000000
skin_0
0  10.900646 -98.755348 38.251320  -0.673230 0.736525 -0.065520  0.212360 0.530995 1 0 1.000000
0  11.054796 -99.052643 38.339405  -0.120185 -0.048279 0.991577  0.213028 0.529708 1 0 1.000000
0  11.627355 -98.425026 38.460526  -0.212768 -0.120585 0.969634  0.215507 0.532426 1 0 1.000000
skin_0
0  10.118883 -99.360939 38.295364  -0.027497 -0.035702 0.998984  0.208975 0.528373 1 0 1.000000
0  11.054796 -99.052643 38.339405  -0.120185 -0.048279 0.991577  0.213028 0.529708 1 0 1.000000
0  10.900646 -98.755348 38.251320  -0.673230 0.736525 -0.065520  0.212360 0.530995 1 0 1.000000
skin_0
0  11.946667 -101.717239 38.196266  -0.053193 -0.078098 0.995526  0.216890 0.518170 1 0 1.000000
0  11.054796 -99.052643 38.339405  -0.120185 -0.048279 0.991577  0.213028 0.529708 1 0 1.000000
0  10.118883 -99.360939 38.295364  -0.027497 -0.035702 0.998984  0.208975 0.528373 1 0 1.000000
skin_0
0  10.999743 -102.113625 38.141212  -0.021371 -0.069222 0.997372  0.212789 0.516453 1 0 1.000000
0  11.946667 -101.717239 38.196266  -0.053193 -0.078098 0.995526  0.216890 0.518170 1 0 1.000000
0  10.118883 -99.360939 38.295364  -0.027497 -0.035702 0.998984  0.208975 0.528373 1 0 1.000000
skin_0
0  10.999743 -102.113625 38.141212  -0.021371 -0.069222 0.997372  0.212789 0.516453 1 0 1.000000
0  10.118883 -99.360939 38.295364  -0.027497 -0.035702 0.998984  0.208975 0.528373 1 0 1.000000
0  7.123961 -99.713287 38.262333  -0.001549 -0.083818 0.996480  0.196006 0.526847 1 0 1.000000
skin_0
0  5.296178 -102.851349 38.053127  -0.008791 -0.035674 0.999325  0.188091 0.513259 1 0 1.000000
0  10.999743 -102.113625 38.141212  -0.021371 -0.069222 0.997372  0.212789 0.516453 1 0 1.000000
0  7.123961 -99.713287 38.262333  -0.001549 -0.083818 0.996480  0.196006 0.526847 1 0 1.000000
skin_0
0  5.296178 -102.851349 38.053127  -0.008791 -0.035674 0.999325  0.188091 0.513259 1 0 1.000000
0  7.123961 -99.713287 38.262333  -0.001549 -0.083818 0.996480  0.196006 0.526847 1 0 1.000000
0  2.917857 -100.043610 38.229298  -0.001623 -0.086817 0.996223  0.177793 0.525417 1 0 1.000000
skin_0
0  5.296178 -102.851349 38.053127  -0.008791 -0.035674 0.999325  0.188091 0.513259 1 0 1.000000
0  2.917857 -100.043610 38.229298  -0.001623 -0.086817 0.996223  0.177793 0.525417 1 0 1.000000
0  0.000011 -103.203690 37.987064  0.000001 -0.044788 0.998996  0.165158 0.511733 1 0 1.000000
skin_0
0  2.917857 -100.043610 38.229298  -0.001623 -0.086817 0.996223  0.177793 0.525417 1 0 1.000000
0  0.000010 -100.164726 38.207279  -0.000000 -0.092224 0.995738  0.165158 0.524892 1 0 1.000000
0  0.000011 -103.203690 37.987064  0.000001 -0.044788 0.998996  0.165158 0.511733 1 0 1.000000
skin_0
0  0.000011 -103.203690 37.987064  0.000001 -0.044788 0.998996  0.165158 0.511733 1 0 1.000000
0  0.000010 -100.164726 38.207279  -0.000000 -0.092224 0.995738  0.165158 0.524892 1 0 1.000000
0  -2.917836 -100.043610 38.229298  0.001596 -0.086816 0.996223  0.152523 0.525417 1 0 1.000000
skin_0
0  10.900646 -98.755348 38.251320  -0.673230 0.736525 -0.065520  0.212360 0.530995 1 0 1.000000
0  10.019787 -99.041634 38.229298  -0.263328 0.933960 0.241614  0.208546 0.529756 1 0 1.000000
0  10.118883 -99.360939 38.295364  -0.027497 -0.035702 0.998984  0.208975 0.528373 1 0 1.000000
skin_0
0  7.123961 -99.713287 38.262333  -0.001549 -0.083818 0.996480  0.196006 0.526847 1 0 1.000000
0  10.118883 -99.360939 38.295364  -0.027497 -0.035702 0.998984  0.208975 0.528373 1 0 1.000000
0  10.019787 -99.041634 38.229298  -0.263328 0.933960 0.241614  0.208546 0.529756 1 0 1.000000
skin_0
0  10.019787 -99.041634 38.229298  -0.263328 0.933960 0.241614  0.208546 0.529756 1 0 1.000000
0  7.079918 -99.404984 38.196266  -0.096857 0.935183 0.340663  0.195816 0.528182 1 0 1.000000
0  7.123961 -99.713287 38.262333  -0.001549 -0.083818 0.996480  0.196006 0.526847 1 0 1.000000
skin_0
0  2.917857 -100.043610 38.229298  -0.001623 -0.086817 0.996223  0.177793 0.525417 1 0 1.000000
0  7.123961 -99.713287 38.262333  -0.001549 -0.083818 0.996480  0.196006 0.526847 1 0 1.000000
0  7.079918 -99.404984 38.196266  -0.096857 0.935183 0.340663  0.195816 0.528182 1 0 1.000000
skin_0
0  7.079918 -99.404984 38.196266  -0.096857 0.935183 0.340663  0.195816 0.528182 1 0 1.000000
0  2.906847 -99.724297 38.174244  -0.070674 0.920179 0.385065  0.177745 0.526799 1 0 1.000000
0  2.917857 -100.043610 38.229298  -0.001623 -0.086817 0.996223  0.177793 0.525417 1 0 1.000000
skin_0
0  2.917857 -100.043610 38.229298  -0.001623 -0.086817 0.996223  0.177793 0.525417 1 0 1.000000
0  2.906847 -99.724297 38.174244  -0.070674 0.920179 0.385065  0.177745 0.526799 1 0 1.000000
0  0.000010 -99.867439 38.163235  0.000052 0.943026 0.332719  0.165158 0.526180 1 0 1.000000
skin_0
0  0.000010 -100.164726 38.207279  -0.000000 -0.092224 0.995738  0.165158 0.524892 1 0 1.000000
0  2.917857 -100.043610 38.229298  -0.001623 -0.086817 0.996223  0.177793 0.525417 1 0 1.000000
0  0.000010 -99.867439 38.163235  0.000052 0.943026 0.332719  0.165158 0.526180 1 0 1.000000
skin_0
0  0.000010 -100.164726 38.207279  -0.000000 -0.092224 0.995738  0.165158 0.524892 1 0 1.000000
0  0.000010 -99.867439 38.163235  0.000052 0.943026 0.332719  0.165158 0.526180 1 0 1.000000
0  -2.917836 -100.043610 38.229298  0.001596 -0.086816 0.996223  0.152523 0.525417 1 0 1.000000
skin_0
0  0.000010 -99.867439 38.163235  0.000052 0.943026 0.332719  0.165158 0.526180 1 0 1.000000
0  -2.906826 -99.724297 38.174244  0.070559 0.920174 0.385099  0.152570 0.526799 1 0 1.000000
0  -2.917836 -100.043610 38.229298  0.001596 -0.086816 0.996223  0.152523 0.525417 1 0 1.000000
skin_0
0  -2.917836 -100.043610 38.229298  0.001596 -0.086816 0.996223  0.152523 0.525417 1 0 1.000000
0  -2.906826 -99.724297 38.174244  0.070549 0.920180 0.385086  0.152570 0.526799 1 0 1.000000
0  -7.079897 -99.404984 38.196266  0.096950 0.935190 0.340617  0.134500 0.528182 1 0 1.000000
skin_0
0  -7.079897 -99.404984 38.196266  0.096950 0.935190 0.340617  0.134500 0.528182 1 0 1.000000
0  -7.123940 -99.713287 38.262333  0.001420 -0.083804 0.996481  0.134309 0.526847 1 0 1.000000
0  -2.917836 -100.043610 38.229298  0.001596 -0.086816 0.996223  0.152523 0.525417 1 0 1.000000
skin_0
0  -7.123940 -99.713287 38.262333  0.001420 -0.083804 0.996481  0.134309 0.526847 1 0 1.000000
0  -7.079897 -99.404984 38.196266  0.096950 0.935190 0.340617  0.134500 0.528182 1 0 1.000000
0  -10.019766 -99.041634 38.229298  0.263364 0.933949 0.241616  0.121769 0.529756 1 0 1.000000
skin_0
0  -10.019766 -99.041634 38.229298  0.263364 0.933949 0.241616  0.121769 0.529756 1 0 1.000000
0  -10.118862 -99.360939 38.295364  0.027503 -0.035703 0.998984  0.121340 0.528373 1 0 1.000000
0  -7.123940 -99.713287 38.262333  0.001420 -0.083804 0.996481  0.134309 0.526847 1 0 1.000000
skin_0
0  -10.118862 -99.360939 38.295364  0.027503 -0.035703 0.998984  0.121340 0.528373 1 0 1.000000
0  -10.019766 -99.041634 38.229298  0.263364 0.933949 0.241616  0.121769 0.529756 1 0 1.000000
0  -10.900625 -98.755348 38.251320  0.673230 0.736525 -0.065519  0.117955 0.530995 1 0 1.000000
skin_0
0  -10.900625 -98.755348 38.251320  0.673230 0.736525 -0.065519  0.117955 0.530995 1 0 1.000000
0  -11.054775 -99.052643 38.339405  0.120176 -0.048278 0.991578  0.117288 0.529708 1 0 1.000000
0  -10.118862 -99.360939 38.295364  0.027503 -0.035703 0.998984  0.121340 0.528373 1 0 1.000000
skin_0
0  -11.627334 -98.425026 38.460526  0.212766 -0.120584 0.969634  0.114808 0.532426 1 0 1.000000
0  -11.054775 -99.052643 38.339405  0.120176 -0.048278 0.991578  0.117288 0.529708 1 0 1.000000
0  -10.900625 -98.755348 38.251320  0.673230 0.736525 -0.065519  0.117955 0.530995 1 0 1.000000
skin_0
0  -11.054775 -99.052643 38.339405  0.120176 -0.048278 0.991578  0.117288 0.529708 1 0 1.000000
0  -11.627334 -98.425026 38.460526  0.212766 -0.120584 0.969634  0.114808 0.532426 1 0 1.000000
0  -12.442129 -100.858406 38.350418  0.308846 -0.101993 0.945628  0.111280 0.521888 1 0 1.000000
skin_0
0  -13.113784 -97.863480 38.878933  0.318044 -0.099273 0.942864  0.108371 0.534857 1 0 1.000000
0  -12.442129 -100.858406 38.350418  0.308846 -0.101993 0.945628  0.111280 0.521888 1 0 1.000000
0  -11.627334 -98.425026 38.460526  0.212766 -0.120584 0.969634  0.114808 0.532426 1 0 1.000000
skin_0
0  -12.089785 -97.169807 38.691750  0.254815 -0.107804 0.960962  0.112806 0.537861 1 0 1.000000
0  -13.113784 -97.863480 38.878933  0.318044 -0.099273 0.942864  0.108371 0.534857 1 0 1.000000
0  -11.627334 -98.425026 38.460526  0.212766 -0.120584 0.969634  0.114808 0.532426 1 0 1.000000
skin_0
0  -13.113784 -97.863480 38.878933  0.318044 -0.099273 0.942864  0.108371 0.534857 1 0 1.000000
0  -12.089785 -97.169807 38.691750  0.254815 -0.107804 0.960962  0.112806 0.537861 1 0 1.000000
0  -13.774429 -89.946754 40.002029  0.337975 -0.164033 0.926750  0.105511 0.569139 1 0 1.000000
skin_0
0  -13.774429 -89.946754 40.002029  0.337975 -0.164033 0.926750  0.105511 0.569139 1 0 1.000000
0  -12.089785 -97.169807 38.691750  0.254815 -0.107804 0.960962  0.112806 0.537861 1 0 1.000000
0  -11.803506 -97.048683 38.548611  0.946157 0.290885 -0.142028  0.114045 0.538386 1 0 1.000000
skin_0
0  -13.466129 -89.858673 39.869900  0.990879 0.099187 -0.091224  0.106846 0.569520 1 0 1.000000
0  -13.774429 -89.946754 40.002029  0.337975 -0.164033 0.926750  0.105511 0.569139 1 0 1.000000
0  -11.803506 -97.048683 38.548611  0.946157 0.290885 -0.142028  0.114045 0.538386 1 0 1.000000
skin_0
0  -13.785440 -88.878716 40.321339  0.173289 -0.284821 0.942787  0.105463 0.573764 1 0 1.000000
0  -13.774429 -89.946754 40.002029  0.337975 -0.164033 0.926750  0.105511 0.569139 1 0 1.000000
0  -13.466129 -89.858673 39.869900  0.990879 0.099187 -0.091224  0.106846 0.569520 1 0 1.000000
skin_0
0  -13.444107 -88.823662 40.222244  0.997279 -0.068603 0.026998  0.106941 0.574002 1 0 1.000000
0  -13.785440 -88.878716 40.321339  0.173289 -0.284821 0.942787  0.105463 0.573764 1 0 1.000000
0  -13.466129 -89.858673 39.869900  0.990879 0.099187 -0.091224  0.106846 0.569520 1 0 1.000000
skin_0
0  -13.785440 -88.878716 40.321339  0.173289 -0.284821 0.942787  0.105463 0.573764 1 0 1.000000
0  -13.444107 -88.823662 40.222244  0.997279 -0.068603 0.026998  0.106941 0.574002 1 0 1.000000
0  -13.510172 -86.687576 41.191189  -0.062980 -0.359994 0.930827  0.106655 0.583252 1 0 1.000000
skin_0
0  -11.418130 -98.127739 38.361427  0.909388 0.368315 -0.193281  0.115714 0.533713 1 0 1.000000
0  -11.627334 -98.425026 38.460526  0.212766 -0.120584 0.969634  0.114808 0.532426 1 0 1.000000
0  -10.900625 -98.755348 38.251320  0.673230 0.736525 -0.065519  0.117955 0.530995 1 0 1.000000
skin_0
0  -12.089785 -97.169807 38.691750  0.254815 -0.107804 0.960962  0.112806 0.537861 1 0 1.000000
0  -11.627334 -98.425026 38.460526  0.212766 -0.120584 0.969634  0.114808 0.532426 1 0 1.000000
0  -11.418130 -98.127739 38.361427  0.909388 0.368315 -0.193281  0.115714 0.533713 1 0 1.000000
skin_0
0  -11.803506 -97.048683 38.548611  0.946157 0.290885 -0.142028  0.114045 0.538386 1 0 1.000000
0  -12.089785 -97.169807 38.691750  0.254815 -0.107804 0.960962  0.112806 0.537861 1 0 1.000000
0  -11.418130 -98.127739 38.361427  0.909388 0.368315 -0.193281  0.115714 0.533713 1 0 1.000000
skin_0
0  -12.442129 -100.858406 38.350418  0.308846 -0.101993 0.945628  0.111280 0.521888 1 0 1.000000
0  -11.946646 -101.717239 38.196266  0.053194 -0.078101 0.995525  0.113425 0.518170 1 0 1.000000
0  -11.054775 -99.052643 38.339405  0.120176 -0.048278 0.991578  0.117288 0.529708 1 0 1.000000
skin_0
0  -10.118862 -99.360939 38.295364  0.027503 -0.035703 0.998984  0.121340 0.528373 1 0 1.000000
0  -11.054775 -99.052643 38.339405  0.120176 -0.048278 0.991578  0.117288 0.529708 1 0 1.000000
0  -11.946646 -101.717239 38.196266  0.053194 -0.078101 0.995525  0.113425 0.518170 1 0 1.000000
skin_0
0  -10.999722 -102.113625 38.141212  0.021383 -0.069372 0.997362  0.117526 0.516453 1 0 1.000000
0  -10.118862 -99.360939 38.295364  0.027503 -0.035703 0.998984  0.121340 0.528373 1 0 1.000000
0  -11.946646 -101.717239 38.196266  0.053194 -0.078101 0.995525  0.113425 0.518170 1 0 1.000000
skin_0
0  -7.123940 -99.713287 38.262333  0.001420 -0.083804 0.996481  0.134309 0.526847 1 0 1.000000
0  -10.118862 -99.360939 38.295364  0.027503 -0.035703 0.998984  0.121340 0.528373 1 0 1.000000
0  -10.999722 -102.113625 38.141212  0.021383 -0.069372 0.997362  0.117526 0.516453 1 0 1.000000
skin_0
0  -5.296157 -102.851349 38.053127  0.008790 -0.035674 0.999325  0.142224 0.513259 1 0 1.000000
0  -7.123940 -99.713287 38.262333  0.001420 -0.083804 0.996481  0.134309 0.526847 1 0 1.000000
0  -10.999722 -102.113625 38.141212  0.021383 -0.069372 0.997362  0.117526 0.516453 1 0 1.000000
skin_0
0  -5.296157 -102.851349 38.053127  0.008790 -0.035674 0.999325  0.142224 0.513259 1 0 1.000000
0  -2.917836 -100.043610 38.229298  0.001596 -0.086816 0.996223  0.152523 0.525417 1 0 1.000000
0  -7.123940 -99.713287 38.262333  0.001420 -0.083804 0.996481  0.134309 0.526847 1 0 1.000000
skin_0
0  -5.296157 -102.851349 38.053127  0.008790 -0.035674 0.999325  0.142224 0.513259 1 0 1.000000
0  0.000011 -103.203690 37.987064  0.000001 -0.044788 0.998996  0.165158 0.511733 1 0 1.000000
0  -2.917836 -100.043610 38.229298  0.001596 -0.086816 0.996223  0.152523 0.525417 1 0 1.000000
skin_0
0  -32.723915 -102.862358 33.902081  -0.604385 -0.721596 0.337664  0.023455 0.513211 1 0 1.000000
0  -32.789982 -102.796295 33.869049  -0.908816 0.261768 -0.324855  0.023168 0.513497 1 0 1.000000
0  -32.635830 -103.269753 33.098297  -0.885961 0.313103 -0.342111  0.023836 0.511447 1 0 1.000000
skin_0
0  -32.635830 -103.269753 33.098297  -0.885961 0.313103 -0.342111  0.023836 0.511447 1 0 1.000000
0  -32.602798 -103.346832 33.153351  -0.616490 -0.732841 0.287897  0.023979 0.511113 1 0 1.000000
0  -32.723915 -102.862358 33.902081  -0.604385 -0.721596 0.337664  0.023455 0.513211 1 0 1.000000
skin_0
0  -32.602798 -103.346832 33.153351  -0.616490 -0.732841 0.287897  0.023979 0.511113 1 0 1.000000
0  -32.635830 -103.269753 33.098297  -0.885961 0.313103 -0.342111  0.023836 0.511447 1 0 1.000000
0  -32.591785 -103.335823 33.010212  -0.621255 -0.118672 -0.774570  0.024027 0.511161 1 0 1.000000
skin_0
0  -32.591785 -103.335823 33.010212  -0.621255 -0.118672 -0.774570  0.024027 0.511161 1 0 1.000000
0  -32.393593 -103.567047 33.076275  -0.616161 -0.733163 0.287780  0.024885 0.510159 1 0 1.000000
0  -32.602798 -103.346832 33.153351  -0.616490 -0.732841 0.287897  0.023979 0.511113 1 0 1.000000
skin_0
0  -32.393593 -103.567047 33.076275  -0.616161 -0.733163 0.287780  0.024885 0.510159 1 0 1.000000
0  -32.591785 -103.335823 33.010212  -0.621255 -0.118672 -0.774570  0.024027 0.511161 1 0 1.000000
0  -32.404606 -103.478958 32.933136  -0.340418 -0.276139 -0.898812  0.024837 0.510541 1 0 1.000000
skin_0
0  -32.393593 -103.567047 33.076275  -0.616161 -0.733163 0.287780  0.024885 0.510159 1 0 1.000000
0  -32.404606 -103.478958 32.933136  -0.340418 -0.276139 -0.898812  0.024837 0.510541 1 0 1.000000
0  -26.756094 -107.905281 32.371586  -0.260158 -0.313233 -0.913347  0.049297 0.491374 1 0 1.000000
skin_0
0  -26.756094 -107.905281 32.371586  -0.260158 -0.313233 -0.913347  0.049297 0.491374 1 0 1.000000
0  -26.778114 -107.971344 32.503716  -0.485275 -0.833874 0.262988  0.049201 0.491088 1 0 1.000000
0  -32.393593 -103.567047 33.076275  -0.616161 -0.733163 0.287780  0.024885 0.510159 1 0 1.000000
skin_0
0  -26.778114 -107.971344 32.503716  -0.485275 -0.833874 0.262988  0.049201 0.491088 1 0 1.000000
0  -26.756094 -107.905281 32.371586  -0.260158 -0.313233 -0.913347  0.049297 0.491374 1 0 1.000000
0  -23.298719 -109.821152 32.118336  -0.228846 -0.344869 -0.910327  0.064268 0.483077 1 0 1.000000
skin_0
0  -23.298719 -109.821152 32.118336  -0.228846 -0.344869 -0.910327  0.064268 0.483077 1 0 1.000000
0  -23.320742 -109.887215 32.261475  -0.408871 -0.873287 0.264943  0.064173 0.482791 1 0 1.000000
0  -26.778114 -107.971344 32.503716  -0.485275 -0.833874 0.262988  0.049201 0.491088 1 0 1.000000
skin_0
0  -23.320742 -109.887215 32.261475  -0.408871 -0.873287 0.264943  0.064173 0.482791 1 0 1.000000
0  -23.232656 -109.633965 33.043240  -0.400678 -0.856582 0.325153  0.064554 0.483888 1 0 1.000000
0  -26.778114 -107.971344 32.503716  -0.485275 -0.833874 0.262988  0.049201 0.491088 1 0 1.000000
skin_0
0  -23.232656 -109.633965 33.043240  -0.400678 -0.856582 0.325153  0.064554 0.483888 1 0 1.000000
0  -26.590933 -107.773148 33.274467  -0.527666 -0.783780 0.327502  0.050012 0.491946 1 0 1.000000
0  -26.778114 -107.971344 32.503716  -0.485275 -0.833874 0.262988  0.049201 0.491088 1 0 1.000000
skin_0
0  -32.393593 -103.567047 33.076275  -0.616161 -0.733163 0.287780  0.024885 0.510159 1 0 1.000000
0  -26.778114 -107.971344 32.503716  -0.485275 -0.833874 0.262988  0.049201 0.491088 1 0 1.000000
0  -26.590933 -107.773148 33.274467  -0.527666 -0.783780 0.327502  0.050012 0.491946 1 0 1.000000
skin_0
0  -32.602798 -103.346832 33.153351  -0.616490 -0.732841 0.287897  0.023979 0.511113 1 0 1.000000
0  -32.393593 -103.567047 33.076275  -0.616161 -0.733163 0.287780  0.024885 0.510159 1 0 1.000000
0  -26.590933 -107.773148 33.274467  -0.527666 -0.783780 0.327502  0.050012 0.491946 1 0 1.000000
skin_0
0  -32.723915 -102.862358 33.902081  -0.604385 -0.721596 0.337664  0.023455 0.513211 1 0 1.000000
0  -32.602798 -103.346832 33.153351  -0.616490 -0.732841 0.287897  0.023979 0.511113 1 0 1.000000
0  -26.590933 -107.773148 33.274467  -0.527666 -0.783780 0.327502  0.050012 0.491946 1 0 1.000000
skin_0
0  19.378920 -110.988289 32.118336  0.220063 -0.938321 0.266694  0.249073 0.478023 1 0 1.000000
0  23.320765 -109.887215 32.261475  0.300693 -0.915204 0.268302  0.266143 0.482791 1 0 1.000000
0  19.290833 -110.735039 32.900101  0.212765 -0.921443 0.325076  0.248692 0.479120 1 0 1.000000
skin_0
0  23.320765 -109.887215 32.261475  0.300693 -0.915204 0.268302  0.266143 0.482791 1 0 1.000000
0  23.232679 -109.633965 33.043240  0.291984 -0.898742 0.327122  0.265761 0.483888 1 0 1.000000
0  19.290833 -110.735039 32.900101  0.212765 -0.921443 0.325076  0.248692 0.479120 1 0 1.000000
skin_0
0  19.378920 -110.988289 32.118336  0.220063 -0.938321 0.266694  0.249073 0.478023 1 0 1.000000
0  19.290833 -110.735039 32.900101  0.212765 -0.921443 0.325076  0.248692 0.479120 1 0 1.000000
0  13.234923 -111.836113 32.756958  0.129065 -0.936993 0.324634  0.222468 0.474352 1 0 1.000000
skin_0
0  13.289977 -112.100372 31.975195  0.132342 -0.955039 0.265303  0.222707 0.473208 1 0 1.000000
0  19.378920 -110.988289 32.118336  0.220063 -0.938321 0.266694  0.249073 0.478023 1 0 1.000000
0  13.234923 -111.836113 32.756958  0.129065 -0.936993 0.324634  0.222468 0.474352 1 0 1.000000
skin_0
0  13.289977 -112.100372 31.975195  0.132342 -0.955039 0.265303  0.222707 0.473208 1 0 1.000000
0  13.234923 -111.836113 32.756958  0.129065 -0.936993 0.324634  0.222468 0.474352 1 0 1.000000
0  6.033898 -112.617874 32.657864  0.077492 -0.942742 0.324394  0.191286 0.470967 1 0 1.000000
skin_0
0  6.044909 -112.882133 31.876101  0.079675 -0.960987 0.264869  0.191334 0.469823 1 0 1.000000
0  13.289977 -112.100372 31.975195  0.132342 -0.955039 0.265303  0.222707 0.473208 1 0 1.000000
0  6.033898 -112.617874 32.657864  0.077492 -0.942742 0.324394  0.191286 0.470967 1 0 1.000000
skin_0
0  6.044909 -112.882133 31.876101  0.079675 -0.960987 0.264869  0.191334 0.469823 1 0 1.000000
0  6.033898 -112.617874 32.657864  0.077492 -0.942742 0.324394  0.191286 0.470967 1 0 1.000000
0  0.000011 -113.003250 32.613819  0.047273 -0.944632 0.324709  0.165158 0.469298 1 0 1.000000
skin_0
0  0.000011 -113.003250 32.613819  0.047273 -0.944632 0.324709  0.165158 0.469298 1 0 1.000000
0  0.000011 -113.267509 31.832058  0.048623 -0.963030 0.264970  0.165158 0.468154 1 0 1.000000
0  6.044909 -112.882133 31.876101  0.079675 -0.960987 0.264869  0.191334 0.469823 1 0 1.000000
skin_0
0  6.044909 -112.882133 31.876101  0.079675 -0.960987 0.264869  0.191334 0.469823 1 0 1.000000
0  0.000011 -113.267509 31.832058  0.048623 -0.963030 0.264970  0.165158 0.468154 1 0 1.000000
0  0.000011 -113.234482 31.710939  0.029354 -0.463535 -0.885592  0.165158 0.468297 1 0 1.000000
skin_0
0  0.000011 -113.234482 31.710939  0.029354 -0.463535 -0.885592  0.165158 0.468297 1 0 1.000000
0  6.044909 -112.838089 31.754982  0.045629 -0.429159 -0.902076  0.191334 0.470013 1 0 1.000000
0  6.044909 -112.882133 31.876101  0.079675 -0.960987 0.264869  0.191334 0.469823 1 0 1.000000
skin_0
0  13.289977 -112.100372 31.975195  0.132342 -0.955039 0.265303  0.222707 0.473208 1 0 1.000000
0  6.044909 -112.882133 31.876101  0.079675 -0.960987 0.264869  0.191334 0.469823 1 0 1.000000
0  6.044909 -112.838089 31.754982  0.045427 -0.429151 -0.902090  0.191334 0.470013 1 0 1.000000
skin_0
0  6.044909 -112.838089 31.754982  0.045427 -0.429151 -0.902090  0.191334 0.470013 1 0 1.000000
0  13.278966 -112.034309 31.832056  0.070696 -0.375779 -0.924009  0.222659 0.473494 1 0 1.000000
0  13.289977 -112.100372 31.975195  0.132342 -0.955039 0.265303  0.222707 0.473208 1 0 1.000000
skin_0
0  19.378920 -110.988289 32.118336  0.220063 -0.938321 0.266694  0.249073 0.478023 1 0 1.000000
0  13.289977 -112.100372 31.975195  0.132342 -0.955039 0.265303  0.222707 0.473208 1 0 1.000000
0  13.278966 -112.034309 31.832056  0.070696 -0.375779 -0.924009  0.222659 0.473494 1 0 1.000000
skin_0
0  13.278966 -112.034309 31.832056  0.070696 -0.375779 -0.924009  0.222659 0.473494 1 0 1.000000
0  19.378920 -110.911209 31.975195  0.119388 -0.370797 -0.921008  0.249073 0.478357 1 0 1.000000
0  19.378920 -110.988289 32.118336  0.220063 -0.938321 0.266694  0.249073 0.478023 1 0 1.000000
skin_0
0  23.320765 -109.887215 32.261475  0.300693 -0.915204 0.268302  0.266143 0.482791 1 0 1.000000
0  19.378920 -110.988289 32.118336  0.220063 -0.938321 0.266694  0.249073 0.478023 1 0 1.000000
0  19.378920 -110.911209 31.975195  0.119388 -0.370797 -0.921008  0.249073 0.478357 1 0 1.000000
skin_0
0  19.378920 -110.911209 31.975195  0.119388 -0.370797 -0.921008  0.249073 0.478357 1 0 1.000000
0  23.298742 -109.821152 32.118336  0.167355 -0.365046 -0.915824  0.266047 0.483077 1 0 1.000000
0  23.320765 -109.887215 32.261475  0.300693 -0.915204 0.268302  0.266143 0.482791 1 0 1.000000
skin_0
0  -23.320742 -109.887215 32.261475  -0.300692 -0.915200 0.268317  0.064173 0.482791 1 0 1.000000
0  -23.298719 -109.821152 32.118336  -0.167387 -0.365084 -0.915803  0.064268 0.483077 1 0 1.000000
0  -19.378897 -110.911209 31.975199  -0.119372 -0.370692 -0.921052  0.081242 0.478357 1 0 1.000000
skin_0
0  -19.378897 -110.911209 31.975199  -0.119372 -0.370692 -0.921052  0.081242 0.478357 1 0 1.000000
0  -19.378897 -110.988289 32.118336  -0.220130 -0.938313 0.266669  0.081242 0.478023 1 0 1.000000
0  -23.320742 -109.887215 32.261475  -0.300692 -0.915200 0.268317  0.064173 0.482791 1 0 1.000000
skin_0
0  -19.378897 -110.988289 32.118336  -0.220130 -0.938313 0.266669  0.081242 0.478023 1 0 1.000000
0  -19.378897 -110.911209 31.975199  -0.119372 -0.370692 -0.921052  0.081242 0.478357 1 0 1.000000
0  -13.278945 -112.034309 31.832060  -0.070753 -0.375688 -0.924041  0.107656 0.473494 1 0 1.000000
skin_0
0  -13.278945 -112.034309 31.832060  -0.070753 -0.375688 -0.924041  0.107656 0.473494 1 0 1.000000
0  -13.289956 -112.100372 31.975199  -0.132335 -0.955006 0.265425  0.107609 0.473208 1 0 1.000000
0  -19.378897 -110.988289 32.118336  -0.220130 -0.938313 0.266669  0.081242 0.478023 1 0 1.000000
skin_0
0  -13.289956 -112.100372 31.975199  -0.132335 -0.955006 0.265425  0.107609 0.473208 1 0 1.000000
0  -13.278945 -112.034309 31.832060  -0.070753 -0.375688 -0.924041  0.107656 0.473494 1 0 1.000000
0  -6.044887 -112.838089 31.754982  -0.045462 -0.429155 -0.902086  0.138982 0.470013 1 0 1.000000
skin_0
0  -6.044887 -112.838089 31.754982  -0.045462 -0.429155 -0.902086  0.138982 0.470013 1 0 1.000000
0  -6.044887 -112.882133 31.876101  -0.079719 -0.960963 0.264945  0.138982 0.469823 1 0 1.000000
0  -13.289956 -112.100372 31.975199  -0.132335 -0.955006 0.265425  0.107609 0.473208 1 0 1.000000
skin_0
0  -6.044887 -112.882133 31.876101  -0.079719 -0.960963 0.264945  0.138982 0.469823 1 0 1.000000
0  -6.044887 -112.838089 31.754982  -0.045462 -0.429155 -0.902086  0.138982 0.470013 1 0 1.000000
0  0.000011 -113.234482 31.710939  -0.029440 -0.463546 -0.885584  0.165158 0.468297 1 0 1.000000
skin_0
0  0.000011 -113.234482 31.710939  -0.029401 -0.463538 -0.885589  0.165158 0.468297 1 0 1.000000
0  0.000011 -113.267509 31.832058  -0.048626 -0.963030 0.264970  0.165158 0.468154 1 0 1.000000
0  -6.044887 -112.882133 31.876101  -0.079719 -0.960963 0.264945  0.138982 0.469823 1 0 1.000000
skin_0
0  -6.044887 -112.882133 31.876101  -0.079719 -0.960963 0.264945  0.138982 0.469823 1 0 1.000000
0  0.000011 -113.267509 31.832058  -0.048626 -0.963030 0.264970  0.165158 0.468154 1 0 1.000000
0  0.000011 -113.003250 32.613819  -0.047273 -0.944632 0.324709  0.165158 0.469298 1 0 1.000000
skin_0
0  0.000011 -113.003250 32.613819  -0.047273 -0.944632 0.324709  0.165158 0.469298 1 0 1.000000
0  -6.033876 -112.617874 32.657864  -0.077418 -0.942642 0.324703  0.139029 0.470967 1 0 1.000000
0  -6.044887 -112.882133 31.876101  -0.079719 -0.960963 0.264945  0.138982 0.469823 1 0 1.000000
skin_0
0  -6.044887 -112.882133 31.876101  -0.079719 -0.960963 0.264945  0.138982 0.469823 1 0 1.000000
0  -6.033876 -112.617874 32.657864  -0.077418 -0.942642 0.324703  0.139029 0.470967 1 0 1.000000
0  -13.289956 -112.100372 31.975199  -0.132335 -0.955006 0.265425  0.107609 0.473208 1 0 1.000000
skin_0
0  -6.033876 -112.617874 32.657864  -0.077418 -0.942642 0.324703  0.139029 0.470967 1 0 1.000000
0  -13.234902 -111.836113 32.756958  -0.128861 -0.937042 0.324573  0.107847 0.474352 1 0 1.000000
0  -13.289956 -112.100372 31.975199  -0.132335 -0.955006 0.265425  0.107609 0.473208 1 0 1.000000
skin_0
0  -13.289956 -112.100372 31.975199  -0.132335 -0.955006 0.265425  0.107609 0.473208 1 0 1.000000
0  -13.234902 -111.836113 32.756958  -0.128861 -0.937042 0.324573  0.107847 0.474352 1 0 1.000000
0  -19.378897 -110.988289 32.118336  -0.220130 -0.938313 0.266669  0.081242 0.478023 1 0 1.000000
skin_0
0  -13.234902 -111.836113 32.756958  -0.128861 -0.937042 0.324573  0.107847 0.474352 1 0 1.000000
0  -19.290810 -110.735039 32.900101  -0.212753 -0.921479 0.324980  0.081623 0.479120 1 0 1.000000
0  -19.378897 -110.988289 32.118336  -0.220130 -0.938313 0.266669  0.081242 0.478023 1 0 1.000000
skin_0
0  -19.378897 -110.988289 32.118336  -0.220130 -0.938313 0.266669  0.081242 0.478023 1 0 1.000000
0  -19.290810 -110.735039 32.900101  -0.212753 -0.921479 0.324980  0.081623 0.479120 1 0 1.000000
0  -23.320742 -109.887215 32.261475  -0.300692 -0.915200 0.268317  0.064173 0.482791 1 0 1.000000
skin_0
0  -19.290810 -110.735039 32.900101  -0.212753 -0.921479 0.324980  0.081623 0.479120 1 0 1.000000
0  -23.232656 -109.633965 33.043240  -0.291970 -0.898718 0.327201  0.064554 0.483888 1 0 1.000000
0  -23.320742 -109.887215 32.261475  -0.300692 -0.915200 0.268317  0.064173 0.482791 1 0 1.000000
end
