version 1
nodes
0 "root" -1
1 "steering_wheel" 0
end
skeleton
time 0
0  0.000000 0.000000 0.000000  0.000000 -0.000000 0.000000
1  19.916300 17.934299 33.308498  0.000000 -0.000000 0.000000
end
triangles
decal
0  -15.965586 127.856743 12.552248  0.059024 0.977312 -0.203413  0.010987 0.005585 1 0 1.000000
0  -16.439049 127.955841 12.882570  -0.038071 0.948432 -0.314687  0.010987 0.005585 1 0 1.000000
0  -15.899521 128.043930 13.102785  0.104606 0.943544 -0.314297  0.010987 0.005585 1 0 1.000000
decal
0  20.303802 124.245224 18.685228  0.000569 -0.030684 0.999529  0.016846 0.468978 1 0 1.000000
0  21.107586 124.256233 18.685228  0.000582 -0.030876 0.999523  0.067141 0.418683 1 0 1.000000
0  21.096575 125.060013 18.707251  0.000569 -0.030684 0.999529  0.117435 0.468978 1 0 1.000000
decal
0  21.096575 125.060013 18.707251  0.000569 -0.030684 0.999529  0.117435 0.468978 1 0 1.000000
0  20.292791 125.049004 18.707251  0.000489 -0.030831 0.999525  0.067141 0.519517 1 0 1.000000
0  20.303802 124.245224 18.685228  0.000569 -0.030684 0.999529  0.016846 0.468978 1 0 1.000000
decal
0  -12.486190 124.245224 18.685230  -0.000565 -0.030684 0.999529  0.016846 0.468978 1 0 1.000000
0  -12.475179 125.049004 18.707253  -0.000483 -0.030784 0.999526  0.067141 0.519517 1 0 1.000000
0  -13.278963 125.060013 18.707254  -0.000565 -0.030684 0.999529  0.117435 0.468978 1 0 1.000000
decal
0  -13.278963 125.060013 18.707254  -0.000565 -0.030684 0.999529  0.117435 0.468978 1 0 1.000000
0  -13.289974 124.256233 18.685232  -0.000578 -0.030875 0.999523  0.067141 0.418683 1 0 1.000000
0  -12.486190 124.245224 18.685230  -0.000565 -0.030684 0.999529  0.016846 0.468978 1 0 1.000000
decal
0  -11.693417 122.131157 18.630177  -0.000579 -0.030877 0.999523  0.016846 0.468978 1 0 1.000000
0  -11.693417 122.934944 18.652199  -0.000578 -0.030880 0.999523  0.067141 0.519517 1 0 1.000000
0  -12.497201 122.945953 18.652199  -0.000579 -0.030877 0.999523  0.117435 0.468978 1 0 1.000000
decal
0  -12.497201 122.945953 18.652199  -0.000579 -0.030877 0.999523  0.117435 0.468978 1 0 1.000000
0  -12.508211 122.142166 18.630177  -0.000571 -0.030731 0.999528  0.067141 0.418683 1 0 1.000000
0  -11.693417 122.131157 18.630177  -0.000579 -0.030877 0.999523  0.016846 0.468978 1 0 1.000000
decal
0  -20.303818 124.245224 18.685232  -0.000568 -0.030684 0.999529  0.016846 0.468978 1 0 1.000000
0  -20.292807 125.049004 18.707254  -0.000491 -0.030831 0.999525  0.067141 0.519517 1 0 1.000000
0  -21.096590 125.060013 18.707254  -0.000568 -0.030684 0.999529  0.117435 0.468978 1 0 1.000000
decal
0  -21.096590 125.060013 18.707254  -0.000568 -0.030684 0.999529  0.117435 0.468978 1 0 1.000000
0  -21.107601 124.256233 18.685232  -0.000578 -0.030875 0.999523  0.067141 0.418683 1 0 1.000000
0  -20.303818 124.245224 18.685232  -0.000568 -0.030684 0.999529  0.016846 0.468978 1 0 1.000000
decal
0  12.486175 124.245224 18.685230  0.000575 -0.030732 0.999528  0.016846 0.468978 1 0 1.000000
0  13.289959 124.256233 18.685228  0.000582 -0.030875 0.999523  0.067141 0.418683 1 0 1.000000
0  13.278948 125.060013 18.707251  0.000575 -0.030732 0.999528  0.117435 0.468978 1 0 1.000000
decal
0  13.278948 125.060013 18.707251  0.000575 -0.030732 0.999528  0.117435 0.468978 1 0 1.000000
0  12.475163 125.049004 18.707253  0.000493 -0.030783 0.999526  0.067141 0.519517 1 0 1.000000
0  12.486175 124.245224 18.685230  0.000575 -0.030732 0.999528  0.016846 0.468978 1 0 1.000000
decal
0  11.693401 122.131157 18.630177  0.000579 -0.030877 0.999523  0.016846 0.468978 1 0 1.000000
0  12.508196 122.142166 18.630177  0.000570 -0.030731 0.999528  0.067141 0.418683 1 0 1.000000
0  12.497186 122.945953 18.652199  0.000579 -0.030877 0.999523  0.117435 0.468978 1 0 1.000000
decal
0  12.497186 122.945953 18.652199  0.000579 -0.030877 0.999523  0.117435 0.468978 1 0 1.000000
0  11.693401 122.934944 18.652199  0.000573 -0.030784 0.999526  0.067141 0.519517 1 0 1.000000
0  11.693401 122.131157 18.630177  0.000579 -0.030877 0.999523  0.016846 0.468978 1 0 1.000000
decal
0  -30.929184 125.401352 15.613235  0.059341 0.684518 0.726576  0.236824 0.418683 1 0 1.000000
0  -31.479721 125.170120 15.899514  0.038323 0.634913 0.771632  0.239998 0.418195 1 0 1.000000
0  -31.468710 125.115067 15.965579  0.038348 0.634908 0.771635  0.240242 0.418195 1 0 1.000000
decal
0  -30.576839 125.335281 15.668289  0.071080 0.770567 0.633383  0.235115 0.418683 1 0 1.000000
0  -30.929184 125.401352 15.613235  0.059341 0.684518 0.726576  0.236824 0.418683 1 0 1.000000
0  -31.468710 125.115067 15.965579  0.038348 0.634908 0.771635  0.240242 0.418195 1 0 1.000000
decal
0  -30.775034 125.346298 15.260891  0.505988 0.747261 -0.430787  0.235603 0.420637 1 0 1.000000
0  -30.929184 125.401352 15.613235  0.059321 0.684460 0.726633  0.236824 0.418683 1 0 1.000000
0  -30.576839 125.335281 15.668289  0.071006 0.770520 0.633448  0.235115 0.418683 1 0 1.000000
decal
0  -30.466732 125.192146 15.293923  0.505489 0.744212 -0.436611  0.234382 0.420637 1 0 1.000000
0  -30.775034 125.346298 15.260891  0.505988 0.747261 -0.430787  0.235603 0.420637 1 0 1.000000
0  -30.576839 125.335281 15.668289  0.071006 0.770520 0.633448  0.235115 0.418683 1 0 1.000000
decal
0  -30.775034 125.346298 15.260891  0.505988 0.747261 -0.430787  0.235603 0.420637 1 0 1.000000
0  -30.466732 125.192146 15.293923  0.505489 0.744212 -0.436611  0.234382 0.420637 1 0 1.000000
0  -30.664927 124.971931 14.996634  -0.145323 -0.010615 -0.989327  0.235115 0.422590 1 0 1.000000
decal
0  -30.664927 124.971931 14.996634  -0.145323 -0.010615 -0.989327  0.235115 0.422590 1 0 1.000000
0  -30.995249 125.104057 15.051687  -0.164842 -0.105386 -0.980674  0.236824 0.422590 1 0 1.000000
0  -30.775034 125.346298 15.260891  0.505988 0.747261 -0.430787  0.235603 0.420637 1 0 1.000000
decal
0  -30.995249 125.104057 15.051687  -0.164842 -0.105386 -0.980674  0.236824 0.422590 1 0 1.000000
0  -30.664927 124.971931 14.996634  -0.145323 -0.010615 -0.989327  0.235115 0.422590 1 0 1.000000
0  -31.567806 124.696663 15.161795  -0.194996 -0.163841 -0.967023  0.240242 0.423078 1 0 1.000000
decal
0  -31.567806 124.696663 15.161795  -0.195002 -0.163834 -0.967023  0.240242 0.423078 1 0 1.000000
0  -31.567806 124.784744 15.161795  -0.195053 -0.163831 -0.967013  0.239998 0.423078 1 0 1.000000
0  -30.995249 125.104057 15.051687  -0.164887 -0.105428 -0.980662  0.236824 0.422590 1 0 1.000000
decal
0  -15.877500 127.438339 11.219948  0.058964 0.977319 -0.203400  0.010987 0.005585 1 0 1.000000
0  -16.339952 127.526421 11.561281  -0.038083 0.948474 -0.314559  0.010987 0.005585 1 0 1.000000
0  -15.811435 127.603500 11.781496  0.104627 0.943563 -0.314232  0.010987 0.005585 1 0 1.000000
decal
0  -30.301571 125.555496 15.877493  -0.319338 0.853077 -0.412654  0.233650 0.416730 1 0 1.000000
0  -30.576839 125.335281 15.668289  -0.319300 0.853012 -0.412818  0.235115 0.418683 1 0 1.000000
0  -33.891075 124.641609 16.758352  -0.319223 0.852899 -0.413111  0.254158 0.416730 1 0 1.000000
decal
0  -30.576839 125.335281 15.668289  -0.319300 0.853012 -0.412818  0.235115 0.418683 1 0 1.000000
0  -30.301571 125.555496 15.877493  -0.319338 0.853077 -0.412654  0.233650 0.416730 1 0 1.000000
0  -30.158432 125.544487 15.745364  -0.319371 0.853088 -0.412606  0.232673 0.417707 1 0 1.000000
decal
0  -30.576839 125.335281 15.668289  -0.319300 0.853012 -0.412818  0.235115 0.418683 1 0 1.000000
0  -30.158432 125.544487 15.745364  -0.319371 0.853088 -0.412606  0.232673 0.417707 1 0 1.000000
0  -30.466732 125.192146 15.293923  -0.319426 0.853029 -0.412684  0.234138 0.420637 1 0 1.000000
decal
0  -30.466732 125.192146 15.293923  -0.319426 0.853029 -0.412684  0.234138 0.420637 1 0 1.000000
0  -30.158432 125.544487 15.745364  -0.319371 0.853088 -0.412606  0.232673 0.417707 1 0 1.000000
0  -30.268539 124.993950 14.699344  -0.319454 0.853044 -0.412633  0.232673 0.424055 1 0 1.000000
decal
0  -30.466732 125.192146 15.293923  -0.319426 0.853029 -0.412684  0.234138 0.420637 1 0 1.000000
0  -30.268539 124.993950 14.699344  -0.319454 0.853044 -0.412633  0.232673 0.424055 1 0 1.000000
0  -30.664927 124.971931 14.996634  -0.319289 0.853128 -0.412586  0.235115 0.422590 1 0 1.000000
decal
0  -30.664927 124.971931 14.996634  -0.319289 0.853128 -0.412586  0.235115 0.422590 1 0 1.000000
0  -30.268539 124.993950 14.699344  -0.319454 0.853044 -0.412633  0.232673 0.424055 1 0 1.000000
0  -30.433701 124.905869 14.633279  -0.319317 0.853227 -0.412359  0.233650 0.424543 1 0 1.000000
decal
0  -30.433701 124.905869 14.633279  -0.319317 0.853227 -0.412359  0.233650 0.424543 1 0 1.000000
0  -34.001183 124.002983 15.536160  -0.319271 0.853127 -0.412603  0.254158 0.424543 1 0 1.000000
0  -30.664927 124.971931 14.996634  -0.319289 0.853128 -0.412586  0.235115 0.422590 1 0 1.000000
decal
0  -34.001183 124.002983 15.536160  -0.319271 0.853127 -0.412603  0.254158 0.424543 1 0 1.000000
0  -33.902084 124.113091 15.723344  -0.319307 0.853126 -0.412576  0.253670 0.423078 1 0 1.000000
0  -30.664927 124.971931 14.996634  -0.319284 0.853126 -0.412593  0.235115 0.422590 1 0 1.000000
decal
0  -34.001183 124.002983 15.536160  -0.319271 0.853127 -0.412603  0.254158 0.424543 1 0 1.000000
0  -34.155331 124.013992 15.668290  -0.318780 0.853305 -0.412613  0.254891 0.424055 1 0 1.000000
0  -33.902084 124.113091 15.723344  -0.319307 0.853126 -0.412576  0.253670 0.423078 1 0 1.000000
decal
0  -33.902084 124.113091 15.723344  -0.319307 0.853126 -0.412576  0.253670 0.423078 1 0 1.000000
0  -34.155331 124.013992 15.668290  -0.318780 0.853305 -0.412613  0.254891 0.424055 1 0 1.000000
0  -33.813999 124.542511 16.549149  -0.319212 0.853096 -0.412712  0.253670 0.418195 1 0 1.000000
decal
0  -34.056236 124.553520 16.692287  -0.318992 0.853134 -0.412803  0.255135 0.417219 1 0 1.000000
0  -34.056236 124.476448 16.747341  -0.872513 -0.351657 0.339204  0.255135 0.417219 1 0 1.000000
0  -33.869053 124.586555 16.813406  -0.298254 0.139357 0.944259  0.254158 0.416730 1 0 1.000000
decal
0  -33.869053 124.586555 16.813406  -0.298254 0.139357 0.944259  0.254158 0.416730 1 0 1.000000
0  -33.891075 124.641609 16.758352  -0.319223 0.852899 -0.413111  0.254158 0.416730 1 0 1.000000
0  -34.056236 124.553520 16.692287  -0.318992 0.853134 -0.412803  0.255135 0.417219 1 0 1.000000
decal
0  -33.869053 124.586555 16.813406  -0.298254 0.139357 0.944259  0.254158 0.416730 1 0 1.000000
0  -30.257528 125.511459 15.943558  0.574696 0.363121 0.733395  0.233650 0.416730 1 0 1.000000
0  -33.891075 124.641609 16.758352  -0.319223 0.852899 -0.413111  0.254158 0.416730 1 0 1.000000
decal
0  -30.257528 125.511459 15.943558  0.574696 0.363121 0.733395  0.233650 0.416730 1 0 1.000000
0  -30.301571 125.555496 15.877493  -0.319338 0.853077 -0.412654  0.233650 0.416730 1 0 1.000000
0  -33.891075 124.641609 16.758352  -0.319223 0.852899 -0.413111  0.254158 0.416730 1 0 1.000000
decal
0  -30.301571 125.555496 15.877493  -0.319338 0.853077 -0.412654  0.233650 0.416730 1 0 1.000000
0  -30.257528 125.511459 15.943558  0.574696 0.363121 0.733395  0.233650 0.416730 1 0 1.000000
0  -30.092367 125.500443 15.778397  0.986199 0.131974 -0.099973  0.232673 0.417219 1 0 1.000000
decal
0  -30.092367 125.500443 15.778397  0.986199 0.131974 -0.099973  0.232673 0.417219 1 0 1.000000
0  -30.158432 125.544487 15.745364  -0.319371 0.853088 -0.412606  0.232673 0.417707 1 0 1.000000
0  -30.301571 125.555496 15.877493  -0.319338 0.853077 -0.412654  0.233650 0.416730 1 0 1.000000
decal
0  -30.158432 125.544487 15.745364  -0.319371 0.853088 -0.412606  0.232673 0.417707 1 0 1.000000
0  -30.092367 125.500443 15.778397  0.986199 0.131974 -0.099973  0.232673 0.417219 1 0 1.000000
0  -30.202475 124.938896 14.710354  0.974486 0.073383 -0.212115  0.232429 0.424055 1 0 1.000000
decal
0  -30.202475 124.938896 14.710354  0.974486 0.073383 -0.212115  0.232429 0.424055 1 0 1.000000
0  -30.268539 124.993950 14.699344  -0.319454 0.853044 -0.412633  0.232673 0.424055 1 0 1.000000
0  -30.158432 125.544487 15.745364  -0.319371 0.853088 -0.412606  0.232673 0.417707 1 0 1.000000
decal
0  -30.268539 124.993950 14.699344  -0.319454 0.853044 -0.412633  0.232673 0.424055 1 0 1.000000
0  -30.202475 124.938896 14.710354  0.974486 0.073383 -0.212115  0.232429 0.424055 1 0 1.000000
0  -30.400669 124.828789 14.644290  0.403931 -0.442188 -0.800818  0.233406 0.424543 1 0 1.000000
decal
0  -30.400669 124.828789 14.644290  0.403931 -0.442188 -0.800818  0.233406 0.424543 1 0 1.000000
0  -30.433701 124.905869 14.633279  -0.319317 0.853227 -0.412359  0.233650 0.424543 1 0 1.000000
0  -30.268539 124.993950 14.699344  -0.319454 0.853044 -0.412633  0.232673 0.424055 1 0 1.000000
decal
0  -30.433701 124.905869 14.633279  -0.319317 0.853227 -0.412359  0.233650 0.424543 1 0 1.000000
0  -30.400669 124.828789 14.644290  0.403931 -0.442188 -0.800818  0.233406 0.424543 1 0 1.000000
0  -33.990170 123.925911 15.536160  -0.053682 -0.618111 -0.784255  0.254158 0.424543 1 0 1.000000
decal
0  -33.990170 123.925911 15.536160  -0.053682 -0.618111 -0.784255  0.254158 0.424543 1 0 1.000000
0  -34.001183 124.002983 15.536160  -0.319271 0.853127 -0.412603  0.254158 0.424543 1 0 1.000000
0  -30.433701 124.905869 14.633279  -0.319317 0.853227 -0.412359  0.233650 0.424543 1 0 1.000000
decal
0  -34.001183 124.002983 15.536160  -0.319271 0.853127 -0.412603  0.254158 0.424543 1 0 1.000000
0  -33.990170 123.925911 15.536160  -0.053682 -0.618111 -0.784255  0.254158 0.424543 1 0 1.000000
0  -34.166344 123.936920 15.701322  -0.883590 -0.411232 0.223955  0.255135 0.424055 1 0 1.000000
decal
0  -34.166344 123.936920 15.701322  -0.883590 -0.411232 0.223955  0.255135 0.424055 1 0 1.000000
0  -34.155331 124.013992 15.668290  -0.318780 0.853305 -0.412613  0.254891 0.424055 1 0 1.000000
0  -34.001183 124.002983 15.536160  -0.319271 0.853127 -0.412603  0.254158 0.424543 1 0 1.000000
decal
0  -34.155331 124.013992 15.668290  -0.318780 0.853305 -0.412613  0.254891 0.424055 1 0 1.000000
0  -34.166344 123.936920 15.701322  -0.883590 -0.411232 0.223955  0.255135 0.424055 1 0 1.000000
0  -34.056236 124.553520 16.692287  -0.318992 0.853134 -0.412803  0.255135 0.417219 1 0 1.000000
decal
0  -34.155331 124.013992 15.668290  -0.318780 0.853305 -0.412613  0.254891 0.424055 1 0 1.000000
0  -34.056236 124.553520 16.692287  -0.318992 0.853134 -0.412803  0.255135 0.417219 1 0 1.000000
0  -33.813999 124.542511 16.549149  -0.319212 0.853096 -0.412712  0.253670 0.418195 1 0 1.000000
decal
0  -33.891075 124.641609 16.758352  -0.319223 0.852899 -0.413111  0.254158 0.416730 1 0 1.000000
0  -33.813999 124.542511 16.549149  -0.319212 0.853096 -0.412712  0.253670 0.418195 1 0 1.000000
0  -34.056236 124.553520 16.692287  -0.318992 0.853134 -0.412803  0.255135 0.417219 1 0 1.000000
decal
0  -30.576839 125.335281 15.668289  -0.319300 0.853012 -0.412818  0.235115 0.418683 1 0 1.000000
0  -33.813999 124.542511 16.549149  -0.319309 0.853037 -0.412758  0.253670 0.418195 1 0 1.000000
0  -33.891075 124.641609 16.758352  -0.319223 0.852899 -0.413111  0.254158 0.416730 1 0 1.000000
decal
0  -34.166344 123.936920 15.701322  -0.883590 -0.411232 0.223955  0.255135 0.424055 1 0 1.000000
0  -34.056236 124.476448 16.747341  -0.872513 -0.351657 0.339204  0.255135 0.417219 1 0 1.000000
0  -34.056236 124.553520 16.692287  -0.318992 0.853134 -0.412803  0.255135 0.417219 1 0 1.000000
decal
0  -14.380038 127.405304 11.131862  0.059077 0.977299 -0.203462  0.010498 0.005585 1 0 1.000000
0  -14.853500 127.515411 11.462184  -0.038073 0.948419 -0.314725  0.010743 0.005585 1 0 1.000000
0  -14.313974 127.581474 11.682399  0.104686 0.943530 -0.314311  0.010498 0.005585 1 0 1.000000
decal
0  30.433685 124.905869 14.633275  0.319416 0.853190 -0.412359  0.233650 0.424543 1 0 1.000000
0  30.664911 124.971931 14.996630  0.319293 0.853120 -0.412598  0.235115 0.422590 1 0 1.000000
0  34.001167 124.002983 15.536155  0.319308 0.853119 -0.412589  0.254158 0.424543 1 0 1.000000
decal
0  30.664911 124.971931 14.996630  0.319293 0.853120 -0.412598  0.235115 0.422590 1 0 1.000000
0  30.433685 124.905869 14.633275  0.319416 0.853190 -0.412359  0.233650 0.424543 1 0 1.000000
0  30.268524 124.993950 14.699340  0.319246 0.853138 -0.412599  0.232673 0.424055 1 0 1.000000
decal
0  30.466717 125.192146 15.293920  0.319378 0.853062 -0.412653  0.234138 0.420637 1 0 1.000000
0  30.664911 124.971931 14.996630  0.319293 0.853120 -0.412598  0.235115 0.422590 1 0 1.000000
0  30.268524 124.993950 14.699340  0.319246 0.853138 -0.412599  0.232673 0.424055 1 0 1.000000
decal
0  30.466717 125.192146 15.293920  0.319378 0.853062 -0.412653  0.234138 0.420637 1 0 1.000000
0  30.268524 124.993950 14.699340  0.319246 0.853138 -0.412599  0.232673 0.424055 1 0 1.000000
0  30.158417 125.544487 15.745360  0.319327 0.853109 -0.412595  0.232673 0.417707 1 0 1.000000
decal
0  30.576824 125.335281 15.668285  0.319287 0.853085 -0.412678  0.235115 0.418683 1 0 1.000000
0  30.466717 125.192146 15.293920  0.319378 0.853062 -0.412653  0.234138 0.420637 1 0 1.000000
0  30.158417 125.544487 15.745360  0.319327 0.853109 -0.412595  0.232673 0.417707 1 0 1.000000
decal
0  30.576824 125.335281 15.668285  0.319287 0.853085 -0.412678  0.235115 0.418683 1 0 1.000000
0  30.158417 125.544487 15.745360  0.319327 0.853109 -0.412595  0.232673 0.417707 1 0 1.000000
0  30.301556 125.555496 15.877489  0.319349 0.853088 -0.412622  0.233650 0.416730 1 0 1.000000
decal
0  30.301556 125.555496 15.877489  0.319349 0.853088 -0.412622  0.233650 0.416730 1 0 1.000000
0  33.891060 124.641609 16.758348  0.319244 0.852897 -0.413098  0.254158 0.416730 1 0 1.000000
0  30.576824 125.335281 15.668285  0.319287 0.853085 -0.412678  0.235115 0.418683 1 0 1.000000
decal
0  33.891060 124.641609 16.758348  0.319244 0.852897 -0.413098  0.254158 0.416730 1 0 1.000000
0  33.813984 124.542511 16.549145  0.319284 0.853117 -0.412613  0.253670 0.418195 1 0 1.000000
0  30.576824 125.335281 15.668285  0.319289 0.853049 -0.412750  0.235115 0.418683 1 0 1.000000
decal
0  33.891060 124.641609 16.758348  0.319244 0.852897 -0.413098  0.254158 0.416730 1 0 1.000000
0  34.056221 124.553520 16.692284  0.318995 0.853079 -0.412916  0.255135 0.417219 1 0 1.000000
0  33.813984 124.542511 16.549145  0.319284 0.853117 -0.412613  0.253670 0.418195 1 0 1.000000
decal
0  33.813984 124.542511 16.549145  0.319284 0.853117 -0.412613  0.253670 0.418195 1 0 1.000000
0  34.056221 124.553520 16.692284  0.318995 0.853079 -0.412916  0.255135 0.417219 1 0 1.000000
0  34.155315 124.013992 15.668284  0.318952 0.853296 -0.412498  0.254891 0.424055 1 0 1.000000
decal
0  33.902069 124.113091 15.723338  0.319308 0.853125 -0.412578  0.253670 0.423078 1 0 1.000000
0  33.813984 124.542511 16.549145  0.319284 0.853117 -0.412613  0.253670 0.418195 1 0 1.000000
0  34.155315 124.013992 15.668284  0.318952 0.853296 -0.412498  0.254891 0.424055 1 0 1.000000
decal
0  34.166328 123.936920 15.701316  0.883517 -0.411440 0.223863  0.255135 0.424055 1 0 1.000000
0  33.990154 123.925911 15.536155  0.053691 -0.618005 -0.784339  0.254158 0.424543 1 0 1.000000
0  34.001167 124.002983 15.536155  0.319308 0.853119 -0.412589  0.254158 0.424543 1 0 1.000000
decal
0  30.433685 124.905869 14.633275  0.319416 0.853190 -0.412359  0.233650 0.424543 1 0 1.000000
0  34.001167 124.002983 15.536155  0.319308 0.853119 -0.412589  0.254158 0.424543 1 0 1.000000
0  33.990154 123.925911 15.536155  0.053691 -0.618005 -0.784339  0.254158 0.424543 1 0 1.000000
decal
0  33.990154 123.925911 15.536155  0.053691 -0.618005 -0.784339  0.254158 0.424543 1 0 1.000000
0  30.400654 124.828789 14.644286  -0.403827 -0.442166 -0.800883  0.233406 0.424543 1 0 1.000000
0  30.433685 124.905869 14.633275  0.319416 0.853190 -0.412359  0.233650 0.424543 1 0 1.000000
decal
0  30.268524 124.993950 14.699340  0.319246 0.853138 -0.412599  0.232673 0.424055 1 0 1.000000
0  30.433685 124.905869 14.633275  0.319416 0.853190 -0.412359  0.233650 0.424543 1 0 1.000000
0  30.400654 124.828789 14.644286  -0.403827 -0.442166 -0.800883  0.233406 0.424543 1 0 1.000000
decal
0  30.400654 124.828789 14.644286  -0.403827 -0.442166 -0.800883  0.233406 0.424543 1 0 1.000000
0  30.202459 124.938896 14.710350  -0.974493 0.073431 -0.212064  0.232429 0.424055 1 0 1.000000
0  30.268524 124.993950 14.699340  0.319246 0.853138 -0.412599  0.232673 0.424055 1 0 1.000000
decal
0  30.158417 125.544487 15.745360  0.319327 0.853109 -0.412595  0.232673 0.417707 1 0 1.000000
0  30.268524 124.993950 14.699340  0.319246 0.853138 -0.412599  0.232673 0.424055 1 0 1.000000
0  30.202459 124.938896 14.710350  -0.974493 0.073431 -0.212064  0.232429 0.424055 1 0 1.000000
decal
0  30.202459 124.938896 14.710350  -0.974493 0.073431 -0.212064  0.232429 0.424055 1 0 1.000000
0  30.092352 125.500443 15.778393  -0.986160 0.132189 -0.100069  0.232673 0.417219 1 0 1.000000
0  30.158417 125.544487 15.745360  0.319327 0.853109 -0.412595  0.232673 0.417707 1 0 1.000000
decal
0  30.301556 125.555496 15.877489  0.319349 0.853088 -0.412622  0.233650 0.416730 1 0 1.000000
0  30.158417 125.544487 15.745360  0.319327 0.853109 -0.412595  0.232673 0.417707 1 0 1.000000
0  30.092352 125.500443 15.778393  -0.986160 0.132189 -0.100069  0.232673 0.417219 1 0 1.000000
decal
0  30.092352 125.500443 15.778393  -0.986160 0.132189 -0.100069  0.232673 0.417219 1 0 1.000000
0  30.257513 125.511459 15.943554  -0.574627 0.363152 0.733433  0.233650 0.416730 1 0 1.000000
0  30.301556 125.555496 15.877489  0.319349 0.853088 -0.412622  0.233650 0.416730 1 0 1.000000
decal
0  33.891060 124.641609 16.758348  0.319244 0.852897 -0.413098  0.254158 0.416730 1 0 1.000000
0  30.301556 125.555496 15.877489  0.319349 0.853088 -0.412622  0.233650 0.416730 1 0 1.000000
0  30.257513 125.511459 15.943554  -0.574627 0.363152 0.733433  0.233650 0.416730 1 0 1.000000
decal
0  33.869038 124.586555 16.813402  0.298212 0.139347 0.944273  0.254158 0.416730 1 0 1.000000
0  33.891060 124.641609 16.758348  0.319244 0.852897 -0.413098  0.254158 0.416730 1 0 1.000000
0  30.257513 125.511459 15.943554  -0.574627 0.363152 0.733433  0.233650 0.416730 1 0 1.000000
decal
0  34.056221 124.553520 16.692284  0.318995 0.853079 -0.412916  0.255135 0.417219 1 0 1.000000
0  33.891060 124.641609 16.758348  0.319244 0.852897 -0.413098  0.254158 0.416730 1 0 1.000000
0  33.869038 124.586555 16.813402  0.298212 0.139347 0.944273  0.254158 0.416730 1 0 1.000000
decal
0  33.869038 124.586555 16.813402  0.298212 0.139347 0.944273  0.254158 0.416730 1 0 1.000000
0  34.056221 124.476448 16.747337  0.872689 -0.351337 0.339083  0.255135 0.417219 1 0 1.000000
0  34.056221 124.553520 16.692284  0.318995 0.853079 -0.412916  0.255135 0.417219 1 0 1.000000
decal
0  34.056221 124.553520 16.692284  0.318995 0.853079 -0.412916  0.255135 0.417219 1 0 1.000000
0  34.056221 124.476448 16.747337  0.872689 -0.351337 0.339083  0.255135 0.417219 1 0 1.000000
0  34.166328 123.936920 15.701316  0.883517 -0.411440 0.223863  0.255135 0.424055 1 0 1.000000
decal
0  34.155315 124.013992 15.668284  0.318952 0.853296 -0.412498  0.254891 0.424055 1 0 1.000000
0  34.056221 124.553520 16.692284  0.318995 0.853079 -0.412916  0.255135 0.417219 1 0 1.000000
0  34.166328 123.936920 15.701316  0.883517 -0.411440 0.223863  0.255135 0.424055 1 0 1.000000
decal
0  34.001167 124.002983 15.536155  0.319308 0.853119 -0.412589  0.254158 0.424543 1 0 1.000000
0  34.155315 124.013992 15.668284  0.318952 0.853296 -0.412498  0.254891 0.424055 1 0 1.000000
0  34.166328 123.936920 15.701316  0.883517 -0.411440 0.223863  0.255135 0.424055 1 0 1.000000
decal
0  34.001167 124.002983 15.536155  0.319308 0.853119 -0.412589  0.254158 0.424543 1 0 1.000000
0  33.902069 124.113091 15.723338  0.319308 0.853125 -0.412578  0.253670 0.423078 1 0 1.000000
0  34.155315 124.013992 15.668284  0.318952 0.853296 -0.412498  0.254891 0.424055 1 0 1.000000
decal
0  30.664911 124.971931 14.996630  0.319293 0.853120 -0.412598  0.235115 0.422590 1 0 1.000000
0  33.902069 124.113091 15.723338  0.319314 0.853124 -0.412576  0.253670 0.423078 1 0 1.000000
0  34.001167 124.002983 15.536155  0.319308 0.853119 -0.412589  0.254158 0.424543 1 0 1.000000
decal
0  -33.527718 124.641609 16.406008  -0.319364 0.853262 -0.412251  0.251961 0.418195 1 0 1.000000
0  -33.615807 124.245224 15.668290  -0.319257 0.852992 -0.412891  0.251961 0.423078 1 0 1.000000
0  -33.858040 124.179153 15.767386  -0.866982 0.472482 -0.158439  0.253426 0.422590 1 0 1.000000
decal
0  -33.615807 124.245224 15.668290  -0.319257 0.852992 -0.412891  0.251961 0.423078 1 0 1.000000
0  -33.902084 124.113091 15.723344  -0.069343 -0.640122 -0.765137  0.253426 0.423078 1 0 1.000000
0  -33.858040 124.179153 15.767386  -0.866982 0.472482 -0.158439  0.253426 0.422590 1 0 1.000000
decal
0  -31.567806 124.696663 15.161795  -0.000076 -0.653505 -0.756922  0.240486 0.423078 1 0 1.000000
0  -33.902084 124.113091 15.723344  -0.069338 -0.640083 -0.765171  0.253426 0.423078 1 0 1.000000
0  -33.615807 124.245224 15.668290  -0.319257 0.852992 -0.412891  0.251961 0.423078 1 0 1.000000
decal
0  -31.567806 124.784744 15.161795  -0.319252 0.853080 -0.412715  0.240486 0.423078 1 0 1.000000
0  -31.567806 124.696663 15.161795  -0.000076 -0.653505 -0.756922  0.240486 0.423078 1 0 1.000000
0  -33.615807 124.245224 15.668290  -0.319257 0.852992 -0.412891  0.251961 0.423078 1 0 1.000000
decal
0  -33.615807 124.245224 15.668290  -0.319257 0.852992 -0.412891  0.251961 0.423078 1 0 1.000000
0  -33.527718 124.641609 16.406008  -0.319364 0.853262 -0.412251  0.251961 0.418195 1 0 1.000000
0  -31.567806 124.784744 15.161795  -0.319252 0.853080 -0.412715  0.240486 0.423078 1 0 1.000000
decal
0  -33.527718 124.641609 16.406008  -0.319364 0.853262 -0.412251  0.251961 0.418195 1 0 1.000000
0  -31.479721 125.170120 15.899514  -0.325066 0.851585 -0.411261  0.240486 0.418683 1 0 1.000000
0  -31.567806 124.784744 15.161795  -0.319252 0.853080 -0.412715  0.240486 0.423078 1 0 1.000000
decal
0  -31.468710 125.115067 15.965579  0.192832 0.245955 0.949906  0.240242 0.418195 1 0 1.000000
0  -31.479721 125.170120 15.899514  -0.325066 0.851585 -0.411261  0.240486 0.418683 1 0 1.000000
0  -33.527718 124.641609 16.406008  -0.319364 0.853262 -0.412251  0.251961 0.418195 1 0 1.000000
decal
0  -33.813999 124.542511 16.549149  0.121291 0.270227 0.955126  0.253670 0.418195 1 0 1.000000
0  -31.468710 125.115067 15.965579  0.192778 0.246020 0.949900  0.240242 0.418195 1 0 1.000000
0  -33.527718 124.641609 16.406008  -0.319364 0.853262 -0.412251  0.251961 0.418195 1 0 1.000000
decal
0  -33.791977 124.542511 16.461061  -0.866962 0.472563 -0.158305  0.253426 0.418683 1 0 1.000000
0  -33.813999 124.542511 16.549149  0.121291 0.270227 0.955126  0.253670 0.418195 1 0 1.000000
0  -33.527718 124.641609 16.406008  -0.319364 0.853262 -0.412251  0.251961 0.418195 1 0 1.000000
decal
0  -33.858040 124.179153 15.767386  -0.866982 0.472482 -0.158439  0.253426 0.422590 1 0 1.000000
0  -33.791977 124.542511 16.461061  -0.866962 0.472563 -0.158305  0.253426 0.418683 1 0 1.000000
0  -33.527718 124.641609 16.406008  -0.319364 0.853262 -0.412251  0.251961 0.418195 1 0 1.000000
decal
0  -33.858040 124.179153 15.767386  -0.866982 0.472482 -0.158439  0.253426 0.422590 1 0 1.000000
0  -33.902084 124.113091 15.723344  -0.890199 -0.387594 0.239410  0.253426 0.423078 1 0 1.000000
0  -33.791977 124.542511 16.461061  -0.866962 0.472563 -0.158305  0.253426 0.418683 1 0 1.000000
decal
0  -33.902084 124.113091 15.723344  -0.890199 -0.387594 0.239410  0.253426 0.423078 1 0 1.000000
0  -33.813999 124.542511 16.549149  -0.883396 -0.348390 0.313427  0.253670 0.418195 1 0 1.000000
0  -33.791977 124.542511 16.461061  -0.866962 0.472563 -0.158305  0.253426 0.418683 1 0 1.000000
decal
0  33.813984 124.542511 16.549145  -0.121149 0.270125 0.955173  0.253670 0.418195 1 0 1.000000
0  33.527702 124.641609 16.406004  0.319398 0.853298 -0.412150  0.251961 0.418195 1 0 1.000000
0  31.468695 125.115067 15.965575  -0.192799 0.246085 0.949879  0.240242 0.418195 1 0 1.000000
decal
0  33.527702 124.641609 16.406004  0.319398 0.853298 -0.412150  0.251961 0.418195 1 0 1.000000
0  31.479706 125.170120 15.899510  0.319238 0.853089 -0.412706  0.240486 0.418683 1 0 1.000000
0  31.468695 125.115067 15.965575  -0.192799 0.246085 0.949879  0.240242 0.418195 1 0 1.000000
decal
0  33.527702 124.641609 16.406004  0.319398 0.853298 -0.412150  0.251961 0.418195 1 0 1.000000
0  31.567791 124.784744 15.161791  0.319729 0.852959 -0.412595  0.240486 0.423078 1 0 1.000000
0  31.479706 125.170120 15.899510  0.319238 0.853089 -0.412706  0.240486 0.418683 1 0 1.000000
decal
0  33.615791 124.245224 15.668284  0.319338 0.852941 -0.412935  0.251961 0.423078 1 0 1.000000
0  31.567791 124.784744 15.161791  0.319729 0.852959 -0.412595  0.240486 0.423078 1 0 1.000000
0  33.527702 124.641609 16.406004  0.319398 0.853298 -0.412150  0.251961 0.418195 1 0 1.000000
decal
0  31.567791 124.784744 15.161791  0.319729 0.852959 -0.412595  0.240486 0.423078 1 0 1.000000
0  33.615791 124.245224 15.668284  0.319338 0.852941 -0.412935  0.251961 0.423078 1 0 1.000000
0  31.567791 124.696663 15.161791  0.000067 -0.653482 -0.756942  0.240486 0.423078 1 0 1.000000
decal
0  33.615791 124.245224 15.668284  0.319338 0.852941 -0.412935  0.251961 0.423078 1 0 1.000000
0  33.902069 124.113091 15.723338  0.069256 -0.640152 -0.765121  0.253426 0.423078 1 0 1.000000
0  31.567791 124.696663 15.161791  0.000079 -0.653442 -0.756977  0.240486 0.423078 1 0 1.000000
decal
0  33.615791 124.245224 15.668284  0.319338 0.852941 -0.412935  0.251961 0.423078 1 0 1.000000
0  33.858025 124.179153 15.767381  0.866979 0.472556 -0.158232  0.253426 0.422590 1 0 1.000000
0  33.902069 124.113091 15.723338  0.069256 -0.640152 -0.765121  0.253426 0.423078 1 0 1.000000
decal
0  33.858025 124.179153 15.767381  0.866979 0.472556 -0.158232  0.253426 0.422590 1 0 1.000000
0  33.615791 124.245224 15.668284  0.319338 0.852941 -0.412935  0.251961 0.423078 1 0 1.000000
0  33.527702 124.641609 16.406004  0.319398 0.853298 -0.412150  0.251961 0.418195 1 0 1.000000
decal
0  33.527702 124.641609 16.406004  0.319398 0.853298 -0.412150  0.251961 0.418195 1 0 1.000000
0  33.791962 124.542511 16.461058  0.866977 0.472535 -0.158309  0.253426 0.418683 1 0 1.000000
0  33.858025 124.179153 15.767381  0.866979 0.472556 -0.158232  0.253426 0.422590 1 0 1.000000
decal
0  33.791962 124.542511 16.461058  0.866977 0.472535 -0.158309  0.253426 0.418683 1 0 1.000000
0  33.527702 124.641609 16.406004  0.319398 0.853298 -0.412150  0.251961 0.418195 1 0 1.000000
0  33.813984 124.542511 16.549145  -0.121195 0.270072 0.955182  0.253670 0.418195 1 0 1.000000
decal
0  33.858025 124.179153 15.767381  0.866979 0.472556 -0.158232  0.253426 0.422590 1 0 1.000000
0  33.791962 124.542511 16.461058  0.866977 0.472535 -0.158309  0.253426 0.418683 1 0 1.000000
0  33.902069 124.113091 15.723338  0.890287 -0.387445 0.239325  0.253426 0.423078 1 0 1.000000
decal
0  33.791962 124.542511 16.461058  0.866977 0.472535 -0.158309  0.253426 0.418683 1 0 1.000000
0  33.813984 124.542511 16.549145  0.883357 -0.348483 0.313432  0.253670 0.418195 1 0 1.000000
0  33.902069 124.113091 15.723338  0.890287 -0.387445 0.239325  0.253426 0.423078 1 0 1.000000
decal
0  -12.981674 127.427322 11.230959  0.059108 0.977297 -0.203460  0.010254 0.005585 1 0 1.000000
0  -13.455136 127.548447 11.561281  -0.038068 0.948466 -0.314585  0.010498 0.005585 1 0 1.000000
0  -12.915609 127.603500 11.792506  0.104892 0.943511 -0.314299  0.010254 0.005585 1 0 1.000000
decal
0  31.479706 125.170120 15.899510  0.526706 0.775095 -0.349012  0.250496 0.410871 1 0 1.000000
0  31.567791 124.784744 15.161791  0.526694 0.775104 -0.349009  0.249763 0.502182 1 0 1.000000
0  30.995234 125.104057 15.051683  0.527090 0.775065 -0.348498  0.185064 0.489975 1 0 1.000000
decal
0  30.995234 125.104057 15.051683  0.527090 0.775065 -0.348498  0.185064 0.489975 1 0 1.000000
0  30.929169 125.401352 15.613232  0.527099 0.775090 -0.348428  0.185308 0.422590 1 0 1.000000
0  31.479706 125.170120 15.899510  0.526706 0.775095 -0.349012  0.250496 0.410871 1 0 1.000000
decal
0  30.775019 125.346298 15.260887  0.526721 0.775492 -0.348104  0.161138 0.455794 1 0 1.000000
0  30.929169 125.401352 15.613232  0.527099 0.775090 -0.348428  0.185308 0.422590 1 0 1.000000
0  30.995234 125.104057 15.051683  0.527090 0.775065 -0.348498  0.185064 0.489975 1 0 1.000000
decal
0  -15.866488 128.286163 13.818483  0.059013 0.977311 -0.203421  0.010987 0.006073 1 0 1.000000
0  -16.339952 128.385254 14.148806  -0.038100 0.948460 -0.314600  0.010987 0.006073 1 0 1.000000
0  -15.800425 128.484360 14.369020  0.104595 0.943529 -0.314346  0.010987 0.006073 1 0 1.000000
decal
0  31.468695 125.115067 15.965575  -0.038347 0.635006 0.771555  0.240242 0.418195 1 0 1.000000
0  31.479706 125.170120 15.899510  -0.038148 0.635005 0.771566  0.239998 0.418195 1 0 1.000000
0  30.929169 125.401352 15.613232  -0.059305 0.684462 0.726633  0.236824 0.418683 1 0 1.000000
decal
0  30.576824 125.335281 15.668285  -0.071187 0.770576 0.633360  0.235115 0.418683 1 0 1.000000
0  31.468695 125.115067 15.965575  -0.038352 0.635009 0.771552  0.240242 0.418195 1 0 1.000000
0  30.929169 125.401352 15.613232  -0.059330 0.684468 0.726624  0.236824 0.418683 1 0 1.000000
decal
0  30.576824 125.335281 15.668285  -0.071187 0.770576 0.633360  0.235115 0.418683 1 0 1.000000
0  30.929169 125.401352 15.613232  -0.059330 0.684468 0.726624  0.236824 0.418683 1 0 1.000000
0  30.775019 125.346298 15.260887  -0.505987 0.747266 -0.430779  0.235603 0.420637 1 0 1.000000
decal
0  30.466717 125.192146 15.293920  -0.505457 0.744189 -0.436688  0.234382 0.420637 1 0 1.000000
0  30.576824 125.335281 15.668285  -0.071187 0.770576 0.633360  0.235115 0.418683 1 0 1.000000
0  30.775019 125.346298 15.260887  -0.505987 0.747266 -0.430779  0.235603 0.420637 1 0 1.000000
decal
0  30.664911 124.971931 14.996630  0.145379 -0.010688 -0.989318  0.235115 0.422590 1 0 1.000000
0  30.466717 125.192146 15.293920  -0.505457 0.744189 -0.436688  0.234382 0.420637 1 0 1.000000
0  30.775019 125.346298 15.260887  -0.505987 0.747266 -0.430779  0.235603 0.420637 1 0 1.000000
decal
0  30.775019 125.346298 15.260887  -0.505987 0.747266 -0.430779  0.235603 0.420637 1 0 1.000000
0  30.995234 125.104057 15.051683  0.164853 -0.105589 -0.980650  0.236824 0.422590 1 0 1.000000
0  30.664911 124.971931 14.996630  0.145379 -0.010688 -0.989318  0.235115 0.422590 1 0 1.000000
decal
0  31.567791 124.696663 15.161791  0.194932 -0.163825 -0.967038  0.240242 0.423078 1 0 1.000000
0  30.664911 124.971931 14.996630  0.145342 -0.010603 -0.989325  0.235115 0.422590 1 0 1.000000
0  30.995234 125.104057 15.051683  0.164851 -0.105459 -0.980664  0.236824 0.422590 1 0 1.000000
decal
0  30.995234 125.104057 15.051683  0.164851 -0.105459 -0.980664  0.236824 0.422590 1 0 1.000000
0  31.567791 124.784744 15.161791  0.195031 -0.163830 -0.967017  0.239998 0.423078 1 0 1.000000
0  31.567791 124.696663 15.161791  0.194932 -0.163825 -0.967038  0.240242 0.423078 1 0 1.000000
decal
0  -14.380038 128.319199 13.884547  0.059062 0.977299 -0.203465  0.010498 0.006073 1 0 1.000000
0  -14.853500 128.429306 14.214869  -0.038089 0.948464 -0.314587  0.010743 0.006073 1 0 1.000000
0  -14.313974 128.506378 14.435084  0.104658 0.943531 -0.314320  0.010498 0.006073 1 0 1.000000
decal
0  -30.775034 125.346298 15.260891  -0.526642 0.775529 -0.348142  0.161138 0.455794 1 0 1.000000
0  -30.995249 125.104057 15.051687  -0.527095 0.775095 -0.348423  0.185064 0.489975 1 0 1.000000
0  -30.929184 125.401352 15.613235  -0.527105 0.775084 -0.348432  0.185308 0.422590 1 0 1.000000
decal
0  -31.479721 125.170120 15.899514  -0.526710 0.775093 -0.349008  0.250496 0.410871 1 0 1.000000
0  -30.929184 125.401352 15.613235  -0.527105 0.775084 -0.348432  0.185308 0.422590 1 0 1.000000
0  -30.995249 125.104057 15.051687  -0.527095 0.775095 -0.348423  0.185064 0.489975 1 0 1.000000
decal
0  -30.995249 125.104057 15.051687  -0.527095 0.775095 -0.348423  0.185064 0.489975 1 0 1.000000
0  -31.567806 124.784744 15.161795  -0.526696 0.775108 -0.348997  0.249763 0.502182 1 0 1.000000
0  -31.479721 125.170120 15.899514  -0.526710 0.775093 -0.349008  0.250496 0.410871 1 0 1.000000
decal
0  -13.003695 128.275146 13.807472  0.059090 0.977291 -0.203498  0.010254 0.006073 1 0 1.000000
0  -13.477158 128.396271 14.126784  -0.038097 0.948458 -0.314606  0.010498 0.006073 1 0 1.000000
0  -12.937632 128.462341 14.358009  0.104876 0.943533 -0.314239  0.010254 0.006073 1 0 1.000000
decal
0  -21.889364 122.945953 18.652201  -0.000579 -0.030875 0.999523  0.117435 0.468978 1 0 1.000000
0  -21.900375 122.142166 18.630178  -0.000565 -0.030636 0.999530  0.067141 0.418683 1 0 1.000000
0  -21.085581 122.934944 18.652201  -0.000570 -0.030731 0.999528  0.067141 0.519517 1 0 1.000000
decal
0  -21.900375 122.142166 18.630178  -0.000565 -0.030636 0.999530  0.067141 0.418683 1 0 1.000000
0  -21.096590 122.131157 18.630178  -0.000579 -0.030874 0.999523  0.016846 0.468978 1 0 1.000000
0  -21.085581 122.934944 18.652201  -0.000570 -0.030731 0.999528  0.067141 0.519517 1 0 1.000000
decal
0  -12.893588 127.834724 12.519216  0.059080 0.977308 -0.203417  0.010254 0.005585 1 0 1.000000
0  -13.367050 127.955841 12.849538  -0.038091 0.948475 -0.314555  0.010498 0.005585 1 0 1.000000
0  -12.827524 128.021912 13.069753  0.104798 0.943527 -0.314283  0.010254 0.005585 1 0 1.000000
decal
0  21.889349 122.945953 18.652197  0.000579 -0.030875 0.999523  0.117435 0.468978 1 0 1.000000
0  21.085566 122.934944 18.652197  0.000571 -0.030731 0.999528  0.067141 0.519517 1 0 1.000000
0  21.900360 122.142166 18.630175  0.000565 -0.030636 0.999530  0.067141 0.418683 1 0 1.000000
decal
0  21.085566 122.934944 18.652197  0.000571 -0.030731 0.999528  0.067141 0.519517 1 0 1.000000
0  21.096575 122.131157 18.630175  0.000579 -0.030874 0.999523  0.016846 0.468978 1 0 1.000000
0  21.900360 122.142166 18.630175  0.000565 -0.030636 0.999530  0.067141 0.418683 1 0 1.000000
decal
0  12.893571 127.834724 12.519214  -0.059083 0.977308 -0.203417  0.005127 0.005585 1 0 1.000000
0  12.827507 128.021912 13.069751  -0.104846 0.943528 -0.314265  0.005127 0.005585 1 0 1.000000
0  13.367033 127.955841 12.849536  0.038090 0.948475 -0.314554  0.005127 0.005585 1 0 1.000000
decal
0  13.003678 128.275146 13.807470  -0.059094 0.977290 -0.203499  0.005127 0.006073 1 0 1.000000
0  12.937614 128.462341 14.358007  -0.104742 0.943521 -0.314321  0.005127 0.006073 1 0 1.000000
0  13.477140 128.396271 14.126782  0.038096 0.948458 -0.314604  0.005127 0.006073 1 0 1.000000
decal
0  15.965569 127.856743 12.552246  -0.059024 0.977312 -0.203416  0.004639 0.005585 1 0 1.000000
0  15.899504 128.043930 13.102783  -0.104604 0.943543 -0.314300  0.004639 0.005585 1 0 1.000000
0  16.439030 127.955841 12.882568  0.038073 0.948431 -0.314690  0.004395 0.005585 1 0 1.000000
decal
0  14.380021 128.319199 13.884545  -0.059045 0.977302 -0.203455  0.004883 0.006073 1 0 1.000000
0  14.313957 128.506378 14.435082  -0.104658 0.943530 -0.314321  0.004883 0.006073 1 0 1.000000
0  14.853483 128.429306 14.214868  0.038089 0.948465 -0.314586  0.004883 0.006073 1 0 1.000000
decal
0  15.877482 127.438339 11.219946  -0.058965 0.977318 -0.203402  0.004639 0.005585 1 0 1.000000
0  15.811418 127.603500 11.781494  -0.104626 0.943562 -0.314235  0.004639 0.005585 1 0 1.000000
0  16.339933 127.526421 11.561279  0.038084 0.948474 -0.314559  0.004639 0.005585 1 0 1.000000
decal
0  15.866471 128.286163 13.818481  -0.059016 0.977311 -0.203422  0.004639 0.006073 1 0 1.000000
0  15.800407 128.484360 14.369019  -0.104596 0.943528 -0.314347  0.004639 0.006073 1 0 1.000000
0  16.339933 128.385254 14.148804  0.038099 0.948460 -0.314600  0.004639 0.006073 1 0 1.000000
decal
0  14.380021 127.405304 11.131860  -0.059063 0.977301 -0.203455  0.004883 0.005585 1 0 1.000000
0  14.313957 127.581474 11.682397  -0.104695 0.943553 -0.314240  0.004883 0.005585 1 0 1.000000
0  14.853483 127.515411 11.462182  0.038094 0.948451 -0.314625  0.004883 0.005585 1 0 1.000000
decal
0  12.981657 127.427322 11.230957  -0.059110 0.977297 -0.203460  0.005127 0.005585 1 0 1.000000
0  12.915592 127.603500 11.792504  -0.104893 0.943511 -0.314301  0.005127 0.005585 1 0 1.000000
0  13.455119 127.548447 11.561279  0.038048 0.948431 -0.314691  0.005127 0.005585 1 0 1.000000
blackplastic
0  -26.932285 119.301399 18.993534  -0.006357 -0.722376 0.691472  0.601581 0.302713 1 0 1.000000
0  -26.811167 119.466560 19.125662  -0.139347 -0.881236 0.451669  0.601581 0.302713 1 0 1.000000
0  -27.053402 119.389481 18.872416  -0.627990 -0.778221 0.000295  0.601581 0.302713 1 0 1.000000
blackplastic
0  11.164886 119.301399 18.993532  0.000092 -0.714925 0.699201  0.601581 0.302713 1 0 1.000000
0  26.932270 119.301399 18.993530  0.006255 -0.722413 0.691433  0.601581 0.302713 1 0 1.000000
0  26.811152 119.466560 19.125658  -0.000087 -0.715003 0.699121  0.601581 0.302713 1 0 1.000000
blackplastic
0  26.811152 119.466560 19.125658  -0.000087 -0.715003 0.699121  0.601581 0.302713 1 0 1.000000
0  11.164886 119.433525 19.136671  0.000277 -0.715029 0.699095  0.601581 0.302713 1 0 1.000000
0  11.164886 119.301399 18.993532  0.000092 -0.714925 0.699201  0.601581 0.302713 1 0 1.000000
blackplastic
0  -0.000008 119.301399 18.993532  -0.000001 -0.714949 0.699176  0.601581 0.302713 1 0 1.000000
0  11.164886 119.301399 18.993532  0.000092 -0.714925 0.699201  0.601581 0.302713 1 0 1.000000
0  11.164886 119.433525 19.136671  0.000277 -0.715029 0.699095  0.601581 0.302713 1 0 1.000000
blackplastic
0  11.164886 119.433525 19.136671  0.000277 -0.715029 0.699095  0.601581 0.302713 1 0 1.000000
0  -0.000008 119.433525 19.136671  -0.000275 -0.714950 0.699175  0.601581 0.302713 1 0 1.000000
0  -0.000008 119.301399 18.993532  -0.000001 -0.714949 0.699176  0.601581 0.302713 1 0 1.000000
blackplastic
0  -0.000008 119.301399 18.993532  -0.000001 -0.714949 0.699176  0.601581 0.302713 1 0 1.000000
0  -0.000008 119.433525 19.136671  -0.000275 -0.714950 0.699175  0.601581 0.302713 1 0 1.000000
0  -11.164901 119.433525 19.136671  -0.000184 -0.715031 0.699093  0.601581 0.302713 1 0 1.000000
blackplastic
0  -11.164901 119.433525 19.136671  -0.000184 -0.715031 0.699093  0.601581 0.302713 1 0 1.000000
0  -11.164901 119.301399 18.993532  -0.000003 -0.714994 0.699130  0.601581 0.302713 1 0 1.000000
0  -0.000008 119.301399 18.993532  -0.000001 -0.714949 0.699176  0.601581 0.302713 1 0 1.000000
blackplastic
0  -11.164901 119.301399 18.993532  -0.000003 -0.714994 0.699130  0.601581 0.302713 1 0 1.000000
0  -11.164901 119.433525 19.136671  -0.000184 -0.715031 0.699093  0.601581 0.302713 1 0 1.000000
0  -26.811167 119.466560 19.125662  0.000090 -0.715042 0.699082  0.601581 0.302713 1 0 1.000000
blackplastic
0  -26.811167 119.466560 19.125662  0.000090 -0.715042 0.699082  0.601581 0.302713 1 0 1.000000
0  -26.932285 119.301399 18.993534  -0.006356 -0.722315 0.691535  0.601581 0.302713 1 0 1.000000
0  -11.164901 119.301399 18.993532  -0.000003 -0.714994 0.699130  0.601581 0.302713 1 0 1.000000
blackplastic
0  26.932270 119.301399 18.993530  0.006256 -0.722453 0.691391  0.601581 0.302713 1 0 1.000000
0  27.053387 119.389481 18.872412  0.628013 -0.778203 0.000278  0.601581 0.302713 1 0 1.000000
0  26.811152 119.466560 19.125658  0.139415 -0.881297 0.451531  0.601581 0.302713 1 0 1.000000
blackplastic
0  20.755241 127.041946 11.748461  0.310236 0.845905 -0.433819  0.601581 0.302713 1 0 1.000000
0  20.854338 127.152054 11.748461  0.656286 0.595738 -0.463017  0.601581 0.302713 1 0 1.000000
0  20.997477 126.909821 11.671386  0.310492 0.845748 -0.433942  0.601581 0.302713 1 0 1.000000
blackplastic
0  20.854338 127.152054 11.748461  0.656286 0.595738 -0.463017  0.601581 0.302713 1 0 1.000000
0  21.041519 127.306206 12.221923  0.656294 0.595672 -0.463090  0.601581 0.302713 1 0 1.000000
0  20.997477 126.909821 11.671386  0.310492 0.845748 -0.433942  0.601581 0.302713 1 0 1.000000
blackplastic
0  21.041519 127.306206 12.221923  0.656294 0.595672 -0.463090  0.601581 0.302713 1 0 1.000000
0  21.250725 127.119026 12.298998  0.309411 0.850093 -0.426154  0.601581 0.302713 1 0 1.000000
0  20.997477 126.909821 11.671386  0.310492 0.845748 -0.433942  0.601581 0.302713 1 0 1.000000
blackplastic
0  21.041519 127.306206 12.221923  0.656294 0.595672 -0.463090  0.601581 0.302713 1 0 1.000000
0  20.953434 127.262161 12.298998  0.471128 0.746723 0.469513  0.601581 0.302713 1 0 1.000000
0  21.250725 127.119026 12.298998  0.309411 0.850093 -0.426154  0.601581 0.302713 1 0 1.000000
blackplastic
0  20.953434 127.262161 12.298998  0.471128 0.746723 0.469513  0.601581 0.302713 1 0 1.000000
0  21.063541 127.229134 12.376073  0.308992 0.851238 -0.424168  0.601581 0.302713 1 0 1.000000
0  21.250725 127.119026 12.298998  0.309411 0.850093 -0.426154  0.601581 0.302713 1 0 1.000000
blackplastic
0  21.900360 128.065948 14.754394  -0.758138 -0.573030 0.311228  0.601581 0.302713 1 0 1.000000
0  21.955414 128.076965 14.677319  -0.104347 0.272898 -0.956367  0.601581 0.302713 1 0 1.000000
0  21.966425 127.977859 14.622265  0.304586 0.870030 -0.387653  0.601581 0.302713 1 0 1.000000
blackplastic
0  22.186640 127.889778 14.611254  0.304896 0.869771 -0.387991  0.601581 0.302713 1 0 1.000000
0  21.966425 127.977859 14.622265  0.304586 0.870030 -0.387653  0.601581 0.302713 1 0 1.000000
0  21.955414 128.076965 14.677319  -0.104347 0.272898 -0.956367  0.601581 0.302713 1 0 1.000000
blackplastic
0  21.955414 128.076965 14.677319  -0.104347 0.272898 -0.956367  0.601581 0.302713 1 0 1.000000
0  22.032488 128.121002 14.688329  0.656193 0.595743 -0.463142  0.601581 0.302713 1 0 1.000000
0  22.186640 127.889778 14.611254  0.304896 0.869771 -0.387991  0.601581 0.302713 1 0 1.000000
blackplastic
0  22.032488 128.121002 14.688329  0.656193 0.595743 -0.463142  0.601581 0.302713 1 0 1.000000
0  22.230682 128.286163 15.161791  0.656273 0.595713 -0.463068  0.601581 0.302713 1 0 1.000000
0  22.186640 127.889778 14.611254  0.304896 0.869771 -0.387991  0.601581 0.302713 1 0 1.000000
blackplastic
0  22.230682 128.286163 15.161791  0.656273 0.595713 -0.463068  0.601581 0.302713 1 0 1.000000
0  22.439886 128.098984 15.238866  0.304596 0.872088 -0.382993  0.601581 0.302713 1 0 1.000000
0  22.186640 127.889778 14.611254  0.304896 0.869771 -0.387991  0.601581 0.302713 1 0 1.000000
blackplastic
0  22.230682 128.286163 15.161791  0.656273 0.595713 -0.463068  0.601581 0.302713 1 0 1.000000
0  22.142595 128.242126 15.238866  0.471237 0.746457 0.469828  0.601581 0.302713 1 0 1.000000
0  22.439886 128.098984 15.238866  0.304596 0.872088 -0.382993  0.601581 0.302713 1 0 1.000000
blackplastic
0  20.358854 127.361259 11.616332  -0.933142 0.147628 0.327799  0.601581 0.302713 1 0 1.000000
0  20.446939 127.108017 11.660375  -0.389098 -0.815736 0.427992  0.601581 0.302713 1 0 1.000000
0  20.667154 127.559456 12.442138  -0.933180 0.147935 0.327553  0.601581 0.302713 1 0 1.000000
blackplastic
0  20.358854 127.361259 11.616332  -0.933142 0.147628 0.327799  0.601581 0.302713 1 0 1.000000
0  20.667154 127.559456 12.442138  -0.933180 0.147935 0.327553  0.601581 0.302713 1 0 1.000000
0  20.854338 127.713608 12.321019  0.034417 0.944175 -0.327642  0.601581 0.302713 1 0 1.000000
blackplastic
0  20.590080 127.427322 11.495214  0.034711 0.944097 -0.327836  0.601581 0.302713 1 0 1.000000
0  20.358854 127.361259 11.616332  -0.933142 0.147628 0.327799  0.601581 0.302713 1 0 1.000000
0  20.854338 127.713608 12.321019  0.034417 0.944175 -0.327642  0.601581 0.302713 1 0 1.000000
blackplastic
0  20.590080 127.427322 11.495214  0.034711 0.944097 -0.327836  0.601581 0.302713 1 0 1.000000
0  20.854338 127.713608 12.321019  0.034417 0.944175 -0.327642  0.601581 0.302713 1 0 1.000000
0  21.030510 127.504402 12.321019  0.875349 0.224609 -0.428153  0.601581 0.302713 1 0 1.000000
blackplastic
0  20.689177 127.174080 11.539256  0.875231 0.224789 -0.428300  0.601581 0.302713 1 0 1.000000
0  20.590080 127.427322 11.495214  0.034711 0.944097 -0.327836  0.601581 0.302713 1 0 1.000000
0  21.030510 127.504402 12.321019  0.875349 0.224609 -0.428153  0.601581 0.302713 1 0 1.000000
blackplastic
0  20.689177 127.174080 11.539256  0.875231 0.224789 -0.428300  0.601581 0.302713 1 0 1.000000
0  21.030510 127.504402 12.321019  0.875349 0.224609 -0.428153  0.601581 0.302713 1 0 1.000000
0  20.854338 127.152054 11.748461  0.835386 0.236728 -0.496075  0.601581 0.302713 1 0 1.000000
blackplastic
0  20.689177 127.174080 11.539256  0.875231 0.224789 -0.428300  0.601581 0.302713 1 0 1.000000
0  20.854338 127.152054 11.748461  0.835386 0.236728 -0.496075  0.601581 0.302713 1 0 1.000000
0  20.755241 127.041946 11.748461  -0.354403 -0.867040 0.350199  0.601581 0.302713 1 0 1.000000
blackplastic
0  20.755241 127.041946 11.748461  -0.354403 -0.867040 0.350199  0.601581 0.302713 1 0 1.000000
0  20.446939 127.108017 11.660375  -0.389098 -0.815736 0.427992  0.601581 0.302713 1 0 1.000000
0  20.689177 127.174080 11.539256  0.875231 0.224789 -0.428300  0.601581 0.302713 1 0 1.000000
blackplastic
0  20.843327 127.350250 12.442138  -0.388832 -0.815796 0.428121  0.601581 0.302713 1 0 1.000000
0  20.446939 127.108017 11.660375  -0.389098 -0.815736 0.427992  0.601581 0.302713 1 0 1.000000
0  20.755241 127.041946 11.748461  -0.354403 -0.867040 0.350199  0.601581 0.302713 1 0 1.000000
blackplastic
0  20.446939 127.108017 11.660375  -0.389098 -0.815736 0.427992  0.601581 0.302713 1 0 1.000000
0  20.843327 127.350250 12.442138  -0.388832 -0.815796 0.428121  0.601581 0.302713 1 0 1.000000
0  20.667154 127.559456 12.442138  -0.933180 0.147935 0.327553  0.601581 0.302713 1 0 1.000000
blackplastic
0  20.667154 127.559456 12.442138  -0.933180 0.147935 0.327553  0.601581 0.302713 1 0 1.000000
0  20.843327 127.350250 12.442138  -0.388832 -0.815796 0.428121  0.601581 0.302713 1 0 1.000000
0  20.898380 127.581474 12.519213  0.357794 0.294802 0.886045  0.601581 0.302713 1 0 1.000000
blackplastic
0  20.854338 127.713608 12.321019  0.034417 0.944175 -0.327642  0.601581 0.302713 1 0 1.000000
0  20.667154 127.559456 12.442138  -0.933180 0.147935 0.327553  0.601581 0.302713 1 0 1.000000
0  20.898380 127.581474 12.519213  0.357794 0.294802 0.886045  0.601581 0.302713 1 0 1.000000
blackplastic
0  21.030510 127.504402 12.321019  0.875349 0.224609 -0.428153  0.601581 0.302713 1 0 1.000000
0  20.854338 127.713608 12.321019  0.034417 0.944175 -0.327642  0.601581 0.302713 1 0 1.000000
0  20.898380 127.581474 12.519213  0.357794 0.294802 0.886045  0.601581 0.302713 1 0 1.000000
blackplastic
0  20.843327 127.350250 12.442138  -0.388832 -0.815796 0.428121  0.601581 0.302713 1 0 1.000000
0  21.030510 127.504402 12.321019  0.875349 0.224609 -0.428153  0.601581 0.302713 1 0 1.000000
0  20.898380 127.581474 12.519213  0.357794 0.294802 0.886045  0.601581 0.302713 1 0 1.000000
blackplastic
0  21.030510 127.504402 12.321019  0.875349 0.224609 -0.428153  0.601581 0.302713 1 0 1.000000
0  20.843327 127.350250 12.442138  -0.388832 -0.815796 0.428121  0.601581 0.302713 1 0 1.000000
0  20.953434 127.262161 12.298998  0.721237 -0.239699 0.649893  0.601581 0.302713 1 0 1.000000
blackplastic
0  20.953434 127.262161 12.298998  0.721237 -0.239699 0.649893  0.601581 0.302713 1 0 1.000000
0  21.041519 127.306206 12.221923  0.835419 0.236617 -0.496072  0.601581 0.302713 1 0 1.000000
0  21.030510 127.504402 12.321019  0.875349 0.224609 -0.428153  0.601581 0.302713 1 0 1.000000
blackplastic
0  21.030510 127.504402 12.321019  0.875349 0.224609 -0.428153  0.601581 0.302713 1 0 1.000000
0  21.041519 127.306206 12.221923  0.835419 0.236617 -0.496072  0.601581 0.302713 1 0 1.000000
0  20.854338 127.152054 11.748461  0.835386 0.236728 -0.496075  0.601581 0.302713 1 0 1.000000
blackplastic
0  20.755241 127.041946 11.748461  -0.354403 -0.867040 0.350199  0.601581 0.302713 1 0 1.000000
0  20.953434 127.262161 12.298998  -0.302331 -0.824843 0.477734  0.601581 0.302713 1 0 1.000000
0  20.843327 127.350250 12.442138  -0.388832 -0.815796 0.428121  0.601581 0.302713 1 0 1.000000
blackplastic
0  21.548014 128.341217 14.545189  -0.933135 0.147625 0.327819  0.601581 0.302713 1 0 1.000000
0  21.636103 128.087967 14.600243  -0.389203 -0.815622 0.428114  0.601581 0.302713 1 0 1.000000
0  21.856318 128.539413 15.382006  -0.933142 0.147843 0.327702  0.601581 0.302713 1 0 1.000000
blackplastic
0  21.548014 128.341217 14.545189  -0.933135 0.147625 0.327819  0.601581 0.302713 1 0 1.000000
0  21.856318 128.539413 15.382006  -0.933142 0.147843 0.327702  0.601581 0.302713 1 0 1.000000
0  22.043499 128.693558 15.260887  0.034283 0.944186 -0.327625  0.601581 0.302713 1 0 1.000000
blackplastic
0  21.779240 128.396271 14.435081  0.034408 0.944149 -0.327719  0.601581 0.302713 1 0 1.000000
0  21.548014 128.341217 14.545189  -0.933135 0.147625 0.327819  0.601581 0.302713 1 0 1.000000
0  22.043499 128.693558 15.260887  0.034283 0.944186 -0.327625  0.601581 0.302713 1 0 1.000000
blackplastic
0  21.779240 128.396271 14.435081  0.034408 0.944149 -0.327719  0.601581 0.302713 1 0 1.000000
0  22.043499 128.693558 15.260887  0.034283 0.944186 -0.327625  0.601581 0.302713 1 0 1.000000
0  22.208660 128.484360 15.260887  0.875284 0.224629 -0.428277  0.601581 0.302713 1 0 1.000000
blackplastic
0  21.867327 128.154037 14.479125  0.875326 0.224546 -0.428233  0.601581 0.302713 1 0 1.000000
0  21.779240 128.396271 14.435081  0.034408 0.944149 -0.327719  0.601581 0.302713 1 0 1.000000
0  22.208660 128.484360 15.260887  0.875284 0.224629 -0.428277  0.601581 0.302713 1 0 1.000000
blackplastic
0  21.867327 128.154037 14.479125  0.875326 0.224546 -0.428233  0.601581 0.302713 1 0 1.000000
0  22.208660 128.484360 15.260887  0.875284 0.224629 -0.428277  0.601581 0.302713 1 0 1.000000
0  22.032488 128.121002 14.688329  0.835507 0.236274 -0.496088  0.601581 0.302713 1 0 1.000000
blackplastic
0  21.867327 128.154037 14.479125  0.875326 0.224546 -0.428233  0.601581 0.302713 1 0 1.000000
0  22.032488 128.121002 14.688329  0.835507 0.236274 -0.496088  0.601581 0.302713 1 0 1.000000
0  21.955414 128.076965 14.677319  0.175225 -0.689555 -0.702716  0.601581 0.302713 1 0 1.000000
blackplastic
0  21.768230 128.065948 14.545189  0.334969 -0.926323 0.172396  0.601581 0.302713 1 0 1.000000
0  21.867327 128.154037 14.479125  0.875392 0.224481 -0.428132  0.601581 0.302713 1 0 1.000000
0  21.955414 128.076965 14.677319  0.175139 -0.689494 -0.702798  0.601581 0.302713 1 0 1.000000
blackplastic
0  21.768230 128.065948 14.545189  0.334969 -0.926323 0.172396  0.601581 0.302713 1 0 1.000000
0  21.955414 128.076965 14.677319  0.175139 -0.689494 -0.702798  0.601581 0.302713 1 0 1.000000
0  21.900360 128.065948 14.754394  -0.353938 -0.867380 0.349827  0.601581 0.302713 1 0 1.000000
blackplastic
0  21.636103 128.087967 14.600243  -0.389203 -0.815622 0.428114  0.601581 0.302713 1 0 1.000000
0  21.768230 128.065948 14.545189  0.334969 -0.926323 0.172396  0.601581 0.302713 1 0 1.000000
0  21.900360 128.065948 14.754394  -0.353938 -0.867380 0.349827  0.601581 0.302713 1 0 1.000000
blackplastic
0  22.021479 128.330200 15.382006  -0.388926 -0.815746 0.428130  0.601581 0.302713 1 0 1.000000
0  21.636103 128.087967 14.600243  -0.389203 -0.815622 0.428114  0.601581 0.302713 1 0 1.000000
0  21.900360 128.065948 14.754394  -0.353938 -0.867380 0.349827  0.601581 0.302713 1 0 1.000000
blackplastic
0  21.636103 128.087967 14.600243  -0.389203 -0.815622 0.428114  0.601581 0.302713 1 0 1.000000
0  22.021479 128.330200 15.382006  -0.388926 -0.815746 0.428130  0.601581 0.302713 1 0 1.000000
0  21.856318 128.539413 15.382006  -0.933142 0.147843 0.327702  0.601581 0.302713 1 0 1.000000
blackplastic
0  21.856318 128.539413 15.382006  -0.933142 0.147843 0.327702  0.601581 0.302713 1 0 1.000000
0  22.021479 128.330200 15.382006  -0.388926 -0.815746 0.428130  0.601581 0.302713 1 0 1.000000
0  22.087542 128.561432 15.459081  0.357923 0.294877 0.885967  0.601581 0.302713 1 0 1.000000
blackplastic
0  22.043499 128.693558 15.260887  0.034283 0.944186 -0.327625  0.601581 0.302713 1 0 1.000000
0  21.856318 128.539413 15.382006  -0.933142 0.147843 0.327702  0.601581 0.302713 1 0 1.000000
0  22.087542 128.561432 15.459081  0.357923 0.294877 0.885967  0.601581 0.302713 1 0 1.000000
blackplastic
0  22.208660 128.484360 15.260887  0.875284 0.224629 -0.428277  0.601581 0.302713 1 0 1.000000
0  22.043499 128.693558 15.260887  0.034283 0.944186 -0.327625  0.601581 0.302713 1 0 1.000000
0  22.087542 128.561432 15.459081  0.357923 0.294877 0.885967  0.601581 0.302713 1 0 1.000000
blackplastic
0  22.021479 128.330200 15.382006  -0.388926 -0.815746 0.428130  0.601581 0.302713 1 0 1.000000
0  22.208660 128.484360 15.260887  0.875284 0.224629 -0.428277  0.601581 0.302713 1 0 1.000000
0  22.087542 128.561432 15.459081  0.357923 0.294877 0.885967  0.601581 0.302713 1 0 1.000000
blackplastic
0  22.208660 128.484360 15.260887  0.875284 0.224629 -0.428277  0.601581 0.302713 1 0 1.000000
0  22.021479 128.330200 15.382006  -0.388926 -0.815746 0.428130  0.601581 0.302713 1 0 1.000000
0  22.142595 128.242126 15.238866  0.721306 -0.239712 0.649813  0.601581 0.302713 1 0 1.000000
blackplastic
0  22.142595 128.242126 15.238866  0.721306 -0.239712 0.649813  0.601581 0.302713 1 0 1.000000
0  22.230682 128.286163 15.161791  0.835423 0.236806 -0.495975  0.601581 0.302713 1 0 1.000000
0  22.208660 128.484360 15.260887  0.875284 0.224629 -0.428277  0.601581 0.302713 1 0 1.000000
blackplastic
0  22.208660 128.484360 15.260887  0.875284 0.224629 -0.428277  0.601581 0.302713 1 0 1.000000
0  22.230682 128.286163 15.161791  0.835423 0.236806 -0.495975  0.601581 0.302713 1 0 1.000000
0  22.032488 128.121002 14.688329  0.835507 0.236274 -0.496088  0.601581 0.302713 1 0 1.000000
blackplastic
0  21.900360 128.065948 14.754394  -0.353938 -0.867380 0.349827  0.601581 0.302713 1 0 1.000000
0  22.142595 128.242126 15.238866  -0.302401 -0.824867 0.477648  0.601581 0.302713 1 0 1.000000
0  22.021479 128.330200 15.382006  -0.388926 -0.815746 0.428130  0.601581 0.302713 1 0 1.000000
blackplastic
0  20.997478 128.924789 16.097704  0.318985 0.856963 -0.404800  0.601581 0.302713 1 0 1.000000
0  35.575703 122.483505 14.346995  0.319293 0.853077 -0.412688  0.601581 0.302713 1 0 1.000000
0  18.101652 126.436356 8.918700  0.323501 0.839795 -0.435994  0.601581 0.302713 1 0 1.000000
blackplastic
0  35.575703 122.483505 14.346995  0.319293 0.853077 -0.412688  0.601581 0.302713 1 0 1.000000
0  20.997478 128.924789 16.097704  0.318985 0.856963 -0.404800  0.601581 0.302713 1 0 1.000000
0  36.808907 124.344315 19.015551  0.319285 0.853134 -0.412576  0.601581 0.302713 1 0 1.000000
blackplastic
0  36.555656 124.366341 19.257788  0.072290 0.704816 0.705697  0.601581 0.302713 1 0 1.000000
0  36.808907 124.344315 19.015551  0.319285 0.853134 -0.412576  0.601581 0.302713 1 0 1.000000
0  20.997478 128.924789 16.097704  0.318985 0.856963 -0.404800  0.601581 0.302713 1 0 1.000000
blackplastic
0  20.997478 128.924789 16.097704  0.318985 0.856963 -0.404800  0.601581 0.302713 1 0 1.000000
0  21.118597 128.825684 16.439037  0.103302 0.767307 0.632905  0.601581 0.302713 1 0 1.000000
0  36.555656 124.366341 19.257788  0.072290 0.704816 0.705697  0.601581 0.302713 1 0 1.000000
blackplastic
0  30.532782 124.971931 19.268799  0.072300 0.704989 0.705523  0.601581 0.302713 1 0 1.000000
0  36.555656 124.366341 19.257788  0.072290 0.704816 0.705697  0.601581 0.302713 1 0 1.000000
0  21.118597 128.825684 16.439037  0.103302 0.767307 0.632905  0.601581 0.302713 1 0 1.000000
blackplastic
0  24.575970 125.555496 19.268799  0.072296 0.704957 0.705556  0.601581 0.302713 1 0 1.000000
0  30.532782 124.971931 19.268799  0.072300 0.704989 0.705523  0.601581 0.302713 1 0 1.000000
0  21.118597 128.825684 16.439037  0.103302 0.767307 0.632905  0.601581 0.302713 1 0 1.000000
blackplastic
0  22.252703 126.469391 18.608152  0.072299 0.704998 0.705514  0.601581 0.302713 1 0 1.000000
0  24.575970 125.555496 19.268799  0.072296 0.704957 0.705556  0.601581 0.302713 1 0 1.000000
0  21.118597 128.825684 16.439037  0.103302 0.767307 0.632905  0.601581 0.302713 1 0 1.000000
blackplastic
0  18.101652 126.436356 8.918700  0.040481 -0.008848 -0.999141  0.601581 0.302713 1 0 1.000000
0  19.973478 123.727715 8.940722  0.040500 -0.008970 -0.999139  0.601581 0.302713 1 0 1.000000
0  17.242813 124.267242 8.830615  0.040285 -0.008972 -0.999148  0.601581 0.302713 1 0 1.000000
blackplastic
0  18.101652 126.436356 8.918700  0.040481 -0.008848 -0.999141  0.601581 0.302713 1 0 1.000000
0  23.507929 122.615631 9.127904  0.040517 -0.008944 -0.999139  0.601581 0.302713 1 0 1.000000
0  19.973478 123.727715 8.940722  0.040500 -0.008970 -0.999139  0.601581 0.302713 1 0 1.000000
blackplastic
0  14.060710 126.502426 8.984765  0.000097 0.028237 -0.999601  0.601581 0.302713 1 0 1.000000
0  18.101652 126.436356 8.918700  0.040473 -0.008867 -0.999141  0.601581 0.302713 1 0 1.000000
0  17.242813 124.267242 8.830615  -0.000003 0.028214 -0.999602  0.601581 0.302713 1 0 1.000000
blackplastic
0  17.242813 124.267242 8.830615  -0.000003 0.028214 -0.999602  0.601581 0.302713 1 0 1.000000
0  13.807463 124.366341 8.819604  0.000099 0.028209 -0.999602  0.601581 0.302713 1 0 1.000000
0  14.060710 126.502426 8.984765  0.000097 0.028237 -0.999601  0.601581 0.302713 1 0 1.000000
blackplastic
0  13.201872 125.302254 8.852636  0.000079 0.028229 -0.999601  0.601581 0.302713 1 0 1.000000
0  14.060710 126.502426 8.984765  0.000097 0.028237 -0.999601  0.601581 0.302713 1 0 1.000000
0  13.807463 124.366341 8.819604  0.000099 0.028209 -0.999602  0.601581 0.302713 1 0 1.000000
blackplastic
0  13.201872 125.302254 8.852636  0.000079 0.028229 -0.999601  0.601581 0.302713 1 0 1.000000
0  12.354045 125.511459 8.852636  0.000012 0.028394 -0.999597  0.601581 0.302713 1 0 1.000000
0  14.060710 126.502426 8.984765  0.000097 0.028237 -0.999601  0.601581 0.302713 1 0 1.000000
blackplastic
0  -0.000009 126.502426 8.984766  0.000005 0.028569 -0.999592  0.601581 0.302713 1 0 1.000000
0  14.060710 126.502426 8.984765  0.000097 0.028237 -0.999601  0.601581 0.302713 1 0 1.000000
0  12.354045 125.511459 8.852636  0.000012 0.028394 -0.999597  0.601581 0.302713 1 0 1.000000
blackplastic
0  12.354045 125.511459 8.852636  0.000012 0.028394 -0.999597  0.601581 0.302713 1 0 1.000000
0  -0.000009 125.511459 8.852637  -0.000005 0.028569 -0.999592  0.601581 0.302713 1 0 1.000000
0  -0.000009 126.502426 8.984766  0.000005 0.028569 -0.999592  0.601581 0.302713 1 0 1.000000
blackplastic
0  -0.000009 126.502426 8.984766  0.000005 0.028569 -0.999592  0.601581 0.302713 1 0 1.000000
0  -0.000009 125.511459 8.852637  -0.000005 0.028569 -0.999592  0.601581 0.302713 1 0 1.000000
0  -12.354062 125.511459 8.852638  -0.000005 0.028346 -0.999598  0.601581 0.302713 1 0 1.000000
blackplastic
0  -12.354062 125.511459 8.852638  -0.000005 0.028346 -0.999598  0.601581 0.302713 1 0 1.000000
0  -14.060727 126.502426 8.984767  -0.000097 0.028238 -0.999601  0.601581 0.302713 1 0 1.000000
0  -0.000009 126.502426 8.984766  0.000005 0.028569 -0.999592  0.601581 0.302713 1 0 1.000000
blackplastic
0  -13.201889 125.302254 8.852638  -0.000123 0.028196 -0.999602  0.601581 0.302713 1 0 1.000000
0  -14.060727 126.502426 8.984767  -0.000097 0.028238 -0.999601  0.601581 0.302713 1 0 1.000000
0  -12.354062 125.511459 8.852638  -0.000005 0.028346 -0.999598  0.601581 0.302713 1 0 1.000000
blackplastic
0  -13.201889 125.302254 8.852638  -0.000123 0.028196 -0.999602  0.601581 0.302713 1 0 1.000000
0  -13.807480 124.366341 8.819606  -0.000093 0.028213 -0.999602  0.601581 0.302713 1 0 1.000000
0  -14.060727 126.502426 8.984767  -0.000097 0.028238 -0.999601  0.601581 0.302713 1 0 1.000000
blackplastic
0  -14.060727 126.502426 8.984767  -0.000097 0.028238 -0.999601  0.601581 0.302713 1 0 1.000000
0  -13.807480 124.366341 8.819606  -0.000093 0.028213 -0.999602  0.601581 0.302713 1 0 1.000000
0  -17.242832 124.267242 8.830617  0.000002 0.028214 -0.999602  0.601581 0.302713 1 0 1.000000
blackplastic
0  -17.242832 124.267242 8.830617  0.000002 0.028214 -0.999602  0.601581 0.302713 1 0 1.000000
0  -18.101671 126.436356 8.918702  -0.040479 -0.008861 -0.999141  0.601581 0.302713 1 0 1.000000
0  -14.060727 126.502426 8.984767  -0.000097 0.028238 -0.999601  0.601581 0.302713 1 0 1.000000
blackplastic
0  -18.101671 126.436356 8.918702  -0.040479 -0.008848 -0.999141  0.601581 0.302713 1 0 1.000000
0  -19.973497 123.727715 8.940725  -0.040503 -0.008971 -0.999139  0.601581 0.302713 1 0 1.000000
0  -23.507944 122.615631 9.127908  -0.040515 -0.008944 -0.999139  0.601581 0.302713 1 0 1.000000
blackplastic
0  -18.101671 126.436356 8.918702  -0.040479 -0.008848 -0.999141  0.601581 0.302713 1 0 1.000000
0  -17.242832 124.267242 8.830617  -0.040286 -0.008972 -0.999148  0.601581 0.302713 1 0 1.000000
0  -19.973497 123.727715 8.940725  -0.040503 -0.008971 -0.999139  0.601581 0.302713 1 0 1.000000
blackplastic
0  26.811152 119.466560 19.125658  -0.319575 -0.148976 0.935777  0.601581 0.302713 1 0 1.000000
0  24.575970 125.555496 19.268799  -0.319688 -0.149067 0.935724  0.601581 0.302713 1 0 1.000000
0  24.542938 120.171249 18.476025  -0.319576 -0.148976 0.935776  0.601581 0.302713 1 0 1.000000
blackplastic
0  24.575970 125.555496 19.268799  -0.319688 -0.149067 0.935724  0.601581 0.302713 1 0 1.000000
0  22.252703 126.469391 18.608152  -0.319584 -0.148986 0.935772  0.601581 0.302713 1 0 1.000000
0  24.542938 120.171249 18.476025  -0.319576 -0.148976 0.935776  0.601581 0.302713 1 0 1.000000
blackplastic
0  35.190327 115.612801 12.265965  0.657779 0.182279 -0.730823  0.601581 0.302713 1 0 1.000000
0  35.179314 115.524712 12.210911  0.658373 0.181976 -0.730363  0.601581 0.302713 1 0 1.000000
0  34.111275 115.502693 11.241965  0.657914 0.182194 -0.730722  0.601581 0.302713 1 0 1.000000
blackplastic
0  33.186371 115.755936 10.482224  0.662019 0.183706 -0.726624  0.601581 0.302713 1 0 1.000000
0  33.208393 116.978134 10.812547  0.627440 0.192489 -0.754498  0.601581 0.302713 1 0 1.000000
0  33.626801 115.579765 10.823557  0.658901 0.182672 -0.729713  0.601581 0.302713 1 0 1.000000
blackplastic
0  33.208393 116.978134 10.812547  0.627440 0.192489 -0.754498  0.601581 0.302713 1 0 1.000000
0  34.111275 115.502693 11.241965  0.657914 0.182194 -0.730722  0.601581 0.302713 1 0 1.000000
0  33.626801 115.579765 10.823557  0.658901 0.182672 -0.729713  0.601581 0.302713 1 0 1.000000
blackplastic
0  33.417595 118.552666 11.396116  0.636205 0.197271 -0.745873  0.601581 0.302713 1 0 1.000000
0  34.111275 115.502693 11.241965  0.657914 0.182194 -0.730722  0.601581 0.302713 1 0 1.000000
0  33.208393 116.978134 10.812547  0.627440 0.192489 -0.754498  0.601581 0.302713 1 0 1.000000
blackplastic
0  33.417595 118.552666 11.396116  0.636205 0.197271 -0.745873  0.601581 0.302713 1 0 1.000000
0  35.190327 115.612801 12.265965  0.657779 0.182279 -0.730823  0.601581 0.302713 1 0 1.000000
0  34.111275 115.502693 11.241965  0.657914 0.182194 -0.730722  0.601581 0.302713 1 0 1.000000
blackplastic
0  33.858025 120.149223 12.221922  0.627100 0.210390 -0.749988  0.601581 0.302713 1 0 1.000000
0  35.190327 115.612801 12.265965  0.657779 0.182279 -0.730823  0.601581 0.302713 1 0 1.000000
0  33.417595 118.552666 11.396116  0.636205 0.197271 -0.745873  0.601581 0.302713 1 0 1.000000
blackplastic
0  34.551704 121.382431 13.179856  0.634892 0.210550 -0.743358  0.601581 0.302713 1 0 1.000000
0  35.190327 115.612801 12.265965  0.657779 0.182279 -0.730823  0.601581 0.302713 1 0 1.000000
0  33.858025 120.149223 12.221922  0.627100 0.210390 -0.749988  0.601581 0.302713 1 0 1.000000
blackplastic
0  35.190327 115.612801 12.265965  0.657779 0.182279 -0.730823  0.601581 0.302713 1 0 1.000000
0  34.551704 121.382431 13.179856  0.634892 0.210550 -0.743358  0.601581 0.302713 1 0 1.000000
0  36.159271 115.645828 13.190867  0.657726 0.182391 -0.730842  0.601581 0.302713 1 0 1.000000
blackplastic
0  35.575703 122.483505 14.346995  0.657568 0.182373 -0.730989  0.601581 0.302713 1 0 1.000000
0  36.159271 115.645828 13.190867  0.657726 0.182391 -0.730842  0.601581 0.302713 1 0 1.000000
0  34.551704 121.382431 13.179856  0.634892 0.210550 -0.743358  0.601581 0.302713 1 0 1.000000
blackplastic
0  37.106194 115.678864 18.751293  0.000783 -0.997029 0.077023  0.601581 0.302713 1 0 1.000000
0  37.799873 115.678864 18.751293  0.000207 -0.999590 0.028642  0.601581 0.302713 1 0 1.000000
0  37.139229 115.766953 18.949486  -0.000397 -0.706511 0.707702  0.601581 0.302713 1 0 1.000000
blackplastic
0  37.799873 115.678864 18.751293  0.000207 -0.999590 0.028642  0.601581 0.302713 1 0 1.000000
0  37.106194 115.678864 18.751293  0.000783 -0.997029 0.077023  0.601581 0.302713 1 0 1.000000
0  36.159271 115.579765 15.128757  -0.002717 -0.999533 0.030449  0.601581 0.302713 1 0 1.000000
blackplastic
0  36.060173 115.524712 13.256931  -0.005636 -0.999381 0.034730  0.601581 0.302713 1 0 1.000000
0  37.799873 115.678864 18.751293  0.000207 -0.999590 0.028642  0.601581 0.302713 1 0 1.000000
0  36.159271 115.579765 15.128757  -0.002717 -0.999533 0.030449  0.601581 0.302713 1 0 1.000000
blackplastic
0  37.943012 115.855034 18.707249  0.944157 0.130006 -0.302765  0.601581 0.302713 1 0 1.000000
0  37.799873 115.678864 18.751293  0.000207 -0.999590 0.028642  0.601581 0.302713 1 0 1.000000
0  36.060173 115.524712 13.256931  -0.005636 -0.999381 0.034730  0.601581 0.302713 1 0 1.000000
blackplastic
0  36.060173 115.524712 13.256931  -0.005636 -0.999381 0.034730  0.601581 0.302713 1 0 1.000000
0  36.159271 115.645828 13.190867  0.676366 -0.686364 -0.267271  0.601581 0.302713 1 0 1.000000
0  37.943012 115.855034 18.707249  0.944157 0.130006 -0.302765  0.601581 0.302713 1 0 1.000000
blackplastic
0  35.190327 115.612801 12.265965  0.559367 -0.613646 -0.557268  0.601581 0.302713 1 0 1.000000
0  36.159271 115.645828 13.190867  0.676366 -0.686364 -0.267271  0.601581 0.302713 1 0 1.000000
0  36.060173 115.524712 13.256931  -0.005636 -0.999381 0.034730  0.601581 0.302713 1 0 1.000000
blackplastic
0  36.060173 115.524712 13.256931  -0.005636 -0.999381 0.034730  0.601581 0.302713 1 0 1.000000
0  35.058197 115.480667 12.310007  -0.012132 -0.998993 0.043193  0.601581 0.302713 1 0 1.000000
0  35.190327 115.612801 12.265965  0.559367 -0.613646 -0.557268  0.601581 0.302713 1 0 1.000000
blackplastic
0  35.190327 115.612801 12.265965  0.559367 -0.613646 -0.557268  0.601581 0.302713 1 0 1.000000
0  35.058197 115.480667 12.310007  -0.012132 -0.998993 0.043193  0.601581 0.302713 1 0 1.000000
0  35.179314 115.524712 12.210911  0.658379 0.181884 -0.730380  0.601581 0.302713 1 0 1.000000
blackplastic
0  35.036175 115.502693 12.486179  -0.012105 -0.998996 0.043124  0.601581 0.302713 1 0 1.000000
0  35.058197 115.480667 12.310007  -0.012132 -0.998993 0.043193  0.601581 0.302713 1 0 1.000000
0  36.060173 115.524712 13.256931  -0.005636 -0.999381 0.034730  0.601581 0.302713 1 0 1.000000
blackplastic
0  36.060173 115.524712 13.256931  -0.005636 -0.999381 0.034730  0.601581 0.302713 1 0 1.000000
0  36.159271 115.579765 15.128757  -0.002717 -0.999533 0.030449  0.601581 0.302713 1 0 1.000000
0  35.036175 115.502693 12.486179  -0.012105 -0.998996 0.043124  0.601581 0.302713 1 0 1.000000
blackplastic
0  37.194283 116.493660 16.615210  0.944189 0.129929 -0.302698  0.601581 0.302713 1 0 1.000000
0  37.943012 115.855034 18.707249  0.944157 0.130006 -0.302765  0.601581 0.302713 1 0 1.000000
0  36.159271 115.645828 13.190867  0.944173 0.129877 -0.302769  0.601581 0.302713 1 0 1.000000
blackplastic
0  37.976044 115.998177 18.839376  0.944127 0.129899 -0.302904  0.601581 0.302713 1 0 1.000000
0  37.976044 115.899078 18.795334  0.944007 0.129845 -0.303300  0.601581 0.302713 1 0 1.000000
0  37.634712 117.220367 18.332884  0.944163 0.129966 -0.302762  0.601581 0.302713 1 0 1.000000
blackplastic
0  37.337421 119.995071 18.564110  0.944201 0.130245 -0.302523  0.601581 0.302713 1 0 1.000000
0  37.976044 115.998177 18.839376  0.944127 0.129899 -0.302904  0.601581 0.302713 1 0 1.000000
0  37.634712 117.220367 18.332884  0.944163 0.129966 -0.302762  0.601581 0.302713 1 0 1.000000
blackplastic
0  37.337421 119.995071 18.564110  0.944201 0.130245 -0.302523  0.601581 0.302713 1 0 1.000000
0  36.808907 124.344315 19.015551  0.944219 0.129863 -0.302632  0.601581 0.302713 1 0 1.000000
0  37.976044 115.998177 18.839376  0.944127 0.129899 -0.302904  0.601581 0.302713 1 0 1.000000
blackplastic
0  37.337421 119.995071 18.564110  0.944201 0.130245 -0.302523  0.601581 0.302713 1 0 1.000000
0  36.874969 121.173225 17.639208  0.944180 0.129917 -0.302730  0.601581 0.302713 1 0 1.000000
0  36.808907 124.344315 19.015551  0.944219 0.129863 -0.302632  0.601581 0.302713 1 0 1.000000
blackplastic
0  36.874969 121.173225 17.639208  0.944180 0.129917 -0.302730  0.601581 0.302713 1 0 1.000000
0  36.192303 121.041092 15.459080  0.944069 0.130091 -0.303002  0.601581 0.302713 1 0 1.000000
0  36.808907 124.344315 19.015551  0.944219 0.129863 -0.302632  0.601581 0.302713 1 0 1.000000
blackplastic
0  36.874969 121.173225 17.639208  0.944180 0.129917 -0.302730  0.601581 0.302713 1 0 1.000000
0  36.093208 118.838943 14.203856  0.944132 0.130008 -0.302839  0.601581 0.302713 1 0 1.000000
0  36.192303 121.041092 15.459080  0.944069 0.130091 -0.303002  0.601581 0.302713 1 0 1.000000
blackplastic
0  35.575703 122.483505 14.346995  0.944040 0.130088 -0.303092  0.601581 0.302713 1 0 1.000000
0  36.192303 121.041092 15.459080  0.944069 0.130091 -0.303002  0.601581 0.302713 1 0 1.000000
0  36.093208 118.838943 14.203856  0.944132 0.130008 -0.302839  0.601581 0.302713 1 0 1.000000
blackplastic
0  35.575703 122.483505 14.346995  0.944040 0.130088 -0.303092  0.601581 0.302713 1 0 1.000000
0  36.093208 118.838943 14.203856  0.944132 0.130008 -0.302839  0.601581 0.302713 1 0 1.000000
0  36.159271 115.645828 13.190867  0.944173 0.129877 -0.302769  0.601581 0.302713 1 0 1.000000
blackplastic
0  36.159271 115.645828 13.190867  0.944173 0.129877 -0.302769  0.601581 0.302713 1 0 1.000000
0  36.093208 118.838943 14.203856  0.944132 0.130008 -0.302839  0.601581 0.302713 1 0 1.000000
0  36.621723 116.713875 14.930564  0.944206 0.129872 -0.302670  0.601581 0.302713 1 0 1.000000
blackplastic
0  36.159271 115.645828 13.190867  0.944173 0.129877 -0.302769  0.601581 0.302713 1 0 1.000000
0  36.621723 116.713875 14.930564  0.944206 0.129872 -0.302670  0.601581 0.302713 1 0 1.000000
0  37.194283 116.493660 16.615210  0.944189 0.129929 -0.302698  0.601581 0.302713 1 0 1.000000
blackplastic
0  37.194283 116.493660 16.615210  0.944189 0.129929 -0.302698  0.601581 0.302713 1 0 1.000000
0  36.621723 116.713875 14.930564  0.944206 0.129872 -0.302670  0.601581 0.302713 1 0 1.000000
0  37.337421 119.995071 18.564110  0.944201 0.130245 -0.302523  0.601581 0.302713 1 0 1.000000
blackplastic
0  37.634712 117.220367 18.332884  0.944163 0.129966 -0.302762  0.601581 0.302713 1 0 1.000000
0  37.194283 116.493660 16.615210  0.944189 0.129929 -0.302698  0.601581 0.302713 1 0 1.000000
0  37.337421 119.995071 18.564110  0.944201 0.130245 -0.302523  0.601581 0.302713 1 0 1.000000
blackplastic
0  37.194283 116.493660 16.615210  0.944189 0.129929 -0.302698  0.601581 0.302713 1 0 1.000000
0  37.634712 117.220367 18.332884  0.944163 0.129966 -0.302762  0.601581 0.302713 1 0 1.000000
0  37.943012 115.855034 18.707249  0.944157 0.130006 -0.302765  0.601581 0.302713 1 0 1.000000
blackplastic
0  37.976044 115.899078 18.795334  0.944007 0.129845 -0.303300  0.601581 0.302713 1 0 1.000000
0  37.943012 115.855034 18.707249  0.944157 0.130006 -0.302765  0.601581 0.302713 1 0 1.000000
0  37.634712 117.220367 18.332884  0.944163 0.129966 -0.302762  0.601581 0.302713 1 0 1.000000
blackplastic
0  37.799873 115.678864 18.751293  0.000207 -0.999590 0.028642  0.601581 0.302713 1 0 1.000000
0  37.943012 115.855034 18.707249  0.944157 0.130006 -0.302765  0.601581 0.302713 1 0 1.000000
0  37.976044 115.899078 18.795334  0.944007 0.129845 -0.303300  0.601581 0.302713 1 0 1.000000
blackplastic
0  37.976044 115.899078 18.795334  0.944007 0.129845 -0.303300  0.601581 0.302713 1 0 1.000000
0  37.832905 115.777962 18.960497  -0.005540 -0.395805 0.918318  0.601581 0.302713 1 0 1.000000
0  37.799873 115.678864 18.751293  0.000207 -0.999590 0.028642  0.601581 0.302713 1 0 1.000000
blackplastic
0  37.799873 115.678864 18.751293  0.000207 -0.999590 0.028642  0.601581 0.302713 1 0 1.000000
0  37.832905 115.777962 18.960497  -0.005540 -0.395805 0.918318  0.601581 0.302713 1 0 1.000000
0  37.139229 115.766953 18.949486  -0.000397 -0.706511 0.707702  0.601581 0.302713 1 0 1.000000
blackplastic
0  37.139229 115.766953 18.949486  -0.000397 -0.706511 0.707702  0.601581 0.302713 1 0 1.000000
0  37.832905 115.777962 18.960497  -0.005540 -0.395805 0.918318  0.601581 0.302713 1 0 1.000000
0  37.821896 115.965141 19.048584  -0.000104 -0.028411 0.999596  0.601581 0.302713 1 0 1.000000
blackplastic
0  35.575703 122.483505 14.346995  0.944040 0.130088 -0.303092  0.601581 0.302713 1 0 1.000000
0  36.808907 124.344315 19.015551  0.944219 0.129863 -0.302632  0.601581 0.302713 1 0 1.000000
0  36.192303 121.041092 15.459080  0.944069 0.130091 -0.303002  0.601581 0.302713 1 0 1.000000
blackplastic
0  37.337421 119.995071 18.564110  0.944201 0.130245 -0.302523  0.601581 0.302713 1 0 1.000000
0  36.093208 118.838943 14.203856  0.944132 0.130008 -0.302839  0.601581 0.302713 1 0 1.000000
0  36.874969 121.173225 17.639208  0.944180 0.129917 -0.302730  0.601581 0.302713 1 0 1.000000
blackplastic
0  36.621723 116.713875 14.930564  0.944206 0.129872 -0.302670  0.601581 0.302713 1 0 1.000000
0  36.093208 118.838943 14.203856  0.944132 0.130008 -0.302839  0.601581 0.302713 1 0 1.000000
0  37.337421 119.995071 18.564110  0.944201 0.130245 -0.302523  0.601581 0.302713 1 0 1.000000
blackplastic
0  36.555656 124.366341 19.257788  0.000124 -0.028146 0.999604  0.601581 0.302713 1 0 1.000000
0  37.821896 115.965141 19.048584  -0.000104 -0.028411 0.999596  0.601581 0.302713 1 0 1.000000
0  36.808907 124.344315 19.015551  0.944219 0.129863 -0.302632  0.601581 0.302713 1 0 1.000000
blackplastic
0  37.821896 115.965141 19.048584  -0.000104 -0.028411 0.999596  0.601581 0.302713 1 0 1.000000
0  37.976044 115.998177 18.839376  0.944127 0.129899 -0.302904  0.601581 0.302713 1 0 1.000000
0  36.808907 124.344315 19.015551  0.944219 0.129863 -0.302632  0.601581 0.302713 1 0 1.000000
blackplastic
0  37.976044 115.998177 18.839376  0.944127 0.129899 -0.302904  0.601581 0.302713 1 0 1.000000
0  37.821896 115.965141 19.048584  -0.000104 -0.028411 0.999596  0.601581 0.302713 1 0 1.000000
0  37.832905 115.777962 18.960497  -0.005540 -0.395805 0.918318  0.601581 0.302713 1 0 1.000000
blackplastic
0  37.832905 115.777962 18.960497  -0.005540 -0.395805 0.918318  0.601581 0.302713 1 0 1.000000
0  37.976044 115.899078 18.795334  0.944007 0.129845 -0.303300  0.601581 0.302713 1 0 1.000000
0  37.976044 115.998177 18.839376  0.944127 0.129899 -0.302904  0.601581 0.302713 1 0 1.000000
blackplastic
0  37.821896 115.965141 19.048584  -0.000104 -0.028411 0.999596  0.601581 0.302713 1 0 1.000000
0  37.106194 115.976151 19.048584  -0.000105 -0.028621 0.999590  0.601581 0.302713 1 0 1.000000
0  37.139229 115.766953 18.949486  -0.000397 -0.706511 0.707702  0.601581 0.302713 1 0 1.000000
blackplastic
0  36.533638 118.927032 19.125658  -0.000105 -0.028207 0.999602  0.601581 0.302713 1 0 1.000000
0  37.106194 115.976151 19.048584  -0.000105 -0.028621 0.999590  0.601581 0.302713 1 0 1.000000
0  37.821896 115.965141 19.048584  -0.000104 -0.028411 0.999596  0.601581 0.302713 1 0 1.000000
blackplastic
0  37.821896 115.965141 19.048584  -0.000104 -0.028411 0.999596  0.601581 0.302713 1 0 1.000000
0  36.555656 124.366341 19.257788  0.000124 -0.028146 0.999604  0.601581 0.302713 1 0 1.000000
0  36.533638 118.927032 19.125658  -0.000105 -0.028207 0.999602  0.601581 0.302713 1 0 1.000000
blackplastic
0  36.555656 124.366341 19.257788  0.000124 -0.028146 0.999604  0.601581 0.302713 1 0 1.000000
0  35.344475 121.151199 19.191723  0.000017 -0.028188 0.999603  0.601581 0.302713 1 0 1.000000
0  36.533638 118.927032 19.125658  -0.000105 -0.028207 0.999602  0.601581 0.302713 1 0 1.000000
blackplastic
0  36.555656 124.366341 19.257788  0.000124 -0.028146 0.999604  0.601581 0.302713 1 0 1.000000
0  33.626801 122.021049 19.213745  0.000004 -0.028180 0.999603  0.601581 0.302713 1 0 1.000000
0  35.344475 121.151199 19.191723  0.000017 -0.028188 0.999603  0.601581 0.302713 1 0 1.000000
blackplastic
0  33.626801 122.021049 19.213745  0.000004 -0.028180 0.999603  0.601581 0.302713 1 0 1.000000
0  36.555656 124.366341 19.257788  0.000124 -0.028146 0.999604  0.601581 0.302713 1 0 1.000000
0  30.532782 124.971931 19.268799  0.000004 -0.028218 0.999602  0.601581 0.302713 1 0 1.000000
blackplastic
0  30.532782 124.971931 19.268799  0.000004 -0.028218 0.999602  0.601581 0.302713 1 0 1.000000
0  31.710932 122.219246 19.224754  -0.000011 -0.028190 0.999603  0.601581 0.302713 1 0 1.000000
0  33.626801 122.021049 19.213745  0.000004 -0.028180 0.999603  0.601581 0.302713 1 0 1.000000
blackplastic
0  31.710932 122.219246 19.224754  -0.000011 -0.028190 0.999603  0.601581 0.302713 1 0 1.000000
0  30.532782 124.971931 19.268799  0.000004 -0.028218 0.999602  0.601581 0.302713 1 0 1.000000
0  31.402630 121.712753 19.202734  -0.000021 -0.028191 0.999603  0.601581 0.302713 1 0 1.000000
blackplastic
0  30.532782 124.971931 19.268799  0.000004 -0.028218 0.999602  0.601581 0.302713 1 0 1.000000
0  24.575970 125.555496 19.268799  -0.000017 -0.028179 0.999603  0.601581 0.302713 1 0 1.000000
0  31.402630 121.712753 19.202734  -0.000021 -0.028191 0.999603  0.601581 0.302713 1 0 1.000000
blackplastic
0  24.575970 125.555496 19.268799  -0.000017 -0.028179 0.999603  0.601581 0.302713 1 0 1.000000
0  31.402630 119.962044 19.158691  0.000017 -0.028200 0.999602  0.601581 0.302713 1 0 1.000000
0  31.402630 121.712753 19.202734  -0.000021 -0.028191 0.999603  0.601581 0.302713 1 0 1.000000
blackplastic
0  24.575970 125.555496 19.268799  -0.000017 -0.028179 0.999603  0.601581 0.302713 1 0 1.000000
0  30.874115 119.389481 19.136669  0.000016 -0.028200 0.999602  0.601581 0.302713 1 0 1.000000
0  31.402630 119.962044 19.158691  0.000017 -0.028200 0.999602  0.601581 0.302713 1 0 1.000000
blackplastic
0  24.575970 125.555496 19.268799  -0.000017 -0.028179 0.999603  0.601581 0.302713 1 0 1.000000
0  26.811152 119.466560 19.125658  -0.000037 -0.028160 0.999604  0.601581 0.302713 1 0 1.000000
0  30.874115 119.389481 19.136669  0.000016 -0.028200 0.999602  0.601581 0.302713 1 0 1.000000
blackplastic
0  16.350943 128.043930 14.170825  -0.914501 0.250621 -0.317612  0.601581 0.302713 1 0 1.000000
0  15.921525 128.176056 14.512158  -0.015012 0.102863 -0.994582  0.601581 0.302713 1 0 1.000000
0  16.428019 128.341217 14.192846  -0.000029 0.948981 -0.315332  0.601581 0.302713 1 0 1.000000
blackplastic
0  15.921525 127.108017 11.308032  -0.011614 0.683488 0.729869  0.601581 0.302713 1 0 1.000000
0  16.372965 127.229134 11.726440  -0.935539 0.353096 0.009480  0.601581 0.302713 1 0 1.000000
0  16.461050 127.471367 11.583301  -0.000011 0.948988 -0.315312  0.601581 0.302713 1 0 1.000000
blackplastic
0  16.372965 127.229134 11.726440  -0.935539 0.353096 0.009480  0.601581 0.302713 1 0 1.000000
0  16.350943 128.043930 14.170825  -0.914501 0.250621 -0.317612  0.601581 0.302713 1 0 1.000000
0  16.461050 127.471367 11.583301  -0.000011 0.948988 -0.315312  0.601581 0.302713 1 0 1.000000
blackplastic
0  16.350943 128.043930 14.170825  -0.914501 0.250621 -0.317612  0.601581 0.302713 1 0 1.000000
0  16.428019 128.341217 14.192846  -0.000029 0.948981 -0.315332  0.601581 0.302713 1 0 1.000000
0  16.461050 127.471367 11.583301  -0.000011 0.948988 -0.315312  0.601581 0.302713 1 0 1.000000
blackplastic
0  16.461050 127.471367 11.583301  -0.000011 0.948988 -0.315312  0.601581 0.302713 1 0 1.000000
0  16.428019 128.341217 14.192846  -0.000029 0.948981 -0.315332  0.601581 0.302713 1 0 1.000000
0  20.997478 128.924789 16.097704  -0.000022 0.949014 -0.315234  0.601581 0.302713 1 0 1.000000
blackplastic
0  20.997478 128.924789 16.097704  -0.000022 0.949014 -0.315234  0.601581 0.302713 1 0 1.000000
0  16.428019 128.341217 14.192846  -0.000029 0.948981 -0.315332  0.601581 0.302713 1 0 1.000000
0  15.888494 128.451324 14.545190  -0.000076 0.949012 -0.315241  0.601581 0.302713 1 0 1.000000
blackplastic
0  15.921525 128.176056 14.512158  -0.015012 0.102863 -0.994582  0.601581 0.302713 1 0 1.000000
0  15.888494 128.451324 14.545190  -0.000076 0.949012 -0.315241  0.601581 0.302713 1 0 1.000000
0  16.428019 128.341217 14.192846  -0.000029 0.948981 -0.315332  0.601581 0.302713 1 0 1.000000
blackplastic
0  13.245915 128.462341 14.545190  0.000041 0.948967 -0.315375  0.601581 0.302713 1 0 1.000000
0  15.888494 128.451324 14.545190  -0.000076 0.949012 -0.315241  0.601581 0.302713 1 0 1.000000
0  15.921525 128.176056 14.512158  -0.015012 0.102863 -0.994582  0.601581 0.302713 1 0 1.000000
blackplastic
0  15.921525 128.176056 14.512158  -0.015012 0.102863 -0.994582  0.601581 0.302713 1 0 1.000000
0  13.212883 128.176056 14.512158  0.012541 0.103771 -0.994522  0.601581 0.302713 1 0 1.000000
0  13.245915 128.462341 14.545190  0.000041 0.948967 -0.315375  0.601581 0.302713 1 0 1.000000
blackplastic
0  12.662346 128.286163 14.038696  0.000021 0.948992 -0.315299  0.601581 0.302713 1 0 1.000000
0  13.245915 128.462341 14.545190  0.000041 0.948967 -0.315375  0.601581 0.302713 1 0 1.000000
0  13.212883 128.176056 14.512158  0.012541 0.103771 -0.994522  0.601581 0.302713 1 0 1.000000
blackplastic
0  13.212883 128.176056 14.512158  0.012541 0.103771 -0.994522  0.601581 0.302713 1 0 1.000000
0  12.761442 128.010895 14.071729  0.929171 0.305473 -0.208153  0.601581 0.302713 1 0 1.000000
0  12.662346 128.286163 14.038696  0.000021 0.948992 -0.315299  0.601581 0.302713 1 0 1.000000
blackplastic
0  12.662346 127.482376 11.605322  0.000018 0.949021 -0.315213  0.601581 0.302713 1 0 1.000000
0  12.662346 128.286163 14.038696  0.000021 0.948992 -0.315299  0.601581 0.302713 1 0 1.000000
0  12.761442 128.010895 14.071729  0.929171 0.305473 -0.208153  0.601581 0.302713 1 0 1.000000
blackplastic
0  12.761442 128.010895 14.071729  0.929171 0.305473 -0.208153  0.601581 0.302713 1 0 1.000000
0  12.761442 127.240143 11.748462  0.931973 0.362019 -0.019175  0.601581 0.302713 1 0 1.000000
0  12.662346 127.482376 11.605322  0.000018 0.949021 -0.315213  0.601581 0.302713 1 0 1.000000
blackplastic
0  12.761442 127.240143 11.748462  0.931973 0.362019 -0.019175  0.601581 0.302713 1 0 1.000000
0  13.212883 127.108017 11.308032  0.012535 0.683620 0.729730  0.601581 0.302713 1 0 1.000000
0  12.662346 127.482376 11.605322  0.000018 0.949021 -0.315213  0.601581 0.302713 1 0 1.000000
blackplastic
0  15.888494 128.451324 14.545190  -0.000076 0.949012 -0.315241  0.601581 0.302713 1 0 1.000000
0  13.245915 128.462341 14.545190  0.000041 0.948967 -0.315375  0.601581 0.302713 1 0 1.000000
0  20.997478 128.924789 16.097704  -0.000022 0.949014 -0.315234  0.601581 0.302713 1 0 1.000000
blackplastic
0  11.638347 128.968826 16.086695  0.000001 0.949004 -0.315263  0.601581 0.302713 1 0 1.000000
0  20.997478 128.924789 16.097704  -0.000022 0.949014 -0.315234  0.601581 0.302713 1 0 1.000000
0  13.245915 128.462341 14.545190  0.000041 0.948967 -0.315375  0.601581 0.302713 1 0 1.000000
blackplastic
0  13.245915 128.462341 14.545190  0.000041 0.948967 -0.315375  0.601581 0.302713 1 0 1.000000
0  12.662346 128.286163 14.038696  0.000021 0.948992 -0.315299  0.601581 0.302713 1 0 1.000000
0  11.638347 128.968826 16.086695  0.000001 0.949004 -0.315263  0.601581 0.302713 1 0 1.000000
blackplastic
0  10.173918 127.702591 12.276978  -0.000089 0.948978 -0.315343  0.601581 0.302713 1 0 1.000000
0  11.638347 128.968826 16.086695  0.000001 0.949004 -0.315263  0.601581 0.302713 1 0 1.000000
0  12.662346 128.286163 14.038696  0.000021 0.948992 -0.315299  0.601581 0.302713 1 0 1.000000
blackplastic
0  12.662346 128.286163 14.038696  0.000021 0.948992 -0.315299  0.601581 0.302713 1 0 1.000000
0  12.662346 127.482376 11.605322  0.000018 0.949021 -0.315213  0.601581 0.302713 1 0 1.000000
0  10.173918 127.702591 12.276978  -0.000089 0.948978 -0.315343  0.601581 0.302713 1 0 1.000000
blackplastic
0  11.396111 126.513435 18.586134  0.000002 0.686856 0.726793  0.601581 0.302713 1 0 1.000000
0  22.252703 126.469391 18.608152  -0.000001 0.686816 0.726832  0.601581 0.302713 1 0 1.000000
0  21.118597 128.825684 16.439037  0.000003 0.686936 0.726718  0.601581 0.302713 1 0 1.000000
blackplastic
0  11.682389 128.891754 16.394997  0.000013 0.686848 0.726801  0.601581 0.302713 1 0 1.000000
0  11.396111 126.513435 18.586134  0.000002 0.686856 0.726793  0.601581 0.302713 1 0 1.000000
0  21.118597 128.825684 16.439037  0.000003 0.686936 0.726718  0.601581 0.302713 1 0 1.000000
blackplastic
0  11.682389 128.891754 16.394997  0.000013 0.686848 0.726801  0.601581 0.302713 1 0 1.000000
0  21.118597 128.825684 16.439037  0.000003 0.686936 0.726718  0.601581 0.302713 1 0 1.000000
0  20.997478 128.924789 16.097704  -0.000022 0.949014 -0.315234  0.601581 0.302713 1 0 1.000000
blackplastic
0  20.997478 128.924789 16.097704  -0.000022 0.949014 -0.315234  0.601581 0.302713 1 0 1.000000
0  11.638347 128.968826 16.086695  0.000001 0.949004 -0.315263  0.601581 0.302713 1 0 1.000000
0  11.682389 128.891754 16.394997  0.000013 0.686848 0.726801  0.601581 0.302713 1 0 1.000000
blackplastic
0  18.101652 126.436356 8.918700  0.000014 0.948961 -0.315395  0.601581 0.302713 1 0 1.000000
0  16.461050 127.471367 11.583301  -0.000011 0.948988 -0.315312  0.601581 0.302713 1 0 1.000000
0  20.997478 128.924789 16.097704  -0.000022 0.949014 -0.315234  0.601581 0.302713 1 0 1.000000
blackplastic
0  18.101652 126.436356 8.918700  0.000014 0.948961 -0.315395  0.601581 0.302713 1 0 1.000000
0  15.899504 127.317215 11.109838  -0.000064 0.948966 -0.315378  0.601581 0.302713 1 0 1.000000
0  16.461050 127.471367 11.583301  -0.000011 0.948988 -0.315312  0.601581 0.302713 1 0 1.000000
blackplastic
0  16.461050 127.471367 11.583301  -0.000011 0.948988 -0.315312  0.601581 0.302713 1 0 1.000000
0  15.899504 127.317215 11.109838  -0.000064 0.948966 -0.315378  0.601581 0.302713 1 0 1.000000
0  15.921525 127.108017 11.308032  -0.011614 0.683488 0.729869  0.601581 0.302713 1 0 1.000000
blackplastic
0  13.212883 127.108017 11.308032  0.012535 0.683620 0.729730  0.601581 0.302713 1 0 1.000000
0  15.921525 127.108017 11.308032  -0.011614 0.683488 0.729869  0.601581 0.302713 1 0 1.000000
0  15.899504 127.317215 11.109838  -0.000064 0.948966 -0.315378  0.601581 0.302713 1 0 1.000000
blackplastic
0  15.899504 127.317215 11.109838  -0.000064 0.948966 -0.315378  0.601581 0.302713 1 0 1.000000
0  13.201872 127.317215 11.109838  0.000135 0.949057 -0.315105  0.601581 0.302713 1 0 1.000000
0  13.212883 127.108017 11.308032  0.012535 0.683620 0.729730  0.601581 0.302713 1 0 1.000000
blackplastic
0  13.212883 127.108017 11.308032  0.012535 0.683620 0.729730  0.601581 0.302713 1 0 1.000000
0  13.201872 127.317215 11.109838  0.000135 0.949057 -0.315105  0.601581 0.302713 1 0 1.000000
0  12.662346 127.482376 11.605322  0.000018 0.949021 -0.315213  0.601581 0.302713 1 0 1.000000
blackplastic
0  12.662346 127.482376 11.605322  0.000018 0.949021 -0.315213  0.601581 0.302713 1 0 1.000000
0  13.201872 127.317215 11.109838  0.000135 0.949057 -0.315105  0.601581 0.302713 1 0 1.000000
0  14.060710 126.502426 8.984765  0.000000 0.948956 -0.315408  0.601581 0.302713 1 0 1.000000
blackplastic
0  12.662346 127.482376 11.605322  0.000018 0.949021 -0.315213  0.601581 0.302713 1 0 1.000000
0  14.060710 126.502426 8.984765  0.000000 0.948956 -0.315408  0.601581 0.302713 1 0 1.000000
0  10.173918 127.702591 12.276978  -0.000089 0.948978 -0.315343  0.601581 0.302713 1 0 1.000000
blackplastic
0  10.173918 127.702591 12.276978  -0.000089 0.948978 -0.315343  0.601581 0.302713 1 0 1.000000
0  14.060710 126.502426 8.984765  0.000000 0.948956 -0.315408  0.601581 0.302713 1 0 1.000000
0  9.931682 127.614510 12.001709  0.000169 0.949058 -0.315102  0.601581 0.302713 1 0 1.000000
blackplastic
0  9.931682 127.614510 12.001709  0.000169 0.949058 -0.315102  0.601581 0.302713 1 0 1.000000
0  14.060710 126.502426 8.984765  0.000000 0.948956 -0.315408  0.601581 0.302713 1 0 1.000000
0  9.634392 127.581474 11.924633  0.000009 0.948947 -0.315435  0.601581 0.302713 1 0 1.000000
blackplastic
0  14.060710 126.502426 8.984765  0.000000 0.948956 -0.315408  0.601581 0.302713 1 0 1.000000
0  -0.000009 126.502426 8.984766  0.000001 0.948967 -0.315376  0.601581 0.302713 1 0 1.000000
0  9.634392 127.581474 11.924633  0.000009 0.948947 -0.315435  0.601581 0.302713 1 0 1.000000
blackplastic
0  -0.000009 126.502426 8.984766  0.000001 0.948967 -0.315376  0.601581 0.302713 1 0 1.000000
0  -0.000009 127.581474 11.924634  -0.000010 0.948967 -0.315377  0.601581 0.302713 1 0 1.000000
0  9.634392 127.581474 11.924633  0.000009 0.948947 -0.315435  0.601581 0.302713 1 0 1.000000
blackplastic
0  -9.634409 127.581474 11.924635  0.000020 0.948948 -0.315433  0.601581 0.302713 1 0 1.000000
0  -0.000009 127.581474 11.924634  -0.000010 0.948967 -0.315377  0.601581 0.302713 1 0 1.000000
0  -0.000009 126.502426 8.984766  0.000001 0.948967 -0.315376  0.601581 0.302713 1 0 1.000000
blackplastic
0  -14.060727 126.502426 8.984767  -0.000001 0.948956 -0.315409  0.601581 0.302713 1 0 1.000000
0  -9.634409 127.581474 11.924635  0.000020 0.948948 -0.315433  0.601581 0.302713 1 0 1.000000
0  -0.000009 126.502426 8.984766  0.000001 0.948967 -0.315376  0.601581 0.302713 1 0 1.000000
blackplastic
0  -9.931699 127.614510 12.001711  -0.000183 0.949058 -0.315101  0.601581 0.302713 1 0 1.000000
0  -9.634409 127.581474 11.924635  0.000020 0.948948 -0.315433  0.601581 0.302713 1 0 1.000000
0  -14.060727 126.502426 8.984767  -0.000001 0.948956 -0.315409  0.601581 0.302713 1 0 1.000000
blackplastic
0  -10.173935 127.702591 12.276979  0.000089 0.948978 -0.315344  0.601581 0.302713 1 0 1.000000
0  -9.931699 127.614510 12.001711  -0.000183 0.949058 -0.315101  0.601581 0.302713 1 0 1.000000
0  -14.060727 126.502426 8.984767  -0.000001 0.948956 -0.315409  0.601581 0.302713 1 0 1.000000
blackplastic
0  -14.060727 126.502426 8.984767  -0.000001 0.948956 -0.315409  0.601581 0.302713 1 0 1.000000
0  -12.662363 127.482376 11.605324  0.000006 0.948994 -0.315293  0.601581 0.302713 1 0 1.000000
0  -10.173935 127.702591 12.276979  0.000089 0.948978 -0.315344  0.601581 0.302713 1 0 1.000000
blackplastic
0  -12.662363 127.482376 11.605324  0.000006 0.948994 -0.315293  0.601581 0.302713 1 0 1.000000
0  -12.662363 128.286163 14.038698  -0.000000 0.948979 -0.315339  0.601581 0.302713 1 0 1.000000
0  -10.173935 127.702591 12.276979  0.000089 0.948978 -0.315344  0.601581 0.302713 1 0 1.000000
blackplastic
0  13.201872 127.317215 11.109838  0.000135 0.949057 -0.315105  0.601581 0.302713 1 0 1.000000
0  15.899504 127.317215 11.109838  -0.000064 0.948966 -0.315378  0.601581 0.302713 1 0 1.000000
0  14.060710 126.502426 8.984765  0.000000 0.948956 -0.315408  0.601581 0.302713 1 0 1.000000
blackplastic
0  15.899504 127.317215 11.109838  -0.000064 0.948966 -0.315378  0.601581 0.302713 1 0 1.000000
0  18.101652 126.436356 8.918700  0.000014 0.948961 -0.315395  0.601581 0.302713 1 0 1.000000
0  14.060710 126.502426 8.984765  0.000000 0.948956 -0.315408  0.601581 0.302713 1 0 1.000000
blackplastic
0  -12.662363 128.286163 14.038698  -0.000000 0.948979 -0.315339  0.601581 0.302713 1 0 1.000000
0  -13.245933 128.462341 14.545192  -0.000044 0.948967 -0.315377  0.601581 0.302713 1 0 1.000000
0  -11.638364 128.968826 16.086695  -0.000015 0.949001 -0.315275  0.601581 0.302713 1 0 1.000000
blackplastic
0  -12.662363 128.286163 14.038698  -0.000000 0.948979 -0.315339  0.601581 0.302713 1 0 1.000000
0  -11.638364 128.968826 16.086695  -0.000015 0.949001 -0.315275  0.601581 0.302713 1 0 1.000000
0  -10.173935 127.702591 12.276979  0.000089 0.948978 -0.315344  0.601581 0.302713 1 0 1.000000
blackplastic
0  -12.761459 128.010895 14.071731  -0.929172 0.305465 -0.208158  0.601581 0.302713 1 0 1.000000
0  -12.662363 128.286163 14.038698  -0.000000 0.948979 -0.315339  0.601581 0.302713 1 0 1.000000
0  -12.662363 127.482376 11.605324  0.000006 0.948994 -0.315293  0.601581 0.302713 1 0 1.000000
blackplastic
0  -12.761459 128.010895 14.071731  -0.929172 0.305465 -0.208158  0.601581 0.302713 1 0 1.000000
0  -13.212900 128.176056 14.512160  -0.012541 0.103784 -0.994521  0.601581 0.302713 1 0 1.000000
0  -12.662363 128.286163 14.038698  -0.000000 0.948979 -0.315339  0.601581 0.302713 1 0 1.000000
blackplastic
0  -13.212900 128.176056 14.512160  -0.012541 0.103784 -0.994521  0.601581 0.302713 1 0 1.000000
0  -13.245933 128.462341 14.545192  -0.000044 0.948967 -0.315377  0.601581 0.302713 1 0 1.000000
0  -12.662363 128.286163 14.038698  -0.000000 0.948979 -0.315339  0.601581 0.302713 1 0 1.000000
blackplastic
0  -13.245933 128.462341 14.545192  -0.000044 0.948967 -0.315377  0.601581 0.302713 1 0 1.000000
0  -13.212900 128.176056 14.512160  -0.012541 0.103784 -0.994521  0.601581 0.302713 1 0 1.000000
0  -15.921542 128.176056 14.512160  0.015013 0.102847 -0.994584  0.601581 0.302713 1 0 1.000000
blackplastic
0  -15.921542 128.176056 14.512160  0.015013 0.102847 -0.994584  0.601581 0.302713 1 0 1.000000
0  -15.888511 128.451324 14.545192  0.000046 0.949009 -0.315249  0.601581 0.302713 1 0 1.000000
0  -13.245933 128.462341 14.545192  -0.000044 0.948967 -0.315377  0.601581 0.302713 1 0 1.000000
blackplastic
0  -16.428038 128.341217 14.192848  0.000036 0.948950 -0.315427  0.601581 0.302713 1 0 1.000000
0  -15.888511 128.451324 14.545192  0.000046 0.949009 -0.315249  0.601581 0.302713 1 0 1.000000
0  -15.921542 128.176056 14.512160  0.015013 0.102847 -0.994584  0.601581 0.302713 1 0 1.000000
blackplastic
0  -20.997494 128.924789 16.097708  0.000050 0.949025 -0.315200  0.601581 0.302713 1 0 1.000000
0  -15.888511 128.451324 14.545192  0.000046 0.949009 -0.315249  0.601581 0.302713 1 0 1.000000
0  -16.428038 128.341217 14.192848  0.000036 0.948950 -0.315427  0.601581 0.302713 1 0 1.000000
blackplastic
0  -20.997494 128.924789 16.097708  0.000050 0.949025 -0.315200  0.601581 0.302713 1 0 1.000000
0  -16.428038 128.341217 14.192848  0.000036 0.948950 -0.315427  0.601581 0.302713 1 0 1.000000
0  -16.461069 127.471367 11.583302  0.000010 0.948990 -0.315305  0.601581 0.302713 1 0 1.000000
blackplastic
0  -18.101671 126.436356 8.918702  -0.000012 0.948960 -0.315398  0.601581 0.302713 1 0 1.000000
0  -20.997494 128.924789 16.097708  0.000050 0.949025 -0.315200  0.601581 0.302713 1 0 1.000000
0  -16.461069 127.471367 11.583302  0.000010 0.948990 -0.315305  0.601581 0.302713 1 0 1.000000
blackplastic
0  -18.101671 126.436356 8.918702  -0.000012 0.948960 -0.315398  0.601581 0.302713 1 0 1.000000
0  -16.461069 127.471367 11.583302  0.000010 0.948990 -0.315305  0.601581 0.302713 1 0 1.000000
0  -15.899521 127.317215 11.109840  -0.000017 0.948976 -0.315348  0.601581 0.302713 1 0 1.000000
blackplastic
0  -14.060727 126.502426 8.984767  -0.000001 0.948956 -0.315409  0.601581 0.302713 1 0 1.000000
0  -18.101671 126.436356 8.918702  -0.000012 0.948960 -0.315398  0.601581 0.302713 1 0 1.000000
0  -15.899521 127.317215 11.109840  -0.000017 0.948976 -0.315348  0.601581 0.302713 1 0 1.000000
blackplastic
0  -13.201889 127.317215 11.109840  -0.000027 0.949049 -0.315130  0.601581 0.302713 1 0 1.000000
0  -14.060727 126.502426 8.984767  -0.000001 0.948956 -0.315409  0.601581 0.302713 1 0 1.000000
0  -15.899521 127.317215 11.109840  -0.000017 0.948976 -0.315348  0.601581 0.302713 1 0 1.000000
blackplastic
0  -13.201889 127.317215 11.109840  -0.000027 0.949049 -0.315130  0.601581 0.302713 1 0 1.000000
0  -12.662363 127.482376 11.605324  0.000006 0.948994 -0.315293  0.601581 0.302713 1 0 1.000000
0  -14.060727 126.502426 8.984767  -0.000001 0.948956 -0.315409  0.601581 0.302713 1 0 1.000000
blackplastic
0  -12.662363 127.482376 11.605324  0.000006 0.948994 -0.315293  0.601581 0.302713 1 0 1.000000
0  -13.201889 127.317215 11.109840  -0.000027 0.949049 -0.315130  0.601581 0.302713 1 0 1.000000
0  -13.212900 127.108017 11.308034  -0.012544 0.683616 0.729734  0.601581 0.302713 1 0 1.000000
blackplastic
0  -13.212900 127.108017 11.308034  -0.012544 0.683616 0.729734  0.601581 0.302713 1 0 1.000000
0  -12.761459 127.240143 11.748464  -0.931969 0.362029 -0.019180  0.601581 0.302713 1 0 1.000000
0  -12.662363 127.482376 11.605324  0.000006 0.948994 -0.315293  0.601581 0.302713 1 0 1.000000
blackplastic
0  -12.761459 127.240143 11.748464  -0.931969 0.362029 -0.019180  0.601581 0.302713 1 0 1.000000
0  -12.761459 128.010895 14.071731  -0.929172 0.305465 -0.208158  0.601581 0.302713 1 0 1.000000
0  -12.662363 127.482376 11.605324  0.000006 0.948994 -0.315293  0.601581 0.302713 1 0 1.000000
blackplastic
0  -15.921542 128.176056 14.512160  0.015013 0.102847 -0.994584  0.601581 0.302713 1 0 1.000000
0  -16.350962 128.043930 14.170827  0.914503 0.250609 -0.317616  0.601581 0.302713 1 0 1.000000
0  -16.428038 128.341217 14.192848  0.000036 0.948950 -0.315427  0.601581 0.302713 1 0 1.000000
blackplastic
0  -16.461069 127.471367 11.583302  0.000010 0.948990 -0.315305  0.601581 0.302713 1 0 1.000000
0  -16.428038 128.341217 14.192848  0.000036 0.948950 -0.315427  0.601581 0.302713 1 0 1.000000
0  -16.350962 128.043930 14.170827  0.914503 0.250609 -0.317616  0.601581 0.302713 1 0 1.000000
blackplastic
0  -16.350962 128.043930 14.170827  0.914503 0.250609 -0.317616  0.601581 0.302713 1 0 1.000000
0  -16.372984 127.229134 11.726442  0.935544 0.353082 0.009494  0.601581 0.302713 1 0 1.000000
0  -16.461069 127.471367 11.583302  0.000010 0.948990 -0.315305  0.601581 0.302713 1 0 1.000000
blackplastic
0  -16.372984 127.229134 11.726442  0.935544 0.353082 0.009494  0.601581 0.302713 1 0 1.000000
0  -15.921542 127.108017 11.308034  0.011602 0.683403 0.729949  0.601581 0.302713 1 0 1.000000
0  -16.461069 127.471367 11.583302  0.000010 0.948990 -0.315305  0.601581 0.302713 1 0 1.000000
blackplastic
0  -15.921542 127.108017 11.308034  0.011602 0.683403 0.729949  0.601581 0.302713 1 0 1.000000
0  -15.899521 127.317215 11.109840  -0.000017 0.948976 -0.315348  0.601581 0.302713 1 0 1.000000
0  -16.461069 127.471367 11.583302  0.000010 0.948990 -0.315305  0.601581 0.302713 1 0 1.000000
blackplastic
0  -15.899521 127.317215 11.109840  -0.000017 0.948976 -0.315348  0.601581 0.302713 1 0 1.000000
0  -15.921542 127.108017 11.308034  0.011602 0.683403 0.729949  0.601581 0.302713 1 0 1.000000
0  -13.212900 127.108017 11.308034  -0.012544 0.683616 0.729734  0.601581 0.302713 1 0 1.000000
blackplastic
0  -13.212900 127.108017 11.308034  -0.012544 0.683616 0.729734  0.601581 0.302713 1 0 1.000000
0  -13.201889 127.317215 11.109840  -0.000027 0.949049 -0.315130  0.601581 0.302713 1 0 1.000000
0  -15.899521 127.317215 11.109840  -0.000017 0.948976 -0.315348  0.601581 0.302713 1 0 1.000000
blackplastic
0  -15.888511 128.451324 14.545192  0.000046 0.949009 -0.315249  0.601581 0.302713 1 0 1.000000
0  -20.997494 128.924789 16.097708  0.000050 0.949025 -0.315200  0.601581 0.302713 1 0 1.000000
0  -13.245933 128.462341 14.545192  -0.000044 0.948967 -0.315377  0.601581 0.302713 1 0 1.000000
blackplastic
0  -11.638364 128.968826 16.086695  -0.000015 0.949001 -0.315275  0.601581 0.302713 1 0 1.000000
0  -13.245933 128.462341 14.545192  -0.000044 0.948967 -0.315377  0.601581 0.302713 1 0 1.000000
0  -20.997494 128.924789 16.097708  0.000050 0.949025 -0.315200  0.601581 0.302713 1 0 1.000000
blackplastic
0  -11.682406 128.891754 16.394997  -0.000025 0.686858 0.726791  0.601581 0.302713 1 0 1.000000
0  -11.638364 128.968826 16.086695  -0.000015 0.949001 -0.315275  0.601581 0.302713 1 0 1.000000
0  -20.997494 128.924789 16.097708  0.000050 0.949025 -0.315200  0.601581 0.302713 1 0 1.000000
blackplastic
0  -20.997494 128.924789 16.097708  0.000050 0.949025 -0.315200  0.601581 0.302713 1 0 1.000000
0  -21.118612 128.825684 16.439041  -0.000006 0.686944 0.726710  0.601581 0.302713 1 0 1.000000
0  -11.682406 128.891754 16.394997  -0.000025 0.686858 0.726791  0.601581 0.302713 1 0 1.000000
blackplastic
0  -11.682406 128.891754 16.394997  -0.000025 0.686858 0.726791  0.601581 0.302713 1 0 1.000000
0  -21.118612 128.825684 16.439041  -0.000006 0.686944 0.726710  0.601581 0.302713 1 0 1.000000
0  -11.396128 126.513435 18.586134  -0.000002 0.686857 0.726793  0.601581 0.302713 1 0 1.000000
blackplastic
0  -21.118612 128.825684 16.439041  -0.000006 0.686944 0.726710  0.601581 0.302713 1 0 1.000000
0  -22.252718 126.469391 18.608156  -0.000001 0.686817 0.726830  0.601581 0.302713 1 0 1.000000
0  -11.396128 126.513435 18.586134  -0.000002 0.686857 0.726793  0.601581 0.302713 1 0 1.000000
blackplastic
0  22.252703 126.469391 18.608152  0.000001 -0.003465 0.999994  0.601581 0.302713 1 0 1.000000
0  11.164886 120.171249 18.465015  -0.000093 -0.028183 0.999603  0.601581 0.302713 1 0 1.000000
0  24.542938 120.171249 18.476025  -0.000002 -0.028174 0.999603  0.601581 0.302713 1 0 1.000000
blackplastic
0  22.252703 126.469391 18.608152  0.000001 -0.003465 0.999994  0.601581 0.302713 1 0 1.000000
0  11.396111 126.513435 18.586134  0.000002 -0.028211 0.999602  0.601581 0.302713 1 0 1.000000
0  9.964715 122.648666 18.520069  -0.000015 -0.028155 0.999604  0.601581 0.302713 1 0 1.000000
blackplastic
0  11.164886 120.171249 18.465015  -0.000093 -0.028183 0.999603  0.601581 0.302713 1 0 1.000000
0  22.252703 126.469391 18.608152  0.000001 -0.003465 0.999994  0.601581 0.302713 1 0 1.000000
0  9.964715 122.648666 18.520069  -0.000015 -0.028155 0.999604  0.601581 0.302713 1 0 1.000000
blackplastic
0  11.164886 120.171249 18.465015  -0.000093 -0.028183 0.999603  0.601581 0.302713 1 0 1.000000
0  9.964715 122.648666 18.520069  -0.000015 -0.028155 0.999604  0.601581 0.302713 1 0 1.000000
0  9.414178 122.285309 18.509058  0.001135 -0.027093 0.999632  0.601581 0.302713 1 0 1.000000
blackplastic
0  11.164886 120.171249 18.465015  -0.000093 -0.028183 0.999603  0.601581 0.302713 1 0 1.000000
0  9.414178 122.285309 18.509058  0.001135 -0.027093 0.999632  0.601581 0.302713 1 0 1.000000
0  -0.000008 120.171249 18.465015  -0.000000 -0.028209 0.999602  0.601581 0.302713 1 0 1.000000
blackplastic
0  9.414178 122.285309 18.509058  0.001135 -0.027093 0.999632  0.601581 0.302713 1 0 1.000000
0  -0.000008 122.285309 18.509058  0.000000 -0.028209 0.999602  0.601581 0.302713 1 0 1.000000
0  -0.000008 120.171249 18.465015  -0.000000 -0.028209 0.999602  0.601581 0.302713 1 0 1.000000
blackplastic
0  -0.000008 120.171249 18.465015  -0.000000 -0.028209 0.999602  0.601581 0.302713 1 0 1.000000
0  -0.000008 122.285309 18.509058  0.000000 -0.028209 0.999602  0.601581 0.302713 1 0 1.000000
0  -9.414193 122.285309 18.509058  -0.001166 -0.027239 0.999628  0.601581 0.302713 1 0 1.000000
blackplastic
0  -11.164901 120.171249 18.465015  0.000094 -0.028184 0.999603  0.601581 0.302713 1 0 1.000000
0  -0.000008 120.171249 18.465015  -0.000000 -0.028209 0.999602  0.601581 0.302713 1 0 1.000000
0  -9.414193 122.285309 18.509058  -0.001166 -0.027239 0.999628  0.601581 0.302713 1 0 1.000000
blackplastic
0  -11.164901 120.171249 18.465015  0.000094 -0.028184 0.999603  0.601581 0.302713 1 0 1.000000
0  -9.414193 122.285309 18.509058  -0.001166 -0.027239 0.999628  0.601581 0.302713 1 0 1.000000
0  -9.964730 122.648666 18.520069  0.000015 -0.028155 0.999604  0.601581 0.302713 1 0 1.000000
blackplastic
0  -11.164901 120.171249 18.465015  0.000094 -0.028184 0.999603  0.601581 0.302713 1 0 1.000000
0  -9.964730 122.648666 18.520069  0.000015 -0.028155 0.999604  0.601581 0.302713 1 0 1.000000
0  -22.252718 126.469391 18.608156  0.000000 -0.003465 0.999994  0.601581 0.302713 1 0 1.000000
blackplastic
0  -22.252718 126.469391 18.608156  0.000000 -0.003465 0.999994  0.601581 0.302713 1 0 1.000000
0  -24.542953 120.171249 18.476028  0.000003 -0.028174 0.999603  0.601581 0.302713 1 0 1.000000
0  -11.164901 120.171249 18.465015  0.000094 -0.028184 0.999603  0.601581 0.302713 1 0 1.000000
blackplastic
0  -22.252718 126.469391 18.608156  0.000000 -0.003465 0.999994  0.601581 0.302713 1 0 1.000000
0  -9.964730 122.648666 18.520069  0.000015 -0.028155 0.999604  0.601581 0.302713 1 0 1.000000
0  -11.396128 126.513435 18.586134  -0.000000 -0.028211 0.999602  0.601581 0.302713 1 0 1.000000
blackplastic
0  18.101652 126.436356 8.918700  0.355388 0.473384 -0.805982  0.601581 0.302713 1 0 1.000000
0  35.575703 122.483505 14.346995  0.354790 0.456711 -0.815806  0.601581 0.302713 1 0 1.000000
0  34.551704 121.382431 13.179856  0.354792 0.456515 -0.815915  0.601581 0.302713 1 0 1.000000
blackplastic
0  34.551704 121.382431 13.179856  0.354792 0.456515 -0.815915  0.601581 0.302713 1 0 1.000000
0  23.507929 122.615631 9.127904  0.354695 0.456902 -0.815740  0.601581 0.302713 1 0 1.000000
0  18.101652 126.436356 8.918700  0.355388 0.473384 -0.805982  0.601581 0.302713 1 0 1.000000
blackplastic
0  28.077387 120.160233 9.766527  0.358316 0.403825 -0.841745  0.601581 0.302713 1 0 1.000000
0  23.507929 122.615631 9.127904  0.354695 0.456902 -0.815740  0.601581 0.302713 1 0 1.000000
0  34.551704 121.382431 13.179856  0.354792 0.456515 -0.815915  0.601581 0.302713 1 0 1.000000
blackplastic
0  34.551704 121.382431 13.179856  0.354792 0.456515 -0.815915  0.601581 0.302713 1 0 1.000000
0  33.858025 120.149223 12.221922  0.359400 0.426693 -0.829918  0.601581 0.302713 1 0 1.000000
0  28.077387 120.160233 9.766527  0.358316 0.403825 -0.841745  0.601581 0.302713 1 0 1.000000
blackplastic
0  28.077387 120.160233 9.766527  0.358316 0.403825 -0.841745  0.601581 0.302713 1 0 1.000000
0  33.858025 120.149223 12.221922  0.359400 0.426693 -0.829918  0.601581 0.302713 1 0 1.000000
0  33.417595 118.552666 11.396116  0.364800 0.355359 -0.860605  0.601581 0.302713 1 0 1.000000
blackplastic
0  33.417595 118.552666 11.396116  0.364800 0.355359 -0.860605  0.601581 0.302713 1 0 1.000000
0  31.391621 117.517654 10.173924  0.372507 0.295932 -0.879581  0.601581 0.302713 1 0 1.000000
0  28.077387 120.160233 9.766527  0.358316 0.403825 -0.841745  0.601581 0.302713 1 0 1.000000
blackplastic
0  33.208393 116.978134 10.812547  0.387322 0.256326 -0.885595  0.601581 0.302713 1 0 1.000000
0  31.391621 117.517654 10.173924  0.372507 0.295932 -0.879581  0.601581 0.302713 1 0 1.000000
0  33.417595 118.552666 11.396116  0.364800 0.355359 -0.860605  0.601581 0.302713 1 0 1.000000
blackplastic
0  32.800995 115.943123 10.328074  0.389434 0.250199 -0.886420  0.601581 0.302713 1 0 1.000000
0  31.391621 117.517654 10.173924  0.372507 0.295932 -0.879581  0.601581 0.302713 1 0 1.000000
0  33.208393 116.978134 10.812547  0.387322 0.256326 -0.885595  0.601581 0.302713 1 0 1.000000
blackplastic
0  33.208393 116.978134 10.812547  0.387322 0.256326 -0.885595  0.601581 0.302713 1 0 1.000000
0  33.186371 115.755936 10.482224  0.389419 0.250202 -0.886426  0.601581 0.302713 1 0 1.000000
0  32.800995 115.943123 10.328074  0.389434 0.250199 -0.886420  0.601581 0.302713 1 0 1.000000
blackplastic
0  17.187759 124.267242 8.984765  -0.195211 -0.980741 0.006341  0.601581 0.302713 1 0 1.000000
0  17.242813 124.267242 8.830615  -0.151298 -0.987657 -0.040538  0.601581 0.302713 1 0 1.000000
0  19.973478 123.705696 9.105883  -0.222328 -0.969494 -0.103208  0.601581 0.302713 1 0 1.000000
blackplastic
0  17.242813 124.267242 8.830615  -0.151298 -0.987657 -0.040538  0.601581 0.302713 1 0 1.000000
0  19.973478 123.727715 8.940722  -0.217791 -0.971074 -0.097890  0.601581 0.302713 1 0 1.000000
0  19.973478 123.705696 9.105883  -0.222328 -0.969494 -0.103208  0.601581 0.302713 1 0 1.000000
blackplastic
0  19.973478 123.727715 8.940722  -0.217791 -0.971074 -0.097890  0.601581 0.302713 1 0 1.000000
0  23.507929 122.615631 9.127904  -0.281593 -0.897181 -0.340252  0.601581 0.302713 1 0 1.000000
0  19.973478 123.705696 9.105883  -0.222328 -0.969494 -0.103208  0.601581 0.302713 1 0 1.000000
blackplastic
0  23.507929 122.615631 9.127904  -0.281608 -0.897156 -0.340306  0.601581 0.302713 1 0 1.000000
0  23.507929 122.549568 9.282054  -0.279513 -0.896467 -0.343832  0.601581 0.302713 1 0 1.000000
0  19.973478 123.705696 9.105883  -0.222334 -0.969485 -0.103281  0.601581 0.302713 1 0 1.000000
blackplastic
0  33.516693 115.535721 10.933664  0.035960 -0.938495 -0.343414  0.601581 0.302713 1 0 1.000000
0  33.087273 115.711899 10.603342  -0.056212 -0.913894 -0.402041  0.601581 0.302713 1 0 1.000000
0  33.186371 115.755936 10.482224  -0.056499 -0.913883 -0.402028  0.601581 0.302713 1 0 1.000000
blackplastic
0  33.186371 115.755936 10.482224  -0.056499 -0.913883 -0.402028  0.601581 0.302713 1 0 1.000000
0  33.626801 115.579765 10.823557  0.041004 -0.940042 -0.338584  0.601581 0.302713 1 0 1.000000
0  33.516693 115.535721 10.933664  0.035960 -0.938495 -0.343414  0.601581 0.302713 1 0 1.000000
blackplastic
0  34.001167 115.458649 11.352073  0.157401 -0.962308 -0.221782  0.601581 0.302713 1 0 1.000000
0  33.516693 115.535721 10.933664  0.035960 -0.938495 -0.343414  0.601581 0.302713 1 0 1.000000
0  33.626801 115.579765 10.823557  0.041004 -0.940042 -0.338584  0.601581 0.302713 1 0 1.000000
blackplastic
0  33.626801 115.579765 10.823557  0.041004 -0.940042 -0.338584  0.601581 0.302713 1 0 1.000000
0  34.111275 115.502693 11.241965  0.161802 -0.962630 -0.217170  0.601581 0.302713 1 0 1.000000
0  34.001167 115.458649 11.352073  0.157401 -0.962308 -0.221782  0.601581 0.302713 1 0 1.000000
blackplastic
0  35.058197 115.480667 12.310007  0.189408 -0.963794 -0.187684  0.601581 0.302713 1 0 1.000000
0  34.001167 115.458649 11.352073  0.157401 -0.962308 -0.221782  0.601581 0.302713 1 0 1.000000
0  34.111275 115.502693 11.241965  0.161802 -0.962630 -0.217170  0.601581 0.302713 1 0 1.000000
blackplastic
0  34.111275 115.502693 11.241965  0.161802 -0.962630 -0.217170  0.601581 0.302713 1 0 1.000000
0  35.179314 115.524712 12.210911  0.189400 -0.963797 -0.187678  0.601581 0.302713 1 0 1.000000
0  35.058197 115.480667 12.310007  0.189408 -0.963794 -0.187684  0.601581 0.302713 1 0 1.000000
blackplastic
0  18.597136 130.708527 11.484203  1.000000 -0.000002 0.000000  0.601581 0.302713 1 0 1.000000
0  18.597136 130.290115 11.462182  1.000000 -0.000002 0.000000  0.601581 0.302713 1 0 1.000000
0  18.597136 130.686508 10.867602  1.000000 -0.000000 0.000000  0.601581 0.302713 1 0 1.000000
blackplastic
0  18.597136 130.686508 10.867602  1.000000 -0.000000 0.000000  0.601581 0.302713 1 0 1.000000
0  18.597136 131.204010 11.120850  1.000000 0.000001 0.000000  0.601581 0.302713 1 0 1.000000
0  18.597136 130.708527 11.484203  1.000000 -0.000002 0.000000  0.601581 0.302713 1 0 1.000000
blackplastic
0  18.597136 130.708527 11.484203  1.000000 -0.000002 0.000000  0.601581 0.302713 1 0 1.000000
0  18.597136 131.204010 11.120850  1.000000 0.000001 0.000000  0.601581 0.302713 1 0 1.000000
0  18.597136 130.983795 11.792504  1.000000 0.000000 0.000000  0.601581 0.302713 1 0 1.000000
blackplastic
0  18.597136 130.983795 11.792504  1.000000 0.000000 0.000000  0.601581 0.302713 1 0 1.000000
0  18.597136 131.204010 11.120850  1.000000 0.000001 0.000000  0.601581 0.302713 1 0 1.000000
0  18.597136 131.534332 11.605322  1.000000 0.000000 0.000000  0.601581 0.302713 1 0 1.000000
blackplastic
0  18.597136 130.983795 11.792504  1.000000 0.000000 0.000000  0.601581 0.302713 1 0 1.000000
0  18.597136 131.534332 11.605322  1.000000 0.000000 0.000000  0.601581 0.302713 1 0 1.000000
0  18.597136 131.567368 12.188891  1.000000 0.000000 0.000000  0.601581 0.302713 1 0 1.000000
blackplastic
0  18.597136 131.567368 12.188891  1.000000 0.000000 0.000000  0.601581 0.302713 1 0 1.000000
0  18.597136 130.950760 12.210913  1.000000 0.000000 0.000000  0.601581 0.302713 1 0 1.000000
0  18.597136 130.983795 11.792504  1.000000 0.000000 0.000000  0.601581 0.302713 1 0 1.000000
blackplastic
0  18.597136 130.950760 12.210913  1.000000 0.000000 0.000000  0.601581 0.302713 1 0 1.000000
0  18.597136 131.567368 12.188891  1.000000 0.000000 0.000000  0.601581 0.302713 1 0 1.000000
0  18.597136 131.314117 12.706396  1.000000 0.000000 -0.000000  0.601581 0.302713 1 0 1.000000
blackplastic
0  18.597136 131.314117 12.706396  1.000000 0.000000 -0.000000  0.601581 0.302713 1 0 1.000000
0  18.597136 130.642456 12.475170  1.000000 0.000001 0.000000  0.601581 0.302713 1 0 1.000000
0  18.597136 130.950760 12.210913  1.000000 0.000000 0.000000  0.601581 0.302713 1 0 1.000000
blackplastic
0  18.597136 129.860703 13.356030  1.000000 0.000000 0.000000  0.601581 0.302713 1 0 1.000000
0  18.597136 130.642456 12.475170  1.000000 0.000001 0.000000  0.601581 0.302713 1 0 1.000000
0  18.597136 131.314117 12.706396  1.000000 0.000000 -0.000000  0.601581 0.302713 1 0 1.000000
blackplastic
0  18.597136 130.235062 12.453149  1.000000 0.000003 0.000000  0.601581 0.302713 1 0 1.000000
0  18.597136 130.642456 12.475170  1.000000 0.000001 0.000000  0.601581 0.302713 1 0 1.000000
0  18.597136 129.860703 13.356030  1.000000 0.000000 0.000000  0.601581 0.302713 1 0 1.000000
blackplastic
0  18.597136 129.860703 13.356030  1.000000 0.000000 0.000000  0.601581 0.302713 1 0 1.000000
0  18.597136 129.761597 13.047729  1.000000 0.000001 0.000000  0.601581 0.302713 1 0 1.000000
0  18.597136 130.235062 12.453149  1.000000 0.000003 0.000000  0.601581 0.302713 1 0 1.000000
blackplastic
0  18.597136 129.959793 12.144848  1.000000 0.000001 0.000000  0.601581 0.302713 1 0 1.000000
0  18.597136 130.235062 12.453149  1.000000 0.000003 0.000000  0.601581 0.302713 1 0 1.000000
0  18.597136 129.761597 13.047729  1.000000 0.000001 0.000000  0.601581 0.302713 1 0 1.000000
blackplastic
0  18.597136 129.761597 13.047729  1.000000 0.000001 0.000000  0.601581 0.302713 1 0 1.000000
0  18.597136 129.442291 12.992676  1.000000 0.000002 0.000000  0.601581 0.302713 1 0 1.000000
0  18.597136 129.959793 12.144848  1.000000 0.000001 0.000000  0.601581 0.302713 1 0 1.000000
blackplastic
0  18.597136 129.442291 12.992676  1.000000 0.000002 0.000000  0.601581 0.302713 1 0 1.000000
0  18.597136 127.130035 10.680420  1.000000 0.000001 0.000000  0.601581 0.302713 1 0 1.000000
0  18.597136 129.959793 12.144848  1.000000 0.000001 0.000000  0.601581 0.302713 1 0 1.000000
blackplastic
0  18.597136 127.130035 10.680420  1.000000 0.000001 0.000000  0.601581 0.302713 1 0 1.000000
0  18.597136 129.442291 12.992676  1.000000 0.000002 0.000000  0.601581 0.302713 1 0 1.000000
0  18.597136 129.233093 13.223901  1.000000 0.000005 0.000000  0.601581 0.302713 1 0 1.000000
blackplastic
0  18.597137 128.561432 15.007642  1.000000 0.000001 -0.000001  0.601581 0.302713 1 0 1.000000
0  18.597136 127.130035 10.680420  1.000000 0.000000 -0.000001  0.601581 0.302713 1 0 1.000000
0  18.597136 129.233093 13.223901  1.000000 0.000002 -0.000001  0.601581 0.302713 1 0 1.000000
blackplastic
0  18.597136 129.233093 13.223901  1.000000 0.000002 -0.000001  0.601581 0.302713 1 0 1.000000
0  18.597136 129.343201 13.532202  1.000000 0.000007 -0.000001  0.601581 0.302713 1 0 1.000000
0  18.597137 128.561432 15.007642  1.000000 0.000001 -0.000001  0.601581 0.302713 1 0 1.000000
blackplastic
0  18.597137 128.561432 15.007642  1.000000 0.000001 -0.000001  0.601581 0.302713 1 0 1.000000
0  18.597136 129.343201 13.532202  1.000000 0.000007 -0.000001  0.601581 0.302713 1 0 1.000000
0  18.597136 129.651489 13.587255  1.000000 -0.000001 -0.000002  0.601581 0.302713 1 0 1.000000
blackplastic
0  18.597137 128.561432 15.007642  1.000000 0.000001 -0.000001  0.601581 0.302713 1 0 1.000000
0  18.597136 129.651489 13.587255  1.000000 -0.000001 -0.000002  0.601581 0.302713 1 0 1.000000
0  18.597136 131.314117 12.706396  1.000000 0.000000 -0.000000  0.601581 0.302713 1 0 1.000000
blackplastic
0  18.597136 131.314117 12.706396  1.000000 0.000000 -0.000000  0.601581 0.302713 1 0 1.000000
0  18.597136 129.651489 13.587255  1.000000 -0.000001 -0.000002  0.601581 0.302713 1 0 1.000000
0  18.597136 129.860703 13.356030  1.000000 0.000000 0.000000  0.601581 0.302713 1 0 1.000000
blackplastic
0  18.597136 130.686508 10.867602  1.000000 -0.000000 0.000000  0.601581 0.302713 1 0 1.000000
0  18.597136 130.290115 11.462182  1.000000 -0.000002 0.000000  0.601581 0.302713 1 0 1.000000
0  18.597136 127.130035 10.680420  1.000000 0.000001 0.000000  0.601581 0.302713 1 0 1.000000
blackplastic
0  18.597136 127.130035 10.680420  1.000000 0.000001 0.000000  0.601581 0.302713 1 0 1.000000
0  18.597136 130.290115 11.462182  1.000000 -0.000002 0.000000  0.601581 0.302713 1 0 1.000000
0  18.597136 129.981812 11.726440  1.000000 0.000000 0.000000  0.601581 0.302713 1 0 1.000000
blackplastic
0  18.597136 129.981812 11.726440  1.000000 0.000000 0.000000  0.601581 0.302713 1 0 1.000000
0  18.597136 129.959793 12.144848  1.000000 0.000001 0.000000  0.601581 0.302713 1 0 1.000000
0  18.597136 127.130035 10.680420  1.000000 0.000001 0.000000  0.601581 0.302713 1 0 1.000000
blackplastic
0  20.182682 127.229134 11.572289  -0.181110 0.971913 -0.150282  0.601581 0.302713 1 0 1.000000
0  19.973478 127.218124 11.759471  0.319302 0.853076 -0.412684  0.601581 0.302713 1 0 1.000000
0  20.237736 127.108017 11.627342  0.319381 0.853138 -0.412493  0.601581 0.302713 1 0 1.000000
blackplastic
0  20.182682 127.229134 11.572289  -0.181110 0.971913 -0.150282  0.601581 0.302713 1 0 1.000000
0  19.995499 127.074982 11.098826  -0.181209 0.971910 -0.150184  0.601581 0.302713 1 0 1.000000
0  19.973478 127.218124 11.759471  0.319302 0.853076 -0.412684  0.601581 0.302713 1 0 1.000000
blackplastic
0  19.995499 127.074982 11.098826  -0.181209 0.971910 -0.150184  0.601581 0.302713 1 0 1.000000
0  19.720230 127.008919 11.131859  0.319338 0.853119 -0.412567  0.601581 0.302713 1 0 1.000000
0  19.973478 127.218124 11.759471  0.319302 0.853076 -0.412684  0.601581 0.302713 1 0 1.000000
blackplastic
0  19.995499 127.074982 11.098826  -0.181209 0.971910 -0.150184  0.601581 0.302713 1 0 1.000000
0  19.962467 126.931839 11.087816  0.319040 0.853099 -0.412838  0.601581 0.302713 1 0 1.000000
0  19.720230 127.008919 11.131859  0.319338 0.853119 -0.412567  0.601581 0.302713 1 0 1.000000
blackplastic
0  21.173649 128.043930 14.027684  -0.181170 0.971974 -0.149814  0.601581 0.302713 1 0 1.000000
0  21.217691 127.922806 14.027684  0.319290 0.852988 -0.412875  0.601581 0.302713 1 0 1.000000
0  20.898380 127.988876 14.060717  0.319300 0.853151 -0.412529  0.601581 0.302713 1 0 1.000000
blackplastic
0  21.173649 128.043930 14.027684  -0.181170 0.971974 -0.149814  0.601581 0.302713 1 0 1.000000
0  20.898380 127.988876 14.060717  0.319300 0.853151 -0.412529  0.601581 0.302713 1 0 1.000000
0  21.151628 128.198074 14.699340  0.319391 0.853103 -0.412560  0.601581 0.302713 1 0 1.000000
blackplastic
0  21.371841 128.209091 14.512157  -0.181108 0.971914 -0.150277  0.601581 0.302713 1 0 1.000000
0  21.173649 128.043930 14.027684  -0.181170 0.971974 -0.149814  0.601581 0.302713 1 0 1.000000
0  21.151628 128.198074 14.699340  0.319391 0.853103 -0.412560  0.601581 0.302713 1 0 1.000000
blackplastic
0  21.151628 128.198074 14.699340  0.319391 0.853103 -0.412560  0.601581 0.302713 1 0 1.000000
0  21.437908 128.087967 14.534179  0.450395 0.570921 0.686436  0.601581 0.302713 1 0 1.000000
0  21.371841 128.209091 14.512157  -0.181108 0.971914 -0.150277  0.601581 0.302713 1 0 1.000000
blackplastic
0  20.590080 127.427322 11.495214  0.379097 0.821366 -0.426197  0.601581 0.302713 1 0 1.000000
0  20.689177 127.174080 11.539256  0.853084 -0.488977 -0.182070  0.601581 0.302713 1 0 1.000000
0  20.391886 126.931839 10.823558  0.853135 -0.488901 -0.182031  0.601581 0.302713 1 0 1.000000
blackplastic
0  20.391886 126.931839 10.823558  0.853135 -0.488901 -0.182031  0.601581 0.302713 1 0 1.000000
0  20.303801 127.185089 10.779515  0.377033 0.822295 -0.426236  0.601581 0.302713 1 0 1.000000
0  20.590080 127.427322 11.495214  0.379097 0.821366 -0.426197  0.601581 0.302713 1 0 1.000000
blackplastic
0  20.590080 127.427322 11.495214  0.379097 0.821366 -0.426197  0.601581 0.302713 1 0 1.000000
0  20.303801 127.185089 10.779515  0.377033 0.822295 -0.426236  0.601581 0.302713 1 0 1.000000
0  20.072575 127.119026 10.889623  -0.642996 0.765853 0.004938  0.601581 0.302713 1 0 1.000000
blackplastic
0  20.072575 127.119026 10.889623  -0.642996 0.765853 0.004938  0.601581 0.302713 1 0 1.000000
0  20.303801 127.185089 10.779515  0.377033 0.822295 -0.426236  0.601581 0.302713 1 0 1.000000
0  20.171671 126.975883 10.713450  -0.357970 -0.294757 -0.885989  0.601581 0.302713 1 0 1.000000
blackplastic
0  20.160660 126.865776 10.944676  -0.024039 -0.945699 0.324154  0.601581 0.302713 1 0 1.000000
0  20.072575 127.119026 10.889623  -0.642996 0.765853 0.004938  0.601581 0.302713 1 0 1.000000
0  20.171671 126.975883 10.713450  -0.357970 -0.294757 -0.885989  0.601581 0.302713 1 0 1.000000
blackplastic
0  20.171671 126.975883 10.713450  -0.357970 -0.294757 -0.885989  0.601581 0.302713 1 0 1.000000
0  20.391886 126.931839 10.823558  0.853135 -0.488901 -0.182031  0.601581 0.302713 1 0 1.000000
0  20.160660 126.865776 10.944676  -0.024039 -0.945699 0.324154  0.601581 0.302713 1 0 1.000000
blackplastic
0  20.160660 126.865776 10.944676  -0.024039 -0.945699 0.324154  0.601581 0.302713 1 0 1.000000
0  20.391886 126.931839 10.823558  0.853135 -0.488901 -0.182031  0.601581 0.302713 1 0 1.000000
0  20.689177 127.174080 11.539256  0.853084 -0.488977 -0.182070  0.601581 0.302713 1 0 1.000000
blackplastic
0  20.689177 127.174080 11.539256  0.853084 -0.488977 -0.182070  0.601581 0.302713 1 0 1.000000
0  20.446939 127.108017 11.660375  -0.023883 -0.945578 0.324517  0.601581 0.302713 1 0 1.000000
0  20.160660 126.865776 10.944676  -0.024039 -0.945699 0.324154  0.601581 0.302713 1 0 1.000000
blackplastic
0  20.160660 126.865776 10.944676  -0.024039 -0.945699 0.324154  0.601581 0.302713 1 0 1.000000
0  20.446939 127.108017 11.660375  -0.023883 -0.945578 0.324517  0.601581 0.302713 1 0 1.000000
0  20.237736 127.108017 11.627342  -0.022923 -0.919991 0.391269  0.601581 0.302713 1 0 1.000000
blackplastic
0  20.237736 127.108017 11.627342  -0.022923 -0.919991 0.391269  0.601581 0.302713 1 0 1.000000
0  20.446939 127.108017 11.660375  -0.023883 -0.945578 0.324517  0.601581 0.302713 1 0 1.000000
0  20.358854 127.361259 11.616332  -0.642923 0.765915 0.004981  0.601581 0.302713 1 0 1.000000
blackplastic
0  20.182682 127.229134 11.572289  -0.641947 0.763139 -0.074316  0.601581 0.302713 1 0 1.000000
0  20.237736 127.108017 11.627342  -0.022923 -0.919991 0.391269  0.601581 0.302713 1 0 1.000000
0  20.358854 127.361259 11.616332  -0.642923 0.765915 0.004981  0.601581 0.302713 1 0 1.000000
blackplastic
0  19.995499 127.074982 11.098826  -0.641903 0.763167 -0.074406  0.601581 0.302713 1 0 1.000000
0  20.182682 127.229134 11.572289  -0.641947 0.763139 -0.074316  0.601581 0.302713 1 0 1.000000
0  20.358854 127.361259 11.616332  -0.642923 0.765915 0.004981  0.601581 0.302713 1 0 1.000000
blackplastic
0  20.358854 127.361259 11.616332  -0.642923 0.765915 0.004981  0.601581 0.302713 1 0 1.000000
0  20.072575 127.119026 10.889623  -0.642996 0.765853 0.004938  0.601581 0.302713 1 0 1.000000
0  19.995499 127.074982 11.098826  -0.641903 0.763167 -0.074406  0.601581 0.302713 1 0 1.000000
blackplastic
0  19.995499 127.074982 11.098826  -0.641903 0.763167 -0.074406  0.601581 0.302713 1 0 1.000000
0  20.072575 127.119026 10.889623  -0.642996 0.765853 0.004938  0.601581 0.302713 1 0 1.000000
0  20.160660 126.865776 10.944676  -0.024039 -0.945699 0.324154  0.601581 0.302713 1 0 1.000000
blackplastic
0  20.160660 126.865776 10.944676  -0.024039 -0.945699 0.324154  0.601581 0.302713 1 0 1.000000
0  19.962467 126.931839 11.087816  -0.071245 -0.959657 0.271996  0.601581 0.302713 1 0 1.000000
0  19.995499 127.074982 11.098826  -0.641903 0.763167 -0.074406  0.601581 0.302713 1 0 1.000000
blackplastic
0  20.237736 127.108017 11.627342  -0.022923 -0.919991 0.391269  0.601581 0.302713 1 0 1.000000
0  19.962467 126.931839 11.087816  -0.071247 -0.959658 0.271993  0.601581 0.302713 1 0 1.000000
0  20.160660 126.865776 10.944676  -0.024039 -0.945699 0.324154  0.601581 0.302713 1 0 1.000000
blackplastic
0  20.358854 127.361259 11.616332  -0.642923 0.765915 0.004981  0.601581 0.302713 1 0 1.000000
0  20.590080 127.427322 11.495214  0.379097 0.821366 -0.426197  0.601581 0.302713 1 0 1.000000
0  20.072575 127.119026 10.889623  -0.642996 0.765853 0.004938  0.601581 0.302713 1 0 1.000000
blackplastic
0  20.303801 127.185089 10.779515  0.377033 0.822295 -0.426236  0.601581 0.302713 1 0 1.000000
0  20.391886 126.931839 10.823558  0.853135 -0.488901 -0.182031  0.601581 0.302713 1 0 1.000000
0  20.171671 126.975883 10.713450  -0.357970 -0.294757 -0.885989  0.601581 0.302713 1 0 1.000000
blackplastic
0  -21.867342 128.154037 14.479129  -0.853248 -0.488633 -0.182223  0.601581 0.302713 1 0 1.000000
0  -21.581066 127.911797 13.763431  -0.853250 -0.488663 -0.182134  0.601581 0.302713 1 0 1.000000
0  -21.636118 128.087967 14.600246  0.023938 -0.945605 0.324435  0.601581 0.302713 1 0 1.000000
blackplastic
0  -21.581066 127.911797 13.763431  -0.853250 -0.488663 -0.182134  0.601581 0.302713 1 0 1.000000
0  -21.867342 128.154037 14.479129  -0.853148 -0.488809 -0.182219  0.601581 0.302713 1 0 1.000000
0  -21.779259 128.396271 14.435085  -0.379404 0.821150 -0.426339  0.601581 0.302713 1 0 1.000000
blackplastic
0  -21.779259 128.396271 14.435085  -0.379404 0.821150 -0.426339  0.601581 0.302713 1 0 1.000000
0  -21.492979 128.165039 13.719387  -0.379394 0.821012 -0.426613  0.601581 0.302713 1 0 1.000000
0  -21.581066 127.911797 13.763431  -0.853250 -0.488663 -0.182134  0.601581 0.302713 1 0 1.000000
blackplastic
0  -21.250744 128.098984 13.829494  0.643090 0.765774 0.005038  0.601581 0.302713 1 0 1.000000
0  -21.492979 128.165039 13.719387  -0.379394 0.821012 -0.426613  0.601581 0.302713 1 0 1.000000
0  -21.779259 128.396271 14.435085  -0.379404 0.821150 -0.426339  0.601581 0.302713 1 0 1.000000
blackplastic
0  -21.250744 128.098984 13.829494  0.643090 0.765774 0.005038  0.601581 0.302713 1 0 1.000000
0  -21.360851 127.955841 13.653323  0.357715 -0.294448 -0.886195  0.601581 0.302713 1 0 1.000000
0  -21.492979 128.165039 13.719387  -0.379394 0.821012 -0.426613  0.601581 0.302713 1 0 1.000000
blackplastic
0  -21.349840 127.845734 13.873538  0.023855 -0.945727 0.324086  0.601581 0.302713 1 0 1.000000
0  -21.360851 127.955841 13.653323  0.357715 -0.294448 -0.886195  0.601581 0.302713 1 0 1.000000
0  -21.250744 128.098984 13.829494  0.643090 0.765774 0.005038  0.601581 0.302713 1 0 1.000000
blackplastic
0  -21.581066 127.911797 13.763431  -0.853250 -0.488663 -0.182134  0.601581 0.302713 1 0 1.000000
0  -21.360851 127.955841 13.653323  0.357715 -0.294448 -0.886195  0.601581 0.302713 1 0 1.000000
0  -21.349840 127.845734 13.873538  0.023855 -0.945727 0.324086  0.601581 0.302713 1 0 1.000000
blackplastic
0  -21.581066 127.911797 13.763431  -0.853250 -0.488663 -0.182134  0.601581 0.302713 1 0 1.000000
0  -21.349840 127.845734 13.873538  0.023855 -0.945727 0.324086  0.601581 0.302713 1 0 1.000000
0  -21.636118 128.087967 14.600246  0.023938 -0.945605 0.324435  0.601581 0.302713 1 0 1.000000
blackplastic
0  -21.437923 128.087967 14.534183  0.023223 -0.920016 0.391192  0.601581 0.302713 1 0 1.000000
0  -21.636118 128.087967 14.600246  0.023938 -0.945605 0.324435  0.601581 0.302713 1 0 1.000000
0  -21.349840 127.845734 13.873538  0.023855 -0.945727 0.324086  0.601581 0.302713 1 0 1.000000
blackplastic
0  -21.548033 128.341217 14.545193  0.643075 0.765785 0.005210  0.601581 0.302713 1 0 1.000000
0  -21.636118 128.087967 14.600246  0.023938 -0.945605 0.324435  0.601581 0.302713 1 0 1.000000
0  -21.437923 128.087967 14.534183  0.023223 -0.920016 0.391192  0.601581 0.302713 1 0 1.000000
blackplastic
0  -21.437923 128.087967 14.534183  0.023223 -0.920016 0.391192  0.601581 0.302713 1 0 1.000000
0  -21.371861 128.209091 14.512161  0.641941 0.763116 -0.074607  0.601581 0.302713 1 0 1.000000
0  -21.548033 128.341217 14.545193  0.643075 0.765785 0.005210  0.601581 0.302713 1 0 1.000000
blackplastic
0  -21.548033 128.341217 14.545193  0.643075 0.765785 0.005210  0.601581 0.302713 1 0 1.000000
0  -21.371861 128.209091 14.512161  0.641941 0.763116 -0.074607  0.601581 0.302713 1 0 1.000000
0  -21.173668 128.043930 14.027688  0.641977 0.763095 -0.074511  0.601581 0.302713 1 0 1.000000
blackplastic
0  -21.173668 128.043930 14.027688  0.641977 0.763095 -0.074511  0.601581 0.302713 1 0 1.000000
0  -21.250744 128.098984 13.829494  0.643090 0.765774 0.005038  0.601581 0.302713 1 0 1.000000
0  -21.548033 128.341217 14.545193  0.643075 0.765785 0.005210  0.601581 0.302713 1 0 1.000000
blackplastic
0  -21.250744 128.098984 13.829494  0.643090 0.765774 0.005038  0.601581 0.302713 1 0 1.000000
0  -21.173668 128.043930 14.027688  0.641977 0.763095 -0.074511  0.601581 0.302713 1 0 1.000000
0  -21.217710 127.922806 14.027688  0.071103 -0.959681 0.271949  0.601581 0.302713 1 0 1.000000
blackplastic
0  -21.217710 127.922806 14.027688  0.071103 -0.959681 0.271949  0.601581 0.302713 1 0 1.000000
0  -21.349840 127.845734 13.873538  0.023855 -0.945727 0.324086  0.601581 0.302713 1 0 1.000000
0  -21.250744 128.098984 13.829494  0.643090 0.765774 0.005038  0.601581 0.302713 1 0 1.000000
blackplastic
0  -21.349840 127.845734 13.873538  0.023855 -0.945727 0.324086  0.601581 0.302713 1 0 1.000000
0  -21.217710 127.922806 14.027688  0.071103 -0.959681 0.271949  0.601581 0.302713 1 0 1.000000
0  -21.437923 128.087967 14.534183  0.023330 -0.920003 0.391217  0.601581 0.302713 1 0 1.000000
blackplastic
0  -21.492979 128.165039 13.719387  -0.379394 0.821012 -0.426613  0.601581 0.302713 1 0 1.000000
0  -21.360851 127.955841 13.653323  0.357715 -0.294448 -0.886195  0.601581 0.302713 1 0 1.000000
0  -21.581066 127.911797 13.763431  -0.853250 -0.488663 -0.182134  0.601581 0.302713 1 0 1.000000
blackplastic
0  -21.548033 128.341217 14.545193  0.643075 0.765785 0.005210  0.601581 0.302713 1 0 1.000000
0  -21.250744 128.098984 13.829494  0.643090 0.765774 0.005038  0.601581 0.302713 1 0 1.000000
0  -21.779259 128.396271 14.435085  -0.379404 0.821150 -0.426339  0.601581 0.302713 1 0 1.000000
blackplastic
0  -8.070883 123.023026 11.572291  -0.017905 -0.036944 0.999157  0.601581 0.302713 1 0 1.000000
0  -2.939877 126.700615 11.682398  -0.003883 -0.023367 0.999719  0.601581 0.302713 1 0 1.000000
0  -8.797592 125.577522 11.649366  -0.017065 -0.029169 0.999429  0.601581 0.302713 1 0 1.000000
blackplastic
0  -8.070883 123.023026 11.572291  -0.017905 -0.036944 0.999157  0.601581 0.302713 1 0 1.000000
0  -0.000008 123.089096 11.572290  0.000001 -0.033335 0.999444  0.601581 0.302713 1 0 1.000000
0  -2.939877 126.700615 11.682398  -0.003883 -0.023367 0.999719  0.601581 0.302713 1 0 1.000000
blackplastic
0  -2.939877 126.700615 11.682398  -0.003883 -0.023367 0.999719  0.601581 0.302713 1 0 1.000000
0  -0.000008 123.089096 11.572290  0.000001 -0.033335 0.999444  0.601581 0.302713 1 0 1.000000
0  -0.000009 126.700615 11.682398  -0.000000 -0.022968 0.999736  0.601581 0.302713 1 0 1.000000
blackplastic
0  2.939860 126.700615 11.682398  0.003873 -0.023394 0.999719  0.601581 0.302713 1 0 1.000000
0  -0.000009 126.700615 11.682398  -0.000000 -0.022968 0.999736  0.601581 0.302713 1 0 1.000000
0  -0.000008 123.089096 11.572290  0.000001 -0.033335 0.999444  0.601581 0.302713 1 0 1.000000
blackplastic
0  2.939860 126.700615 11.682398  0.003873 -0.023394 0.999719  0.601581 0.302713 1 0 1.000000
0  1.992936 127.008919 11.693409  0.002299 -0.022792 0.999738  0.601581 0.302713 1 0 1.000000
0  -0.000009 126.700615 11.682398  -0.000000 -0.022968 0.999736  0.601581 0.302713 1 0 1.000000
blackplastic
0  1.992936 127.008919 11.693409  0.002299 -0.022792 0.999738  0.601581 0.302713 1 0 1.000000
0  2.939860 126.700615 11.682398  0.003873 -0.023394 0.999719  0.601581 0.302713 1 0 1.000000
0  8.412199 127.019928 11.715429  0.016166 -0.026401 0.999521  0.601581 0.302713 1 0 1.000000
blackplastic
0  8.797575 125.577522 11.649364  0.017086 -0.029174 0.999428  0.601581 0.302713 1 0 1.000000
0  8.412199 127.019928 11.715429  0.016166 -0.026401 0.999521  0.601581 0.302713 1 0 1.000000
0  2.939860 126.700615 11.682398  0.003873 -0.023394 0.999719  0.601581 0.302713 1 0 1.000000
blackplastic
0  8.412199 127.019928 11.715429  0.016166 -0.026401 0.999521  0.601581 0.302713 1 0 1.000000
0  8.797575 125.577522 11.649364  0.017086 -0.029174 0.999428  0.601581 0.302713 1 0 1.000000
0  10.151896 127.328232 11.770483  0.017217 -0.026619 0.999497  0.601581 0.302713 1 0 1.000000
blackplastic
0  8.258048 122.307327 11.627343  0.018430 -0.037862 0.999113  0.601581 0.302713 1 0 1.000000
0  10.151896 127.328232 11.770483  0.017217 -0.026619 0.999497  0.601581 0.302713 1 0 1.000000
0  8.797575 125.577522 11.649364  0.017086 -0.029174 0.999428  0.601581 0.302713 1 0 1.000000
blackplastic
0  8.797575 125.577522 11.649364  0.017086 -0.029174 0.999428  0.601581 0.302713 1 0 1.000000
0  8.070866 123.023026 11.572289  0.017903 -0.037041 0.999153  0.601581 0.302713 1 0 1.000000
0  8.258048 122.307327 11.627343  0.018430 -0.037862 0.999113  0.601581 0.302713 1 0 1.000000
blackplastic
0  7.101921 122.263290 11.627343  0.017295 -0.037434 0.999149  0.601581 0.302713 1 0 1.000000
0  8.258048 122.307327 11.627343  0.018430 -0.037862 0.999113  0.601581 0.302713 1 0 1.000000
0  8.070866 123.023026 11.572289  0.017903 -0.037041 0.999153  0.601581 0.302713 1 0 1.000000
blackplastic
0  6.936759 122.626640 11.561279  0.016809 -0.037080 0.999171  0.601581 0.302713 1 0 1.000000
0  7.101921 122.263290 11.627343  0.017295 -0.037434 0.999149  0.601581 0.302713 1 0 1.000000
0  8.070866 123.023026 11.572289  0.017903 -0.037041 0.999153  0.601581 0.302713 1 0 1.000000
blackplastic
0  6.936759 122.626640 11.561279  0.016809 -0.037080 0.999171  0.601581 0.302713 1 0 1.000000
0  8.070866 123.023026 11.572289  0.017903 -0.037041 0.999153  0.601581 0.302713 1 0 1.000000
0  -0.000008 123.089096 11.572290  0.000001 -0.033335 0.999444  0.601581 0.302713 1 0 1.000000
blackplastic
0  -0.000008 123.089096 11.572290  0.000001 -0.033335 0.999444  0.601581 0.302713 1 0 1.000000
0  -0.000008 122.626640 11.561280  -0.000003 -0.033865 0.999426  0.601581 0.302713 1 0 1.000000
0  6.936759 122.626640 11.561279  0.016809 -0.037080 0.999171  0.601581 0.302713 1 0 1.000000
blackplastic
0  -6.936777 122.626640 11.561281  -0.016836 -0.037120 0.999169  0.601581 0.302713 1 0 1.000000
0  -0.000008 122.626640 11.561280  -0.000003 -0.033865 0.999426  0.601581 0.302713 1 0 1.000000
0  -0.000008 123.089096 11.572290  0.000001 -0.033335 0.999444  0.601581 0.302713 1 0 1.000000
blackplastic
0  -0.000008 123.089096 11.572290  0.000001 -0.033335 0.999444  0.601581 0.302713 1 0 1.000000
0  -8.070883 123.023026 11.572291  -0.017905 -0.036944 0.999157  0.601581 0.302713 1 0 1.000000
0  -6.936777 122.626640 11.561281  -0.016836 -0.037120 0.999169  0.601581 0.302713 1 0 1.000000
blackplastic
0  -7.101938 122.263290 11.627345  -0.017313 -0.037433 0.999149  0.601581 0.302713 1 0 1.000000
0  -6.936777 122.626640 11.561281  -0.016836 -0.037120 0.999169  0.601581 0.302713 1 0 1.000000
0  -8.070883 123.023026 11.572291  -0.017905 -0.036944 0.999157  0.601581 0.302713 1 0 1.000000
blackplastic
0  -8.070883 123.023026 11.572291  -0.017905 -0.036944 0.999157  0.601581 0.302713 1 0 1.000000
0  -8.258065 122.307327 11.627345  -0.018418 -0.037859 0.999113  0.601581 0.302713 1 0 1.000000
0  -7.101938 122.263290 11.627345  -0.017313 -0.037433 0.999149  0.601581 0.302713 1 0 1.000000
blackplastic
0  8.797575 125.577522 11.649364  0.017086 -0.029174 0.999428  0.601581 0.302713 1 0 1.000000
0  2.939860 126.700615 11.682398  0.003873 -0.023394 0.999719  0.601581 0.302713 1 0 1.000000
0  8.070866 123.023026 11.572289  0.017903 -0.037041 0.999153  0.601581 0.302713 1 0 1.000000
blackplastic
0  8.070866 123.023026 11.572289  0.017903 -0.037041 0.999153  0.601581 0.302713 1 0 1.000000
0  2.939860 126.700615 11.682398  0.003873 -0.023394 0.999719  0.601581 0.302713 1 0 1.000000
0  -0.000008 123.089096 11.572290  0.000001 -0.033335 0.999444  0.601581 0.302713 1 0 1.000000
blackplastic
0  10.151896 127.328232 11.770483  0.017217 -0.026619 0.999497  0.601581 0.302713 1 0 1.000000
0  8.500285 127.306206 11.693408  0.016078 -0.025822 0.999537  0.601581 0.302713 1 0 1.000000
0  8.412199 127.019928 11.715429  0.016166 -0.026401 0.999521  0.601581 0.302713 1 0 1.000000
blackplastic
0  -8.070883 123.023026 11.572291  -0.017905 -0.036944 0.999157  0.601581 0.302713 1 0 1.000000
0  -8.797592 125.577522 11.649366  -0.017065 -0.029169 0.999429  0.601581 0.302713 1 0 1.000000
0  -8.258065 122.307327 11.627345  -0.018418 -0.037859 0.999113  0.601581 0.302713 1 0 1.000000
blackplastic
0  -8.797592 125.577522 11.649366  -0.017065 -0.029169 0.999429  0.601581 0.302713 1 0 1.000000
0  -10.085849 127.152054 11.770485  -0.017128 -0.026603 0.999499  0.601581 0.302713 1 0 1.000000
0  -8.258065 122.307327 11.627345  -0.018418 -0.037859 0.999113  0.601581 0.302713 1 0 1.000000
blackplastic
0  -10.085849 127.152054 11.770485  -0.017179 -0.026641 0.999497  0.601581 0.302713 1 0 1.000000
0  -8.797592 125.577522 11.649366  -0.017065 -0.029169 0.999429  0.601581 0.302713 1 0 1.000000
0  -8.434237 127.152054 11.693410  -0.016157 -0.026419 0.999520  0.601581 0.302713 1 0 1.000000
blackplastic
0  -8.797592 125.577522 11.649366  -0.017065 -0.029169 0.999429  0.601581 0.302713 1 0 1.000000
0  -8.203012 127.008919 11.693410  -0.015958 -0.026406 0.999524  0.601581 0.302713 1 0 1.000000
0  -8.434237 127.152054 11.693410  -0.016157 -0.026419 0.999520  0.601581 0.302713 1 0 1.000000
blackplastic
0  -8.797592 125.577522 11.649366  -0.017065 -0.029169 0.999429  0.601581 0.302713 1 0 1.000000
0  -2.939877 126.700615 11.682398  -0.003883 -0.023367 0.999719  0.601581 0.302713 1 0 1.000000
0  -8.203012 127.008919 11.693410  -0.015958 -0.026406 0.999524  0.601581 0.302713 1 0 1.000000
blackplastic
0  -1.992953 127.008919 11.693409  -0.002277 -0.022922 0.999735  0.601581 0.302713 1 0 1.000000
0  -8.203012 127.008919 11.693410  -0.015958 -0.026406 0.999524  0.601581 0.302713 1 0 1.000000
0  -2.939877 126.700615 11.682398  -0.003883 -0.023367 0.999719  0.601581 0.302713 1 0 1.000000
blackplastic
0  -2.939877 126.700615 11.682398  -0.003883 -0.023367 0.999719  0.601581 0.302713 1 0 1.000000
0  -0.000009 126.700615 11.682398  -0.000000 -0.022968 0.999736  0.601581 0.302713 1 0 1.000000
0  -1.992953 127.008919 11.693409  -0.002277 -0.022922 0.999735  0.601581 0.302713 1 0 1.000000
blackplastic
0  -1.706674 127.317215 11.693409  -0.001985 -0.022356 0.999748  0.601581 0.302713 1 0 1.000000
0  -1.992953 127.008919 11.693409  -0.002277 -0.022922 0.999735  0.601581 0.302713 1 0 1.000000
0  -0.000009 126.700615 11.682398  -0.000000 -0.022968 0.999736  0.601581 0.302713 1 0 1.000000
blackplastic
0  -0.000009 126.700615 11.682398  -0.000000 -0.022968 0.999736  0.601581 0.302713 1 0 1.000000
0  -0.000009 127.317215 11.693409  0.000000 -0.022120 0.999755  0.601581 0.302713 1 0 1.000000
0  -1.706674 127.317215 11.693409  -0.001971 -0.022329 0.999749  0.601581 0.302713 1 0 1.000000
blackplastic
0  -0.000009 126.700615 11.682398  -0.000000 -0.022968 0.999736  0.601581 0.302713 1 0 1.000000
0  1.706656 127.317215 11.693409  0.001979 -0.022352 0.999748  0.601581 0.302713 1 0 1.000000
0  -0.000009 127.317215 11.693409  0.000000 -0.022120 0.999755  0.601581 0.302713 1 0 1.000000
blackplastic
0  1.992936 127.008919 11.693409  0.002299 -0.022792 0.999738  0.601581 0.302713 1 0 1.000000
0  1.706656 127.317215 11.693409  0.001979 -0.022352 0.999748  0.601581 0.302713 1 0 1.000000
0  -0.000009 126.700615 11.682398  -0.000000 -0.022968 0.999736  0.601581 0.302713 1 0 1.000000
blackplastic
0  23.507929 122.549568 9.282054  -0.339192 -0.838907 -0.425656  0.601581 0.302713 1 0 1.000000
0  23.507929 122.615631 9.127904  -0.331009 -0.843910 -0.422196  0.601581 0.302713 1 0 1.000000
0  28.077387 120.160233 9.766527  -0.414814 -0.743558 -0.524452  0.601581 0.302713 1 0 1.000000
blackplastic
0  28.077387 120.160233 9.766527  -0.414801 -0.743522 -0.524514  0.601581 0.302713 1 0 1.000000
0  28.066376 120.061142 9.920677  -0.426909 -0.729201 -0.534804  0.601581 0.302713 1 0 1.000000
0  23.507929 122.549568 9.282054  -0.339157 -0.838863 -0.425771  0.601581 0.302713 1 0 1.000000
blackplastic
0  28.066376 120.061142 9.920677  -0.426909 -0.729201 -0.534804  0.601581 0.302713 1 0 1.000000
0  28.077387 120.160233 9.766527  -0.414801 -0.743522 -0.524514  0.601581 0.302713 1 0 1.000000
0  31.391621 117.517654 10.173924  -0.510365 -0.615247 -0.600832  0.601581 0.302713 1 0 1.000000
blackplastic
0  31.391621 117.517654 10.173924  -0.510365 -0.615247 -0.600832  0.601581 0.302713 1 0 1.000000
0  31.369598 117.396538 10.317064  -0.531993 -0.593291 -0.604143  0.601581 0.302713 1 0 1.000000
0  28.066376 120.061142 9.920677  -0.426909 -0.729201 -0.534804  0.601581 0.302713 1 0 1.000000
blackplastic
0  31.391621 117.517654 10.173924  -0.510365 -0.615247 -0.600832  0.601581 0.302713 1 0 1.000000
0  32.800995 115.943123 10.328074  -0.524813 -0.604187 -0.599607  0.601581 0.302713 1 0 1.000000
0  31.369598 117.396538 10.317064  -0.531993 -0.593291 -0.604143  0.601581 0.302713 1 0 1.000000
blackplastic
0  32.800995 115.943123 10.328074  -0.524813 -0.604187 -0.599607  0.601581 0.302713 1 0 1.000000
0  32.734932 115.866043 10.449192  -0.514737 -0.615249 -0.597088  0.601581 0.302713 1 0 1.000000
0  31.369598 117.396538 10.317064  -0.531993 -0.593291 -0.604143  0.601581 0.302713 1 0 1.000000
blackplastic
0  33.087273 115.711899 10.603342  -0.195913 -0.865889 -0.460275  0.601581 0.302713 1 0 1.000000
0  32.734932 115.866043 10.449192  -0.514737 -0.615249 -0.597088  0.601581 0.302713 1 0 1.000000
0  32.800995 115.943123 10.328074  -0.524813 -0.604187 -0.599607  0.601581 0.302713 1 0 1.000000
blackplastic
0  32.800995 115.943123 10.328074  -0.524813 -0.604187 -0.599607  0.601581 0.302713 1 0 1.000000
0  33.186371 115.755936 10.482224  -0.190533 -0.870004 -0.454742  0.601581 0.302713 1 0 1.000000
0  33.087273 115.711899 10.603342  -0.195913 -0.865889 -0.460275  0.601581 0.302713 1 0 1.000000
blackplastic
0  -2.158114 127.207108 11.352076  -0.005669 0.989766 -0.142584  0.601581 0.302713 1 0 1.000000
0  -1.992953 127.008919 11.693409  -0.016116 0.995425 -0.094173  0.601581 0.302713 1 0 1.000000
0  -1.706674 127.317215 11.693409  -0.927874 0.357754 0.105172  0.601581 0.302713 1 0 1.000000
blackplastic
0  -1.992953 127.008919 11.693409  -0.016116 0.995425 -0.094173  0.601581 0.302713 1 0 1.000000
0  -2.158114 127.207108 11.352076  -0.005669 0.989766 -0.142584  0.601581 0.302713 1 0 1.000000
0  -8.026840 127.196098 11.352077  0.003534 0.989804 -0.142395  0.601581 0.302713 1 0 1.000000
blackplastic
0  -8.026840 127.196098 11.352077  0.003534 0.989804 -0.142395  0.601581 0.302713 1 0 1.000000
0  -8.203012 127.008919 11.693410  0.014192 0.995479 -0.093920  0.601581 0.302713 1 0 1.000000
0  -1.992953 127.008919 11.693409  -0.016116 0.995425 -0.094173  0.601581 0.302713 1 0 1.000000
blackplastic
0  -8.026840 127.196098 11.352077  0.003534 0.989804 -0.142395  0.601581 0.302713 1 0 1.000000
0  -8.434237 127.152054 11.693410  0.755688 0.651212 0.069701  0.601581 0.302713 1 0 1.000000
0  -8.203012 127.008919 11.693410  0.014192 0.995479 -0.093920  0.601581 0.302713 1 0 1.000000
blackplastic
0  -1.805770 122.010040 18.123682  -0.652239 0.113143 0.749521  0.601581 0.302713 1 0 1.000000
0  -1.827791 121.767807 18.134693  -0.653274 0.113249 0.748604  0.601581 0.302713 1 0 1.000000
0  -1.761727 121.756790 18.299854  -0.893116 0.126774 0.431592  0.601581 0.302713 1 0 1.000000
blackplastic
0  -1.805770 122.010040 18.123682  -0.652239 0.113143 0.749521  0.601581 0.302713 1 0 1.000000
0  -2.003963 122.010040 18.057617  -0.010085 0.081581 0.996616  0.601581 0.302713 1 0 1.000000
0  -1.827791 121.767807 18.134693  -0.653274 0.113249 0.748604  0.601581 0.302713 1 0 1.000000
blackplastic
0  -1.827791 121.767807 18.134693  -0.653286 0.113273 0.748589  0.601581 0.302713 1 0 1.000000
0  -2.003963 122.010040 18.057617  -0.009949 0.081670 0.996610  0.601581 0.302713 1 0 1.000000
0  -8.192000 121.767807 18.145704  0.686246 0.111660 0.718747  0.601581 0.302713 1 0 1.000000
blackplastic
0  -8.192000 121.767807 18.145704  0.686246 0.111660 0.718747  0.601581 0.302713 1 0 1.000000
0  -2.003963 122.010040 18.057617  -0.009949 0.081670 0.996610  0.601581 0.302713 1 0 1.000000
0  -8.214022 122.010040 18.134693  0.685556 0.111681 0.719403  0.601581 0.302713 1 0 1.000000
blackplastic
0  -8.214022 122.010040 18.134693  0.685556 0.111681 0.719403  0.601581 0.302713 1 0 1.000000
0  -8.247054 121.756790 18.299854  0.901283 0.125781 0.414569  0.601581 0.302713 1 0 1.000000
0  -8.192000 121.767807 18.145704  0.686246 0.111660 0.718747  0.601581 0.302713 1 0 1.000000
blackplastic
0  -1.805770 122.010040 18.123682  -0.003089 0.998827 0.048325  0.601581 0.302713 1 0 1.000000
0  -1.761727 121.756790 18.299854  -0.893122 0.126775 0.431579  0.601581 0.302713 1 0 1.000000
0  -1.717684 122.142166 18.310865  0.000015 0.027518 -0.999621  0.601581 0.302713 1 0 1.000000
blackplastic
0  1.805754 122.010040 18.123682  0.003092 0.998825 0.048353  0.601581 0.302713 1 0 1.000000
0  1.717668 122.142166 18.310865  -0.000048 0.027518 -0.999621  0.601581 0.302713 1 0 1.000000
0  1.761711 121.756790 18.299854  0.893117 0.126771 0.431591  0.601581 0.302713 1 0 1.000000
blackplastic
0  1.717668 122.142166 18.310865  -0.000048 0.027518 -0.999621  0.601581 0.302713 1 0 1.000000
0  1.805754 122.010040 18.123682  0.003092 0.998825 0.048353  0.601581 0.302713 1 0 1.000000
0  -0.000008 122.010040 18.123682  -0.000042 0.998844 0.048076  0.601581 0.302713 1 0 1.000000
blackplastic
0  -0.000008 122.142166 18.310865  -0.000038 0.027273 -0.999628  0.601581 0.302713 1 0 1.000000
0  1.717668 122.142166 18.310865  -0.000048 0.027518 -0.999621  0.601581 0.302713 1 0 1.000000
0  -0.000008 122.010040 18.123682  -0.000042 0.998844 0.048076  0.601581 0.302713 1 0 1.000000
blackplastic
0  -0.000008 122.142166 18.310865  -0.000038 0.027273 -0.999628  0.601581 0.302713 1 0 1.000000
0  -0.000008 122.010040 18.123682  -0.000042 0.998844 0.048076  0.601581 0.302713 1 0 1.000000
0  -1.717684 122.142166 18.310865  0.000015 0.027518 -0.999621  0.601581 0.302713 1 0 1.000000
blackplastic
0  -0.000008 122.010040 18.123682  -0.000042 0.998844 0.048076  0.601581 0.302713 1 0 1.000000
0  -1.805770 122.010040 18.123682  -0.003089 0.998827 0.048325  0.601581 0.302713 1 0 1.000000
0  -1.717684 122.142166 18.310865  0.000015 0.027518 -0.999621  0.601581 0.302713 1 0 1.000000
blackplastic
0  -1.805770 122.010040 18.123682  -0.003089 0.998827 0.048325  0.601581 0.302713 1 0 1.000000
0  -0.000008 122.010040 18.123682  -0.000042 0.998844 0.048076  0.601581 0.302713 1 0 1.000000
0  -0.000008 122.197220 11.704419  0.000001 0.999914 0.013119  0.601581 0.302713 1 0 1.000000
blackplastic
0  -2.003963 122.010040 18.057617  -0.003387 0.998838 0.048076  0.601581 0.302713 1 0 1.000000
0  -1.805770 122.010040 18.123682  -0.003089 0.998827 0.048325  0.601581 0.302713 1 0 1.000000
0  -0.000008 122.197220 11.704419  0.000001 0.999914 0.013119  0.601581 0.302713 1 0 1.000000
blackplastic
0  -0.000008 122.197220 11.704419  0.000001 0.999914 0.013119  0.601581 0.302713 1 0 1.000000
0  -7.101938 122.263290 11.627345  -0.014464 0.999814 0.012718  0.601581 0.302713 1 0 1.000000
0  -2.003963 122.010040 18.057617  -0.003387 0.998838 0.048076  0.601581 0.302713 1 0 1.000000
blackplastic
0  8.291081 122.142166 18.310865  -0.000095 0.027389 -0.999625  0.601581 0.302713 1 0 1.000000
0  8.214006 122.010040 18.134693  0.013076 0.998722 0.048813  0.601581 0.302713 1 0 1.000000
0  8.247039 121.756790 18.299854  -0.901341 0.125774 0.414445  0.601581 0.302713 1 0 1.000000
blackplastic
0  8.214006 122.010040 18.134693  0.013076 0.998722 0.048813  0.601581 0.302713 1 0 1.000000
0  8.291081 122.142166 18.310865  -0.000095 0.027389 -0.999625  0.601581 0.302713 1 0 1.000000
0  9.832585 122.219246 18.321877  0.000136 0.027302 -0.999627  0.601581 0.302713 1 0 1.000000
blackplastic
0  9.832585 122.219246 18.321877  0.000136 0.027302 -0.999627  0.601581 0.302713 1 0 1.000000
0  9.986736 122.186211 18.090651  0.015468 0.998694 0.048702  0.601581 0.302713 1 0 1.000000
0  8.214006 122.010040 18.134693  0.013076 0.998722 0.048813  0.601581 0.302713 1 0 1.000000
blackplastic
0  8.214006 122.010040 18.134693  0.013076 0.998722 0.048813  0.601581 0.302713 1 0 1.000000
0  9.986736 122.186211 18.090651  0.015468 0.998694 0.048702  0.601581 0.302713 1 0 1.000000
0  8.258048 122.307327 11.627343  0.016758 0.999774 0.013107  0.601581 0.302713 1 0 1.000000
blackplastic
0  8.214006 122.010040 18.134693  0.013076 0.998722 0.048813  0.601581 0.302713 1 0 1.000000
0  8.258048 122.307327 11.627343  0.016758 0.999774 0.013107  0.601581 0.302713 1 0 1.000000
0  7.101921 122.263290 11.627343  0.014492 0.999814 0.012698  0.601581 0.302713 1 0 1.000000
blackplastic
0  2.003947 122.010040 18.057617  0.003382 0.998839 0.048042  0.601581 0.302713 1 0 1.000000
0  8.214006 122.010040 18.134693  0.013076 0.998722 0.048813  0.601581 0.302713 1 0 1.000000
0  7.101921 122.263290 11.627343  0.014492 0.999814 0.012698  0.601581 0.302713 1 0 1.000000
blackplastic
0  2.003947 122.010040 18.057617  0.003382 0.998839 0.048042  0.601581 0.302713 1 0 1.000000
0  7.101921 122.263290 11.627343  0.014492 0.999814 0.012698  0.601581 0.302713 1 0 1.000000
0  -0.000008 122.197220 11.704419  0.000001 0.999914 0.013119  0.601581 0.302713 1 0 1.000000
blackplastic
0  -0.000008 122.197220 11.704419  0.000001 0.999914 0.013119  0.601581 0.302713 1 0 1.000000
0  1.805754 122.010040 18.123682  0.003092 0.998825 0.048353  0.601581 0.302713 1 0 1.000000
0  2.003947 122.010040 18.057617  0.003382 0.998839 0.048042  0.601581 0.302713 1 0 1.000000
blackplastic
0  1.805754 122.010040 18.123682  0.003092 0.998825 0.048353  0.601581 0.302713 1 0 1.000000
0  -0.000008 122.197220 11.704419  0.000001 0.999914 0.013119  0.601581 0.302713 1 0 1.000000
0  -0.000008 122.010040 18.123682  -0.000042 0.998844 0.048076  0.601581 0.302713 1 0 1.000000
blackplastic
0  -8.291097 122.142166 18.310865  0.000325 0.027452 -0.999623  0.601581 0.302713 1 0 1.000000
0  -8.247054 121.756790 18.299854  0.901299 0.125775 0.414537  0.601581 0.302713 1 0 1.000000
0  -8.214022 122.010040 18.134693  -0.013022 0.998717 0.048941  0.601581 0.302713 1 0 1.000000
blackplastic
0  -9.832601 122.219246 18.321877  -0.000140 0.027282 -0.999628  0.601581 0.302713 1 0 1.000000
0  -8.291097 122.142166 18.310865  0.000325 0.027452 -0.999623  0.601581 0.302713 1 0 1.000000
0  -8.214022 122.010040 18.134693  -0.013022 0.998717 0.048941  0.601581 0.302713 1 0 1.000000
blackplastic
0  -8.214022 122.010040 18.134693  -0.013022 0.998717 0.048941  0.601581 0.302713 1 0 1.000000
0  -9.986752 122.186211 18.090651  -0.015432 0.998693 0.048732  0.601581 0.302713 1 0 1.000000
0  -9.832601 122.219246 18.321877  -0.000140 0.027282 -0.999628  0.601581 0.302713 1 0 1.000000
blackplastic
0  -9.986752 122.186211 18.090651  -0.015432 0.998693 0.048732  0.601581 0.302713 1 0 1.000000
0  -8.214022 122.010040 18.134693  -0.013022 0.998717 0.048941  0.601581 0.302713 1 0 1.000000
0  -8.643440 122.032059 17.418995  -0.013989 0.998866 0.045514  0.601581 0.302713 1 0 1.000000
blackplastic
0  -8.643440 122.032059 17.418995  -0.013989 0.998866 0.045514  0.601581 0.302713 1 0 1.000000
0  -8.808601 122.043076 17.011597  -0.014343 0.998939 0.043771  0.601581 0.302713 1 0 1.000000
0  -9.986752 122.186211 18.090651  -0.015432 0.998693 0.048732  0.601581 0.302713 1 0 1.000000
blackplastic
0  -8.808601 122.043076 17.011597  -0.014343 0.998939 0.043771  0.601581 0.302713 1 0 1.000000
0  -8.643440 122.054085 16.604200  -0.014496 0.999013 0.041994  0.601581 0.302713 1 0 1.000000
0  -9.986752 122.186211 18.090651  -0.015432 0.998693 0.048732  0.601581 0.302713 1 0 1.000000
blackplastic
0  -8.643440 122.054085 16.604200  -0.014496 0.999013 0.041994  0.601581 0.302713 1 0 1.000000
0  -8.258065 122.307327 11.627345  -0.016864 0.999772 0.013087  0.601581 0.302713 1 0 1.000000
0  -9.986752 122.186211 18.090651  -0.015432 0.998693 0.048732  0.601581 0.302713 1 0 1.000000
blackplastic
0  -8.258065 122.307327 11.627345  -0.016864 0.999772 0.013087  0.601581 0.302713 1 0 1.000000
0  -8.643440 122.054085 16.604200  -0.014496 0.999013 0.041994  0.601581 0.302713 1 0 1.000000
0  -8.236043 122.065094 16.439039  -0.014088 0.999051 0.041213  0.601581 0.302713 1 0 1.000000
blackplastic
0  -8.258065 122.307327 11.627345  -0.016864 0.999772 0.013087  0.601581 0.302713 1 0 1.000000
0  -8.236043 122.065094 16.439039  -0.014088 0.999051 0.041213  0.601581 0.302713 1 0 1.000000
0  -7.101938 122.263290 11.627345  -0.014464 0.999814 0.012718  0.601581 0.302713 1 0 1.000000
blackplastic
0  -8.236043 122.065094 16.439039  -0.014088 0.999051 0.041213  0.601581 0.302713 1 0 1.000000
0  -7.828646 122.054085 16.604200  -0.013235 0.999030 0.041990  0.601581 0.302713 1 0 1.000000
0  -7.101938 122.263290 11.627345  -0.014464 0.999814 0.012718  0.601581 0.302713 1 0 1.000000
blackplastic
0  -2.003963 122.010040 18.057617  -0.003387 0.998838 0.048076  0.601581 0.302713 1 0 1.000000
0  -7.101938 122.263290 11.627345  -0.014464 0.999814 0.012718  0.601581 0.302713 1 0 1.000000
0  -7.828646 122.054085 16.604200  -0.013235 0.999030 0.041990  0.601581 0.302713 1 0 1.000000
blackplastic
0  -7.828646 122.054085 16.604200  -0.013235 0.999030 0.041990  0.601581 0.302713 1 0 1.000000
0  -7.663485 122.043076 17.011597  -0.012768 0.998969 0.043572  0.601581 0.302713 1 0 1.000000
0  -2.003963 122.010040 18.057617  -0.003387 0.998838 0.048076  0.601581 0.302713 1 0 1.000000
blackplastic
0  -2.003963 122.010040 18.057617  -0.003387 0.998838 0.048076  0.601581 0.302713 1 0 1.000000
0  -7.663485 122.043076 17.011597  -0.012768 0.998969 0.043572  0.601581 0.302713 1 0 1.000000
0  -7.828646 122.032059 17.418995  -0.012866 0.998878 0.045570  0.601581 0.302713 1 0 1.000000
blackplastic
0  -8.214022 122.010040 18.134693  -0.013022 0.998717 0.048941  0.601581 0.302713 1 0 1.000000
0  -2.003963 122.010040 18.057617  -0.003387 0.998838 0.048076  0.601581 0.302713 1 0 1.000000
0  -7.828646 122.032059 17.418995  -0.012866 0.998878 0.045570  0.601581 0.302713 1 0 1.000000
blackplastic
0  -7.828646 122.032059 17.418995  -0.012866 0.998878 0.045570  0.601581 0.302713 1 0 1.000000
0  -8.236043 122.032059 17.595167  -0.013393 0.998834 0.046393  0.601581 0.302713 1 0 1.000000
0  -8.214022 122.010040 18.134693  -0.013022 0.998717 0.048941  0.601581 0.302713 1 0 1.000000
blackplastic
0  -8.214022 122.010040 18.134693  -0.013022 0.998717 0.048941  0.601581 0.302713 1 0 1.000000
0  -8.236043 122.032059 17.595167  -0.013393 0.998834 0.046393  0.601581 0.302713 1 0 1.000000
0  -8.643440 122.032059 17.418995  -0.013989 0.998866 0.045514  0.601581 0.302713 1 0 1.000000
blackplastic
0  -11.484213 126.414337 18.442993  0.000797 0.021212 -0.999775  0.601581 0.302713 1 0 1.000000
0  -9.832601 122.219246 18.321877  -0.000156 0.027266 -0.999628  0.601581 0.302713 1 0 1.000000
0  -9.986752 122.186211 18.090651  0.906655 0.334726 0.256777  0.601581 0.302713 1 0 1.000000
blackplastic
0  -9.986752 122.186211 18.090651  0.906655 0.334726 0.256777  0.601581 0.302713 1 0 1.000000
0  -11.605331 126.414337 18.233789  0.906448 0.334592 0.257684  0.601581 0.302713 1 0 1.000000
0  -11.484213 126.414337 18.442993  0.000797 0.021212 -0.999775  0.601581 0.302713 1 0 1.000000
blackplastic
0  -11.605331 126.414337 18.233789  0.906448 0.334592 0.257684  0.601581 0.302713 1 0 1.000000
0  -9.986752 122.186211 18.090651  0.906655 0.334726 0.256777  0.601581 0.302713 1 0 1.000000
0  -8.258065 122.307327 11.627345  0.914255 0.336982 0.224901  0.601581 0.302713 1 0 1.000000
blackplastic
0  -11.847568 128.517395 16.163771  0.908108 0.335013 0.251208  0.601581 0.302713 1 0 1.000000
0  -11.605331 126.414337 18.233789  0.906448 0.334592 0.257684  0.601581 0.302713 1 0 1.000000
0  -8.258065 122.307327 11.627345  0.914255 0.336982 0.224901  0.601581 0.302713 1 0 1.000000
blackplastic
0  -10.085849 127.152054 11.770485  0.914155 0.336883 0.225457  0.601581 0.302713 1 0 1.000000
0  -11.847568 128.517395 16.163771  0.908108 0.335013 0.251208  0.601581 0.302713 1 0 1.000000
0  -8.258065 122.307327 11.627345  0.914255 0.336982 0.224901  0.601581 0.302713 1 0 1.000000
blackplastic
0  -19.158701 125.104057 18.740286  0.000004 -0.028104 0.999605  0.601581 0.302713 1 0 1.000000
0  -20.226742 123.969955 18.707254  0.000021 -0.028199 0.999602  0.601581 0.302713 1 0 1.000000
0  -18.707260 123.606598 18.696243  0.000004 -0.028104 0.999605  0.601581 0.302713 1 0 1.000000
blackplastic
0  -37.943027 115.855034 18.707256  -0.944166 0.129897 -0.302784  0.601581 0.302713 1 0 1.000000
0  -37.976059 115.899078 18.795341  -0.943966 0.130131 -0.303307  0.601581 0.302713 1 0 1.000000
0  -37.976059 115.998177 18.839384  -0.944097 0.129880 -0.303004  0.601581 0.302713 1 0 1.000000
blackplastic
0  -37.976059 115.998177 18.839384  -0.944097 0.129880 -0.303004  0.601581 0.302713 1 0 1.000000
0  -37.634727 117.220367 18.332888  -0.944196 0.129892 -0.302690  0.601581 0.302713 1 0 1.000000
0  -37.943027 115.855034 18.707256  -0.944166 0.129897 -0.302784  0.601581 0.302713 1 0 1.000000
blackplastic
0  -36.159286 115.645828 13.190873  -0.944171 0.129883 -0.302772  0.601581 0.302713 1 0 1.000000
0  -37.943027 115.855034 18.707256  -0.944166 0.129897 -0.302784  0.601581 0.302713 1 0 1.000000
0  -37.194298 116.493660 16.615213  -0.944188 0.129927 -0.302700  0.601581 0.302713 1 0 1.000000
blackplastic
0  -37.194298 116.493660 16.615213  -0.944188 0.129927 -0.302700  0.601581 0.302713 1 0 1.000000
0  -37.943027 115.855034 18.707256  -0.944166 0.129897 -0.302784  0.601581 0.302713 1 0 1.000000
0  -37.634727 117.220367 18.332888  -0.944196 0.129892 -0.302690  0.601581 0.302713 1 0 1.000000
blackplastic
0  -37.634727 117.220367 18.332888  -0.944196 0.129892 -0.302690  0.601581 0.302713 1 0 1.000000
0  -37.337437 119.995071 18.564114  -0.944202 0.129805 -0.302709  0.601581 0.302713 1 0 1.000000
0  -37.194298 116.493660 16.615213  -0.944188 0.129927 -0.302700  0.601581 0.302713 1 0 1.000000
blackplastic
0  -37.337437 119.995071 18.564114  -0.944202 0.129805 -0.302709  0.601581 0.302713 1 0 1.000000
0  -37.634727 117.220367 18.332888  -0.944196 0.129892 -0.302690  0.601581 0.302713 1 0 1.000000
0  -37.976059 115.998177 18.839384  -0.944097 0.129880 -0.303004  0.601581 0.302713 1 0 1.000000
blackplastic
0  -37.337437 119.995071 18.564114  -0.944202 0.129805 -0.302709  0.601581 0.302713 1 0 1.000000
0  -37.976059 115.998177 18.839384  -0.944097 0.129880 -0.303004  0.601581 0.302713 1 0 1.000000
0  -36.808922 124.344315 19.015554  -0.944155 0.129954 -0.302793  0.601581 0.302713 1 0 1.000000
blackplastic
0  -37.337437 119.995071 18.564114  -0.944202 0.129805 -0.302709  0.601581 0.302713 1 0 1.000000
0  -36.808922 124.344315 19.015554  -0.944155 0.129954 -0.302793  0.601581 0.302713 1 0 1.000000
0  -36.874985 121.173225 17.639212  -0.944178 0.129963 -0.302716  0.601581 0.302713 1 0 1.000000
blackplastic
0  -36.874985 121.173225 17.639212  -0.944178 0.129963 -0.302716  0.601581 0.302713 1 0 1.000000
0  -36.808922 124.344315 19.015554  -0.944155 0.129954 -0.302793  0.601581 0.302713 1 0 1.000000
0  -36.192318 121.041092 15.459085  -0.944161 0.129902 -0.302795  0.601581 0.302713 1 0 1.000000
blackplastic
0  -36.874985 121.173225 17.639212  -0.944178 0.129963 -0.302716  0.601581 0.302713 1 0 1.000000
0  -36.192318 121.041092 15.459085  -0.944161 0.129902 -0.302795  0.601581 0.302713 1 0 1.000000
0  -36.093224 118.838943 14.203861  -0.943964 0.130230 -0.303268  0.601581 0.302713 1 0 1.000000
blackplastic
0  -35.575718 122.483505 14.347001  -0.944040 0.130087 -0.303093  0.601581 0.302713 1 0 1.000000
0  -36.093224 118.838943 14.203861  -0.943964 0.130230 -0.303268  0.601581 0.302713 1 0 1.000000
0  -36.192318 121.041092 15.459085  -0.944161 0.129902 -0.302795  0.601581 0.302713 1 0 1.000000
blackplastic
0  -35.575718 122.483505 14.347001  -0.944040 0.130087 -0.303093  0.601581 0.302713 1 0 1.000000
0  -36.159286 115.645828 13.190873  -0.944171 0.129883 -0.302772  0.601581 0.302713 1 0 1.000000
0  -36.093224 118.838943 14.203861  -0.943964 0.130230 -0.303268  0.601581 0.302713 1 0 1.000000
blackplastic
0  -36.159286 115.645828 13.190873  -0.944171 0.129883 -0.302772  0.601581 0.302713 1 0 1.000000
0  -36.621738 116.713875 14.930570  -0.944175 0.129917 -0.302746  0.601581 0.302713 1 0 1.000000
0  -36.093224 118.838943 14.203861  -0.943964 0.130230 -0.303268  0.601581 0.302713 1 0 1.000000
blackplastic
0  -37.194298 116.493660 16.615213  -0.944188 0.129927 -0.302700  0.601581 0.302713 1 0 1.000000
0  -36.621738 116.713875 14.930570  -0.944175 0.129917 -0.302746  0.601581 0.302713 1 0 1.000000
0  -36.159286 115.645828 13.190873  -0.944171 0.129883 -0.302772  0.601581 0.302713 1 0 1.000000
blackplastic
0  -37.194298 116.493660 16.615213  -0.944188 0.129927 -0.302700  0.601581 0.302713 1 0 1.000000
0  -37.337437 119.995071 18.564114  -0.944202 0.129805 -0.302709  0.601581 0.302713 1 0 1.000000
0  -36.621738 116.713875 14.930570  -0.944175 0.129917 -0.302746  0.601581 0.302713 1 0 1.000000
blackplastic
0  -36.621738 116.713875 14.930570  -0.944175 0.129917 -0.302746  0.601581 0.302713 1 0 1.000000
0  -37.337437 119.995071 18.564114  -0.944202 0.129805 -0.302709  0.601581 0.302713 1 0 1.000000
0  -36.093224 118.838943 14.203861  -0.943964 0.130230 -0.303268  0.601581 0.302713 1 0 1.000000
blackplastic
0  -37.337437 119.995071 18.564114  -0.944202 0.129805 -0.302709  0.601581 0.302713 1 0 1.000000
0  -36.874985 121.173225 17.639212  -0.944178 0.129963 -0.302716  0.601581 0.302713 1 0 1.000000
0  -36.093224 118.838943 14.203861  -0.943964 0.130230 -0.303268  0.601581 0.302713 1 0 1.000000
blackplastic
0  -35.575718 122.483505 14.347001  -0.944040 0.130087 -0.303093  0.601581 0.302713 1 0 1.000000
0  -36.192318 121.041092 15.459085  -0.944161 0.129902 -0.302795  0.601581 0.302713 1 0 1.000000
0  -36.808922 124.344315 19.015554  -0.944155 0.129954 -0.302793  0.601581 0.302713 1 0 1.000000
blackplastic
0  -36.060188 115.524712 13.256937  0.005705 -0.999381 0.034719  0.601581 0.302713 1 0 1.000000
0  -35.058212 115.480667 12.310013  0.012142 -0.998993 0.043188  0.601581 0.302713 1 0 1.000000
0  -35.036190 115.502693 12.486185  0.012104 -0.998996 0.043137  0.601581 0.302713 1 0 1.000000
blackplastic
0  -35.190342 115.612801 12.265970  -0.559384 -0.613639 -0.557259  0.601581 0.302713 1 0 1.000000
0  -35.058212 115.480667 12.310013  0.012142 -0.998993 0.043188  0.601581 0.302713 1 0 1.000000
0  -36.060188 115.524712 13.256937  0.005705 -0.999381 0.034719  0.601581 0.302713 1 0 1.000000
blackplastic
0  -36.060188 115.524712 13.256937  0.005705 -0.999381 0.034719  0.601581 0.302713 1 0 1.000000
0  -36.159286 115.645828 13.190873  -0.676380 -0.686349 -0.267273  0.601581 0.302713 1 0 1.000000
0  -35.190342 115.612801 12.265970  -0.559384 -0.613639 -0.557259  0.601581 0.302713 1 0 1.000000
blackplastic
0  -37.943027 115.855034 18.707256  -0.944166 0.129897 -0.302784  0.601581 0.302713 1 0 1.000000
0  -36.159286 115.645828 13.190873  -0.676380 -0.686349 -0.267273  0.601581 0.302713 1 0 1.000000
0  -36.060188 115.524712 13.256937  0.005705 -0.999381 0.034719  0.601581 0.302713 1 0 1.000000
blackplastic
0  -36.060188 115.524712 13.256937  0.005705 -0.999381 0.034719  0.601581 0.302713 1 0 1.000000
0  -37.799889 115.678864 18.751297  -0.000194 -0.999587 0.028723  0.601581 0.302713 1 0 1.000000
0  -37.943027 115.855034 18.707256  -0.944166 0.129897 -0.302784  0.601581 0.302713 1 0 1.000000
blackplastic
0  -37.976059 115.899078 18.795341  -0.943966 0.130131 -0.303307  0.601581 0.302713 1 0 1.000000
0  -37.943027 115.855034 18.707256  -0.944166 0.129897 -0.302784  0.601581 0.302713 1 0 1.000000
0  -37.799889 115.678864 18.751297  -0.000194 -0.999587 0.028723  0.601581 0.302713 1 0 1.000000
blackplastic
0  -37.799889 115.678864 18.751297  -0.000194 -0.999587 0.028723  0.601581 0.302713 1 0 1.000000
0  -37.832920 115.777962 18.960501  0.005471 -0.395720 0.918355  0.601581 0.302713 1 0 1.000000
0  -37.976059 115.899078 18.795341  -0.943966 0.130131 -0.303307  0.601581 0.302713 1 0 1.000000
blackplastic
0  -37.976059 115.998177 18.839384  -0.944097 0.129880 -0.303004  0.601581 0.302713 1 0 1.000000
0  -37.976059 115.899078 18.795341  -0.943966 0.130131 -0.303307  0.601581 0.302713 1 0 1.000000
0  -37.832920 115.777962 18.960501  0.005471 -0.395720 0.918355  0.601581 0.302713 1 0 1.000000
blackplastic
0  -37.832920 115.777962 18.960501  0.005471 -0.395720 0.918355  0.601581 0.302713 1 0 1.000000
0  -37.821911 115.965141 19.048588  0.000118 -0.028455 0.999595  0.601581 0.302713 1 0 1.000000
0  -37.976059 115.998177 18.839384  -0.944097 0.129880 -0.303004  0.601581 0.302713 1 0 1.000000
blackplastic
0  -36.808922 124.344315 19.015554  -0.944155 0.129954 -0.302793  0.601581 0.302713 1 0 1.000000
0  -37.976059 115.998177 18.839384  -0.944097 0.129880 -0.303004  0.601581 0.302713 1 0 1.000000
0  -37.821911 115.965141 19.048588  0.000118 -0.028455 0.999595  0.601581 0.302713 1 0 1.000000
blackplastic
0  -36.555672 124.366341 19.257792  -0.000077 -0.028192 0.999603  0.601581 0.302713 1 0 1.000000
0  -36.808922 124.344315 19.015554  -0.944155 0.129954 -0.302793  0.601581 0.302713 1 0 1.000000
0  -37.821911 115.965141 19.048588  0.000118 -0.028455 0.999595  0.601581 0.302713 1 0 1.000000
blackplastic
0  -36.533653 118.927032 19.125662  0.000103 -0.028207 0.999602  0.601581 0.302713 1 0 1.000000
0  -36.555672 124.366341 19.257792  -0.000077 -0.028192 0.999603  0.601581 0.302713 1 0 1.000000
0  -37.821911 115.965141 19.048588  0.000118 -0.028455 0.999595  0.601581 0.302713 1 0 1.000000
blackplastic
0  -36.555672 124.366341 19.257792  -0.000077 -0.028192 0.999603  0.601581 0.302713 1 0 1.000000
0  -36.533653 118.927032 19.125662  0.000103 -0.028207 0.999602  0.601581 0.302713 1 0 1.000000
0  -35.344490 121.151199 19.191727  -0.000017 -0.028187 0.999603  0.601581 0.302713 1 0 1.000000
blackplastic
0  -36.555672 124.366341 19.257792  -0.000077 -0.028192 0.999603  0.601581 0.302713 1 0 1.000000
0  -35.344490 121.151199 19.191727  -0.000017 -0.028187 0.999603  0.601581 0.302713 1 0 1.000000
0  -33.626816 122.021049 19.213749  -0.000004 -0.028180 0.999603  0.601581 0.302713 1 0 1.000000
blackplastic
0  -30.532797 124.971931 19.268803  0.000005 -0.028171 0.999603  0.601581 0.302713 1 0 1.000000
0  -36.555672 124.366341 19.257792  -0.000077 -0.028192 0.999603  0.601581 0.302713 1 0 1.000000
0  -33.626816 122.021049 19.213749  -0.000004 -0.028180 0.999603  0.601581 0.302713 1 0 1.000000
blackplastic
0  -33.626816 122.021049 19.213749  -0.000004 -0.028180 0.999603  0.601581 0.302713 1 0 1.000000
0  -31.710947 122.219246 19.224758  0.000011 -0.028191 0.999602  0.601581 0.302713 1 0 1.000000
0  -30.532797 124.971931 19.268803  0.000005 -0.028171 0.999603  0.601581 0.302713 1 0 1.000000
blackplastic
0  -31.710947 122.219246 19.224758  0.000011 -0.028191 0.999602  0.601581 0.302713 1 0 1.000000
0  -31.402645 121.712753 19.202738  0.000022 -0.028194 0.999602  0.601581 0.302713 1 0 1.000000
0  -30.532797 124.971931 19.268803  0.000005 -0.028171 0.999603  0.601581 0.302713 1 0 1.000000
blackplastic
0  -31.402645 121.712753 19.202738  0.000022 -0.028194 0.999602  0.601581 0.302713 1 0 1.000000
0  -24.575985 125.555496 19.268803  0.000017 -0.028179 0.999603  0.601581 0.302713 1 0 1.000000
0  -30.532797 124.971931 19.268803  0.000005 -0.028171 0.999603  0.601581 0.302713 1 0 1.000000
blackplastic
0  -24.575985 125.555496 19.268803  0.000017 -0.028179 0.999603  0.601581 0.302713 1 0 1.000000
0  -31.402645 121.712753 19.202738  0.000022 -0.028194 0.999602  0.601581 0.302713 1 0 1.000000
0  -31.402645 119.962044 19.158695  -0.000016 -0.028201 0.999602  0.601581 0.302713 1 0 1.000000
blackplastic
0  -24.575985 125.555496 19.268803  0.000017 -0.028179 0.999603  0.601581 0.302713 1 0 1.000000
0  -31.402645 119.962044 19.158695  -0.000016 -0.028201 0.999602  0.601581 0.302713 1 0 1.000000
0  -30.874130 119.389481 19.136673  -0.000016 -0.028200 0.999602  0.601581 0.302713 1 0 1.000000
blackplastic
0  -24.575985 125.555496 19.268803  0.000017 -0.028179 0.999603  0.601581 0.302713 1 0 1.000000
0  -30.874130 119.389481 19.136673  -0.000016 -0.028200 0.999602  0.601581 0.302713 1 0 1.000000
0  -26.811167 119.466560 19.125662  0.000037 -0.028160 0.999604  0.601581 0.302713 1 0 1.000000
blackplastic
0  -37.821911 115.965141 19.048588  0.000118 -0.028455 0.999595  0.601581 0.302713 1 0 1.000000
0  -37.106209 115.976151 19.048588  0.000106 -0.028521 0.999593  0.601581 0.302713 1 0 1.000000
0  -36.533653 118.927032 19.125662  0.000103 -0.028207 0.999602  0.601581 0.302713 1 0 1.000000
blackplastic
0  -37.139244 115.766953 18.949490  0.000398 -0.706513 0.707700  0.601581 0.302713 1 0 1.000000
0  -37.106209 115.976151 19.048588  0.000106 -0.028521 0.999593  0.601581 0.302713 1 0 1.000000
0  -37.821911 115.965141 19.048588  0.000118 -0.028455 0.999595  0.601581 0.302713 1 0 1.000000
blackplastic
0  -37.821911 115.965141 19.048588  0.000118 -0.028455 0.999595  0.601581 0.302713 1 0 1.000000
0  -37.832920 115.777962 18.960501  0.005471 -0.395720 0.918355  0.601581 0.302713 1 0 1.000000
0  -37.139244 115.766953 18.949490  0.000398 -0.706513 0.707700  0.601581 0.302713 1 0 1.000000
blackplastic
0  -37.139244 115.766953 18.949490  0.000398 -0.706513 0.707700  0.601581 0.302713 1 0 1.000000
0  -37.832920 115.777962 18.960501  0.005471 -0.395720 0.918355  0.601581 0.302713 1 0 1.000000
0  -37.799889 115.678864 18.751297  -0.000194 -0.999587 0.028723  0.601581 0.302713 1 0 1.000000
blackplastic
0  -37.106209 115.678864 18.751297  -0.000774 -0.997025 0.077074  0.601581 0.302713 1 0 1.000000
0  -37.139244 115.766953 18.949490  0.000398 -0.706513 0.707700  0.601581 0.302713 1 0 1.000000
0  -37.799889 115.678864 18.751297  -0.000194 -0.999587 0.028723  0.601581 0.302713 1 0 1.000000
blackplastic
0  -37.799889 115.678864 18.751297  -0.000194 -0.999587 0.028723  0.601581 0.302713 1 0 1.000000
0  -36.159286 115.579765 15.128763  0.002633 -0.999532 0.030494  0.601581 0.302713 1 0 1.000000
0  -37.106209 115.678864 18.751297  -0.000774 -0.997025 0.077074  0.601581 0.302713 1 0 1.000000
blackplastic
0  -36.060188 115.524712 13.256937  0.005705 -0.999381 0.034719  0.601581 0.302713 1 0 1.000000
0  -36.159286 115.579765 15.128763  0.002633 -0.999532 0.030494  0.601581 0.302713 1 0 1.000000
0  -37.799889 115.678864 18.751297  -0.000194 -0.999587 0.028723  0.601581 0.302713 1 0 1.000000
blackplastic
0  -35.036190 115.502693 12.486185  0.012104 -0.998996 0.043137  0.601581 0.302713 1 0 1.000000
0  -36.159286 115.579765 15.128763  0.002633 -0.999532 0.030494  0.601581 0.302713 1 0 1.000000
0  -36.060188 115.524712 13.256937  0.005705 -0.999381 0.034719  0.601581 0.302713 1 0 1.000000
blackplastic
0  -14.005672 125.093048 18.740286  0.000062 -0.028396 0.999597  0.601581 0.302713 1 0 1.000000
0  -15.073714 123.958939 18.707254  0.000061 -0.028396 0.999597  0.601581 0.302713 1 0 1.000000
0  -13.554232 123.606598 18.696243  0.000000 -0.028164 0.999603  0.601581 0.302713 1 0 1.000000
blackplastic
0  -18.101671 126.436356 8.918702  -0.355388 0.473384 -0.805982  0.601581 0.302713 1 0 1.000000
0  -34.551720 121.382431 13.179862  -0.354793 0.456513 -0.815915  0.601581 0.302713 1 0 1.000000
0  -35.575718 122.483505 14.347001  -0.354791 0.456710 -0.815806  0.601581 0.302713 1 0 1.000000
blackplastic
0  -34.551720 121.382431 13.179862  -0.354793 0.456513 -0.815915  0.601581 0.302713 1 0 1.000000
0  -18.101671 126.436356 8.918702  -0.355388 0.473384 -0.805982  0.601581 0.302713 1 0 1.000000
0  -23.507944 122.615631 9.127908  -0.354695 0.456903 -0.815740  0.601581 0.302713 1 0 1.000000
blackplastic
0  -34.551720 121.382431 13.179862  -0.354793 0.456513 -0.815915  0.601581 0.302713 1 0 1.000000
0  -23.507944 122.615631 9.127908  -0.354695 0.456903 -0.815740  0.601581 0.302713 1 0 1.000000
0  -28.077402 120.160233 9.766531  -0.358316 0.403825 -0.841745  0.601581 0.302713 1 0 1.000000
blackplastic
0  -28.077402 120.160233 9.766531  -0.358316 0.403825 -0.841745  0.601581 0.302713 1 0 1.000000
0  -33.858040 120.149223 12.221928  -0.359399 0.426692 -0.829919  0.601581 0.302713 1 0 1.000000
0  -34.551720 121.382431 13.179862  -0.354793 0.456513 -0.815915  0.601581 0.302713 1 0 1.000000
blackplastic
0  -28.077402 120.160233 9.766531  -0.358316 0.403825 -0.841745  0.601581 0.302713 1 0 1.000000
0  -33.417610 118.552666 11.396122  -0.364799 0.355358 -0.860606  0.601581 0.302713 1 0 1.000000
0  -33.858040 120.149223 12.221928  -0.359399 0.426692 -0.829919  0.601581 0.302713 1 0 1.000000
blackplastic
0  -33.417610 118.552666 11.396122  -0.364799 0.355358 -0.860606  0.601581 0.302713 1 0 1.000000
0  -28.077402 120.160233 9.766531  -0.358316 0.403825 -0.841745  0.601581 0.302713 1 0 1.000000
0  -31.391636 117.517654 10.173928  -0.372507 0.295931 -0.879581  0.601581 0.302713 1 0 1.000000
blackplastic
0  -33.208408 116.978134 10.812552  -0.387309 0.256194 -0.885639  0.601581 0.302713 1 0 1.000000
0  -33.417610 118.552666 11.396122  -0.364799 0.355358 -0.860606  0.601581 0.302713 1 0 1.000000
0  -31.391636 117.517654 10.173928  -0.372507 0.295931 -0.879581  0.601581 0.302713 1 0 1.000000
blackplastic
0  -33.208408 116.978134 10.812552  -0.387309 0.256194 -0.885639  0.601581 0.302713 1 0 1.000000
0  -31.391636 117.517654 10.173928  -0.372507 0.295931 -0.879581  0.601581 0.302713 1 0 1.000000
0  -32.801010 115.943123 10.328079  -0.389432 0.250202 -0.886421  0.601581 0.302713 1 0 1.000000
blackplastic
0  -32.801010 115.943123 10.328079  -0.389432 0.250202 -0.886421  0.601581 0.302713 1 0 1.000000
0  -33.186386 115.755936 10.482230  -0.389509 0.250192 -0.886389  0.601581 0.302713 1 0 1.000000
0  -33.208408 116.978134 10.812552  -0.387309 0.256194 -0.885639  0.601581 0.302713 1 0 1.000000
blackplastic
0  -28.077402 120.160233 9.766531  0.414770 -0.743519 -0.524543  0.601581 0.302713 1 0 1.000000
0  -23.507944 122.615631 9.127908  0.330937 -0.843942 -0.422187  0.601581 0.302713 1 0 1.000000
0  -23.507944 122.549568 9.282058  0.339099 -0.838886 -0.425772  0.601581 0.302713 1 0 1.000000
blackplastic
0  -23.507944 122.549568 9.282058  0.339099 -0.838886 -0.425772  0.601581 0.302713 1 0 1.000000
0  -28.066391 120.061142 9.920681  0.426895 -0.729183 -0.534839  0.601581 0.302713 1 0 1.000000
0  -28.077402 120.160233 9.766531  0.414770 -0.743519 -0.524543  0.601581 0.302713 1 0 1.000000
blackplastic
0  -31.391636 117.517654 10.173928  0.510387 -0.615287 -0.600772  0.601581 0.302713 1 0 1.000000
0  -28.077402 120.160233 9.766531  0.414863 -0.743486 -0.524516  0.601581 0.302713 1 0 1.000000
0  -28.066391 120.061142 9.920681  0.426944 -0.729169 -0.534819  0.601581 0.302713 1 0 1.000000
blackplastic
0  -28.066391 120.061142 9.920681  0.426944 -0.729169 -0.534819  0.601581 0.302713 1 0 1.000000
0  -31.369614 117.396538 10.317068  0.531993 -0.593291 -0.604143  0.601581 0.302713 1 0 1.000000
0  -31.391636 117.517654 10.173928  0.510387 -0.615287 -0.600772  0.601581 0.302713 1 0 1.000000
blackplastic
0  -31.391636 117.517654 10.173928  0.510387 -0.615287 -0.600772  0.601581 0.302713 1 0 1.000000
0  -31.369614 117.396538 10.317068  0.531993 -0.593291 -0.604143  0.601581 0.302713 1 0 1.000000
0  -32.801010 115.943123 10.328079  0.524851 -0.604139 -0.599622  0.601581 0.302713 1 0 1.000000
blackplastic
0  -31.369614 117.396538 10.317068  0.531993 -0.593291 -0.604143  0.601581 0.302713 1 0 1.000000
0  -32.734947 115.866043 10.449198  0.514766 -0.615172 -0.597143  0.601581 0.302713 1 0 1.000000
0  -32.801010 115.943123 10.328079  0.524851 -0.604139 -0.599622  0.601581 0.302713 1 0 1.000000
blackplastic
0  -32.801010 115.943123 10.328079  0.524851 -0.604139 -0.599622  0.601581 0.302713 1 0 1.000000
0  -32.734947 115.866043 10.449198  0.514766 -0.615172 -0.597143  0.601581 0.302713 1 0 1.000000
0  -33.087288 115.711899 10.603348  0.195788 -0.865809 -0.460479  0.601581 0.302713 1 0 1.000000
blackplastic
0  -33.087288 115.711899 10.603348  0.195788 -0.865809 -0.460479  0.601581 0.302713 1 0 1.000000
0  -33.186386 115.755936 10.482230  0.190517 -0.869934 -0.454883  0.601581 0.302713 1 0 1.000000
0  -32.801010 115.943123 10.328079  0.524851 -0.604139 -0.599622  0.601581 0.302713 1 0 1.000000
blackplastic
0  -14.864511 123.837822 18.707254  0.000042 -0.028520 0.999593  0.601581 0.302713 1 0 1.000000
0  -15.932552 122.714729 18.674221  0.000042 -0.028520 0.999593  0.601581 0.302713 1 0 1.000000
0  -14.413070 122.351372 18.663210  0.000042 -0.028520 0.999593  0.601581 0.302713 1 0 1.000000
blackplastic
0  18.597136 130.642456 12.475170  0.000000 -0.323975 -0.946066  0.601581 0.302713 1 0 1.000000
0  17.529093 130.642456 12.475170  -0.000000 -0.324110 -0.946019  0.601581 0.302713 1 0 1.000000
0  17.529093 130.950760 12.210913  -0.000010 -0.898045 -0.439904  0.601581 0.302713 1 0 1.000000
blackplastic
0  18.597136 130.642456 12.475170  0.000000 -0.323975 -0.946066  0.601581 0.302713 1 0 1.000000
0  18.597136 130.235062 12.453149  -0.000003 0.439909 -0.898042  0.601581 0.302713 1 0 1.000000
0  17.529093 130.642456 12.475170  -0.000000 -0.324110 -0.946019  0.601581 0.302713 1 0 1.000000
blackplastic
0  18.597136 130.235062 12.453149  -0.000003 0.439909 -0.898042  0.601581 0.302713 1 0 1.000000
0  17.529093 130.235062 12.453149  0.000000 0.439889 -0.898052  0.601581 0.302713 1 0 1.000000
0  17.529093 130.642456 12.475170  -0.000000 -0.324110 -0.946019  0.601581 0.302713 1 0 1.000000
blackplastic
0  18.597136 130.235062 12.453149  -0.000003 0.439909 -0.898042  0.601581 0.302713 1 0 1.000000
0  18.597136 129.959793 12.144848  -0.000004 0.946079 -0.323936  0.601581 0.302713 1 0 1.000000
0  17.529093 130.235062 12.453149  0.000000 0.439889 -0.898052  0.601581 0.302713 1 0 1.000000
blackplastic
0  18.597136 129.959793 12.144848  -0.000004 0.946079 -0.323936  0.601581 0.302713 1 0 1.000000
0  17.529093 129.959793 12.144848  0.000000 0.946066 -0.323975  0.601581 0.302713 1 0 1.000000
0  17.529093 130.235062 12.453149  0.000000 0.439889 -0.898052  0.601581 0.302713 1 0 1.000000
blackplastic
0  17.529093 129.981812 11.726440  0.000001 0.897965 0.440067  0.601581 0.302713 1 0 1.000000
0  17.529093 129.959793 12.144848  0.000000 0.946066 -0.323975  0.601581 0.302713 1 0 1.000000
0  18.597136 129.959793 12.144848  -0.000004 0.946079 -0.323936  0.601581 0.302713 1 0 1.000000
blackplastic
0  18.597136 129.959793 12.144848  -0.000004 0.946079 -0.323936  0.601581 0.302713 1 0 1.000000
0  18.597136 129.981812 11.726440  0.000000 0.897978 0.440040  0.601581 0.302713 1 0 1.000000
0  17.529093 129.981812 11.726440  0.000001 0.897965 0.440067  0.601581 0.302713 1 0 1.000000
blackplastic
0  18.597136 129.981812 11.726440  0.000000 0.897978 0.440040  0.601581 0.302713 1 0 1.000000
0  18.597136 130.290115 11.462182  0.000000 0.323744 0.946145  0.601581 0.302713 1 0 1.000000
0  17.529093 129.981812 11.726440  0.000001 0.897965 0.440067  0.601581 0.302713 1 0 1.000000
blackplastic
0  18.597136 130.290115 11.462182  0.000000 0.323744 0.946145  0.601581 0.302713 1 0 1.000000
0  17.529093 130.290115 11.462182  -0.000000 0.323690 0.946163  0.601581 0.302713 1 0 1.000000
0  17.529093 129.981812 11.726440  0.000001 0.897965 0.440067  0.601581 0.302713 1 0 1.000000
blackplastic
0  17.529093 130.708527 11.484203  0.000000 -0.439889 0.898052  0.601581 0.302713 1 0 1.000000
0  17.529093 130.290115 11.462182  -0.000000 0.323690 0.946163  0.601581 0.302713 1 0 1.000000
0  18.597136 130.290115 11.462182  0.000000 0.323744 0.946145  0.601581 0.302713 1 0 1.000000
blackplastic
0  18.597136 130.290115 11.462182  0.000000 0.323744 0.946145  0.601581 0.302713 1 0 1.000000
0  18.597136 130.708527 11.484203  0.000004 -0.439927 0.898034  0.601581 0.302713 1 0 1.000000
0  17.529093 130.708527 11.484203  0.000000 -0.439889 0.898052  0.601581 0.302713 1 0 1.000000
blackplastic
0  17.529093 130.983795 11.792504  -0.000000 -0.946114 0.323835  0.601581 0.302713 1 0 1.000000
0  17.529093 130.708527 11.484203  0.000000 -0.439889 0.898052  0.601581 0.302713 1 0 1.000000
0  18.597136 130.708527 11.484203  0.000004 -0.439927 0.898034  0.601581 0.302713 1 0 1.000000
blackplastic
0  18.597136 130.708527 11.484203  0.000004 -0.439927 0.898034  0.601581 0.302713 1 0 1.000000
0  18.597136 130.983795 11.792504  0.000000 -0.946130 0.323787  0.601581 0.302713 1 0 1.000000
0  17.529093 130.983795 11.792504  -0.000000 -0.946114 0.323835  0.601581 0.302713 1 0 1.000000
blackplastic
0  17.529093 130.950760 12.210913  -0.000010 -0.898045 -0.439904  0.601581 0.302713 1 0 1.000000
0  17.529093 130.983795 11.792504  -0.000000 -0.946114 0.323835  0.601581 0.302713 1 0 1.000000
0  18.597136 130.983795 11.792504  0.000000 -0.946130 0.323787  0.601581 0.302713 1 0 1.000000
blackplastic
0  18.597136 130.983795 11.792504  0.000000 -0.946130 0.323787  0.601581 0.302713 1 0 1.000000
0  18.597136 130.950760 12.210913  0.000000 -0.898012 -0.439971  0.601581 0.302713 1 0 1.000000
0  17.529093 130.950760 12.210913  -0.000010 -0.898045 -0.439904  0.601581 0.302713 1 0 1.000000
blackplastic
0  18.597136 130.950760 12.210913  0.000000 -0.898012 -0.439971  0.601581 0.302713 1 0 1.000000
0  18.597136 130.642456 12.475170  0.000000 -0.323975 -0.946066  0.601581 0.302713 1 0 1.000000
0  17.529093 130.950760 12.210913  -0.000010 -0.898045 -0.439904  0.601581 0.302713 1 0 1.000000
blackplastic
0  -13.135823 123.848831 18.707254  0.000020 -0.028234 0.999601  0.601581 0.302713 1 0 1.000000
0  -14.214876 122.725739 18.674221  0.000019 -0.028234 0.999601  0.601581 0.302713 1 0 1.000000
0  -12.695394 122.362381 18.663210  0.000003 -0.028091 0.999605  0.601581 0.302713 1 0 1.000000
blackplastic
0  9.821574 124.630600 15.701318  -0.929058 -0.283376 0.237801  0.601581 0.302713 1 0 1.000000
0  9.821574 124.608574 15.370996  -0.841911 -0.444718 -0.305633  0.601581 0.302713 1 0 1.000000
0  9.865617 124.476448 15.690308  -0.861307 -0.454523 0.227065  0.601581 0.302713 1 0 1.000000
blackplastic
0  9.975724 124.608574 15.987597  -0.574237 -0.458856 0.678014  0.601581 0.302713 1 0 1.000000
0  9.821574 124.630600 15.701318  -0.929058 -0.283376 0.237801  0.601581 0.302713 1 0 1.000000
0  9.865617 124.476448 15.690308  -0.861307 -0.454523 0.227065  0.601581 0.302713 1 0 1.000000
blackplastic
0  9.975724 124.608574 15.987597  -0.574237 -0.458856 0.678014  0.601581 0.302713 1 0 1.000000
0  9.865617 124.476448 15.690308  -0.861307 -0.454523 0.227065  0.601581 0.302713 1 0 1.000000
0  9.997746 124.344315 15.756371  -0.691644 -0.619133 0.371890  0.601581 0.302713 1 0 1.000000
blackplastic
0  9.997746 124.344315 15.756371  -0.691644 -0.619133 0.371890  0.601581 0.302713 1 0 1.000000
0  10.151896 124.553520 16.053663  -0.428468 -0.456123 0.779979  0.601581 0.302713 1 0 1.000000
0  9.975724 124.608574 15.987597  -0.574237 -0.458856 0.678014  0.601581 0.302713 1 0 1.000000
blackplastic
0  10.118864 124.971931 16.031641  -0.268141 0.494631 0.826705  0.601581 0.302713 1 0 1.000000
0  9.975724 124.608574 15.987597  -0.574237 -0.458856 0.678014  0.601581 0.302713 1 0 1.000000
0  10.151896 124.553520 16.053663  -0.428468 -0.456123 0.779979  0.601581 0.302713 1 0 1.000000
blackplastic
0  10.151896 124.553520 16.053663  -0.428468 -0.456123 0.779979  0.601581 0.302713 1 0 1.000000
0  10.306046 124.916878 16.086695  -0.113121 0.481300 0.869226  0.601581 0.302713 1 0 1.000000
0  10.118864 124.971931 16.031641  -0.268141 0.494631 0.826705  0.601581 0.302713 1 0 1.000000
blackplastic
0  10.162907 125.170120 15.932544  -0.289903 0.753401 0.590206  0.601581 0.302713 1 0 1.000000
0  10.118864 124.971931 16.031641  -0.268141 0.494631 0.826705  0.601581 0.302713 1 0 1.000000
0  10.306046 124.916878 16.086695  -0.113121 0.481300 0.869226  0.601581 0.302713 1 0 1.000000
blackplastic
0  10.306046 124.916878 16.086695  -0.113121 0.481300 0.869226  0.601581 0.302713 1 0 1.000000
0  10.350090 125.225174 15.855469  -0.054413 0.907017 0.417563  0.601581 0.302713 1 0 1.000000
0  10.162907 125.170120 15.932544  -0.289903 0.753401 0.590206  0.601581 0.302713 1 0 1.000000
blackplastic
0  10.118864 125.291245 15.613233  -0.373578 0.922875 0.093498  0.601581 0.302713 1 0 1.000000
0  10.162907 125.170120 15.932544  -0.289903 0.753401 0.590206  0.601581 0.302713 1 0 1.000000
0  10.350090 125.225174 15.855469  -0.054413 0.907017 0.417563  0.601581 0.302713 1 0 1.000000
blackplastic
0  10.350090 125.225174 15.855469  -0.054413 0.907017 0.417563  0.601581 0.302713 1 0 1.000000
0  10.273014 125.291245 15.470093  -0.214927 0.945669 -0.243959  0.601581 0.302713 1 0 1.000000
0  10.118864 125.291245 15.613233  -0.373578 0.922875 0.093498  0.601581 0.302713 1 0 1.000000
blackplastic
0  9.997746 125.170120 15.326953  -0.545921 0.748985 -0.375489  0.601581 0.302713 1 0 1.000000
0  10.118864 125.291245 15.613233  -0.373578 0.922875 0.093498  0.601581 0.302713 1 0 1.000000
0  10.273014 125.291245 15.470093  -0.214927 0.945669 -0.243959  0.601581 0.302713 1 0 1.000000
blackplastic
0  10.273014 125.291245 15.470093  -0.214927 0.945669 -0.243959  0.601581 0.302713 1 0 1.000000
0  10.118864 125.082039 15.172803  -0.483057 0.529727 -0.697169  0.601581 0.302713 1 0 1.000000
0  9.997746 125.170120 15.326953  -0.545921 0.748985 -0.375489  0.601581 0.302713 1 0 1.000000
blackplastic
0  9.909660 124.971931 15.260888  -0.644168 0.485008 -0.591452  0.601581 0.302713 1 0 1.000000
0  9.997746 125.170120 15.326953  -0.545921 0.748985 -0.375489  0.601581 0.302713 1 0 1.000000
0  10.118864 125.082039 15.172803  -0.483057 0.529727 -0.697169  0.601581 0.302713 1 0 1.000000
blackplastic
0  10.118864 125.082039 15.172803  -0.483057 0.529727 -0.697169  0.601581 0.302713 1 0 1.000000
0  9.975724 124.718681 15.139771  -0.750688 0.009879 -0.660583  0.601581 0.302713 1 0 1.000000
0  9.909660 124.971931 15.260888  -0.644168 0.485008 -0.591452  0.601581 0.302713 1 0 1.000000
blackplastic
0  9.821574 124.608574 15.370996  -0.841911 -0.444718 -0.305633  0.601581 0.302713 1 0 1.000000
0  9.909660 124.971931 15.260888  -0.644168 0.485008 -0.591452  0.601581 0.302713 1 0 1.000000
0  9.975724 124.718681 15.139771  -0.750688 0.009879 -0.660583  0.601581 0.302713 1 0 1.000000
blackplastic
0  9.975724 124.718681 15.139771  -0.750688 0.009879 -0.660583  0.601581 0.302713 1 0 1.000000
0  9.931682 124.410385 15.382007  -0.809401 -0.524417 -0.264306  0.601581 0.302713 1 0 1.000000
0  9.821574 124.608574 15.370996  -0.841911 -0.444718 -0.305633  0.601581 0.302713 1 0 1.000000
blackplastic
0  9.865617 124.476448 15.690308  -0.861307 -0.454523 0.227065  0.601581 0.302713 1 0 1.000000
0  9.821574 124.608574 15.370996  -0.841911 -0.444718 -0.305633  0.601581 0.302713 1 0 1.000000
0  9.931682 124.410385 15.382007  -0.809401 -0.524417 -0.264306  0.601581 0.302713 1 0 1.000000
blackplastic
0  9.931682 124.410385 15.382007  -0.809401 -0.524417 -0.264306  0.601581 0.302713 1 0 1.000000
0  9.997746 124.344315 15.756371  -0.691644 -0.619133 0.371890  0.601581 0.302713 1 0 1.000000
0  9.865617 124.476448 15.690308  -0.861307 -0.454523 0.227065  0.601581 0.302713 1 0 1.000000
blackplastic
0  9.909660 124.971931 15.260888  -0.644168 0.485008 -0.591452  0.601581 0.302713 1 0 1.000000
0  9.898649 125.015976 15.679296  -0.867345 0.441862 0.229065  0.601581 0.302713 1 0 1.000000
0  9.997746 125.170120 15.326953  -0.545921 0.748985 -0.375489  0.601581 0.302713 1 0 1.000000
blackplastic
0  10.118864 125.291245 15.613233  -0.373578 0.922875 0.093498  0.601581 0.302713 1 0 1.000000
0  9.997746 125.170120 15.326953  -0.545921 0.748985 -0.375489  0.601581 0.302713 1 0 1.000000
0  9.898649 125.015976 15.679296  -0.867345 0.441862 0.229065  0.601581 0.302713 1 0 1.000000
blackplastic
0  10.162907 125.170120 15.932544  -0.289903 0.753401 0.590206  0.601581 0.302713 1 0 1.000000
0  10.118864 125.291245 15.613233  -0.373578 0.922875 0.093498  0.601581 0.302713 1 0 1.000000
0  9.898649 125.015976 15.679296  -0.867345 0.441862 0.229065  0.601581 0.302713 1 0 1.000000
blackplastic
0  9.898649 125.015976 15.679296  -0.867345 0.441862 0.229065  0.601581 0.302713 1 0 1.000000
0  10.118864 124.971931 16.031641  -0.268141 0.494631 0.826705  0.601581 0.302713 1 0 1.000000
0  10.162907 125.170120 15.932544  -0.289903 0.753401 0.590206  0.601581 0.302713 1 0 1.000000
blackplastic
0  -16.571175 123.848831 18.707254  0.000005 -0.028105 0.999605  0.601581 0.302713 1 0 1.000000
0  -17.639217 122.714729 18.674221  0.000022 -0.028200 0.999602  0.601581 0.302713 1 0 1.000000
0  -16.119736 122.351372 18.663210  0.000005 -0.028105 0.999605  0.601581 0.302713 1 0 1.000000
blackplastic
0  -9.821591 124.630600 15.701320  0.929081 -0.283276 0.237832  0.601581 0.302713 1 0 1.000000
0  -9.865634 124.476448 15.690310  0.861313 -0.454512 0.227067  0.601581 0.302713 1 0 1.000000
0  -9.821591 124.608574 15.370997  0.841881 -0.444688 -0.305760  0.601581 0.302713 1 0 1.000000
blackplastic
0  -9.975741 124.608574 15.987599  0.574230 -0.458857 0.678019  0.601581 0.302713 1 0 1.000000
0  -9.865634 124.476448 15.690310  0.861313 -0.454512 0.227067  0.601581 0.302713 1 0 1.000000
0  -9.821591 124.630600 15.701320  0.929081 -0.283276 0.237832  0.601581 0.302713 1 0 1.000000
blackplastic
0  -9.997763 124.344315 15.756373  0.691635 -0.619133 0.371909  0.601581 0.302713 1 0 1.000000
0  -9.865634 124.476448 15.690310  0.861313 -0.454512 0.227067  0.601581 0.302713 1 0 1.000000
0  -9.975741 124.608574 15.987599  0.574230 -0.458857 0.678019  0.601581 0.302713 1 0 1.000000
blackplastic
0  -9.975741 124.608574 15.987599  0.574230 -0.458857 0.678019  0.601581 0.302713 1 0 1.000000
0  -10.151914 124.553520 16.053663  0.428466 -0.456121 0.779981  0.601581 0.302713 1 0 1.000000
0  -9.997763 124.344315 15.756373  0.691635 -0.619133 0.371909  0.601581 0.302713 1 0 1.000000
blackplastic
0  -10.151914 124.553520 16.053663  0.428466 -0.456121 0.779981  0.601581 0.302713 1 0 1.000000
0  -9.975741 124.608574 15.987599  0.574230 -0.458857 0.678019  0.601581 0.302713 1 0 1.000000
0  -10.118881 124.971931 16.031641  0.268153 0.494639 0.826696  0.601581 0.302713 1 0 1.000000
blackplastic
0  -10.118881 124.971931 16.031641  0.268153 0.494639 0.826696  0.601581 0.302713 1 0 1.000000
0  -10.306064 124.916878 16.086695  0.113112 0.481302 0.869226  0.601581 0.302713 1 0 1.000000
0  -10.151914 124.553520 16.053663  0.428466 -0.456121 0.779981  0.601581 0.302713 1 0 1.000000
blackplastic
0  -10.306064 124.916878 16.086695  0.113112 0.481302 0.869226  0.601581 0.302713 1 0 1.000000
0  -10.118881 124.971931 16.031641  0.268153 0.494639 0.826696  0.601581 0.302713 1 0 1.000000
0  -10.162924 125.170120 15.932546  0.289910 0.753399 0.590205  0.601581 0.302713 1 0 1.000000
blackplastic
0  -10.162924 125.170120 15.932546  0.289910 0.753399 0.590205  0.601581 0.302713 1 0 1.000000
0  -10.350107 125.225174 15.855471  0.054423 0.907008 0.417581  0.601581 0.302713 1 0 1.000000
0  -10.306064 124.916878 16.086695  0.113112 0.481302 0.869226  0.601581 0.302713 1 0 1.000000
blackplastic
0  -10.350107 125.225174 15.855471  0.054423 0.907008 0.417581  0.601581 0.302713 1 0 1.000000
0  -10.162924 125.170120 15.932546  0.289910 0.753399 0.590205  0.601581 0.302713 1 0 1.000000
0  -10.118881 125.291245 15.613235  0.373575 0.922876 0.093495  0.601581 0.302713 1 0 1.000000
blackplastic
0  -10.118881 125.291245 15.613235  0.373575 0.922876 0.093495  0.601581 0.302713 1 0 1.000000
0  -10.273031 125.291245 15.470095  0.214926 0.945670 -0.243956  0.601581 0.302713 1 0 1.000000
0  -10.350107 125.225174 15.855471  0.054423 0.907008 0.417581  0.601581 0.302713 1 0 1.000000
blackplastic
0  -10.273031 125.291245 15.470095  0.214926 0.945670 -0.243956  0.601581 0.302713 1 0 1.000000
0  -10.118881 125.291245 15.613235  0.373575 0.922876 0.093495  0.601581 0.302713 1 0 1.000000
0  -9.997763 125.170120 15.326955  0.545920 0.748985 -0.375490  0.601581 0.302713 1 0 1.000000
blackplastic
0  -9.997763 125.170120 15.326955  0.545920 0.748985 -0.375490  0.601581 0.302713 1 0 1.000000
0  -10.118881 125.082039 15.172805  0.483142 0.529649 -0.697170  0.601581 0.302713 1 0 1.000000
0  -10.273031 125.291245 15.470095  0.214926 0.945670 -0.243956  0.601581 0.302713 1 0 1.000000
blackplastic
0  -10.118881 125.082039 15.172805  0.483142 0.529649 -0.697170  0.601581 0.302713 1 0 1.000000
0  -9.997763 125.170120 15.326955  0.545920 0.748985 -0.375490  0.601581 0.302713 1 0 1.000000
0  -9.909678 124.971931 15.260890  0.644169 0.485003 -0.591455  0.601581 0.302713 1 0 1.000000
blackplastic
0  -9.909678 124.971931 15.260890  0.644169 0.485003 -0.591455  0.601581 0.302713 1 0 1.000000
0  -9.975741 124.718681 15.139772  0.750696 0.009884 -0.660573  0.601581 0.302713 1 0 1.000000
0  -10.118881 125.082039 15.172805  0.483142 0.529649 -0.697170  0.601581 0.302713 1 0 1.000000
blackplastic
0  -9.975741 124.718681 15.139772  0.750696 0.009884 -0.660573  0.601581 0.302713 1 0 1.000000
0  -9.909678 124.971931 15.260890  0.644169 0.485003 -0.591455  0.601581 0.302713 1 0 1.000000
0  -9.821591 124.608574 15.370997  0.841881 -0.444688 -0.305760  0.601581 0.302713 1 0 1.000000
blackplastic
0  -9.821591 124.608574 15.370997  0.841881 -0.444688 -0.305760  0.601581 0.302713 1 0 1.000000
0  -9.931699 124.410385 15.382009  0.809488 -0.524304 -0.264262  0.601581 0.302713 1 0 1.000000
0  -9.975741 124.718681 15.139772  0.750696 0.009884 -0.660573  0.601581 0.302713 1 0 1.000000
blackplastic
0  -9.931699 124.410385 15.382009  0.809488 -0.524304 -0.264262  0.601581 0.302713 1 0 1.000000
0  -9.821591 124.608574 15.370997  0.841881 -0.444688 -0.305760  0.601581 0.302713 1 0 1.000000
0  -9.865634 124.476448 15.690310  0.861313 -0.454512 0.227067  0.601581 0.302713 1 0 1.000000
blackplastic
0  -9.865634 124.476448 15.690310  0.861313 -0.454512 0.227067  0.601581 0.302713 1 0 1.000000
0  -9.997763 124.344315 15.756373  0.691635 -0.619133 0.371909  0.601581 0.302713 1 0 1.000000
0  -9.931699 124.410385 15.382009  0.809488 -0.524304 -0.264262  0.601581 0.302713 1 0 1.000000
blackplastic
0  -9.909678 124.971931 15.260890  0.644169 0.485003 -0.591455  0.601581 0.302713 1 0 1.000000
0  -9.997763 125.170120 15.326955  0.545920 0.748985 -0.375490  0.601581 0.302713 1 0 1.000000
0  -9.898666 125.015976 15.679298  0.867351 0.441860 0.229045  0.601581 0.302713 1 0 1.000000
blackplastic
0  -10.118881 125.291245 15.613235  0.373575 0.922876 0.093495  0.601581 0.302713 1 0 1.000000
0  -9.898666 125.015976 15.679298  0.867351 0.441860 0.229045  0.601581 0.302713 1 0 1.000000
0  -9.997763 125.170120 15.326955  0.545920 0.748985 -0.375490  0.601581 0.302713 1 0 1.000000
blackplastic
0  -10.162924 125.170120 15.932546  0.289910 0.753399 0.590205  0.601581 0.302713 1 0 1.000000
0  -9.898666 125.015976 15.679298  0.867351 0.441860 0.229045  0.601581 0.302713 1 0 1.000000
0  -10.118881 125.291245 15.613235  0.373575 0.922876 0.093495  0.601581 0.302713 1 0 1.000000
blackplastic
0  -9.898666 125.015976 15.679298  0.867351 0.441860 0.229045  0.601581 0.302713 1 0 1.000000
0  -10.162924 125.170120 15.932546  0.289910 0.753399 0.590205  0.601581 0.302713 1 0 1.000000
0  -10.118881 124.971931 16.031641  0.268153 0.494639 0.826696  0.601581 0.302713 1 0 1.000000
blackplastic
0  -15.723349 125.104057 18.740286  0.000132 -0.028625 0.999590  0.601581 0.302713 1 0 1.000000
0  -16.791389 123.969955 18.707254  0.000075 -0.028442 0.999596  0.601581 0.302713 1 0 1.000000
0  -15.271908 123.617607 18.696243  0.000028 -0.028256 0.999601  0.601581 0.302713 1 0 1.000000
blackplastic
0  -12.970662 125.203156 18.707254  0.006271 -0.027899 0.999591  0.601581 0.302713 1 0 1.000000
0  -20.601107 125.203156 18.707254  -0.006189 -0.027796 0.999595  0.601581 0.302713 1 0 1.000000
0  -21.459946 122.032059 18.619167  -0.006118 -0.027756 0.999596  0.601581 0.302713 1 0 1.000000
blackplastic
0  -20.601107 125.203156 18.707254  -0.006189 -0.027796 0.999595  0.601581 0.302713 1 0 1.000000
0  -21.228720 124.773735 18.696243  -0.006266 -0.027803 0.999594  0.601581 0.302713 1 0 1.000000
0  -21.459946 122.032059 18.619167  -0.006118 -0.027756 0.999596  0.601581 0.302713 1 0 1.000000
blackplastic
0  -21.228720 124.773735 18.696243  -0.006266 -0.027803 0.999594  0.601581 0.302713 1 0 1.000000
0  -21.944418 122.725739 18.641190  -0.006353 -0.027591 0.999599  0.601581 0.302713 1 0 1.000000
0  -21.459946 122.032059 18.619167  -0.006118 -0.027756 0.999596  0.601581 0.302713 1 0 1.000000
blackplastic
0  -21.944418 122.725739 18.641190  -0.006353 -0.027591 0.999599  0.601581 0.302713 1 0 1.000000
0  -21.856333 122.263290 18.630178  -0.006028 -0.027498 0.999604  0.601581 0.302713 1 0 1.000000
0  -21.459946 122.032059 18.619167  -0.006118 -0.027756 0.999596  0.601581 0.302713 1 0 1.000000
blackplastic
0  -21.481966 121.977005 18.498049  -0.579792 -0.813011 0.053427  0.601581 0.302713 1 0 1.000000
0  -12.067781 121.988022 18.498047  0.005398 -0.998898 0.046631  0.601581 0.302713 1 0 1.000000
0  -12.089803 122.043076 18.619165  0.006141 -0.027598 0.999600  0.601581 0.302713 1 0 1.000000
blackplastic
0  -21.459946 122.032059 18.619167  -0.006118 -0.027756 0.999596  0.601581 0.302713 1 0 1.000000
0  -21.481966 121.977005 18.498049  -0.579792 -0.813011 0.053427  0.601581 0.302713 1 0 1.000000
0  -12.089803 122.043076 18.619165  0.006141 -0.027598 0.999600  0.601581 0.302713 1 0 1.000000
blackplastic
0  -21.459946 122.032059 18.619167  -0.006118 -0.027756 0.999596  0.601581 0.302713 1 0 1.000000
0  -12.089803 122.043076 18.619165  0.006141 -0.027598 0.999600  0.601581 0.302713 1 0 1.000000
0  -12.970662 125.203156 18.707254  0.006271 -0.027899 0.999591  0.601581 0.302713 1 0 1.000000
blackplastic
0  -12.354061 124.784744 18.696241  0.006355 -0.027695 0.999596  0.601581 0.302713 1 0 1.000000
0  -12.970662 125.203156 18.707254  0.006271 -0.027899 0.999591  0.601581 0.302713 1 0 1.000000
0  -12.089803 122.043076 18.619165  0.006141 -0.027598 0.999600  0.601581 0.302713 1 0 1.000000
blackplastic
0  -12.354061 124.784744 18.696241  0.006355 -0.027695 0.999596  0.601581 0.302713 1 0 1.000000
0  -12.596297 125.093048 18.707253  0.006310 -0.027770 0.999594  0.601581 0.302713 1 0 1.000000
0  -12.970662 125.203156 18.707254  0.006271 -0.027899 0.999591  0.601581 0.302713 1 0 1.000000
blackplastic
0  -21.481966 121.977005 18.498049  -0.579792 -0.813011 0.053427  0.601581 0.302713 1 0 1.000000
0  -21.459946 122.032059 18.619167  -0.006118 -0.027756 0.999596  0.601581 0.302713 1 0 1.000000
0  -21.856333 122.263290 18.630178  -0.006028 -0.027498 0.999604  0.601581 0.302713 1 0 1.000000
blackplastic
0  -21.856333 122.263290 18.630178  -0.006028 -0.027498 0.999604  0.601581 0.302713 1 0 1.000000
0  -21.900375 122.230255 18.509060  -0.808741 -0.585210 0.058880  0.601581 0.302713 1 0 1.000000
0  -21.481966 121.977005 18.498049  -0.579792 -0.813011 0.053427  0.601581 0.302713 1 0 1.000000
blackplastic
0  -22.010483 122.736748 18.520071  -0.940543 0.332391 0.069971  0.601581 0.302713 1 0 1.000000
0  -21.900375 122.230255 18.509060  -0.808741 -0.585210 0.058880  0.601581 0.302713 1 0 1.000000
0  -21.856333 122.263290 18.630178  -0.006028 -0.027498 0.999604  0.601581 0.302713 1 0 1.000000
blackplastic
0  -21.944418 122.725739 18.641190  -0.006353 -0.027591 0.999599  0.601581 0.302713 1 0 1.000000
0  -22.010483 122.736748 18.520071  -0.940543 0.332391 0.069971  0.601581 0.302713 1 0 1.000000
0  -21.856333 122.263290 18.630178  -0.006028 -0.027498 0.999604  0.601581 0.302713 1 0 1.000000
blackplastic
0  -21.283773 124.795761 18.575125  -0.927057 0.368161 0.070874  0.601581 0.302713 1 0 1.000000
0  -22.010483 122.736748 18.520071  -0.940543 0.332391 0.069971  0.601581 0.302713 1 0 1.000000
0  -21.944418 122.725739 18.641190  -0.006353 -0.027591 0.999599  0.601581 0.302713 1 0 1.000000
blackplastic
0  -21.228720 124.773735 18.696243  -0.006266 -0.027803 0.999594  0.601581 0.302713 1 0 1.000000
0  -21.283773 124.795761 18.575125  -0.927057 0.368161 0.070874  0.601581 0.302713 1 0 1.000000
0  -21.944418 122.725739 18.641190  -0.006353 -0.027591 0.999599  0.601581 0.302713 1 0 1.000000
blackplastic
0  -21.228720 124.773735 18.696243  -0.006266 -0.027803 0.999594  0.601581 0.302713 1 0 1.000000
0  -20.964462 125.104057 18.707254  -0.006070 -0.027979 0.999590  0.601581 0.302713 1 0 1.000000
0  -21.283773 124.795761 18.575125  -0.927057 0.368161 0.070874  0.601581 0.302713 1 0 1.000000
blackplastic
0  -20.601107 125.203156 18.707254  -0.006189 -0.027796 0.999595  0.601581 0.302713 1 0 1.000000
0  -20.964462 125.104057 18.707254  -0.006070 -0.027979 0.999590  0.601581 0.302713 1 0 1.000000
0  -21.228720 124.773735 18.696243  -0.006266 -0.027803 0.999594  0.601581 0.302713 1 0 1.000000
blackplastic
0  -20.964462 125.104057 18.707254  -0.006070 -0.027979 0.999590  0.601581 0.302713 1 0 1.000000
0  -20.601107 125.203156 18.707254  -0.006189 -0.027796 0.999595  0.601581 0.302713 1 0 1.000000
0  -20.601107 125.269218 18.586136  -0.003032 0.996436 0.084301  0.601581 0.302713 1 0 1.000000
blackplastic
0  -20.601107 125.269218 18.586136  -0.003032 0.996436 0.084301  0.601581 0.302713 1 0 1.000000
0  -20.601107 125.203156 18.707254  -0.006189 -0.027796 0.999595  0.601581 0.302713 1 0 1.000000
0  -12.970662 125.203156 18.707254  0.006271 -0.027899 0.999591  0.601581 0.302713 1 0 1.000000
blackplastic
0  -12.970662 125.269218 18.586136  0.003684 0.996435 0.084288  0.601581 0.302713 1 0 1.000000
0  -20.601107 125.269218 18.586136  -0.003032 0.996436 0.084301  0.601581 0.302713 1 0 1.000000
0  -12.970662 125.203156 18.707254  0.006271 -0.027899 0.999591  0.601581 0.302713 1 0 1.000000
blackplastic
0  -12.970662 125.269218 18.586136  0.003684 0.996435 0.084288  0.601581 0.302713 1 0 1.000000
0  -12.970662 125.203156 18.707254  0.006271 -0.027899 0.999591  0.601581 0.302713 1 0 1.000000
0  -12.596297 125.093048 18.707253  0.006310 -0.027770 0.999594  0.601581 0.302713 1 0 1.000000
blackplastic
0  -12.596297 125.093048 18.707253  0.006310 -0.027770 0.999594  0.601581 0.302713 1 0 1.000000
0  -12.563265 125.148102 18.586134  0.568045 0.818673 0.084258  0.601581 0.302713 1 0 1.000000
0  -12.970662 125.269218 18.586136  0.003684 0.996435 0.084288  0.601581 0.302713 1 0 1.000000
blackplastic
0  -12.299007 124.806770 18.575123  0.928543 0.364119 0.072292  0.601581 0.302713 1 0 1.000000
0  -12.563265 125.148102 18.586134  0.568045 0.818673 0.084258  0.601581 0.302713 1 0 1.000000
0  -12.596297 125.093048 18.707253  0.006310 -0.027770 0.999594  0.601581 0.302713 1 0 1.000000
blackplastic
0  -12.354061 124.784744 18.696241  0.006355 -0.027695 0.999596  0.601581 0.302713 1 0 1.000000
0  -12.299007 124.806770 18.575123  0.928543 0.364119 0.072292  0.601581 0.302713 1 0 1.000000
0  -12.596297 125.093048 18.707253  0.006310 -0.027770 0.999594  0.601581 0.302713 1 0 1.000000
blackplastic
0  -12.299007 124.806770 18.575123  0.928543 0.364119 0.072292  0.601581 0.302713 1 0 1.000000
0  -12.354061 124.784744 18.696241  0.006355 -0.027695 0.999596  0.601581 0.302713 1 0 1.000000
0  -11.616342 122.736748 18.641188  0.006061 -0.027771 0.999596  0.601581 0.302713 1 0 1.000000
blackplastic
0  -12.089803 122.043076 18.619165  0.006141 -0.027598 0.999600  0.601581 0.302713 1 0 1.000000
0  -11.616342 122.736748 18.641188  0.006061 -0.027771 0.999596  0.601581 0.302713 1 0 1.000000
0  -12.354061 124.784744 18.696241  0.006355 -0.027695 0.999596  0.601581 0.302713 1 0 1.000000
blackplastic
0  -12.089803 122.043076 18.619165  0.006141 -0.027598 0.999600  0.601581 0.302713 1 0 1.000000
0  -11.693417 122.296318 18.630177  0.006040 -0.027569 0.999602  0.601581 0.302713 1 0 1.000000
0  -11.616342 122.736748 18.641188  0.006061 -0.027771 0.999596  0.601581 0.302713 1 0 1.000000
blackplastic
0  -12.089803 122.043076 18.619165  0.006141 -0.027598 0.999600  0.601581 0.302713 1 0 1.000000
0  -12.067781 121.988022 18.498047  0.005398 -0.998898 0.046631  0.601581 0.302713 1 0 1.000000
0  -11.693417 122.296318 18.630177  0.006040 -0.027569 0.999602  0.601581 0.302713 1 0 1.000000
blackplastic
0  -12.067781 121.988022 18.498047  0.005398 -0.998898 0.046631  0.601581 0.302713 1 0 1.000000
0  -11.649373 122.263290 18.509058  0.834903 -0.547386 0.057502  0.601581 0.302713 1 0 1.000000
0  -11.693417 122.296318 18.630177  0.006040 -0.027569 0.999602  0.601581 0.302713 1 0 1.000000
blackplastic
0  -11.693417 122.296318 18.630177  0.006040 -0.027569 0.999602  0.601581 0.302713 1 0 1.000000
0  -11.649373 122.263290 18.509058  0.834903 -0.547386 0.057502  0.601581 0.302713 1 0 1.000000
0  -11.561288 122.736748 18.520069  0.960277 -0.271637 0.063889  0.601581 0.302713 1 0 1.000000
blackplastic
0  -11.561288 122.736748 18.520069  0.960277 -0.271637 0.063889  0.601581 0.302713 1 0 1.000000
0  -11.616342 122.736748 18.641188  0.006061 -0.027771 0.999596  0.601581 0.302713 1 0 1.000000
0  -11.693417 122.296318 18.630177  0.006040 -0.027569 0.999602  0.601581 0.302713 1 0 1.000000
blackplastic
0  -11.616342 122.736748 18.641188  0.006061 -0.027771 0.999596  0.601581 0.302713 1 0 1.000000
0  -11.561288 122.736748 18.520069  0.960277 -0.271637 0.063889  0.601581 0.302713 1 0 1.000000
0  -12.299007 124.806770 18.575123  0.928543 0.364119 0.072292  0.601581 0.302713 1 0 1.000000
blackplastic
0  -20.601107 125.269218 18.586136  -0.003032 0.996436 0.084301  0.601581 0.302713 1 0 1.000000
0  -20.997494 125.148102 18.586136  -0.546179 0.833243 0.085990  0.601581 0.302713 1 0 1.000000
0  -20.964462 125.104057 18.707254  -0.006070 -0.027979 0.999590  0.601581 0.302713 1 0 1.000000
blackplastic
0  -20.964462 125.104057 18.707254  -0.006070 -0.027979 0.999590  0.601581 0.302713 1 0 1.000000
0  -20.997494 125.148102 18.586136  -0.546179 0.833243 0.085990  0.601581 0.302713 1 0 1.000000
0  -21.283773 124.795761 18.575125  -0.927057 0.368161 0.070874  0.601581 0.302713 1 0 1.000000
blackplastic
0  12.089787 122.043076 18.619165  -0.001762 -0.028884 0.999581  0.601581 0.302713 1 0 1.000000
0  12.970647 125.203156 18.707251  -0.006142 -0.027880 0.999592  0.601581 0.302713 1 0 1.000000
0  12.354046 124.784744 18.696241  -0.006363 -0.027826 0.999593  0.601581 0.302713 1 0 1.000000
blackplastic
0  12.354046 124.784744 18.696241  -0.006363 -0.027826 0.999593  0.601581 0.302713 1 0 1.000000
0  11.616326 122.736748 18.641188  -0.006065 -0.027751 0.999597  0.601581 0.302713 1 0 1.000000
0  12.089787 122.043076 18.619165  -0.001762 -0.028884 0.999581  0.601581 0.302713 1 0 1.000000
blackplastic
0  12.089787 122.043076 18.619165  -0.001762 -0.028884 0.999581  0.601581 0.302713 1 0 1.000000
0  11.616326 122.736748 18.641188  -0.006065 -0.027751 0.999597  0.601581 0.302713 1 0 1.000000
0  11.693401 122.296318 18.630177  -0.006063 -0.027641 0.999600  0.601581 0.302713 1 0 1.000000
blackplastic
0  21.459930 122.032059 18.619164  0.006190 -0.027683 0.999598  0.601581 0.302713 1 0 1.000000
0  20.601091 125.203156 18.707251  0.006181 -0.027794 0.999594  0.601581 0.302713 1 0 1.000000
0  12.970647 125.203156 18.707251  -0.006142 -0.027880 0.999592  0.601581 0.302713 1 0 1.000000
blackplastic
0  12.970647 125.203156 18.707251  -0.006142 -0.027880 0.999592  0.601581 0.302713 1 0 1.000000
0  12.089787 122.043076 18.619165  -0.001762 -0.028884 0.999581  0.601581 0.302713 1 0 1.000000
0  21.459930 122.032059 18.619164  0.006190 -0.027683 0.999598  0.601581 0.302713 1 0 1.000000
blackplastic
0  21.459930 122.032059 18.619164  0.006190 -0.027683 0.999598  0.601581 0.302713 1 0 1.000000
0  12.089787 122.043076 18.619165  -0.001762 -0.028884 0.999581  0.601581 0.302713 1 0 1.000000
0  21.481951 121.977005 18.498045  0.579781 -0.813011 0.053547  0.601581 0.302713 1 0 1.000000
blackplastic
0  12.089787 122.043076 18.619165  -0.001762 -0.028884 0.999581  0.601581 0.302713 1 0 1.000000
0  12.067766 121.988022 18.498047  -0.005351 -0.998893 0.046745  0.601581 0.302713 1 0 1.000000
0  21.481951 121.977005 18.498045  0.579781 -0.813011 0.053547  0.601581 0.302713 1 0 1.000000
blackplastic
0  12.089787 122.043076 18.619165  -0.001762 -0.028884 0.999581  0.601581 0.302713 1 0 1.000000
0  11.693401 122.296318 18.630177  -0.006063 -0.027641 0.999600  0.601581 0.302713 1 0 1.000000
0  12.067766 121.988022 18.498047  -0.005351 -0.998893 0.046745  0.601581 0.302713 1 0 1.000000
blackplastic
0  11.693401 122.296318 18.630177  -0.006063 -0.027641 0.999600  0.601581 0.302713 1 0 1.000000
0  11.649358 122.263290 18.509058  -0.834895 -0.547397 0.057502  0.601581 0.302713 1 0 1.000000
0  12.067766 121.988022 18.498047  -0.005351 -0.998893 0.046745  0.601581 0.302713 1 0 1.000000
blackplastic
0  11.561273 122.736748 18.520069  -0.960273 -0.271651 0.063893  0.601581 0.302713 1 0 1.000000
0  11.649358 122.263290 18.509058  -0.834895 -0.547397 0.057502  0.601581 0.302713 1 0 1.000000
0  11.693401 122.296318 18.630177  -0.006063 -0.027641 0.999600  0.601581 0.302713 1 0 1.000000
blackplastic
0  11.693401 122.296318 18.630177  -0.006063 -0.027641 0.999600  0.601581 0.302713 1 0 1.000000
0  11.616326 122.736748 18.641188  -0.006065 -0.027751 0.999597  0.601581 0.302713 1 0 1.000000
0  11.561273 122.736748 18.520069  -0.960273 -0.271651 0.063893  0.601581 0.302713 1 0 1.000000
blackplastic
0  12.298992 124.806770 18.575123  -0.928555 0.364131 0.072074  0.601581 0.302713 1 0 1.000000
0  11.561273 122.736748 18.520069  -0.960273 -0.271651 0.063893  0.601581 0.302713 1 0 1.000000
0  11.616326 122.736748 18.641188  -0.006065 -0.027751 0.999597  0.601581 0.302713 1 0 1.000000
blackplastic
0  11.616326 122.736748 18.641188  -0.006065 -0.027751 0.999597  0.601581 0.302713 1 0 1.000000
0  12.354046 124.784744 18.696241  -0.006363 -0.027826 0.999593  0.601581 0.302713 1 0 1.000000
0  12.298992 124.806770 18.575123  -0.928555 0.364131 0.072074  0.601581 0.302713 1 0 1.000000
blackplastic
0  12.298992 124.806770 18.575123  -0.928555 0.364131 0.072074  0.601581 0.302713 1 0 1.000000
0  12.354046 124.784744 18.696241  -0.006363 -0.027826 0.999593  0.601581 0.302713 1 0 1.000000
0  12.596282 125.093048 18.707253  -0.006308 -0.027753 0.999595  0.601581 0.302713 1 0 1.000000
blackplastic
0  12.596282 125.093048 18.707253  -0.006308 -0.027753 0.999595  0.601581 0.302713 1 0 1.000000
0  12.354046 124.784744 18.696241  -0.006363 -0.027826 0.999593  0.601581 0.302713 1 0 1.000000
0  12.970647 125.203156 18.707251  -0.006142 -0.027880 0.999592  0.601581 0.302713 1 0 1.000000
blackplastic
0  12.970647 125.203156 18.707251  -0.006142 -0.027880 0.999592  0.601581 0.302713 1 0 1.000000
0  12.970647 125.269218 18.586132  -0.003671 0.996444 0.084182  0.601581 0.302713 1 0 1.000000
0  12.596282 125.093048 18.707253  -0.006308 -0.027753 0.999595  0.601581 0.302713 1 0 1.000000
blackplastic
0  12.970647 125.269218 18.586132  -0.003671 0.996444 0.084182  0.601581 0.302713 1 0 1.000000
0  12.970647 125.203156 18.707251  -0.006142 -0.027880 0.999592  0.601581 0.302713 1 0 1.000000
0  20.601091 125.269218 18.586132  0.003058 0.996437 0.084288  0.601581 0.302713 1 0 1.000000
blackplastic
0  12.970647 125.203156 18.707251  -0.006142 -0.027880 0.999592  0.601581 0.302713 1 0 1.000000
0  20.601091 125.203156 18.707251  0.006181 -0.027794 0.999594  0.601581 0.302713 1 0 1.000000
0  20.601091 125.269218 18.586132  0.003058 0.996437 0.084288  0.601581 0.302713 1 0 1.000000
blackplastic
0  20.601091 125.203156 18.707251  0.006181 -0.027794 0.999594  0.601581 0.302713 1 0 1.000000
0  20.964447 125.104057 18.707251  0.006193 -0.028177 0.999584  0.601581 0.302713 1 0 1.000000
0  20.601091 125.269218 18.586132  0.003058 0.996437 0.084288  0.601581 0.302713 1 0 1.000000
blackplastic
0  20.601091 125.203156 18.707251  0.006181 -0.027794 0.999594  0.601581 0.302713 1 0 1.000000
0  21.228704 124.773735 18.696239  0.006397 -0.027671 0.999597  0.601581 0.302713 1 0 1.000000
0  20.964447 125.104057 18.707251  0.006193 -0.028177 0.999584  0.601581 0.302713 1 0 1.000000
blackplastic
0  20.964447 125.104057 18.707251  0.006193 -0.028177 0.999584  0.601581 0.302713 1 0 1.000000
0  21.228704 124.773735 18.696239  0.006397 -0.027671 0.999597  0.601581 0.302713 1 0 1.000000
0  21.283758 124.795761 18.575121  0.927045 0.368240 0.070621  0.601581 0.302713 1 0 1.000000
blackplastic
0  20.964447 125.104057 18.707251  0.006193 -0.028177 0.999584  0.601581 0.302713 1 0 1.000000
0  20.997478 125.148102 18.586132  0.546171 0.833241 0.086065  0.601581 0.302713 1 0 1.000000
0  20.601091 125.269218 18.586132  0.003058 0.996437 0.084288  0.601581 0.302713 1 0 1.000000
blackplastic
0  21.283758 124.795761 18.575121  0.927045 0.368240 0.070621  0.601581 0.302713 1 0 1.000000
0  20.997478 125.148102 18.586132  0.546171 0.833241 0.086065  0.601581 0.302713 1 0 1.000000
0  20.964447 125.104057 18.707251  0.006193 -0.028177 0.999584  0.601581 0.302713 1 0 1.000000
blackplastic
0  12.970647 125.269218 18.586132  -0.003671 0.996444 0.084182  0.601581 0.302713 1 0 1.000000
0  12.563250 125.148102 18.586134  -0.568067 0.818663 0.084205  0.601581 0.302713 1 0 1.000000
0  12.596282 125.093048 18.707253  -0.006308 -0.027753 0.999595  0.601581 0.302713 1 0 1.000000
blackplastic
0  12.596282 125.093048 18.707253  -0.006308 -0.027753 0.999595  0.601581 0.302713 1 0 1.000000
0  12.563250 125.148102 18.586134  -0.568067 0.818663 0.084205  0.601581 0.302713 1 0 1.000000
0  12.298992 124.806770 18.575123  -0.928555 0.364131 0.072074  0.601581 0.302713 1 0 1.000000
blackplastic
0  21.228704 124.773735 18.696239  0.006397 -0.027671 0.999597  0.601581 0.302713 1 0 1.000000
0  21.944403 122.725739 18.641186  0.006361 -0.027630 0.999598  0.601581 0.302713 1 0 1.000000
0  21.283758 124.795761 18.575121  0.927045 0.368240 0.070621  0.601581 0.302713 1 0 1.000000
blackplastic
0  21.944403 122.725739 18.641186  0.006361 -0.027630 0.999598  0.601581 0.302713 1 0 1.000000
0  22.010468 122.736748 18.520067  0.940535 0.332411 0.069972  0.601581 0.302713 1 0 1.000000
0  21.283758 124.795761 18.575121  0.927045 0.368240 0.070621  0.601581 0.302713 1 0 1.000000
blackplastic
0  21.944403 122.725739 18.641186  0.006361 -0.027630 0.999598  0.601581 0.302713 1 0 1.000000
0  21.856318 122.263290 18.630175  0.006001 -0.027519 0.999603  0.601581 0.302713 1 0 1.000000
0  22.010468 122.736748 18.520067  0.940535 0.332411 0.069972  0.601581 0.302713 1 0 1.000000
blackplastic
0  21.856318 122.263290 18.630175  0.006001 -0.027519 0.999603  0.601581 0.302713 1 0 1.000000
0  21.900360 122.230255 18.509056  0.808746 -0.585200 0.058903  0.601581 0.302713 1 0 1.000000
0  22.010468 122.736748 18.520067  0.940535 0.332411 0.069972  0.601581 0.302713 1 0 1.000000
blackplastic
0  21.481951 121.977005 18.498045  0.579781 -0.813011 0.053547  0.601581 0.302713 1 0 1.000000
0  21.900360 122.230255 18.509056  0.808746 -0.585200 0.058903  0.601581 0.302713 1 0 1.000000
0  21.856318 122.263290 18.630175  0.006001 -0.027519 0.999603  0.601581 0.302713 1 0 1.000000
blackplastic
0  21.856318 122.263290 18.630175  0.006001 -0.027519 0.999603  0.601581 0.302713 1 0 1.000000
0  21.459930 122.032059 18.619164  0.006190 -0.027683 0.999598  0.601581 0.302713 1 0 1.000000
0  21.481951 121.977005 18.498045  0.579781 -0.813011 0.053547  0.601581 0.302713 1 0 1.000000
blackplastic
0  21.944403 122.725739 18.641186  0.006361 -0.027630 0.999598  0.601581 0.302713 1 0 1.000000
0  21.459930 122.032059 18.619164  0.006190 -0.027683 0.999598  0.601581 0.302713 1 0 1.000000
0  21.856318 122.263290 18.630175  0.006001 -0.027519 0.999603  0.601581 0.302713 1 0 1.000000
blackplastic
0  21.459930 122.032059 18.619164  0.006190 -0.027683 0.999598  0.601581 0.302713 1 0 1.000000
0  21.944403 122.725739 18.641186  0.006361 -0.027630 0.999598  0.601581 0.302713 1 0 1.000000
0  21.228704 124.773735 18.696239  0.006397 -0.027671 0.999597  0.601581 0.302713 1 0 1.000000
blackplastic
0  20.601091 125.203156 18.707251  0.006181 -0.027794 0.999594  0.601581 0.302713 1 0 1.000000
0  21.459930 122.032059 18.619164  0.006190 -0.027683 0.999598  0.601581 0.302713 1 0 1.000000
0  21.228704 124.773735 18.696239  0.006397 -0.027671 0.999597  0.601581 0.302713 1 0 1.000000
blackplastic
0  -34.837997 124.267242 16.912502  -0.330395 0.860421 -0.387963  0.601581 0.302713 1 0 1.000000
0  -34.882042 124.146126 16.945536  -0.921012 -0.381980 -0.076345  0.601581 0.302713 1 0 1.000000
0  -34.760921 124.465439 17.507082  -0.943301 -0.244527 0.224477  0.601581 0.302713 1 0 1.000000
blackplastic
0  -34.882042 124.146126 16.945536  -0.921012 -0.381980 -0.076345  0.601581 0.302713 1 0 1.000000
0  -34.837997 124.267242 16.912502  -0.330395 0.860421 -0.387963  0.601581 0.302713 1 0 1.000000
0  -34.430599 123.496490 15.238871  -0.911164 -0.396117 -0.113451  0.601581 0.302713 1 0 1.000000
blackplastic
0  -34.760921 124.465439 17.507082  -0.943301 -0.244527 0.224477  0.601581 0.302713 1 0 1.000000
0  -34.727890 124.553520 17.418997  -0.329452 0.865594 -0.377105  0.601581 0.302713 1 0 1.000000
0  -34.837997 124.267242 16.912502  -0.330395 0.860421 -0.387963  0.601581 0.302713 1 0 1.000000
blackplastic
0  -34.254429 124.850815 17.672243  -0.328595 0.873327 -0.359619  0.601581 0.302713 1 0 1.000000
0  -34.727890 124.553520 17.418997  -0.329452 0.865594 -0.377105  0.601581 0.302713 1 0 1.000000
0  -34.760921 124.465439 17.507082  -0.943301 -0.244527 0.224477  0.601581 0.302713 1 0 1.000000
blackplastic
0  -34.232407 124.795761 17.793362  -0.322387 0.311436 0.893910  0.601581 0.302713 1 0 1.000000
0  -34.254429 124.850815 17.672243  -0.328595 0.873327 -0.359619  0.601581 0.302713 1 0 1.000000
0  -34.760921 124.465439 17.507082  -0.943301 -0.244527 0.224477  0.601581 0.302713 1 0 1.000000
blackplastic
0  -34.254429 124.850815 17.672243  -0.328595 0.873327 -0.359619  0.601581 0.302713 1 0 1.000000
0  -34.232407 124.795761 17.793362  -0.322387 0.311436 0.893910  0.601581 0.302713 1 0 1.000000
0  -22.649105 128.121002 15.701321  0.038614 0.446600 0.893900  0.601581 0.302713 1 0 1.000000
blackplastic
0  -34.166344 123.518509 14.853495  -0.338209 0.823095 -0.456212  0.601581 0.302713 1 0 1.000000
0  -34.727890 124.553520 17.418997  -0.329452 0.865594 -0.377105  0.601581 0.302713 1 0 1.000000
0  -34.254429 124.850815 17.672243  -0.328595 0.873327 -0.359619  0.601581 0.302713 1 0 1.000000
blackplastic
0  -34.166344 123.518509 14.853495  -0.338209 0.823095 -0.456212  0.601581 0.302713 1 0 1.000000
0  -34.386559 123.617607 15.216849  -0.337891 0.825576 -0.451944  0.601581 0.302713 1 0 1.000000
0  -34.727890 124.553520 17.418997  -0.329452 0.865594 -0.377105  0.601581 0.302713 1 0 1.000000
blackplastic
0  -20.535046 126.997910 11.737453  0.882138 0.426543 0.199732  0.601581 0.302713 1 0 1.000000
0  -20.645153 127.052963 11.682400  -0.310102 0.846126 -0.433483  0.601581 0.302713 1 0 1.000000
0  -21.889364 128.109985 15.095730  0.873980 0.433312 0.219999  0.601581 0.302713 1 0 1.000000
blackplastic
0  -20.645153 127.052963 11.682400  -0.310102 0.846126 -0.433483  0.601581 0.302713 1 0 1.000000
0  -20.535046 126.997910 11.737453  0.882138 0.426543 0.199732  0.601581 0.302713 1 0 1.000000
0  -20.700207 126.590508 11.010745  0.904647 0.144058 -0.401076  0.601581 0.302713 1 0 1.000000
blackplastic
0  -20.700207 126.590508 11.010745  0.904647 0.144058 -0.401076  0.601581 0.302713 1 0 1.000000
0  -20.788292 126.678596 11.021755  -0.310489 0.844718 -0.435944  0.601581 0.302713 1 0 1.000000
0  -20.645153 127.052963 11.682400  -0.310102 0.846126 -0.433483  0.601581 0.302713 1 0 1.000000
blackplastic
0  -20.788292 126.678596 11.021755  -0.310489 0.844718 -0.435944  0.601581 0.302713 1 0 1.000000
0  -20.700207 126.590508 11.010745  0.904647 0.144058 -0.401076  0.601581 0.302713 1 0 1.000000
0  -21.448936 126.337265 10.845584  -0.311695 0.842800 -0.438787  0.601581 0.302713 1 0 1.000000
blackplastic
0  -21.999472 128.165039 15.029666  -0.304255 0.871601 -0.384371  0.601581 0.302713 1 0 1.000000
0  -20.788292 126.678596 11.021755  -0.310489 0.844718 -0.435944  0.601581 0.302713 1 0 1.000000
0  -21.448936 126.337265 10.845584  -0.311695 0.842800 -0.438787  0.601581 0.302713 1 0 1.000000
blackplastic
0  -21.448936 126.337265 10.845584  -0.311695 0.842800 -0.438787  0.601581 0.302713 1 0 1.000000
0  -22.241709 128.231110 15.348977  -0.304521 0.873080 -0.380786  0.601581 0.302713 1 0 1.000000
0  -21.999472 128.165039 15.029666  -0.304255 0.871601 -0.384371  0.601581 0.302713 1 0 1.000000
blackplastic
0  -21.999472 128.165039 15.029666  -0.304255 0.871601 -0.384371  0.601581 0.302713 1 0 1.000000
0  -22.241709 128.231110 15.348977  -0.304521 0.873080 -0.380786  0.601581 0.302713 1 0 1.000000
0  -22.153622 128.187073 15.437063  0.292881 0.502723 0.813321  0.601581 0.302713 1 0 1.000000
blackplastic
0  -22.153622 128.187073 15.437063  0.292881 0.502723 0.813321  0.601581 0.302713 1 0 1.000000
0  -22.241709 128.231110 15.348977  -0.304521 0.873080 -0.380786  0.601581 0.302713 1 0 1.000000
0  -22.649105 128.121002 15.701321  0.038614 0.446600 0.893900  0.601581 0.302713 1 0 1.000000
blackplastic
0  -22.241709 128.231110 15.348977  -0.304521 0.873080 -0.380786  0.601581 0.302713 1 0 1.000000
0  -22.693148 128.176056 15.580203  -0.304659 0.873106 -0.380616  0.601581 0.302713 1 0 1.000000
0  -22.649105 128.121002 15.701321  0.038614 0.446600 0.893900  0.601581 0.302713 1 0 1.000000
blackplastic
0  -22.649105 128.121002 15.701321  0.038614 0.446600 0.893900  0.601581 0.302713 1 0 1.000000
0  -22.693148 128.176056 15.580203  -0.304659 0.873106 -0.380616  0.601581 0.302713 1 0 1.000000
0  -34.254429 124.850815 17.672243  -0.328595 0.873327 -0.359619  0.601581 0.302713 1 0 1.000000
blackplastic
0  -34.254429 124.850815 17.672243  -0.328595 0.873327 -0.359619  0.601581 0.302713 1 0 1.000000
0  -22.693148 128.176056 15.580203  -0.304659 0.873106 -0.380616  0.601581 0.302713 1 0 1.000000
0  -33.659847 123.595589 14.611259  -0.337655 0.823124 -0.456570  0.601581 0.302713 1 0 1.000000
blackplastic
0  -34.254429 124.850815 17.672243  -0.328595 0.873327 -0.359619  0.601581 0.302713 1 0 1.000000
0  -33.659847 123.595589 14.611259  -0.337655 0.823124 -0.456570  0.601581 0.302713 1 0 1.000000
0  -34.166344 123.518509 14.853495  -0.338209 0.823095 -0.456212  0.601581 0.302713 1 0 1.000000
blackplastic
0  -33.659847 123.595589 14.611259  -0.337655 0.823124 -0.456570  0.601581 0.302713 1 0 1.000000
0  -33.637825 123.474472 14.589237  -0.159641 -0.477848 -0.863815  0.601581 0.302713 1 0 1.000000
0  -34.166344 123.518509 14.853495  -0.338209 0.823095 -0.456212  0.601581 0.302713 1 0 1.000000
blackplastic
0  -33.637825 123.474472 14.589237  -0.159641 -0.477848 -0.863815  0.601581 0.302713 1 0 1.000000
0  -34.188362 123.386383 14.842484  -0.591003 -0.519883 -0.616796  0.601581 0.302713 1 0 1.000000
0  -34.166344 123.518509 14.853495  -0.338209 0.823095 -0.456212  0.601581 0.302713 1 0 1.000000
blackplastic
0  -34.166344 123.518509 14.853495  -0.338209 0.823095 -0.456212  0.601581 0.302713 1 0 1.000000
0  -34.188362 123.386383 14.842484  -0.591003 -0.519883 -0.616796  0.601581 0.302713 1 0 1.000000
0  -34.430599 123.496490 15.238871  -0.911164 -0.396117 -0.113451  0.601581 0.302713 1 0 1.000000
blackplastic
0  -34.430599 123.496490 15.238871  -0.911164 -0.396117 -0.113451  0.601581 0.302713 1 0 1.000000
0  -34.386559 123.617607 15.216849  -0.337891 0.825576 -0.451944  0.601581 0.302713 1 0 1.000000
0  -34.166344 123.518509 14.853495  -0.338209 0.823095 -0.456212  0.601581 0.302713 1 0 1.000000
blackplastic
0  -34.837997 124.267242 16.912502  -0.330395 0.860421 -0.387963  0.601581 0.302713 1 0 1.000000
0  -34.386559 123.617607 15.216849  -0.337891 0.825576 -0.451944  0.601581 0.302713 1 0 1.000000
0  -34.430599 123.496490 15.238871  -0.911164 -0.396117 -0.113451  0.601581 0.302713 1 0 1.000000
blackplastic
0  -34.386559 123.617607 15.216849  -0.337891 0.825576 -0.451944  0.601581 0.302713 1 0 1.000000
0  -34.837997 124.267242 16.912502  -0.330395 0.860421 -0.387963  0.601581 0.302713 1 0 1.000000
0  -34.727890 124.553520 17.418997  -0.329452 0.865594 -0.377105  0.601581 0.302713 1 0 1.000000
blackplastic
0  -20.788292 126.678596 11.021755  -0.310489 0.844718 -0.435944  0.601581 0.302713 1 0 1.000000
0  -21.999472 128.165039 15.029666  -0.304255 0.871601 -0.384371  0.601581 0.302713 1 0 1.000000
0  -20.645153 127.052963 11.682400  -0.310102 0.846126 -0.433483  0.601581 0.302713 1 0 1.000000
blackplastic
0  -20.645153 127.052963 11.682400  -0.310102 0.846126 -0.433483  0.601581 0.302713 1 0 1.000000
0  -21.999472 128.165039 15.029666  -0.304255 0.871601 -0.384371  0.601581 0.302713 1 0 1.000000
0  -21.889364 128.109985 15.095730  0.873980 0.433312 0.219999  0.601581 0.302713 1 0 1.000000
blackplastic
0  -21.889364 128.109985 15.095730  0.873980 0.433312 0.219999  0.601581 0.302713 1 0 1.000000
0  -21.999472 128.165039 15.029666  -0.304255 0.871601 -0.384371  0.601581 0.302713 1 0 1.000000
0  -22.153622 128.187073 15.437063  0.292881 0.502723 0.813321  0.601581 0.302713 1 0 1.000000
blackplastic
0  -20.700207 126.590508 11.010745  0.904647 0.144058 -0.401076  0.601581 0.302713 1 0 1.000000
0  -21.426914 126.216141 10.812551  -0.155491 -0.476826 -0.865135  0.601581 0.302713 1 0 1.000000
0  -21.448936 126.337265 10.845584  -0.311695 0.842800 -0.438787  0.601581 0.302713 1 0 1.000000
blackplastic
0  -21.448936 126.337265 10.845584  -0.311695 0.842800 -0.438787  0.601581 0.302713 1 0 1.000000
0  -21.426914 126.216141 10.812551  -0.155491 -0.476826 -0.865135  0.601581 0.302713 1 0 1.000000
0  -33.637825 123.474472 14.589237  -0.159641 -0.477848 -0.863815  0.601581 0.302713 1 0 1.000000
blackplastic
0  -33.637825 123.474472 14.589237  -0.159641 -0.477848 -0.863815  0.601581 0.302713 1 0 1.000000
0  -33.659847 123.595589 14.611259  -0.337655 0.823124 -0.456570  0.601581 0.302713 1 0 1.000000
0  -21.448936 126.337265 10.845584  -0.311695 0.842800 -0.438787  0.601581 0.302713 1 0 1.000000
blackplastic
0  -22.693148 128.176056 15.580203  -0.304659 0.873106 -0.380616  0.601581 0.302713 1 0 1.000000
0  -21.448936 126.337265 10.845584  -0.311695 0.842800 -0.438787  0.601581 0.302713 1 0 1.000000
0  -33.659847 123.595589 14.611259  -0.337655 0.823124 -0.456570  0.601581 0.302713 1 0 1.000000
blackplastic
0  -22.693148 128.176056 15.580203  -0.304659 0.873106 -0.380616  0.601581 0.302713 1 0 1.000000
0  -22.241709 128.231110 15.348977  -0.304521 0.873080 -0.380786  0.601581 0.302713 1 0 1.000000
0  -21.448936 126.337265 10.845584  -0.311695 0.842800 -0.438787  0.601581 0.302713 1 0 1.000000
blackplastic
0  37.106194 115.678864 18.751293  -0.960187 -0.186995 0.207542  0.601581 0.302713 1 0 1.000000
0  37.139229 115.766953 18.949486  -0.962104 -0.187697 0.197802  0.601581 0.302713 1 0 1.000000
0  36.500603 118.916023 18.861401  -0.963556 -0.224901 0.144844  0.601581 0.302713 1 0 1.000000
blackplastic
0  37.139229 115.766953 18.949486  -0.962104 -0.187697 0.197802  0.601581 0.302713 1 0 1.000000
0  37.106194 115.976151 19.048584  -0.962118 -0.187698 0.197732  0.601581 0.302713 1 0 1.000000
0  36.500603 118.916023 18.861401  -0.963556 -0.224901 0.144844  0.601581 0.302713 1 0 1.000000
blackplastic
0  37.106194 115.976151 19.048584  -0.962118 -0.187698 0.197732  0.601581 0.302713 1 0 1.000000
0  36.533638 118.927032 19.125658  -0.963020 -0.227500 0.144349  0.601581 0.302713 1 0 1.000000
0  36.500603 118.916023 18.861401  -0.963556 -0.224901 0.144844  0.601581 0.302713 1 0 1.000000
blackplastic
0  35.333466 121.129181 18.927465  -0.698281 -0.708976 0.098777  0.601581 0.302713 1 0 1.000000
0  36.500603 118.916023 18.861401  -0.963556 -0.224901 0.144844  0.601581 0.302713 1 0 1.000000
0  36.533638 118.927032 19.125658  -0.963020 -0.227500 0.144349  0.601581 0.302713 1 0 1.000000
blackplastic
0  36.533638 118.927032 19.125658  -0.963020 -0.227500 0.144349  0.601581 0.302713 1 0 1.000000
0  35.344475 121.151199 19.191723  -0.696270 -0.711061 0.097979  0.601581 0.302713 1 0 1.000000
0  35.333466 121.129181 18.927465  -0.698281 -0.708976 0.098777  0.601581 0.302713 1 0 1.000000
blackplastic
0  33.626801 121.999031 18.949486  -0.215890 -0.973183 0.079409  0.601581 0.302713 1 0 1.000000
0  35.333466 121.129181 18.927465  -0.698281 -0.708976 0.098777  0.601581 0.302713 1 0 1.000000
0  35.344475 121.151199 19.191723  -0.696270 -0.711061 0.097979  0.601581 0.302713 1 0 1.000000
blackplastic
0  35.344475 121.151199 19.191723  -0.696270 -0.711061 0.097979  0.601581 0.302713 1 0 1.000000
0  33.626801 122.021049 19.213745  -0.213920 -0.973625 0.079324  0.601581 0.302713 1 0 1.000000
0  33.626801 121.999031 18.949486  -0.215890 -0.973183 0.079409  0.601581 0.302713 1 0 1.000000
blackplastic
0  31.732952 122.197220 18.960497  0.424188 -0.898279 0.114708  0.601581 0.302713 1 0 1.000000
0  33.626801 121.999031 18.949486  -0.215890 -0.973183 0.079409  0.601581 0.302713 1 0 1.000000
0  33.626801 122.021049 19.213745  -0.213920 -0.973625 0.079324  0.601581 0.302713 1 0 1.000000
blackplastic
0  33.626801 122.021049 19.213745  -0.213920 -0.973625 0.079324  0.601581 0.302713 1 0 1.000000
0  31.710932 122.219246 19.224754  0.429963 -0.895489 0.115028  0.601581 0.302713 1 0 1.000000
0  31.732952 122.197220 18.960497  0.424188 -0.898279 0.114708  0.601581 0.302713 1 0 1.000000
blackplastic
0  31.710932 122.219246 19.224754  0.429963 -0.895489 0.115028  0.601581 0.302713 1 0 1.000000
0  31.402630 121.712753 19.202734  0.994357 -0.030912 0.101479  0.601581 0.302713 1 0 1.000000
0  31.732952 122.197220 18.960497  0.424188 -0.898279 0.114708  0.601581 0.302713 1 0 1.000000
blackplastic
0  31.402630 121.712753 19.202734  0.994357 -0.030912 0.101479  0.601581 0.302713 1 0 1.000000
0  31.424652 121.690727 18.938477  0.994600 -0.025034 0.100715  0.601581 0.302713 1 0 1.000000
0  31.732952 122.197220 18.960497  0.424188 -0.898279 0.114708  0.601581 0.302713 1 0 1.000000
blackplastic
0  31.402630 121.712753 19.202734  0.994357 -0.030912 0.101479  0.601581 0.302713 1 0 1.000000
0  31.402630 119.962044 19.158691  0.995158 -0.023889 0.095343  0.601581 0.302713 1 0 1.000000
0  31.424652 121.690727 18.938477  0.994600 -0.025034 0.100715  0.601581 0.302713 1 0 1.000000
blackplastic
0  31.402630 119.962044 19.158691  0.995158 -0.023889 0.095343  0.601581 0.302713 1 0 1.000000
0  31.424652 119.940018 18.894432  0.995127 -0.027995 0.094547  0.601581 0.302713 1 0 1.000000
0  31.424652 121.690727 18.938477  0.994600 -0.025034 0.100715  0.601581 0.302713 1 0 1.000000
blackplastic
0  31.402630 119.962044 19.158691  0.995158 -0.023889 0.095343  0.601581 0.302713 1 0 1.000000
0  30.874115 119.389481 19.136669  0.016998 -0.999856 0.000017  0.601581 0.302713 1 0 1.000000
0  31.424652 119.940018 18.894432  0.995127 -0.027995 0.094547  0.601581 0.302713 1 0 1.000000
blackplastic
0  30.874115 119.389481 19.136669  0.016998 -0.999856 0.000017  0.601581 0.302713 1 0 1.000000
0  30.874115 119.389481 18.872412  0.016799 -0.999859 -0.000002  0.601581 0.302713 1 0 1.000000
0  31.424652 119.940018 18.894432  0.995127 -0.027995 0.094547  0.601581 0.302713 1 0 1.000000
blackplastic
0  27.053387 119.389481 18.872412  -0.001694 -0.999999 0.000304  0.601581 0.302713 1 0 1.000000
0  30.874115 119.389481 18.872412  0.016799 -0.999859 -0.000002  0.601581 0.302713 1 0 1.000000
0  30.874115 119.389481 19.136669  0.016998 -0.999856 0.000017  0.601581 0.302713 1 0 1.000000
blackplastic
0  30.874115 119.389481 19.136669  0.016998 -0.999856 0.000017  0.601581 0.302713 1 0 1.000000
0  26.811152 119.466560 19.125658  -0.001729 -0.999999 0.000342  0.601581 0.302713 1 0 1.000000
0  27.053387 119.389481 18.872412  -0.001694 -0.999999 0.000304  0.601581 0.302713 1 0 1.000000
blackplastic
0  21.867327 128.154037 14.479125  0.853233 -0.488701 -0.182115  0.601581 0.302713 1 0 1.000000
0  21.636103 128.087967 14.600243  -0.023764 -0.945655 0.324303  0.601581 0.302713 1 0 1.000000
0  21.581047 127.911797 13.763427  0.853264 -0.488666 -0.182063  0.601581 0.302713 1 0 1.000000
blackplastic
0  21.779240 128.396271 14.435081  0.379421 0.821161 -0.426303  0.601581 0.302713 1 0 1.000000
0  21.867327 128.154037 14.479125  0.853233 -0.488701 -0.182115  0.601581 0.302713 1 0 1.000000
0  21.581047 127.911797 13.763427  0.853264 -0.488666 -0.182063  0.601581 0.302713 1 0 1.000000
blackplastic
0  21.581047 127.911797 13.763427  0.853264 -0.488666 -0.182063  0.601581 0.302713 1 0 1.000000
0  21.492960 128.165039 13.719383  0.379287 0.821068 -0.426601  0.601581 0.302713 1 0 1.000000
0  21.779240 128.396271 14.435081  0.379421 0.821161 -0.426303  0.601581 0.302713 1 0 1.000000
blackplastic
0  21.779240 128.396271 14.435081  0.379421 0.821161 -0.426303  0.601581 0.302713 1 0 1.000000
0  21.492960 128.165039 13.719383  0.379287 0.821068 -0.426601  0.601581 0.302713 1 0 1.000000
0  21.250725 128.098984 13.829491  -0.643058 0.765801 0.005000  0.601581 0.302713 1 0 1.000000
blackplastic
0  21.250725 128.098984 13.829491  -0.643058 0.765801 0.005000  0.601581 0.302713 1 0 1.000000
0  21.492960 128.165039 13.719383  0.379287 0.821068 -0.426601  0.601581 0.302713 1 0 1.000000
0  21.360832 127.955841 13.653319  -0.357845 -0.294449 -0.886142  0.601581 0.302713 1 0 1.000000
blackplastic
0  21.349821 127.845734 13.873534  -0.023921 -0.945710 0.324130  0.601581 0.302713 1 0 1.000000
0  21.250725 128.098984 13.829491  -0.643058 0.765801 0.005000  0.601581 0.302713 1 0 1.000000
0  21.360832 127.955841 13.653319  -0.357845 -0.294449 -0.886142  0.601581 0.302713 1 0 1.000000
blackplastic
0  21.581047 127.911797 13.763427  0.853264 -0.488666 -0.182063  0.601581 0.302713 1 0 1.000000
0  21.349821 127.845734 13.873534  -0.023921 -0.945710 0.324130  0.601581 0.302713 1 0 1.000000
0  21.360832 127.955841 13.653319  -0.357845 -0.294449 -0.886142  0.601581 0.302713 1 0 1.000000
blackplastic
0  21.636103 128.087967 14.600243  -0.023772 -0.945681 0.324227  0.601581 0.302713 1 0 1.000000
0  21.349821 127.845734 13.873534  -0.023921 -0.945710 0.324130  0.601581 0.302713 1 0 1.000000
0  21.581047 127.911797 13.763427  0.853264 -0.488666 -0.182063  0.601581 0.302713 1 0 1.000000
blackplastic
0  21.349821 127.845734 13.873534  -0.023921 -0.945710 0.324130  0.601581 0.302713 1 0 1.000000
0  21.636103 128.087967 14.600243  -0.023772 -0.945681 0.324227  0.601581 0.302713 1 0 1.000000
0  21.437908 128.087967 14.534179  -0.023249 -0.919993 0.391245  0.601581 0.302713 1 0 1.000000
blackplastic
0  21.437908 128.087967 14.534179  -0.023249 -0.919993 0.391245  0.601581 0.302713 1 0 1.000000
0  21.636103 128.087967 14.600243  -0.023772 -0.945681 0.324227  0.601581 0.302713 1 0 1.000000
0  21.548014 128.341217 14.545189  -0.643058 0.765800 0.005205  0.601581 0.302713 1 0 1.000000
blackplastic
0  21.548014 128.341217 14.545189  -0.643058 0.765800 0.005205  0.601581 0.302713 1 0 1.000000
0  21.371841 128.209091 14.512157  -0.641885 0.763152 -0.074725  0.601581 0.302713 1 0 1.000000
0  21.437908 128.087967 14.534179  -0.023249 -0.919993 0.391245  0.601581 0.302713 1 0 1.000000
blackplastic
0  21.173649 128.043930 14.027684  -0.642091 0.763016 -0.074335  0.601581 0.302713 1 0 1.000000
0  21.371841 128.209091 14.512157  -0.641885 0.763152 -0.074725  0.601581 0.302713 1 0 1.000000
0  21.548014 128.341217 14.545189  -0.643058 0.765800 0.005205  0.601581 0.302713 1 0 1.000000
blackplastic
0  21.548014 128.341217 14.545189  -0.643058 0.765800 0.005205  0.601581 0.302713 1 0 1.000000
0  21.250725 128.098984 13.829491  -0.643058 0.765801 0.005000  0.601581 0.302713 1 0 1.000000
0  21.173649 128.043930 14.027684  -0.642091 0.763016 -0.074335  0.601581 0.302713 1 0 1.000000
blackplastic
0  21.217691 127.922806 14.027684  -0.071266 -0.959670 0.271947  0.601581 0.302713 1 0 1.000000
0  21.173649 128.043930 14.027684  -0.642091 0.763016 -0.074335  0.601581 0.302713 1 0 1.000000
0  21.250725 128.098984 13.829491  -0.643058 0.765801 0.005000  0.601581 0.302713 1 0 1.000000
blackplastic
0  21.250725 128.098984 13.829491  -0.643058 0.765801 0.005000  0.601581 0.302713 1 0 1.000000
0  21.349821 127.845734 13.873534  -0.023921 -0.945710 0.324130  0.601581 0.302713 1 0 1.000000
0  21.217691 127.922806 14.027684  -0.071266 -0.959670 0.271947  0.601581 0.302713 1 0 1.000000
blackplastic
0  21.437908 128.087967 14.534179  -0.023249 -0.919993 0.391245  0.601581 0.302713 1 0 1.000000
0  21.217691 127.922806 14.027684  -0.071248 -0.959635 0.272075  0.601581 0.302713 1 0 1.000000
0  21.349821 127.845734 13.873534  -0.023921 -0.945710 0.324130  0.601581 0.302713 1 0 1.000000
blackplastic
0  21.548014 128.341217 14.545189  -0.643058 0.765800 0.005205  0.601581 0.302713 1 0 1.000000
0  21.779240 128.396271 14.435081  0.379421 0.821161 -0.426303  0.601581 0.302713 1 0 1.000000
0  21.250725 128.098984 13.829491  -0.643058 0.765801 0.005000  0.601581 0.302713 1 0 1.000000
blackplastic
0  21.492960 128.165039 13.719383  0.379287 0.821068 -0.426601  0.601581 0.302713 1 0 1.000000
0  21.581047 127.911797 13.763427  0.853264 -0.488666 -0.182063  0.601581 0.302713 1 0 1.000000
0  21.360832 127.955841 13.653319  -0.357845 -0.294449 -0.886142  0.601581 0.302713 1 0 1.000000
blackplastic
0  -17.430014 125.104057 18.740286  0.000004 -0.028104 0.999605  0.601581 0.302713 1 0 1.000000
0  -18.498055 123.969955 18.707254  0.000021 -0.028199 0.999602  0.601581 0.302713 1 0 1.000000
0  -16.978573 123.606598 18.696243  0.000004 -0.028104 0.999605  0.601581 0.302713 1 0 1.000000
blackplastic
0  -21.151644 128.198074 14.699344  -0.319186 0.853059 -0.412809  0.601581 0.302713 1 0 1.000000
0  -21.371861 128.209091 14.512161  0.181131 0.971910 -0.150278  0.601581 0.302713 1 0 1.000000
0  -21.437923 128.087967 14.534183  -0.450395 0.570894 0.686458  0.601581 0.302713 1 0 1.000000
blackplastic
0  -21.371861 128.209091 14.512161  0.181131 0.971910 -0.150278  0.601581 0.302713 1 0 1.000000
0  -21.151644 128.198074 14.699344  -0.319186 0.853059 -0.412809  0.601581 0.302713 1 0 1.000000
0  -20.898399 127.988876 14.060720  -0.319319 0.853055 -0.412714  0.601581 0.302713 1 0 1.000000
blackplastic
0  -20.898399 127.988876 14.060720  -0.319319 0.853055 -0.412714  0.601581 0.302713 1 0 1.000000
0  -21.173668 128.043930 14.027688  0.181158 0.971981 -0.149786  0.601581 0.302713 1 0 1.000000
0  -21.371861 128.209091 14.512161  0.181131 0.971910 -0.150278  0.601581 0.302713 1 0 1.000000
blackplastic
0  -21.173668 128.043930 14.027688  0.181158 0.971981 -0.149786  0.601581 0.302713 1 0 1.000000
0  -20.898399 127.988876 14.060720  -0.319319 0.853055 -0.412714  0.601581 0.302713 1 0 1.000000
0  -21.217710 127.922806 14.027688  -0.319449 0.852943 -0.412844  0.601581 0.302713 1 0 1.000000
blackplastic
0  9.964715 122.648666 18.520069  -0.927288 0.374204 0.010391  0.601581 0.302713 1 0 1.000000
0  11.396111 126.513435 18.586134  -0.936403 0.350801 0.009380  0.601581 0.302713 1 0 1.000000
0  11.396111 126.447372 18.409962  -0.936395 0.350823 0.009312  0.601581 0.302713 1 0 1.000000
blackplastic
0  11.396111 126.447372 18.409962  -0.936395 0.350823 0.009312  0.601581 0.302713 1 0 1.000000
0  9.964715 122.659676 18.321877  -0.927296 0.374180 0.010524  0.601581 0.302713 1 0 1.000000
0  9.964715 122.648666 18.520069  -0.927288 0.374204 0.010391  0.601581 0.302713 1 0 1.000000
blackplastic
0  9.414178 122.285309 18.509058  -0.009535 0.999558 0.028168  0.601581 0.302713 1 0 1.000000
0  9.964715 122.648666 18.520069  -0.927288 0.374204 0.010391  0.601581 0.302713 1 0 1.000000
0  9.964715 122.659676 18.321877  -0.927296 0.374180 0.010524  0.601581 0.302713 1 0 1.000000
blackplastic
0  9.964715 122.659676 18.321877  -0.927296 0.374180 0.010524  0.601581 0.302713 1 0 1.000000
0  9.414178 122.285309 18.310865  -0.009505 0.999564 0.027949  0.601581 0.302713 1 0 1.000000
0  9.414178 122.285309 18.509058  -0.009535 0.999558 0.028168  0.601581 0.302713 1 0 1.000000
blackplastic
0  -0.000008 122.285309 18.509058  0.000093 0.999602 0.028195  0.601581 0.302713 1 0 1.000000
0  9.414178 122.285309 18.509058  -0.009535 0.999558 0.028168  0.601581 0.302713 1 0 1.000000
0  9.414178 122.285309 18.310865  -0.009505 0.999564 0.027949  0.601581 0.302713 1 0 1.000000
blackplastic
0  9.414178 122.285309 18.310865  -0.009505 0.999564 0.027949  0.601581 0.302713 1 0 1.000000
0  -0.000008 122.296318 18.310865  -0.000000 0.999602 0.028212  0.601581 0.302713 1 0 1.000000
0  -0.000008 122.285309 18.509058  0.000093 0.999602 0.028195  0.601581 0.302713 1 0 1.000000
blackplastic
0  -0.000008 122.285309 18.509058  0.000093 0.999602 0.028195  0.601581 0.302713 1 0 1.000000
0  -0.000008 122.296318 18.310865  -0.000000 0.999602 0.028212  0.601581 0.302713 1 0 1.000000
0  -9.414193 122.285309 18.310865  0.009515 0.999561 0.028060  0.601581 0.302713 1 0 1.000000
blackplastic
0  -9.414193 122.285309 18.310865  0.009515 0.999561 0.028060  0.601581 0.302713 1 0 1.000000
0  -9.414193 122.285309 18.509058  0.009544 0.999569 0.027754  0.601581 0.302713 1 0 1.000000
0  -0.000008 122.285309 18.509058  0.000093 0.999602 0.028195  0.601581 0.302713 1 0 1.000000
blackplastic
0  -9.414193 122.285309 18.509058  0.009544 0.999569 0.027754  0.601581 0.302713 1 0 1.000000
0  -9.414193 122.285309 18.310865  0.009515 0.999561 0.028060  0.601581 0.302713 1 0 1.000000
0  -9.964730 122.659676 18.321877  0.927293 0.374195 0.010309  0.601581 0.302713 1 0 1.000000
blackplastic
0  -9.964730 122.659676 18.321877  0.927293 0.374195 0.010309  0.601581 0.302713 1 0 1.000000
0  -9.964730 122.648666 18.520069  0.927313 0.374184 0.008716  0.601581 0.302713 1 0 1.000000
0  -9.414193 122.285309 18.509058  0.009544 0.999569 0.027754  0.601581 0.302713 1 0 1.000000
blackplastic
0  -9.964730 122.648666 18.520069  0.927313 0.374184 0.008716  0.601581 0.302713 1 0 1.000000
0  -9.964730 122.659676 18.321877  0.927293 0.374195 0.010309  0.601581 0.302713 1 0 1.000000
0  -11.396128 126.447372 18.409962  0.936363 0.350910 0.009310  0.601581 0.302713 1 0 1.000000
blackplastic
0  -11.396128 126.447372 18.409962  0.936363 0.350910 0.009310  0.601581 0.302713 1 0 1.000000
0  -11.396128 126.513435 18.586134  0.936377 0.350870 0.009379  0.601581 0.302713 1 0 1.000000
0  -9.964730 122.648666 18.520069  0.927313 0.374184 0.008716  0.601581 0.302713 1 0 1.000000
blackplastic
0  11.164886 119.433525 19.136671  0.000089 0.687579 0.726109  0.601581 0.302713 1 0 1.000000
0  26.811152 119.466560 19.125658  -0.000182 0.687600 0.726089  0.601581 0.302713 1 0 1.000000
0  24.542938 120.171249 18.476025  -0.000185 0.687589 0.726100  0.601581 0.302713 1 0 1.000000
blackplastic
0  24.542938 120.171249 18.476025  -0.000185 0.687589 0.726100  0.601581 0.302713 1 0 1.000000
0  11.164886 120.171249 18.465015  0.000092 0.687582 0.726106  0.601581 0.302713 1 0 1.000000
0  11.164886 119.433525 19.136671  0.000089 0.687579 0.726109  0.601581 0.302713 1 0 1.000000
blackplastic
0  -0.000008 119.433525 19.136671  -0.000001 0.687689 0.726006  0.601581 0.302713 1 0 1.000000
0  11.164886 119.433525 19.136671  0.000089 0.687579 0.726109  0.601581 0.302713 1 0 1.000000
0  11.164886 120.171249 18.465015  0.000092 0.687582 0.726106  0.601581 0.302713 1 0 1.000000
blackplastic
0  11.164886 120.171249 18.465015  0.000092 0.687582 0.726106  0.601581 0.302713 1 0 1.000000
0  -0.000008 120.171249 18.465015  -0.000274 0.687687 0.726007  0.601581 0.302713 1 0 1.000000
0  -0.000008 119.433525 19.136671  -0.000001 0.687689 0.726006  0.601581 0.302713 1 0 1.000000
blackplastic
0  -0.000008 119.433525 19.136671  -0.000001 0.687689 0.726006  0.601581 0.302713 1 0 1.000000
0  -0.000008 120.171249 18.465015  -0.000274 0.687687 0.726007  0.601581 0.302713 1 0 1.000000
0  -11.164901 120.171249 18.465015  -0.000091 0.687582 0.726107  0.601581 0.302713 1 0 1.000000
blackplastic
0  -11.164901 120.171249 18.465015  -0.000091 0.687582 0.726107  0.601581 0.302713 1 0 1.000000
0  -11.164901 119.433525 19.136671  -0.000091 0.687579 0.726110  0.601581 0.302713 1 0 1.000000
0  -0.000008 119.433525 19.136671  -0.000001 0.687689 0.726006  0.601581 0.302713 1 0 1.000000
blackplastic
0  -11.164901 119.433525 19.136671  -0.000091 0.687579 0.726110  0.601581 0.302713 1 0 1.000000
0  -11.164901 120.171249 18.465015  -0.000091 0.687582 0.726107  0.601581 0.302713 1 0 1.000000
0  -24.542953 120.171249 18.476028  0.000186 0.687585 0.726104  0.601581 0.302713 1 0 1.000000
blackplastic
0  -24.542953 120.171249 18.476028  0.000186 0.687585 0.726104  0.601581 0.302713 1 0 1.000000
0  -26.811167 119.466560 19.125662  0.000183 0.687596 0.726093  0.601581 0.302713 1 0 1.000000
0  -11.164901 119.433525 19.136671  -0.000091 0.687579 0.726110  0.601581 0.302713 1 0 1.000000
blackplastic
0  8.214006 122.010040 18.134693  -0.685558 0.111670 0.719403  0.601581 0.302713 1 0 1.000000
0  8.191985 121.767807 18.145704  -0.686260 0.111683 0.718731  0.601581 0.302713 1 0 1.000000
0  8.247039 121.756790 18.299854  -0.901325 0.125787 0.414477  0.601581 0.302713 1 0 1.000000
blackplastic
0  8.191985 121.767807 18.145704  -0.686260 0.111683 0.718731  0.601581 0.302713 1 0 1.000000
0  8.214006 122.010040 18.134693  -0.685558 0.111670 0.719403  0.601581 0.302713 1 0 1.000000
0  2.003947 122.010040 18.057617  0.009967 0.081547 0.996620  0.601581 0.302713 1 0 1.000000
blackplastic
0  1.827775 121.767807 18.134693  0.653164 0.113368 0.748682  0.601581 0.302713 1 0 1.000000
0  8.191985 121.767807 18.145704  -0.686368 0.111636 0.718635  0.601581 0.302713 1 0 1.000000
0  2.003947 122.010040 18.057617  0.010012 0.081622 0.996613  0.601581 0.302713 1 0 1.000000
blackplastic
0  1.805754 122.010040 18.123682  0.652221 0.113166 0.749534  0.601581 0.302713 1 0 1.000000
0  1.827775 121.767807 18.134693  0.653164 0.113368 0.748682  0.601581 0.302713 1 0 1.000000
0  2.003947 122.010040 18.057617  0.010012 0.081622 0.996613  0.601581 0.302713 1 0 1.000000
blackplastic
0  1.805754 122.010040 18.123682  0.652221 0.113166 0.749534  0.601581 0.302713 1 0 1.000000
0  1.761711 121.756790 18.299854  0.893116 0.126774 0.431592  0.601581 0.302713 1 0 1.000000
0  1.827775 121.767807 18.134693  0.653164 0.113368 0.748682  0.601581 0.302713 1 0 1.000000
blackplastic
0  -18.299862 123.848831 18.707254  0.000020 -0.028298 0.999600  0.601581 0.302713 1 0 1.000000
0  -19.367905 122.714729 18.674221  0.000010 -0.028251 0.999601  0.601581 0.302713 1 0 1.000000
0  -17.848421 122.351372 18.663210  0.000010 -0.028251 0.999601  0.601581 0.302713 1 0 1.000000
blackplastic
0  34.837982 124.267242 16.912498  0.330301 0.860400 -0.388088  0.601581 0.302713 1 0 1.000000
0  34.727875 124.553520 17.418993  0.329491 0.865607 -0.377041  0.601581 0.302713 1 0 1.000000
0  34.760906 124.465439 17.507078  0.943255 -0.244687 0.224494  0.601581 0.302713 1 0 1.000000
blackplastic
0  34.760906 124.465439 17.507078  0.943255 -0.244687 0.224494  0.601581 0.302713 1 0 1.000000
0  34.727875 124.553520 17.418993  0.329491 0.865607 -0.377041  0.601581 0.302713 1 0 1.000000
0  34.254414 124.850815 17.672239  0.328612 0.873298 -0.359674  0.601581 0.302713 1 0 1.000000
blackplastic
0  34.232391 124.795761 17.793358  0.322447 0.311617 0.893825  0.601581 0.302713 1 0 1.000000
0  34.760906 124.465439 17.507078  0.943255 -0.244687 0.224494  0.601581 0.302713 1 0 1.000000
0  34.254414 124.850815 17.672239  0.328612 0.873298 -0.359674  0.601581 0.302713 1 0 1.000000
blackplastic
0  22.649090 128.121002 15.701317  -0.038652 0.446592 0.893903  0.601581 0.302713 1 0 1.000000
0  34.232391 124.795761 17.793358  0.322447 0.311617 0.893825  0.601581 0.302713 1 0 1.000000
0  34.254414 124.850815 17.672239  0.328612 0.873298 -0.359674  0.601581 0.302713 1 0 1.000000
blackplastic
0  34.254414 124.850815 17.672239  0.328612 0.873298 -0.359674  0.601581 0.302713 1 0 1.000000
0  34.727875 124.553520 17.418993  0.329491 0.865607 -0.377041  0.601581 0.302713 1 0 1.000000
0  34.166328 123.518509 14.853489  0.338258 0.823067 -0.456226  0.601581 0.302713 1 0 1.000000
blackplastic
0  34.166328 123.518509 14.853489  0.338258 0.823067 -0.456226  0.601581 0.302713 1 0 1.000000
0  34.727875 124.553520 17.418993  0.329491 0.865607 -0.377041  0.601581 0.302713 1 0 1.000000
0  34.386543 123.617607 15.216844  0.337752 0.825586 -0.452030  0.601581 0.302713 1 0 1.000000
blackplastic
0  34.760906 124.465439 17.507078  0.943255 -0.244687 0.224494  0.601581 0.302713 1 0 1.000000
0  34.893036 124.146126 16.945532  0.921063 -0.381841 -0.076421  0.601581 0.302713 1 0 1.000000
0  34.837982 124.267242 16.912498  0.330301 0.860400 -0.388088  0.601581 0.302713 1 0 1.000000
blackplastic
0  34.893036 124.146126 16.945532  0.921063 -0.381841 -0.076421  0.601581 0.302713 1 0 1.000000
0  34.430584 123.496490 15.238865  0.911172 -0.396080 -0.113521  0.601581 0.302713 1 0 1.000000
0  34.837982 124.267242 16.912498  0.330301 0.860400 -0.388088  0.601581 0.302713 1 0 1.000000
blackplastic
0  20.788273 126.678596 11.021751  0.310481 0.844683 -0.436018  0.601581 0.302713 1 0 1.000000
0  21.448917 126.337265 10.845580  0.311628 0.842772 -0.438889  0.601581 0.302713 1 0 1.000000
0  20.700188 126.590508 11.010741  -0.904653 0.144111 -0.401043  0.601581 0.302713 1 0 1.000000
blackplastic
0  20.645134 127.052963 11.682396  0.310095 0.846086 -0.433566  0.601581 0.302713 1 0 1.000000
0  20.788273 126.678596 11.021751  0.310481 0.844683 -0.436018  0.601581 0.302713 1 0 1.000000
0  20.700188 126.590508 11.010741  -0.904653 0.144111 -0.401043  0.601581 0.302713 1 0 1.000000
blackplastic
0  20.700188 126.590508 11.010741  -0.904653 0.144111 -0.401043  0.601581 0.302713 1 0 1.000000
0  20.535027 126.997910 11.737450  -0.882128 0.426557 0.199748  0.601581 0.302713 1 0 1.000000
0  20.645134 127.052963 11.682396  0.310095 0.846086 -0.433566  0.601581 0.302713 1 0 1.000000
blackplastic
0  20.535027 126.997910 11.737450  -0.882128 0.426557 0.199748  0.601581 0.302713 1 0 1.000000
0  21.889349 128.109985 15.095726  -0.874049 0.433203 0.219938  0.601581 0.302713 1 0 1.000000
0  20.645134 127.052963 11.682396  0.310095 0.846086 -0.433566  0.601581 0.302713 1 0 1.000000
blackplastic
0  21.889349 128.109985 15.095726  -0.874049 0.433203 0.219938  0.601581 0.302713 1 0 1.000000
0  21.999456 128.165039 15.029662  0.304235 0.871599 -0.384390  0.601581 0.302713 1 0 1.000000
0  20.645134 127.052963 11.682396  0.310095 0.846086 -0.433566  0.601581 0.302713 1 0 1.000000
blackplastic
0  21.889349 128.109985 15.095726  -0.874049 0.433203 0.219938  0.601581 0.302713 1 0 1.000000
0  22.153606 128.187073 15.437059  -0.292865 0.502830 0.813260  0.601581 0.302713 1 0 1.000000
0  21.999456 128.165039 15.029662  0.304235 0.871599 -0.384390  0.601581 0.302713 1 0 1.000000
blackplastic
0  22.153606 128.187073 15.437059  -0.292865 0.502830 0.813260  0.601581 0.302713 1 0 1.000000
0  22.241693 128.231110 15.348973  0.304514 0.873077 -0.380798  0.601581 0.302713 1 0 1.000000
0  21.999456 128.165039 15.029662  0.304235 0.871599 -0.384390  0.601581 0.302713 1 0 1.000000
blackplastic
0  22.153606 128.187073 15.437059  -0.292865 0.502830 0.813260  0.601581 0.302713 1 0 1.000000
0  22.649090 128.121002 15.701317  -0.038652 0.446592 0.893903  0.601581 0.302713 1 0 1.000000
0  22.241693 128.231110 15.348973  0.304514 0.873077 -0.380798  0.601581 0.302713 1 0 1.000000
blackplastic
0  22.649090 128.121002 15.701317  -0.038652 0.446592 0.893903  0.601581 0.302713 1 0 1.000000
0  22.693132 128.176056 15.580199  0.304603 0.873133 -0.380599  0.601581 0.302713 1 0 1.000000
0  22.241693 128.231110 15.348973  0.304514 0.873077 -0.380798  0.601581 0.302713 1 0 1.000000
blackplastic
0  34.254414 124.850815 17.672239  0.328612 0.873298 -0.359674  0.601581 0.302713 1 0 1.000000
0  22.693132 128.176056 15.580199  0.304603 0.873133 -0.380599  0.601581 0.302713 1 0 1.000000
0  22.649090 128.121002 15.701317  -0.038652 0.446592 0.893903  0.601581 0.302713 1 0 1.000000
blackplastic
0  34.254414 124.850815 17.672239  0.328612 0.873298 -0.359674  0.601581 0.302713 1 0 1.000000
0  33.659832 123.595589 14.611253  0.337699 0.823065 -0.456643  0.601581 0.302713 1 0 1.000000
0  22.693132 128.176056 15.580199  0.304603 0.873133 -0.380599  0.601581 0.302713 1 0 1.000000
blackplastic
0  34.166328 123.518509 14.853489  0.338258 0.823067 -0.456226  0.601581 0.302713 1 0 1.000000
0  33.659832 123.595589 14.611253  0.337699 0.823065 -0.456643  0.601581 0.302713 1 0 1.000000
0  34.254414 124.850815 17.672239  0.328612 0.873298 -0.359674  0.601581 0.302713 1 0 1.000000
blackplastic
0  33.659832 123.595589 14.611253  0.337699 0.823065 -0.456643  0.601581 0.302713 1 0 1.000000
0  34.166328 123.518509 14.853489  0.338258 0.823067 -0.456226  0.601581 0.302713 1 0 1.000000
0  33.637810 123.474472 14.589231  0.159745 -0.477865 -0.863786  0.601581 0.302713 1 0 1.000000
blackplastic
0  34.166328 123.518509 14.853489  0.338258 0.823067 -0.456226  0.601581 0.302713 1 0 1.000000
0  34.188347 123.386383 14.842479  0.591016 -0.519969 -0.616711  0.601581 0.302713 1 0 1.000000
0  33.637810 123.474472 14.589231  0.159745 -0.477865 -0.863786  0.601581 0.302713 1 0 1.000000
blackplastic
0  34.430584 123.496490 15.238865  0.911172 -0.396080 -0.113521  0.601581 0.302713 1 0 1.000000
0  34.188347 123.386383 14.842479  0.591016 -0.519969 -0.616711  0.601581 0.302713 1 0 1.000000
0  34.166328 123.518509 14.853489  0.338258 0.823067 -0.456226  0.601581 0.302713 1 0 1.000000
blackplastic
0  34.166328 123.518509 14.853489  0.338258 0.823067 -0.456226  0.601581 0.302713 1 0 1.000000
0  34.386543 123.617607 15.216844  0.337752 0.825586 -0.452030  0.601581 0.302713 1 0 1.000000
0  34.430584 123.496490 15.238865  0.911172 -0.396080 -0.113521  0.601581 0.302713 1 0 1.000000
blackplastic
0  34.430584 123.496490 15.238865  0.911172 -0.396080 -0.113521  0.601581 0.302713 1 0 1.000000
0  34.386543 123.617607 15.216844  0.337752 0.825586 -0.452030  0.601581 0.302713 1 0 1.000000
0  34.837982 124.267242 16.912498  0.330301 0.860400 -0.388088  0.601581 0.302713 1 0 1.000000
blackplastic
0  34.727875 124.553520 17.418993  0.329491 0.865607 -0.377041  0.601581 0.302713 1 0 1.000000
0  34.837982 124.267242 16.912498  0.330301 0.860400 -0.388088  0.601581 0.302713 1 0 1.000000
0  34.386543 123.617607 15.216844  0.337752 0.825586 -0.452030  0.601581 0.302713 1 0 1.000000
blackplastic
0  20.788273 126.678596 11.021751  0.310481 0.844683 -0.436018  0.601581 0.302713 1 0 1.000000
0  20.645134 127.052963 11.682396  0.310095 0.846086 -0.433566  0.601581 0.302713 1 0 1.000000
0  21.999456 128.165039 15.029662  0.304235 0.871599 -0.384390  0.601581 0.302713 1 0 1.000000
blackplastic
0  21.448917 126.337265 10.845580  0.311628 0.842772 -0.438889  0.601581 0.302713 1 0 1.000000
0  20.788273 126.678596 11.021751  0.310481 0.844683 -0.436018  0.601581 0.302713 1 0 1.000000
0  21.999456 128.165039 15.029662  0.304235 0.871599 -0.384390  0.601581 0.302713 1 0 1.000000
blackplastic
0  21.999456 128.165039 15.029662  0.304235 0.871599 -0.384390  0.601581 0.302713 1 0 1.000000
0  22.241693 128.231110 15.348973  0.304514 0.873077 -0.380798  0.601581 0.302713 1 0 1.000000
0  21.448917 126.337265 10.845580  0.311628 0.842772 -0.438889  0.601581 0.302713 1 0 1.000000
blackplastic
0  22.693132 128.176056 15.580199  0.304603 0.873133 -0.380599  0.601581 0.302713 1 0 1.000000
0  21.448917 126.337265 10.845580  0.311628 0.842772 -0.438889  0.601581 0.302713 1 0 1.000000
0  22.241693 128.231110 15.348973  0.304514 0.873077 -0.380798  0.601581 0.302713 1 0 1.000000
blackplastic
0  33.659832 123.595589 14.611253  0.337699 0.823065 -0.456643  0.601581 0.302713 1 0 1.000000
0  21.448917 126.337265 10.845580  0.311628 0.842772 -0.438889  0.601581 0.302713 1 0 1.000000
0  22.693132 128.176056 15.580199  0.304603 0.873133 -0.380599  0.601581 0.302713 1 0 1.000000
blackplastic
0  21.448917 126.337265 10.845580  0.311628 0.842772 -0.438889  0.601581 0.302713 1 0 1.000000
0  33.659832 123.595589 14.611253  0.337699 0.823065 -0.456643  0.601581 0.302713 1 0 1.000000
0  33.637810 123.474472 14.589231  0.159745 -0.477865 -0.863786  0.601581 0.302713 1 0 1.000000
blackplastic
0  33.637810 123.474472 14.589231  0.159745 -0.477865 -0.863786  0.601581 0.302713 1 0 1.000000
0  21.426895 126.216141 10.812548  0.155463 -0.476867 -0.865118  0.601581 0.302713 1 0 1.000000
0  21.448917 126.337265 10.845580  0.311628 0.842772 -0.438889  0.601581 0.302713 1 0 1.000000
blackplastic
0  21.448917 126.337265 10.845580  0.311628 0.842772 -0.438889  0.601581 0.302713 1 0 1.000000
0  21.426895 126.216141 10.812548  0.155463 -0.476867 -0.865118  0.601581 0.302713 1 0 1.000000
0  20.700188 126.590508 11.010741  -0.904653 0.144111 -0.401043  0.601581 0.302713 1 0 1.000000
blackplastic
0  -20.006527 123.848831 18.707254  0.000020 -0.028234 0.999601  0.601581 0.302713 1 0 1.000000
0  -21.085581 122.725739 18.674221  0.000019 -0.028234 0.999601  0.601581 0.302713 1 0 1.000000
0  -19.566097 122.362381 18.663210  0.000003 -0.028091 0.999605  0.601581 0.302713 1 0 1.000000
blackplastic
0  -20.303820 127.185089 10.779519  -0.374879 0.823571 -0.425672  0.601581 0.302713 1 0 1.000000
0  -20.391905 126.931839 10.823562  -0.853254 -0.488666 -0.182108  0.601581 0.302713 1 0 1.000000
0  -20.689196 127.174080 11.539260  -0.853288 -0.488625 -0.182059  0.601581 0.302713 1 0 1.000000
blackplastic
0  -20.590099 127.427322 11.495217  -0.379524 0.821114 -0.426302  0.601581 0.302713 1 0 1.000000
0  -20.303820 127.185089 10.779519  -0.374879 0.823571 -0.425672  0.601581 0.302713 1 0 1.000000
0  -20.689196 127.174080 11.539260  -0.853288 -0.488625 -0.182059  0.601581 0.302713 1 0 1.000000
blackplastic
0  -20.072594 127.119026 10.889627  0.643199 0.765683 0.005042  0.601581 0.302713 1 0 1.000000
0  -20.303820 127.185089 10.779519  -0.374879 0.823571 -0.425672  0.601581 0.302713 1 0 1.000000
0  -20.590099 127.427322 11.495217  -0.379524 0.821114 -0.426302  0.601581 0.302713 1 0 1.000000
blackplastic
0  -20.358873 127.361259 11.616336  0.643018 0.765832 0.005383  0.601581 0.302713 1 0 1.000000
0  -20.072594 127.119026 10.889627  0.643199 0.765683 0.005042  0.601581 0.302713 1 0 1.000000
0  -20.590099 127.427322 11.495217  -0.379524 0.821114 -0.426302  0.601581 0.302713 1 0 1.000000
blackplastic
0  -19.995518 127.074982 11.098830  0.641948 0.763135 -0.074344  0.601581 0.302713 1 0 1.000000
0  -20.072594 127.119026 10.889627  0.643199 0.765683 0.005042  0.601581 0.302713 1 0 1.000000
0  -20.358873 127.361259 11.616336  0.643018 0.765832 0.005383  0.601581 0.302713 1 0 1.000000
blackplastic
0  -20.358873 127.361259 11.616336  0.643018 0.765832 0.005383  0.601581 0.302713 1 0 1.000000
0  -20.182701 127.229134 11.572292  0.641976 0.763114 -0.074322  0.601581 0.302713 1 0 1.000000
0  -19.995518 127.074982 11.098830  0.641948 0.763135 -0.074344  0.601581 0.302713 1 0 1.000000
blackplastic
0  -20.182701 127.229134 11.572292  0.641976 0.763114 -0.074322  0.601581 0.302713 1 0 1.000000
0  -20.358873 127.361259 11.616336  0.643018 0.765832 0.005383  0.601581 0.302713 1 0 1.000000
0  -20.237755 127.108017 11.627346  0.022926 -0.920040 0.391152  0.601581 0.302713 1 0 1.000000
blackplastic
0  -20.358873 127.361259 11.616336  0.643018 0.765832 0.005383  0.601581 0.302713 1 0 1.000000
0  -20.446959 127.108017 11.660378  0.023855 -0.945580 0.324515  0.601581 0.302713 1 0 1.000000
0  -20.237755 127.108017 11.627346  0.022926 -0.920040 0.391152  0.601581 0.302713 1 0 1.000000
blackplastic
0  -20.237755 127.108017 11.627346  0.022926 -0.920040 0.391152  0.601581 0.302713 1 0 1.000000
0  -20.446959 127.108017 11.660378  0.023855 -0.945580 0.324515  0.601581 0.302713 1 0 1.000000
0  -20.160679 126.865776 10.944680  0.024057 -0.945676 0.324218  0.601581 0.302713 1 0 1.000000
blackplastic
0  -20.160679 126.865776 10.944680  0.024057 -0.945676 0.324218  0.601581 0.302713 1 0 1.000000
0  -20.446959 127.108017 11.660378  0.023855 -0.945580 0.324515  0.601581 0.302713 1 0 1.000000
0  -20.689196 127.174080 11.539260  -0.853288 -0.488625 -0.182059  0.601581 0.302713 1 0 1.000000
blackplastic
0  -20.689196 127.174080 11.539260  -0.853288 -0.488625 -0.182059  0.601581 0.302713 1 0 1.000000
0  -20.391905 126.931839 10.823562  -0.853254 -0.488666 -0.182108  0.601581 0.302713 1 0 1.000000
0  -20.160679 126.865776 10.944680  0.024057 -0.945676 0.324218  0.601581 0.302713 1 0 1.000000
blackplastic
0  -20.171690 126.975883 10.713454  0.357762 -0.294407 -0.886189  0.601581 0.302713 1 0 1.000000
0  -20.160679 126.865776 10.944680  0.024057 -0.945676 0.324218  0.601581 0.302713 1 0 1.000000
0  -20.391905 126.931839 10.823562  -0.853254 -0.488666 -0.182108  0.601581 0.302713 1 0 1.000000
blackplastic
0  -20.303820 127.185089 10.779519  -0.374879 0.823571 -0.425672  0.601581 0.302713 1 0 1.000000
0  -20.171690 126.975883 10.713454  0.357762 -0.294407 -0.886189  0.601581 0.302713 1 0 1.000000
0  -20.391905 126.931839 10.823562  -0.853254 -0.488666 -0.182108  0.601581 0.302713 1 0 1.000000
blackplastic
0  -20.072594 127.119026 10.889627  0.643199 0.765683 0.005042  0.601581 0.302713 1 0 1.000000
0  -20.171690 126.975883 10.713454  0.357762 -0.294407 -0.886189  0.601581 0.302713 1 0 1.000000
0  -20.303820 127.185089 10.779519  -0.374879 0.823571 -0.425672  0.601581 0.302713 1 0 1.000000
blackplastic
0  -20.160679 126.865776 10.944680  0.024057 -0.945676 0.324218  0.601581 0.302713 1 0 1.000000
0  -20.171690 126.975883 10.713454  0.357762 -0.294407 -0.886189  0.601581 0.302713 1 0 1.000000
0  -20.072594 127.119026 10.889627  0.643199 0.765683 0.005042  0.601581 0.302713 1 0 1.000000
blackplastic
0  -20.160679 126.865776 10.944680  0.024057 -0.945676 0.324218  0.601581 0.302713 1 0 1.000000
0  -20.072594 127.119026 10.889627  0.643199 0.765683 0.005042  0.601581 0.302713 1 0 1.000000
0  -19.962486 126.931839 11.087820  0.070923 -0.959650 0.272108  0.601581 0.302713 1 0 1.000000
blackplastic
0  -20.160679 126.865776 10.944680  0.024057 -0.945676 0.324218  0.601581 0.302713 1 0 1.000000
0  -19.962486 126.931839 11.087820  0.070923 -0.959650 0.272108  0.601581 0.302713 1 0 1.000000
0  -20.237755 127.108017 11.627346  0.022963 -0.919992 0.391263  0.601581 0.302713 1 0 1.000000
blackplastic
0  -20.072594 127.119026 10.889627  0.643199 0.765683 0.005042  0.601581 0.302713 1 0 1.000000
0  -19.995518 127.074982 11.098830  0.641948 0.763135 -0.074344  0.601581 0.302713 1 0 1.000000
0  -19.962486 126.931839 11.087820  0.070923 -0.959650 0.272108  0.601581 0.302713 1 0 1.000000
blackplastic
0  -18.597155 131.314117 12.706398  -1.000000 0.000000 0.000000  0.601581 0.302713 1 0 1.000000
0  -18.597155 129.651489 13.587257  -1.000000 -0.000001 0.000002  0.601581 0.302713 1 0 1.000000
0  -18.597153 128.561432 15.007644  -1.000000 -0.000001 0.000001  0.601581 0.302713 1 0 1.000000
blackplastic
0  -18.597153 128.561432 15.007644  -1.000000 -0.000001 0.000001  0.601581 0.302713 1 0 1.000000
0  -18.597155 129.651489 13.587257  -1.000000 -0.000001 0.000002  0.601581 0.302713 1 0 1.000000
0  -18.597155 129.343201 13.532204  -1.000000 -0.000002 0.000001  0.601581 0.302713 1 0 1.000000
blackplastic
0  -18.597153 128.561432 15.007644  -1.000000 -0.000001 0.000001  0.601581 0.302713 1 0 1.000000
0  -18.597155 129.343201 13.532204  -1.000000 -0.000002 0.000001  0.601581 0.302713 1 0 1.000000
0  -18.597155 129.233093 13.223903  -1.000000 -0.000002 0.000001  0.601581 0.302713 1 0 1.000000
blackplastic
0  -18.597155 129.233093 13.223903  -1.000000 -0.000004 0.000000  0.601581 0.302713 1 0 1.000000
0  -18.597155 127.130035 10.680422  -1.000000 -0.000001 0.000000  0.601581 0.302713 1 0 1.000000
0  -18.597153 128.561432 15.007644  -1.000000 -0.000003 0.000001  0.601581 0.302713 1 0 1.000000
blackplastic
0  -18.597155 127.130035 10.680422  -1.000000 -0.000001 0.000000  0.601581 0.302713 1 0 1.000000
0  -18.597155 129.233093 13.223903  -1.000000 -0.000004 0.000000  0.601581 0.302713 1 0 1.000000
0  -18.597155 129.442291 12.992678  -1.000000 -0.000001 0.000000  0.601581 0.302713 1 0 1.000000
blackplastic
0  -18.597155 130.950760 12.210915  -1.000000 -0.000000 0.000000  0.601581 0.302713 1 0 1.000000
0  -18.597155 130.642456 12.475172  -1.000000 0.000001 0.000000  0.601581 0.302713 1 0 1.000000
0  -18.597155 131.314117 12.706398  -1.000000 0.000000 0.000000  0.601581 0.302713 1 0 1.000000
blackplastic
0  -18.597155 131.314117 12.706398  -1.000000 0.000000 0.000000  0.601581 0.302713 1 0 1.000000
0  -18.597155 131.567368 12.188893  -1.000000 -0.000000 0.000000  0.601581 0.302713 1 0 1.000000
0  -18.597155 130.950760 12.210915  -1.000000 -0.000000 0.000000  0.601581 0.302713 1 0 1.000000
blackplastic
0  -18.597155 130.950760 12.210915  -1.000000 -0.000000 0.000000  0.601581 0.302713 1 0 1.000000
0  -18.597155 131.567368 12.188893  -1.000000 -0.000000 0.000000  0.601581 0.302713 1 0 1.000000
0  -18.597155 130.983795 11.792506  -1.000000 0.000000 0.000000  0.601581 0.302713 1 0 1.000000
blackplastic
0  -18.597155 130.983795 11.792506  -1.000000 0.000000 0.000000  0.601581 0.302713 1 0 1.000000
0  -18.597155 131.567368 12.188893  -1.000000 -0.000000 0.000000  0.601581 0.302713 1 0 1.000000
0  -18.597155 131.534332 11.605324  -1.000000 0.000000 0.000000  0.601581 0.302713 1 0 1.000000
blackplastic
0  -18.597155 130.983795 11.792506  -1.000000 0.000000 0.000000  0.601581 0.302713 1 0 1.000000
0  -18.597155 131.534332 11.605324  -1.000000 0.000000 0.000000  0.601581 0.302713 1 0 1.000000
0  -18.597155 131.204010 11.120852  -1.000000 0.000000 0.000000  0.601581 0.302713 1 0 1.000000
blackplastic
0  -18.597155 130.708527 11.484205  -1.000000 -0.000000 0.000000  0.601581 0.302713 1 0 1.000000
0  -18.597155 130.983795 11.792506  -1.000000 0.000000 0.000000  0.601581 0.302713 1 0 1.000000
0  -18.597155 131.204010 11.120852  -1.000000 0.000000 0.000000  0.601581 0.302713 1 0 1.000000
blackplastic
0  -18.597155 130.708527 11.484205  -1.000000 -0.000000 0.000000  0.601581 0.302713 1 0 1.000000
0  -18.597155 131.204010 11.120852  -1.000000 0.000000 0.000000  0.601581 0.302713 1 0 1.000000
0  -18.597155 130.686508 10.867604  -1.000000 -0.000000 0.000000  0.601581 0.302713 1 0 1.000000
blackplastic
0  -18.597155 130.686508 10.867604  -1.000000 -0.000000 0.000000  0.601581 0.302713 1 0 1.000000
0  -18.597155 130.290115 11.462184  -1.000000 -0.000000 0.000000  0.601581 0.302713 1 0 1.000000
0  -18.597155 130.708527 11.484205  -1.000000 -0.000000 0.000000  0.601581 0.302713 1 0 1.000000
blackplastic
0  -18.597155 130.686508 10.867604  -1.000000 -0.000000 0.000000  0.601581 0.302713 1 0 1.000000
0  -18.597155 127.130035 10.680422  -1.000000 -0.000001 0.000000  0.601581 0.302713 1 0 1.000000
0  -18.597155 130.290115 11.462184  -1.000000 -0.000000 0.000000  0.601581 0.302713 1 0 1.000000
blackplastic
0  -18.597155 127.130035 10.680422  -1.000000 -0.000001 0.000000  0.601581 0.302713 1 0 1.000000
0  -18.597155 129.981812 11.726442  -1.000000 0.000001 0.000000  0.601581 0.302713 1 0 1.000000
0  -18.597155 130.290115 11.462184  -1.000000 -0.000000 0.000000  0.601581 0.302713 1 0 1.000000
blackplastic
0  -18.597155 129.959793 12.144850  -1.000000 0.000000 0.000000  0.601581 0.302713 1 0 1.000000
0  -18.597155 129.981812 11.726442  -1.000000 0.000001 0.000000  0.601581 0.302713 1 0 1.000000
0  -18.597155 127.130035 10.680422  -1.000000 -0.000001 0.000000  0.601581 0.302713 1 0 1.000000
blackplastic
0  -18.597155 129.442291 12.992678  -1.000000 -0.000001 0.000000  0.601581 0.302713 1 0 1.000000
0  -18.597155 129.959793 12.144850  -1.000000 0.000000 0.000000  0.601581 0.302713 1 0 1.000000
0  -18.597155 127.130035 10.680422  -1.000000 -0.000001 0.000000  0.601581 0.302713 1 0 1.000000
blackplastic
0  -18.597155 129.959793 12.144850  -1.000000 0.000000 0.000000  0.601581 0.302713 1 0 1.000000
0  -18.597155 129.442291 12.992678  -1.000000 -0.000001 0.000000  0.601581 0.302713 1 0 1.000000
0  -18.597155 129.761597 13.047731  -1.000000 0.000003 0.000000  0.601581 0.302713 1 0 1.000000
blackplastic
0  -18.597155 129.761597 13.047731  -1.000000 0.000003 0.000000  0.601581 0.302713 1 0 1.000000
0  -18.597155 130.235062 12.453151  -1.000000 -0.000001 0.000000  0.601581 0.302713 1 0 1.000000
0  -18.597155 129.959793 12.144850  -1.000000 0.000000 0.000000  0.601581 0.302713 1 0 1.000000
blackplastic
0  -18.597155 130.235062 12.453151  -1.000000 -0.000001 0.000000  0.601581 0.302713 1 0 1.000000
0  -18.597155 129.761597 13.047731  -1.000000 0.000003 0.000000  0.601581 0.302713 1 0 1.000000
0  -18.597155 129.860703 13.356032  -1.000000 0.000001 0.000000  0.601581 0.302713 1 0 1.000000
blackplastic
0  -18.597155 130.642456 12.475172  -1.000000 0.000001 0.000000  0.601581 0.302713 1 0 1.000000
0  -18.597155 130.235062 12.453151  -1.000000 -0.000001 0.000000  0.601581 0.302713 1 0 1.000000
0  -18.597155 129.860703 13.356032  -1.000000 0.000001 0.000000  0.601581 0.302713 1 0 1.000000
blackplastic
0  -18.597155 129.860703 13.356032  -1.000000 0.000001 0.000000  0.601581 0.302713 1 0 1.000000
0  -18.597155 131.314117 12.706398  -1.000000 0.000000 0.000000  0.601581 0.302713 1 0 1.000000
0  -18.597155 130.642456 12.475172  -1.000000 0.000001 0.000000  0.601581 0.302713 1 0 1.000000
blackplastic
0  -18.597155 129.860703 13.356032  -1.000000 0.000001 0.000000  0.601581 0.302713 1 0 1.000000
0  -18.597155 129.651489 13.587257  -1.000000 -0.000001 0.000002  0.601581 0.302713 1 0 1.000000
0  -18.597155 131.314117 12.706398  -1.000000 0.000000 0.000000  0.601581 0.302713 1 0 1.000000
blackplastic
0  17.518082 131.314117 12.706396  -1.000000 0.000012 0.000012  0.601581 0.302713 1 0 1.000000
0  17.518082 129.651489 13.587255  -1.000000 0.000002 0.000002  0.601581 0.302713 1 0 1.000000
0  17.518084 128.561432 15.007642  -1.000000 -0.000001 0.000001  0.601581 0.302713 1 0 1.000000
blackplastic
0  17.518082 129.651489 13.587255  -1.000000 0.000002 0.000002  0.601581 0.302713 1 0 1.000000
0  17.518082 129.343201 13.532202  -1.000000 -0.000005 0.000001  0.601581 0.302713 1 0 1.000000
0  17.518084 128.561432 15.007642  -1.000000 -0.000001 0.000001  0.601581 0.302713 1 0 1.000000
blackplastic
0  17.518082 129.343201 13.532202  -1.000000 -0.000005 0.000001  0.601581 0.302713 1 0 1.000000
0  17.518082 129.233093 13.223901  -1.000000 -0.000009 0.000001  0.601581 0.302713 1 0 1.000000
0  17.518084 128.561432 15.007642  -1.000000 -0.000001 0.000001  0.601581 0.302713 1 0 1.000000
blackplastic
0  17.518082 129.233093 13.223901  -1.000000 0.000000 0.000000  0.601581 0.302713 1 0 1.000000
0  17.518082 127.130035 10.680420  -1.000000 -0.000012 -0.000004  0.601581 0.302713 1 0 1.000000
0  17.518084 128.561432 15.007642  -1.000000 0.000000 0.000001  0.601581 0.302713 1 0 1.000000
blackplastic
0  17.518082 129.233093 13.223901  -1.000000 0.000000 0.000000  0.601581 0.302713 1 0 1.000000
0  17.518082 129.442291 12.992676  -1.000000 0.000014 -0.000024  0.601581 0.302713 1 0 1.000000
0  17.518082 127.130035 10.680420  -1.000000 -0.000012 -0.000004  0.601581 0.302713 1 0 1.000000
blackplastic
0  17.529093 130.642456 12.475170  -1.000000 -0.000003 -0.000008  0.601581 0.302713 1 0 1.000000
0  17.529093 130.235062 12.453149  -1.000000 0.000013 -0.000022  0.601581 0.302713 1 0 1.000000
0  17.518082 129.860703 13.356030  -1.000000 -0.000009 0.000093  0.601581 0.302713 1 0 1.000000
blackplastic
0  17.529093 130.235062 12.453149  -1.000000 0.000013 -0.000022  0.601581 0.302713 1 0 1.000000
0  17.518082 129.761597 13.047729  -1.000000 0.000018 -0.000012  0.601581 0.302713 1 0 1.000000
0  17.518082 129.860703 13.356030  -1.000000 -0.000009 0.000093  0.601581 0.302713 1 0 1.000000
blackplastic
0  17.529093 130.235062 12.453149  -1.000000 0.000013 -0.000022  0.601581 0.302713 1 0 1.000000
0  17.529093 129.959793 12.144848  -1.000000 0.000002 0.000000  0.601581 0.302713 1 0 1.000000
0  17.518082 129.761597 13.047729  -1.000000 0.000018 -0.000012  0.601581 0.302713 1 0 1.000000
blackplastic
0  17.529093 129.959793 12.144848  -1.000000 0.000002 0.000000  0.601581 0.302713 1 0 1.000000
0  17.518082 129.442291 12.992676  -1.000000 0.000014 -0.000024  0.601581 0.302713 1 0 1.000000
0  17.518082 129.761597 13.047729  -1.000000 0.000018 -0.000012  0.601581 0.302713 1 0 1.000000
blackplastic
0  17.518082 129.442291 12.992676  -1.000000 0.000014 -0.000024  0.601581 0.302713 1 0 1.000000
0  17.529093 129.959793 12.144848  -1.000000 0.000002 0.000000  0.601581 0.302713 1 0 1.000000
0  17.529093 129.981812 11.726440  -1.000000 0.000020 -0.000002  0.601581 0.302713 1 0 1.000000
blackplastic
0  17.518082 127.130035 10.680420  -1.000000 -0.000012 -0.000004  0.601581 0.302713 1 0 1.000000
0  17.518082 129.442291 12.992676  -1.000000 0.000014 -0.000024  0.601581 0.302713 1 0 1.000000
0  17.529093 129.981812 11.726440  -1.000000 0.000020 -0.000002  0.601581 0.302713 1 0 1.000000
blackplastic
0  17.518082 127.130035 10.680420  -1.000000 -0.000012 -0.000004  0.601581 0.302713 1 0 1.000000
0  17.529093 129.981812 11.726440  -1.000000 0.000020 -0.000002  0.601581 0.302713 1 0 1.000000
0  17.529093 130.290115 11.462182  -1.000000 0.000001 -0.000004  0.601581 0.302713 1 0 1.000000
blackplastic
0  17.518082 130.686508 10.867602  -1.000000 0.000006 -0.000019  0.601581 0.302713 1 0 1.000000
0  17.518082 127.130035 10.680420  -1.000000 -0.000012 -0.000004  0.601581 0.302713 1 0 1.000000
0  17.529093 130.290115 11.462182  -1.000000 0.000001 -0.000004  0.601581 0.302713 1 0 1.000000
blackplastic
0  17.518082 130.686508 10.867602  -1.000000 0.000006 -0.000019  0.601581 0.302713 1 0 1.000000
0  17.529093 130.290115 11.462182  -1.000000 0.000001 -0.000004  0.601581 0.302713 1 0 1.000000
0  17.529093 130.708527 11.484203  -1.000000 0.000005 -0.000010  0.601581 0.302713 1 0 1.000000
blackplastic
0  17.529093 130.708527 11.484203  -1.000000 0.000005 -0.000010  0.601581 0.302713 1 0 1.000000
0  17.518082 131.204010 11.120850  -1.000000 -0.000005 0.000010  0.601581 0.302713 1 0 1.000000
0  17.518082 130.686508 10.867602  -1.000000 0.000006 -0.000019  0.601581 0.302713 1 0 1.000000
blackplastic
0  17.529093 130.708527 11.484203  -1.000000 0.000005 -0.000010  0.601581 0.302713 1 0 1.000000
0  17.529093 130.983795 11.792504  -1.000000 -0.000026 0.000005  0.601581 0.302713 1 0 1.000000
0  17.518082 131.204010 11.120850  -1.000000 -0.000005 0.000010  0.601581 0.302713 1 0 1.000000
blackplastic
0  17.518082 131.534332 11.605322  -1.000000 0.000012 -0.000004  0.601581 0.302713 1 0 1.000000
0  17.518082 131.204010 11.120850  -1.000000 -0.000005 0.000010  0.601581 0.302713 1 0 1.000000
0  17.529093 130.983795 11.792504  -1.000000 -0.000026 0.000005  0.601581 0.302713 1 0 1.000000
blackplastic
0  17.518082 131.567368 12.188891  -1.000000 -0.000011 -0.000001  0.601581 0.302713 1 0 1.000000
0  17.518082 131.534332 11.605322  -1.000000 0.000012 -0.000004  0.601581 0.302713 1 0 1.000000
0  17.529093 130.983795 11.792504  -1.000000 -0.000026 0.000005  0.601581 0.302713 1 0 1.000000
blackplastic
0  17.529093 130.983795 11.792504  -1.000000 -0.000026 0.000005  0.601581 0.302713 1 0 1.000000
0  17.529093 130.950760 12.210913  -1.000000 -0.000010 -0.000006  0.601581 0.302713 1 0 1.000000
0  17.518082 131.567368 12.188891  -1.000000 -0.000011 -0.000001  0.601581 0.302713 1 0 1.000000
blackplastic
0  17.518082 131.567368 12.188891  -1.000000 -0.000011 -0.000001  0.601581 0.302713 1 0 1.000000
0  17.529093 130.950760 12.210913  -1.000000 -0.000010 -0.000006  0.601581 0.302713 1 0 1.000000
0  17.518082 131.314117 12.706396  -1.000000 0.000012 0.000012  0.601581 0.302713 1 0 1.000000
blackplastic
0  17.529093 130.950760 12.210913  -1.000000 -0.000010 -0.000006  0.601581 0.302713 1 0 1.000000
0  17.529093 130.642456 12.475170  -1.000000 -0.000003 -0.000008  0.601581 0.302713 1 0 1.000000
0  17.518082 131.314117 12.706396  -1.000000 0.000012 0.000012  0.601581 0.302713 1 0 1.000000
blackplastic
0  17.518082 129.860703 13.356030  -1.000000 -0.000009 0.000093  0.601581 0.302713 1 0 1.000000
0  17.518082 131.314117 12.706396  -1.000000 0.000012 0.000012  0.601581 0.302713 1 0 1.000000
0  17.529093 130.642456 12.475170  -1.000000 -0.000003 -0.000008  0.601581 0.302713 1 0 1.000000
blackplastic
0  17.518082 129.860703 13.356030  -1.000000 -0.000009 0.000093  0.601581 0.302713 1 0 1.000000
0  17.518082 129.651489 13.587255  -1.000000 0.000002 0.000002  0.601581 0.302713 1 0 1.000000
0  17.518082 131.314117 12.706396  -1.000000 0.000012 0.000012  0.601581 0.302713 1 0 1.000000
blackplastic
0  19.158686 125.104057 18.740282  -0.000005 -0.028104 0.999605  0.601581 0.302713 1 0 1.000000
0  18.707245 123.606598 18.696239  -0.000021 -0.028199 0.999602  0.601581 0.302713 1 0 1.000000
0  20.226727 123.969955 18.707251  -0.000005 -0.028104 0.999605  0.601581 0.302713 1 0 1.000000
blackplastic
0  15.624235 128.109985 13.994653  -0.038440 0.284990 -0.957759  0.601581 0.302713 1 0 1.000000
0  13.499162 128.109985 13.994653  0.036144 0.279297 -0.959524  0.601581 0.302713 1 0 1.000000
0  13.444108 128.352234 14.049706  0.061444 0.906000 -0.418793  0.601581 0.302713 1 0 1.000000
blackplastic
0  13.444108 128.352234 14.049706  0.061444 0.906000 -0.418793  0.601581 0.302713 1 0 1.000000
0  15.679289 128.352234 14.049706  -0.060244 0.906368 -0.418172  0.601581 0.302713 1 0 1.000000
0  15.624235 128.109985 13.994653  -0.038440 0.284990 -0.957759  0.601581 0.302713 1 0 1.000000
blackplastic
0  15.745354 128.076965 13.884545  -0.799296 0.556320 -0.227232  0.601581 0.302713 1 0 1.000000
0  15.624235 128.109985 13.994653  -0.038440 0.284990 -0.957759  0.601581 0.302713 1 0 1.000000
0  15.679289 128.352234 14.049706  -0.060244 0.906368 -0.418172  0.601581 0.302713 1 0 1.000000
blackplastic
0  15.679289 128.352234 14.049706  -0.060244 0.906368 -0.418172  0.601581 0.302713 1 0 1.000000
0  15.877482 128.275146 13.862524  -0.060462 0.906464 -0.417933  0.601581 0.302713 1 0 1.000000
0  15.745354 128.076965 13.884545  -0.799296 0.556320 -0.227232  0.601581 0.302713 1 0 1.000000
blackplastic
0  15.745354 127.405304 11.869579  -0.798230 0.582864 -0.151980  0.601581 0.302713 1 0 1.000000
0  15.745354 128.076965 13.884545  -0.799296 0.556320 -0.227232  0.601581 0.302713 1 0 1.000000
0  15.877482 128.275146 13.862524  -0.060462 0.906464 -0.417933  0.601581 0.302713 1 0 1.000000
blackplastic
0  15.877482 128.275146 13.862524  -0.060462 0.906464 -0.417933  0.601581 0.302713 1 0 1.000000
0  15.877482 127.570465 11.759472  -0.059492 0.977333 -0.203179  0.601581 0.302713 1 0 1.000000
0  15.745354 127.405304 11.869579  -0.798230 0.582864 -0.151980  0.601581 0.302713 1 0 1.000000
blackplastic
0  15.624235 127.361259 11.748462  -0.035024 0.805061 0.592156  0.601581 0.302713 1 0 1.000000
0  15.745354 127.405304 11.869579  -0.798230 0.582864 -0.151980  0.601581 0.302713 1 0 1.000000
0  15.877482 127.570465 11.759472  -0.059492 0.977333 -0.203179  0.601581 0.302713 1 0 1.000000
blackplastic
0  15.877482 127.570465 11.759472  -0.059492 0.977333 -0.203179  0.601581 0.302713 1 0 1.000000
0  15.679289 127.515411 11.561279  -0.059234 0.977401 -0.202926  0.601581 0.302713 1 0 1.000000
0  15.624235 127.361259 11.748462  -0.035024 0.805061 0.592156  0.601581 0.302713 1 0 1.000000
blackplastic
0  15.624235 127.361259 11.748462  -0.035024 0.805061 0.592156  0.601581 0.302713 1 0 1.000000
0  15.679289 127.515411 11.561279  -0.059234 0.977401 -0.202926  0.601581 0.302713 1 0 1.000000
0  13.455119 127.515411 11.561279  0.063923 0.976209 -0.207195  0.601581 0.302713 1 0 1.000000
blackplastic
0  13.499162 127.361259 11.748462  0.036718 0.805382 0.591617  0.601581 0.302713 1 0 1.000000
0  15.624235 127.361259 11.748462  -0.035024 0.805061 0.592156  0.601581 0.302713 1 0 1.000000
0  13.455119 127.515411 11.561279  0.063923 0.976209 -0.207195  0.601581 0.302713 1 0 1.000000
blackplastic
0  13.444108 128.352234 14.049706  0.061444 0.906000 -0.418793  0.601581 0.302713 1 0 1.000000
0  13.245915 128.275146 13.862524  0.061696 0.906102 -0.418536  0.601581 0.302713 1 0 1.000000
0  13.234904 128.407288 14.346997  -0.016413 0.954587 -0.297481  0.601581 0.302713 1 0 1.000000
blackplastic
0  15.679289 128.352234 14.049706  -0.060244 0.906368 -0.418172  0.601581 0.302713 1 0 1.000000
0  13.444108 128.352234 14.049706  0.061444 0.906000 -0.418793  0.601581 0.302713 1 0 1.000000
0  13.234904 128.407288 14.346997  -0.016413 0.954587 -0.297481  0.601581 0.302713 1 0 1.000000
blackplastic
0  13.234904 128.407288 14.346997  -0.016413 0.954587 -0.297481  0.601581 0.302713 1 0 1.000000
0  15.899504 128.407288 14.346997  0.017409 0.953885 -0.299667  0.601581 0.302713 1 0 1.000000
0  15.679289 128.352234 14.049706  -0.060244 0.906368 -0.418172  0.601581 0.302713 1 0 1.000000
blackplastic
0  15.877482 128.275146 13.862524  -0.060462 0.906464 -0.417933  0.601581 0.302713 1 0 1.000000
0  15.679289 128.352234 14.049706  -0.060244 0.906368 -0.418172  0.601581 0.302713 1 0 1.000000
0  15.899504 128.407288 14.346997  0.017409 0.953885 -0.299667  0.601581 0.302713 1 0 1.000000
blackplastic
0  15.899504 128.407288 14.346997  0.017409 0.953885 -0.299667  0.601581 0.302713 1 0 1.000000
0  16.273869 128.297180 14.060718  0.031870 0.944794 -0.326111  0.601581 0.302713 1 0 1.000000
0  15.877482 128.275146 13.862524  -0.060462 0.906464 -0.417933  0.601581 0.302713 1 0 1.000000
blackplastic
0  16.273869 128.297180 14.060718  0.031870 0.944794 -0.326111  0.601581 0.302713 1 0 1.000000
0  16.284880 127.493393 11.660376  0.032610 0.951255 -0.306678  0.601581 0.302713 1 0 1.000000
0  15.877482 128.275146 13.862524  -0.060462 0.906464 -0.417933  0.601581 0.302713 1 0 1.000000
blackplastic
0  16.284880 127.493393 11.660376  0.032610 0.951255 -0.306678  0.601581 0.302713 1 0 1.000000
0  15.877482 127.570465 11.759472  -0.059492 0.977333 -0.203179  0.601581 0.302713 1 0 1.000000
0  15.877482 128.275146 13.862524  -0.060462 0.906464 -0.417933  0.601581 0.302713 1 0 1.000000
blackplastic
0  15.877482 127.570465 11.759472  -0.059492 0.977333 -0.203179  0.601581 0.302713 1 0 1.000000
0  16.284880 127.493393 11.660376  0.032610 0.951255 -0.306678  0.601581 0.302713 1 0 1.000000
0  15.899504 127.405304 11.308032  0.014999 0.942337 -0.334330  0.601581 0.302713 1 0 1.000000
blackplastic
0  15.679289 127.515411 11.561279  -0.059234 0.977401 -0.202926  0.601581 0.302713 1 0 1.000000
0  15.877482 127.570465 11.759472  -0.059492 0.977333 -0.203179  0.601581 0.302713 1 0 1.000000
0  15.899504 127.405304 11.308032  0.014999 0.942337 -0.334330  0.601581 0.302713 1 0 1.000000
blackplastic
0  15.899504 127.405304 11.308032  0.014999 0.942337 -0.334330  0.601581 0.302713 1 0 1.000000
0  13.223893 127.405304 11.297021  -0.015222 0.942496 -0.333871  0.601581 0.302713 1 0 1.000000
0  15.679289 127.515411 11.561279  -0.059234 0.977401 -0.202926  0.601581 0.302713 1 0 1.000000
blackplastic
0  13.223893 127.405304 11.297021  -0.015222 0.942496 -0.333871  0.601581 0.302713 1 0 1.000000
0  13.455119 127.515411 11.561279  0.063923 0.976209 -0.207195  0.601581 0.302713 1 0 1.000000
0  15.679289 127.515411 11.561279  -0.059234 0.977401 -0.202926  0.601581 0.302713 1 0 1.000000
blackplastic
0  13.245915 127.570465 11.759472  0.064205 0.976130 -0.207479  0.601581 0.302713 1 0 1.000000
0  13.455119 127.515411 11.561279  0.063923 0.976209 -0.207195  0.601581 0.302713 1 0 1.000000
0  13.223893 127.405304 11.297021  -0.015222 0.942496 -0.333871  0.601581 0.302713 1 0 1.000000
blackplastic
0  13.499162 127.361259 11.748462  0.036718 0.805382 0.591617  0.601581 0.302713 1 0 1.000000
0  13.455119 127.515411 11.561279  0.063923 0.976209 -0.207195  0.601581 0.302713 1 0 1.000000
0  13.245915 127.570465 11.759472  0.064205 0.976130 -0.207479  0.601581 0.302713 1 0 1.000000
blackplastic
0  13.378044 127.405304 11.858569  0.800729 0.579003 -0.153585  0.601581 0.302713 1 0 1.000000
0  13.499162 127.361259 11.748462  0.036718 0.805382 0.591617  0.601581 0.302713 1 0 1.000000
0  13.245915 127.570465 11.759472  0.064205 0.976130 -0.207479  0.601581 0.302713 1 0 1.000000
blackplastic
0  13.378044 127.405304 11.858569  0.800729 0.579003 -0.153585  0.601581 0.302713 1 0 1.000000
0  13.245915 127.570465 11.759472  0.064205 0.976130 -0.207479  0.601581 0.302713 1 0 1.000000
0  13.245915 128.275146 13.862524  0.061696 0.906102 -0.418536  0.601581 0.302713 1 0 1.000000
blackplastic
0  13.378044 128.076965 13.884545  0.801656 0.554303 -0.223821  0.601581 0.302713 1 0 1.000000
0  13.378044 127.405304 11.858569  0.800729 0.579003 -0.153585  0.601581 0.302713 1 0 1.000000
0  13.245915 128.275146 13.862524  0.061696 0.906102 -0.418536  0.601581 0.302713 1 0 1.000000
blackplastic
0  13.378044 128.076965 13.884545  0.801656 0.554303 -0.223821  0.601581 0.302713 1 0 1.000000
0  13.245915 128.275146 13.862524  0.061696 0.906102 -0.418536  0.601581 0.302713 1 0 1.000000
0  13.444108 128.352234 14.049706  0.061444 0.906000 -0.418793  0.601581 0.302713 1 0 1.000000
blackplastic
0  13.499162 128.109985 13.994653  0.036144 0.279297 -0.959524  0.601581 0.302713 1 0 1.000000
0  13.378044 128.076965 13.884545  0.801656 0.554303 -0.223821  0.601581 0.302713 1 0 1.000000
0  13.444108 128.352234 14.049706  0.061444 0.906000 -0.418793  0.601581 0.302713 1 0 1.000000
blackplastic
0  13.223893 127.405304 11.297021  -0.015222 0.942496 -0.333871  0.601581 0.302713 1 0 1.000000
0  12.838517 127.504402 11.671387  -0.031695 0.951121 -0.307186  0.601581 0.302713 1 0 1.000000
0  13.245915 127.570465 11.759472  0.064205 0.976130 -0.207479  0.601581 0.302713 1 0 1.000000
blackplastic
0  12.838517 127.504402 11.671387  -0.031695 0.951121 -0.307186  0.601581 0.302713 1 0 1.000000
0  12.838517 128.264145 13.961621  -0.031268 0.946093 -0.322383  0.601581 0.302713 1 0 1.000000
0  13.245915 127.570465 11.759472  0.064205 0.976130 -0.207479  0.601581 0.302713 1 0 1.000000
blackplastic
0  12.838517 128.264145 13.961621  -0.031268 0.946093 -0.322383  0.601581 0.302713 1 0 1.000000
0  13.245915 128.275146 13.862524  0.061696 0.906102 -0.418536  0.601581 0.302713 1 0 1.000000
0  13.245915 127.570465 11.759472  0.064205 0.976130 -0.207479  0.601581 0.302713 1 0 1.000000
blackplastic
0  13.245915 128.275146 13.862524  0.061696 0.906102 -0.418536  0.601581 0.302713 1 0 1.000000
0  12.838517 128.264145 13.961621  -0.031268 0.946093 -0.322383  0.601581 0.302713 1 0 1.000000
0  13.234904 128.407288 14.346997  -0.016413 0.954587 -0.297481  0.601581 0.302713 1 0 1.000000
blackplastic
0  -13.378061 127.405304 11.858571  -0.800746 0.578983 -0.153574  0.601581 0.302713 1 0 1.000000
0  -13.245933 127.570465 11.759474  -0.064198 0.976140 -0.207434  0.601581 0.302713 1 0 1.000000
0  -13.499179 127.361259 11.748464  -0.036721 0.805380 0.591620  0.601581 0.302713 1 0 1.000000
blackplastic
0  -13.245933 128.275146 13.862526  -0.061703 0.906121 -0.418494  0.601581 0.302713 1 0 1.000000
0  -13.245933 127.570465 11.759474  -0.064198 0.976140 -0.207434  0.601581 0.302713 1 0 1.000000
0  -13.378061 127.405304 11.858571  -0.800746 0.578983 -0.153574  0.601581 0.302713 1 0 1.000000
blackplastic
0  -13.378061 128.076965 13.884547  -0.801659 0.554298 -0.223821  0.601581 0.302713 1 0 1.000000
0  -13.245933 128.275146 13.862526  -0.061703 0.906121 -0.418494  0.601581 0.302713 1 0 1.000000
0  -13.378061 127.405304 11.858571  -0.800746 0.578983 -0.153574  0.601581 0.302713 1 0 1.000000
blackplastic
0  -13.444125 128.352234 14.049708  -0.061448 0.905997 -0.418800  0.601581 0.302713 1 0 1.000000
0  -13.245933 128.275146 13.862526  -0.061703 0.906121 -0.418494  0.601581 0.302713 1 0 1.000000
0  -13.378061 128.076965 13.884547  -0.801659 0.554298 -0.223821  0.601581 0.302713 1 0 1.000000
blackplastic
0  -13.499179 128.109985 13.994655  -0.036144 0.279305 -0.959522  0.601581 0.302713 1 0 1.000000
0  -13.444125 128.352234 14.049708  -0.061448 0.905997 -0.418800  0.601581 0.302713 1 0 1.000000
0  -13.378061 128.076965 13.884547  -0.801659 0.554298 -0.223821  0.601581 0.302713 1 0 1.000000
blackplastic
0  -13.444125 128.352234 14.049708  -0.061448 0.905997 -0.418800  0.601581 0.302713 1 0 1.000000
0  -13.499179 128.109985 13.994655  -0.036144 0.279305 -0.959522  0.601581 0.302713 1 0 1.000000
0  -15.624252 128.109985 13.994655  0.038435 0.284974 -0.957764  0.601581 0.302713 1 0 1.000000
blackplastic
0  -15.624252 128.109985 13.994655  0.038435 0.284974 -0.957764  0.601581 0.302713 1 0 1.000000
0  -15.679306 128.352234 14.049708  0.060253 0.906363 -0.418180  0.601581 0.302713 1 0 1.000000
0  -13.444125 128.352234 14.049708  -0.061448 0.905997 -0.418800  0.601581 0.302713 1 0 1.000000
blackplastic
0  -15.679306 128.352234 14.049708  0.060253 0.906363 -0.418180  0.601581 0.302713 1 0 1.000000
0  -15.624252 128.109985 13.994655  0.038435 0.284974 -0.957764  0.601581 0.302713 1 0 1.000000
0  -15.745371 128.076965 13.884547  0.799322 0.556331 -0.227113  0.601581 0.302713 1 0 1.000000
blackplastic
0  -15.745371 128.076965 13.884547  0.799322 0.556331 -0.227113  0.601581 0.302713 1 0 1.000000
0  -15.877500 128.275146 13.862526  0.060460 0.906457 -0.417947  0.601581 0.302713 1 0 1.000000
0  -15.679306 128.352234 14.049708  0.060253 0.906363 -0.418180  0.601581 0.302713 1 0 1.000000
blackplastic
0  -15.877500 128.275146 13.862526  0.060460 0.906457 -0.417947  0.601581 0.302713 1 0 1.000000
0  -15.745371 128.076965 13.884547  0.799322 0.556331 -0.227113  0.601581 0.302713 1 0 1.000000
0  -15.745371 127.405304 11.869581  0.798254 0.582866 -0.151846  0.601581 0.302713 1 0 1.000000
blackplastic
0  -15.745371 127.405304 11.869581  0.798254 0.582866 -0.151846  0.601581 0.302713 1 0 1.000000
0  -15.877500 127.570465 11.759474  0.059491 0.977339 -0.203149  0.601581 0.302713 1 0 1.000000
0  -15.877500 128.275146 13.862526  0.060460 0.906457 -0.417947  0.601581 0.302713 1 0 1.000000
blackplastic
0  -15.877500 127.570465 11.759474  0.059491 0.977339 -0.203149  0.601581 0.302713 1 0 1.000000
0  -15.745371 127.405304 11.869581  0.798254 0.582866 -0.151846  0.601581 0.302713 1 0 1.000000
0  -15.624252 127.361259 11.748464  0.035022 0.805079 0.592132  0.601581 0.302713 1 0 1.000000
blackplastic
0  -15.624252 127.361259 11.748464  0.035022 0.805079 0.592132  0.601581 0.302713 1 0 1.000000
0  -15.679306 127.515411 11.561281  0.059286 0.977395 -0.202940  0.601581 0.302713 1 0 1.000000
0  -15.877500 127.570465 11.759474  0.059491 0.977339 -0.203149  0.601581 0.302713 1 0 1.000000
blackplastic
0  -13.455136 127.515411 11.561281  -0.063938 0.976205 -0.207209  0.601581 0.302713 1 0 1.000000
0  -15.679306 127.515411 11.561281  0.059286 0.977395 -0.202940  0.601581 0.302713 1 0 1.000000
0  -15.624252 127.361259 11.748464  0.035022 0.805079 0.592132  0.601581 0.302713 1 0 1.000000
blackplastic
0  -15.679306 127.515411 11.561281  0.059286 0.977395 -0.202940  0.601581 0.302713 1 0 1.000000
0  -13.455136 127.515411 11.561281  -0.063938 0.976205 -0.207209  0.601581 0.302713 1 0 1.000000
0  -13.223910 127.405304 11.297023  0.015222 0.942493 -0.333879  0.601581 0.302713 1 0 1.000000
blackplastic
0  -13.223910 127.405304 11.297023  0.015222 0.942493 -0.333879  0.601581 0.302713 1 0 1.000000
0  -13.455136 127.515411 11.561281  -0.063938 0.976205 -0.207209  0.601581 0.302713 1 0 1.000000
0  -13.245933 127.570465 11.759474  -0.064198 0.976140 -0.207434  0.601581 0.302713 1 0 1.000000
blackplastic
0  -13.245933 127.570465 11.759474  -0.064198 0.976140 -0.207434  0.601581 0.302713 1 0 1.000000
0  -12.838534 127.504402 11.671389  0.031689 0.951115 -0.307207  0.601581 0.302713 1 0 1.000000
0  -13.223910 127.405304 11.297023  0.015222 0.942493 -0.333879  0.601581 0.302713 1 0 1.000000
blackplastic
0  -12.838534 127.504402 11.671389  0.031689 0.951115 -0.307207  0.601581 0.302713 1 0 1.000000
0  -13.245933 127.570465 11.759474  -0.064198 0.976140 -0.207434  0.601581 0.302713 1 0 1.000000
0  -12.838534 128.264145 13.961623  0.031393 0.946075 -0.322424  0.601581 0.302713 1 0 1.000000
blackplastic
0  -13.245933 127.570465 11.759474  -0.064198 0.976140 -0.207434  0.601581 0.302713 1 0 1.000000
0  -13.455136 127.515411 11.561281  -0.063938 0.976205 -0.207209  0.601581 0.302713 1 0 1.000000
0  -13.499179 127.361259 11.748464  -0.036721 0.805380 0.591620  0.601581 0.302713 1 0 1.000000
blackplastic
0  -13.499179 127.361259 11.748464  -0.036721 0.805380 0.591620  0.601581 0.302713 1 0 1.000000
0  -13.455136 127.515411 11.561281  -0.063938 0.976205 -0.207209  0.601581 0.302713 1 0 1.000000
0  -15.624252 127.361259 11.748464  0.035022 0.805079 0.592132  0.601581 0.302713 1 0 1.000000
blackplastic
0  -13.245933 127.570465 11.759474  -0.064198 0.976140 -0.207434  0.601581 0.302713 1 0 1.000000
0  -13.245933 128.275146 13.862526  -0.061703 0.906121 -0.418494  0.601581 0.302713 1 0 1.000000
0  -12.838534 128.264145 13.961623  0.031393 0.946075 -0.322424  0.601581 0.302713 1 0 1.000000
blackplastic
0  -13.234921 128.407288 14.346999  0.016507 0.954616 -0.297381  0.601581 0.302713 1 0 1.000000
0  -12.838534 128.264145 13.961623  0.031393 0.946075 -0.322424  0.601581 0.302713 1 0 1.000000
0  -13.245933 128.275146 13.862526  -0.061703 0.906121 -0.418494  0.601581 0.302713 1 0 1.000000
blackplastic
0  -13.444125 128.352234 14.049708  -0.061448 0.905997 -0.418800  0.601581 0.302713 1 0 1.000000
0  -13.234921 128.407288 14.346999  0.016507 0.954616 -0.297381  0.601581 0.302713 1 0 1.000000
0  -13.245933 128.275146 13.862526  -0.061703 0.906121 -0.418494  0.601581 0.302713 1 0 1.000000
blackplastic
0  -13.234921 128.407288 14.346999  0.016507 0.954616 -0.297381  0.601581 0.302713 1 0 1.000000
0  -13.444125 128.352234 14.049708  -0.061448 0.905997 -0.418800  0.601581 0.302713 1 0 1.000000
0  -15.679306 128.352234 14.049708  0.060253 0.906363 -0.418180  0.601581 0.302713 1 0 1.000000
blackplastic
0  -15.679306 128.352234 14.049708  0.060253 0.906363 -0.418180  0.601581 0.302713 1 0 1.000000
0  -15.899521 128.407288 14.346999  -0.017406 0.953844 -0.299798  0.601581 0.302713 1 0 1.000000
0  -13.234921 128.407288 14.346999  0.016507 0.954616 -0.297381  0.601581 0.302713 1 0 1.000000
blackplastic
0  -15.899521 128.407288 14.346999  -0.017406 0.953844 -0.299798  0.601581 0.302713 1 0 1.000000
0  -15.679306 128.352234 14.049708  0.060253 0.906363 -0.418180  0.601581 0.302713 1 0 1.000000
0  -15.877500 128.275146 13.862526  0.060460 0.906457 -0.417947  0.601581 0.302713 1 0 1.000000
blackplastic
0  -15.877500 128.275146 13.862526  0.060460 0.906457 -0.417947  0.601581 0.302713 1 0 1.000000
0  -16.273888 128.297180 14.060719  -0.031856 0.944796 -0.326106  0.601581 0.302713 1 0 1.000000
0  -15.899521 128.407288 14.346999  -0.017406 0.953844 -0.299798  0.601581 0.302713 1 0 1.000000
blackplastic
0  -16.273888 128.297180 14.060719  -0.031856 0.944796 -0.326106  0.601581 0.302713 1 0 1.000000
0  -15.877500 128.275146 13.862526  0.060460 0.906457 -0.417947  0.601581 0.302713 1 0 1.000000
0  -16.284899 127.493393 11.660378  -0.032598 0.951297 -0.306548  0.601581 0.302713 1 0 1.000000
blackplastic
0  -15.877500 128.275146 13.862526  0.060460 0.906457 -0.417947  0.601581 0.302713 1 0 1.000000
0  -15.877500 127.570465 11.759474  0.059491 0.977339 -0.203149  0.601581 0.302713 1 0 1.000000
0  -16.284899 127.493393 11.660378  -0.032598 0.951297 -0.306548  0.601581 0.302713 1 0 1.000000
blackplastic
0  -15.899521 127.405304 11.308034  -0.014988 0.942392 -0.334175  0.601581 0.302713 1 0 1.000000
0  -16.284899 127.493393 11.660378  -0.032598 0.951297 -0.306548  0.601581 0.302713 1 0 1.000000
0  -15.877500 127.570465 11.759474  0.059491 0.977339 -0.203149  0.601581 0.302713 1 0 1.000000
blackplastic
0  -15.679306 127.515411 11.561281  0.059286 0.977395 -0.202940  0.601581 0.302713 1 0 1.000000
0  -15.899521 127.405304 11.308034  -0.014988 0.942392 -0.334175  0.601581 0.302713 1 0 1.000000
0  -15.877500 127.570465 11.759474  0.059491 0.977339 -0.203149  0.601581 0.302713 1 0 1.000000
blackplastic
0  -15.899521 127.405304 11.308034  -0.014988 0.942392 -0.334175  0.601581 0.302713 1 0 1.000000
0  -15.679306 127.515411 11.561281  0.059286 0.977395 -0.202940  0.601581 0.302713 1 0 1.000000
0  -13.223910 127.405304 11.297023  0.015222 0.942493 -0.333879  0.601581 0.302713 1 0 1.000000
blackplastic
0  -22.208675 128.484360 15.260891  -0.875316 0.224728 -0.428157  0.601581 0.302713 1 0 1.000000
0  -22.087557 128.561432 15.459085  -0.357890 0.294757 0.886021  0.601581 0.302713 1 0 1.000000
0  -22.043514 128.693558 15.260891  -0.034238 0.944199 -0.327592  0.601581 0.302713 1 0 1.000000
blackplastic
0  -22.021494 128.330200 15.382010  0.389039 -0.815699 0.428117  0.601581 0.302713 1 0 1.000000
0  -22.087557 128.561432 15.459085  -0.357890 0.294757 0.886021  0.601581 0.302713 1 0 1.000000
0  -22.208675 128.484360 15.260891  -0.875316 0.224728 -0.428157  0.601581 0.302713 1 0 1.000000
blackplastic
0  -22.142611 128.242126 15.238870  -0.721257 -0.239694 0.649873  0.601581 0.302713 1 0 1.000000
0  -22.021494 128.330200 15.382010  0.389039 -0.815699 0.428117  0.601581 0.302713 1 0 1.000000
0  -22.208675 128.484360 15.260891  -0.875316 0.224728 -0.428157  0.601581 0.302713 1 0 1.000000
blackplastic
0  -22.208675 128.484360 15.260891  -0.875316 0.224728 -0.428157  0.601581 0.302713 1 0 1.000000
0  -22.230698 128.286163 15.161795  -0.835430 0.236677 -0.496024  0.601581 0.302713 1 0 1.000000
0  -22.142611 128.242126 15.238870  -0.721257 -0.239694 0.649873  0.601581 0.302713 1 0 1.000000
blackplastic
0  -22.032503 128.121002 14.688333  -0.835398 0.236312 -0.496254  0.601581 0.302713 1 0 1.000000
0  -22.230698 128.286163 15.161795  -0.835430 0.236677 -0.496024  0.601581 0.302713 1 0 1.000000
0  -22.208675 128.484360 15.260891  -0.875316 0.224728 -0.428157  0.601581 0.302713 1 0 1.000000
blackplastic
0  -21.867342 128.154037 14.479129  -0.875294 0.224479 -0.428334  0.601581 0.302713 1 0 1.000000
0  -22.032503 128.121002 14.688333  -0.835398 0.236312 -0.496254  0.601581 0.302713 1 0 1.000000
0  -22.208675 128.484360 15.260891  -0.875316 0.224728 -0.428157  0.601581 0.302713 1 0 1.000000
blackplastic
0  -21.955429 128.076965 14.677322  -0.175142 -0.689511 -0.702780  0.601581 0.302713 1 0 1.000000
0  -22.032503 128.121002 14.688333  -0.835398 0.236312 -0.496254  0.601581 0.302713 1 0 1.000000
0  -21.867342 128.154037 14.479129  -0.875294 0.224479 -0.428334  0.601581 0.302713 1 0 1.000000
blackplastic
0  -21.768246 128.065948 14.545193  -0.334982 -0.926319 0.172397  0.601581 0.302713 1 0 1.000000
0  -21.955429 128.076965 14.677322  -0.175142 -0.689511 -0.702780  0.601581 0.302713 1 0 1.000000
0  -21.867342 128.154037 14.479129  -0.875294 0.224479 -0.428334  0.601581 0.302713 1 0 1.000000
blackplastic
0  -21.900375 128.065948 14.754397  0.354020 -0.867330 0.349870  0.601581 0.302713 1 0 1.000000
0  -21.955429 128.076965 14.677322  -0.175142 -0.689511 -0.702780  0.601581 0.302713 1 0 1.000000
0  -21.768246 128.065948 14.545193  -0.334982 -0.926319 0.172397  0.601581 0.302713 1 0 1.000000
blackplastic
0  -21.636118 128.087967 14.600246  0.389058 -0.815677 0.428142  0.601581 0.302713 1 0 1.000000
0  -21.900375 128.065948 14.754397  0.354020 -0.867330 0.349870  0.601581 0.302713 1 0 1.000000
0  -21.768246 128.065948 14.545193  -0.334982 -0.926319 0.172397  0.601581 0.302713 1 0 1.000000
blackplastic
0  -21.900375 128.065948 14.754397  0.354048 -0.867330 0.349841  0.601581 0.302713 1 0 1.000000
0  -21.636118 128.087967 14.600246  0.389108 -0.815649 0.428150  0.601581 0.302713 1 0 1.000000
0  -22.021494 128.330200 15.382010  0.389039 -0.815699 0.428117  0.601581 0.302713 1 0 1.000000
blackplastic
0  -21.856333 128.539413 15.382010  0.933116 0.147968 0.327719  0.601581 0.302713 1 0 1.000000
0  -22.021494 128.330200 15.382010  0.389039 -0.815699 0.428117  0.601581 0.302713 1 0 1.000000
0  -21.636118 128.087967 14.600246  0.389108 -0.815649 0.428150  0.601581 0.302713 1 0 1.000000
blackplastic
0  -21.856333 128.539413 15.382010  0.933116 0.147968 0.327719  0.601581 0.302713 1 0 1.000000
0  -22.087557 128.561432 15.459085  -0.357890 0.294757 0.886021  0.601581 0.302713 1 0 1.000000
0  -22.021494 128.330200 15.382010  0.389039 -0.815699 0.428117  0.601581 0.302713 1 0 1.000000
blackplastic
0  -22.043514 128.693558 15.260891  -0.034238 0.944199 -0.327592  0.601581 0.302713 1 0 1.000000
0  -22.087557 128.561432 15.459085  -0.357890 0.294757 0.886021  0.601581 0.302713 1 0 1.000000
0  -21.856333 128.539413 15.382010  0.933116 0.147968 0.327719  0.601581 0.302713 1 0 1.000000
blackplastic
0  -22.043514 128.693558 15.260891  -0.034238 0.944199 -0.327592  0.601581 0.302713 1 0 1.000000
0  -21.856333 128.539413 15.382010  0.933116 0.147968 0.327719  0.601581 0.302713 1 0 1.000000
0  -21.548033 128.341217 14.545193  0.933151 0.147609 0.327783  0.601581 0.302713 1 0 1.000000
blackplastic
0  -21.779259 128.396271 14.435085  -0.034475 0.944142 -0.327732  0.601581 0.302713 1 0 1.000000
0  -22.043514 128.693558 15.260891  -0.034238 0.944199 -0.327592  0.601581 0.302713 1 0 1.000000
0  -21.548033 128.341217 14.545193  0.933151 0.147609 0.327783  0.601581 0.302713 1 0 1.000000
blackplastic
0  -22.208675 128.484360 15.260891  -0.875316 0.224728 -0.428157  0.601581 0.302713 1 0 1.000000
0  -22.043514 128.693558 15.260891  -0.034238 0.944199 -0.327592  0.601581 0.302713 1 0 1.000000
0  -21.779259 128.396271 14.435085  -0.034475 0.944142 -0.327732  0.601581 0.302713 1 0 1.000000
blackplastic
0  -21.867342 128.154037 14.479129  -0.875294 0.224479 -0.428334  0.601581 0.302713 1 0 1.000000
0  -22.208675 128.484360 15.260891  -0.875316 0.224728 -0.428157  0.601581 0.302713 1 0 1.000000
0  -21.779259 128.396271 14.435085  -0.034475 0.944142 -0.327732  0.601581 0.302713 1 0 1.000000
blackplastic
0  -21.548033 128.341217 14.545193  0.933151 0.147609 0.327783  0.601581 0.302713 1 0 1.000000
0  -21.856333 128.539413 15.382010  0.933116 0.147968 0.327719  0.601581 0.302713 1 0 1.000000
0  -21.636118 128.087967 14.600246  0.389108 -0.815649 0.428150  0.601581 0.302713 1 0 1.000000
blackplastic
0  -22.021494 128.330200 15.382010  0.388896 -0.815743 0.428163  0.601581 0.302713 1 0 1.000000
0  -22.142611 128.242126 15.238870  0.302457 -0.824896 0.477562  0.601581 0.302713 1 0 1.000000
0  -21.900375 128.065948 14.754397  0.353953 -0.867364 0.349853  0.601581 0.302713 1 0 1.000000
blackplastic
0  14.005657 125.093048 18.740282  -0.000003 -0.028213 0.999602  0.601581 0.302713 1 0 1.000000
0  13.554216 123.606598 18.696239  -0.000060 -0.028396 0.999597  0.601581 0.302713 1 0 1.000000
0  15.073699 123.958939 18.707251  -0.000060 -0.028396 0.999597  0.601581 0.302713 1 0 1.000000
blackplastic
0  -17.518101 131.204010 11.120852  1.000000 -0.000008 0.000009  0.601581 0.302713 1 0 1.000000
0  -17.518101 131.534332 11.605324  1.000000 0.000011 -0.000004  0.601581 0.302713 1 0 1.000000
0  -17.529112 130.983795 11.792506  1.000000 -0.000024 0.000010  0.601581 0.302713 1 0 1.000000
blackplastic
0  -17.518101 131.534332 11.605324  1.000000 0.000011 -0.000004  0.601581 0.302713 1 0 1.000000
0  -17.518101 131.567368 12.188893  1.000000 -0.000011 -0.000003  0.601581 0.302713 1 0 1.000000
0  -17.529112 130.983795 11.792506  1.000000 -0.000024 0.000010  0.601581 0.302713 1 0 1.000000
blackplastic
0  -17.529112 130.950760 12.210915  1.000000 -0.000012 -0.000001  0.601581 0.302713 1 0 1.000000
0  -17.529112 130.983795 11.792506  1.000000 -0.000024 0.000010  0.601581 0.302713 1 0 1.000000
0  -17.518101 131.567368 12.188893  1.000000 -0.000011 -0.000003  0.601581 0.302713 1 0 1.000000
blackplastic
0  -17.529112 130.950760 12.210915  1.000000 -0.000012 -0.000001  0.601581 0.302713 1 0 1.000000
0  -17.518101 131.567368 12.188893  1.000000 -0.000011 -0.000003  0.601581 0.302713 1 0 1.000000
0  -17.518101 131.314117 12.706398  1.000000 0.000012 0.000012  0.601581 0.302713 1 0 1.000000
blackplastic
0  -17.518101 131.314117 12.706398  1.000000 0.000012 0.000012  0.601581 0.302713 1 0 1.000000
0  -17.529112 130.642456 12.475172  1.000000 -0.000002 -0.000007  0.601581 0.302713 1 0 1.000000
0  -17.529112 130.950760 12.210915  1.000000 -0.000012 -0.000001  0.601581 0.302713 1 0 1.000000
blackplastic
0  -17.518101 129.860703 13.356032  1.000000 -0.000003 0.000096  0.601581 0.302713 1 0 1.000000
0  -17.529112 130.642456 12.475172  1.000000 -0.000002 -0.000007  0.601581 0.302713 1 0 1.000000
0  -17.518101 131.314117 12.706398  1.000000 0.000012 0.000012  0.601581 0.302713 1 0 1.000000
blackplastic
0  -17.529112 130.235062 12.453151  1.000000 0.000015 -0.000024  0.601581 0.302713 1 0 1.000000
0  -17.529112 130.642456 12.475172  1.000000 -0.000002 -0.000007  0.601581 0.302713 1 0 1.000000
0  -17.518101 129.860703 13.356032  1.000000 -0.000003 0.000096  0.601581 0.302713 1 0 1.000000
blackplastic
0  -17.518101 129.860703 13.356032  1.000000 -0.000003 0.000096  0.601581 0.302713 1 0 1.000000
0  -17.518101 129.761597 13.047731  1.000000 0.000016 -0.000010  0.601581 0.302713 1 0 1.000000
0  -17.529112 130.235062 12.453151  1.000000 0.000015 -0.000024  0.601581 0.302713 1 0 1.000000
blackplastic
0  -17.529112 129.959793 12.144850  1.000000 0.000093 -0.000000  0.601581 0.302713 1 0 1.000000
0  -17.529112 130.235062 12.453151  1.000000 0.000015 -0.000024  0.601581 0.302713 1 0 1.000000
0  -17.518101 129.761597 13.047731  1.000000 0.000016 -0.000010  0.601581 0.302713 1 0 1.000000
blackplastic
0  -17.518101 129.761597 13.047731  1.000000 0.000016 -0.000010  0.601581 0.302713 1 0 1.000000
0  -17.518101 129.442291 12.992678  1.000000 0.000012 -0.000024  0.601581 0.302713 1 0 1.000000
0  -17.529112 129.959793 12.144850  1.000000 0.000093 -0.000000  0.601581 0.302713 1 0 1.000000
blackplastic
0  -17.529112 129.981812 11.726442  1.000000 0.000019 -0.000002  0.601581 0.302713 1 0 1.000000
0  -17.529112 129.959793 12.144850  1.000000 0.000093 -0.000000  0.601581 0.302713 1 0 1.000000
0  -17.518101 129.442291 12.992678  1.000000 0.000012 -0.000024  0.601581 0.302713 1 0 1.000000
blackplastic
0  -17.518101 129.442291 12.992678  1.000000 0.000012 -0.000024  0.601581 0.302713 1 0 1.000000
0  -17.518101 127.130035 10.680422  1.000000 -0.000045 -0.000018  0.601581 0.302713 1 0 1.000000
0  -17.529112 129.981812 11.726442  1.000000 0.000019 -0.000002  0.601581 0.302713 1 0 1.000000
blackplastic
0  -17.518101 127.130035 10.680422  1.000000 -0.000045 -0.000018  0.601581 0.302713 1 0 1.000000
0  -17.529112 130.290115 11.462184  1.000000 -0.000000 -0.000004  0.601581 0.302713 1 0 1.000000
0  -17.529112 129.981812 11.726442  1.000000 0.000019 -0.000002  0.601581 0.302713 1 0 1.000000
blackplastic
0  -17.518101 130.686508 10.867604  1.000000 -0.000005 0.000028  0.601581 0.302713 1 0 1.000000
0  -17.529112 130.290115 11.462184  1.000000 -0.000000 -0.000004  0.601581 0.302713 1 0 1.000000
0  -17.518101 127.130035 10.680422  1.000000 -0.000045 -0.000018  0.601581 0.302713 1 0 1.000000
blackplastic
0  -17.529112 130.708527 11.484205  1.000000 0.000007 -0.000010  0.601581 0.302713 1 0 1.000000
0  -17.529112 130.290115 11.462184  1.000000 -0.000000 -0.000004  0.601581 0.302713 1 0 1.000000
0  -17.518101 130.686508 10.867604  1.000000 -0.000005 0.000028  0.601581 0.302713 1 0 1.000000
blackplastic
0  -17.518101 131.204010 11.120852  1.000000 -0.000008 0.000009  0.601581 0.302713 1 0 1.000000
0  -17.529112 130.708527 11.484205  1.000000 0.000007 -0.000010  0.601581 0.302713 1 0 1.000000
0  -17.518101 130.686508 10.867604  1.000000 -0.000005 0.000028  0.601581 0.302713 1 0 1.000000
blackplastic
0  -17.529112 130.983795 11.792506  1.000000 -0.000024 0.000010  0.601581 0.302713 1 0 1.000000
0  -17.529112 130.708527 11.484205  1.000000 0.000007 -0.000010  0.601581 0.302713 1 0 1.000000
0  -17.518101 131.204010 11.120852  1.000000 -0.000008 0.000009  0.601581 0.302713 1 0 1.000000
blackplastic
0  -17.518101 129.860703 13.356032  1.000000 -0.000003 0.000096  0.601581 0.302713 1 0 1.000000
0  -17.518101 131.314117 12.706398  1.000000 0.000012 0.000012  0.601581 0.302713 1 0 1.000000
0  -17.518101 129.651489 13.587257  1.000000 0.000000 -0.000002  0.601581 0.302713 1 0 1.000000
blackplastic
0  -17.518101 129.651489 13.587257  1.000000 0.000000 -0.000002  0.601581 0.302713 1 0 1.000000
0  -17.518101 131.314117 12.706398  1.000000 0.000012 0.000012  0.601581 0.302713 1 0 1.000000
0  -17.518099 128.561432 15.007644  1.000000 -0.000001 -0.000001  0.601581 0.302713 1 0 1.000000
blackplastic
0  -17.518101 129.343201 13.532204  1.000000 -0.000005 -0.000001  0.601581 0.302713 1 0 1.000000
0  -17.518101 129.651489 13.587257  1.000000 0.000000 -0.000002  0.601581 0.302713 1 0 1.000000
0  -17.518099 128.561432 15.007644  1.000000 -0.000001 -0.000001  0.601581 0.302713 1 0 1.000000
blackplastic
0  -17.518101 129.233093 13.223903  1.000000 -0.000002 -0.000001  0.601581 0.302713 1 0 1.000000
0  -17.518101 129.343201 13.532204  1.000000 -0.000005 -0.000001  0.601581 0.302713 1 0 1.000000
0  -17.518099 128.561432 15.007644  1.000000 -0.000001 -0.000001  0.601581 0.302713 1 0 1.000000
blackplastic
0  -17.518099 128.561432 15.007644  1.000000 -0.000001 -0.000001  0.601581 0.302713 1 0 1.000000
0  -17.518101 127.130035 10.680422  1.000000 0.000000 -0.000001  0.601581 0.302713 1 0 1.000000
0  -17.518101 129.233093 13.223903  1.000000 -0.000002 -0.000001  0.601581 0.302713 1 0 1.000000
blackplastic
0  -17.518101 129.442291 12.992678  1.000000 0.000012 -0.000024  0.601581 0.302713 1 0 1.000000
0  -17.518101 129.233093 13.223903  1.000000 0.000000 0.000000  0.601581 0.302713 1 0 1.000000
0  -17.518101 127.130035 10.680422  1.000000 -0.000045 -0.000018  0.601581 0.302713 1 0 1.000000
blackplastic
0  -17.518101 127.130035 10.680422  -0.000000 0.053756 -0.998554  0.601581 0.302713 1 0 1.000000
0  -18.597155 127.130035 10.680422  0.000000 0.053660 -0.998559  0.601581 0.302713 1 0 1.000000
0  -18.597155 130.686508 10.867604  0.000188 0.074672 -0.997208  0.601581 0.302713 1 0 1.000000
blackplastic
0  -18.597155 130.686508 10.867604  0.000188 0.074672 -0.997208  0.601581 0.302713 1 0 1.000000
0  -17.518101 130.686508 10.867604  0.000000 0.074682 -0.997207  0.601581 0.302713 1 0 1.000000
0  -17.518101 127.130035 10.680422  -0.000000 0.053756 -0.998554  0.601581 0.302713 1 0 1.000000
blackplastic
0  -18.597155 130.686508 10.867604  0.000188 0.074672 -0.997208  0.601581 0.302713 1 0 1.000000
0  -18.597155 131.204010 11.120852  0.000000 0.657346 -0.753589  0.601581 0.302713 1 0 1.000000
0  -17.518101 130.686508 10.867604  0.000000 0.074682 -0.997207  0.601581 0.302713 1 0 1.000000
blackplastic
0  -18.597155 131.204010 11.120852  0.000000 0.657346 -0.753589  0.601581 0.302713 1 0 1.000000
0  -17.518101 131.204010 11.120852  0.000000 0.657328 -0.753605  0.601581 0.302713 1 0 1.000000
0  -17.518101 130.686508 10.867604  0.000000 0.074682 -0.997207  0.601581 0.302713 1 0 1.000000
blackplastic
0  -18.597155 131.204010 11.120852  0.000000 0.657346 -0.753589  0.601581 0.302713 1 0 1.000000
0  -18.597155 131.534332 11.605324  -0.000000 0.946156 -0.323711  0.601581 0.302713 1 0 1.000000
0  -17.518101 131.204010 11.120852  0.000000 0.657328 -0.753605  0.601581 0.302713 1 0 1.000000
blackplastic
0  -18.597155 131.534332 11.605324  -0.000000 0.946156 -0.323711  0.601581 0.302713 1 0 1.000000
0  -17.518101 131.534332 11.605324  0.000000 0.946137 -0.323768  0.601581 0.302713 1 0 1.000000
0  -17.518101 131.204010 11.120852  0.000000 0.657328 -0.753605  0.601581 0.302713 1 0 1.000000
blackplastic
0  -17.518101 131.567368 12.188893  0.000000 0.981297 0.192500  0.601581 0.302713 1 0 1.000000
0  -17.518101 131.534332 11.605324  0.000000 0.946137 -0.323768  0.601581 0.302713 1 0 1.000000
0  -18.597155 131.534332 11.605324  -0.000000 0.946156 -0.323711  0.601581 0.302713 1 0 1.000000
blackplastic
0  -18.597155 131.534332 11.605324  -0.000000 0.946156 -0.323711  0.601581 0.302713 1 0 1.000000
0  -18.597155 131.567368 12.188893  -0.000000 0.981307 0.192449  0.601581 0.302713 1 0 1.000000
0  -17.518101 131.567368 12.188893  0.000000 0.981297 0.192500  0.601581 0.302713 1 0 1.000000
blackplastic
0  -17.518101 131.314117 12.706398  0.000090 0.658004 0.753015  0.601581 0.302713 1 0 1.000000
0  -17.518101 131.567368 12.188893  0.000000 0.981297 0.192500  0.601581 0.302713 1 0 1.000000
0  -18.597155 131.567368 12.188893  -0.000000 0.981307 0.192449  0.601581 0.302713 1 0 1.000000
blackplastic
0  -18.597155 131.567368 12.188893  -0.000000 0.981307 0.192449  0.601581 0.302713 1 0 1.000000
0  -18.597155 131.314117 12.706398  0.000013 0.658008 0.753011  0.601581 0.302713 1 0 1.000000
0  -17.518101 131.314117 12.706398  0.000090 0.658004 0.753015  0.601581 0.302713 1 0 1.000000
blackplastic
0  -17.518099 128.561432 15.007644  -0.000000 0.641908 0.766782  0.601581 0.302713 1 0 1.000000
0  -17.518101 131.314117 12.706398  0.000090 0.658004 0.753015  0.601581 0.302713 1 0 1.000000
0  -18.597155 131.314117 12.706398  0.000013 0.658008 0.753011  0.601581 0.302713 1 0 1.000000
blackplastic
0  -18.597153 128.561432 15.007644  0.000000 0.641390 0.767215  0.601581 0.302713 1 0 1.000000
0  -17.518099 128.561432 15.007644  -0.000000 0.641758 0.766907  0.601581 0.302713 1 0 1.000000
0  -18.597155 131.314117 12.706398  -0.000001 0.657934 0.753075  0.601581 0.302713 1 0 1.000000
blackplastic
0  14.864495 123.837822 18.707251  -0.000041 -0.028520 0.999593  0.601581 0.302713 1 0 1.000000
0  14.413054 122.351372 18.663206  -0.000041 -0.028520 0.999593  0.601581 0.302713 1 0 1.000000
0  15.932537 122.714729 18.674217  -0.000041 -0.028520 0.999593  0.601581 0.302713 1 0 1.000000
blackplastic
0  -35.575718 122.483505 14.347001  -0.657568 0.182374 -0.730988  0.601581 0.302713 1 0 1.000000
0  -34.551720 121.382431 13.179862  -0.634891 0.210549 -0.743359  0.601581 0.302713 1 0 1.000000
0  -36.159286 115.645828 13.190873  -0.657725 0.182393 -0.730842  0.601581 0.302713 1 0 1.000000
blackplastic
0  -35.190342 115.612801 12.265970  -0.657785 0.182292 -0.730813  0.601581 0.302713 1 0 1.000000
0  -36.159286 115.645828 13.190873  -0.657725 0.182393 -0.730842  0.601581 0.302713 1 0 1.000000
0  -34.551720 121.382431 13.179862  -0.634891 0.210549 -0.743359  0.601581 0.302713 1 0 1.000000
blackplastic
0  -34.551720 121.382431 13.179862  -0.634891 0.210549 -0.743359  0.601581 0.302713 1 0 1.000000
0  -33.858040 120.149223 12.221928  -0.627101 0.210393 -0.749986  0.601581 0.302713 1 0 1.000000
0  -35.190342 115.612801 12.265970  -0.657785 0.182292 -0.730813  0.601581 0.302713 1 0 1.000000
blackplastic
0  -33.858040 120.149223 12.221928  -0.627101 0.210393 -0.749986  0.601581 0.302713 1 0 1.000000
0  -33.417610 118.552666 11.396122  -0.636205 0.197273 -0.745873  0.601581 0.302713 1 0 1.000000
0  -35.190342 115.612801 12.265970  -0.657785 0.182292 -0.730813  0.601581 0.302713 1 0 1.000000
blackplastic
0  -33.417610 118.552666 11.396122  -0.636205 0.197273 -0.745873  0.601581 0.302713 1 0 1.000000
0  -34.111290 115.502693 11.241971  -0.657915 0.182195 -0.730720  0.601581 0.302713 1 0 1.000000
0  -35.190342 115.612801 12.265970  -0.657785 0.182292 -0.730813  0.601581 0.302713 1 0 1.000000
blackplastic
0  -33.417610 118.552666 11.396122  -0.636205 0.197273 -0.745873  0.601581 0.302713 1 0 1.000000
0  -33.208408 116.978134 10.812552  -0.627441 0.192487 -0.754498  0.601581 0.302713 1 0 1.000000
0  -34.111290 115.502693 11.241971  -0.657915 0.182195 -0.730720  0.601581 0.302713 1 0 1.000000
blackplastic
0  -33.208408 116.978134 10.812552  -0.627441 0.192487 -0.754498  0.601581 0.302713 1 0 1.000000
0  -33.626816 115.579765 10.823563  -0.658897 0.182612 -0.729732  0.601581 0.302713 1 0 1.000000
0  -34.111290 115.502693 11.241971  -0.657915 0.182195 -0.730720  0.601581 0.302713 1 0 1.000000
blackplastic
0  -33.186386 115.755936 10.482230  -0.662014 0.183617 -0.726651  0.601581 0.302713 1 0 1.000000
0  -33.626816 115.579765 10.823563  -0.658897 0.182612 -0.729732  0.601581 0.302713 1 0 1.000000
0  -33.208408 116.978134 10.812552  -0.627441 0.192487 -0.754498  0.601581 0.302713 1 0 1.000000
blackplastic
0  -34.111290 115.502693 11.241971  -0.657915 0.182195 -0.730720  0.601581 0.302713 1 0 1.000000
0  -35.179329 115.524712 12.210917  -0.658259 0.182032 -0.730451  0.601581 0.302713 1 0 1.000000
0  -35.190342 115.612801 12.265970  -0.657785 0.182292 -0.730813  0.601581 0.302713 1 0 1.000000
blackplastic
0  -35.190342 115.612801 12.265970  -0.559384 -0.613639 -0.557259  0.601581 0.302713 1 0 1.000000
0  -35.179329 115.524712 12.210917  -0.658282 0.181921 -0.730458  0.601581 0.302713 1 0 1.000000
0  -35.058212 115.480667 12.310013  0.012142 -0.998993 0.043188  0.601581 0.302713 1 0 1.000000
blackplastic
0  13.135808 123.848831 18.707251  -0.000017 -0.028330 0.999599  0.601581 0.302713 1 0 1.000000
0  12.695378 122.362381 18.663206  -0.000023 -0.028378 0.999597  0.601581 0.302713 1 0 1.000000
0  14.214861 122.725739 18.674217  -0.000023 -0.028378 0.999597  0.601581 0.302713 1 0 1.000000
blackplastic
0  11.946648 128.770630 16.196802  -0.908074 0.334984 0.251370  0.601581 0.302713 1 0 1.000000
0  10.151896 127.328232 11.770483  -0.914133 0.336912 0.225502  0.601581 0.302713 1 0 1.000000
0  8.258048 122.307327 11.627343  -0.914246 0.336986 0.224932  0.601581 0.302713 1 0 1.000000
blackplastic
0  11.693400 126.645561 18.244801  -0.906487 0.334558 0.257590  0.601581 0.302713 1 0 1.000000
0  11.946648 128.770630 16.196802  -0.908074 0.334984 0.251370  0.601581 0.302713 1 0 1.000000
0  8.258048 122.307327 11.627343  -0.914246 0.336986 0.224932  0.601581 0.302713 1 0 1.000000
blackplastic
0  8.258048 122.307327 11.627343  -0.914246 0.336986 0.224932  0.601581 0.302713 1 0 1.000000
0  9.986736 122.186211 18.090651  -0.906664 0.334649 0.256846  0.601581 0.302713 1 0 1.000000
0  11.693400 126.645561 18.244801  -0.906487 0.334558 0.257590  0.601581 0.302713 1 0 1.000000
blackplastic
0  11.484196 126.414337 18.442993  -0.000915 0.021129 -0.999776  0.601581 0.302713 1 0 1.000000
0  11.693400 126.645561 18.244801  -0.906487 0.334558 0.257590  0.601581 0.302713 1 0 1.000000
0  9.986736 122.186211 18.090651  -0.906664 0.334649 0.256846  0.601581 0.302713 1 0 1.000000
blackplastic
0  9.986736 122.186211 18.090651  -0.906664 0.334649 0.256846  0.601581 0.302713 1 0 1.000000
0  9.832585 122.219246 18.321877  0.000179 0.027348 -0.999626  0.601581 0.302713 1 0 1.000000
0  11.484196 126.414337 18.442993  -0.000915 0.021129 -0.999776  0.601581 0.302713 1 0 1.000000
blackplastic
0  16.571159 123.848831 18.707251  -0.000014 -0.028153 0.999604  0.601581 0.302713 1 0 1.000000
0  16.119720 122.351372 18.663206  -0.000023 -0.028200 0.999602  0.601581 0.302713 1 0 1.000000
0  17.639202 122.714729 18.674217  0.000003 -0.028058 0.999606  0.601581 0.302713 1 0 1.000000
blackplastic
0  15.899504 128.407288 14.346997  0.012783 0.535256 0.844593  0.601581 0.302713 1 0 1.000000
0  13.234904 128.407288 14.346997  -0.011040 0.535113 0.844708  0.601581 0.302713 1 0 1.000000
0  13.212883 128.176056 14.512158  -0.011165 0.535136 0.844692  0.601581 0.302713 1 0 1.000000
blackplastic
0  13.212883 128.176056 14.512158  -0.011165 0.535136 0.844692  0.601581 0.302713 1 0 1.000000
0  13.234904 128.407288 14.346997  -0.011040 0.535113 0.844708  0.601581 0.302713 1 0 1.000000
0  12.838517 128.264145 13.961621  -0.974141 0.224783 0.022857  0.601581 0.302713 1 0 1.000000
blackplastic
0  12.838517 128.264145 13.961621  -0.974141 0.224783 0.022857  0.601581 0.302713 1 0 1.000000
0  12.761442 128.010895 14.071729  -0.974052 0.225093 0.023557  0.601581 0.302713 1 0 1.000000
0  13.212883 128.176056 14.512158  -0.011165 0.535136 0.844692  0.601581 0.302713 1 0 1.000000
blackplastic
0  12.761442 128.010895 14.071729  -0.974052 0.225093 0.023557  0.601581 0.302713 1 0 1.000000
0  12.838517 128.264145 13.961621  -0.974141 0.224783 0.022857  0.601581 0.302713 1 0 1.000000
0  12.838517 127.504402 11.671387  -0.974060 0.165973 -0.153820  0.601581 0.302713 1 0 1.000000
blackplastic
0  12.838517 127.504402 11.671387  -0.974060 0.165973 -0.153820  0.601581 0.302713 1 0 1.000000
0  12.761442 127.240143 11.748462  -0.973998 0.165781 -0.154419  0.601581 0.302713 1 0 1.000000
0  12.761442 128.010895 14.071729  -0.974052 0.225093 0.023557  0.601581 0.302713 1 0 1.000000
blackplastic
0  13.212883 127.108017 11.308032  -0.008907 -0.076355 -0.997041  0.601581 0.302713 1 0 1.000000
0  12.761442 127.240143 11.748462  -0.973998 0.165781 -0.154419  0.601581 0.302713 1 0 1.000000
0  12.838517 127.504402 11.671387  -0.974060 0.165973 -0.153820  0.601581 0.302713 1 0 1.000000
blackplastic
0  13.223893 127.405304 11.297021  -0.008903 -0.076443 -0.997034  0.601581 0.302713 1 0 1.000000
0  13.212883 127.108017 11.308032  -0.008907 -0.076355 -0.997041  0.601581 0.302713 1 0 1.000000
0  12.838517 127.504402 11.671387  -0.974060 0.165973 -0.153820  0.601581 0.302713 1 0 1.000000
blackplastic
0  15.921525 127.108017 11.308032  0.008391 -0.076193 -0.997058  0.601581 0.302713 1 0 1.000000
0  13.212883 127.108017 11.308032  -0.008907 -0.076355 -0.997041  0.601581 0.302713 1 0 1.000000
0  13.223893 127.405304 11.297021  -0.008903 -0.076443 -0.997034  0.601581 0.302713 1 0 1.000000
blackplastic
0  13.223893 127.405304 11.297021  -0.008903 -0.076443 -0.997034  0.601581 0.302713 1 0 1.000000
0  15.899504 127.405304 11.308032  0.008397 -0.076212 -0.997056  0.601581 0.302713 1 0 1.000000
0  15.921525 127.108017 11.308032  0.008391 -0.076193 -0.997058  0.601581 0.302713 1 0 1.000000
blackplastic
0  15.921525 127.108017 11.308032  0.008391 -0.076193 -0.997058  0.601581 0.302713 1 0 1.000000
0  15.899504 127.405304 11.308032  0.008397 -0.076212 -0.997056  0.601581 0.302713 1 0 1.000000
0  16.284880 127.493393 11.660376  0.972331 0.162318 -0.168004  0.601581 0.302713 1 0 1.000000
blackplastic
0  16.284880 127.493393 11.660376  0.972331 0.162318 -0.168004  0.601581 0.302713 1 0 1.000000
0  16.372965 127.229134 11.726440  0.972211 0.162135 -0.168873  0.601581 0.302713 1 0 1.000000
0  15.921525 127.108017 11.308032  0.008391 -0.076193 -0.997058  0.601581 0.302713 1 0 1.000000
blackplastic
0  16.372965 127.229134 11.726440  0.972211 0.162135 -0.168873  0.601581 0.302713 1 0 1.000000
0  16.284880 127.493393 11.660376  0.972331 0.162318 -0.168004  0.601581 0.302713 1 0 1.000000
0  16.273869 128.297180 14.060718  0.949484 0.272576 0.155509  0.601581 0.302713 1 0 1.000000
blackplastic
0  16.273869 128.297180 14.060718  0.949484 0.272576 0.155509  0.601581 0.302713 1 0 1.000000
0  16.350943 128.043930 14.170825  0.949102 0.273096 0.156921  0.601581 0.302713 1 0 1.000000
0  16.372965 127.229134 11.726440  0.972211 0.162135 -0.168873  0.601581 0.302713 1 0 1.000000
blackplastic
0  15.921525 128.176056 14.512158  0.012723 0.535259 0.844592  0.601581 0.302713 1 0 1.000000
0  16.350943 128.043930 14.170825  0.949102 0.273096 0.156921  0.601581 0.302713 1 0 1.000000
0  16.273869 128.297180 14.060718  0.949484 0.272576 0.155509  0.601581 0.302713 1 0 1.000000
blackplastic
0  15.899504 128.407288 14.346997  0.012783 0.535256 0.844593  0.601581 0.302713 1 0 1.000000
0  15.921525 128.176056 14.512158  0.012723 0.535259 0.844592  0.601581 0.302713 1 0 1.000000
0  16.273869 128.297180 14.060718  0.949484 0.272576 0.155509  0.601581 0.302713 1 0 1.000000
blackplastic
0  13.212883 128.176056 14.512158  -0.011165 0.535136 0.844692  0.601581 0.302713 1 0 1.000000
0  15.921525 128.176056 14.512158  0.012723 0.535259 0.844592  0.601581 0.302713 1 0 1.000000
0  15.899504 128.407288 14.346997  0.012783 0.535256 0.844593  0.601581 0.302713 1 0 1.000000
blackplastic
0  10.118864 125.082039 15.172803  -0.437610 0.613202 -0.657633  0.601581 0.302713 1 0 1.000000
0  10.273014 125.291245 15.470093  -0.168178 0.975403 -0.142493  0.601581 0.302713 1 0 1.000000
0  10.438175 125.225174 15.426049  0.644214 0.676481 -0.356877  0.601581 0.302713 1 0 1.000000
blackplastic
0  10.273014 125.291245 15.470093  -0.168178 0.975403 -0.142493  0.601581 0.302713 1 0 1.000000
0  10.350090 125.225174 15.855469  -0.037988 0.853808 0.519201  0.601581 0.302713 1 0 1.000000
0  10.438175 125.225174 15.426049  0.644214 0.676481 -0.356877  0.601581 0.302713 1 0 1.000000
blackplastic
0  10.350090 125.225174 15.855469  -0.037988 0.853808 0.519201  0.601581 0.302713 1 0 1.000000
0  10.515251 125.159111 15.811425  0.774285 0.554816 0.304403  0.601581 0.302713 1 0 1.000000
0  10.438175 125.225174 15.426049  0.644214 0.676481 -0.356877  0.601581 0.302713 1 0 1.000000
blackplastic
0  10.460197 124.850815 16.053663  0.688649 0.020589 0.724802  0.601581 0.302713 1 0 1.000000
0  10.515251 125.159111 15.811425  0.774285 0.554816 0.304403  0.601581 0.302713 1 0 1.000000
0  10.350090 125.225174 15.855469  -0.037988 0.853808 0.519201  0.601581 0.302713 1 0 1.000000
blackplastic
0  10.350090 125.225174 15.855469  -0.037988 0.853808 0.519201  0.601581 0.302713 1 0 1.000000
0  10.306046 124.916878 16.086695  -0.123593 0.319640 0.939444  0.601581 0.302713 1 0 1.000000
0  10.460197 124.850815 16.053663  0.688649 0.020589 0.724802  0.601581 0.302713 1 0 1.000000
blackplastic
0  10.306046 124.916878 16.086695  -0.123593 0.319640 0.939444  0.601581 0.302713 1 0 1.000000
0  10.151896 124.553520 16.053663  -0.374794 -0.314308 0.872204  0.601581 0.302713 1 0 1.000000
0  10.460197 124.850815 16.053663  0.688649 0.020589 0.724802  0.601581 0.302713 1 0 1.000000
blackplastic
0  10.151896 124.553520 16.053663  -0.374794 -0.314308 0.872204  0.601581 0.302713 1 0 1.000000
0  10.317058 124.487457 16.009621  0.437677 -0.613180 0.657608  0.601581 0.302713 1 0 1.000000
0  10.460197 124.850815 16.053663  0.688649 0.020589 0.724802  0.601581 0.302713 1 0 1.000000
blackplastic
0  10.162907 124.289261 15.712329  0.168139 -0.975412 0.142481  0.601581 0.302713 1 0 1.000000
0  10.317058 124.487457 16.009621  0.437677 -0.613180 0.657608  0.601581 0.302713 1 0 1.000000
0  10.151896 124.553520 16.053663  -0.374794 -0.314308 0.872204  0.601581 0.302713 1 0 1.000000
blackplastic
0  10.151896 124.553520 16.053663  -0.374794 -0.314308 0.872204  0.601581 0.302713 1 0 1.000000
0  9.997746 124.344315 15.756371  -0.644336 -0.676327 0.356950  0.601581 0.302713 1 0 1.000000
0  10.162907 124.289261 15.712329  0.168139 -0.975412 0.142481  0.601581 0.302713 1 0 1.000000
blackplastic
0  9.997746 124.344315 15.756371  -0.644336 -0.676327 0.356950  0.601581 0.302713 1 0 1.000000
0  9.931682 124.410385 15.382007  -0.774325 -0.554667 -0.304574  0.601581 0.302713 1 0 1.000000
0  10.162907 124.289261 15.712329  0.168139 -0.975412 0.142481  0.601581 0.302713 1 0 1.000000
blackplastic
0  9.931682 124.410385 15.382007  -0.774325 -0.554667 -0.304574  0.601581 0.302713 1 0 1.000000
0  10.096843 124.355331 15.337964  0.038047 -0.853814 -0.519187  0.601581 0.302713 1 0 1.000000
0  10.162907 124.289261 15.712329  0.168139 -0.975412 0.142481  0.601581 0.302713 1 0 1.000000
blackplastic
0  10.140885 124.663628 15.095727  0.123704 -0.319501 -0.939477  0.601581 0.302713 1 0 1.000000
0  10.096843 124.355331 15.337964  0.038047 -0.853814 -0.519187  0.601581 0.302713 1 0 1.000000
0  9.931682 124.410385 15.382007  -0.774325 -0.554667 -0.304574  0.601581 0.302713 1 0 1.000000
blackplastic
0  9.931682 124.410385 15.382007  -0.774325 -0.554667 -0.304574  0.601581 0.302713 1 0 1.000000
0  9.975724 124.718681 15.139771  -0.688653 -0.020508 -0.724801  0.601581 0.302713 1 0 1.000000
0  10.140885 124.663628 15.095727  0.123704 -0.319501 -0.939477  0.601581 0.302713 1 0 1.000000
blackplastic
0  10.284025 125.026985 15.128759  0.374657 0.314179 -0.872310  0.601581 0.302713 1 0 1.000000
0  10.140885 124.663628 15.095727  0.123704 -0.319501 -0.939477  0.601581 0.302713 1 0 1.000000
0  9.975724 124.718681 15.139771  -0.688653 -0.020508 -0.724801  0.601581 0.302713 1 0 1.000000
blackplastic
0  9.975724 124.718681 15.139771  -0.688653 -0.020508 -0.724801  0.601581 0.302713 1 0 1.000000
0  10.118864 125.082039 15.172803  -0.437610 0.613202 -0.657633  0.601581 0.302713 1 0 1.000000
0  10.284025 125.026985 15.128759  0.374657 0.314179 -0.872310  0.601581 0.302713 1 0 1.000000
blackplastic
0  10.438175 125.225174 15.426049  0.644214 0.676481 -0.356877  0.601581 0.302713 1 0 1.000000
0  10.284025 125.026985 15.128759  0.374657 0.314179 -0.872310  0.601581 0.302713 1 0 1.000000
0  10.118864 125.082039 15.172803  -0.437610 0.613202 -0.657633  0.601581 0.302713 1 0 1.000000
blackplastic
0  -11.396128 126.513435 18.586134  0.996379 0.061822 -0.058363  0.601581 0.302713 1 0 1.000000
0  -11.396128 126.447372 18.409962  0.996387 0.061704 -0.058361  0.601581 0.302713 1 0 1.000000
0  -11.682406 128.891754 16.394997  0.996392 0.061843 -0.058126  0.601581 0.302713 1 0 1.000000
blackplastic
0  -11.396128 126.447372 18.409962  0.996387 0.061704 -0.058361  0.601581 0.302713 1 0 1.000000
0  -11.660385 128.770630 16.196802  0.938921 0.108509 0.326577  0.601581 0.302713 1 0 1.000000
0  -11.682406 128.891754 16.394997  0.996392 0.061843 -0.058126  0.601581 0.302713 1 0 1.000000
blackplastic
0  -11.682406 128.891754 16.394997  0.996392 0.061843 -0.058126  0.601581 0.302713 1 0 1.000000
0  -11.660385 128.770630 16.196802  0.938921 0.108509 0.326577  0.601581 0.302713 1 0 1.000000
0  -11.638364 128.968826 16.086695  0.938846 0.108519 0.326791  0.601581 0.302713 1 0 1.000000
blackplastic
0  -11.638364 128.968826 16.086695  0.938846 0.108519 0.326791  0.601581 0.302713 1 0 1.000000
0  -11.660385 128.770630 16.196802  0.938921 0.108509 0.326577  0.601581 0.302713 1 0 1.000000
0  -10.173935 127.515411 12.343043  0.935854 0.110791 0.334517  0.601581 0.302713 1 0 1.000000
blackplastic
0  -10.173935 127.515411 12.343043  0.935854 0.110791 0.334517  0.601581 0.302713 1 0 1.000000
0  -10.173935 127.702591 12.276979  0.935828 0.110968 0.334533  0.601581 0.302713 1 0 1.000000
0  -11.638364 128.968826 16.086695  0.938846 0.108519 0.326791  0.601581 0.302713 1 0 1.000000
blackplastic
0  -10.173935 127.702591 12.276979  0.935828 0.110968 0.334533  0.601581 0.302713 1 0 1.000000
0  -10.173935 127.515411 12.343043  0.935854 0.110791 0.334517  0.601581 0.302713 1 0 1.000000
0  -9.931699 127.427322 12.056765  0.519286 0.269472 0.811004  0.601581 0.302713 1 0 1.000000
blackplastic
0  -9.931699 127.427322 12.056765  0.519286 0.269472 0.811004  0.601581 0.302713 1 0 1.000000
0  -9.931699 127.614510 12.001711  0.519198 0.269297 0.811118  0.601581 0.302713 1 0 1.000000
0  -10.173935 127.702591 12.276979  0.935828 0.110968 0.334533  0.601581 0.302713 1 0 1.000000
blackplastic
0  -9.634409 127.581474 11.924635  0.001846 0.315176 0.949031  0.601581 0.302713 1 0 1.000000
0  -9.931699 127.614510 12.001711  0.519198 0.269297 0.811118  0.601581 0.302713 1 0 1.000000
0  -9.931699 127.427322 12.056765  0.519286 0.269472 0.811004  0.601581 0.302713 1 0 1.000000
blackplastic
0  -9.634409 127.394295 11.979689  0.001856 0.315333 0.948979  0.601581 0.302713 1 0 1.000000
0  -9.634409 127.581474 11.924635  0.001846 0.315176 0.949031  0.601581 0.302713 1 0 1.000000
0  -9.931699 127.427322 12.056765  0.519286 0.269472 0.811004  0.601581 0.302713 1 0 1.000000
blackplastic
0  -9.634409 127.581474 11.924635  0.001846 0.315176 0.949031  0.601581 0.302713 1 0 1.000000
0  -9.634409 127.394295 11.979689  0.001856 0.315333 0.948979  0.601581 0.302713 1 0 1.000000
0  -0.000009 127.394295 11.979688  -0.000001 0.315459 0.948939  0.601581 0.302713 1 0 1.000000
blackplastic
0  -0.000009 127.394295 11.979688  -0.000001 0.315459 0.948939  0.601581 0.302713 1 0 1.000000
0  -0.000009 127.581474 11.924634  -0.000183 0.315685 0.948864  0.601581 0.302713 1 0 1.000000
0  -9.634409 127.581474 11.924635  0.001846 0.315176 0.949031  0.601581 0.302713 1 0 1.000000
blackplastic
0  9.634392 127.581474 11.924633  -0.001851 0.315455 0.948939  0.601581 0.302713 1 0 1.000000
0  -0.000009 127.581474 11.924634  -0.000183 0.315685 0.948864  0.601581 0.302713 1 0 1.000000
0  -0.000009 127.394295 11.979688  -0.000001 0.315459 0.948939  0.601581 0.302713 1 0 1.000000
blackplastic
0  -0.000009 127.394295 11.979688  -0.000001 0.315459 0.948939  0.601581 0.302713 1 0 1.000000
0  9.634392 127.394295 11.979687  -0.001826 0.315169 0.949034  0.601581 0.302713 1 0 1.000000
0  9.634392 127.581474 11.924633  -0.001851 0.315455 0.948939  0.601581 0.302713 1 0 1.000000
blackplastic
0  9.931682 127.614510 12.001709  -0.519215 0.269485 0.811045  0.601581 0.302713 1 0 1.000000
0  9.634392 127.581474 11.924633  -0.001851 0.315455 0.948939  0.601581 0.302713 1 0 1.000000
0  9.634392 127.394295 11.979687  -0.001826 0.315169 0.949034  0.601581 0.302713 1 0 1.000000
blackplastic
0  9.634392 127.394295 11.979687  -0.001826 0.315169 0.949034  0.601581 0.302713 1 0 1.000000
0  9.931682 127.427322 12.056763  -0.519283 0.269262 0.811075  0.601581 0.302713 1 0 1.000000
0  9.931682 127.614510 12.001709  -0.519215 0.269485 0.811045  0.601581 0.302713 1 0 1.000000
blackplastic
0  10.173918 127.702591 12.276978  -0.935892 0.111174 0.334284  0.601581 0.302713 1 0 1.000000
0  9.931682 127.614510 12.001709  -0.519215 0.269485 0.811045  0.601581 0.302713 1 0 1.000000
0  9.931682 127.427322 12.056763  -0.519283 0.269262 0.811075  0.601581 0.302713 1 0 1.000000
blackplastic
0  9.931682 127.427322 12.056763  -0.519283 0.269262 0.811075  0.601581 0.302713 1 0 1.000000
0  10.173918 127.515411 12.343041  -0.935892 0.111103 0.334308  0.601581 0.302713 1 0 1.000000
0  10.173918 127.702591 12.276978  -0.935892 0.111174 0.334284  0.601581 0.302713 1 0 1.000000
blackplastic
0  11.638347 128.968826 16.086695  -0.938834 0.108483 0.326836  0.601581 0.302713 1 0 1.000000
0  10.173918 127.702591 12.276978  -0.935892 0.111174 0.334284  0.601581 0.302713 1 0 1.000000
0  10.173918 127.515411 12.343041  -0.935892 0.111103 0.334308  0.601581 0.302713 1 0 1.000000
blackplastic
0  10.173918 127.515411 12.343041  -0.935892 0.111103 0.334308  0.601581 0.302713 1 0 1.000000
0  11.660368 128.770630 16.196802  -0.996404 0.061678 -0.058102  0.601581 0.302713 1 0 1.000000
0  11.638347 128.968826 16.086695  -0.938834 0.108483 0.326836  0.601581 0.302713 1 0 1.000000
blackplastic
0  11.682389 128.891754 16.394997  -0.996400 0.061734 -0.058107  0.601581 0.302713 1 0 1.000000
0  11.638347 128.968826 16.086695  -0.938834 0.108483 0.326836  0.601581 0.302713 1 0 1.000000
0  11.660368 128.770630 16.196802  -0.996404 0.061678 -0.058102  0.601581 0.302713 1 0 1.000000
blackplastic
0  11.682389 128.891754 16.394997  -0.996400 0.061734 -0.058107  0.601581 0.302713 1 0 1.000000
0  11.660368 128.770630 16.196802  -0.996404 0.061678 -0.058102  0.601581 0.302713 1 0 1.000000
0  11.396111 126.447372 18.409962  -0.996379 0.061795 -0.058389  0.601581 0.302713 1 0 1.000000
blackplastic
0  11.396111 126.513435 18.586134  -0.996379 0.061823 -0.058365  0.601581 0.302713 1 0 1.000000
0  11.682389 128.891754 16.394997  -0.996400 0.061734 -0.058107  0.601581 0.302713 1 0 1.000000
0  11.396111 126.447372 18.409962  -0.996379 0.061795 -0.058389  0.601581 0.302713 1 0 1.000000
blackplastic
0  -19.995518 127.074982 11.098830  0.181188 0.971913 -0.150189  0.601581 0.302713 1 0 1.000000
0  -19.720249 127.008919 11.131863  -0.319307 0.853081 -0.412670  0.601581 0.302713 1 0 1.000000
0  -19.962486 126.931839 11.087820  -0.319120 0.853060 -0.412858  0.601581 0.302713 1 0 1.000000
blackplastic
0  -19.973497 127.218124 11.759475  -0.319183 0.853074 -0.412779  0.601581 0.302713 1 0 1.000000
0  -19.720249 127.008919 11.131863  -0.319307 0.853081 -0.412670  0.601581 0.302713 1 0 1.000000
0  -19.995518 127.074982 11.098830  0.181188 0.971913 -0.150189  0.601581 0.302713 1 0 1.000000
blackplastic
0  -20.182701 127.229134 11.572292  0.181198 0.971908 -0.150205  0.601581 0.302713 1 0 1.000000
0  -19.973497 127.218124 11.759475  -0.319183 0.853074 -0.412779  0.601581 0.302713 1 0 1.000000
0  -19.995518 127.074982 11.098830  0.181188 0.971913 -0.150189  0.601581 0.302713 1 0 1.000000
blackplastic
0  -20.182701 127.229134 11.572292  0.181198 0.971908 -0.150205  0.601581 0.302713 1 0 1.000000
0  -20.237755 127.108017 11.627346  -0.319281 0.853240 -0.412361  0.601581 0.302713 1 0 1.000000
0  -19.973497 127.218124 11.759475  -0.319183 0.853074 -0.412779  0.601581 0.302713 1 0 1.000000
blackplastic
0  15.723333 125.104057 18.740282  -0.000036 -0.028203 0.999602  0.601581 0.302713 1 0 1.000000
0  15.271893 123.617607 18.696239  -0.000010 -0.028111 0.999605  0.601581 0.302713 1 0 1.000000
0  16.791374 123.969955 18.707251  -0.000050 -0.028249 0.999601  0.601581 0.302713 1 0 1.000000
blackplastic
0  -13.234921 128.407288 14.346999  0.011068 0.535157 0.844680  0.601581 0.302713 1 0 1.000000
0  -15.899521 128.407288 14.346999  -0.012771 0.535326 0.844549  0.601581 0.302713 1 0 1.000000
0  -15.921542 128.176056 14.512160  -0.012707 0.535242 0.844603  0.601581 0.302713 1 0 1.000000
blackplastic
0  -15.899521 128.407288 14.346999  -0.012771 0.535326 0.844549  0.601581 0.302713 1 0 1.000000
0  -16.273888 128.297180 14.060719  -0.949440 0.272721 0.155525  0.601581 0.302713 1 0 1.000000
0  -15.921542 128.176056 14.512160  -0.012707 0.535242 0.844603  0.601581 0.302713 1 0 1.000000
blackplastic
0  -16.273888 128.297180 14.060719  -0.949440 0.272721 0.155525  0.601581 0.302713 1 0 1.000000
0  -16.350962 128.043930 14.170827  -0.949113 0.273109 0.156829  0.601581 0.302713 1 0 1.000000
0  -15.921542 128.176056 14.512160  -0.012707 0.535242 0.844603  0.601581 0.302713 1 0 1.000000
blackplastic
0  -16.372984 127.229134 11.726442  -0.972210 0.162120 -0.168890  0.601581 0.302713 1 0 1.000000
0  -16.350962 128.043930 14.170827  -0.949113 0.273109 0.156829  0.601581 0.302713 1 0 1.000000
0  -16.273888 128.297180 14.060719  -0.949440 0.272721 0.155525  0.601581 0.302713 1 0 1.000000
blackplastic
0  -16.273888 128.297180 14.060719  -0.949440 0.272721 0.155525  0.601581 0.302713 1 0 1.000000
0  -16.284899 127.493393 11.660378  -0.972296 0.162411 -0.168118  0.601581 0.302713 1 0 1.000000
0  -16.372984 127.229134 11.726442  -0.972210 0.162120 -0.168890  0.601581 0.302713 1 0 1.000000
blackplastic
0  -15.921542 127.108017 11.308034  -0.008392 -0.076208 -0.997057  0.601581 0.302713 1 0 1.000000
0  -16.372984 127.229134 11.726442  -0.972210 0.162120 -0.168890  0.601581 0.302713 1 0 1.000000
0  -16.284899 127.493393 11.660378  -0.972296 0.162411 -0.168118  0.601581 0.302713 1 0 1.000000
blackplastic
0  -16.284899 127.493393 11.660378  -0.972296 0.162411 -0.168118  0.601581 0.302713 1 0 1.000000
0  -15.899521 127.405304 11.308034  -0.008395 -0.076197 -0.997057  0.601581 0.302713 1 0 1.000000
0  -15.921542 127.108017 11.308034  -0.008392 -0.076208 -0.997057  0.601581 0.302713 1 0 1.000000
blackplastic
0  -15.921542 127.108017 11.308034  -0.008392 -0.076208 -0.997057  0.601581 0.302713 1 0 1.000000
0  -15.899521 127.405304 11.308034  -0.008395 -0.076197 -0.997057  0.601581 0.302713 1 0 1.000000
0  -13.223910 127.405304 11.297023  0.008907 -0.076454 -0.997033  0.601581 0.302713 1 0 1.000000
blackplastic
0  -13.223910 127.405304 11.297023  0.008907 -0.076454 -0.997033  0.601581 0.302713 1 0 1.000000
0  -13.212900 127.108017 11.308034  0.008905 -0.076338 -0.997042  0.601581 0.302713 1 0 1.000000
0  -15.921542 127.108017 11.308034  -0.008392 -0.076208 -0.997057  0.601581 0.302713 1 0 1.000000
blackplastic
0  -13.223910 127.405304 11.297023  0.008907 -0.076454 -0.997033  0.601581 0.302713 1 0 1.000000
0  -12.838534 127.504402 11.671389  0.974062 0.165958 -0.153822  0.601581 0.302713 1 0 1.000000
0  -13.212900 127.108017 11.308034  0.008905 -0.076338 -0.997042  0.601581 0.302713 1 0 1.000000
blackplastic
0  -12.838534 127.504402 11.671389  0.974062 0.165958 -0.153822  0.601581 0.302713 1 0 1.000000
0  -12.761459 127.240143 11.748464  0.973999 0.165770 -0.154423  0.601581 0.302713 1 0 1.000000
0  -13.212900 127.108017 11.308034  0.008905 -0.076338 -0.997042  0.601581 0.302713 1 0 1.000000
blackplastic
0  -12.761459 128.010895 14.071731  0.974050 0.225104 0.023542  0.601581 0.302713 1 0 1.000000
0  -12.761459 127.240143 11.748464  0.973999 0.165770 -0.154423  0.601581 0.302713 1 0 1.000000
0  -12.838534 127.504402 11.671389  0.974062 0.165958 -0.153822  0.601581 0.302713 1 0 1.000000
blackplastic
0  -12.838534 127.504402 11.671389  0.974062 0.165958 -0.153822  0.601581 0.302713 1 0 1.000000
0  -12.838534 128.264145 13.961623  0.974143 0.224773 0.022860  0.601581 0.302713 1 0 1.000000
0  -12.761459 128.010895 14.071731  0.974050 0.225104 0.023542  0.601581 0.302713 1 0 1.000000
blackplastic
0  -13.212900 128.176056 14.512160  0.011072 0.535135 0.844694  0.601581 0.302713 1 0 1.000000
0  -12.761459 128.010895 14.071731  0.974050 0.225104 0.023542  0.601581 0.302713 1 0 1.000000
0  -12.838534 128.264145 13.961623  0.974143 0.224773 0.022860  0.601581 0.302713 1 0 1.000000
blackplastic
0  -12.838534 128.264145 13.961623  0.974143 0.224773 0.022860  0.601581 0.302713 1 0 1.000000
0  -13.234921 128.407288 14.346999  0.011068 0.535157 0.844680  0.601581 0.302713 1 0 1.000000
0  -13.212900 128.176056 14.512160  0.011072 0.535135 0.844694  0.601581 0.302713 1 0 1.000000
blackplastic
0  -13.212900 128.176056 14.512160  0.011072 0.535135 0.844694  0.601581 0.302713 1 0 1.000000
0  -13.234921 128.407288 14.346999  0.011068 0.535157 0.844680  0.601581 0.302713 1 0 1.000000
0  -15.921542 128.176056 14.512160  -0.012707 0.535242 0.844603  0.601581 0.302713 1 0 1.000000
blackplastic
0  -10.118881 125.082039 15.172805  0.437536 0.613267 -0.657621  0.601581 0.302713 1 0 1.000000
0  -10.284042 125.026985 15.128761  -0.374669 0.314209 -0.872293  0.601581 0.302713 1 0 1.000000
0  -10.273031 125.291245 15.470095  0.168063 0.975452 -0.142296  0.601581 0.302713 1 0 1.000000
blackplastic
0  -10.284042 125.026985 15.128761  -0.374669 0.314209 -0.872293  0.601581 0.302713 1 0 1.000000
0  -10.438192 125.225174 15.426051  -0.644208 0.676480 -0.356889  0.601581 0.302713 1 0 1.000000
0  -10.273031 125.291245 15.470095  0.168063 0.975452 -0.142296  0.601581 0.302713 1 0 1.000000
blackplastic
0  -10.273031 125.291245 15.470095  0.168063 0.975452 -0.142296  0.601581 0.302713 1 0 1.000000
0  -10.438192 125.225174 15.426051  -0.644208 0.676480 -0.356889  0.601581 0.302713 1 0 1.000000
0  -10.515268 125.159111 15.811427  -0.774302 0.554731 0.304517  0.601581 0.302713 1 0 1.000000
blackplastic
0  -10.515268 125.159111 15.811427  -0.774302 0.554731 0.304517  0.601581 0.302713 1 0 1.000000
0  -10.350107 125.225174 15.855471  0.038015 0.853876 0.519086  0.601581 0.302713 1 0 1.000000
0  -10.273031 125.291245 15.470095  0.168063 0.975452 -0.142296  0.601581 0.302713 1 0 1.000000
blackplastic
0  -10.350107 125.225174 15.855471  0.038015 0.853876 0.519086  0.601581 0.302713 1 0 1.000000
0  -10.515268 125.159111 15.811427  -0.774302 0.554731 0.304517  0.601581 0.302713 1 0 1.000000
0  -10.460215 124.850815 16.053663  -0.688673 0.020681 0.724778  0.601581 0.302713 1 0 1.000000
blackplastic
0  -10.460215 124.850815 16.053663  -0.688673 0.020681 0.724778  0.601581 0.302713 1 0 1.000000
0  -10.306064 124.916878 16.086695  0.123453 0.319753 0.939424  0.601581 0.302713 1 0 1.000000
0  -10.350107 125.225174 15.855471  0.038015 0.853876 0.519086  0.601581 0.302713 1 0 1.000000
blackplastic
0  -10.306064 124.916878 16.086695  0.123453 0.319753 0.939424  0.601581 0.302713 1 0 1.000000
0  -10.460215 124.850815 16.053663  -0.688673 0.020681 0.724778  0.601581 0.302713 1 0 1.000000
0  -10.151914 124.553520 16.053663  0.374800 -0.314210 0.872237  0.601581 0.302713 1 0 1.000000
blackplastic
0  -10.460215 124.850815 16.053663  -0.688673 0.020681 0.724778  0.601581 0.302713 1 0 1.000000
0  -10.317075 124.487457 16.009621  -0.437698 -0.613145 0.657627  0.601581 0.302713 1 0 1.000000
0  -10.151914 124.553520 16.053663  0.374800 -0.314210 0.872237  0.601581 0.302713 1 0 1.000000
blackplastic
0  -10.151914 124.553520 16.053663  0.374800 -0.314210 0.872237  0.601581 0.302713 1 0 1.000000
0  -10.317075 124.487457 16.009621  -0.437698 -0.613145 0.657627  0.601581 0.302713 1 0 1.000000
0  -10.162924 124.289261 15.712331  -0.168199 -0.975431 0.142280  0.601581 0.302713 1 0 1.000000
blackplastic
0  -10.162924 124.289261 15.712331  -0.168199 -0.975431 0.142280  0.601581 0.302713 1 0 1.000000
0  -9.997763 124.344315 15.756373  0.644293 -0.676309 0.357062  0.601581 0.302713 1 0 1.000000
0  -10.151914 124.553520 16.053663  0.374800 -0.314210 0.872237  0.601581 0.302713 1 0 1.000000
blackplastic
0  -9.997763 124.344315 15.756373  0.644293 -0.676309 0.357062  0.601581 0.302713 1 0 1.000000
0  -10.162924 124.289261 15.712331  -0.168199 -0.975431 0.142280  0.601581 0.302713 1 0 1.000000
0  -9.931699 124.410385 15.382009  0.774283 -0.554794 -0.304449  0.601581 0.302713 1 0 1.000000
blackplastic
0  -10.162924 124.289261 15.712331  -0.168199 -0.975431 0.142280  0.601581 0.302713 1 0 1.000000
0  -10.096860 124.355331 15.337966  -0.038043 -0.853816 -0.519182  0.601581 0.302713 1 0 1.000000
0  -9.931699 124.410385 15.382009  0.774283 -0.554794 -0.304449  0.601581 0.302713 1 0 1.000000
blackplastic
0  -9.931699 124.410385 15.382009  0.774283 -0.554794 -0.304449  0.601581 0.302713 1 0 1.000000
0  -10.096860 124.355331 15.337966  -0.038043 -0.853816 -0.519182  0.601581 0.302713 1 0 1.000000
0  -10.140903 124.663628 15.095729  -0.123709 -0.319500 -0.939477  0.601581 0.302713 1 0 1.000000
blackplastic
0  -10.140903 124.663628 15.095729  -0.123709 -0.319500 -0.939477  0.601581 0.302713 1 0 1.000000
0  -9.975741 124.718681 15.139772  0.688671 -0.020728 -0.724778  0.601581 0.302713 1 0 1.000000
0  -9.931699 124.410385 15.382009  0.774283 -0.554794 -0.304449  0.601581 0.302713 1 0 1.000000
blackplastic
0  -9.975741 124.718681 15.139772  0.688671 -0.020728 -0.724778  0.601581 0.302713 1 0 1.000000
0  -10.140903 124.663628 15.095729  -0.123709 -0.319500 -0.939477  0.601581 0.302713 1 0 1.000000
0  -10.284042 125.026985 15.128761  -0.374669 0.314209 -0.872293  0.601581 0.302713 1 0 1.000000
blackplastic
0  -10.284042 125.026985 15.128761  -0.374669 0.314209 -0.872293  0.601581 0.302713 1 0 1.000000
0  -10.118881 125.082039 15.172805  0.437536 0.613267 -0.657621  0.601581 0.302713 1 0 1.000000
0  -9.975741 124.718681 15.139772  0.688671 -0.020728 -0.724778  0.601581 0.302713 1 0 1.000000
blackplastic
0  -22.252718 126.469391 18.608156  -0.072301 0.704998 0.705514  0.601581 0.302713 1 0 1.000000
0  -21.118612 128.825684 16.439041  -0.103263 0.767257 0.632972  0.601581 0.302713 1 0 1.000000
0  -24.575985 125.555496 19.268803  -0.072297 0.704954 0.705558  0.601581 0.302713 1 0 1.000000
blackplastic
0  -21.118612 128.825684 16.439041  -0.103263 0.767257 0.632972  0.601581 0.302713 1 0 1.000000
0  -30.532797 124.971931 19.268803  -0.072297 0.704989 0.705523  0.601581 0.302713 1 0 1.000000
0  -24.575985 125.555496 19.268803  -0.072297 0.704954 0.705558  0.601581 0.302713 1 0 1.000000
blackplastic
0  -30.532797 124.971931 19.268803  -0.072297 0.704989 0.705523  0.601581 0.302713 1 0 1.000000
0  -21.118612 128.825684 16.439041  -0.103263 0.767257 0.632972  0.601581 0.302713 1 0 1.000000
0  -36.555672 124.366341 19.257792  -0.072218 0.704899 0.705622  0.601581 0.302713 1 0 1.000000
blackplastic
0  -36.555672 124.366341 19.257792  -0.072218 0.704899 0.705622  0.601581 0.302713 1 0 1.000000
0  -21.118612 128.825684 16.439041  -0.103263 0.767257 0.632972  0.601581 0.302713 1 0 1.000000
0  -20.997494 128.924789 16.097708  -0.318977 0.856963 -0.404808  0.601581 0.302713 1 0 1.000000
blackplastic
0  -20.997494 128.924789 16.097708  -0.318977 0.856963 -0.404808  0.601581 0.302713 1 0 1.000000
0  -36.808922 124.344315 19.015554  -0.319281 0.853139 -0.412570  0.601581 0.302713 1 0 1.000000
0  -36.555672 124.366341 19.257792  -0.072218 0.704899 0.705622  0.601581 0.302713 1 0 1.000000
blackplastic
0  -35.575718 122.483505 14.347001  -0.319293 0.853077 -0.412689  0.601581 0.302713 1 0 1.000000
0  -36.808922 124.344315 19.015554  -0.319281 0.853139 -0.412570  0.601581 0.302713 1 0 1.000000
0  -20.997494 128.924789 16.097708  -0.318977 0.856963 -0.404808  0.601581 0.302713 1 0 1.000000
blackplastic
0  -20.997494 128.924789 16.097708  -0.318977 0.856963 -0.404808  0.601581 0.302713 1 0 1.000000
0  -18.101671 126.436356 8.918702  -0.323504 0.839795 -0.435993  0.601581 0.302713 1 0 1.000000
0  -35.575718 122.483505 14.347001  -0.319293 0.853077 -0.412689  0.601581 0.302713 1 0 1.000000
blackplastic
0  17.429998 125.104057 18.740282  -0.000005 -0.028104 0.999605  0.601581 0.302713 1 0 1.000000
0  16.978558 123.606598 18.696239  -0.000021 -0.028199 0.999602  0.601581 0.302713 1 0 1.000000
0  18.498039 123.969955 18.707251  -0.000005 -0.028104 0.999605  0.601581 0.302713 1 0 1.000000
blackplastic
0  -26.811167 119.466560 19.125662  0.319575 -0.148976 0.935777  0.601581 0.302713 1 0 1.000000
0  -24.542953 120.171249 18.476028  0.319700 -0.149009 0.935729  0.601581 0.302713 1 0 1.000000
0  -24.575985 125.555496 19.268803  0.319687 -0.149067 0.935724  0.601581 0.302713 1 0 1.000000
blackplastic
0  -24.542953 120.171249 18.476028  0.319700 -0.149009 0.935729  0.601581 0.302713 1 0 1.000000
0  -22.252718 126.469391 18.608156  0.319585 -0.148986 0.935772  0.601581 0.302713 1 0 1.000000
0  -24.575985 125.555496 19.268803  0.319687 -0.149067 0.935724  0.601581 0.302713 1 0 1.000000
blackplastic
0  -20.358873 127.361259 11.616336  0.933126 0.147702 0.327812  0.601581 0.302713 1 0 1.000000
0  -20.667173 127.559456 12.442142  0.933179 0.147921 0.327562  0.601581 0.302713 1 0 1.000000
0  -20.446959 127.108017 11.660378  0.388903 -0.815682 0.428273  0.601581 0.302713 1 0 1.000000
blackplastic
0  -20.854357 127.713608 12.321023  -0.034430 0.944150 -0.327712  0.601581 0.302713 1 0 1.000000
0  -20.667173 127.559456 12.442142  0.933179 0.147921 0.327562  0.601581 0.302713 1 0 1.000000
0  -20.358873 127.361259 11.616336  0.933126 0.147702 0.327812  0.601581 0.302713 1 0 1.000000
blackplastic
0  -20.590099 127.427322 11.495217  -0.034700 0.944049 -0.327974  0.601581 0.302713 1 0 1.000000
0  -20.854357 127.713608 12.321023  -0.034430 0.944150 -0.327712  0.601581 0.302713 1 0 1.000000
0  -20.358873 127.361259 11.616336  0.933126 0.147702 0.327812  0.601581 0.302713 1 0 1.000000
blackplastic
0  -21.030529 127.504402 12.321023  -0.875303 0.224797 -0.428147  0.601581 0.302713 1 0 1.000000
0  -20.854357 127.713608 12.321023  -0.034430 0.944150 -0.327712  0.601581 0.302713 1 0 1.000000
0  -20.590099 127.427322 11.495217  -0.034700 0.944049 -0.327974  0.601581 0.302713 1 0 1.000000
blackplastic
0  -20.689196 127.174080 11.539260  -0.875298 0.224712 -0.428202  0.601581 0.302713 1 0 1.000000
0  -21.030529 127.504402 12.321023  -0.875303 0.224797 -0.428147  0.601581 0.302713 1 0 1.000000
0  -20.590099 127.427322 11.495217  -0.034700 0.944049 -0.327974  0.601581 0.302713 1 0 1.000000
blackplastic
0  -20.689196 127.174080 11.539260  -0.875298 0.224712 -0.428202  0.601581 0.302713 1 0 1.000000
0  -20.854357 127.152054 11.748465  -0.835325 0.236401 -0.496333  0.601581 0.302713 1 0 1.000000
0  -21.030529 127.504402 12.321023  -0.875303 0.224797 -0.428147  0.601581 0.302713 1 0 1.000000
blackplastic
0  -20.755260 127.041946 11.748465  0.354203 -0.867160 0.350106  0.601581 0.302713 1 0 1.000000
0  -20.854357 127.152054 11.748465  -0.835325 0.236401 -0.496333  0.601581 0.302713 1 0 1.000000
0  -20.689196 127.174080 11.539260  -0.875298 0.224712 -0.428202  0.601581 0.302713 1 0 1.000000
blackplastic
0  -20.689196 127.174080 11.539260  -0.875298 0.224712 -0.428202  0.601581 0.302713 1 0 1.000000
0  -20.446959 127.108017 11.660378  0.388903 -0.815682 0.428273  0.601581 0.302713 1 0 1.000000
0  -20.755260 127.041946 11.748465  0.354203 -0.867160 0.350106  0.601581 0.302713 1 0 1.000000
blackplastic
0  -20.755260 127.041946 11.748465  0.354203 -0.867160 0.350106  0.601581 0.302713 1 0 1.000000
0  -20.446959 127.108017 11.660378  0.388903 -0.815682 0.428273  0.601581 0.302713 1 0 1.000000
0  -20.843346 127.350250 12.442142  0.388883 -0.815772 0.428118  0.601581 0.302713 1 0 1.000000
blackplastic
0  -20.667173 127.559456 12.442142  0.933179 0.147921 0.327562  0.601581 0.302713 1 0 1.000000
0  -20.843346 127.350250 12.442142  0.388883 -0.815772 0.428118  0.601581 0.302713 1 0 1.000000
0  -20.446959 127.108017 11.660378  0.388903 -0.815682 0.428273  0.601581 0.302713 1 0 1.000000
blackplastic
0  -20.667173 127.559456 12.442142  0.933179 0.147921 0.327562  0.601581 0.302713 1 0 1.000000
0  -20.898399 127.581474 12.519217  -0.357873 0.294844 0.885999  0.601581 0.302713 1 0 1.000000
0  -20.843346 127.350250 12.442142  0.388883 -0.815772 0.428118  0.601581 0.302713 1 0 1.000000
blackplastic
0  -20.854357 127.713608 12.321023  -0.034430 0.944150 -0.327712  0.601581 0.302713 1 0 1.000000
0  -20.898399 127.581474 12.519217  -0.357873 0.294844 0.885999  0.601581 0.302713 1 0 1.000000
0  -20.667173 127.559456 12.442142  0.933179 0.147921 0.327562  0.601581 0.302713 1 0 1.000000
blackplastic
0  -21.030529 127.504402 12.321023  -0.875303 0.224797 -0.428147  0.601581 0.302713 1 0 1.000000
0  -20.898399 127.581474 12.519217  -0.357873 0.294844 0.885999  0.601581 0.302713 1 0 1.000000
0  -20.854357 127.713608 12.321023  -0.034430 0.944150 -0.327712  0.601581 0.302713 1 0 1.000000
blackplastic
0  -20.843346 127.350250 12.442142  0.388883 -0.815772 0.428118  0.601581 0.302713 1 0 1.000000
0  -20.898399 127.581474 12.519217  -0.357873 0.294844 0.885999  0.601581 0.302713 1 0 1.000000
0  -21.030529 127.504402 12.321023  -0.875303 0.224797 -0.428147  0.601581 0.302713 1 0 1.000000
blackplastic
0  -20.953453 127.262161 12.299002  -0.721235 -0.239694 0.649897  0.601581 0.302713 1 0 1.000000
0  -20.843346 127.350250 12.442142  0.388883 -0.815772 0.428118  0.601581 0.302713 1 0 1.000000
0  -21.030529 127.504402 12.321023  -0.875303 0.224797 -0.428147  0.601581 0.302713 1 0 1.000000
blackplastic
0  -21.030529 127.504402 12.321023  -0.875303 0.224797 -0.428147  0.601581 0.302713 1 0 1.000000
0  -21.041538 127.306206 12.221927  -0.835408 0.236724 -0.496041  0.601581 0.302713 1 0 1.000000
0  -20.953453 127.262161 12.299002  -0.721235 -0.239694 0.649897  0.601581 0.302713 1 0 1.000000
blackplastic
0  -20.854357 127.152054 11.748465  -0.835325 0.236401 -0.496333  0.601581 0.302713 1 0 1.000000
0  -21.041538 127.306206 12.221927  -0.835408 0.236724 -0.496041  0.601581 0.302713 1 0 1.000000
0  -21.030529 127.504402 12.321023  -0.875303 0.224797 -0.428147  0.601581 0.302713 1 0 1.000000
blackplastic
0  -20.843346 127.350250 12.442142  0.388742 -0.815831 0.428134  0.601581 0.302713 1 0 1.000000
0  -20.953453 127.262161 12.299002  0.302394 -0.824843 0.477694  0.601581 0.302713 1 0 1.000000
0  -20.755260 127.041946 11.748465  0.354075 -0.867233 0.350053  0.601581 0.302713 1 0 1.000000
blackplastic
0  -21.900375 128.065948 14.754397  0.757949 -0.573184 0.311406  0.601581 0.302713 1 0 1.000000
0  -21.966440 127.977859 14.622269  -0.304567 0.870033 -0.387662  0.601581 0.302713 1 0 1.000000
0  -21.955429 128.076965 14.677322  0.104471 0.272886 -0.956357  0.601581 0.302713 1 0 1.000000
blackplastic
0  -21.955429 128.076965 14.677322  0.104471 0.272886 -0.956357  0.601581 0.302713 1 0 1.000000
0  -21.966440 127.977859 14.622269  -0.304567 0.870033 -0.387662  0.601581 0.302713 1 0 1.000000
0  -22.186655 127.889778 14.611258  -0.304787 0.869772 -0.388074  0.601581 0.302713 1 0 1.000000
blackplastic
0  -22.186655 127.889778 14.611258  -0.304787 0.869772 -0.388074  0.601581 0.302713 1 0 1.000000
0  -22.032503 128.121002 14.688333  -0.656198 0.595733 -0.463148  0.601581 0.302713 1 0 1.000000
0  -21.955429 128.076965 14.677322  0.104471 0.272886 -0.956357  0.601581 0.302713 1 0 1.000000
blackplastic
0  -22.032503 128.121002 14.688333  -0.656198 0.595733 -0.463148  0.601581 0.302713 1 0 1.000000
0  -22.186655 127.889778 14.611258  -0.304787 0.869772 -0.388074  0.601581 0.302713 1 0 1.000000
0  -22.230698 128.286163 15.161795  -0.656220 0.595720 -0.463134  0.601581 0.302713 1 0 1.000000
blackplastic
0  -22.186655 127.889778 14.611258  -0.304787 0.869772 -0.388074  0.601581 0.302713 1 0 1.000000
0  -22.439901 128.098984 15.238870  -0.304578 0.872149 -0.382869  0.601581 0.302713 1 0 1.000000
0  -22.230698 128.286163 15.161795  -0.656220 0.595720 -0.463134  0.601581 0.302713 1 0 1.000000
blackplastic
0  -22.230698 128.286163 15.161795  -0.656220 0.595720 -0.463134  0.601581 0.302713 1 0 1.000000
0  -22.439901 128.098984 15.238870  -0.304578 0.872149 -0.382869  0.601581 0.302713 1 0 1.000000
0  -22.142611 128.242126 15.238870  -0.471245 0.746570 0.469640  0.601581 0.302713 1 0 1.000000
blackplastic
0  -20.755260 127.041946 11.748465  -0.310234 0.845906 -0.433817  0.601581 0.302713 1 0 1.000000
0  -20.997496 126.909821 11.671390  -0.310392 0.845751 -0.434008  0.601581 0.302713 1 0 1.000000
0  -20.854357 127.152054 11.748465  -0.656275 0.595750 -0.463017  0.601581 0.302713 1 0 1.000000
blackplastic
0  -20.854357 127.152054 11.748465  -0.656275 0.595750 -0.463017  0.601581 0.302713 1 0 1.000000
0  -20.997496 126.909821 11.671390  -0.310392 0.845751 -0.434008  0.601581 0.302713 1 0 1.000000
0  -21.041538 127.306206 12.221927  -0.656280 0.595679 -0.463101  0.601581 0.302713 1 0 1.000000
blackplastic
0  -20.997496 126.909821 11.671390  -0.310392 0.845751 -0.434008  0.601581 0.302713 1 0 1.000000
0  -21.250744 127.119026 12.299002  -0.309136 0.850016 -0.426506  0.601581 0.302713 1 0 1.000000
0  -21.041538 127.306206 12.221927  -0.656280 0.595679 -0.463101  0.601581 0.302713 1 0 1.000000
blackplastic
0  -21.041538 127.306206 12.221927  -0.656280 0.595679 -0.463101  0.601581 0.302713 1 0 1.000000
0  -21.250744 127.119026 12.299002  -0.309136 0.850016 -0.426506  0.601581 0.302713 1 0 1.000000
0  -21.063560 127.229134 12.376077  -0.308638 0.851056 -0.424791  0.601581 0.302713 1 0 1.000000
blackplastic
0  -21.063560 127.229134 12.376077  -0.308638 0.851056 -0.424791  0.601581 0.302713 1 0 1.000000
0  -20.953453 127.262161 12.299002  -0.471391 0.746588 0.469464  0.601581 0.302713 1 0 1.000000
0  -21.041538 127.306206 12.221927  -0.656280 0.595679 -0.463101  0.601581 0.302713 1 0 1.000000
blackplastic
0  17.518082 129.651489 13.587255  0.000000 -0.323387 -0.946267  0.601581 0.302713 1 0 1.000000
0  17.518082 129.860703 13.356030  -0.000006 -0.981294 -0.192516  0.601581 0.302713 1 0 1.000000
0  18.597136 129.651489 13.587255  0.000000 -0.323826 -0.946117  0.601581 0.302713 1 0 1.000000
blackplastic
0  17.518082 129.860703 13.356030  -0.000006 -0.981294 -0.192516  0.601581 0.302713 1 0 1.000000
0  18.597136 129.860703 13.356030  0.000000 -0.981302 -0.192473  0.601581 0.302713 1 0 1.000000
0  18.597136 129.651489 13.587255  0.000000 -0.323826 -0.946117  0.601581 0.302713 1 0 1.000000
blackplastic
0  18.597136 129.761597 13.047729  -0.000000 -0.657281 0.753646  0.601581 0.302713 1 0 1.000000
0  18.597136 129.860703 13.356030  0.000000 -0.981302 -0.192473  0.601581 0.302713 1 0 1.000000
0  17.518082 129.860703 13.356030  -0.000006 -0.981294 -0.192516  0.601581 0.302713 1 0 1.000000
blackplastic
0  17.518082 129.860703 13.356030  -0.000006 -0.981294 -0.192516  0.601581 0.302713 1 0 1.000000
0  17.518082 129.761597 13.047729  0.000000 -0.657163 0.753749  0.601581 0.302713 1 0 1.000000
0  18.597136 129.761597 13.047729  -0.000000 -0.657281 0.753646  0.601581 0.302713 1 0 1.000000
blackplastic
0  18.597136 129.442291 12.992676  -0.000002 0.324137 0.946010  0.601581 0.302713 1 0 1.000000
0  18.597136 129.761597 13.047729  -0.000000 -0.657281 0.753646  0.601581 0.302713 1 0 1.000000
0  17.518082 129.761597 13.047729  0.000000 -0.657163 0.753749  0.601581 0.302713 1 0 1.000000
blackplastic
0  17.518082 129.761597 13.047729  0.000000 -0.657163 0.753749  0.601581 0.302713 1 0 1.000000
0  17.518082 129.442291 12.992676  0.000000 0.324199 0.945989  0.601581 0.302713 1 0 1.000000
0  18.597136 129.442291 12.992676  -0.000002 0.324137 0.946010  0.601581 0.302713 1 0 1.000000
blackplastic
0  17.518082 129.442291 12.992676  0.000000 0.324199 0.945989  0.601581 0.302713 1 0 1.000000
0  17.518082 129.233093 13.223901  0.000001 0.981258 0.192700  0.601581 0.302713 1 0 1.000000
0  18.597136 129.442291 12.992676  -0.000002 0.324137 0.946010  0.601581 0.302713 1 0 1.000000
blackplastic
0  17.518082 129.233093 13.223901  0.000001 0.981258 0.192700  0.601581 0.302713 1 0 1.000000
0  18.597136 129.233093 13.223901  0.000000 0.981305 0.192458  0.601581 0.302713 1 0 1.000000
0  18.597136 129.442291 12.992676  -0.000002 0.324137 0.946010  0.601581 0.302713 1 0 1.000000
blackplastic
0  18.597136 129.343201 13.532202  -0.000009 0.657314 -0.753617  0.601581 0.302713 1 0 1.000000
0  18.597136 129.233093 13.223901  0.000000 0.981305 0.192458  0.601581 0.302713 1 0 1.000000
0  17.518082 129.233093 13.223901  0.000001 0.981258 0.192700  0.601581 0.302713 1 0 1.000000
blackplastic
0  17.518082 129.233093 13.223901  0.000001 0.981258 0.192700  0.601581 0.302713 1 0 1.000000
0  17.518082 129.343201 13.532202  0.000000 0.657293 -0.753635  0.601581 0.302713 1 0 1.000000
0  18.597136 129.343201 13.532202  -0.000009 0.657314 -0.753617  0.601581 0.302713 1 0 1.000000
blackplastic
0  17.518082 129.343201 13.532202  0.000000 0.657293 -0.753635  0.601581 0.302713 1 0 1.000000
0  17.518082 129.651489 13.587255  0.000000 -0.323387 -0.946267  0.601581 0.302713 1 0 1.000000
0  18.597136 129.343201 13.532202  -0.000009 0.657314 -0.753617  0.601581 0.302713 1 0 1.000000
blackplastic
0  17.518082 129.651489 13.587255  0.000000 -0.323387 -0.946267  0.601581 0.302713 1 0 1.000000
0  18.597136 129.651489 13.587255  0.000000 -0.323826 -0.946117  0.601581 0.302713 1 0 1.000000
0  18.597136 129.343201 13.532202  -0.000009 0.657314 -0.753617  0.601581 0.302713 1 0 1.000000
blackplastic
0  18.597137 128.561432 15.007642  0.000000 0.641394 0.767212  0.601581 0.302713 1 0 1.000000
0  18.597136 131.314117 12.706396  0.000090 0.658003 0.753016  0.601581 0.302713 1 0 1.000000
0  17.518084 128.561432 15.007642  0.000000 0.641393 0.767212  0.601581 0.302713 1 0 1.000000
blackplastic
0  18.597136 131.314117 12.706396  0.000090 0.658003 0.753016  0.601581 0.302713 1 0 1.000000
0  17.518082 131.314117 12.706396  0.000000 0.658015 0.753005  0.601581 0.302713 1 0 1.000000
0  17.518084 128.561432 15.007642  0.000000 0.641393 0.767212  0.601581 0.302713 1 0 1.000000
blackplastic
0  17.518082 131.567368 12.188891  -0.000000 0.981307 0.192448  0.601581 0.302713 1 0 1.000000
0  17.518082 131.314117 12.706396  0.000000 0.658015 0.753005  0.601581 0.302713 1 0 1.000000
0  18.597136 131.314117 12.706396  0.000090 0.658003 0.753016  0.601581 0.302713 1 0 1.000000
blackplastic
0  18.597136 131.314117 12.706396  0.000090 0.658003 0.753016  0.601581 0.302713 1 0 1.000000
0  18.597136 131.567368 12.188891  0.000000 0.981297 0.192501  0.601581 0.302713 1 0 1.000000
0  17.518082 131.567368 12.188891  -0.000000 0.981307 0.192448  0.601581 0.302713 1 0 1.000000
blackplastic
0  17.518082 131.534332 11.605322  -0.000000 0.946165 -0.323686  0.601581 0.302713 1 0 1.000000
0  17.518082 131.567368 12.188891  -0.000000 0.981307 0.192448  0.601581 0.302713 1 0 1.000000
0  18.597136 131.567368 12.188891  0.000000 0.981297 0.192501  0.601581 0.302713 1 0 1.000000
blackplastic
0  18.597136 131.567368 12.188891  0.000000 0.981297 0.192501  0.601581 0.302713 1 0 1.000000
0  18.597136 131.534332 11.605322  0.000000 0.946147 -0.323737  0.601581 0.302713 1 0 1.000000
0  17.518082 131.534332 11.605322  -0.000000 0.946165 -0.323686  0.601581 0.302713 1 0 1.000000
blackplastic
0  17.518082 131.204010 11.120850  0.000000 0.657327 -0.753605  0.601581 0.302713 1 0 1.000000
0  17.518082 131.534332 11.605322  -0.000000 0.946165 -0.323686  0.601581 0.302713 1 0 1.000000
0  18.597136 131.534332 11.605322  0.000000 0.946147 -0.323737  0.601581 0.302713 1 0 1.000000
blackplastic
0  18.597136 131.534332 11.605322  0.000000 0.946147 -0.323737  0.601581 0.302713 1 0 1.000000
0  18.597136 131.204010 11.120850  0.000001 0.657385 -0.753554  0.601581 0.302713 1 0 1.000000
0  17.518082 131.204010 11.120850  0.000000 0.657327 -0.753605  0.601581 0.302713 1 0 1.000000
blackplastic
0  17.518082 130.686508 10.867602  0.000188 0.074680 -0.997208  0.601581 0.302713 1 0 1.000000
0  17.518082 131.204010 11.120850  0.000000 0.657327 -0.753605  0.601581 0.302713 1 0 1.000000
0  18.597136 131.204010 11.120850  0.000001 0.657385 -0.753554  0.601581 0.302713 1 0 1.000000
blackplastic
0  18.597136 131.204010 11.120850  0.000001 0.657385 -0.753554  0.601581 0.302713 1 0 1.000000
0  18.597136 130.686508 10.867602  -0.000012 0.074646 -0.997210  0.601581 0.302713 1 0 1.000000
0  17.518082 130.686508 10.867602  0.000188 0.074680 -0.997208  0.601581 0.302713 1 0 1.000000
blackplastic
0  17.518082 127.130035 10.680420  0.000000 0.053660 -0.998559  0.601581 0.302713 1 0 1.000000
0  17.518082 130.686508 10.867602  0.000188 0.074680 -0.997208  0.601581 0.302713 1 0 1.000000
0  18.597136 130.686508 10.867602  -0.000012 0.074646 -0.997210  0.601581 0.302713 1 0 1.000000
blackplastic
0  18.597136 130.686508 10.867602  -0.000007 0.074565 -0.997216  0.601581 0.302713 1 0 1.000000
0  18.597136 127.130035 10.680420  -0.000000 0.053660 -0.998559  0.601581 0.302713 1 0 1.000000
0  17.518082 127.130035 10.680420  0.000000 0.053708 -0.998557  0.601581 0.302713 1 0 1.000000
blackplastic
0  18.299847 123.848831 18.707251  -0.000021 -0.028298 0.999600  0.601581 0.302713 1 0 1.000000
0  17.848406 122.351372 18.663206  -0.000011 -0.028251 0.999601  0.601581 0.302713 1 0 1.000000
0  19.367889 122.714729 18.674217  -0.000020 -0.028298 0.999600  0.601581 0.302713 1 0 1.000000
blackplastic
0  -17.529112 130.950760 12.210915  0.000000 -0.898045 -0.439903  0.601581 0.302713 1 0 1.000000
0  -17.529112 130.642456 12.475172  0.000000 -0.324071 -0.946033  0.601581 0.302713 1 0 1.000000
0  -18.597155 130.642456 12.475172  -0.000001 -0.323975 -0.946066  0.601581 0.302713 1 0 1.000000
blackplastic
0  -18.597155 130.235062 12.453151  0.000000 0.439946 -0.898024  0.601581 0.302713 1 0 1.000000
0  -18.597155 130.642456 12.475172  -0.000001 -0.323975 -0.946066  0.601581 0.302713 1 0 1.000000
0  -17.529112 130.642456 12.475172  0.000000 -0.324071 -0.946033  0.601581 0.302713 1 0 1.000000
blackplastic
0  -17.529112 130.642456 12.475172  0.000000 -0.324071 -0.946033  0.601581 0.302713 1 0 1.000000
0  -17.529112 130.235062 12.453151  0.000000 0.439889 -0.898052  0.601581 0.302713 1 0 1.000000
0  -18.597155 130.235062 12.453151  0.000000 0.439946 -0.898024  0.601581 0.302713 1 0 1.000000
blackplastic
0  -18.597155 129.959793 12.144850  0.000000 0.946079 -0.323935  0.601581 0.302713 1 0 1.000000
0  -18.597155 130.235062 12.453151  0.000000 0.439946 -0.898024  0.601581 0.302713 1 0 1.000000
0  -17.529112 130.235062 12.453151  0.000000 0.439889 -0.898052  0.601581 0.302713 1 0 1.000000
blackplastic
0  -17.529112 130.235062 12.453151  0.000000 0.439889 -0.898052  0.601581 0.302713 1 0 1.000000
0  -17.529112 129.959793 12.144850  -0.000002 0.946066 -0.323975  0.601581 0.302713 1 0 1.000000
0  -18.597155 129.959793 12.144850  0.000000 0.946079 -0.323935  0.601581 0.302713 1 0 1.000000
blackplastic
0  -18.597155 129.959793 12.144850  0.000000 0.946079 -0.323935  0.601581 0.302713 1 0 1.000000
0  -17.529112 129.959793 12.144850  -0.000002 0.946066 -0.323975  0.601581 0.302713 1 0 1.000000
0  -17.529112 129.981812 11.726442  0.000000 0.897983 0.440030  0.601581 0.302713 1 0 1.000000
blackplastic
0  -18.597155 129.981812 11.726442  -0.000000 0.898013 0.439970  0.601581 0.302713 1 0 1.000000
0  -18.597155 129.959793 12.144850  0.000000 0.946079 -0.323935  0.601581 0.302713 1 0 1.000000
0  -17.529112 129.981812 11.726442  0.000000 0.897983 0.440030  0.601581 0.302713 1 0 1.000000
blackplastic
0  -18.597155 130.290115 11.462184  -0.000000 0.323743 0.946145  0.601581 0.302713 1 0 1.000000
0  -18.597155 129.981812 11.726442  -0.000000 0.898013 0.439970  0.601581 0.302713 1 0 1.000000
0  -17.529112 129.981812 11.726442  0.000000 0.897983 0.440030  0.601581 0.302713 1 0 1.000000
blackplastic
0  -17.529112 129.981812 11.726442  0.000000 0.897983 0.440030  0.601581 0.302713 1 0 1.000000
0  -17.529112 130.290115 11.462184  0.000000 0.323690 0.946163  0.601581 0.302713 1 0 1.000000
0  -18.597155 130.290115 11.462184  -0.000000 0.323743 0.946145  0.601581 0.302713 1 0 1.000000
blackplastic
0  -18.597155 130.290115 11.462184  -0.000000 0.323743 0.946145  0.601581 0.302713 1 0 1.000000
0  -17.529112 130.290115 11.462184  0.000000 0.323690 0.946163  0.601581 0.302713 1 0 1.000000
0  -17.529112 130.708527 11.484205  0.000000 -0.439925 0.898034  0.601581 0.302713 1 0 1.000000
blackplastic
0  -18.597155 130.708527 11.484205  0.000000 -0.439927 0.898034  0.601581 0.302713 1 0 1.000000
0  -18.597155 130.290115 11.462184  -0.000000 0.323743 0.946145  0.601581 0.302713 1 0 1.000000
0  -17.529112 130.708527 11.484205  0.000000 -0.439925 0.898034  0.601581 0.302713 1 0 1.000000
blackplastic
0  -18.597155 130.983795 11.792506  0.000002 -0.946092 0.323898  0.601581 0.302713 1 0 1.000000
0  -18.597155 130.708527 11.484205  0.000000 -0.439927 0.898034  0.601581 0.302713 1 0 1.000000
0  -17.529112 130.708527 11.484205  0.000000 -0.439925 0.898034  0.601581 0.302713 1 0 1.000000
blackplastic
0  -17.529112 130.708527 11.484205  0.000000 -0.439925 0.898034  0.601581 0.302713 1 0 1.000000
0  -17.529112 130.983795 11.792506  0.000000 -0.946101 0.323871  0.601581 0.302713 1 0 1.000000
0  -18.597155 130.983795 11.792506  0.000002 -0.946092 0.323898  0.601581 0.302713 1 0 1.000000
blackplastic
0  -18.597155 130.983795 11.792506  0.000002 -0.946092 0.323898  0.601581 0.302713 1 0 1.000000
0  -17.529112 130.983795 11.792506  0.000000 -0.946101 0.323871  0.601581 0.302713 1 0 1.000000
0  -17.529112 130.950760 12.210915  0.000000 -0.898045 -0.439903  0.601581 0.302713 1 0 1.000000
blackplastic
0  -18.597155 130.950760 12.210915  0.000005 -0.898012 -0.439971  0.601581 0.302713 1 0 1.000000
0  -18.597155 130.983795 11.792506  0.000002 -0.946092 0.323898  0.601581 0.302713 1 0 1.000000
0  -17.529112 130.950760 12.210915  0.000000 -0.898045 -0.439903  0.601581 0.302713 1 0 1.000000
blackplastic
0  -18.597155 130.642456 12.475172  -0.000001 -0.323975 -0.946066  0.601581 0.302713 1 0 1.000000
0  -18.597155 130.950760 12.210915  0.000005 -0.898012 -0.439971  0.601581 0.302713 1 0 1.000000
0  -17.529112 130.950760 12.210915  0.000000 -0.898045 -0.439903  0.601581 0.302713 1 0 1.000000
blackplastic
0  20.006512 123.848831 18.707251  -0.000002 -0.028091 0.999605  0.601581 0.302713 1 0 1.000000
0  19.566082 122.362381 18.663206  -0.000019 -0.028234 0.999601  0.601581 0.302713 1 0 1.000000
0  21.085566 122.725739 18.674217  -0.000018 -0.028234 0.999601  0.601581 0.302713 1 0 1.000000
blackplastic
0  -17.518101 129.860703 13.356032  0.000000 -0.981296 -0.192505  0.601581 0.302713 1 0 1.000000
0  -17.518101 129.651489 13.587257  0.000000 -0.323387 -0.946267  0.601581 0.302713 1 0 1.000000
0  -18.597155 129.651489 13.587257  0.000000 -0.323937 -0.946078  0.601581 0.302713 1 0 1.000000
blackplastic
0  -18.597155 129.343201 13.532204  0.000000 0.657385 -0.753555  0.601581 0.302713 1 0 1.000000
0  -18.597155 129.651489 13.587257  0.000000 -0.323937 -0.946078  0.601581 0.302713 1 0 1.000000
0  -17.518101 129.651489 13.587257  0.000000 -0.323387 -0.946267  0.601581 0.302713 1 0 1.000000
blackplastic
0  -17.518101 129.651489 13.587257  0.000000 -0.323387 -0.946267  0.601581 0.302713 1 0 1.000000
0  -17.518101 129.343201 13.532204  0.000006 0.657317 -0.753614  0.601581 0.302713 1 0 1.000000
0  -18.597155 129.343201 13.532204  0.000000 0.657385 -0.753555  0.601581 0.302713 1 0 1.000000
blackplastic
0  -18.597155 129.233093 13.223903  -0.000000 0.981294 0.192517  0.601581 0.302713 1 0 1.000000
0  -18.597155 129.343201 13.532204  0.000000 0.657385 -0.753555  0.601581 0.302713 1 0 1.000000
0  -17.518101 129.343201 13.532204  0.000006 0.657317 -0.753614  0.601581 0.302713 1 0 1.000000
blackplastic
0  -17.518101 129.343201 13.532204  0.000006 0.657317 -0.753614  0.601581 0.302713 1 0 1.000000
0  -17.518101 129.233093 13.223903  0.000000 0.981250 0.192739  0.601581 0.302713 1 0 1.000000
0  -18.597155 129.233093 13.223903  -0.000000 0.981294 0.192517  0.601581 0.302713 1 0 1.000000
blackplastic
0  -18.597155 129.442291 12.992678  0.000000 0.324240 0.945975  0.601581 0.302713 1 0 1.000000
0  -18.597155 129.233093 13.223903  -0.000000 0.981294 0.192517  0.601581 0.302713 1 0 1.000000
0  -17.518101 129.233093 13.223903  0.000000 0.981250 0.192739  0.601581 0.302713 1 0 1.000000
blackplastic
0  -17.518101 129.233093 13.223903  0.000000 0.981250 0.192739  0.601581 0.302713 1 0 1.000000
0  -17.518101 129.442291 12.992678  -0.000001 0.324135 0.946011  0.601581 0.302713 1 0 1.000000
0  -18.597155 129.442291 12.992678  0.000000 0.324240 0.945975  0.601581 0.302713 1 0 1.000000
blackplastic
0  -18.597155 129.761597 13.047731  0.000000 -0.657163 0.753748  0.601581 0.302713 1 0 1.000000
0  -18.597155 129.442291 12.992678  0.000000 0.324240 0.945975  0.601581 0.302713 1 0 1.000000
0  -17.518101 129.442291 12.992678  -0.000001 0.324135 0.946011  0.601581 0.302713 1 0 1.000000
blackplastic
0  -17.518101 129.442291 12.992678  -0.000001 0.324135 0.946011  0.601581 0.302713 1 0 1.000000
0  -17.518101 129.761597 13.047731  0.000001 -0.657166 0.753746  0.601581 0.302713 1 0 1.000000
0  -18.597155 129.761597 13.047731  0.000000 -0.657163 0.753748  0.601581 0.302713 1 0 1.000000
blackplastic
0  -18.597155 129.860703 13.356032  0.000007 -0.981300 -0.192485  0.601581 0.302713 1 0 1.000000
0  -18.597155 129.761597 13.047731  0.000000 -0.657163 0.753748  0.601581 0.302713 1 0 1.000000
0  -17.518101 129.761597 13.047731  0.000001 -0.657166 0.753746  0.601581 0.302713 1 0 1.000000
blackplastic
0  -17.518101 129.761597 13.047731  0.000001 -0.657166 0.753746  0.601581 0.302713 1 0 1.000000
0  -17.518101 129.860703 13.356032  0.000000 -0.981296 -0.192505  0.601581 0.302713 1 0 1.000000
0  -18.597155 129.860703 13.356032  0.000007 -0.981300 -0.192485  0.601581 0.302713 1 0 1.000000
blackplastic
0  -18.597155 129.651489 13.587257  0.000000 -0.323937 -0.946078  0.601581 0.302713 1 0 1.000000
0  -18.597155 129.860703 13.356032  0.000007 -0.981300 -0.192485  0.601581 0.302713 1 0 1.000000
0  -17.518101 129.860703 13.356032  0.000000 -0.981296 -0.192505  0.601581 0.302713 1 0 1.000000
blackplastic
0  -33.186386 115.755936 10.482230  0.056437 -0.913886 -0.402028  0.601581 0.302713 1 0 1.000000
0  -33.087288 115.711899 10.603348  0.056199 -0.913859 -0.402123  0.601581 0.302713 1 0 1.000000
0  -33.516708 115.535721 10.933670  -0.035960 -0.938496 -0.343412  0.601581 0.302713 1 0 1.000000
blackplastic
0  -33.516708 115.535721 10.933670  -0.035960 -0.938496 -0.343412  0.601581 0.302713 1 0 1.000000
0  -33.626816 115.579765 10.823563  -0.041006 -0.940041 -0.338587  0.601581 0.302713 1 0 1.000000
0  -33.186386 115.755936 10.482230  0.056437 -0.913886 -0.402028  0.601581 0.302713 1 0 1.000000
blackplastic
0  -33.626816 115.579765 10.823563  -0.041006 -0.940041 -0.338587  0.601581 0.302713 1 0 1.000000
0  -33.516708 115.535721 10.933670  -0.035960 -0.938496 -0.343412  0.601581 0.302713 1 0 1.000000
0  -34.001183 115.458649 11.352078  -0.157377 -0.962290 -0.221880  0.601581 0.302713 1 0 1.000000
blackplastic
0  -34.001183 115.458649 11.352078  -0.157377 -0.962290 -0.221880  0.601581 0.302713 1 0 1.000000
0  -34.111290 115.502693 11.241971  -0.161790 -0.962608 -0.217280  0.601581 0.302713 1 0 1.000000
0  -33.626816 115.579765 10.823563  -0.041006 -0.940041 -0.338587  0.601581 0.302713 1 0 1.000000
blackplastic
0  -34.111290 115.502693 11.241971  -0.161790 -0.962608 -0.217280  0.601581 0.302713 1 0 1.000000
0  -34.001183 115.458649 11.352078  -0.157377 -0.962290 -0.221880  0.601581 0.302713 1 0 1.000000
0  -35.058212 115.480667 12.310013  -0.189442 -0.963780 -0.187725  0.601581 0.302713 1 0 1.000000
blackplastic
0  -35.058212 115.480667 12.310013  -0.189442 -0.963780 -0.187725  0.601581 0.302713 1 0 1.000000
0  -35.179329 115.524712 12.210917  -0.189403 -0.963794 -0.187688  0.601581 0.302713 1 0 1.000000
0  -34.111290 115.502693 11.241971  -0.161790 -0.962608 -0.217280  0.601581 0.302713 1 0 1.000000
blackplastic
0  8.500285 127.306206 11.693408  -0.913721 0.381307 0.140423  0.601581 0.302713 1 0 1.000000
0  8.026823 127.196098 11.352075  -0.003475 0.989825 -0.142248  0.601581 0.302713 1 0 1.000000
0  8.412199 127.019928 11.715429  -0.755606 0.651294 0.069821  0.601581 0.302713 1 0 1.000000
blackplastic
0  1.992936 127.008919 11.693409  0.015878 0.995466 -0.093780  0.601581 0.302713 1 0 1.000000
0  8.412199 127.019928 11.715429  -0.755606 0.651294 0.069821  0.601581 0.302713 1 0 1.000000
0  8.026823 127.196098 11.352075  -0.003475 0.989825 -0.142248  0.601581 0.302713 1 0 1.000000
blackplastic
0  8.026823 127.196098 11.352075  -0.003475 0.989825 -0.142248  0.601581 0.302713 1 0 1.000000
0  2.158097 127.207108 11.352076  0.006006 0.989791 -0.142399  0.601581 0.302713 1 0 1.000000
0  1.992936 127.008919 11.693409  0.015878 0.995466 -0.093780  0.601581 0.302713 1 0 1.000000
blackplastic
0  2.158097 127.207108 11.352076  0.006006 0.989791 -0.142399  0.601581 0.302713 1 0 1.000000
0  1.706656 127.317215 11.693409  0.927879 0.357750 0.105146  0.601581 0.302713 1 0 1.000000
0  1.992936 127.008919 11.693409  0.015878 0.995466 -0.093780  0.601581 0.302713 1 0 1.000000
blackplastic
0  -17.187778 124.267242 8.984767  0.195210 -0.980741 0.006341  0.601581 0.302713 1 0 1.000000
0  -19.973497 123.705696 9.105886  0.222314 -0.969499 -0.103190  0.601581 0.302713 1 0 1.000000
0  -17.242832 124.267242 8.830617  0.151405 -0.987640 -0.040546  0.601581 0.302713 1 0 1.000000
blackplastic
0  -19.973497 123.705696 9.105886  0.222314 -0.969499 -0.103190  0.601581 0.302713 1 0 1.000000
0  -19.973497 123.727715 8.940725  0.217791 -0.971074 -0.097890  0.601581 0.302713 1 0 1.000000
0  -17.242832 124.267242 8.830617  0.151405 -0.987640 -0.040546  0.601581 0.302713 1 0 1.000000
blackplastic
0  -19.973497 123.727715 8.940725  0.217791 -0.971074 -0.097890  0.601581 0.302713 1 0 1.000000
0  -19.973497 123.705696 9.105886  0.222314 -0.969499 -0.103190  0.601581 0.302713 1 0 1.000000
0  -23.507944 122.615631 9.127908  0.281602 -0.897153 -0.340319  0.601581 0.302713 1 0 1.000000
blackplastic
0  -19.973497 123.705696 9.105886  0.222314 -0.969499 -0.103190  0.601581 0.302713 1 0 1.000000
0  -23.507944 122.549568 9.282058  0.279496 -0.896437 -0.343923  0.601581 0.302713 1 0 1.000000
0  -23.507944 122.615631 9.127908  0.281602 -0.897153 -0.340319  0.601581 0.302713 1 0 1.000000
blackplastic
0  -8.643440 121.734772 17.418995  0.704523 -0.004471 -0.709667  0.601581 0.302713 1 0 1.000000
0  -8.808601 121.745781 17.011597  0.999987 -0.000277 -0.005000  0.601581 0.302713 1 0 1.000000
0  -8.643440 122.032059 17.418995  0.708731 -0.004464 -0.705465  0.601581 0.302713 1 0 1.000000
blackplastic
0  -8.808601 121.745781 17.011597  0.999987 -0.000277 -0.005000  0.601581 0.302713 1 0 1.000000
0  -8.808601 122.043076 17.011597  0.999993 -0.000185 0.003802  0.601581 0.302713 1 0 1.000000
0  -8.643440 122.032059 17.418995  0.708731 -0.004464 -0.705465  0.601581 0.302713 1 0 1.000000
blackplastic
0  -8.808601 121.745781 17.011597  0.999987 -0.000277 -0.005000  0.601581 0.302713 1 0 1.000000
0  -8.643440 121.756790 16.615211  0.708960 0.004521 0.705234  0.601581 0.302713 1 0 1.000000
0  -8.808601 122.043076 17.011597  0.999993 -0.000185 0.003802  0.601581 0.302713 1 0 1.000000
blackplastic
0  -8.643440 121.756790 16.615211  0.708960 0.004521 0.705234  0.601581 0.302713 1 0 1.000000
0  -8.643440 122.054085 16.604200  0.704481 0.004567 0.709708  0.601581 0.302713 1 0 1.000000
0  -8.808601 122.043076 17.011597  0.999993 -0.000185 0.003802  0.601581 0.302713 1 0 1.000000
blackplastic
0  -8.643440 121.756790 16.615211  0.708960 0.004521 0.705234  0.601581 0.302713 1 0 1.000000
0  -8.236043 121.767807 16.439039  -0.000149 0.002273 0.999997  0.601581 0.302713 1 0 1.000000
0  -8.643440 122.054085 16.604200  0.704481 0.004567 0.709708  0.601581 0.302713 1 0 1.000000
blackplastic
0  -8.236043 121.767807 16.439039  -0.000149 0.002273 0.999997  0.601581 0.302713 1 0 1.000000
0  -8.236043 122.065094 16.439039  -0.000563 0.006553 0.999978  0.601581 0.302713 1 0 1.000000
0  -8.643440 122.054085 16.604200  0.704481 0.004567 0.709708  0.601581 0.302713 1 0 1.000000
blackplastic
0  -7.828646 122.054085 16.604200  -0.704733 0.004635 0.709458  0.601581 0.302713 1 0 1.000000
0  -8.236043 122.065094 16.439039  -0.000563 0.006553 0.999978  0.601581 0.302713 1 0 1.000000
0  -8.236043 121.767807 16.439039  -0.000149 0.002273 0.999997  0.601581 0.302713 1 0 1.000000
blackplastic
0  -8.236043 121.767807 16.439039  -0.000149 0.002273 0.999997  0.601581 0.302713 1 0 1.000000
0  -7.828646 121.756790 16.615211  -0.709215 0.004599 0.704977  0.601581 0.302713 1 0 1.000000
0  -7.828646 122.054085 16.604200  -0.704733 0.004635 0.709458  0.601581 0.302713 1 0 1.000000
blackplastic
0  -7.663485 122.043076 17.011597  -0.999992 0.000127 0.003952  0.601581 0.302713 1 0 1.000000
0  -7.828646 122.054085 16.604200  -0.704733 0.004635 0.709458  0.601581 0.302713 1 0 1.000000
0  -7.828646 121.756790 16.615211  -0.709215 0.004599 0.704977  0.601581 0.302713 1 0 1.000000
blackplastic
0  -7.828646 121.756790 16.615211  -0.709215 0.004599 0.704977  0.601581 0.302713 1 0 1.000000
0  -7.663485 121.745781 17.011597  -0.999988 -0.000002 -0.004933  0.601581 0.302713 1 0 1.000000
0  -7.663485 122.043076 17.011597  -0.999992 0.000127 0.003952  0.601581 0.302713 1 0 1.000000
blackplastic
0  -7.828646 122.032059 17.418995  -0.708438 -0.004264 -0.705760  0.601581 0.302713 1 0 1.000000
0  -7.663485 122.043076 17.011597  -0.999992 0.000127 0.003952  0.601581 0.302713 1 0 1.000000
0  -7.663485 121.745781 17.011597  -0.999988 -0.000002 -0.004933  0.601581 0.302713 1 0 1.000000
blackplastic
0  -7.663485 121.745781 17.011597  -0.999988 -0.000002 -0.004933  0.601581 0.302713 1 0 1.000000
0  -7.828646 121.734772 17.418995  -0.704096 -0.009637 -0.710039  0.601581 0.302713 1 0 1.000000
0  -7.828646 122.032059 17.418995  -0.708438 -0.004264 -0.705760  0.601581 0.302713 1 0 1.000000
blackplastic
0  -8.236043 122.032059 17.595167  -0.000098 -0.005866 -0.999983  0.601581 0.302713 1 0 1.000000
0  -7.828646 122.032059 17.418995  -0.708438 -0.004264 -0.705760  0.601581 0.302713 1 0 1.000000
0  -7.828646 121.734772 17.418995  -0.704096 -0.009637 -0.710039  0.601581 0.302713 1 0 1.000000
blackplastic
0  -7.828646 121.734772 17.418995  -0.704096 -0.009637 -0.710039  0.601581 0.302713 1 0 1.000000
0  -8.236043 121.734772 17.595167  -0.000012 0.000000 -1.000000  0.601581 0.302713 1 0 1.000000
0  -8.236043 122.032059 17.595167  -0.000098 -0.005866 -0.999983  0.601581 0.302713 1 0 1.000000
blackplastic
0  -8.236043 121.734772 17.595167  -0.000012 0.000000 -1.000000  0.601581 0.302713 1 0 1.000000
0  -8.643440 121.734772 17.418995  0.704523 -0.004471 -0.709667  0.601581 0.302713 1 0 1.000000
0  -8.236043 122.032059 17.595167  -0.000098 -0.005866 -0.999983  0.601581 0.302713 1 0 1.000000
blackplastic
0  -8.643440 121.734772 17.418995  0.704523 -0.004471 -0.709667  0.601581 0.302713 1 0 1.000000
0  -8.643440 122.032059 17.418995  0.708731 -0.004464 -0.705465  0.601581 0.302713 1 0 1.000000
0  -8.236043 122.032059 17.595167  -0.000098 -0.005866 -0.999983  0.601581 0.302713 1 0 1.000000
blackplastic
0  -37.106209 115.678864 18.751297  0.960146 -0.187002 0.207726  0.601581 0.302713 1 0 1.000000
0  -36.500618 118.916023 18.861404  0.963535 -0.224910 0.144971  0.601581 0.302713 1 0 1.000000
0  -37.139244 115.766953 18.949490  0.962105 -0.187691 0.197801  0.601581 0.302713 1 0 1.000000
blackplastic
0  -37.139244 115.766953 18.949490  0.962105 -0.187691 0.197801  0.601581 0.302713 1 0 1.000000
0  -36.500618 118.916023 18.861404  0.963535 -0.224910 0.144971  0.601581 0.302713 1 0 1.000000
0  -37.106209 115.976151 19.048588  0.962101 -0.187686 0.197828  0.601581 0.302713 1 0 1.000000
blackplastic
0  -37.106209 115.976151 19.048588  0.962101 -0.187686 0.197828  0.601581 0.302713 1 0 1.000000
0  -36.500618 118.916023 18.861404  0.963535 -0.224910 0.144971  0.601581 0.302713 1 0 1.000000
0  -36.533653 118.927032 19.125662  0.963019 -0.227500 0.144353  0.601581 0.302713 1 0 1.000000
blackplastic
0  -36.533653 118.927032 19.125662  0.963019 -0.227500 0.144353  0.601581 0.302713 1 0 1.000000
0  -36.500618 118.916023 18.861404  0.963535 -0.224910 0.144971  0.601581 0.302713 1 0 1.000000
0  -35.333481 121.129181 18.927469  0.698327 -0.708990 0.098350  0.601581 0.302713 1 0 1.000000
blackplastic
0  -35.333481 121.129181 18.927469  0.698327 -0.708990 0.098350  0.601581 0.302713 1 0 1.000000
0  -35.344490 121.151199 19.191727  0.696207 -0.711127 0.097953  0.601581 0.302713 1 0 1.000000
0  -36.533653 118.927032 19.125662  0.963019 -0.227500 0.144353  0.601581 0.302713 1 0 1.000000
blackplastic
0  -35.344490 121.151199 19.191727  0.696207 -0.711127 0.097953  0.601581 0.302713 1 0 1.000000
0  -35.333481 121.129181 18.927469  0.698327 -0.708990 0.098350  0.601581 0.302713 1 0 1.000000
0  -33.626816 121.999031 18.949490  0.215894 -0.973190 0.079319  0.601581 0.302713 1 0 1.000000
blackplastic
0  -33.626816 121.999031 18.949490  0.215894 -0.973190 0.079319  0.601581 0.302713 1 0 1.000000
0  -33.626816 122.021049 19.213749  0.213920 -0.973625 0.079322  0.601581 0.302713 1 0 1.000000
0  -35.344490 121.151199 19.191727  0.696207 -0.711127 0.097953  0.601581 0.302713 1 0 1.000000
blackplastic
0  -33.626816 122.021049 19.213749  0.213920 -0.973625 0.079322  0.601581 0.302713 1 0 1.000000
0  -33.626816 121.999031 18.949490  0.215894 -0.973190 0.079319  0.601581 0.302713 1 0 1.000000
0  -31.732967 122.197220 18.960501  -0.424198 -0.898287 0.114610  0.601581 0.302713 1 0 1.000000
blackplastic
0  -31.732967 122.197220 18.960501  -0.424198 -0.898287 0.114610  0.601581 0.302713 1 0 1.000000
0  -31.710947 122.219246 19.224758  -0.429979 -0.895498 0.114897  0.601581 0.302713 1 0 1.000000
0  -33.626816 122.021049 19.213749  0.213920 -0.973625 0.079322  0.601581 0.302713 1 0 1.000000
blackplastic
0  -31.710947 122.219246 19.224758  -0.429979 -0.895498 0.114897  0.601581 0.302713 1 0 1.000000
0  -31.732967 122.197220 18.960501  -0.424198 -0.898287 0.114610  0.601581 0.302713 1 0 1.000000
0  -31.402645 121.712753 19.202738  -0.994238 -0.030886 0.102653  0.601581 0.302713 1 0 1.000000
blackplastic
0  -31.732967 122.197220 18.960501  -0.424198 -0.898287 0.114610  0.601581 0.302713 1 0 1.000000
0  -31.424667 121.690727 18.938480  -0.994564 -0.025027 0.101074  0.601581 0.302713 1 0 1.000000
0  -31.402645 121.712753 19.202738  -0.994238 -0.030886 0.102653  0.601581 0.302713 1 0 1.000000
blackplastic
0  -31.402645 121.712753 19.202738  -0.994238 -0.030886 0.102653  0.601581 0.302713 1 0 1.000000
0  -31.424667 121.690727 18.938480  -0.994564 -0.025027 0.101074  0.601581 0.302713 1 0 1.000000
0  -31.402645 119.962044 19.158695  -0.995157 -0.023892 0.095350  0.601581 0.302713 1 0 1.000000
blackplastic
0  -31.424667 121.690727 18.938480  -0.994564 -0.025027 0.101074  0.601581 0.302713 1 0 1.000000
0  -31.424667 119.940018 18.894436  -0.995124 -0.028113 0.094542  0.601581 0.302713 1 0 1.000000
0  -31.402645 119.962044 19.158695  -0.995157 -0.023892 0.095350  0.601581 0.302713 1 0 1.000000
blackplastic
0  -31.402645 119.962044 19.158695  -0.995157 -0.023892 0.095350  0.601581 0.302713 1 0 1.000000
0  -31.424667 119.940018 18.894436  -0.995124 -0.028113 0.094542  0.601581 0.302713 1 0 1.000000
0  -30.874130 119.389481 19.136673  -0.016993 -0.999856 0.000014  0.601581 0.302713 1 0 1.000000
blackplastic
0  -31.424667 119.940018 18.894436  -0.995124 -0.028113 0.094542  0.601581 0.302713 1 0 1.000000
0  -30.874130 119.389481 18.872416  -0.016794 -0.999859 0.000000  0.601581 0.302713 1 0 1.000000
0  -30.874130 119.389481 19.136673  -0.016993 -0.999856 0.000014  0.601581 0.302713 1 0 1.000000
blackplastic
0  -30.874130 119.389481 19.136673  -0.016993 -0.999856 0.000014  0.601581 0.302713 1 0 1.000000
0  -30.874130 119.389481 18.872416  -0.016794 -0.999859 0.000000  0.601581 0.302713 1 0 1.000000
0  -27.053402 119.389481 18.872416  0.001721 -0.999998 0.000423  0.601581 0.302713 1 0 1.000000
blackplastic
0  -27.053402 119.389481 18.872416  0.001721 -0.999998 0.000423  0.601581 0.302713 1 0 1.000000
0  -26.811167 119.466560 19.125662  0.001700 -0.999999 0.000462  0.601581 0.302713 1 0 1.000000
0  -30.874130 119.389481 19.136673  -0.016993 -0.999856 0.000014  0.601581 0.302713 1 0 1.000000
blackplastic
0  -17.242832 124.267242 8.830617  0.110273 -0.976631 -0.184475  0.601581 0.302713 1 0 1.000000
0  -13.807480 124.366341 8.819606  0.193450 -0.974989 -0.109420  0.601581 0.302713 1 0 1.000000
0  -17.187778 124.267242 8.984767  0.110323 -0.976627 -0.184468  0.601581 0.302713 1 0 1.000000
blackplastic
0  -13.807480 124.366341 8.819606  0.193450 -0.974989 -0.109420  0.601581 0.302713 1 0 1.000000
0  -13.807480 124.344315 8.984767  0.193427 -0.975058 -0.108846  0.601581 0.302713 1 0 1.000000
0  -17.187778 124.267242 8.984767  0.110323 -0.976627 -0.184468  0.601581 0.302713 1 0 1.000000
blackplastic
0  -13.807480 124.344315 8.984767  0.193427 -0.975058 -0.108846  0.601581 0.302713 1 0 1.000000
0  -13.807480 124.366341 8.819606  0.193450 -0.974989 -0.109420  0.601581 0.302713 1 0 1.000000
0  -13.201889 125.280228 9.017799  0.408657 -0.906907 -0.102561  0.601581 0.302713 1 0 1.000000
blackplastic
0  -13.807480 124.366341 8.819606  0.193450 -0.974989 -0.109420  0.601581 0.302713 1 0 1.000000
0  -13.201889 125.302254 8.852638  0.408720 -0.906968 -0.101772  0.601581 0.302713 1 0 1.000000
0  -13.201889 125.280228 9.017799  0.408657 -0.906907 -0.102561  0.601581 0.302713 1 0 1.000000
blackplastic
0  -13.201889 125.280228 9.017799  0.408657 -0.906907 -0.102561  0.601581 0.302713 1 0 1.000000
0  -13.201889 125.302254 8.852638  0.408720 -0.906968 -0.101772  0.601581 0.302713 1 0 1.000000
0  -12.354062 125.489433 9.017799  0.090804 -0.989656 -0.111067  0.601581 0.302713 1 0 1.000000
blackplastic
0  -13.201889 125.302254 8.852638  0.408720 -0.906968 -0.101772  0.601581 0.302713 1 0 1.000000
0  -12.354062 125.511459 8.852638  0.090806 -0.989656 -0.111064  0.601581 0.302713 1 0 1.000000
0  -12.354062 125.489433 9.017799  0.090804 -0.989656 -0.111067  0.601581 0.302713 1 0 1.000000
blackplastic
0  -12.354062 125.489433 9.017799  0.090804 -0.989656 -0.111067  0.601581 0.302713 1 0 1.000000
0  -12.354062 125.511459 8.852638  0.090806 -0.989656 -0.111064  0.601581 0.302713 1 0 1.000000
0  -0.000009 125.511459 8.852637  0.000001 -0.993762 -0.111523  0.601581 0.302713 1 0 1.000000
blackplastic
0  -0.000009 125.511459 8.852637  0.000001 -0.993762 -0.111523  0.601581 0.302713 1 0 1.000000
0  -0.000009 125.489433 9.017798  -0.000090 -0.993757 -0.111570  0.601581 0.302713 1 0 1.000000
0  -12.354062 125.489433 9.017799  0.090804 -0.989656 -0.111067  0.601581 0.302713 1 0 1.000000
blackplastic
0  12.354045 125.489433 9.017797  -0.090804 -0.989656 -0.111068  0.601581 0.302713 1 0 1.000000
0  -0.000009 125.489433 9.017798  -0.000090 -0.993757 -0.111570  0.601581 0.302713 1 0 1.000000
0  -0.000009 125.511459 8.852637  0.000001 -0.993762 -0.111523  0.601581 0.302713 1 0 1.000000
blackplastic
0  -0.000009 125.511459 8.852637  0.000001 -0.993762 -0.111523  0.601581 0.302713 1 0 1.000000
0  12.354045 125.511459 8.852636  -0.090806 -0.989656 -0.111064  0.601581 0.302713 1 0 1.000000
0  12.354045 125.489433 9.017797  -0.090804 -0.989656 -0.111068  0.601581 0.302713 1 0 1.000000
blackplastic
0  12.354045 125.489433 9.017797  -0.090804 -0.989656 -0.111068  0.601581 0.302713 1 0 1.000000
0  12.354045 125.511459 8.852636  -0.090806 -0.989656 -0.111064  0.601581 0.302713 1 0 1.000000
0  13.201872 125.302254 8.852636  -0.408721 -0.906967 -0.101769  0.601581 0.302713 1 0 1.000000
blackplastic
0  13.201872 125.280228 9.017797  -0.408716 -0.906971 -0.101759  0.601581 0.302713 1 0 1.000000
0  12.354045 125.489433 9.017797  -0.090804 -0.989656 -0.111068  0.601581 0.302713 1 0 1.000000
0  13.201872 125.302254 8.852636  -0.408721 -0.906967 -0.101769  0.601581 0.302713 1 0 1.000000
blackplastic
0  13.201872 125.280228 9.017797  -0.408716 -0.906971 -0.101759  0.601581 0.302713 1 0 1.000000
0  13.201872 125.302254 8.852636  -0.408721 -0.906967 -0.101769  0.601581 0.302713 1 0 1.000000
0  13.807463 124.366341 8.819604  -0.193450 -0.975352 -0.106137  0.601581 0.302713 1 0 1.000000
blackplastic
0  13.807463 124.344315 8.984765  -0.193391 -0.975001 -0.109418  0.601581 0.302713 1 0 1.000000
0  13.201872 125.280228 9.017797  -0.408716 -0.906971 -0.101759  0.601581 0.302713 1 0 1.000000
0  13.807463 124.366341 8.819604  -0.193450 -0.975352 -0.106137  0.601581 0.302713 1 0 1.000000
blackplastic
0  17.187759 124.267242 8.984765  -0.110326 -0.976627 -0.184467  0.601581 0.302713 1 0 1.000000
0  13.807463 124.344315 8.984765  -0.193391 -0.975001 -0.109418  0.601581 0.302713 1 0 1.000000
0  13.807463 124.366341 8.819604  -0.193450 -0.975352 -0.106137  0.601581 0.302713 1 0 1.000000
blackplastic
0  17.242813 124.267242 8.830615  -0.110281 -0.976631 -0.184471  0.601581 0.302713 1 0 1.000000
0  17.187759 124.267242 8.984765  -0.110326 -0.976627 -0.184467  0.601581 0.302713 1 0 1.000000
0  13.807463 124.366341 8.819604  -0.193450 -0.975352 -0.106137  0.601581 0.302713 1 0 1.000000
black
0  -11.605331 126.414337 18.233789  0.906448 0.334592 0.257684  0.973418 0.987304 1 0 1.000000
0  -11.847568 128.517395 16.163771  0.908108 0.335013 0.251208  0.976836 0.984375 1 0 1.000000
0  -11.396128 126.447372 18.409962  0.003583 -0.672125 -0.740429  0.973418 0.987304 1 0 1.000000
black
0  -11.847568 128.517395 16.163771  0.908108 0.335013 0.251208  0.976836 0.984375 1 0 1.000000
0  -11.660385 128.770630 16.196802  -0.000291 -0.703424 -0.710771  0.977325 0.984375 1 0 1.000000
0  -11.396128 126.447372 18.409962  0.003583 -0.672125 -0.740429  0.973418 0.987304 1 0 1.000000
black
0  11.847550 128.517395 16.163771  -0.907964 0.334894 0.251888  0.983673 0.968505 1 0 1.000000
0  11.660368 128.770630 16.196802  0.000269 -0.951525 0.307571  0.984161 0.968749 1 0 1.000000
0  10.173918 127.515411 12.343041  -0.000067 -0.948915 0.315531  0.981231 0.963622 1 0 1.000000
black
0  10.173918 127.515411 12.343041  -0.000067 -0.948915 0.315531  0.981231 0.963622 1 0 1.000000
0  10.085832 127.152054 11.770483  -0.914245 0.336731 0.225318  0.980743 0.962645 1 0 1.000000
0  11.847550 128.517395 16.163771  -0.907964 0.334894 0.251888  0.983673 0.968505 1 0 1.000000
black
0  9.986735 127.350250 11.847558  -0.000864 -0.949979 0.312311  0.981231 0.962889 1 0 1.000000
0  10.085832 127.152054 11.770483  -0.914245 0.336731 0.225318  0.980743 0.962645 1 0 1.000000
0  10.173918 127.515411 12.343041  -0.000067 -0.948915 0.315531  0.981231 0.963622 1 0 1.000000
black
0  9.986735 127.350250 11.847558  -0.000864 -0.949979 0.312311  0.981231 0.962889 1 0 1.000000
0  10.173918 127.515411 12.343041  -0.000067 -0.948915 0.315531  0.981231 0.963622 1 0 1.000000
0  9.931682 127.427322 12.056763  -0.000481 -0.949061 0.315091  0.981231 0.963378 1 0 1.000000
black
0  9.986735 127.350250 11.847558  -0.000864 -0.949979 0.312311  0.981231 0.962889 1 0 1.000000
0  9.931682 127.427322 12.056763  -0.000481 -0.949061 0.315091  0.981231 0.963378 1 0 1.000000
0  9.634392 127.394295 11.979687  -0.000096 -0.949109 0.314947  0.981231 0.963378 1 0 1.000000
black
0  9.986735 127.350250 11.847558  -0.000864 -0.949979 0.312311  0.981231 0.962889 1 0 1.000000
0  9.634392 127.394295 11.979687  -0.000096 -0.949109 0.314947  0.981231 0.963378 1 0 1.000000
0  8.346134 127.361259 11.858569  -0.000177 -0.951108 0.308858  0.980743 0.964110 1 0 1.000000
black
0  9.986735 127.350250 11.847558  -0.000864 -0.949979 0.312311  0.981231 0.962889 1 0 1.000000
0  8.346134 127.361259 11.858569  -0.000177 -0.951108 0.308858  0.980743 0.964110 1 0 1.000000
0  8.225017 127.174080 11.528247  0.000011 -0.948885 0.315621  0.980255 0.963622 1 0 1.000000
black
0  8.346134 127.361259 11.858569  -0.000177 -0.951108 0.308858  0.980743 0.964110 1 0 1.000000
0  -0.000009 127.394295 11.979688  -0.000000 -0.948990 0.315307  0.978301 0.969726 1 0 1.000000
0  8.225017 127.174080 11.528247  0.000011 -0.948885 0.315621  0.980255 0.963622 1 0 1.000000
black
0  -0.000009 127.394295 11.979688  -0.000000 -0.948990 0.315307  0.978301 0.969726 1 0 1.000000
0  -0.000009 127.141045 11.197926  -0.000000 -0.948959 0.315399  0.977813 0.968505 1 0 1.000000
0  8.225017 127.174080 11.528247  0.000011 -0.948885 0.315621  0.980255 0.963622 1 0 1.000000
black
0  -8.225034 127.174080 11.528249  0.000013 -0.948901 0.315575  0.975372 0.974609 1 0 1.000000
0  -0.000009 127.141045 11.197926  -0.000000 -0.948959 0.315399  0.977813 0.968505 1 0 1.000000
0  -0.000009 127.394295 11.979688  -0.000000 -0.948990 0.315307  0.978301 0.969726 1 0 1.000000
black
0  -8.346151 127.361259 11.858571  0.000193 -0.951094 0.308902  0.975860 0.975341 1 0 1.000000
0  -8.225034 127.174080 11.528249  0.000013 -0.948901 0.315575  0.975372 0.974609 1 0 1.000000
0  -0.000009 127.394295 11.979688  -0.000000 -0.948990 0.315307  0.978301 0.969726 1 0 1.000000
black
0  -8.225034 127.174080 11.528249  0.000013 -0.948901 0.315575  0.975372 0.974609 1 0 1.000000
0  -8.346151 127.361259 11.858571  0.000193 -0.951094 0.308902  0.975860 0.975341 1 0 1.000000
0  -9.986753 127.350250 11.847560  0.000772 -0.950014 0.312206  0.975372 0.976318 1 0 1.000000
black
0  -9.986753 127.350250 11.847560  0.000772 -0.950014 0.312206  0.975372 0.976318 1 0 1.000000
0  -8.346151 127.361259 11.858571  0.000193 -0.951094 0.308902  0.975860 0.975341 1 0 1.000000
0  -9.634409 127.394295 11.979689  0.000060 -0.949097 0.314984  0.975372 0.976318 1 0 1.000000
black
0  -9.986753 127.350250 11.847560  0.000772 -0.950014 0.312206  0.975372 0.976318 1 0 1.000000
0  -9.634409 127.394295 11.979689  0.000060 -0.949097 0.314984  0.975372 0.976318 1 0 1.000000
0  -9.931699 127.427322 12.056765  0.000507 -0.949079 0.315039  0.975372 0.976562 1 0 1.000000
black
0  -9.986753 127.350250 11.847560  0.000772 -0.950014 0.312206  0.975372 0.976318 1 0 1.000000
0  -9.931699 127.427322 12.056765  0.000507 -0.949079 0.315039  0.975372 0.976562 1 0 1.000000
0  -10.173935 127.515411 12.343043  -0.000344 -0.949027 0.315194  0.975372 0.977294 1 0 1.000000
black
0  -9.986753 127.350250 11.847560  0.000772 -0.950014 0.312206  0.975372 0.976318 1 0 1.000000
0  -10.173935 127.515411 12.343043  -0.000344 -0.949027 0.315194  0.975372 0.977294 1 0 1.000000
0  -10.085849 127.152054 11.770485  0.914155 0.336883 0.225457  0.974883 0.976318 1 0 1.000000
black
0  -11.847568 128.517395 16.163771  0.908108 0.335013 0.251208  0.976836 0.984375 1 0 1.000000
0  -10.085849 127.152054 11.770485  0.914155 0.336883 0.225457  0.974883 0.976318 1 0 1.000000
0  -10.173935 127.515411 12.343043  -0.000344 -0.949027 0.315194  0.975372 0.977294 1 0 1.000000
black
0  -10.173935 127.515411 12.343043  -0.000344 -0.949027 0.315194  0.975372 0.977294 1 0 1.000000
0  -11.660385 128.770630 16.196802  -0.000262 -0.951532 0.307550  0.977325 0.984375 1 0 1.000000
0  -11.847568 128.517395 16.163771  0.908108 0.335013 0.251208  0.976836 0.984375 1 0 1.000000
black
0  -9.634409 127.394295 11.979689  0.000060 -0.949097 0.314984  0.975372 0.976318 1 0 1.000000
0  -8.346151 127.361259 11.858571  0.000193 -0.951094 0.308902  0.975860 0.975341 1 0 1.000000
0  -0.000009 127.394295 11.979688  -0.000000 -0.948990 0.315307  0.978301 0.969726 1 0 1.000000
black
0  8.225017 127.174080 11.528247  0.000011 -0.948885 0.315621  0.980255 0.963622 1 0 1.000000
0  10.085832 127.152054 11.770483  -0.914245 0.336731 0.225318  0.980743 0.962645 1 0 1.000000
0  9.986735 127.350250 11.847558  -0.000864 -0.949979 0.312311  0.981231 0.962889 1 0 1.000000
black
0  9.634392 127.394295 11.979687  -0.000096 -0.949109 0.314947  0.981231 0.963378 1 0 1.000000
0  -0.000009 127.394295 11.979688  -0.000000 -0.948990 0.315307  0.978301 0.969726 1 0 1.000000
0  8.346134 127.361259 11.858569  -0.000177 -0.951108 0.308858  0.980743 0.964110 1 0 1.000000
black
0  -9.986753 127.350250 11.847560  0.000772 -0.950014 0.312206  0.975372 0.976318 1 0 1.000000
0  -10.085849 127.152054 11.770485  0.914155 0.336883 0.225457  0.974883 0.976318 1 0 1.000000
0  -8.225034 127.174080 11.528249  0.000013 -0.948901 0.315575  0.975372 0.974609 1 0 1.000000
black
0  1.761711 121.756790 18.299854  0.000070 0.534459 -0.845195  0.971954 0.980712 1 0 1.000000
0  2.003947 121.767807 18.079639  0.000073 0.534474 -0.845185  0.971954 0.980224 1 0 1.000000
0  1.827775 121.767807 18.134693  0.000176 0.534454 -0.845198  0.971954 0.980468 1 0 1.000000
black
0  2.003947 121.767807 18.079639  0.000073 0.534474 -0.845185  0.971954 0.980224 1 0 1.000000
0  1.761711 121.756790 18.299854  0.000070 0.534459 -0.845195  0.971954 0.980712 1 0 1.000000
0  8.247039 121.756790 18.299854  0.000186 0.534777 -0.844993  0.962188 0.980712 1 0 1.000000
black
0  8.247039 121.756790 18.299854  0.000005 0.534826 -0.844962  0.962188 0.980712 1 0 1.000000
0  8.026824 121.767807 18.079639  0.000061 0.534779 -0.844992  0.962676 0.980468 1 0 1.000000
0  2.003947 121.767807 18.079639  0.000179 0.534468 -0.845189  0.971954 0.980224 1 0 1.000000
black
0  8.247039 121.756790 18.299854  0.000005 0.534826 -0.844962  0.962188 0.980712 1 0 1.000000
0  8.191985 121.767807 18.145704  -0.000049 0.534661 -0.845067  0.962188 0.980712 1 0 1.000000
0  8.026824 121.767807 18.079639  0.000061 0.534779 -0.844992  0.962676 0.980468 1 0 1.000000
black
0  7.101921 122.263290 11.627343  -0.997905 0.035951 -0.053781  0.963652 0.970702 1 0 1.000000
0  6.936759 122.626640 11.561279  -0.629128 -0.705132 -0.327090  0.964141 0.970458 1 0 1.000000
0  7.245060 122.626640 11.186913  -0.669114 -0.743160 -0.000111  0.963652 0.969970 1 0 1.000000
black
0  7.245060 122.626640 11.186913  -0.669114 -0.743160 -0.000111  0.963652 0.969970 1 0 1.000000
0  7.201017 122.120148 11.352075  0.018604 -0.038061 0.999102  0.963652 0.970214 1 0 1.000000
0  7.101921 122.263290 11.627343  -0.997905 0.035951 -0.053781  0.963652 0.970702 1 0 1.000000
black
0  6.936759 122.626640 11.561279  -0.001330 0.999999 0.000172  0.964141 0.970458 1 0 1.000000
0  -0.000008 122.626640 11.561280  -0.363034 0.931776 -0.000017  0.974395 0.970214 1 0 1.000000
0  -0.000008 122.626640 11.186914  -0.336087 0.941831 0.000016  0.974395 0.969726 1 0 1.000000
black
0  -0.000008 122.626640 11.186914  -0.336087 0.941831 0.000016  0.974395 0.969726 1 0 1.000000
0  7.245060 122.626640 11.186913  -0.669263 -0.743025 -0.000129  0.963652 0.969970 1 0 1.000000
0  6.936759 122.626640 11.561279  -0.001330 0.999999 0.000172  0.964141 0.970458 1 0 1.000000
black
0  -7.245077 122.626640 11.186915  0.669216 -0.743068 0.000076  0.985626 0.969481 1 0 1.000000
0  -7.101938 122.263290 11.627345  0.997915 0.035977 -0.053588  0.985626 0.970214 1 0 1.000000
0  -7.201035 122.120148 11.352077  -0.018758 -0.038227 0.999093  0.985626 0.969726 1 0 1.000000
black
0  -7.101938 122.263290 11.627345  0.997915 0.035977 -0.053588  0.985626 0.970214 1 0 1.000000
0  -7.245077 122.626640 11.186915  0.669216 -0.743068 0.000076  0.985626 0.969481 1 0 1.000000
0  -6.936777 122.626640 11.561281  0.629118 -0.705135 -0.327100  0.985137 0.969970 1 0 1.000000
black
0  -6.936777 122.626640 11.561281  0.001339 0.999999 0.000089  0.985137 0.969970 1 0 1.000000
0  -7.245077 122.626640 11.186915  0.669299 -0.742993 -0.000000  0.985626 0.969481 1 0 1.000000
0  -0.000008 122.626640 11.186914  0.336087 0.941831 0.000016  0.974395 0.969726 1 0 1.000000
black
0  -0.000008 122.626640 11.186914  0.336087 0.941831 0.000016  0.974395 0.969726 1 0 1.000000
0  -0.000008 122.626640 11.561280  0.363034 0.931776 -0.000017  0.974395 0.970214 1 0 1.000000
0  -6.936777 122.626640 11.561281  0.001339 0.999999 0.000089  0.985137 0.969970 1 0 1.000000
black
0  -36.974083 116.460625 16.681276  0.961899 0.172056 0.212480  0.987091 0.976074 1 0 1.000000
0  -35.884018 118.805916 14.269925  0.821267 -0.164029 0.546457  0.986602 0.975341 1 0 1.000000
0  -35.983116 121.008064 15.525150  0.784079 -0.414163 0.462266  0.986602 0.975829 1 0 1.000000
black
0  -36.401524 116.691849 14.996634  0.927763 0.049287 0.369901  0.987091 0.975585 1 0 1.000000
0  -35.884018 118.805916 14.269925  0.821267 -0.164029 0.546457  0.986602 0.975341 1 0 1.000000
0  -36.974083 116.460625 16.681276  0.961899 0.172056 0.212480  0.987091 0.976074 1 0 1.000000
black
0  -30.268539 124.905869 18.498049  0.027251 -0.406272 -0.913346  0.984161 0.977050 1 0 1.000000
0  -31.732967 122.197220 18.960501  -0.042166 -0.081050 -0.995818  0.984649 0.977050 1 0 1.000000
0  -33.626816 121.999031 18.949490  -0.027067 -0.054153 -0.998166  0.985626 0.977050 1 0 1.000000
black
0  -36.060188 123.925911 18.828373  0.606924 -0.771024 -0.192783  0.986114 0.977294 1 0 1.000000
0  -30.268539 124.905869 18.498049  0.027251 -0.406272 -0.913346  0.984161 0.977050 1 0 1.000000
0  -33.626816 121.999031 18.949490  -0.027067 -0.054153 -0.998166  0.985626 0.977050 1 0 1.000000
black
0  -33.626816 121.999031 18.949490  -0.027067 -0.054153 -0.998166  0.985626 0.977050 1 0 1.000000
0  -35.333481 121.129181 18.927469  0.134514 -0.079396 -0.987726  0.986114 0.977050 1 0 1.000000
0  -36.060188 123.925911 18.828373  0.606924 -0.771024 -0.192783  0.986114 0.977294 1 0 1.000000
black
0  -37.117222 119.962044 18.630178  0.883387 -0.214872 -0.416482  0.987091 0.977050 1 0 1.000000
0  -36.060188 123.925911 18.828373  0.606924 -0.771024 -0.192783  0.986114 0.977294 1 0 1.000000
0  -35.333481 121.129181 18.927469  0.134514 -0.079396 -0.987726  0.986114 0.977050 1 0 1.000000
black
0  -35.333481 121.129181 18.927469  0.134514 -0.079396 -0.987726  0.986114 0.977050 1 0 1.000000
0  -36.500618 118.916023 18.861404  0.370307 -0.032748 -0.928332  0.986602 0.977050 1 0 1.000000
0  -37.117222 119.962044 18.630178  0.883387 -0.214872 -0.416482  0.987091 0.977050 1 0 1.000000
black
0  -37.117222 119.962044 18.630178  0.883387 -0.214872 -0.416482  0.987091 0.977050 1 0 1.000000
0  -36.500618 118.916023 18.861404  0.370307 -0.032748 -0.928332  0.986602 0.977050 1 0 1.000000
0  -37.425522 117.198349 18.398952  0.862875 0.202557 -0.463053  0.987091 0.976806 1 0 1.000000
black
0  -36.500618 118.916023 18.861404  0.370307 -0.032748 -0.928332  0.986602 0.977050 1 0 1.000000
0  -37.106209 115.678864 18.751297  0.569339 0.383686 -0.727075  0.987091 0.976806 1 0 1.000000
0  -37.425522 117.198349 18.398952  0.862875 0.202557 -0.463053  0.987091 0.976806 1 0 1.000000
black
0  -36.974083 116.460625 16.681276  0.961899 0.172056 0.212480  0.987091 0.976074 1 0 1.000000
0  -37.425522 117.198349 18.398952  0.862875 0.202557 -0.463053  0.987091 0.976806 1 0 1.000000
0  -37.106209 115.678864 18.751297  0.569339 0.383686 -0.727075  0.987091 0.976806 1 0 1.000000
black
0  -37.106209 115.678864 18.751297  0.569339 0.383686 -0.727075  0.987091 0.976806 1 0 1.000000
0  -36.159286 115.579765 15.128763  0.957659 0.194230 0.212520  0.987091 0.975585 1 0 1.000000
0  -36.974083 116.460625 16.681276  0.961899 0.172056 0.212480  0.987091 0.976074 1 0 1.000000
black
0  -36.974083 116.460625 16.681276  0.961899 0.172056 0.212480  0.987091 0.976074 1 0 1.000000
0  -36.159286 115.579765 15.128763  0.957659 0.194230 0.212520  0.987091 0.975585 1 0 1.000000
0  -36.401524 116.691849 14.996634  0.927763 0.049287 0.369901  0.987091 0.975585 1 0 1.000000
black
0  -36.401524 116.691849 14.996634  0.927763 0.049287 0.369901  0.987091 0.975585 1 0 1.000000
0  -36.159286 115.579765 15.128763  0.957659 0.194230 0.212520  0.987091 0.975585 1 0 1.000000
0  -35.036190 115.502693 12.486185  0.762917 -0.105057 0.637904  0.986602 0.974609 1 0 1.000000
black
0  -36.401524 116.691849 14.996634  0.927763 0.049287 0.369901  0.987091 0.975585 1 0 1.000000
0  -35.036190 115.502693 12.486185  0.762917 -0.105057 0.637904  0.986602 0.974609 1 0 1.000000
0  -35.884018 118.805916 14.269925  0.821267 -0.164029 0.546457  0.986602 0.975341 1 0 1.000000
black
0  -33.153355 117.517654 11.087821  0.473864 -0.276906 0.835928  0.985626 0.974364 1 0 1.000000
0  -35.884018 118.805916 14.269925  0.821267 -0.164029 0.546457  0.986602 0.975341 1 0 1.000000
0  -35.036190 115.502693 12.486185  0.762917 -0.105057 0.637904  0.986602 0.974609 1 0 1.000000
black
0  -33.153355 117.517654 11.087821  0.473864 -0.276906 0.835928  0.985626 0.974364 1 0 1.000000
0  -35.003159 122.395416 14.842484  0.472496 -0.683531 0.556357  0.986114 0.975829 1 0 1.000000
0  -35.884018 118.805916 14.269925  0.821267 -0.164029 0.546457  0.986602 0.975341 1 0 1.000000
black
0  -35.003159 122.395416 14.842484  0.472496 -0.683531 0.556357  0.986114 0.975829 1 0 1.000000
0  -35.983116 121.008064 15.525150  0.784079 -0.414163 0.462266  0.986602 0.975829 1 0 1.000000
0  -35.884018 118.805916 14.269925  0.821267 -0.164029 0.546457  0.986602 0.975341 1 0 1.000000
black
0  -36.665779 121.140190 17.705276  0.934238 -0.356278 0.016279  0.986602 0.976806 1 0 1.000000
0  -35.983116 121.008064 15.525150  0.784079 -0.414163 0.462266  0.986602 0.975829 1 0 1.000000
0  -35.003159 122.395416 14.842484  0.472496 -0.683531 0.556357  0.986114 0.975829 1 0 1.000000
black
0  -35.983116 121.008064 15.525150  0.784079 -0.414163 0.462266  0.986602 0.975829 1 0 1.000000
0  -36.665779 121.140190 17.705276  0.934238 -0.356278 0.016279  0.986602 0.976806 1 0 1.000000
0  -36.974083 116.460625 16.681276  0.961899 0.172056 0.212480  0.987091 0.976074 1 0 1.000000
black
0  -36.974083 116.460625 16.681276  0.961899 0.172056 0.212480  0.987091 0.976074 1 0 1.000000
0  -36.665779 121.140190 17.705276  0.934238 -0.356278 0.016279  0.986602 0.976806 1 0 1.000000
0  -37.117222 119.962044 18.630178  0.883387 -0.214872 -0.416482  0.987091 0.977050 1 0 1.000000
black
0  -37.117222 119.962044 18.630178  0.883387 -0.214872 -0.416482  0.987091 0.977050 1 0 1.000000
0  -37.425522 117.198349 18.398952  0.862875 0.202557 -0.463053  0.987091 0.976806 1 0 1.000000
0  -36.974083 116.460625 16.681276  0.961899 0.172056 0.212480  0.987091 0.976074 1 0 1.000000
black
0  -30.268539 124.905869 18.498049  0.027251 -0.406272 -0.913346  0.984161 0.977050 1 0 1.000000
0  -20.920420 128.253128 16.064676  0.133809 -0.982965 0.125999  0.980743 0.976318 1 0 1.000000
0  -21.977449 126.304230 18.013577  0.005983 -0.448647 -0.893689  0.981231 0.976806 1 0 1.000000
black
0  -20.920420 128.253128 16.064676  0.133809 -0.982965 0.125999  0.980743 0.976318 1 0 1.000000
0  -30.268539 124.905869 18.498049  0.027251 -0.406272 -0.913346  0.984161 0.977050 1 0 1.000000
0  -36.060188 123.925911 18.828373  0.606924 -0.771024 -0.192783  0.986114 0.977294 1 0 1.000000
black
0  -20.920420 128.253128 16.064676  0.133809 -0.982965 0.125999  0.980743 0.976318 1 0 1.000000
0  -36.060188 123.925911 18.828373  0.606924 -0.771024 -0.192783  0.986114 0.977294 1 0 1.000000
0  -35.003159 122.395416 14.842484  0.472496 -0.683531 0.556357  0.986114 0.975829 1 0 1.000000
black
0  -36.060188 123.925911 18.828373  0.606924 -0.771024 -0.192783  0.986114 0.977294 1 0 1.000000
0  -36.665779 121.140190 17.705276  0.934238 -0.356278 0.016279  0.986602 0.976806 1 0 1.000000
0  -35.003159 122.395416 14.842484  0.472496 -0.683531 0.556357  0.986114 0.975829 1 0 1.000000
black
0  -36.060188 123.925911 18.828373  0.606924 -0.771024 -0.192783  0.986114 0.977294 1 0 1.000000
0  -37.117222 119.962044 18.630178  0.883387 -0.214872 -0.416482  0.987091 0.977050 1 0 1.000000
0  -36.665779 121.140190 17.705276  0.934238 -0.356278 0.016279  0.986602 0.976806 1 0 1.000000
black
0  -18.343906 126.139069 9.700465  0.167882 -0.690981 0.703108  0.980255 0.973876 1 0 1.000000
0  -20.920420 128.253128 16.064676  0.133809 -0.982965 0.125999  0.980743 0.976318 1 0 1.000000
0  -35.003159 122.395416 14.842484  0.472496 -0.683531 0.556357  0.986114 0.975829 1 0 1.000000
black
0  -35.036190 115.502693 12.486185  0.762917 -0.105057 0.637904  0.986602 0.974609 1 0 1.000000
0  -35.058212 115.480667 12.310013  0.750371 -0.113603 0.651181  0.986602 0.974609 1 0 1.000000
0  -33.153355 117.517654 11.087821  0.473864 -0.276906 0.835928  0.985626 0.974364 1 0 1.000000
black
0  -35.058212 115.480667 12.310013  0.750371 -0.113603 0.651181  0.986602 0.974609 1 0 1.000000
0  -34.001183 115.458649 11.352078  0.626841 -0.178091 0.758521  0.986114 0.974364 1 0 1.000000
0  -33.153355 117.517654 11.087821  0.473864 -0.276906 0.835928  0.985626 0.974364 1 0 1.000000
black
0  -34.001183 115.458649 11.352078  0.626841 -0.178091 0.758521  0.986114 0.974364 1 0 1.000000
0  -33.516708 115.535721 10.933670  0.566014 -0.201641 0.799356  0.986114 0.974120 1 0 1.000000
0  -33.153355 117.517654 11.087821  0.473864 -0.276906 0.835928  0.985626 0.974364 1 0 1.000000
black
0  -33.516708 115.535721 10.933670  0.566014 -0.201641 0.799356  0.986114 0.974120 1 0 1.000000
0  -33.087288 115.711899 10.603348  0.521150 -0.221336 0.824265  0.986114 0.974120 1 0 1.000000
0  -33.153355 117.517654 11.087821  0.473864 -0.276906 0.835928  0.985626 0.974364 1 0 1.000000
black
0  -17.187778 124.267242 8.984767  0.141536 -0.453246 0.880077  0.979766 0.973632 1 0 1.000000
0  -13.807480 124.344315 8.984767  0.086691 -0.436773 0.895385  0.978790 0.973632 1 0 1.000000
0  -13.994662 126.469391 9.193971  0.099583 -0.690077 0.716852  0.978790 0.973632 1 0 1.000000
black
0  -13.994662 126.469391 9.193971  0.099583 -0.690077 0.716852  0.978790 0.973632 1 0 1.000000
0  -18.343906 126.139069 9.700465  0.167882 -0.690981 0.703108  0.980255 0.973876 1 0 1.000000
0  -17.187778 124.267242 8.984767  0.141536 -0.453246 0.880077  0.979766 0.973632 1 0 1.000000
black
0  -18.343906 126.139069 9.700465  0.167882 -0.690981 0.703108  0.980255 0.973876 1 0 1.000000
0  -19.973497 123.705696 9.105886  0.204485 -0.441913 0.873441  0.980743 0.973632 1 0 1.000000
0  -17.187778 124.267242 8.984767  0.141536 -0.453246 0.880077  0.979766 0.973632 1 0 1.000000
black
0  -18.343906 126.139069 9.700465  0.167882 -0.690981 0.703108  0.980255 0.973876 1 0 1.000000
0  -23.496933 122.549568 9.282058  0.237442 -0.445846 0.863043  0.982208 0.973632 1 0 1.000000
0  -19.973497 123.705696 9.105886  0.204505 -0.441903 0.873441  0.980743 0.973632 1 0 1.000000
black
0  -23.496933 122.549568 9.282058  0.237442 -0.445846 0.863043  0.982208 0.973632 1 0 1.000000
0  -18.343906 126.139069 9.700465  0.167882 -0.690981 0.703108  0.980255 0.973876 1 0 1.000000
0  -35.003159 122.395416 14.842484  0.472496 -0.683531 0.556357  0.986114 0.975829 1 0 1.000000
black
0  -28.066391 120.061142 9.920681  0.269368 -0.483217 0.833032  0.983673 0.973876 1 0 1.000000
0  -23.496933 122.549568 9.282058  0.237442 -0.445846 0.863043  0.982208 0.973632 1 0 1.000000
0  -35.003159 122.395416 14.842484  0.472496 -0.683531 0.556357  0.986114 0.975829 1 0 1.000000
black
0  -28.066391 120.061142 9.920681  0.269368 -0.483217 0.833032  0.983673 0.973876 1 0 1.000000
0  -35.003159 122.395416 14.842484  0.472496 -0.683531 0.556357  0.986114 0.975829 1 0 1.000000
0  -33.153355 117.517654 11.087821  0.473864 -0.276906 0.835928  0.985626 0.974120 1 0 1.000000
black
0  -33.153355 117.517654 11.087821  0.473864 -0.276906 0.835928  0.985626 0.974120 1 0 1.000000
0  -31.369614 117.396538 10.317068  0.351609 -0.347044 0.869443  0.985137 0.973876 1 0 1.000000
0  -28.066391 120.061142 9.920681  0.269368 -0.483217 0.833032  0.983673 0.973876 1 0 1.000000
black
0  -31.369614 117.396538 10.317068  0.351609 -0.347044 0.869443  0.985137 0.973876 1 0 1.000000
0  -33.153355 117.517654 11.087821  0.473864 -0.276906 0.835928  0.985626 0.974120 1 0 1.000000
0  -32.734947 115.866043 10.449198  0.476399 -0.242694 0.845070  0.986114 0.973876 1 0 1.000000
black
0  -32.734947 115.866043 10.449198  0.476399 -0.242694 0.845070  0.986114 0.973876 1 0 1.000000
0  -33.153355 117.517654 11.087821  0.473864 -0.276906 0.835928  0.985626 0.974120 1 0 1.000000
0  -33.087288 115.711899 10.603348  0.521150 -0.221336 0.824265  0.986114 0.973876 1 0 1.000000
black
0  -21.977449 126.304230 18.013577  0.005983 -0.448647 -0.893689  0.981231 0.976806 1 0 1.000000
0  -11.979696 126.304230 18.013575  0.001081 -0.416636 -0.909073  0.977813 0.976806 1 0 1.000000
0  -10.339095 121.712753 18.002563  -0.000008 -0.155091 -0.987900  0.977813 0.976562 1 0 1.000000
black
0  -11.979696 126.304230 18.013575  0.001081 -0.416636 -0.909073  0.977813 0.976806 1 0 1.000000
0  -21.977449 126.304230 18.013577  0.005983 -0.448647 -0.893689  0.981231 0.976806 1 0 1.000000
0  -20.920420 128.253128 16.064676  0.133809 -0.982965 0.125999  0.980743 0.976318 1 0 1.000000
black
0  -20.920420 128.253128 16.064676  0.133809 -0.982965 0.125999  0.980743 0.976318 1 0 1.000000
0  -12.232944 128.286163 16.229836  0.021308 -0.979340 -0.201094  0.977813 0.976074 1 0 1.000000
0  -11.979696 126.304230 18.013575  0.001081 -0.416636 -0.909073  0.977813 0.976806 1 0 1.000000
black
0  -12.232944 128.286163 16.229836  0.021308 -0.979340 -0.201094  0.977813 0.976074 1 0 1.000000
0  -20.920420 128.253128 16.064676  0.133809 -0.982965 0.125999  0.980743 0.976318 1 0 1.000000
0  -18.343906 126.139069 9.700465  0.167882 -0.690981 0.703108  0.980255 0.973876 1 0 1.000000
black
0  -18.343906 126.139069 9.700465  0.167882 -0.690981 0.703108  0.980255 0.973876 1 0 1.000000
0  -10.603354 127.185089 11.341066  0.056854 -0.870849 0.488252  0.977325 0.974364 1 0 1.000000
0  -12.232944 128.286163 16.229836  0.021308 -0.979340 -0.201094  0.977813 0.976074 1 0 1.000000
black
0  -10.603354 127.185089 11.341066  0.056854 -0.870849 0.488252  0.977325 0.974364 1 0 1.000000
0  -18.343906 126.139069 9.700465  0.167882 -0.690981 0.703108  0.980255 0.973876 1 0 1.000000
0  -13.994662 126.469391 9.193971  0.099583 -0.690077 0.716852  0.978790 0.973632 1 0 1.000000
black
0  -10.603354 127.185089 11.341066  0.056854 -0.870849 0.488252  0.977325 0.974364 1 0 1.000000
0  -13.994662 126.469391 9.193971  0.099583 -0.690077 0.716852  0.978790 0.973632 1 0 1.000000
0  -0.000009 126.469391 9.193970  -0.000000 -0.685036 0.728509  0.973907 0.973632 1 0 1.000000
black
0  -0.000009 126.469391 9.193970  -0.000000 -0.685036 0.728509  0.973907 0.973632 1 0 1.000000
0  -0.000009 127.141045 11.197926  0.000009 -0.882419 0.470464  0.973907 0.974364 1 0 1.000000
0  -10.603354 127.185089 11.341066  0.056854 -0.870849 0.488252  0.977325 0.974364 1 0 1.000000
black
0  10.603336 127.185089 11.341064  -0.056792 -0.870849 0.488259  0.977325 0.974364 1 0 1.000000
0  -0.000009 127.141045 11.197926  0.000009 -0.882419 0.470464  0.973907 0.974364 1 0 1.000000
0  -0.000009 126.469391 9.193970  -0.000000 -0.685036 0.728509  0.973907 0.973632 1 0 1.000000
black
0  -0.000009 126.469391 9.193970  -0.000000 -0.685036 0.728509  0.973907 0.973632 1 0 1.000000
0  13.994645 126.469391 9.193969  -0.099583 -0.690076 0.716853  0.978790 0.973632 1 0 1.000000
0  10.603336 127.185089 11.341064  -0.056792 -0.870849 0.488259  0.977325 0.974364 1 0 1.000000
black
0  10.603336 127.185089 11.341064  -0.056792 -0.870849 0.488259  0.977325 0.974364 1 0 1.000000
0  13.994645 126.469391 9.193969  -0.099583 -0.690076 0.716853  0.978790 0.973632 1 0 1.000000
0  18.343887 126.139069 9.700463  -0.167891 -0.691009 0.703078  0.980255 0.973876 1 0 1.000000
black
0  12.232926 128.286163 16.229836  -0.021254 -0.979338 -0.201112  0.977813 0.976074 1 0 1.000000
0  10.603336 127.185089 11.341064  -0.056792 -0.870849 0.488259  0.977325 0.974364 1 0 1.000000
0  18.343887 126.139069 9.700463  -0.167891 -0.691009 0.703078  0.980255 0.973876 1 0 1.000000
black
0  32.734932 115.866043 10.449192  -0.476397 -0.242694 0.845072  0.986114 0.973876 1 0 1.000000
0  33.087273 115.711899 10.603342  -0.527585 -0.217596 0.821161  0.986114 0.973876 1 0 1.000000
0  33.153339 117.517654 11.087815  -0.495123 -0.236375 0.836050  0.985626 0.974120 1 0 1.000000
black
0  31.369598 117.396538 10.317064  -0.351605 -0.347043 0.869445  0.985137 0.973876 1 0 1.000000
0  32.734932 115.866043 10.449192  -0.476397 -0.242694 0.845072  0.986114 0.973876 1 0 1.000000
0  33.153339 117.517654 11.087815  -0.495123 -0.236375 0.836050  0.985626 0.974120 1 0 1.000000
black
0  28.066376 120.061142 9.920677  -0.269363 -0.483185 0.833052  0.983673 0.973876 1 0 1.000000
0  31.369598 117.396538 10.317064  -0.351605 -0.347043 0.869445  0.985137 0.973876 1 0 1.000000
0  33.153339 117.517654 11.087815  -0.495123 -0.236375 0.836050  0.985626 0.974120 1 0 1.000000
black
0  33.153339 117.517654 11.087815  -0.495123 -0.236375 0.836050  0.985626 0.974120 1 0 1.000000
0  35.003143 122.395416 14.842479  -0.472562 -0.683490 0.556351  0.986114 0.975829 1 0 1.000000
0  28.066376 120.061142 9.920677  -0.269363 -0.483185 0.833052  0.983673 0.973876 1 0 1.000000
black
0  23.496918 122.549568 9.282054  -0.237425 -0.445861 0.863039  0.982208 0.973632 1 0 1.000000
0  28.066376 120.061142 9.920677  -0.269365 -0.483222 0.833030  0.983673 0.973876 1 0 1.000000
0  35.003143 122.395416 14.842479  -0.472562 -0.683490 0.556351  0.986114 0.975829 1 0 1.000000
black
0  35.003143 122.395416 14.842479  -0.472562 -0.683490 0.556351  0.986114 0.975829 1 0 1.000000
0  18.343887 126.139069 9.700463  -0.167891 -0.691009 0.703078  0.980255 0.973876 1 0 1.000000
0  23.496918 122.549568 9.282054  -0.237425 -0.445861 0.863039  0.982208 0.973632 1 0 1.000000
black
0  18.343887 126.139069 9.700463  -0.167891 -0.691009 0.703078  0.980255 0.973876 1 0 1.000000
0  19.973478 123.705696 9.105883  -0.204514 -0.441931 0.873425  0.980743 0.973632 1 0 1.000000
0  23.496918 122.549568 9.282054  -0.237425 -0.445861 0.863039  0.982208 0.973632 1 0 1.000000
black
0  18.343887 126.139069 9.700463  -0.167891 -0.691009 0.703078  0.980255 0.973876 1 0 1.000000
0  17.187759 124.267242 8.984765  -0.141525 -0.453248 0.880078  0.979766 0.973632 1 0 1.000000
0  19.973478 123.705696 9.105883  -0.204514 -0.441931 0.873425  0.980743 0.973632 1 0 1.000000
black
0  17.187759 124.267242 8.984765  -0.141525 -0.453248 0.880078  0.979766 0.973632 1 0 1.000000
0  18.343887 126.139069 9.700463  -0.167891 -0.691009 0.703078  0.980255 0.973876 1 0 1.000000
0  13.994645 126.469391 9.193969  -0.099583 -0.690076 0.716853  0.978790 0.973632 1 0 1.000000
black
0  13.807463 124.344315 8.984765  -0.087201 -0.425914 0.900551  0.978790 0.973632 1 0 1.000000
0  17.187759 124.267242 8.984765  -0.141525 -0.453248 0.880078  0.979766 0.973632 1 0 1.000000
0  13.994645 126.469391 9.193969  -0.099583 -0.690076 0.716853  0.978790 0.973632 1 0 1.000000
black
0  13.994645 126.469391 9.193969  -0.099583 -0.690076 0.716853  0.978790 0.973632 1 0 1.000000
0  13.201872 125.280228 9.017797  -0.087775 -0.520271 0.849478  0.978301 0.973632 1 0 1.000000
0  13.807463 124.344315 8.984765  -0.087201 -0.425914 0.900551  0.978790 0.973632 1 0 1.000000
black
0  12.354045 125.489433 9.017797  -0.079266 -0.533482 0.842089  0.978301 0.973632 1 0 1.000000
0  13.201872 125.280228 9.017797  -0.087775 -0.520271 0.849478  0.978301 0.973632 1 0 1.000000
0  13.994645 126.469391 9.193969  -0.099583 -0.690076 0.716853  0.978790 0.973632 1 0 1.000000
black
0  13.994645 126.469391 9.193969  -0.099583 -0.690076 0.716853  0.978790 0.973632 1 0 1.000000
0  -0.000009 126.469391 9.193970  -0.000000 -0.685036 0.728509  0.973907 0.973632 1 0 1.000000
0  12.354045 125.489433 9.017797  -0.079266 -0.533482 0.842089  0.978301 0.973632 1 0 1.000000
black
0  -0.000009 126.469391 9.193970  -0.000000 -0.685036 0.728509  0.973907 0.973632 1 0 1.000000
0  -0.000009 125.489433 9.017798  0.000016 -0.492473 0.870328  0.973907 0.973388 1 0 1.000000
0  12.354045 125.489433 9.017797  -0.079266 -0.533482 0.842089  0.978301 0.973632 1 0 1.000000
black
0  -12.354062 125.489433 9.017799  0.079249 -0.533485 0.842088  0.978301 0.973632 1 0 1.000000
0  -0.000009 125.489433 9.017798  0.000016 -0.492473 0.870328  0.973907 0.973388 1 0 1.000000
0  -0.000009 126.469391 9.193970  -0.000000 -0.685036 0.728509  0.973907 0.973632 1 0 1.000000
black
0  -13.994662 126.469391 9.193971  0.099583 -0.690077 0.716852  0.978790 0.973632 1 0 1.000000
0  -12.354062 125.489433 9.017799  0.079249 -0.533485 0.842088  0.978301 0.973632 1 0 1.000000
0  -0.000009 126.469391 9.193970  -0.000000 -0.685036 0.728509  0.973907 0.973632 1 0 1.000000
black
0  -13.201889 125.280228 9.017799  0.087793 -0.520269 0.849478  0.978301 0.973632 1 0 1.000000
0  -12.354062 125.489433 9.017799  0.079249 -0.533485 0.842088  0.978301 0.973632 1 0 1.000000
0  -13.994662 126.469391 9.193971  0.099583 -0.690077 0.716852  0.978790 0.973632 1 0 1.000000
black
0  -13.994662 126.469391 9.193971  0.099583 -0.690077 0.716852  0.978790 0.973632 1 0 1.000000
0  -13.807480 124.344315 8.984767  0.086691 -0.436773 0.895385  0.978790 0.973632 1 0 1.000000
0  -13.201889 125.280228 9.017799  0.087793 -0.520269 0.849478  0.978301 0.973632 1 0 1.000000
black
0  33.516693 115.535721 10.933664  -0.566054 -0.201627 0.799331  0.986114 0.974120 1 0 1.000000
0  33.153339 117.517654 11.087815  -0.495123 -0.236375 0.836050  0.985626 0.974364 1 0 1.000000
0  33.087273 115.711899 10.603342  -0.527585 -0.217596 0.821161  0.986114 0.974120 1 0 1.000000
black
0  34.001167 115.458649 11.352073  -0.626779 -0.177983 0.758597  0.986114 0.974364 1 0 1.000000
0  33.153339 117.517654 11.087815  -0.495123 -0.236375 0.836050  0.985626 0.974364 1 0 1.000000
0  33.516693 115.535721 10.933664  -0.566054 -0.201627 0.799331  0.986114 0.974120 1 0 1.000000
black
0  35.058197 115.480667 12.310007  -0.750517 -0.113555 0.651022  0.986602 0.974609 1 0 1.000000
0  33.153339 117.517654 11.087815  -0.495123 -0.236375 0.836050  0.985626 0.974364 1 0 1.000000
0  34.001167 115.458649 11.352073  -0.626779 -0.177983 0.758597  0.986114 0.974364 1 0 1.000000
black
0  35.036175 115.502693 12.486179  -0.762928 -0.105041 0.637893  0.986602 0.974609 1 0 1.000000
0  33.153339 117.517654 11.087815  -0.495123 -0.236375 0.836050  0.985626 0.974364 1 0 1.000000
0  35.058197 115.480667 12.310007  -0.750517 -0.113555 0.651022  0.986602 0.974609 1 0 1.000000
black
0  33.153339 117.517654 11.087815  -0.495123 -0.236375 0.836050  0.985626 0.974364 1 0 1.000000
0  35.036175 115.502693 12.486179  -0.762928 -0.105041 0.637893  0.986602 0.974609 1 0 1.000000
0  35.884003 118.805916 14.269919  -0.821256 -0.164110 0.546449  0.986602 0.975341 1 0 1.000000
black
0  33.153339 117.517654 11.087815  -0.495123 -0.236375 0.836050  0.985626 0.974364 1 0 1.000000
0  35.884003 118.805916 14.269919  -0.821256 -0.164110 0.546449  0.986602 0.975341 1 0 1.000000
0  35.003143 122.395416 14.842479  -0.472562 -0.683490 0.556351  0.986114 0.975829 1 0 1.000000
black
0  35.884003 118.805916 14.269919  -0.821256 -0.164110 0.546449  0.986602 0.975341 1 0 1.000000
0  35.983101 121.008064 15.525145  -0.784080 -0.414168 0.462258  0.986602 0.975829 1 0 1.000000
0  35.003143 122.395416 14.842479  -0.472562 -0.683490 0.556351  0.986114 0.975829 1 0 1.000000
black
0  35.003143 122.395416 14.842479  -0.472562 -0.683490 0.556351  0.986114 0.975829 1 0 1.000000
0  36.060173 123.925911 18.828369  -0.606754 -0.771156 -0.192791  0.986114 0.977294 1 0 1.000000
0  20.920404 128.253128 16.064672  -0.133778 -0.982969 0.125998  0.980743 0.976318 1 0 1.000000
black
0  36.060173 123.925911 18.828369  -0.606754 -0.771156 -0.192791  0.986114 0.977294 1 0 1.000000
0  35.003143 122.395416 14.842479  -0.472562 -0.683490 0.556351  0.986114 0.975829 1 0 1.000000
0  36.665764 121.140190 17.705273  -0.934219 -0.356326 0.016350  0.986602 0.976806 1 0 1.000000
black
0  35.003143 122.395416 14.842479  -0.472562 -0.683490 0.556351  0.986114 0.975829 1 0 1.000000
0  35.983101 121.008064 15.525145  -0.784080 -0.414168 0.462258  0.986602 0.975829 1 0 1.000000
0  36.665764 121.140190 17.705273  -0.934219 -0.356326 0.016350  0.986602 0.976806 1 0 1.000000
black
0  36.974068 116.460625 16.681273  -0.961899 0.172056 0.212480  0.987091 0.976074 1 0 1.000000
0  36.665764 121.140190 17.705273  -0.934219 -0.356326 0.016350  0.986602 0.976806 1 0 1.000000
0  35.983101 121.008064 15.525145  -0.784080 -0.414168 0.462258  0.986602 0.975829 1 0 1.000000
black
0  35.983101 121.008064 15.525145  -0.784080 -0.414168 0.462258  0.986602 0.975829 1 0 1.000000
0  35.884003 118.805916 14.269919  -0.821256 -0.164110 0.546449  0.986602 0.975341 1 0 1.000000
0  36.974068 116.460625 16.681273  -0.961899 0.172056 0.212480  0.987091 0.976074 1 0 1.000000
black
0  36.401508 116.691849 14.996629  -0.927777 0.049307 0.369862  0.987091 0.975585 1 0 1.000000
0  36.974068 116.460625 16.681273  -0.961899 0.172056 0.212480  0.987091 0.976074 1 0 1.000000
0  35.884003 118.805916 14.269919  -0.821256 -0.164110 0.546449  0.986602 0.975341 1 0 1.000000
black
0  36.401508 116.691849 14.996629  -0.927777 0.049307 0.369862  0.987091 0.975585 1 0 1.000000
0  35.884003 118.805916 14.269919  -0.821256 -0.164110 0.546449  0.986602 0.975341 1 0 1.000000
0  35.036175 115.502693 12.486179  -0.762928 -0.105041 0.637893  0.986602 0.974609 1 0 1.000000
black
0  36.401508 116.691849 14.996629  -0.927777 0.049307 0.369862  0.987091 0.975585 1 0 1.000000
0  35.036175 115.502693 12.486179  -0.762928 -0.105041 0.637893  0.986602 0.974609 1 0 1.000000
0  36.159271 115.579765 15.128757  -0.957661 0.194202 0.212535  0.987091 0.975585 1 0 1.000000
black
0  36.974068 116.460625 16.681273  -0.961899 0.172056 0.212480  0.987091 0.976074 1 0 1.000000
0  36.401508 116.691849 14.996629  -0.927777 0.049307 0.369862  0.987091 0.975585 1 0 1.000000
0  36.159271 115.579765 15.128757  -0.957661 0.194202 0.212535  0.987091 0.975585 1 0 1.000000
black
0  36.974068 116.460625 16.681273  -0.961899 0.172056 0.212480  0.987091 0.976074 1 0 1.000000
0  36.159271 115.579765 15.128757  -0.957661 0.194202 0.212535  0.987091 0.975585 1 0 1.000000
0  37.106194 115.678864 18.751293  -0.569275 0.383840 -0.727044  0.987091 0.976806 1 0 1.000000
black
0  37.106194 115.678864 18.751293  -0.569275 0.383840 -0.727044  0.987091 0.976806 1 0 1.000000
0  37.425507 117.198349 18.398949  -0.862900 0.202546 -0.463010  0.987091 0.976806 1 0 1.000000
0  36.974068 116.460625 16.681273  -0.961899 0.172056 0.212480  0.987091 0.976074 1 0 1.000000
black
0  37.425507 117.198349 18.398949  -0.862900 0.202546 -0.463010  0.987091 0.976806 1 0 1.000000
0  37.106194 115.678864 18.751293  -0.569275 0.383840 -0.727044  0.987091 0.976806 1 0 1.000000
0  36.500603 118.916023 18.861401  -0.370308 -0.032748 -0.928332  0.986602 0.977050 1 0 1.000000
black
0  37.117207 119.962044 18.630175  -0.883393 -0.214826 -0.416494  0.987091 0.977050 1 0 1.000000
0  37.425507 117.198349 18.398949  -0.862900 0.202546 -0.463010  0.987091 0.976806 1 0 1.000000
0  36.500603 118.916023 18.861401  -0.370308 -0.032748 -0.928332  0.986602 0.977050 1 0 1.000000
black
0  36.500603 118.916023 18.861401  -0.370308 -0.032748 -0.928332  0.986602 0.977050 1 0 1.000000
0  35.333466 121.129181 18.927465  -0.134506 -0.079398 -0.987727  0.986114 0.977050 1 0 1.000000
0  37.117207 119.962044 18.630175  -0.883393 -0.214826 -0.416494  0.987091 0.977050 1 0 1.000000
black
0  35.333466 121.129181 18.927465  -0.134506 -0.079398 -0.987727  0.986114 0.977050 1 0 1.000000
0  36.060173 123.925911 18.828369  -0.606754 -0.771156 -0.192791  0.986114 0.977294 1 0 1.000000
0  37.117207 119.962044 18.630175  -0.883393 -0.214826 -0.416494  0.987091 0.977050 1 0 1.000000
black
0  36.060173 123.925911 18.828369  -0.606754 -0.771156 -0.192791  0.986114 0.977294 1 0 1.000000
0  35.333466 121.129181 18.927465  -0.134506 -0.079398 -0.987727  0.986114 0.977050 1 0 1.000000
0  33.626801 121.999031 18.949486  0.026985 -0.054165 -0.998167  0.985626 0.977050 1 0 1.000000
black
0  33.626801 121.999031 18.949486  0.026985 -0.054165 -0.998167  0.985626 0.977050 1 0 1.000000
0  30.268524 124.905869 18.498045  -0.027422 -0.406225 -0.913361  0.984161 0.977050 1 0 1.000000
0  36.060173 123.925911 18.828369  -0.606754 -0.771156 -0.192791  0.986114 0.977294 1 0 1.000000
black
0  33.626801 121.999031 18.949486  0.026985 -0.054165 -0.998167  0.985626 0.977050 1 0 1.000000
0  31.732952 122.197220 18.960497  0.042165 -0.080992 -0.995823  0.984649 0.977050 1 0 1.000000
0  30.268524 124.905869 18.498045  -0.027422 -0.406225 -0.913361  0.984161 0.977050 1 0 1.000000
black
0  30.268524 124.905869 18.498045  -0.027422 -0.406225 -0.913361  0.984161 0.977050 1 0 1.000000
0  31.732952 122.197220 18.960497  0.042165 -0.080992 -0.995823  0.984649 0.977050 1 0 1.000000
0  31.424652 121.690727 18.938477  0.033456 -0.075551 -0.996580  0.984649 0.977050 1 0 1.000000
black
0  30.268524 124.905869 18.498045  -0.027422 -0.406225 -0.913361  0.984161 0.977050 1 0 1.000000
0  31.424652 121.690727 18.938477  0.033456 -0.075551 -0.996580  0.984649 0.977050 1 0 1.000000
0  30.874115 119.389481 18.872412  -0.002045 -0.070662 -0.997498  0.984649 0.977050 1 0 1.000000
black
0  31.424652 119.940018 18.894432  0.007084 -0.059168 -0.998223  0.985137 0.977050 1 0 1.000000
0  30.874115 119.389481 18.872412  -0.002045 -0.070662 -0.997498  0.984649 0.977050 1 0 1.000000
0  31.424652 121.690727 18.938477  0.033456 -0.075551 -0.996580  0.984649 0.977050 1 0 1.000000
black
0  36.060173 123.925911 18.828369  -0.606754 -0.771156 -0.192791  0.986114 0.977294 1 0 1.000000
0  36.665764 121.140190 17.705273  -0.934219 -0.356326 0.016350  0.986602 0.976806 1 0 1.000000
0  37.117207 119.962044 18.630175  -0.883393 -0.214826 -0.416494  0.987091 0.977050 1 0 1.000000
black
0  37.117207 119.962044 18.630175  -0.883393 -0.214826 -0.416494  0.987091 0.977050 1 0 1.000000
0  36.665764 121.140190 17.705273  -0.934219 -0.356326 0.016350  0.986602 0.976806 1 0 1.000000
0  36.974068 116.460625 16.681273  -0.961899 0.172056 0.212480  0.987091 0.976074 1 0 1.000000
black
0  36.974068 116.460625 16.681273  -0.961899 0.172056 0.212480  0.987091 0.976074 1 0 1.000000
0  37.425507 117.198349 18.398949  -0.862900 0.202546 -0.463010  0.987091 0.976806 1 0 1.000000
0  37.117207 119.962044 18.630175  -0.883393 -0.214826 -0.416494  0.987091 0.977050 1 0 1.000000
black
0  30.268524 124.905869 18.498045  -0.027422 -0.406225 -0.913361  0.984161 0.977050 1 0 1.000000
0  30.874115 119.389481 18.872412  -0.002045 -0.070662 -0.997498  0.984649 0.977050 1 0 1.000000
0  27.053387 119.389481 18.872412  -0.006651 -0.117773 -0.993018  0.983673 0.977050 1 0 1.000000
black
0  18.343887 126.139069 9.700463  -0.167891 -0.691009 0.703078  0.980255 0.973876 1 0 1.000000
0  35.003143 122.395416 14.842479  -0.472562 -0.683490 0.556351  0.986114 0.975829 1 0 1.000000
0  20.920404 128.253128 16.064672  -0.133778 -0.982969 0.125998  0.980743 0.976318 1 0 1.000000
black
0  18.343887 126.139069 9.700463  -0.167891 -0.691009 0.703078  0.980255 0.973876 1 0 1.000000
0  20.920404 128.253128 16.064672  -0.133778 -0.982969 0.125998  0.980743 0.976318 1 0 1.000000
0  12.232926 128.286163 16.229836  -0.021254 -0.979338 -0.201112  0.977813 0.976074 1 0 1.000000
black
0  11.979679 126.304230 18.013575  -0.000985 -0.416631 -0.909075  0.977813 0.976806 1 0 1.000000
0  12.232926 128.286163 16.229836  -0.021254 -0.979338 -0.201112  0.977813 0.976074 1 0 1.000000
0  20.920404 128.253128 16.064672  -0.133778 -0.982969 0.125998  0.980743 0.976318 1 0 1.000000
black
0  20.920404 128.253128 16.064672  -0.133778 -0.982969 0.125998  0.980743 0.976318 1 0 1.000000
0  21.977434 126.304230 18.013573  -0.006001 -0.448649 -0.893688  0.981231 0.976806 1 0 1.000000
0  11.979679 126.304230 18.013575  -0.000985 -0.416631 -0.909075  0.977813 0.976806 1 0 1.000000
black
0  10.339080 121.712753 18.002563  -0.000006 -0.155091 -0.987900  0.977813 0.976562 1 0 1.000000
0  11.979679 126.304230 18.013575  -0.000985 -0.416631 -0.909075  0.977813 0.976806 1 0 1.000000
0  21.977434 126.304230 18.013573  -0.006001 -0.448649 -0.893688  0.981231 0.976806 1 0 1.000000
black
0  25.401775 120.193268 18.013573  -0.003314 -0.127033 -0.991893  0.983184 0.976562 1 0 1.000000
0  10.339080 121.712753 18.002563  -0.000006 -0.155091 -0.987900  0.977813 0.976562 1 0 1.000000
0  21.977434 126.304230 18.013573  -0.006001 -0.448649 -0.893688  0.981231 0.976806 1 0 1.000000
black
0  25.401775 120.193268 18.013573  -0.003314 -0.127033 -0.991893  0.983184 0.976562 1 0 1.000000
0  11.164886 120.193268 18.002563  -0.000285 -0.142002 -0.989866  0.978301 0.976562 1 0 1.000000
0  10.339080 121.712753 18.002563  -0.000006 -0.155091 -0.987900  0.977813 0.976562 1 0 1.000000
black
0  11.164886 120.193268 18.002563  -0.000285 -0.142002 -0.989866  0.978301 0.976562 1 0 1.000000
0  -0.000008 120.204277 18.013575  -0.000011 -0.143010 -0.989721  0.974395 0.976318 1 0 1.000000
0  10.339080 121.712753 18.002563  -0.000006 -0.155091 -0.987900  0.977813 0.976562 1 0 1.000000
black
0  -0.000008 120.204277 18.013575  -0.000011 -0.143010 -0.989721  0.974395 0.976318 1 0 1.000000
0  -0.000008 121.723763 18.013575  -0.000010 -0.156047 -0.987750  0.974395 0.976318 1 0 1.000000
0  10.339080 121.712753 18.002563  -0.000006 -0.155091 -0.987900  0.977813 0.976562 1 0 1.000000
black
0  -10.339095 121.712753 18.002563  -0.000008 -0.155091 -0.987900  0.977813 0.976562 1 0 1.000000
0  -0.000008 121.723763 18.013575  -0.000010 -0.156047 -0.987750  0.974395 0.976318 1 0 1.000000
0  -0.000008 120.204277 18.013575  -0.000011 -0.143010 -0.989721  0.974395 0.976318 1 0 1.000000
black
0  -30.268539 124.905869 18.498049  0.027251 -0.406272 -0.913346  0.984161 0.977050 1 0 1.000000
0  -31.424667 121.690727 18.938480  -0.033451 -0.075530 -0.996582  0.984649 0.977050 1 0 1.000000
0  -31.732967 122.197220 18.960501  -0.042166 -0.081050 -0.995818  0.984649 0.977050 1 0 1.000000
black
0  -30.268539 124.905869 18.498049  0.027251 -0.406272 -0.913346  0.984161 0.977050 1 0 1.000000
0  -30.874130 119.389481 18.872416  0.002045 -0.070665 -0.997498  0.984649 0.977050 1 0 1.000000
0  -31.424667 121.690727 18.938480  -0.033451 -0.075530 -0.996582  0.984649 0.977050 1 0 1.000000
black
0  -27.053402 119.389481 18.872416  0.006665 -0.117899 -0.993003  0.983673 0.977050 1 0 1.000000
0  -30.874130 119.389481 18.872416  0.002045 -0.070665 -0.997498  0.984649 0.977050 1 0 1.000000
0  -30.268539 124.905869 18.498049  0.027251 -0.406272 -0.913346  0.984161 0.977050 1 0 1.000000
black
0  -30.268539 124.905869 18.498049  0.027251 -0.406272 -0.913346  0.984161 0.977050 1 0 1.000000
0  -21.977449 126.304230 18.013577  0.005983 -0.448647 -0.893689  0.981231 0.976806 1 0 1.000000
0  -27.053402 119.389481 18.872416  0.006665 -0.117899 -0.993003  0.983673 0.977050 1 0 1.000000
black
0  -27.053402 119.389481 18.872416  0.006665 -0.117899 -0.993003  0.983673 0.977050 1 0 1.000000
0  -21.977449 126.304230 18.013577  0.005983 -0.448647 -0.893689  0.981231 0.976806 1 0 1.000000
0  -25.401791 120.193268 18.013577  0.003370 -0.127028 -0.991893  0.983184 0.976562 1 0 1.000000
black
0  -10.339095 121.712753 18.002563  -0.000008 -0.155091 -0.987900  0.977813 0.976562 1 0 1.000000
0  -25.401791 120.193268 18.013577  0.003370 -0.127028 -0.991893  0.983184 0.976562 1 0 1.000000
0  -21.977449 126.304230 18.013577  0.005983 -0.448647 -0.893689  0.981231 0.976806 1 0 1.000000
black
0  -25.401791 120.193268 18.013577  0.003370 -0.127028 -0.991893  0.983184 0.976562 1 0 1.000000
0  -10.339095 121.712753 18.002563  -0.000008 -0.155091 -0.987900  0.977813 0.976562 1 0 1.000000
0  -11.164901 120.193268 18.002563  0.000251 -0.142002 -0.989866  0.978301 0.976562 1 0 1.000000
black
0  -11.164901 120.193268 18.002563  0.000251 -0.142002 -0.989866  0.978301 0.976562 1 0 1.000000
0  -10.339095 121.712753 18.002563  -0.000008 -0.155091 -0.987900  0.977813 0.976562 1 0 1.000000
0  -0.000008 120.204277 18.013575  -0.000011 -0.143010 -0.989721  0.974395 0.976318 1 0 1.000000
black
0  -11.164901 120.193268 18.002563  0.000251 -0.142002 -0.989866  0.978301 0.976562 1 0 1.000000
0  -0.000008 120.204277 18.013575  -0.000011 -0.143010 -0.989721  0.974395 0.976318 1 0 1.000000
0  -0.000008 119.301399 18.993532  -0.001004 -0.138928 -0.990302  0.974883 0.976562 1 0 1.000000
black
0  -0.000008 119.301399 18.993532  -0.001004 -0.138928 -0.990302  0.974883 0.976562 1 0 1.000000
0  -0.000008 120.204277 18.013575  -0.000011 -0.143010 -0.989721  0.974395 0.976318 1 0 1.000000
0  11.164886 120.193268 18.002563  -0.000285 -0.142002 -0.989866  0.978301 0.976562 1 0 1.000000
black
0  11.164886 119.301399 18.993532  -0.000462 -0.137900 -0.990446  0.978301 0.976806 1 0 1.000000
0  -0.000008 119.301399 18.993532  -0.001004 -0.138928 -0.990302  0.974883 0.976562 1 0 1.000000
0  11.164886 120.193268 18.002563  -0.000285 -0.142002 -0.989866  0.978301 0.976562 1 0 1.000000
black
0  11.164886 119.301399 18.993532  -0.000462 -0.137900 -0.990446  0.978301 0.976806 1 0 1.000000
0  11.164886 120.193268 18.002563  -0.000285 -0.142002 -0.989866  0.978301 0.976562 1 0 1.000000
0  25.401775 120.193268 18.013573  -0.003314 -0.127033 -0.991893  0.983184 0.976562 1 0 1.000000
black
0  26.932270 119.301399 18.993530  -0.006904 -0.118035 -0.992985  0.983673 0.977050 1 0 1.000000
0  11.164886 119.301399 18.993532  -0.000462 -0.137900 -0.990446  0.978301 0.976806 1 0 1.000000
0  25.401775 120.193268 18.013573  -0.003314 -0.127033 -0.991893  0.983184 0.976562 1 0 1.000000
black
0  27.053387 119.389481 18.872412  -0.006651 -0.117773 -0.993018  0.983673 0.977050 1 0 1.000000
0  26.932270 119.301399 18.993530  -0.006904 -0.118035 -0.992985  0.983673 0.977050 1 0 1.000000
0  25.401775 120.193268 18.013573  -0.003314 -0.127033 -0.991893  0.983184 0.976562 1 0 1.000000
black
0  25.401775 120.193268 18.013573  -0.003314 -0.127033 -0.991893  0.983184 0.976562 1 0 1.000000
0  21.977434 126.304230 18.013573  -0.006001 -0.448649 -0.893688  0.981231 0.976806 1 0 1.000000
0  27.053387 119.389481 18.872412  -0.006651 -0.117773 -0.993018  0.983673 0.977050 1 0 1.000000
black
0  27.053387 119.389481 18.872412  -0.006651 -0.117773 -0.993018  0.983673 0.977050 1 0 1.000000
0  21.977434 126.304230 18.013573  -0.006001 -0.448649 -0.893688  0.981231 0.976806 1 0 1.000000
0  30.268524 124.905869 18.498045  -0.027422 -0.406225 -0.913361  0.984161 0.977050 1 0 1.000000
black
0  30.268524 124.905869 18.498045  -0.027422 -0.406225 -0.913361  0.984161 0.977050 1 0 1.000000
0  21.977434 126.304230 18.013573  -0.006001 -0.448649 -0.893688  0.981231 0.976806 1 0 1.000000
0  20.920404 128.253128 16.064672  -0.133778 -0.982969 0.125998  0.980743 0.976318 1 0 1.000000
black
0  20.920404 128.253128 16.064672  -0.133778 -0.982969 0.125998  0.980743 0.976318 1 0 1.000000
0  36.060173 123.925911 18.828369  -0.606754 -0.771156 -0.192791  0.986114 0.977294 1 0 1.000000
0  30.268524 124.905869 18.498045  -0.027422 -0.406225 -0.913361  0.984161 0.977050 1 0 1.000000
black
0  -30.874130 119.389481 18.872416  0.002045 -0.070665 -0.997498  0.984649 0.977050 1 0 1.000000
0  -31.424667 119.940018 18.894436  -0.007073 -0.059168 -0.998223  0.985137 0.977050 1 0 1.000000
0  -31.424667 121.690727 18.938480  -0.033451 -0.075530 -0.996582  0.984649 0.977050 1 0 1.000000
black
0  -25.401791 120.193268 18.013577  0.003370 -0.127028 -0.991893  0.983184 0.976562 1 0 1.000000
0  -26.932285 119.301399 18.993534  0.006927 -0.118046 -0.992984  0.983673 0.977050 1 0 1.000000
0  -27.053402 119.389481 18.872416  0.006665 -0.117899 -0.993003  0.983673 0.977050 1 0 1.000000
black
0  -26.932285 119.301399 18.993534  0.006927 -0.118046 -0.992984  0.983673 0.977050 1 0 1.000000
0  -25.401791 120.193268 18.013577  0.003370 -0.127028 -0.991893  0.983184 0.976562 1 0 1.000000
0  -11.164901 119.301399 18.993532  0.000400 -0.137900 -0.990446  0.978301 0.976806 1 0 1.000000
black
0  -25.401791 120.193268 18.013577  0.003370 -0.127028 -0.991893  0.983184 0.976562 1 0 1.000000
0  -11.164901 120.193268 18.002563  0.000251 -0.142002 -0.989866  0.978301 0.976562 1 0 1.000000
0  -11.164901 119.301399 18.993532  0.000400 -0.137900 -0.990446  0.978301 0.976806 1 0 1.000000
black
0  -11.164901 119.301399 18.993532  0.000400 -0.137900 -0.990446  0.978301 0.976806 1 0 1.000000
0  -11.164901 120.193268 18.002563  0.000251 -0.142002 -0.989866  0.978301 0.976562 1 0 1.000000
0  -0.000008 119.301399 18.993532  -0.001004 -0.138928 -0.990302  0.974883 0.976562 1 0 1.000000
black
0  2.939860 126.700615 11.440162  0.003865 -0.023422 -0.999718  0.974883 0.974364 1 0 1.000000
0  -0.000008 123.089096 11.341065  -0.000016 -0.033264 -0.999447  0.974395 0.974120 1 0 1.000000
0  -0.000009 126.700615 11.440162  -0.000010 -0.022940 -0.999737  0.973907 0.974364 1 0 1.000000
black
0  8.070866 123.023026 11.341064  0.017920 -0.036958 -0.999156  0.976836 0.974364 1 0 1.000000
0  -0.000008 123.089096 11.341065  -0.000016 -0.033264 -0.999447  0.974395 0.974120 1 0 1.000000
0  2.939860 126.700615 11.440162  0.003865 -0.023422 -0.999718  0.974883 0.974364 1 0 1.000000
black
0  8.070866 123.023026 11.341064  0.017920 -0.036958 -0.999156  0.976836 0.974364 1 0 1.000000
0  7.245060 122.626640 11.186913  0.017146 -0.037368 -0.999154  0.975860 0.974120 1 0 1.000000
0  -0.000008 123.089096 11.341065  -0.000016 -0.033264 -0.999447  0.974395 0.974120 1 0 1.000000
black
0  7.245060 122.626640 11.186913  0.017146 -0.037368 -0.999154  0.975860 0.974120 1 0 1.000000
0  -0.000008 122.626640 11.186914  -0.000019 -0.033583 -0.999436  0.974395 0.974120 1 0 1.000000
0  -0.000008 123.089096 11.341065  -0.000016 -0.033264 -0.999447  0.974395 0.974120 1 0 1.000000
black
0  -0.000008 122.197220 11.704419  -0.000177 -0.999525 -0.030824  0.974395 0.974120 1 0 1.000000
0  7.101921 122.263290 11.627343  -0.021345 -0.997767 -0.063288  0.974883 0.974120 1 0 1.000000
0  -0.000008 121.723763 18.013575  -0.000178 -0.999525 -0.030811  0.974395 0.976318 1 0 1.000000
black
0  7.101921 122.263290 11.627343  -0.021345 -0.997767 -0.063288  0.974883 0.974120 1 0 1.000000
0  10.339080 121.712753 18.002563  -0.000501 -0.999526 -0.030798  0.977813 0.976562 1 0 1.000000
0  -0.000008 121.723763 18.013575  -0.000178 -0.999525 -0.030811  0.974395 0.976318 1 0 1.000000
black
0  8.687468 121.921951 11.043774  -0.000506 -0.999518 -0.031037  0.977325 0.974120 1 0 1.000000
0  10.339080 121.712753 18.002563  -0.000501 -0.999526 -0.030798  0.977813 0.976562 1 0 1.000000
0  7.101921 122.263290 11.627343  -0.021345 -0.997767 -0.063288  0.974883 0.974120 1 0 1.000000
black
0  7.101921 122.263290 11.627343  -0.021345 -0.997767 -0.063288  0.974883 0.974120 1 0 1.000000
0  7.201017 122.120148 11.352075  -0.246576 -0.701634 -0.668513  0.975860 0.974120 1 0 1.000000
0  8.687468 121.921951 11.043774  -0.000506 -0.999518 -0.031037  0.977325 0.974120 1 0 1.000000
black
0  8.687468 121.921951 11.043774  -0.000506 -0.999518 -0.031037  0.977325 0.974120 1 0 1.000000
0  7.201017 122.120148 11.352075  -0.246576 -0.701634 -0.668513  0.975860 0.974120 1 0 1.000000
0  7.245060 122.626640 11.186913  0.017146 -0.037368 -0.999154  0.975860 0.974120 1 0 1.000000
black
0  7.245060 122.626640 11.186913  0.017146 -0.037368 -0.999154  0.975860 0.974120 1 0 1.000000
0  8.753531 122.175201 10.900635  0.019068 -0.038428 -0.999079  0.977325 0.974120 1 0 1.000000
0  8.687468 121.921951 11.043774  -0.000506 -0.999518 -0.031037  0.977325 0.974120 1 0 1.000000
black
0  8.753531 122.175201 10.900635  0.019068 -0.038428 -0.999079  0.977325 0.974120 1 0 1.000000
0  7.245060 122.626640 11.186913  0.017146 -0.037368 -0.999154  0.975860 0.974120 1 0 1.000000
0  8.070866 123.023026 11.341064  0.017920 -0.036958 -0.999156  0.976836 0.974364 1 0 1.000000
black
0  8.753531 122.175201 10.900635  0.019068 -0.038428 -0.999079  0.977325 0.974120 1 0 1.000000
0  8.070866 123.023026 11.341064  0.017920 -0.036958 -0.999156  0.976836 0.974364 1 0 1.000000
0  8.797575 125.577522 11.407128  0.017023 -0.029106 -0.999431  0.976836 0.974364 1 0 1.000000
black
0  8.070866 123.023026 11.341064  0.017920 -0.036958 -0.999156  0.976836 0.974364 1 0 1.000000
0  2.939860 126.700615 11.440162  0.003865 -0.023422 -0.999718  0.974883 0.974364 1 0 1.000000
0  8.797575 125.577522 11.407128  0.017023 -0.029106 -0.999431  0.976836 0.974364 1 0 1.000000
black
0  10.603336 127.185089 11.341064  0.017628 -0.027032 -0.999479  0.977325 0.974364 1 0 1.000000
0  8.797575 125.577522 11.407128  0.017023 -0.029106 -0.999431  0.976836 0.974364 1 0 1.000000
0  2.939860 126.700615 11.440162  0.003865 -0.023422 -0.999718  0.974883 0.974364 1 0 1.000000
black
0  -0.000009 127.141045 11.197926  -0.000019 -0.022299 -0.999751  0.973907 0.974364 1 0 1.000000
0  10.603336 127.185089 11.341064  0.017628 -0.027032 -0.999479  0.977325 0.974364 1 0 1.000000
0  2.939860 126.700615 11.440162  0.003865 -0.023422 -0.999718  0.974883 0.974364 1 0 1.000000
black
0  -0.000009 126.700615 11.440162  -0.000010 -0.022940 -0.999737  0.973907 0.974364 1 0 1.000000
0  -0.000009 127.141045 11.197926  -0.000019 -0.022299 -0.999751  0.973907 0.974364 1 0 1.000000
0  2.939860 126.700615 11.440162  0.003865 -0.023422 -0.999718  0.974883 0.974364 1 0 1.000000
black
0  -0.000009 126.700615 11.440162  -0.000010 -0.022940 -0.999737  0.973907 0.974364 1 0 1.000000
0  -2.939877 126.700615 11.440162  -0.003865 -0.023417 -0.999718  0.972930 0.974364 1 0 1.000000
0  -0.000009 127.141045 11.197926  -0.000019 -0.022299 -0.999751  0.973907 0.974364 1 0 1.000000
black
0  -2.939877 126.700615 11.440162  -0.003865 -0.023417 -0.999718  0.972930 0.974364 1 0 1.000000
0  -0.000009 126.700615 11.440162  -0.000010 -0.022940 -0.999737  0.973907 0.974364 1 0 1.000000
0  -0.000008 123.089096 11.341065  -0.000016 -0.033264 -0.999447  0.974395 0.974120 1 0 1.000000
black
0  -8.070883 123.023026 11.341066  -0.017925 -0.036852 -0.999160  0.971465 0.974120 1 0 1.000000
0  -2.939877 126.700615 11.440162  -0.003865 -0.023417 -0.999718  0.972930 0.974364 1 0 1.000000
0  -0.000008 123.089096 11.341065  -0.000016 -0.033264 -0.999447  0.974395 0.974120 1 0 1.000000
black
0  -0.000008 123.089096 11.341065  -0.000016 -0.033264 -0.999447  0.974395 0.974120 1 0 1.000000
0  -0.000008 122.626640 11.186914  -0.000019 -0.033583 -0.999436  0.974395 0.974120 1 0 1.000000
0  -8.070883 123.023026 11.341066  -0.017925 -0.036852 -0.999160  0.971465 0.974120 1 0 1.000000
black
0  -0.000008 122.626640 11.186914  -0.000019 -0.033583 -0.999436  0.974395 0.974120 1 0 1.000000
0  -7.245077 122.626640 11.186915  -0.017116 -0.037343 -0.999156  0.972930 0.974120 1 0 1.000000
0  -8.070883 123.023026 11.341066  -0.017925 -0.036852 -0.999160  0.971465 0.974120 1 0 1.000000
black
0  -7.245077 122.626640 11.186915  -0.017116 -0.037343 -0.999156  0.972930 0.974120 1 0 1.000000
0  -8.753549 122.175201 10.900637  -0.019151 -0.038453 -0.999077  0.971465 0.973876 1 0 1.000000
0  -8.070883 123.023026 11.341066  -0.017925 -0.036852 -0.999160  0.971465 0.974120 1 0 1.000000
black
0  10.603336 127.185089 11.341064  0.017628 -0.027032 -0.999479  0.977325 0.974364 1 0 1.000000
0  8.753531 122.175201 10.900635  0.019068 -0.038428 -0.999079  0.977325 0.974120 1 0 1.000000
0  8.797575 125.577522 11.407128  0.017023 -0.029106 -0.999431  0.976836 0.974364 1 0 1.000000
black
0  -8.753549 122.175201 10.900637  -0.019151 -0.038453 -0.999077  0.971465 0.973876 1 0 1.000000
0  -10.603354 127.185089 11.341066  -0.017634 -0.027021 -0.999479  0.970489 0.974120 1 0 1.000000
0  -8.797592 125.577522 11.407130  -0.017058 -0.029136 -0.999430  0.970977 0.974120 1 0 1.000000
black
0  -8.797592 125.577522 11.407130  -0.017058 -0.029136 -0.999430  0.970977 0.974120 1 0 1.000000
0  -8.070883 123.023026 11.341066  -0.017925 -0.036852 -0.999160  0.971465 0.974120 1 0 1.000000
0  -8.753549 122.175201 10.900637  -0.019151 -0.038453 -0.999077  0.971465 0.973876 1 0 1.000000
black
0  -8.797592 125.577522 11.407130  -0.017058 -0.029136 -0.999430  0.970977 0.974120 1 0 1.000000
0  -2.939877 126.700615 11.440162  -0.003865 -0.023417 -0.999718  0.972930 0.974364 1 0 1.000000
0  -8.070883 123.023026 11.341066  -0.017925 -0.036852 -0.999160  0.971465 0.974120 1 0 1.000000
black
0  -2.939877 126.700615 11.440162  -0.003865 -0.023417 -0.999718  0.972930 0.974364 1 0 1.000000
0  -8.797592 125.577522 11.407130  -0.017058 -0.029136 -0.999430  0.970977 0.974120 1 0 1.000000
0  -10.603354 127.185089 11.341066  -0.017634 -0.027021 -0.999479  0.970489 0.974120 1 0 1.000000
black
0  -0.000009 127.141045 11.197926  -0.000019 -0.022299 -0.999751  0.973907 0.974364 1 0 1.000000
0  -2.939877 126.700615 11.440162  -0.003865 -0.023417 -0.999718  0.972930 0.974364 1 0 1.000000
0  -10.603354 127.185089 11.341066  -0.017634 -0.027021 -0.999479  0.970489 0.974120 1 0 1.000000
black
0  -8.676474 121.921951 11.043776  0.000429 -0.999519 -0.031020  0.971465 0.974120 1 0 1.000000
0  -8.753549 122.175201 10.900637  -0.019151 -0.038453 -0.999077  0.971465 0.973876 1 0 1.000000
0  -7.245077 122.626640 11.186915  -0.017116 -0.037343 -0.999156  0.972930 0.974120 1 0 1.000000
black
0  -7.245077 122.626640 11.186915  -0.017116 -0.037343 -0.999156  0.972930 0.974120 1 0 1.000000
0  -7.201035 122.120148 11.352077  0.246628 -0.701642 -0.668485  0.972930 0.974120 1 0 1.000000
0  -8.676474 121.921951 11.043776  0.000429 -0.999519 -0.031020  0.971465 0.974120 1 0 1.000000
black
0  -7.101938 122.263290 11.627345  0.035797 -0.996122 -0.080373  0.973907 0.974120 1 0 1.000000
0  -8.676474 121.921951 11.043776  0.000429 -0.999519 -0.031020  0.971465 0.974120 1 0 1.000000
0  -7.201035 122.120148 11.352077  0.246628 -0.701642 -0.668485  0.972930 0.974120 1 0 1.000000
black
0  -8.236043 121.767807 16.439039  0.000390 -0.999525 -0.030807  0.971465 0.975829 1 0 1.000000
0  -8.676474 121.921951 11.043776  0.000429 -0.999519 -0.031020  0.971465 0.974120 1 0 1.000000
0  -7.101938 122.263290 11.627345  0.035797 -0.996122 -0.080373  0.973907 0.974120 1 0 1.000000
black
0  -7.828646 121.756790 16.615211  0.000490 -0.999525 -0.030811  0.971954 0.975829 1 0 1.000000
0  -8.236043 121.767807 16.439039  0.000390 -0.999525 -0.030807  0.971465 0.975829 1 0 1.000000
0  -7.101938 122.263290 11.627345  0.035797 -0.996122 -0.080373  0.973907 0.974120 1 0 1.000000
black
0  -7.828646 121.756790 16.615211  0.000490 -0.999525 -0.030811  0.971954 0.975829 1 0 1.000000
0  -7.101938 122.263290 11.627345  0.035797 -0.996122 -0.080373  0.973907 0.974120 1 0 1.000000
0  -0.000008 122.197220 11.704419  -0.000177 -0.999525 -0.030824  0.974395 0.974120 1 0 1.000000
black
0  -7.828646 121.756790 16.615211  0.000490 -0.999525 -0.030811  0.971954 0.975829 1 0 1.000000
0  -0.000008 122.197220 11.704419  -0.000177 -0.999525 -0.030824  0.974395 0.974120 1 0 1.000000
0  -0.000008 121.723763 18.013575  -0.000178 -0.999525 -0.030811  0.974395 0.976318 1 0 1.000000
black
0  -7.663485 121.745781 17.011597  0.000492 -0.999527 -0.030741  0.971954 0.976074 1 0 1.000000
0  -7.828646 121.756790 16.615211  0.000490 -0.999525 -0.030811  0.971954 0.975829 1 0 1.000000
0  -0.000008 121.723763 18.013575  -0.000178 -0.999525 -0.030811  0.974395 0.976318 1 0 1.000000
black
0  -7.828646 121.734772 17.418995  0.000495 -0.999523 -0.030875  0.971954 0.976074 1 0 1.000000
0  -7.663485 121.745781 17.011597  0.000492 -0.999527 -0.030741  0.971954 0.976074 1 0 1.000000
0  -0.000008 121.723763 18.013575  -0.000178 -0.999525 -0.030811  0.974395 0.976318 1 0 1.000000
black
0  -8.236043 121.734772 17.595167  0.000487 -0.999526 -0.030781  0.971465 0.976318 1 0 1.000000
0  -7.828646 121.734772 17.418995  0.000495 -0.999523 -0.030875  0.971954 0.976074 1 0 1.000000
0  -0.000008 121.723763 18.013575  -0.000178 -0.999525 -0.030811  0.974395 0.976318 1 0 1.000000
black
0  -8.236043 121.734772 17.595167  0.000487 -0.999526 -0.030781  0.971465 0.976318 1 0 1.000000
0  -0.000008 121.723763 18.013575  -0.000178 -0.999525 -0.030811  0.974395 0.976318 1 0 1.000000
0  -10.339095 121.712753 18.002563  0.000577 -0.999526 -0.030793  0.970977 0.976318 1 0 1.000000
black
0  -10.339095 121.712753 18.002563  0.000577 -0.999526 -0.030793  0.970977 0.976318 1 0 1.000000
0  -8.643440 121.734772 17.418995  0.000500 -0.999524 -0.030847  0.971465 0.976074 1 0 1.000000
0  -8.236043 121.734772 17.595167  0.000487 -0.999526 -0.030781  0.971465 0.976318 1 0 1.000000
black
0  -8.808601 121.745781 17.011597  0.000576 -0.999525 -0.030825  0.971465 0.976074 1 0 1.000000
0  -8.643440 121.734772 17.418995  0.000500 -0.999524 -0.030847  0.971465 0.976074 1 0 1.000000
0  -10.339095 121.712753 18.002563  0.000577 -0.999526 -0.030793  0.970977 0.976318 1 0 1.000000
black
0  -8.643440 121.756790 16.615211  0.000570 -0.999529 -0.030680  0.971465 0.975829 1 0 1.000000
0  -8.808601 121.745781 17.011597  0.000576 -0.999525 -0.030825  0.971465 0.976074 1 0 1.000000
0  -10.339095 121.712753 18.002563  0.000577 -0.999526 -0.030793  0.970977 0.976318 1 0 1.000000
black
0  -10.339095 121.712753 18.002563  0.000577 -0.999526 -0.030793  0.970977 0.976318 1 0 1.000000
0  -8.676474 121.921951 11.043776  0.000429 -0.999519 -0.031020  0.971465 0.974120 1 0 1.000000
0  -8.643440 121.756790 16.615211  0.000570 -0.999529 -0.030680  0.971465 0.975829 1 0 1.000000
black
0  -8.676474 121.921951 11.043776  0.000429 -0.999519 -0.031020  0.971465 0.974120 1 0 1.000000
0  -8.236043 121.767807 16.439039  0.000390 -0.999525 -0.030807  0.971465 0.975829 1 0 1.000000
0  -8.643440 121.756790 16.615211  0.000570 -0.999529 -0.030680  0.971465 0.975829 1 0 1.000000
black
0  -8.247054 121.756790 18.299854  -0.000041 0.534705 -0.845039  0.987091 0.980224 1 0 1.000000
0  -8.026839 121.767807 18.079639  -0.000091 0.534730 -0.845023  0.987091 0.979980 1 0 1.000000
0  -8.192000 121.767807 18.145704  0.000082 0.534659 -0.845068  0.987091 0.979980 1 0 1.000000
black
0  -2.003963 121.767807 18.079639  -0.000132 0.534660 -0.845067  0.977813 0.980224 1 0 1.000000
0  -8.026839 121.767807 18.079639  -0.000091 0.534730 -0.845023  0.987091 0.979980 1 0 1.000000
0  -8.247054 121.756790 18.299854  -0.000041 0.534705 -0.845039  0.987091 0.980224 1 0 1.000000
black
0  -8.247054 121.756790 18.299854  -0.000041 0.534705 -0.845039  0.987091 0.980224 1 0 1.000000
0  -1.761727 121.756790 18.299854  -0.000134 0.534556 -0.845133  0.977325 0.980468 1 0 1.000000
0  -2.003963 121.767807 18.079639  -0.000132 0.534660 -0.845067  0.977813 0.980224 1 0 1.000000
black
0  -1.761727 121.756790 18.299854  -0.000255 0.534609 -0.845099  0.977325 0.980468 1 0 1.000000
0  -1.827791 121.767807 18.134693  -0.000263 0.534614 -0.845096  0.977325 0.980224 1 0 1.000000
0  -2.003963 121.767807 18.079639  -0.000073 0.534687 -0.845050  0.977813 0.980224 1 0 1.000000
black
0  11.605314 126.414337 18.233789  -0.906442 0.334728 0.257527  0.979766 0.971679 1 0 1.000000
0  11.396111 126.447372 18.409962  -0.003588 -0.672174 -0.740384  0.979766 0.971923 1 0 1.000000
0  11.847550 128.517395 16.163771  -0.908020 0.334823 0.251781  0.983673 0.968505 1 0 1.000000
black
0  11.396111 126.447372 18.409962  -0.003588 -0.672174 -0.740384  0.979766 0.971923 1 0 1.000000
0  11.660368 128.770630 16.196802  0.000198 -0.703400 -0.710794  0.984161 0.968749 1 0 1.000000
0  11.847550 128.517395 16.163771  -0.908020 0.334823 0.251781  0.983673 0.968505 1 0 1.000000
black
0  11.605314 126.414337 18.233789  -0.906445 0.334753 0.257485  0.979766 0.971679 1 0 1.000000
0  11.759464 126.414337 18.420973  -0.002014 0.009694 -0.999951  0.980255 0.971679 1 0 1.000000
0  11.396111 126.447372 18.409962  -0.000283 0.025868 -0.999665  0.979766 0.971923 1 0 1.000000
black
0  9.964715 122.659676 18.321877  -0.000221 0.028300 -0.999599  0.973418 0.972411 1 0 1.000000
0  11.396111 126.447372 18.409962  -0.000283 0.025868 -0.999665  0.979766 0.971923 1 0 1.000000
0  11.759464 126.414337 18.420973  -0.002014 0.009694 -0.999951  0.980255 0.971679 1 0 1.000000
black
0  10.151897 121.569611 18.288843  -0.000005 0.023597 -0.999722  0.971465 0.972167 1 0 1.000000
0  9.964715 122.659676 18.321877  -0.000221 0.028300 -0.999599  0.973418 0.972411 1 0 1.000000
0  11.759464 126.414337 18.420973  -0.002014 0.009694 -0.999951  0.980255 0.971679 1 0 1.000000
black
0  10.151897 121.569611 18.288843  -0.000005 0.023597 -0.999722  0.971465 0.972167 1 0 1.000000
0  9.414178 122.285309 18.310865  -0.000103 0.028742 -0.999587  0.972442 0.972655 1 0 1.000000
0  9.964715 122.659676 18.321877  -0.000221 0.028300 -0.999599  0.973418 0.972411 1 0 1.000000
black
0  9.414178 122.285309 18.310865  -0.000103 0.028742 -0.999587  0.972442 0.972655 1 0 1.000000
0  10.151897 121.569611 18.288843  -0.000005 0.023597 -0.999722  0.971465 0.972167 1 0 1.000000
0  -0.000008 121.558601 18.288843  0.000000 0.023699 -0.999719  0.968535 0.979003 1 0 1.000000
black
0  -0.000008 122.296318 18.310865  0.000000 0.028449 -0.999595  0.969512 0.979003 1 0 1.000000
0  9.414178 122.285309 18.310865  -0.000103 0.028742 -0.999587  0.972442 0.972655 1 0 1.000000
0  -0.000008 121.558601 18.288843  0.000000 0.023699 -0.999719  0.968535 0.979003 1 0 1.000000
black
0  -0.000008 122.296318 18.310865  0.000000 0.028449 -0.999595  0.969512 0.979003 1 0 1.000000
0  -0.000008 121.558601 18.288843  0.000000 0.023699 -0.999719  0.968535 0.979003 1 0 1.000000
0  -9.414193 122.285309 18.310865  0.000096 0.028647 -0.999590  0.967071 0.985351 1 0 1.000000
black
0  -0.000008 121.558601 18.288843  0.000000 0.023699 -0.999719  0.968535 0.979003 1 0 1.000000
0  -10.151913 121.569611 18.288843  0.000005 0.023597 -0.999722  0.965606 0.985839 1 0 1.000000
0  -9.414193 122.285309 18.310865  0.000096 0.028647 -0.999590  0.967071 0.985351 1 0 1.000000
black
0  -10.151913 121.569611 18.288843  0.000005 0.023597 -0.999722  0.965606 0.985839 1 0 1.000000
0  -9.964730 122.659676 18.321877  0.000221 0.028300 -0.999599  0.967559 0.985839 1 0 1.000000
0  -9.414193 122.285309 18.310865  0.000096 0.028647 -0.999590  0.967071 0.985351 1 0 1.000000
black
0  -10.151913 121.569611 18.288843  0.000005 0.023597 -0.999722  0.965606 0.985839 1 0 1.000000
0  -11.759481 126.414337 18.420973  0.002177 0.009600 -0.999952  0.973418 0.987548 1 0 1.000000
0  -9.964730 122.659676 18.321877  0.000221 0.028300 -0.999599  0.967559 0.985839 1 0 1.000000
black
0  -11.759481 126.414337 18.420973  0.002177 0.009600 -0.999952  0.973418 0.987548 1 0 1.000000
0  -11.396128 126.447372 18.409962  0.000189 0.025756 -0.999668  0.973418 0.987304 1 0 1.000000
0  -9.964730 122.659676 18.321877  0.000221 0.028300 -0.999599  0.967559 0.985839 1 0 1.000000
black
0  -11.605331 126.414337 18.233789  0.906441 0.334754 0.257496  0.973418 0.987304 1 0 1.000000
0  -11.396128 126.447372 18.409962  0.000189 0.025756 -0.999668  0.973418 0.987304 1 0 1.000000
0  -11.759481 126.414337 18.420973  0.002177 0.009600 -0.999952  0.973418 0.987548 1 0 1.000000
black
0  10.603336 127.185089 11.341064  0.915317 -0.328993 -0.232288  0.977325 0.974364 1 0 1.000000
0  12.232926 128.286163 16.229836  0.915379 -0.328887 -0.232195  0.977813 0.976074 1 0 1.000000
0  11.979679 126.304230 18.013575  0.915336 -0.329006 -0.232197  0.977813 0.976806 1 0 1.000000
black
0  11.979679 126.304230 18.013575  0.915336 -0.329006 -0.232197  0.977813 0.976806 1 0 1.000000
0  8.753531 122.175201 10.900635  0.915321 -0.328980 -0.232294  0.977325 0.974120 1 0 1.000000
0  10.603336 127.185089 11.341064  0.915317 -0.328993 -0.232288  0.977325 0.974364 1 0 1.000000
black
0  11.979679 126.304230 18.013575  0.915336 -0.329006 -0.232197  0.977813 0.976806 1 0 1.000000
0  10.339080 121.712753 18.002563  0.915343 -0.329005 -0.232172  0.977813 0.976562 1 0 1.000000
0  8.753531 122.175201 10.900635  0.915321 -0.328980 -0.232294  0.977325 0.974120 1 0 1.000000
black
0  10.339080 121.712753 18.002563  0.915343 -0.329005 -0.232172  0.977813 0.976562 1 0 1.000000
0  8.687468 121.921951 11.043774  0.915311 -0.329005 -0.232298  0.977325 0.974120 1 0 1.000000
0  8.753531 122.175201 10.900635  0.915321 -0.328980 -0.232294  0.977325 0.974120 1 0 1.000000
black
0  -8.676474 121.921951 11.043776  -0.915295 -0.329087 -0.232244  0.971465 0.974120 1 0 1.000000
0  -10.339095 121.712753 18.002563  -0.915332 -0.329008 -0.232208  0.970977 0.976318 1 0 1.000000
0  -8.753549 122.175201 10.900637  -0.915313 -0.329009 -0.232280  0.971465 0.973876 1 0 1.000000
black
0  -10.339095 121.712753 18.002563  -0.915332 -0.329008 -0.232208  0.970977 0.976318 1 0 1.000000
0  -11.979696 126.304230 18.013575  -0.915336 -0.329007 -0.232196  0.970000 0.976562 1 0 1.000000
0  -8.753549 122.175201 10.900637  -0.915313 -0.329009 -0.232280  0.971465 0.973876 1 0 1.000000
black
0  -10.603354 127.185089 11.341066  -0.915318 -0.328994 -0.232285  0.970489 0.974120 1 0 1.000000
0  -8.753549 122.175201 10.900637  -0.915313 -0.329009 -0.232280  0.971465 0.973876 1 0 1.000000
0  -11.979696 126.304230 18.013575  -0.915336 -0.329007 -0.232196  0.970000 0.976562 1 0 1.000000
black
0  -11.979696 126.304230 18.013575  -0.915336 -0.329007 -0.232196  0.970000 0.976562 1 0 1.000000
0  -12.232944 128.286163 16.229836  -0.915380 -0.328831 -0.232272  0.969512 0.975829 1 0 1.000000
0  -10.603354 127.185089 11.341066  -0.915318 -0.328994 -0.232285  0.970489 0.974120 1 0 1.000000
chrome
0  -13.499179 127.361259 11.748464  0.000275 0.937602 -0.347709  0.566912 0.805170 1 0 1.000000
0  -15.624252 127.361259 11.748464  0.000260 0.937560 -0.347822  0.520280 0.805170 1 0 1.000000
0  -13.378061 127.405304 11.858571  0.000274 0.937597 -0.347723  0.569597 0.807367 1 0 1.000000
chrome
0  -15.624252 127.361259 11.748464  0.000260 0.937560 -0.347822  0.520280 0.805170 1 0 1.000000
0  -15.745371 127.405304 11.869581  0.000274 0.937537 -0.347885  0.517350 0.807367 1 0 1.000000
0  -13.378061 127.405304 11.858571  0.000274 0.937597 -0.347723  0.569597 0.807367 1 0 1.000000
chrome
0  -15.745371 127.405304 11.869581  0.000274 0.937537 -0.347885  0.517350 0.807367 1 0 1.000000
0  -15.745371 128.076965 13.884547  0.000292 0.937608 -0.347694  0.517594 0.849361 1 0 1.000000
0  -13.378061 127.405304 11.858571  0.000274 0.937597 -0.347723  0.569597 0.807367 1 0 1.000000
chrome
0  -15.745371 128.076965 13.884547  0.000292 0.937608 -0.347694  0.517594 0.849361 1 0 1.000000
0  -13.378061 128.076965 13.884547  0.000000 0.937584 -0.347759  0.569597 0.849117 1 0 1.000000
0  -13.378061 127.405304 11.858571  0.000274 0.937597 -0.347723  0.569597 0.807367 1 0 1.000000
chrome
0  -13.499179 128.109985 13.994655  0.000250 0.937553 -0.347843  0.566912 0.851558 1 0 1.000000
0  -13.378061 128.076965 13.884547  0.000000 0.937584 -0.347759  0.569597 0.849117 1 0 1.000000
0  -15.745371 128.076965 13.884547  0.000292 0.937608 -0.347694  0.517594 0.849361 1 0 1.000000
chrome
0  -15.745371 128.076965 13.884547  0.000292 0.937608 -0.347694  0.517594 0.849361 1 0 1.000000
0  -15.624252 128.109985 13.994655  0.000275 0.937663 -0.347545  0.520280 0.851802 1 0 1.000000
0  -13.499179 128.109985 13.994655  0.000250 0.937553 -0.347843  0.566912 0.851558 1 0 1.000000
chrome
0  13.499162 127.361259 11.748462  -0.000267 0.937602 -0.347709  0.566912 0.805170 1 0 1.000000
0  13.378044 127.405304 11.858569  -0.000274 0.937598 -0.347721  0.569597 0.807367 1 0 1.000000
0  15.624235 127.361259 11.748462  -0.000261 0.937584 -0.347758  0.520280 0.805170 1 0 1.000000
chrome
0  13.378044 127.405304 11.858569  -0.000274 0.937598 -0.347721  0.569597 0.807367 1 0 1.000000
0  15.745354 127.405304 11.869579  -0.000273 0.937545 -0.347863  0.517350 0.807367 1 0 1.000000
0  15.624235 127.361259 11.748462  -0.000261 0.937584 -0.347758  0.520280 0.805170 1 0 1.000000
chrome
0  15.745354 127.405304 11.869579  -0.000273 0.937545 -0.347863  0.517350 0.807367 1 0 1.000000
0  13.378044 127.405304 11.858569  -0.000274 0.937598 -0.347721  0.569597 0.807367 1 0 1.000000
0  15.745354 128.076965 13.884545  0.000528 0.937572 -0.347791  0.517594 0.849361 1 0 1.000000
chrome
0  13.378044 127.405304 11.858569  -0.000274 0.937598 -0.347721  0.569597 0.807367 1 0 1.000000
0  13.378044 128.076965 13.884545  -0.000271 0.937585 -0.347756  0.569597 0.849117 1 0 1.000000
0  15.745354 128.076965 13.884545  0.000528 0.937572 -0.347791  0.517594 0.849361 1 0 1.000000
chrome
0  15.745354 128.076965 13.884545  0.000528 0.937572 -0.347791  0.517594 0.849361 1 0 1.000000
0  13.378044 128.076965 13.884545  -0.000271 0.937585 -0.347756  0.569597 0.849117 1 0 1.000000
0  13.499162 128.109985 13.994653  -0.000275 0.937622 -0.347657  0.566912 0.851558 1 0 1.000000
chrome
0  13.499162 128.109985 13.994653  -0.000275 0.937622 -0.347657  0.566912 0.851558 1 0 1.000000
0  15.624235 128.109985 13.994653  -0.000301 0.937547 -0.347860  0.520280 0.851802 1 0 1.000000
0  15.745354 128.076965 13.884545  0.000528 0.937572 -0.347791  0.517594 0.849361 1 0 1.000000
headlightglass
0  -13.245933 127.449348 11.572291  0.076287 0.920551 -0.383101  0.832301 0.290750 1 0 1.000000
0  -15.888511 127.460358 11.572291  -0.073074 0.921176 -0.382223  0.838649 0.290750 1 0 1.000000
0  -13.245933 128.286163 14.082741  0.075123 0.967572 -0.241167  0.832301 0.301981 1 0 1.000000
headlightglass
0  -15.888511 127.460358 11.572291  -0.073074 0.921176 -0.382223  0.838649 0.290750 1 0 1.000000
0  -15.888511 128.286163 14.082741  -0.073989 0.967901 -0.240196  0.838649 0.301981 1 0 1.000000
0  -13.245933 128.286163 14.082741  0.075123 0.967572 -0.241167  0.832301 0.301981 1 0 1.000000
headlightglass
0  13.245915 127.449348 11.572289  -0.076287 0.920551 -0.383101  0.770287 0.290750 1 0 1.000000
0  13.245915 128.286163 14.082739  -0.075112 0.967575 -0.241157  0.770287 0.301981 1 0 1.000000
0  15.888494 127.460358 11.572289  0.073075 0.921176 -0.382222  0.763939 0.290750 1 0 1.000000
headlightglass
0  13.245915 128.286163 14.082739  -0.075112 0.967575 -0.241157  0.770287 0.301981 1 0 1.000000
0  15.888494 128.286163 14.082739  0.074000 0.967897 -0.240205  0.763939 0.301981 1 0 1.000000
0  15.888494 127.460358 11.572289  0.073075 0.921176 -0.382222  0.763939 0.290750 1 0 1.000000
headlightglass
0  9.975724 124.608574 15.987597  -0.762937 0.016106 0.646272  0.006348 0.005097 1 0 1.000000
0  10.118864 124.971931 16.031641  -0.662113 0.263360 0.701604  0.006348 0.005097 1 0 1.000000
0  9.898649 125.015976 15.679296  -0.936853 0.247371 0.247212  0.006348 0.005097 1 0 1.000000
headlightglass
0  9.898649 125.015976 15.679296  -0.936853 0.247371 0.247212  0.006348 0.005097 1 0 1.000000
0  9.821574 124.630600 15.701318  -0.942661 0.223796 0.247600  0.006592 0.005097 1 0 1.000000
0  9.975724 124.608574 15.987597  -0.762937 0.016106 0.646272  0.006348 0.005097 1 0 1.000000
headlightglass
0  9.821574 124.630600 15.701318  -0.942661 0.223796 0.247600  0.006592 0.005097 1 0 1.000000
0  9.898649 125.015976 15.679296  -0.936853 0.247371 0.247212  0.006348 0.005097 1 0 1.000000
0  9.821574 124.608574 15.370996  -0.979865 -0.007263 -0.199528  0.006592 0.005097 1 0 1.000000
headlightglass
0  9.898649 125.015976 15.679296  -0.936853 0.247371 0.247212  0.006348 0.005097 1 0 1.000000
0  9.909660 124.971931 15.260888  -0.922835 0.259350 -0.284805  0.006348 0.005097 1 0 1.000000
0  9.821574 124.608574 15.370996  -0.979865 -0.007263 -0.199528  0.006592 0.005097 1 0 1.000000
headlightglass
0  -9.898666 125.015976 15.679298  0.936857 0.247374 0.247193  0.006348 0.005097 1 0 1.000000
0  -10.118881 124.971931 16.031641  0.662105 0.263392 0.701600  0.006348 0.005097 1 0 1.000000
0  -9.975741 124.608574 15.987599  0.762938 0.015987 0.646274  0.006348 0.005097 1 0 1.000000
headlightglass
0  -9.975741 124.608574 15.987599  0.762938 0.015987 0.646274  0.006348 0.005097 1 0 1.000000
0  -9.821591 124.630600 15.701320  0.942661 0.223796 0.247599  0.006592 0.005097 1 0 1.000000
0  -9.898666 125.015976 15.679298  0.936857 0.247374 0.247193  0.006348 0.005097 1 0 1.000000
headlightglass
0  -9.821591 124.630600 15.701320  0.942661 0.223796 0.247599  0.006592 0.005097 1 0 1.000000
0  -9.821591 124.608574 15.370997  0.979863 -0.007259 -0.199537  0.006592 0.005097 1 0 1.000000
0  -9.898666 125.015976 15.679298  0.936857 0.247374 0.247193  0.006348 0.005097 1 0 1.000000
headlightglass
0  -9.821591 124.608574 15.370997  0.979863 -0.007259 -0.199537  0.006592 0.005097 1 0 1.000000
0  -9.909678 124.971931 15.260890  0.922865 0.259249 -0.284797  0.006348 0.005097 1 0 1.000000
0  -9.898666 125.015976 15.679298  0.936857 0.247374 0.247193  0.006348 0.005097 1 0 1.000000
plate
0  6.565347 122.952553 12.006356  0.000000 1.000000 -0.000000  0.013672 0.020478 1 0 1.000000
0  -6.592892 122.952553 12.006358  0.000000 1.000000 0.000000  0.982452 0.020478 1 0 1.000000
0  -6.592891 122.952553 17.814701  0.000000 1.000000 0.000000  0.982452 0.981445 1 0 1.000000
plate
0  -6.592891 122.952553 17.814701  0.000000 1.000000 0.000000  0.982452 0.981445 1 0 1.000000
0  6.565348 122.952553 17.814701  0.000000 1.000000 -0.000000  0.013672 0.981445 1 0 1.000000
0  6.565347 122.952553 12.006356  0.000000 1.000000 -0.000000  0.013672 0.020478 1 0 1.000000
plate
0  -6.496545 122.897499 11.676025  -0.212989 0.757920 -0.616597  0.979522 0.001923 1 0 1.000000
0  -6.868169 122.897499 12.006358  -0.582101 0.769109 -0.263875  0.995148 0.020478 1 0 1.000000
0  -6.730531 123.035133 12.061414  -0.187124 0.973888 -0.128554  0.989288 0.023408 1 0 1.000000
plate
0  -6.730530 123.035133 17.773409  -0.186818 0.973996 0.128185  0.989288 0.979492 1 0 1.000000
0  -6.482780 123.035133 17.993631  -0.155055 0.962460 0.222777  0.978545 0.991211 1 0 1.000000
0  -6.592891 122.952553 17.814701  0.407659 0.828921 -0.383020  0.982452 0.981445 1 0 1.000000
plate
0  6.565348 122.952553 17.814701  -0.407828 0.828756 -0.383198  0.013672 0.981445 1 0 1.000000
0  -6.592891 122.952553 17.814701  0.407659 0.828921 -0.383020  0.982452 0.981445 1 0 1.000000
0  -6.482780 123.035133 17.993631  -0.155055 0.962460 0.222777  0.978545 0.991211 1 0 1.000000
plate
0  -6.482780 123.035133 17.993631  -0.155055 0.962460 0.222777  0.978545 0.991211 1 0 1.000000
0  6.455237 123.035133 17.993631  0.162989 0.960195 0.226846  0.018555 0.991211 1 0 1.000000
0  6.565348 122.952553 17.814701  -0.407828 0.828756 -0.383198  0.013672 0.981445 1 0 1.000000
plate
0  6.455237 123.035133 17.993631  0.162989 0.960195 0.226846  0.018555 0.991211 1 0 1.000000
0  6.702986 123.035133 17.773409  0.186787 0.973598 0.131218  0.007813 0.979492 1 0 1.000000
0  6.565348 122.952553 17.814701  -0.407828 0.828756 -0.383198  0.013672 0.981445 1 0 1.000000
plate
0  6.702986 123.035133 17.773409  0.186787 0.973598 0.131218  0.007813 0.979492 1 0 1.000000
0  6.455237 123.035133 17.993631  0.162989 0.960195 0.226846  0.018555 0.991211 1 0 1.000000
0  6.482764 122.897499 18.158798  0.209252 0.754605 0.621920  0.017579 0.999023 1 0 1.000000
plate
0  6.482764 122.897499 18.158798  0.209252 0.754605 0.621920  0.017579 0.999023 1 0 1.000000
0  6.868152 122.897499 17.828465  0.580978 0.769163 0.266182  0.000977 0.982421 1 0 1.000000
0  6.702986 123.035133 17.773409  0.186787 0.973598 0.131218  0.007813 0.979492 1 0 1.000000
plate
0  6.702985 123.035133 12.061412  0.186737 0.973645 -0.130935  0.007813 0.023408 1 0 1.000000
0  6.702986 123.035133 17.773409  0.186787 0.973598 0.131218  0.007813 0.979492 1 0 1.000000
0  6.868152 122.897499 17.828465  0.580978 0.769163 0.266182  0.000977 0.982421 1 0 1.000000
plate
0  6.868152 122.897499 17.828465  0.580978 0.769163 0.266182  0.000977 0.982421 1 0 1.000000
0  6.868152 122.897499 12.006356  0.581084 0.769159 -0.265964  0.000977 0.020478 1 0 1.000000
0  6.702985 123.035133 12.061412  0.186737 0.973645 -0.130935  0.007813 0.023408 1 0 1.000000
plate
0  6.702985 123.035133 12.061412  0.186737 0.973645 -0.130935  0.007813 0.023408 1 0 1.000000
0  6.868152 122.897499 12.006356  0.581084 0.769159 -0.265964  0.000977 0.020478 1 0 1.000000
0  6.482764 122.897499 11.676023  0.209881 0.754519 -0.621812  0.017579 0.001923 1 0 1.000000
plate
0  6.482764 122.897499 11.676023  0.209881 0.754519 -0.621812  0.017579 0.001923 1 0 1.000000
0  6.455236 123.035133 11.827427  0.163343 0.960086 -0.227054  0.018555 0.010712 1 0 1.000000
0  6.702985 123.035133 12.061412  0.186737 0.973645 -0.130935  0.007813 0.023408 1 0 1.000000
plate
0  6.455236 123.035133 11.827427  0.163343 0.960086 -0.227054  0.018555 0.010712 1 0 1.000000
0  6.482764 122.897499 11.676023  0.209881 0.754519 -0.621812  0.017579 0.001923 1 0 1.000000
0  -6.496545 122.897499 11.676025  -0.212989 0.757920 -0.616597  0.979522 0.001923 1 0 1.000000
plate
0  -6.496545 122.897499 11.676025  -0.212989 0.757920 -0.616597  0.979522 0.001923 1 0 1.000000
0  -6.482781 123.035133 11.827429  -0.154639 0.962574 -0.222571  0.978545 0.010712 1 0 1.000000
0  6.455236 123.035133 11.827427  0.163343 0.960086 -0.227054  0.018555 0.010712 1 0 1.000000
plate
0  -6.730531 123.035133 12.061414  -0.187124 0.973888 -0.128554  0.989288 0.023408 1 0 1.000000
0  -6.482781 123.035133 11.827429  -0.154639 0.962574 -0.222571  0.978545 0.010712 1 0 1.000000
0  -6.496545 122.897499 11.676025  -0.212989 0.757920 -0.616597  0.979522 0.001923 1 0 1.000000
plate
0  -6.482781 123.035133 11.827429  -0.154639 0.962574 -0.222571  0.978545 0.010712 1 0 1.000000
0  -6.730531 123.035133 12.061414  -0.187124 0.973888 -0.128554  0.989288 0.023408 1 0 1.000000
0  -6.592892 122.952553 12.006358  0.408031 0.828431 0.383683  0.982452 0.020478 1 0 1.000000
plate
0  -6.592891 122.952553 17.814701  0.407659 0.828921 -0.383020  0.982452 0.981445 1 0 1.000000
0  -6.592892 122.952553 12.006358  0.408031 0.828431 0.383683  0.982452 0.020478 1 0 1.000000
0  -6.730531 123.035133 12.061414  -0.187124 0.973888 -0.128554  0.989288 0.023408 1 0 1.000000
plate
0  -6.730531 123.035133 12.061414  -0.187124 0.973888 -0.128554  0.989288 0.023408 1 0 1.000000
0  -6.730530 123.035133 17.773409  -0.186818 0.973996 0.128185  0.989288 0.979492 1 0 1.000000
0  -6.592891 122.952553 17.814701  0.407659 0.828921 -0.383020  0.982452 0.981445 1 0 1.000000
plate
0  -6.730530 123.035133 17.773409  -0.186818 0.973996 0.128185  0.989288 0.979492 1 0 1.000000
0  -6.730531 123.035133 12.061414  -0.187124 0.973888 -0.128554  0.989288 0.023408 1 0 1.000000
0  -6.868169 122.897499 12.006358  -0.582101 0.769109 -0.263875  0.995148 0.020478 1 0 1.000000
plate
0  -6.868169 122.897499 12.006358  -0.582101 0.769109 -0.263875  0.995148 0.020478 1 0 1.000000
0  -6.868168 122.897499 17.828465  -0.582022 0.769108 0.264051  0.995148 0.982421 1 0 1.000000
0  -6.730530 123.035133 17.773409  -0.186818 0.973996 0.128185  0.989288 0.979492 1 0 1.000000
plate
0  -6.730530 123.035133 17.773409  -0.186818 0.973996 0.128185  0.989288 0.979492 1 0 1.000000
0  -6.868168 122.897499 17.828465  -0.582022 0.769108 0.264051  0.995148 0.982421 1 0 1.000000
0  -6.496544 122.897499 18.158798  -0.213617 0.757976 0.616312  0.979522 0.999023 1 0 1.000000
plate
0  -6.496544 122.897499 18.158798  -0.213617 0.757976 0.616312  0.979522 0.999023 1 0 1.000000
0  -6.482780 123.035133 17.993631  -0.155055 0.962460 0.222777  0.978545 0.991211 1 0 1.000000
0  -6.730530 123.035133 17.773409  -0.186818 0.973996 0.128185  0.989288 0.979492 1 0 1.000000
plate
0  -6.482780 123.035133 17.993631  -0.155055 0.962460 0.222777  0.978545 0.991211 1 0 1.000000
0  -6.496544 122.897499 18.158798  -0.213617 0.757976 0.616312  0.979522 0.999023 1 0 1.000000
0  6.482764 122.897499 18.158798  0.209252 0.754605 0.621920  0.017579 0.999023 1 0 1.000000
plate
0  6.482764 122.897499 18.158798  0.209252 0.754605 0.621920  0.017579 0.999023 1 0 1.000000
0  6.455237 123.035133 17.993631  0.162989 0.960195 0.226846  0.018555 0.991211 1 0 1.000000
0  -6.482780 123.035133 17.993631  -0.155055 0.962460 0.222777  0.978545 0.991211 1 0 1.000000
plate
0  6.565347 122.952553 12.006356  -0.407628 0.829216 0.382413  0.013672 0.020478 1 0 1.000000
0  6.565348 122.952553 17.814701  -0.407828 0.828756 -0.383198  0.013672 0.981445 1 0 1.000000
0  6.702986 123.035133 17.773409  0.186787 0.973598 0.131218  0.007813 0.979492 1 0 1.000000
plate
0  6.702986 123.035133 17.773409  0.186787 0.973598 0.131218  0.007813 0.979492 1 0 1.000000
0  6.702985 123.035133 12.061412  0.186737 0.973645 -0.130935  0.007813 0.023408 1 0 1.000000
0  6.565347 122.952553 12.006356  -0.407628 0.829216 0.382413  0.013672 0.020478 1 0 1.000000
plate
0  6.702985 123.035133 12.061412  0.186737 0.973645 -0.130935  0.007813 0.023408 1 0 1.000000
0  6.455236 123.035133 11.827427  0.163343 0.960086 -0.227054  0.018555 0.010712 1 0 1.000000
0  6.565347 122.952553 12.006356  -0.407628 0.829216 0.382413  0.013672 0.020478 1 0 1.000000
plate
0  -6.592892 122.952553 12.006358  0.408031 0.828431 0.383683  0.982452 0.020478 1 0 1.000000
0  6.565347 122.952553 12.006356  -0.407628 0.829216 0.382413  0.013672 0.020478 1 0 1.000000
0  6.455236 123.035133 11.827427  0.163343 0.960086 -0.227054  0.018555 0.010712 1 0 1.000000
plate
0  6.455236 123.035133 11.827427  0.163343 0.960086 -0.227054  0.018555 0.010712 1 0 1.000000
0  -6.482781 123.035133 11.827429  -0.154639 0.962574 -0.222571  0.978545 0.010712 1 0 1.000000
0  -6.592892 122.952553 12.006358  0.408031 0.828431 0.383683  0.982452 0.020478 1 0 1.000000
end
