version 1
nodes
0 "root" -1
1 "steering_wheel" 0
end
skeleton
time 0
0  0.000000 0.000000 0.000000  0.000000 -0.000000 -0.000000
1  19.916300 17.934299 33.308498  0.000000 -0.000000 0.000000
end
triangles
misc
0  35.843987 -10.840173 31.932125  -0.527014 -0.674521 0.516989  0.472884 0.549303 1 0 1.000000
0  36.004593 -11.531228 31.188879  -0.527051 -0.674516 0.516958  0.472884 0.549303 1 0 1.000000
0  36.074001 -11.053726 31.890835  -0.527015 -0.674520 0.516989  0.472884 0.549303 1 0 1.000000
misc
0  42.427868 35.645103 36.143860  0.110920 0.704051 0.701433  0.469893 0.569689 1 0 1.000000
0  42.505028 35.667179 36.047516  0.692770 0.329993 0.641229  0.469893 0.569689 1 0 1.000000
0  42.514061 35.807255 35.978699  0.164512 0.685022 0.709705  0.469893 0.569689 1 0 1.000000
misc
0  42.427868 35.645103 36.143860  0.110920 0.704051 0.701433  0.469893 0.569689 1 0 1.000000
0  42.514061 35.807255 35.978699  0.164512 0.685022 0.709705  0.469893 0.569689 1 0 1.000000
0  41.734623 35.716862 35.978699  -0.070733 0.750143 0.657482  0.469893 0.569689 1 0 1.000000
misc
0  41.734623 35.716862 35.978699  -0.070733 0.750143 0.657482  0.469893 0.569689 1 0 1.000000
0  41.895817 35.573925 36.157623  -0.070838 0.749559 0.658137  0.469893 0.569689 1 0 1.000000
0  42.427868 35.645103 36.143860  0.110920 0.704051 0.701433  0.469893 0.569689 1 0 1.000000
misc
0  37.522491 -0.182579 32.014709  0.085773 -0.058543 0.994593  0.470199 0.568712 1 0 1.000000
0  36.074001 -11.053726 31.890835  0.134102 -0.030082 0.990511  0.470199 0.568499 1 0 1.000000
0  36.207176 -11.742383 31.849543  0.123423 -0.028966 0.991931  0.470199 0.568499 1 0 1.000000
misc
0  35.843987 -10.840173 31.932125  0.163652 -0.034165 0.985926  0.470199 0.568499 1 0 1.000000
0  36.074001 -11.053726 31.890835  0.134102 -0.030082 0.990511  0.470199 0.568499 1 0 1.000000
0  37.522491 -0.182579 32.014709  0.085773 -0.058543 0.994593  0.470199 0.568712 1 0 1.000000
misc
0  37.522491 -0.182579 32.014709  0.085773 -0.058543 0.994593  0.470199 0.568712 1 0 1.000000
0  36.960320 -0.133394 32.069763  0.084953 -0.057537 0.994722  0.470199 0.568712 1 0 1.000000
0  35.843987 -10.840173 31.932125  0.163652 -0.034165 0.985926  0.470199 0.568499 1 0 1.000000
misc
0  36.960320 -0.133394 32.069763  0.084953 -0.057537 0.994722  0.470199 0.568712 1 0 1.000000
0  37.522491 -0.182579 32.014709  0.085773 -0.058543 0.994593  0.470199 0.568712 1 0 1.000000
0  38.810680 11.350166 33.005707  0.065761 -0.113403 0.991370  0.470199 0.568987 1 0 1.000000
misc
0  38.810680 11.350166 33.005707  0.065761 -0.113403 0.991370  0.470199 0.568987 1 0 1.000000
0  38.292183 11.489098 33.046997  0.064839 -0.116952 0.991019  0.470199 0.568987 1 0 1.000000
0  36.960320 -0.133394 32.069763  0.084953 -0.057537 0.994722  0.470199 0.568712 1 0 1.000000
misc
0  40.202129 22.020599 34.409618  0.056003 -0.138775 0.988739  0.470199 0.569414 1 0 1.000000
0  38.292183 11.489098 33.046997  0.064839 -0.116952 0.991019  0.470199 0.568987 1 0 1.000000
0  38.810680 11.350166 33.005707  0.065761 -0.113403 0.991370  0.470199 0.568987 1 0 1.000000
misc
0  38.810680 11.350166 33.005707  0.065761 -0.113403 0.991370  0.470199 0.568987 1 0 1.000000
0  40.760513 21.870983 34.354561  0.055972 -0.138563 0.988771  0.470199 0.569414 1 0 1.000000
0  40.202129 22.020599 34.409618  0.056003 -0.138775 0.988739  0.470199 0.569414 1 0 1.000000
misc
0  41.406799 30.717674 35.565781  0.060685 -0.132807 0.989282  0.469893 0.569689 1 0 1.000000
0  40.202129 22.020599 34.409618  0.056003 -0.138775 0.988739  0.470199 0.569414 1 0 1.000000
0  40.760513 21.870983 34.354561  0.055972 -0.138563 0.988771  0.470199 0.569414 1 0 1.000000
misc
0  40.760513 21.870983 34.354561  0.055972 -0.138563 0.988771  0.470199 0.569414 1 0 1.000000
0  41.925304 30.578735 35.524490  0.060306 -0.134169 0.989122  0.470199 0.569689 1 0 1.000000
0  41.406799 30.717674 35.565781  0.060685 -0.132807 0.989282  0.469893 0.569689 1 0 1.000000
misc
0  41.747086 34.274338 36.006226  0.062036 -0.127053 0.989954  0.469893 0.569689 1 0 1.000000
0  41.406799 30.717674 35.565781  0.060685 -0.132807 0.989282  0.469893 0.569689 1 0 1.000000
0  41.925304 30.578735 35.524490  0.060306 -0.134169 0.989122  0.470199 0.569689 1 0 1.000000
misc
0  41.895817 35.573925 36.157623  0.059724 -0.127173 0.990081  0.469893 0.569689 1 0 1.000000
0  41.747086 34.274338 36.006226  0.062036 -0.127053 0.989954  0.469893 0.569689 1 0 1.000000
0  41.925304 30.578735 35.524490  0.060306 -0.134169 0.989122  0.470199 0.569689 1 0 1.000000
misc
0  41.925304 30.578735 35.524490  0.060306 -0.134169 0.989122  0.470199 0.569689 1 0 1.000000
0  42.427868 35.645103 36.143860  0.059414 -0.127101 0.990109  0.469893 0.569689 1 0 1.000000
0  41.895817 35.573925 36.157623  0.059724 -0.127173 0.990081  0.469893 0.569689 1 0 1.000000
misc
0  36.207176 -11.742383 31.849543  -0.472376 -0.871925 -0.128873  0.472884 0.549303 1 0 1.000000
0  36.004593 -11.531228 31.188879  -0.472376 -0.871924 -0.128874  0.472884 0.549303 1 0 1.000000
0  36.274536 -11.762093 31.753195  -0.472370 -0.871930 -0.128863  0.472884 0.549303 1 0 1.000000
misc
0  36.207176 -11.742383 31.849543  0.784676 -0.098759 0.611988  0.470199 0.568499 1 0 1.000000
0  36.274536 -11.762093 31.753195  0.784507 -0.098746 0.612207  0.470199 0.568499 1 0 1.000000
0  37.605961 -0.176065 31.918362  0.784763 -0.120300 0.608009  0.470199 0.568712 1 0 1.000000
misc
0  37.605961 -0.176065 31.918362  0.784763 -0.120300 0.608009  0.470199 0.568712 1 0 1.000000
0  37.522491 -0.182579 32.014709  0.784835 -0.118259 0.608317  0.470199 0.568712 1 0 1.000000
0  36.207176 -11.742383 31.849543  0.784676 -0.098759 0.611988  0.470199 0.568499 1 0 1.000000
misc
0  37.522491 -0.182579 32.014709  0.784835 -0.118259 0.608317  0.470199 0.568712 1 0 1.000000
0  37.605961 -0.176065 31.918362  0.784763 -0.120300 0.608009  0.470199 0.568712 1 0 1.000000
0  38.894009 11.342087 32.909359  0.767446 -0.178144 0.615866  0.470199 0.568987 1 0 1.000000
misc
0  38.894009 11.342087 32.909359  0.767446 -0.178144 0.615866  0.470199 0.568987 1 0 1.000000
0  38.810680 11.350166 33.005707  0.767056 -0.180369 0.615705  0.470199 0.568987 1 0 1.000000
0  37.522491 -0.182579 32.014709  0.784835 -0.118259 0.608317  0.470199 0.568712 1 0 1.000000
misc
0  38.810680 11.350166 33.005707  0.767056 -0.180369 0.615705  0.470199 0.568987 1 0 1.000000
0  38.894009 11.342087 32.909359  0.767446 -0.178144 0.615866  0.470199 0.568987 1 0 1.000000
0  40.830551 21.866467 34.258217  0.762587 -0.202787 0.614280  0.470199 0.569414 1 0 1.000000
misc
0  40.830551 21.866467 34.258217  0.762587 -0.202787 0.614280  0.470199 0.569414 1 0 1.000000
0  40.760513 21.870983 34.354561  0.762940 -0.201135 0.614383  0.470199 0.569414 1 0 1.000000
0  38.810680 11.350166 33.005707  0.767056 -0.180369 0.615705  0.470199 0.568987 1 0 1.000000
misc
0  41.925304 30.578735 35.524490  0.768109 -0.167941 0.617904  0.470199 0.569689 1 0 1.000000
0  40.760513 21.870983 34.354561  0.762940 -0.201135 0.614383  0.470199 0.569414 1 0 1.000000
0  40.830551 21.866467 34.258217  0.762587 -0.202787 0.614280  0.470199 0.569414 1 0 1.000000
misc
0  40.830551 21.866467 34.258217  0.762587 -0.202787 0.614280  0.470199 0.569414 1 0 1.000000
0  41.991776 30.560928 35.428143  0.767655 -0.169767 0.617968  0.470199 0.569689 1 0 1.000000
0  41.925304 30.578735 35.524490  0.768109 -0.167941 0.617904  0.470199 0.569689 1 0 1.000000
misc
0  42.427868 35.645103 36.143860  0.768698 -0.152653 0.621128  0.469893 0.569689 1 0 1.000000
0  41.925304 30.578735 35.524490  0.768109 -0.167941 0.617904  0.470199 0.569689 1 0 1.000000
0  41.991776 30.560928 35.428143  0.767655 -0.169767 0.617968  0.470199 0.569689 1 0 1.000000
misc
0  41.991776 30.560928 35.428143  0.767655 -0.169767 0.617968  0.470199 0.569689 1 0 1.000000
0  42.505028 35.667179 36.047516  0.768705 -0.152660 0.621118  0.469893 0.569689 1 0 1.000000
0  42.427868 35.645103 36.143860  0.768698 -0.152653 0.621128  0.469893 0.569689 1 0 1.000000
misc
0  36.207176 -11.742383 31.849543  -0.955504 -0.194575 0.221706  0.472884 0.549303 1 0 1.000000
0  36.074001 -11.053726 31.890835  -0.955503 -0.194576 0.221706  0.472884 0.549303 1 0 1.000000
0  36.004593 -11.531228 31.188879  -0.955503 -0.194577 0.221705  0.472884 0.549303 1 0 1.000000
leftwindow
0  36.635914 -3.683466 31.890835  0.926470 -0.090080 0.365429  0.159255 0.030106 1 0 1.000000
0  35.517982 -9.512908 33.336040  0.939691 -0.097344 0.327881  0.042731 0.071205 1 0 1.000000
0  35.843987 -10.840173 31.932125  0.945255 -0.103252 0.309568  0.017281 0.031280 1 0 1.000000
leftwindow
0  36.635914 -3.683466 31.890835  0.926470 -0.090080 0.365429  0.159255 0.030106 1 0 1.000000
0  34.896656 -7.455166 35.455669  0.926208 -0.084448 0.367434  0.082186 0.131095 1 0 1.000000
0  35.517982 -9.512908 33.336040  0.939691 -0.097344 0.327881  0.042731 0.071205 1 0 1.000000
leftwindow
0  36.635914 -3.683466 31.890835  0.926470 -0.090080 0.365429  0.159255 0.030106 1 0 1.000000
0  35.512733 -0.255444 35.496960  0.913294 -0.086520 0.398007  0.224673 0.132269 1 0 1.000000
0  34.896656 -7.455166 35.455669  0.926208 -0.084448 0.367434  0.082186 0.131095 1 0 1.000000
leftwindow
0  34.381256 -5.765921 37.066040  0.917067 -0.077635 0.391102  0.114590 0.176745 1 0 1.000000
0  34.896656 -7.455166 35.455669  0.926208 -0.084448 0.367434  0.082186 0.131095 1 0 1.000000
0  35.512733 -0.255444 35.496960  0.913294 -0.086520 0.398007  0.224673 0.132269 1 0 1.000000
leftwindow
0  34.381256 -5.765921 37.066040  0.917067 -0.077635 0.391102  0.114590 0.176745 1 0 1.000000
0  35.512733 -0.255444 35.496960  0.913294 -0.086520 0.398007  0.224673 0.132269 1 0 1.000000
0  33.784958 -3.738003 38.717705  0.905010 -0.059666 0.421185  0.153327 0.223716 1 0 1.000000
leftwindow
0  33.147343 -0.918934 40.355602  0.890392 -0.077250 0.448591  0.207605 0.270101 1 0 1.000000
0  33.784958 -3.738003 38.717705  0.905010 -0.059666 0.421185  0.153327 0.223716 1 0 1.000000
0  35.512733 -0.255444 35.496960  0.913294 -0.086520 0.398007  0.224673 0.132269 1 0 1.000000
leftwindow
0  35.512733 -0.255444 35.496960  0.913294 -0.086520 0.398007  0.224673 0.132269 1 0 1.000000
0  35.242378 11.593822 38.896629  0.861646 -0.153772 0.483654  0.427058 0.228559 1 0 1.000000
0  33.147343 -0.918934 40.355602  0.890392 -0.077250 0.448591  0.207605 0.270101 1 0 1.000000
leftwindow
0  32.339695 2.799263 42.268776  0.846083 -0.077578 0.527376  0.279359 0.324119 1 0 1.000000
0  33.147343 -0.918934 40.355602  0.890392 -0.077250 0.448591  0.207605 0.270101 1 0 1.000000
0  35.242378 11.593822 38.896629  0.861646 -0.153772 0.483654  0.427058 0.228559 1 0 1.000000
leftwindow
0  31.630095 5.900957 43.755268  0.842426 -0.079752 0.532878  0.339050 0.366391 1 0 1.000000
0  32.339695 2.799263 42.268776  0.846083 -0.077578 0.527376  0.279359 0.324119 1 0 1.000000
0  35.242378 11.593822 38.896629  0.861646 -0.153772 0.483654  0.427058 0.228559 1 0 1.000000
leftwindow
0  35.242378 11.593822 38.896629  0.861646 -0.153772 0.483654  0.427058 0.228559 1 0 1.000000
0  31.396278 11.598423 45.241768  0.845683 -0.148126 0.512717  0.407535 0.408370 1 0 1.000000
0  31.630095 5.900957 43.755268  0.842426 -0.079752 0.532878  0.339050 0.366391 1 0 1.000000
leftwindow
0  31.396278 11.598423 45.241768  0.845683 -0.148126 0.512717  0.407535 0.408370 1 0 1.000000
0  35.242378 11.593822 38.896629  0.861646 -0.153772 0.483654  0.427058 0.228559 1 0 1.000000
0  31.758121 14.650585 45.764793  0.837255 -0.187054 0.513824  0.467637 0.423343 1 0 1.000000
leftwindow
0  35.242378 11.593822 38.896629  0.861646 -0.153772 0.483654  0.427058 0.228559 1 0 1.000000
0  36.684395 22.293457 40.562057  0.841865 -0.176754 0.509923  0.638231 0.275824 1 0 1.000000
0  31.758121 14.650585 45.764793  0.837255 -0.187054 0.513824  0.467637 0.423343 1 0 1.000000
leftwindow
0  32.269325 18.047455 46.108891  0.831426 -0.176076 0.526999  0.534994 0.432736 1 0 1.000000
0  31.758121 14.650585 45.764793  0.837255 -0.187054 0.513824  0.467637 0.423343 1 0 1.000000
0  36.684395 22.293457 40.562057  0.841865 -0.176754 0.509923  0.638231 0.275824 1 0 1.000000
leftwindow
0  33.267178 23.579582 46.329109  0.829851 -0.166278 0.532634  0.645489 0.439047 1 0 1.000000
0  32.269325 18.047455 46.108891  0.831426 -0.176076 0.526999  0.534994 0.432736 1 0 1.000000
0  36.684395 22.293457 40.562057  0.841865 -0.176754 0.509923  0.638231 0.275824 1 0 1.000000
leftwindow
0  36.684395 22.293457 40.562057  0.841865 -0.176754 0.509923  0.638231 0.275824 1 0 1.000000
0  37.825645 30.594284 41.387890  0.834868 -0.157831 0.527337  0.802284 0.299161 1 0 1.000000
0  33.267178 23.579582 46.329109  0.829851 -0.166278 0.532634  0.645489 0.439047 1 0 1.000000
leftwindow
0  34.623871 30.397743 46.205235  0.826621 -0.146200 0.543436  0.782148 0.435675 1 0 1.000000
0  33.267178 23.579582 46.329109  0.829851 -0.166278 0.532634  0.645489 0.439047 1 0 1.000000
0  37.825645 30.594284 41.387890  0.834868 -0.157831 0.527337  0.802284 0.299161 1 0 1.000000
leftwindow
0  34.623871 30.397743 46.205235  0.826621 -0.146200 0.543436  0.782148 0.435675 1 0 1.000000
0  37.825645 30.594284 41.387890  0.834868 -0.157831 0.527337  0.802284 0.299161 1 0 1.000000
0  36.138958 37.700695 45.723499  0.818622 -0.144557 0.555843  0.928929 0.422169 1 0 1.000000
leftwindow
0  38.506329 36.325401 41.965969  0.823817 -0.152275 0.546020  0.914822 0.315750 1 0 1.000000
0  36.138958 37.700695 45.723499  0.818622 -0.144557 0.555843  0.928929 0.422169 1 0 1.000000
0  37.825645 30.594284 41.387890  0.834868 -0.157831 0.527337  0.802284 0.299161 1 0 1.000000
leftwindow
0  37.825645 30.594284 41.387890  0.834868 -0.157831 0.527337  0.802284 0.299161 1 0 1.000000
0  41.406799 30.717674 35.565781  0.842367 -0.166465 0.512551  0.822832 0.134323 1 0 1.000000
0  38.506329 36.325401 41.965969  0.823817 -0.152275 0.546020  0.914822 0.315750 1 0 1.000000
leftwindow
0  41.747086 34.274338 36.006226  0.848413 -0.143898 0.509401  0.892439 0.146799 1 0 1.000000
0  38.506329 36.325401 41.965969  0.823817 -0.152275 0.546020  0.914822 0.315750 1 0 1.000000
0  41.406799 30.717674 35.565781  0.842367 -0.166465 0.512551  0.822832 0.134323 1 0 1.000000
leftwindow
0  41.406799 30.717674 35.565781  0.842367 -0.166465 0.512551  0.822832 0.134323 1 0 1.000000
0  37.825645 30.594284 41.387890  0.834868 -0.157831 0.527337  0.802284 0.299161 1 0 1.000000
0  40.202129 22.020599 34.409618  0.850764 -0.187551 0.490942  0.651109 0.101588 1 0 1.000000
leftwindow
0  36.684395 22.293457 40.562057  0.841865 -0.176754 0.509923  0.638231 0.275824 1 0 1.000000
0  40.202129 22.020599 34.409618  0.850764 -0.187551 0.490942  0.651109 0.101588 1 0 1.000000
0  37.825645 30.594284 41.387890  0.834868 -0.157831 0.527337  0.802284 0.299161 1 0 1.000000
leftwindow
0  36.684395 22.293457 40.562057  0.841865 -0.176754 0.509923  0.638231 0.275824 1 0 1.000000
0  35.242378 11.593822 38.896629  0.861646 -0.153772 0.483654  0.427058 0.228559 1 0 1.000000
0  40.202129 22.020599 34.409618  0.850764 -0.187551 0.490942  0.651109 0.101588 1 0 1.000000
leftwindow
0  38.292183 11.489098 33.046997  0.871586 -0.176692 0.457294  0.440652 0.063134 1 0 1.000000
0  40.202129 22.020599 34.409618  0.850764 -0.187551 0.490942  0.651109 0.101588 1 0 1.000000
0  35.242378 11.593822 38.896629  0.861646 -0.153772 0.483654  0.427058 0.228559 1 0 1.000000
leftwindow
0  38.292183 11.489098 33.046997  0.871586 -0.176692 0.457294  0.440652 0.063134 1 0 1.000000
0  35.242378 11.593822 38.896629  0.861646 -0.153772 0.483654  0.427058 0.228559 1 0 1.000000
0  36.960320 -0.133394 32.069763  0.912341 -0.103950 0.396016  0.229579 0.035243 1 0 1.000000
leftwindow
0  35.512733 -0.255444 35.496960  0.913294 -0.086520 0.398007  0.224673 0.132269 1 0 1.000000
0  36.960320 -0.133394 32.069763  0.912341 -0.103950 0.396016  0.229579 0.035243 1 0 1.000000
0  35.242378 11.593822 38.896629  0.861646 -0.153772 0.483654  0.427058 0.228559 1 0 1.000000
leftwindow
0  36.960320 -0.133394 32.069763  0.912341 -0.103950 0.396016  0.229579 0.035243 1 0 1.000000
0  35.512733 -0.255444 35.496960  0.913294 -0.086520 0.398007  0.224673 0.132269 1 0 1.000000
0  36.635914 -3.683466 31.890835  0.926470 -0.090080 0.365429  0.159255 0.030106 1 0 1.000000
skin_0dam
0  35.219162 -17.666088 31.065002  -0.984540 0.170918 0.038314  0.445903 0.162232 1 0 1.000000
0  35.232876 -17.667288 31.794489  -0.984651 0.174364 0.007784  0.445903 0.166023 1 0 1.000000
0  36.274536 -11.762093 31.753195  -0.894272 0.108865 0.434081  0.476943 0.165808 1 0 1.000000
skin_0dam
0  36.274536 -11.762093 31.753195  -0.894272 0.108865 0.434081  0.476943 0.165808 1 0 1.000000
0  36.004593 -11.531228 31.188879  -0.881417 0.103602 0.460836  0.478016 0.162876 1 0 1.000000
0  35.219162 -17.666088 31.065002  -0.984540 0.170918 0.038314  0.445903 0.162232 1 0 1.000000
skin_0dam
0  40.175735 -22.286110 10.157717  0.954568 -0.089861 0.284122  0.424232 0.053592 1 0 1.000000
0  40.865261 -22.774740 7.817863  0.948631 -0.095975 0.301476  0.422015 0.041433 1 0 1.000000
0  41.753807 -12.144751 8.423472  0.933801 -0.091073 0.346008  0.477444 0.044580 1 0 1.000000
skin_0dam
0  40.942432 -12.101398 10.598161  0.961226 -0.090337 0.260546  0.477301 0.055880 1 0 1.000000
0  41.753807 -12.144751 8.423472  0.933801 -0.091073 0.346008  0.477444 0.044580 1 0 1.000000
0  42.672001 -0.702185 9.097901  0.909607 -0.110225 0.400581  0.537093 0.048084 1 0 1.000000
skin_0dam
0  41.753807 -12.144751 8.423472  0.933801 -0.091073 0.346008  0.477444 0.044580 1 0 1.000000
0  40.942432 -12.101398 10.598161  0.961226 -0.090337 0.260546  0.477301 0.055880 1 0 1.000000
0  40.175735 -22.286110 10.157717  0.954568 -0.089861 0.284122  0.424232 0.053592 1 0 1.000000
skin_0dam
0  39.701317 -22.023537 12.043365  0.982731 -0.089865 0.161755  0.425376 0.063390 1 0 1.000000
0  40.175735 -22.286110 10.157717  0.954568 -0.089861 0.284122  0.424232 0.053592 1 0 1.000000
0  40.942432 -12.101398 10.598161  0.961226 -0.090337 0.260546  0.477301 0.055880 1 0 1.000000
skin_0dam
0  41.825489 -0.586676 11.052367  0.962427 -0.112888 0.246963  0.537307 0.058240 1 0 1.000000
0  42.672001 -0.702185 9.097901  0.909607 -0.110225 0.400581  0.537093 0.048084 1 0 1.000000
0  43.984035 9.864223 9.744802  0.875470 -0.183014 0.447279  0.592522 0.051446 1 0 1.000000
skin_0dam
0  42.672001 -0.702185 9.097901  0.909607 -0.110225 0.400581  0.537093 0.048084 1 0 1.000000
0  41.825489 -0.586676 11.052367  0.962427 -0.112888 0.246963  0.537307 0.058240 1 0 1.000000
0  40.942432 -12.101398 10.598161  0.961226 -0.090337 0.260546  0.477301 0.055880 1 0 1.000000
skin_0dam
0  40.585938 -12.070209 12.800377  0.992769 -0.091634 0.077548  0.477301 0.067324 1 0 1.000000
0  40.942432 -12.101398 10.598161  0.961226 -0.090337 0.260546  0.477301 0.055880 1 0 1.000000
0  41.825489 -0.586676 11.052367  0.962427 -0.112888 0.246963  0.537307 0.058240 1 0 1.000000
skin_0dam
0  40.942432 -12.101398 10.598161  0.961226 -0.090337 0.260546  0.477301 0.055880 1 0 1.000000
0  40.585938 -12.070209 12.800377  0.992769 -0.091634 0.077548  0.477301 0.067324 1 0 1.000000
0  39.701317 -22.023537 12.043365  0.982731 -0.089865 0.161755  0.425376 0.063390 1 0 1.000000
skin_0dam
0  39.673893 -22.021137 12.401225  0.995644 -0.087787 -0.031406  0.425376 0.065250 1 0 1.000000
0  39.701317 -22.023537 12.043365  0.982731 -0.089865 0.161755  0.425376 0.063390 1 0 1.000000
0  40.585938 -12.070209 12.800377  0.992769 -0.091634 0.077548  0.477301 0.067324 1 0 1.000000
skin_0dam
0  40.585938 -12.070209 12.800377  0.992769 -0.091634 0.077548  0.477301 0.067324 1 0 1.000000
0  40.585941 -12.070209 13.158237  0.992839 -0.089968 -0.078591  0.477301 0.069183 1 0 1.000000
0  39.673893 -22.021137 12.401225  0.995644 -0.087787 -0.031406  0.425376 0.065250 1 0 1.000000
skin_0dam
0  40.117123 -22.640207 16.227573  0.986705 -0.086952 -0.137302  0.422372 0.085132 1 0 1.000000
0  39.673893 -22.021137 12.401225  0.995644 -0.087787 -0.031406  0.425376 0.065250 1 0 1.000000
0  40.585941 -12.070209 13.158237  0.992839 -0.089968 -0.078591  0.477301 0.069183 1 0 1.000000
skin_0dam
0  40.585941 -12.070209 13.158237  0.992839 -0.089968 -0.078591  0.477301 0.069183 1 0 1.000000
0  41.189243 -12.122991 16.970821  0.986197 -0.089113 -0.139551  0.477301 0.088995 1 0 1.000000
0  40.117123 -22.640207 16.227573  0.986705 -0.086952 -0.137302  0.422372 0.085132 1 0 1.000000
skin_0dam
0  40.639023 -23.307604 20.342964  0.992942 -0.092551 -0.074169  0.419154 0.106517 1 0 1.000000
0  40.117123 -22.640207 16.227573  0.986705 -0.086952 -0.137302  0.422372 0.085132 1 0 1.000000
0  41.189243 -12.122991 16.970821  0.986197 -0.089113 -0.139551  0.477301 0.088995 1 0 1.000000
skin_0dam
0  41.189243 -12.122991 16.970821  0.986197 -0.089113 -0.139551  0.477301 0.088995 1 0 1.000000
0  41.725189 -12.156064 21.416544  0.995577 -0.093946 0.000664  0.477372 0.112096 1 0 1.000000
0  40.639023 -23.307604 20.342964  0.992942 -0.092551 -0.074169  0.419154 0.106517 1 0 1.000000
skin_0dam
0  40.639023 -23.307604 20.342964  0.992942 -0.092551 -0.074169  0.419154 0.106517 1 0 1.000000
0  41.725189 -12.156064 21.416544  0.995577 -0.093946 0.000664  0.477372 0.112096 1 0 1.000000
0  40.655647 -23.433409 22.366251  0.992658 -0.087073 0.083956  0.418510 0.117031 1 0 1.000000
skin_0dam
0  40.320747 -23.155411 24.375772  0.966320 -0.096657 0.238503  0.419798 0.127473 1 0 1.000000
0  40.655647 -23.433409 22.366251  0.992658 -0.087073 0.083956  0.418510 0.117031 1 0 1.000000
0  41.725189 -12.156064 21.416544  0.995577 -0.093946 0.000664  0.477372 0.112096 1 0 1.000000
skin_0dam
0  41.725189 -12.156064 21.416544  0.995577 -0.093946 0.000664  0.477372 0.112096 1 0 1.000000
0  41.174332 -12.135504 25.848505  0.962294 -0.109987 0.248781  0.477229 0.135126 1 0 1.000000
0  40.320747 -23.155411 24.375772  0.966320 -0.096657 0.238503  0.419798 0.127473 1 0 1.000000
skin_0dam
0  39.749313 -22.580395 26.068726  0.926992 -0.119027 0.355695  0.422515 0.136270 1 0 1.000000
0  40.320747 -23.155411 24.375772  0.966320 -0.096657 0.238503  0.419798 0.127473 1 0 1.000000
0  41.174332 -12.135504 25.848505  0.962294 -0.109987 0.248781  0.477229 0.135126 1 0 1.000000
skin_0dam
0  41.174332 -12.135504 25.848505  0.962294 -0.109987 0.248781  0.477229 0.135126 1 0 1.000000
0  40.473850 -12.088036 27.624041  0.921221 -0.119079 0.370368  0.477158 0.144352 1 0 1.000000
0  39.749313 -22.580395 26.068726  0.926992 -0.119027 0.355695  0.422515 0.136270 1 0 1.000000
skin_0dam
0  40.473850 -12.088036 27.624041  0.921221 -0.119079 0.370368  0.477158 0.144352 1 0 1.000000
0  41.174332 -12.135504 25.848505  0.962294 -0.109987 0.248781  0.477229 0.135126 1 0 1.000000
0  42.069901 -0.635691 27.376291  0.951919 -0.129037 0.277848  0.537164 0.143065 1 0 1.000000
skin_0dam
0  42.069901 -0.635691 27.376291  0.951919 -0.129037 0.277848  0.537164 0.143065 1 0 1.000000
0  41.218590 -0.575027 29.344524  0.908318 -0.138588 0.394654  0.537093 0.153292 1 0 1.000000
0  40.473850 -12.088036 27.624041  0.921221 -0.119079 0.370368  0.477158 0.144352 1 0 1.000000
skin_0dam
0  42.410027 10.371475 30.927364  0.879057 -0.222231 0.421749  0.592951 0.161517 1 0 1.000000
0  41.218590 -0.575027 29.344524  0.908318 -0.138588 0.394654  0.537093 0.153292 1 0 1.000000
0  42.069901 -0.635691 27.376291  0.951919 -0.129037 0.277848  0.537164 0.143065 1 0 1.000000
skin_0dam
0  41.825489 -0.586676 11.052367  0.962427 -0.112888 0.246963  0.537307 0.058240 1 0 1.000000
0  41.650841 -0.529947 13.240820  0.993218 -0.115084 0.016517  0.537522 0.069612 1 0 1.000000
0  40.585938 -12.070209 12.800377  0.992769 -0.091634 0.077548  0.477301 0.067324 1 0 1.000000
skin_0dam
0  40.585941 -12.070209 13.158237  0.992839 -0.089968 -0.078591  0.477301 0.069183 1 0 1.000000
0  40.585938 -12.070209 12.800377  0.992769 -0.091634 0.077548  0.477301 0.067324 1 0 1.000000
0  41.650841 -0.529947 13.240820  0.993218 -0.115084 0.016517  0.537522 0.069612 1 0 1.000000
skin_0dam
0  41.650841 -0.529947 13.240820  0.993218 -0.115084 0.016517  0.537522 0.069612 1 0 1.000000
0  41.664555 -0.531147 13.584916  0.987903 -0.115485 -0.103489  0.537522 0.071400 1 0 1.000000
0  40.585941 -12.070209 13.158237  0.992839 -0.089968 -0.078591  0.477301 0.069183 1 0 1.000000
skin_0dam
0  40.585941 -12.070209 13.158237  0.992839 -0.089968 -0.078591  0.477301 0.069183 1 0 1.000000
0  41.664555 -0.531147 13.584916  0.987903 -0.115485 -0.103489  0.537522 0.071400 1 0 1.000000
0  42.363838 -0.592327 17.782888  0.985017 -0.112562 -0.130657  0.537522 0.093214 1 0 1.000000
skin_0dam
0  42.363838 -0.592327 17.782888  0.985017 -0.112562 -0.130657  0.537522 0.093214 1 0 1.000000
0  41.664555 -0.531147 13.584916  0.987903 -0.115485 -0.103489  0.537522 0.071400 1 0 1.000000
0  43.218407 10.197620 13.557388  0.973280 -0.203161 -0.107010  0.593165 0.071257 1 0 1.000000
skin_0dam
0  43.218407 10.197620 13.557388  0.973280 -0.203161 -0.107010  0.593165 0.071257 1 0 1.000000
0  43.954140 10.071728 18.526136  0.972670 -0.200686 -0.116786  0.593523 0.097077 1 0 1.000000
0  42.363838 -0.592327 17.782888  0.985017 -0.112562 -0.130657  0.537522 0.093214 1 0 1.000000
skin_0dam
0  46.887089 20.485867 19.255621  0.955713 -0.276978 -0.099480  0.649739 0.100867 1 0 1.000000
0  43.954140 10.071728 18.526136  0.972670 -0.200686 -0.116786  0.593523 0.097077 1 0 1.000000
0  43.218407 10.197620 13.557388  0.973280 -0.203161 -0.107010  0.593165 0.071257 1 0 1.000000
skin_0dam
0  44.366280 9.961296 23.536179  0.975925 -0.211751 0.052275  0.593523 0.123110 1 0 1.000000
0  43.954140 10.071728 18.526136  0.972670 -0.200686 -0.116786  0.593523 0.097077 1 0 1.000000
0  46.887089 20.485867 19.255621  0.955713 -0.276978 -0.099480  0.649739 0.100867 1 0 1.000000
skin_0dam
0  46.887089 20.485867 19.255621  0.955713 -0.276978 -0.099480  0.649739 0.100867 1 0 1.000000
0  47.243443 20.433125 24.568466  0.958017 -0.275980 0.077703  0.649953 0.128474 1 0 1.000000
0  44.366280 9.961296 23.536179  0.975925 -0.211751 0.052275  0.593523 0.123110 1 0 1.000000
skin_0dam
0  43.381504 10.168167 28.793970  0.925822 -0.217765 0.308922  0.593237 0.150431 1 0 1.000000
0  44.366280 9.961296 23.536179  0.975925 -0.211751 0.052275  0.593523 0.123110 1 0 1.000000
0  47.243443 20.433125 24.568466  0.958017 -0.275980 0.077703  0.649953 0.128474 1 0 1.000000
skin_0dam
0  42.827633 -0.660536 22.503889  0.992761 -0.116782 0.028051  0.537379 0.117746 1 0 1.000000
0  44.366280 9.961296 23.536179  0.975925 -0.211751 0.052275  0.593523 0.123110 1 0 1.000000
0  43.381504 10.168167 28.793970  0.925822 -0.217765 0.308922  0.593237 0.150431 1 0 1.000000
skin_0dam
0  43.381504 10.168167 28.793970  0.925822 -0.217765 0.308922  0.593237 0.150431 1 0 1.000000
0  42.069901 -0.635691 27.376291  0.951919 -0.129037 0.277848  0.537164 0.143065 1 0 1.000000
0  42.827633 -0.660536 22.503889  0.992761 -0.116782 0.028051  0.537379 0.117746 1 0 1.000000
skin_0dam
0  42.827633 -0.660536 22.503889  0.992761 -0.116782 0.028051  0.537379 0.117746 1 0 1.000000
0  42.069901 -0.635691 27.376291  0.951919 -0.129037 0.277848  0.537164 0.143065 1 0 1.000000
0  41.174332 -12.135504 25.848505  0.962294 -0.109987 0.248781  0.477229 0.135126 1 0 1.000000
skin_0dam
0  41.174332 -12.135504 25.848505  0.962294 -0.109987 0.248781  0.477229 0.135126 1 0 1.000000
0  41.725189 -12.156064 21.416544  0.995577 -0.093946 0.000664  0.477372 0.112096 1 0 1.000000
0  42.827633 -0.660536 22.503889  0.992761 -0.116782 0.028051  0.537379 0.117746 1 0 1.000000
skin_0dam
0  42.363838 -0.592327 17.782888  0.985017 -0.112562 -0.130657  0.537522 0.093214 1 0 1.000000
0  42.827633 -0.660536 22.503889  0.992761 -0.116782 0.028051  0.537379 0.117746 1 0 1.000000
0  41.725189 -12.156064 21.416544  0.995577 -0.093946 0.000664  0.477372 0.112096 1 0 1.000000
skin_0dam
0  41.725189 -12.156064 21.416544  0.995577 -0.093946 0.000664  0.477372 0.112096 1 0 1.000000
0  41.189243 -12.122991 16.970821  0.986197 -0.089113 -0.139551  0.477301 0.088995 1 0 1.000000
0  42.363838 -0.592327 17.782888  0.985017 -0.112562 -0.130657  0.537522 0.093214 1 0 1.000000
skin_0dam
0  42.363838 -0.592327 17.782888  0.985017 -0.112562 -0.130657  0.537522 0.093214 1 0 1.000000
0  41.189243 -12.122991 16.970821  0.986197 -0.089113 -0.139551  0.477301 0.088995 1 0 1.000000
0  40.585941 -12.070209 13.158237  0.992839 -0.089968 -0.078591  0.477301 0.069183 1 0 1.000000
skin_0dam
0  42.363838 -0.592327 17.782888  0.985017 -0.112562 -0.130657  0.537522 0.093214 1 0 1.000000
0  43.954140 10.071728 18.526136  0.972670 -0.200686 -0.116786  0.593523 0.097077 1 0 1.000000
0  44.366280 9.961296 23.536179  0.975925 -0.211751 0.052275  0.593523 0.123110 1 0 1.000000
skin_0dam
0  44.366280 9.961296 23.536179  0.975925 -0.211751 0.052275  0.593523 0.123110 1 0 1.000000
0  42.827633 -0.660536 22.503889  0.992761 -0.116782 0.028051  0.537379 0.117746 1 0 1.000000
0  42.363838 -0.592327 17.782888  0.985017 -0.112562 -0.130657  0.537522 0.093214 1 0 1.000000
skin_0dam
0  43.188255 10.191448 13.185763  0.978566 -0.204465 -0.024553  0.593094 0.069326 1 0 1.000000
0  43.218407 10.197620 13.557388  0.973280 -0.203161 -0.107010  0.593165 0.071257 1 0 1.000000
0  41.664555 -0.531147 13.584916  0.987903 -0.115485 -0.103489  0.537522 0.071400 1 0 1.000000
skin_0dam
0  41.664555 -0.531147 13.584916  0.987903 -0.115485 -0.103489  0.537522 0.071400 1 0 1.000000
0  41.650841 -0.529947 13.240820  0.993218 -0.115084 0.016517  0.537522 0.069612 1 0 1.000000
0  43.188255 10.191448 13.185763  0.978566 -0.204465 -0.024553  0.593094 0.069326 1 0 1.000000
skin_0dam
0  43.218407 10.197620 13.557388  0.973280 -0.203161 -0.107010  0.593165 0.071257 1 0 1.000000
0  46.162746 20.494709 14.066649  0.950158 -0.284361 -0.127823  0.648809 0.073904 1 0 1.000000
0  46.887089 20.485867 19.255621  0.955713 -0.276978 -0.099480  0.649739 0.100867 1 0 1.000000
skin_0dam
0  46.887089 20.485867 19.255621  0.955713 -0.276978 -0.099480  0.649739 0.100867 1 0 1.000000
0  46.162746 20.494709 14.066649  0.950158 -0.284361 -0.127823  0.648809 0.073904 1 0 1.000000
0  49.695690 31.446301 14.534621  0.946669 -0.305865 -0.101311  0.708529 0.076335 1 0 1.000000
skin_0dam
0  49.695690 31.446301 14.534621  0.946669 -0.305865 -0.101311  0.708529 0.076335 1 0 1.000000
0  50.134167 31.115070 19.998867  0.953415 -0.295570 -0.060313  0.707456 0.104729 1 0 1.000000
0  46.887089 20.485867 19.255621  0.955713 -0.276978 -0.099480  0.649739 0.100867 1 0 1.000000
skin_0dam
0  47.243443 20.433125 24.568466  0.958017 -0.275980 0.077703  0.649953 0.128474 1 0 1.000000
0  46.887089 20.485867 19.255621  0.955713 -0.276978 -0.099480  0.649739 0.100867 1 0 1.000000
0  50.134167 31.115070 19.998867  0.953415 -0.295570 -0.060313  0.707456 0.104729 1 0 1.000000
skin_0dam
0  42.069901 -0.635691 27.376291  0.951919 -0.129037 0.277848  0.537164 0.143065 1 0 1.000000
0  43.381504 10.168167 28.793970  0.925822 -0.217765 0.308922  0.593237 0.150431 1 0 1.000000
0  42.410027 10.371475 30.927364  0.879057 -0.222231 0.421749  0.592951 0.161517 1 0 1.000000
skin_0dam
0  42.410027 10.371475 30.927364  0.879057 -0.222231 0.421749  0.592951 0.161517 1 0 1.000000
0  43.381504 10.168167 28.793970  0.925822 -0.217765 0.308922  0.593237 0.150431 1 0 1.000000
0  45.995380 20.667797 30.197878  0.901981 -0.269765 0.337130  0.649453 0.157727 1 0 1.000000
skin_0dam
0  47.243443 20.433125 24.568466  0.958017 -0.275980 0.077703  0.649953 0.128474 1 0 1.000000
0  45.995380 20.667797 30.197878  0.901981 -0.269765 0.337130  0.649453 0.157727 1 0 1.000000
0  43.381504 10.168167 28.793970  0.925822 -0.217765 0.308922  0.593237 0.150431 1 0 1.000000
skin_0dam
0  45.995380 20.667797 30.197878  0.901981 -0.269765 0.337130  0.649453 0.157727 1 0 1.000000
0  47.243443 20.433125 24.568466  0.958017 -0.275980 0.077703  0.649953 0.128474 1 0 1.000000
0  50.190651 30.900444 25.600756  0.948850 -0.291709 0.120790  0.706455 0.133838 1 0 1.000000
skin_0dam
0  50.134167 31.115070 19.998867  0.953415 -0.295570 -0.060313  0.707456 0.104729 1 0 1.000000
0  50.190651 30.900444 25.600756  0.948850 -0.291709 0.120790  0.706455 0.133838 1 0 1.000000
0  47.243443 20.433125 24.568466  0.958017 -0.275980 0.077703  0.649953 0.128474 1 0 1.000000
skin_0dam
0  51.977669 36.506096 22.627764  0.953219 -0.302236 -0.005148  0.736995 0.118390 1 0 1.000000
0  50.190651 30.900444 25.600756  0.948850 -0.291709 0.120790  0.706455 0.133838 1 0 1.000000
0  50.134167 31.115070 19.998867  0.953415 -0.295570 -0.060313  0.707456 0.104729 1 0 1.000000
skin_0dam
0  50.134167 31.115070 19.998867  0.953415 -0.295570 -0.060313  0.707456 0.104729 1 0 1.000000
0  51.599873 35.681114 19.764883  0.949507 -0.308628 -0.056431  0.732346 0.103513 1 0 1.000000
0  51.977669 36.506096 22.627764  0.953219 -0.302236 -0.005148  0.736995 0.118390 1 0 1.000000
skin_0dam
0  50.241169 33.109806 14.396984  0.944103 -0.314915 -0.097453  0.717612 0.075620 1 0 1.000000
0  51.599873 35.681114 19.764883  0.949507 -0.308628 -0.056431  0.732346 0.103513 1 0 1.000000
0  50.134167 31.115070 19.998867  0.953415 -0.295570 -0.060313  0.707456 0.104729 1 0 1.000000
skin_0dam
0  50.134167 31.115070 19.998867  0.953415 -0.295570 -0.060313  0.707456 0.104729 1 0 1.000000
0  49.695690 31.446301 14.534621  0.946669 -0.305865 -0.101311  0.708529 0.076335 1 0 1.000000
0  50.241169 33.109806 14.396984  0.944103 -0.314915 -0.097453  0.717612 0.075620 1 0 1.000000
skin_0dam
0  49.519547 31.692986 12.139712  0.948811 -0.304247 -0.084808  0.709530 0.063891 1 0 1.000000
0  50.241169 33.109806 14.396984  0.944103 -0.314915 -0.097453  0.717612 0.075620 1 0 1.000000
0  49.695690 31.446301 14.534621  0.946669 -0.305865 -0.101311  0.708529 0.076335 1 0 1.000000
skin_0dam
0  49.519547 31.692986 12.139712  0.948811 -0.304247 -0.084808  0.709530 0.063891 1 0 1.000000
0  49.695690 31.446301 14.534621  0.946669 -0.305865 -0.101311  0.708529 0.076335 1 0 1.000000
0  46.162746 20.494709 14.066649  0.950158 -0.284361 -0.127823  0.648809 0.073904 1 0 1.000000
skin_0dam
0  46.162746 20.494709 14.066649  0.950158 -0.284361 -0.127823  0.648809 0.073904 1 0 1.000000
0  46.028843 20.473595 13.089418  0.954953 -0.284434 -0.084626  0.648523 0.068826 1 0 1.000000
0  49.519547 31.692986 12.139712  0.948811 -0.304247 -0.084808  0.709530 0.063891 1 0 1.000000
skin_0dam
0  43.218407 10.197620 13.557388  0.973280 -0.203161 -0.107010  0.593165 0.071257 1 0 1.000000
0  46.028843 20.473595 13.089418  0.954953 -0.284434 -0.084626  0.648523 0.068826 1 0 1.000000
0  46.162746 20.494709 14.066649  0.950158 -0.284361 -0.127823  0.648809 0.073904 1 0 1.000000
skin_0dam
0  46.011978 20.463856 12.731557  0.959574 -0.281319 -0.008820  0.648451 0.066966 1 0 1.000000
0  46.028843 20.473595 13.089418  0.954953 -0.284434 -0.084626  0.648523 0.068826 1 0 1.000000
0  43.218407 10.197620 13.557388  0.973280 -0.203161 -0.107010  0.593165 0.071257 1 0 1.000000
skin_0dam
0  43.218407 10.197620 13.557388  0.973280 -0.203161 -0.107010  0.593165 0.071257 1 0 1.000000
0  43.188255 10.191448 13.185763  0.978566 -0.204465 -0.024553  0.593094 0.069326 1 0 1.000000
0  46.011978 20.463856 12.731557  0.959574 -0.281319 -0.008820  0.648451 0.066966 1 0 1.000000
skin_0dam
0  46.011978 20.463856 12.731557  0.959574 -0.281319 -0.008820  0.648451 0.066966 1 0 1.000000
0  43.188255 10.191448 13.185763  0.978566 -0.204465 -0.024553  0.593094 0.069326 1 0 1.000000
0  43.213886 10.127583 11.341409  0.949921 -0.200088 0.240032  0.592808 0.059742 1 0 1.000000
skin_0dam
0  43.213886 10.127583 11.341409  0.949921 -0.200088 0.240032  0.592808 0.059742 1 0 1.000000
0  43.188255 10.191448 13.185763  0.978566 -0.204465 -0.024553  0.593094 0.069326 1 0 1.000000
0  41.650841 -0.529947 13.240820  0.993218 -0.115084 0.016517  0.537522 0.069612 1 0 1.000000
skin_0dam
0  41.650841 -0.529947 13.240820  0.993218 -0.115084 0.016517  0.537522 0.069612 1 0 1.000000
0  41.825489 -0.586676 11.052367  0.962427 -0.112888 0.246963  0.537307 0.058240 1 0 1.000000
0  43.213886 10.127583 11.341409  0.949921 -0.200088 0.240032  0.592808 0.059742 1 0 1.000000
skin_0dam
0  50.190651 30.900444 25.600756  0.948850 -0.291709 0.120790  0.706455 0.133838 1 0 1.000000
0  48.565811 31.164825 31.601793  0.883552 -0.277048 0.377598  0.705597 0.165022 1 0 1.000000
0  45.995380 20.667797 30.197878  0.901981 -0.269765 0.337130  0.649453 0.157727 1 0 1.000000
skin_0dam
0  43.984035 9.864223 9.744802  0.875470 -0.183014 0.447279  0.592522 0.051446 1 0 1.000000
0  43.213886 10.127583 11.341409  0.949921 -0.200088 0.240032  0.592808 0.059742 1 0 1.000000
0  41.825489 -0.586676 11.052367  0.962427 -0.112888 0.246963  0.537307 0.058240 1 0 1.000000
skin_0dam
0  43.213886 10.127583 11.341409  0.949921 -0.200088 0.240032  0.592808 0.059742 1 0 1.000000
0  43.984035 9.864223 9.744802  0.875470 -0.183014 0.447279  0.592522 0.051446 1 0 1.000000
0  46.610950 20.146622 10.350411  0.833206 -0.237931 0.499155  0.647664 0.054593 1 0 1.000000
skin_0dam
0  46.610950 20.146622 10.350411  0.833206 -0.237931 0.499155  0.647664 0.054593 1 0 1.000000
0  46.030491 20.373402 11.423991  0.924701 -0.266697 0.271662  0.648022 0.060172 1 0 1.000000
0  43.213886 10.127583 11.341409  0.949921 -0.200088 0.240032  0.592808 0.059742 1 0 1.000000
skin_0dam
0  43.213886 10.127583 11.341409  0.949921 -0.200088 0.240032  0.592808 0.059742 1 0 1.000000
0  46.030491 20.373402 11.423991  0.924701 -0.266697 0.271662  0.648022 0.060172 1 0 1.000000
0  46.011978 20.463856 12.731557  0.959574 -0.281319 -0.008820  0.648451 0.066966 1 0 1.000000
skin_0dam
0  49.435963 31.487392 11.850671  0.954274 -0.297912 -0.024685  0.708386 0.062389 1 0 1.000000
0  46.011978 20.463856 12.731557  0.959574 -0.281319 -0.008820  0.648451 0.066966 1 0 1.000000
0  46.030491 20.373402 11.423991  0.924701 -0.266697 0.271662  0.648022 0.060172 1 0 1.000000
skin_0dam
0  46.028843 20.473595 13.089418  0.954953 -0.284434 -0.084626  0.648523 0.068826 1 0 1.000000
0  46.011978 20.463856 12.731557  0.959574 -0.281319 -0.008820  0.648451 0.066966 1 0 1.000000
0  49.435963 31.487392 11.850671  0.954274 -0.297912 -0.024685  0.708386 0.062389 1 0 1.000000
skin_0dam
0  49.435963 31.487392 11.850671  0.954274 -0.297912 -0.024685  0.708386 0.062389 1 0 1.000000
0  49.519547 31.692986 12.139712  0.948811 -0.304247 -0.084808  0.709530 0.063891 1 0 1.000000
0  46.028843 20.473595 13.089418  0.954953 -0.284434 -0.084626  0.648523 0.068826 1 0 1.000000
skin_0dam
0  46.030491 20.373402 11.423991  0.924701 -0.266697 0.271662  0.648022 0.060172 1 0 1.000000
0  49.304153 30.995480 11.217534  0.949099 -0.289932 0.123088  0.705740 0.059099 1 0 1.000000
0  49.435963 31.487392 11.850671  0.954274 -0.297912 -0.024685  0.708386 0.062389 1 0 1.000000
skin_0dam
0  49.326923 30.761387 10.969785  0.890243 -0.267114 0.368942  0.704596 0.057811 1 0 1.000000
0  49.304153 30.995480 11.217534  0.949099 -0.289932 0.123088  0.705740 0.059099 1 0 1.000000
0  46.030491 20.373402 11.423991  0.924701 -0.266697 0.271662  0.648022 0.060172 1 0 1.000000
skin_0dam
0  46.030491 20.373402 11.423991  0.924701 -0.266697 0.271662  0.648022 0.060172 1 0 1.000000
0  46.610950 20.146622 10.350411  0.833206 -0.237931 0.499155  0.647664 0.054593 1 0 1.000000
0  49.326923 30.761387 10.969785  0.890243 -0.267114 0.368942  0.704596 0.057811 1 0 1.000000
skin_0dam
0  45.995380 20.667797 30.197878  0.901981 -0.269765 0.337130  0.649453 0.157727 1 0 1.000000
0  44.873146 20.840256 32.468914  0.857480 -0.263915 0.441674  0.648809 0.169528 1 0 1.000000
0  42.410027 10.371475 30.927364  0.879057 -0.222231 0.421749  0.592951 0.161517 1 0 1.000000
skin_0dam
0  47.345291 31.449112 33.941647  0.842555 -0.263953 0.469500  0.705382 0.177180 1 0 1.000000
0  44.873146 20.840256 32.468914  0.857480 -0.263915 0.441674  0.648809 0.169528 1 0 1.000000
0  45.995380 20.667797 30.197878  0.901981 -0.269765 0.337130  0.649453 0.157727 1 0 1.000000
skin_0dam
0  45.995380 20.667797 30.197878  0.901981 -0.269765 0.337130  0.649453 0.157727 1 0 1.000000
0  48.565811 31.164825 31.601793  0.883552 -0.277048 0.377598  0.705597 0.165022 1 0 1.000000
0  47.345291 31.449112 33.941647  0.842555 -0.263953 0.469500  0.705382 0.177180 1 0 1.000000
skin_0dam
0  47.345291 31.449112 33.941647  0.842555 -0.263953 0.469500  0.705382 0.177180 1 0 1.000000
0  48.565811 31.164825 31.601793  0.883552 -0.277048 0.377598  0.705597 0.165022 1 0 1.000000
0  49.922874 36.814438 32.331280  0.840814 -0.261208 0.474132  0.735779 0.168812 1 0 1.000000
skin_0dam
0  50.527824 37.051323 31.381571  0.883702 -0.281253 0.374123  0.737781 0.163877 1 0 1.000000
0  49.922874 36.814438 32.331280  0.840814 -0.261208 0.474132  0.735779 0.168812 1 0 1.000000
0  48.565811 31.164825 31.601793  0.883552 -0.277048 0.377598  0.705597 0.165022 1 0 1.000000
skin_0dam
0  51.382771 37.263969 29.096771  0.914187 -0.302384 0.269864  0.739999 0.152005 1 0 1.000000
0  50.527824 37.051323 31.381571  0.883702 -0.281253 0.374123  0.737781 0.163877 1 0 1.000000
0  48.565811 31.164825 31.601793  0.883552 -0.277048 0.377598  0.705597 0.165022 1 0 1.000000
skin_0dam
0  48.565811 31.164825 31.601793  0.883552 -0.277048 0.377598  0.705597 0.165022 1 0 1.000000
0  50.190651 30.900444 25.600756  0.948850 -0.291709 0.120790  0.706455 0.133838 1 0 1.000000
0  51.382771 37.263969 29.096771  0.914187 -0.302384 0.269864  0.739999 0.152005 1 0 1.000000
skin_0dam
0  52.071499 37.122177 26.247656  0.943319 -0.298863 0.144326  0.740213 0.137200 1 0 1.000000
0  51.382771 37.263969 29.096771  0.914187 -0.302384 0.269864  0.739999 0.152005 1 0 1.000000
0  50.190651 30.900444 25.600756  0.948850 -0.291709 0.120790  0.706455 0.133838 1 0 1.000000
skin_0dam
0  52.071499 37.122177 26.247656  0.943319 -0.298863 0.144326  0.740213 0.137200 1 0 1.000000
0  50.190651 30.900444 25.600756  0.948850 -0.291709 0.120790  0.706455 0.133838 1 0 1.000000
0  51.977669 36.506096 22.627764  0.953219 -0.302236 -0.005148  0.736995 0.118390 1 0 1.000000
skin_0dam
0  49.922874 36.814438 32.331280  0.840814 -0.261208 0.474132  0.735779 0.168812 1 0 1.000000
0  48.434483 36.258541 34.574783  0.834410 -0.253958 0.489147  0.730987 0.180470 1 0 1.000000
0  47.345291 31.449112 33.941647  0.842555 -0.263953 0.469500  0.705382 0.177180 1 0 1.000000
skin_0dam
0  36.369316 -11.784202 31.794489  -0.400377 0.056621 0.914599  0.476872 0.166023 1 0 1.000000
0  37.605961 -0.176065 31.918362  -0.403695 0.032622 0.914312  0.537522 0.166667 1 0 1.000000
0  36.274536 -11.762093 31.753195  -0.398956 0.053557 0.915405  0.476943 0.165808 1 0 1.000000
skin_0dam
0  36.369316 -11.784202 31.794489  -0.400377 0.056621 0.914599  0.476872 0.166023 1 0 1.000000
0  36.274536 -11.762093 31.753195  -0.398956 0.053557 0.915405  0.476943 0.165808 1 0 1.000000
0  35.232876 -17.667288 31.794489  -0.634504 0.123641 0.762966  0.445903 0.166023 1 0 1.000000
skin_0dam
0  35.232876 -17.667288 31.794489  -0.634504 0.123641 0.762966  0.445903 0.166023 1 0 1.000000
0  35.333652 -17.620838 31.877071  -0.638038 0.124161 0.759929  0.446189 0.166452 1 0 1.000000
0  36.369316 -11.784202 31.794489  -0.400377 0.056621 0.914599  0.476872 0.166023 1 0 1.000000
skin_0dam
0  46.624249 20.143059 10.130190  0.966127 -0.250616 0.061564  0.647664 0.053449 1 0 1.000000
0  49.284176 30.601856 10.763327  0.969248 -0.245853 -0.010707  0.703737 0.056739 1 0 1.000000
0  49.326923 30.761387 10.969785  0.969232 -0.245987 -0.008963  0.704596 0.057811 1 0 1.000000
skin_0dam
0  49.326923 30.761387 10.969785  0.969232 -0.245987 -0.008963  0.704596 0.057811 1 0 1.000000
0  46.610950 20.146622 10.350411  0.966066 -0.250935 0.061223  0.647664 0.054593 1 0 1.000000
0  46.624249 20.143059 10.130190  0.966127 -0.250616 0.061564  0.647664 0.053449 1 0 1.000000
skin_0dam
0  46.624249 20.143059 10.130190  0.966127 -0.250616 0.061564  0.647664 0.053449 1 0 1.000000
0  46.610950 20.146622 10.350411  0.966066 -0.250935 0.061223  0.647664 0.054593 1 0 1.000000
0  43.984035 9.864223 9.744802  0.980620 -0.190818 0.044423  0.592522 0.051446 1 0 1.000000
skin_0dam
0  43.984035 9.864223 9.744802  0.980620 -0.190818 0.044423  0.592522 0.051446 1 0 1.000000
0  43.984035 9.864223 9.524580  0.981514 -0.186075 0.044789  0.592522 0.050302 1 0 1.000000
0  46.624249 20.143059 10.130190  0.966127 -0.250616 0.061564  0.647664 0.053449 1 0 1.000000
skin_0dam
0  42.684517 -0.717094 8.877680  0.994716 -0.101015 0.018360  0.537021 0.046940 1 0 1.000000
0  43.984035 9.864223 9.524580  0.981514 -0.186075 0.044789  0.592522 0.050302 1 0 1.000000
0  43.984035 9.864223 9.744802  0.980620 -0.190818 0.044423  0.592522 0.051446 1 0 1.000000
skin_0dam
0  43.984035 9.864223 9.744802  0.980620 -0.190818 0.044423  0.592522 0.051446 1 0 1.000000
0  42.672001 -0.702185 9.097901  0.994377 -0.104287 0.018415  0.537093 0.048084 1 0 1.000000
0  42.684517 -0.717094 8.877680  0.994716 -0.101015 0.018360  0.537021 0.046940 1 0 1.000000
skin_0dam
0  41.753807 -12.144751 8.189487  0.996675 -0.081104 -0.007754  0.477444 0.043364 1 0 1.000000
0  42.684517 -0.717094 8.877680  0.994716 -0.101015 0.018360  0.537021 0.046940 1 0 1.000000
0  42.672001 -0.702185 9.097901  0.994377 -0.104287 0.018415  0.537093 0.048084 1 0 1.000000
skin_0dam
0  42.672001 -0.702185 9.097901  0.994377 -0.104287 0.018415  0.537093 0.048084 1 0 1.000000
0  41.753807 -12.144751 8.423472  0.996675 -0.081106 -0.007757  0.477444 0.044580 1 0 1.000000
0  41.753807 -12.144751 8.189487  0.996675 -0.081104 -0.007754  0.477444 0.043364 1 0 1.000000
skin_0dam
0  41.753807 -12.144751 8.189487  0.996675 -0.081104 -0.007754  0.477444 0.043364 1 0 1.000000
0  41.753807 -12.144751 8.423472  0.996675 -0.081106 -0.007757  0.477444 0.044580 1 0 1.000000
0  40.865261 -22.774740 7.817863  0.996553 -0.082600 -0.007773  0.422015 0.041433 1 0 1.000000
skin_0dam
0  40.865261 -22.774740 7.817863  0.996553 -0.082600 -0.007773  0.422015 0.041433 1 0 1.000000
0  40.864063 -22.788456 7.597641  0.996553 -0.082596 -0.007776  0.421943 0.040289 1 0 1.000000
0  41.753807 -12.144751 8.189487  0.996675 -0.081104 -0.007754  0.477444 0.043364 1 0 1.000000
skin_0dam
0  39.008797 26.501171 12.896725  -0.480523 0.687587 -0.544355  0.669335 0.067824 1 0 1.000000
0  44.824821 36.028797 35.015228  -0.185326 0.919404 -0.346915  0.724979 0.182759 1 0 1.000000
0  47.302258 36.234184 34.684895  -0.148338 0.922638 -0.355998  0.729342 0.181043 1 0 1.000000
skin_0dam
0  39.008797 26.501171 12.896725  -0.480523 0.687587 -0.544355  0.669335 0.067824 1 0 1.000000
0  42.831482 35.821945 35.923641  -0.173133 0.922569 -0.344808  0.721260 0.187479 1 0 1.000000
0  44.824821 36.028797 35.015228  -0.185326 0.919404 -0.346915  0.724979 0.182759 1 0 1.000000
skin_0dam
0  39.008797 26.501171 12.896725  -0.480523 0.687587 -0.544355  0.669335 0.067824 1 0 1.000000
0  42.514061 35.807255 35.978699  -0.108240 0.927657 -0.357402  0.720759 0.187765 1 0 1.000000
0  42.831482 35.821945 35.923641  -0.173133 0.922569 -0.344808  0.721260 0.187479 1 0 1.000000
skin_0dam
0  39.008797 26.501171 12.896725  -0.480523 0.687587 -0.544355  0.669335 0.067824 1 0 1.000000
0  41.734623 35.716862 35.978699  -0.104562 0.927773 -0.358195  0.719257 0.187765 1 0 1.000000
0  42.514061 35.807255 35.978699  -0.108240 0.927657 -0.357402  0.720759 0.187765 1 0 1.000000
skin_0dam
0  36.515476 18.206394 9.070374  -0.461522 0.231439 -0.856407  0.624349 0.047941 1 0 1.000000
0  44.601521 20.571053 5.945980  -0.393328 0.144313 -0.908002  0.647092 0.031706 1 0 1.000000
0  42.037518 10.257549 5.588120  -0.465818 0.074374 -0.881750  0.591878 0.029847 1 0 1.000000
skin_0dam
0  45.141342 22.692059 6.069855  -0.431306 0.249420 -0.867044  0.658464 0.032350 1 0 1.000000
0  44.601521 20.571053 5.945980  -0.393328 0.144313 -0.908002  0.647092 0.031706 1 0 1.000000
0  36.515476 18.206394 9.070374  -0.461522 0.231439 -0.856407  0.624349 0.047941 1 0 1.000000
skin_0dam
0  36.515476 18.206394 9.070374  -0.461522 0.231439 -0.856407  0.624349 0.047941 1 0 1.000000
0  45.893883 24.756073 6.372660  -0.522624 0.448391 -0.725127  0.669836 0.033923 1 0 1.000000
0  45.141342 22.692059 6.069855  -0.431306 0.249420 -0.867044  0.658464 0.032350 1 0 1.000000
skin_0dam
0  36.515476 18.206394 9.070374  -0.461522 0.231439 -0.856407  0.624349 0.047941 1 0 1.000000
0  47.023705 27.217720 7.239780  -0.624987 0.637065 -0.451154  0.683711 0.038429 1 0 1.000000
0  45.893883 24.756073 6.372660  -0.522624 0.448391 -0.725127  0.669836 0.033923 1 0 1.000000
skin_0dam
0  47.973511 28.901138 8.616166  -0.493373 0.714850 -0.495552  0.693438 0.045581 1 0 1.000000
0  47.023705 27.217720 7.239780  -0.624987 0.637065 -0.451154  0.683711 0.038429 1 0 1.000000
0  36.515476 18.206394 9.070374  -0.461522 0.231439 -0.856407  0.624349 0.047941 1 0 1.000000
skin_0dam
0  36.515476 18.206394 9.070374  -0.461522 0.231439 -0.856407  0.624349 0.047941 1 0 1.000000
0  39.008797 26.501171 12.896725  -0.480523 0.687587 -0.544355  0.669335 0.067824 1 0 1.000000
0  47.973511 28.901138 8.616166  -0.493373 0.714850 -0.495552  0.693438 0.045581 1 0 1.000000
skin_0dam
0  49.248108 30.839508 10.859674  -0.416510 0.724762 -0.548852  0.704881 0.057239 1 0 1.000000
0  47.973511 28.901138 8.616166  -0.493373 0.714850 -0.495552  0.693438 0.045581 1 0 1.000000
0  39.008797 26.501171 12.896725  -0.480523 0.687587 -0.544355  0.669335 0.067824 1 0 1.000000
skin_0dam
0  49.260006 31.149803 11.190006  -0.420040 0.726966 -0.543218  0.706455 0.058956 1 0 1.000000
0  49.248108 30.839508 10.859674  -0.416510 0.724762 -0.548852  0.704881 0.057239 1 0 1.000000
0  39.008797 26.501171 12.896725  -0.480523 0.687587 -0.544355  0.669335 0.067824 1 0 1.000000
skin_0dam
0  39.008797 26.501171 12.896725  -0.480523 0.687587 -0.544355  0.669335 0.067824 1 0 1.000000
0  49.423874 31.761364 11.988309  -0.438739 0.797017 -0.415057  0.709745 0.063104 1 0 1.000000
0  49.260006 31.149803 11.190006  -0.420040 0.726966 -0.543218  0.706455 0.058956 1 0 1.000000
skin_0dam
0  39.008797 26.501171 12.896725  -0.480523 0.687587 -0.544355  0.669335 0.067824 1 0 1.000000
0  50.193459 33.250832 14.383218  -0.461116 0.832021 -0.308404  0.718256 0.075549 1 0 1.000000
0  49.423874 31.761364 11.988309  -0.438739 0.797017 -0.415057  0.709745 0.063104 1 0 1.000000
skin_0dam
0  51.569016 35.831879 19.764883  -0.511580 0.835691 -0.199767  0.733061 0.103513 1 0 1.000000
0  50.193459 33.250832 14.383218  -0.461116 0.832021 -0.308404  0.718256 0.075549 1 0 1.000000
0  39.008797 26.501171 12.896725  -0.480523 0.687587 -0.544355  0.669335 0.067824 1 0 1.000000
skin_0dam
0  51.933517 36.660416 22.655293  -0.545210 0.826757 -0.138633  0.737710 0.118533 1 0 1.000000
0  51.569016 35.831879 19.764883  -0.511580 0.835691 -0.199767  0.733061 0.103513 1 0 1.000000
0  39.008797 26.501171 12.896725  -0.480523 0.687587 -0.544355  0.669335 0.067824 1 0 1.000000
skin_0dam
0  52.023788 37.263206 26.247656  -0.529583 0.833704 -0.156461  0.740857 0.137200 1 0 1.000000
0  51.933517 36.660416 22.655293  -0.545210 0.826757 -0.138633  0.737710 0.118533 1 0 1.000000
0  39.008797 26.501171 12.896725  -0.480523 0.687587 -0.544355  0.669335 0.067824 1 0 1.000000
skin_0dam
0  51.335064 37.404999 29.096771  -0.545166 0.826322 -0.141371  0.740642 0.152005 1 0 1.000000
0  52.023788 37.263206 26.247656  -0.529583 0.833704 -0.156461  0.740857 0.137200 1 0 1.000000
0  39.008797 26.501171 12.896725  -0.480523 0.687587 -0.544355  0.669335 0.067824 1 0 1.000000
skin_0dam
0  50.493408 37.188786 31.354044  -0.546094 0.826129 -0.138898  0.738425 0.163734 1 0 1.000000
0  51.335064 37.404999 29.096771  -0.545166 0.826322 -0.141371  0.740642 0.152005 1 0 1.000000
0  39.008797 26.501171 12.896725  -0.480523 0.687587 -0.544355  0.669335 0.067824 1 0 1.000000
skin_0dam
0  49.878735 36.968758 32.303745  -0.539781 0.829279 -0.144683  0.736494 0.168669 1 0 1.000000
0  50.493408 37.188786 31.354044  -0.546094 0.826129 -0.138898  0.738425 0.163734 1 0 1.000000
0  39.008797 26.501171 12.896725  -0.480523 0.687587 -0.544355  0.669335 0.067824 1 0 1.000000
skin_0dam
0  48.379650 36.372978 34.561020  -0.351407 0.899882 -0.258313  0.731487 0.180399 1 0 1.000000
0  49.878735 36.968758 32.303745  -0.539781 0.829279 -0.144683  0.736494 0.168669 1 0 1.000000
0  39.008797 26.501171 12.896725  -0.480523 0.687587 -0.544355  0.669335 0.067824 1 0 1.000000
skin_0dam
0  48.379650 36.372978 34.561020  -0.351407 0.899882 -0.258313  0.731487 0.180399 1 0 1.000000
0  39.008797 26.501171 12.896725  -0.480523 0.687587 -0.544355  0.669335 0.067824 1 0 1.000000
0  47.302258 36.234184 34.684895  -0.148338 0.922638 -0.355998  0.729342 0.181043 1 0 1.000000
skin_0dam
0  37.217030 -11.886000 31.643085  0.748287 -0.077368 0.658848  0.476729 0.165236 1 0 1.000000
0  36.593239 -19.015966 31.725668  0.795584 -0.061079 0.602756  0.439538 0.165665 1 0 1.000000
0  37.776554 -20.335339 30.046478  0.821215 -0.091398 0.563252  0.433244 0.156940 1 0 1.000000
skin_0dam
0  47.279926 36.097672 34.767479  0.142878 -0.155553 0.977440  0.728627 0.181472 1 0 1.000000
0  44.829094 35.885162 35.084049  0.268280 -0.160683 0.949846  0.724264 0.183117 1 0 1.000000
0  43.986774 30.667595 34.437145  0.326987 -0.168847 0.929823  0.696943 0.179755 1 0 1.000000
skin_0dam
0  43.986774 30.667595 34.437145  0.326987 -0.168847 0.929823  0.696943 0.179755 1 0 1.000000
0  44.829094 35.885162 35.084049  0.268280 -0.160683 0.949846  0.724264 0.183117 1 0 1.000000
0  42.852600 35.688042 35.992462  0.438951 -0.174196 0.881463  0.720616 0.187837 1 0 1.000000
skin_0dam
0  42.852600 35.688042 35.992462  0.438951 -0.174196 0.881463  0.720616 0.187837 1 0 1.000000
0  42.327709 30.485165 35.331795  0.486743 -0.176347 0.855560  0.693796 0.184404 1 0 1.000000
0  43.986774 30.667595 34.437145  0.326987 -0.168847 0.929823  0.696943 0.179755 1 0 1.000000
skin_0dam
0  42.410030 21.485992 33.253456  0.397694 -0.190722 0.897477  0.648737 0.173604 1 0 1.000000
0  43.986774 30.667595 34.437145  0.326987 -0.168847 0.929823  0.696943 0.179755 1 0 1.000000
0  42.327709 30.485165 35.331795  0.486743 -0.176347 0.855560  0.693796 0.184404 1 0 1.000000
skin_0dam
0  42.327709 30.485165 35.331795  0.486743 -0.176347 0.855560  0.693796 0.184404 1 0 1.000000
0  41.096447 21.795219 34.203163  0.543955 -0.197264 0.815598  0.648523 0.178539 1 0 1.000000
0  42.410030 21.485992 33.253456  0.397694 -0.190722 0.897477  0.648737 0.173604 1 0 1.000000
skin_0dam
0  40.242966 10.952137 31.932125  0.508180 -0.175793 0.843119  0.592951 0.166738 1 0 1.000000
0  42.410030 21.485992 33.253456  0.397694 -0.190722 0.897477  0.648737 0.173604 1 0 1.000000
0  41.096447 21.795219 34.203163  0.543955 -0.197264 0.815598  0.648523 0.178539 1 0 1.000000
skin_0dam
0  41.096447 21.795219 34.203163  0.543955 -0.197264 0.815598  0.648523 0.178539 1 0 1.000000
0  39.199799 11.260155 32.826775  0.612182 -0.173950 0.771346  0.593094 0.171387 1 0 1.000000
0  40.242966 10.952137 31.932125  0.508180 -0.175793 0.843119  0.592951 0.166738 1 0 1.000000
skin_0dam
0  39.165466 -0.353954 30.899839  0.619462 -0.108416 0.777504  0.537307 0.161374 1 0 1.000000
0  40.242966 10.952137 31.932125  0.508180 -0.175793 0.843119  0.592951 0.166738 1 0 1.000000
0  39.199799 11.260155 32.826775  0.612182 -0.173950 0.771346  0.593094 0.171387 1 0 1.000000
skin_0dam
0  39.199799 11.260155 32.826775  0.612182 -0.173950 0.771346  0.593094 0.171387 1 0 1.000000
0  38.044727 -0.214453 31.822016  0.625450 -0.094871 0.774475  0.537522 0.166166 1 0 1.000000
0  39.165466 -0.353954 30.899839  0.619462 -0.108416 0.777504  0.537307 0.161374 1 0 1.000000
skin_0dam
0  39.165466 -0.353954 30.899839  0.619462 -0.108416 0.777504  0.537307 0.161374 1 0 1.000000
0  38.044727 -0.214453 31.822016  0.625450 -0.094871 0.774475  0.537522 0.166166 1 0 1.000000
0  37.217030 -11.886000 31.643085  0.748287 -0.077368 0.658848  0.476729 0.165236 1 0 1.000000
skin_0dam
0  37.217030 -11.886000 31.643085  0.748287 -0.077368 0.658848  0.476729 0.165236 1 0 1.000000
0  38.453461 -11.966540 30.225412  0.761744 -0.079984 0.642922  0.476872 0.157870 1 0 1.000000
0  39.165466 -0.353954 30.899839  0.619462 -0.108416 0.777504  0.537307 0.161374 1 0 1.000000
skin_0dam
0  37.776554 -20.335339 30.046478  0.821215 -0.091398 0.563252  0.433244 0.156940 1 0 1.000000
0  38.453461 -11.966540 30.225412  0.761744 -0.079984 0.642922  0.476872 0.157870 1 0 1.000000
0  37.217030 -11.886000 31.643085  0.748287 -0.077368 0.658848  0.476729 0.165236 1 0 1.000000
skin_0dam
0  39.635048 -12.042283 28.752674  0.782421 -0.111597 0.612670  0.477015 0.150217 1 0 1.000000
0  38.453461 -11.966540 30.225412  0.761744 -0.079984 0.642922  0.476872 0.157870 1 0 1.000000
0  37.776554 -20.335339 30.046478  0.821215 -0.091398 0.563252  0.433244 0.156940 1 0 1.000000
skin_0dam
0  37.776554 -20.335339 30.046478  0.821215 -0.091398 0.563252  0.433244 0.156940 1 0 1.000000
0  38.834747 -21.505596 28.092010  0.869837 -0.107052 0.481585  0.427665 0.146784 1 0 1.000000
0  39.635048 -12.042283 28.752674  0.782421 -0.111597 0.612670  0.477015 0.150217 1 0 1.000000
skin_0dam
0  39.635048 -12.042283 28.752674  0.782421 -0.111597 0.612670  0.477015 0.150217 1 0 1.000000
0  38.834747 -21.505596 28.092010  0.869837 -0.107052 0.481585  0.427665 0.146784 1 0 1.000000
0  39.699268 -22.520752 26.192602  0.871964 -0.110607 0.476912  0.422802 0.136914 1 0 1.000000
skin_0dam
0  39.699268 -22.520752 26.192602  0.871964 -0.110607 0.476912  0.422802 0.136914 1 0 1.000000
0  40.405289 -12.082038 27.720388  0.787926 -0.140183 0.599600  0.477158 0.144853 1 0 1.000000
0  39.635048 -12.042283 28.752674  0.782421 -0.111597 0.612670  0.477015 0.150217 1 0 1.000000
skin_0dam
0  39.635048 -12.042283 28.752674  0.782421 -0.111597 0.612670  0.477015 0.150217 1 0 1.000000
0  40.405289 -12.082038 27.720388  0.787926 -0.140183 0.599600  0.477158 0.144853 1 0 1.000000
0  41.136322 -0.567829 29.427105  0.564828 -0.148384 0.811758  0.537093 0.153721 1 0 1.000000
skin_0dam
0  41.136322 -0.567829 29.427105  0.564828 -0.148384 0.811758  0.537093 0.153721 1 0 1.000000
0  40.493084 -0.497738 29.895077  0.569383 -0.138376 0.810342  0.537164 0.156153 1 0 1.000000
0  39.635048 -12.042283 28.752674  0.782421 -0.111597 0.612670  0.477015 0.150217 1 0 1.000000
skin_0dam
0  40.493084 -0.497738 29.895077  0.569383 -0.138376 0.810342  0.537164 0.156153 1 0 1.000000
0  41.136322 -0.567829 29.427105  0.564828 -0.148384 0.811758  0.537093 0.153721 1 0 1.000000
0  42.330254 10.392853 30.996183  0.286214 -0.171997 0.942602  0.592951 0.161875 1 0 1.000000
skin_0dam
0  42.330254 10.392853 30.996183  0.286214 -0.171997 0.942602  0.592951 0.161875 1 0 1.000000
0  41.722252 10.570015 31.216406  0.335109 -0.179559 0.924911  0.593022 0.163019 1 0 1.000000
0  40.493084 -0.497738 29.895077  0.569383 -0.138376 0.810342  0.537164 0.156153 1 0 1.000000
skin_0dam
0  41.722252 10.570015 31.216406  0.335109 -0.179559 0.924911  0.593022 0.163019 1 0 1.000000
0  42.330254 10.392853 30.996183  0.286214 -0.171997 0.942602  0.592951 0.161875 1 0 1.000000
0  44.793373 20.861629 32.537735  0.190635 -0.179954 0.965026  0.648809 0.169885 1 0 1.000000
skin_0dam
0  44.793373 20.861629 32.537735  0.190635 -0.179954 0.965026  0.648809 0.169885 1 0 1.000000
0  44.122459 21.069901 32.716663  0.226104 -0.180144 0.957301  0.648952 0.170815 1 0 1.000000
0  41.722252 10.570015 31.216406  0.335109 -0.179559 0.924911  0.593022 0.163019 1 0 1.000000
skin_0dam
0  44.122459 21.069901 32.716663  0.226104 -0.180144 0.957301  0.648952 0.170815 1 0 1.000000
0  44.793373 20.861629 32.537735  0.190635 -0.179954 0.965026  0.648809 0.169885 1 0 1.000000
0  47.244148 31.390713 33.996700  0.143482 -0.161534 0.976381  0.704953 0.177466 1 0 1.000000
skin_0dam
0  47.244148 31.390713 33.996700  0.143482 -0.161534 0.976381  0.704953 0.177466 1 0 1.000000
0  46.264076 31.083347 34.093052  0.162709 -0.163202 0.973083  0.702092 0.177967 1 0 1.000000
0  44.122459 21.069901 32.716663  0.226104 -0.180144 0.957301  0.648952 0.170815 1 0 1.000000
skin_0dam
0  47.279926 36.097672 34.767479  0.142878 -0.155553 0.977440  0.728627 0.181472 1 0 1.000000
0  46.264076 31.083347 34.093052  0.162709 -0.163202 0.973083  0.702092 0.177967 1 0 1.000000
0  47.244148 31.390713 33.996700  0.143482 -0.161534 0.976381  0.704953 0.177466 1 0 1.000000
skin_0dam
0  43.986774 30.667595 34.437145  0.326987 -0.168847 0.929823  0.696943 0.179755 1 0 1.000000
0  46.264076 31.083347 34.093052  0.162709 -0.163202 0.973083  0.702092 0.177967 1 0 1.000000
0  47.279926 36.097672 34.767479  0.142878 -0.155553 0.977440  0.728627 0.181472 1 0 1.000000
skin_0dam
0  46.264076 31.083347 34.093052  0.162709 -0.163202 0.973083  0.702092 0.177967 1 0 1.000000
0  43.986774 30.667595 34.437145  0.326987 -0.168847 0.929823  0.696943 0.179755 1 0 1.000000
0  42.410030 21.485992 33.253456  0.397694 -0.190722 0.897477  0.648737 0.173604 1 0 1.000000
skin_0dam
0  42.410030 21.485992 33.253456  0.397694 -0.190722 0.897477  0.648737 0.173604 1 0 1.000000
0  44.122459 21.069901 32.716663  0.226104 -0.180144 0.957301  0.648952 0.170815 1 0 1.000000
0  46.264076 31.083347 34.093052  0.162709 -0.163202 0.973083  0.702092 0.177967 1 0 1.000000
skin_0dam
0  44.122459 21.069901 32.716663  0.226104 -0.180144 0.957301  0.648952 0.170815 1 0 1.000000
0  42.410030 21.485992 33.253456  0.397694 -0.190722 0.897477  0.648737 0.173604 1 0 1.000000
0  40.242966 10.952137 31.932125  0.508180 -0.175793 0.843119  0.592951 0.166738 1 0 1.000000
skin_0dam
0  40.242966 10.952137 31.932125  0.508180 -0.175793 0.843119  0.592951 0.166738 1 0 1.000000
0  41.722252 10.570015 31.216406  0.335109 -0.179559 0.924911  0.593022 0.163019 1 0 1.000000
0  44.122459 21.069901 32.716663  0.226104 -0.180144 0.957301  0.648952 0.170815 1 0 1.000000
skin_0dam
0  40.493084 -0.497738 29.895077  0.569383 -0.138376 0.810342  0.537164 0.156153 1 0 1.000000
0  41.722252 10.570015 31.216406  0.335109 -0.179559 0.924911  0.593022 0.163019 1 0 1.000000
0  40.242966 10.952137 31.932125  0.508180 -0.175793 0.843119  0.592951 0.166738 1 0 1.000000
skin_0dam
0  40.242966 10.952137 31.932125  0.508180 -0.175793 0.843119  0.592951 0.166738 1 0 1.000000
0  39.165466 -0.353954 30.899839  0.619462 -0.108416 0.777504  0.537307 0.161374 1 0 1.000000
0  40.493084 -0.497738 29.895077  0.569383 -0.138376 0.810342  0.537164 0.156153 1 0 1.000000
skin_0dam
0  39.635048 -12.042283 28.752674  0.782421 -0.111597 0.612670  0.477015 0.150217 1 0 1.000000
0  40.493084 -0.497738 29.895077  0.569383 -0.138376 0.810342  0.537164 0.156153 1 0 1.000000
0  39.165466 -0.353954 30.899839  0.619462 -0.108416 0.777504  0.537307 0.161374 1 0 1.000000
skin_0dam
0  39.165466 -0.353954 30.899839  0.619462 -0.108416 0.777504  0.537307 0.161374 1 0 1.000000
0  38.453461 -11.966540 30.225412  0.761744 -0.079984 0.642922  0.476872 0.157870 1 0 1.000000
0  39.635048 -12.042283 28.752674  0.782421 -0.111597 0.612670  0.477015 0.150217 1 0 1.000000
skin_0dam
0  47.244148 31.390713 33.996700  0.143482 -0.161534 0.976381  0.704953 0.177466 1 0 1.000000
0  48.340462 36.226734 34.629841  0.137180 -0.159628 0.977599  0.730701 0.180756 1 0 1.000000
0  47.279926 36.097672 34.767479  0.142878 -0.155553 0.977440  0.728627 0.181472 1 0 1.000000
skin_0dam
0  35.219162 -17.666088 31.065002  -0.743039 -0.669168 0.010316  0.445903 0.162232 1 0 1.000000
0  36.465034 -19.060015 31.698141  -0.748348 -0.663247 0.008816  0.439251 0.165522 1 0 1.000000
0  35.232876 -17.667288 31.794489  -0.745250 -0.666765 -0.005111  0.445903 0.166023 1 0 1.000000
skin_0dam
0  35.219162 -17.666088 31.065002  -0.743039 -0.669168 0.010316  0.445903 0.162232 1 0 1.000000
0  37.695999 -20.466454 29.991423  -0.754178 -0.656474 -0.016073  0.432528 0.156654 1 0 1.000000
0  36.465034 -19.060015 31.698141  -0.748348 -0.663247 0.008816  0.439251 0.165522 1 0 1.000000
skin_0dam
0  35.219162 -17.666088 31.065002  -0.743039 -0.669168 0.010316  0.445903 0.162232 1 0 1.000000
0  38.741680 -21.621803 28.036955  -0.738489 -0.673832 0.024153  0.427021 0.146498 1 0 1.000000
0  37.695999 -20.466454 29.991423  -0.754178 -0.656474 -0.016073  0.432528 0.156654 1 0 1.000000
skin_0dam
0  31.856565 -14.567165 17.590197  -0.719520 -0.680066 -0.140719  0.460422 0.092213 1 0 1.000000
0  38.741680 -21.621803 28.036955  -0.738489 -0.673832 0.024153  0.427021 0.146498 1 0 1.000000
0  35.219162 -17.666088 31.065002  -0.743039 -0.669168 0.010316  0.445903 0.162232 1 0 1.000000
skin_0dam
0  31.856565 -14.567165 17.590197  -0.719520 -0.680066 -0.140719  0.460422 0.092213 1 0 1.000000
0  39.630024 -22.680490 26.082489  -0.728468 -0.684955 0.013098  0.421943 0.136342 1 0 1.000000
0  38.741680 -21.621803 28.036955  -0.738489 -0.673832 0.024153  0.427021 0.146498 1 0 1.000000
skin_0dam
0  39.630024 -22.680490 26.082489  -0.728468 -0.684955 0.013098  0.421943 0.136342 1 0 1.000000
0  31.856565 -14.567165 17.590197  -0.719520 -0.680066 -0.140719  0.460422 0.092213 1 0 1.000000
0  40.227680 -23.271616 24.334480  -0.715621 -0.698373 -0.012724  0.419154 0.127258 1 0 1.000000
skin_0dam
0  40.227680 -23.271616 24.334480  -0.715621 -0.698373 -0.012724  0.419154 0.127258 1 0 1.000000
0  31.856565 -14.567165 17.590197  -0.719520 -0.680066 -0.140719  0.460422 0.092213 1 0 1.000000
0  40.562584 -23.549614 22.338724  -0.710723 -0.702965 -0.026700  0.417867 0.116888 1 0 1.000000
skin_0dam
0  31.856565 -14.567165 17.590197  -0.719520 -0.680066 -0.140719  0.460422 0.092213 1 0 1.000000
0  40.532249 -23.422613 20.342964  -0.708553 -0.704905 -0.032585  0.418510 0.106517 1 0 1.000000
0  40.562584 -23.549614 22.338724  -0.710723 -0.702965 -0.026700  0.417867 0.116888 1 0 1.000000
skin_0dam
0  40.010345 -22.755213 16.241337  -0.745288 -0.663740 -0.063214  0.421729 0.085204 1 0 1.000000
0  40.532249 -23.422613 20.342964  -0.708553 -0.704905 -0.032585  0.418510 0.106517 1 0 1.000000
0  31.856565 -14.567165 17.590197  -0.719520 -0.680066 -0.140719  0.460422 0.092213 1 0 1.000000
skin_0dam
0  40.010345 -22.755213 16.241337  -0.745288 -0.663740 -0.063214  0.421729 0.085204 1 0 1.000000
0  31.856565 -14.567165 17.590197  -0.719520 -0.680066 -0.140719  0.460422 0.092213 1 0 1.000000
0  32.575016 -12.198330 9.565872  -0.728511 -0.280999 -0.624749  0.473010 0.050516 1 0 1.000000
skin_0dam
0  32.575016 -12.198330 9.565872  -0.728511 -0.280999 -0.624749  0.473010 0.050516 1 0 1.000000
0  39.555805 -22.107523 12.208531  -0.809912 -0.584289 -0.051466  0.424876 0.064248 1 0 1.000000
0  40.010345 -22.755213 16.241337  -0.745288 -0.663740 -0.063214  0.421729 0.085204 1 0 1.000000
skin_0dam
0  32.575016 -12.198330 9.565872  -0.728511 -0.280999 -0.624749  0.473010 0.050516 1 0 1.000000
0  40.081470 -22.416023 10.130190  -0.797846 -0.592548 -0.111034  0.423517 0.053449 1 0 1.000000
0  39.555805 -22.107523 12.208531  -0.809912 -0.584289 -0.051466  0.424876 0.064248 1 0 1.000000
skin_0dam
0  32.575016 -12.198330 9.565872  -0.728511 -0.280999 -0.624749  0.473010 0.050516 1 0 1.000000
0  40.770992 -22.904659 7.707752  -0.787490 -0.613555 0.058399  0.421300 0.040861 1 0 1.000000
0  40.081470 -22.416023 10.130190  -0.797846 -0.592548 -0.111034  0.423517 0.053449 1 0 1.000000
skin_0dam
0  32.575016 -12.198330 9.565872  -0.728511 -0.280999 -0.624749  0.473010 0.050516 1 0 1.000000
0  39.534214 -22.354328 4.569595  -0.850300 -0.496511 -0.174550  0.423588 0.024554 1 0 1.000000
0  40.770992 -22.904659 7.707752  -0.787490 -0.613555 0.058399  0.421300 0.040861 1 0 1.000000
skin_0dam
0  32.575016 -12.198330 9.565872  -0.728511 -0.280999 -0.624749  0.473010 0.050516 1 0 1.000000
0  40.119740 -12.029422 4.858635  -0.528367 0.057936 -0.847037  0.477301 0.026056 1 0 1.000000
0  39.534214 -22.354328 4.569595  -0.850300 -0.496511 -0.174550  0.423588 0.024554 1 0 1.000000
skin_0dam
0  40.839981 -0.638620 5.244022  -0.550022 0.082531 -0.831062  0.536592 0.028058 1 0 1.000000
0  40.119740 -12.029422 4.858635  -0.528367 0.057936 -0.847037  0.477301 0.026056 1 0 1.000000
0  32.575016 -12.198330 9.565872  -0.728511 -0.280999 -0.624749  0.473010 0.050516 1 0 1.000000
skin_0dam
0  42.037518 10.257549 5.588120  -0.465818 0.074374 -0.881750  0.591878 0.029847 1 0 1.000000
0  40.839981 -0.638620 5.244022  -0.550022 0.082531 -0.831062  0.536592 0.028058 1 0 1.000000
0  32.575016 -12.198330 9.565872  -0.728511 -0.280999 -0.624749  0.473010 0.050516 1 0 1.000000
skin_0dam
0  32.575016 -12.198330 9.565872  -0.728511 -0.280999 -0.624749  0.473010 0.050516 1 0 1.000000
0  36.515476 18.206394 9.070374  -0.461522 0.231439 -0.856407  0.624349 0.047941 1 0 1.000000
0  42.037518 10.257549 5.588120  -0.465818 0.074374 -0.881750  0.591878 0.029847 1 0 1.000000
skin_0dam
0  49.248108 30.839508 10.859674  0.845890 0.330681 -0.418473  0.704881 0.057239 1 0 1.000000
0  49.326923 30.761387 10.969785  0.864707 0.365997 -0.343989  0.704596 0.057811 1 0 1.000000
0  49.284176 30.601856 10.763327  0.714915 0.322054 -0.620627  0.703737 0.056739 1 0 1.000000
skin_0dam
0  49.304153 30.995480 11.217534  0.941496 0.213574 -0.260712  0.705740 0.059099 1 0 1.000000
0  49.326923 30.761387 10.969785  0.864707 0.365997 -0.343989  0.704596 0.057811 1 0 1.000000
0  49.248108 30.839508 10.859674  0.845890 0.330681 -0.418473  0.704881 0.057239 1 0 1.000000
skin_0dam
0  49.248108 30.839508 10.859674  0.845890 0.330681 -0.418473  0.704881 0.057239 1 0 1.000000
0  49.260006 31.149803 11.190006  0.940935 0.177083 -0.288588  0.706455 0.058956 1 0 1.000000
0  49.304153 30.995480 11.217534  0.941496 0.213574 -0.260712  0.705740 0.059099 1 0 1.000000
skin_0dam
0  49.435963 31.487392 11.850671  0.908713 0.214476 -0.358109  0.708386 0.062389 1 0 1.000000
0  49.304153 30.995480 11.217534  0.941496 0.213574 -0.260712  0.705740 0.059099 1 0 1.000000
0  49.260006 31.149803 11.190006  0.940935 0.177083 -0.288588  0.706455 0.058956 1 0 1.000000
skin_0dam
0  49.260006 31.149803 11.190006  0.940935 0.177083 -0.288588  0.706455 0.058956 1 0 1.000000
0  49.423874 31.761364 11.988309  0.886382 0.229073 -0.402308  0.709745 0.063104 1 0 1.000000
0  49.435963 31.487392 11.850671  0.908713 0.214476 -0.358109  0.708386 0.062389 1 0 1.000000
skin_0dam
0  49.435963 31.487392 11.850671  0.908713 0.214476 -0.358109  0.708386 0.062389 1 0 1.000000
0  49.423874 31.761364 11.988309  0.886382 0.229073 -0.402308  0.709745 0.063104 1 0 1.000000
0  49.519547 31.692986 12.139712  0.881528 0.223263 -0.416007  0.709530 0.063891 1 0 1.000000
skin_0dam
0  50.241169 33.109806 14.396984  0.879651 0.255503 -0.401164  0.717612 0.075620 1 0 1.000000
0  49.519547 31.692986 12.139712  0.881528 0.223263 -0.416007  0.709530 0.063891 1 0 1.000000
0  49.423874 31.761364 11.988309  0.886382 0.229073 -0.402308  0.709745 0.063104 1 0 1.000000
skin_0dam
0  49.423874 31.761364 11.988309  0.886382 0.229073 -0.402308  0.709745 0.063104 1 0 1.000000
0  50.193459 33.250832 14.383218  0.884794 0.259239 -0.387214  0.718256 0.075549 1 0 1.000000
0  50.241169 33.109806 14.396984  0.879651 0.255503 -0.401164  0.717612 0.075620 1 0 1.000000
skin_0dam
0  51.599873 35.681114 19.764883  0.922538 0.258767 -0.286292  0.732346 0.103513 1 0 1.000000
0  50.241169 33.109806 14.396984  0.879651 0.255503 -0.401164  0.717612 0.075620 1 0 1.000000
0  50.193459 33.250832 14.383218  0.884794 0.259239 -0.387214  0.718256 0.075549 1 0 1.000000
skin_0dam
0  50.193459 33.250832 14.383218  0.884794 0.259239 -0.387214  0.718256 0.075549 1 0 1.000000
0  51.569016 35.831879 19.764883  0.929265 0.260920 -0.261509  0.733061 0.103513 1 0 1.000000
0  51.599873 35.681114 19.764883  0.922538 0.258767 -0.286292  0.732346 0.103513 1 0 1.000000
skin_0dam
0  51.599873 35.681114 19.764883  0.922538 0.258767 -0.286292  0.732346 0.103513 1 0 1.000000
0  51.569016 35.831879 19.764883  0.929265 0.260920 -0.261509  0.733061 0.103513 1 0 1.000000
0  51.933517 36.660416 22.655293  0.947110 0.294867 -0.126636  0.737710 0.118533 1 0 1.000000
skin_0dam
0  51.933517 36.660416 22.655293  0.947110 0.294867 -0.126636  0.737710 0.118533 1 0 1.000000
0  51.977669 36.506096 22.627764  0.942146 0.297789 -0.153892  0.736995 0.118390 1 0 1.000000
0  51.599873 35.681114 19.764883  0.922538 0.258767 -0.286292  0.732346 0.103513 1 0 1.000000
skin_0dam
0  52.071499 37.122177 26.247656  0.953282 0.296813 0.056183  0.740213 0.137200 1 0 1.000000
0  51.977669 36.506096 22.627764  0.942146 0.297789 -0.153892  0.736995 0.118390 1 0 1.000000
0  51.933517 36.660416 22.655293  0.947110 0.294867 -0.126636  0.737710 0.118533 1 0 1.000000
skin_0dam
0  51.933517 36.660416 22.655293  0.947110 0.294867 -0.126636  0.737710 0.118533 1 0 1.000000
0  52.023788 37.263206 26.247656  0.951677 0.295733 0.082788  0.740857 0.137200 1 0 1.000000
0  52.071499 37.122177 26.247656  0.953282 0.296813 0.056183  0.740213 0.137200 1 0 1.000000
skin_0dam
0  52.071499 37.122177 26.247656  0.953282 0.296813 0.056183  0.740213 0.137200 1 0 1.000000
0  52.023788 37.263206 26.247656  0.951677 0.295733 0.082788  0.740857 0.137200 1 0 1.000000
0  51.335064 37.404999 29.096771  0.905259 0.311627 0.288782  0.740642 0.152005 1 0 1.000000
skin_0dam
0  51.335064 37.404999 29.096771  0.905259 0.311627 0.288782  0.740642 0.152005 1 0 1.000000
0  51.382771 37.263969 29.096771  0.907714 0.313926 0.278399  0.739999 0.152005 1 0 1.000000
0  52.071499 37.122177 26.247656  0.953282 0.296813 0.056183  0.740213 0.137200 1 0 1.000000
skin_0dam
0  51.382771 37.263969 29.096771  0.907714 0.313926 0.278399  0.739999 0.152005 1 0 1.000000
0  51.335064 37.404999 29.096771  0.905259 0.311627 0.288782  0.740642 0.152005 1 0 1.000000
0  50.493408 37.188786 31.354044  0.834032 0.319659 0.449675  0.738425 0.163734 1 0 1.000000
skin_0dam
0  50.493408 37.188786 31.354044  0.834032 0.319659 0.449675  0.738425 0.163734 1 0 1.000000
0  50.527824 37.051323 31.381571  0.819476 0.321229 0.474627  0.737781 0.163877 1 0 1.000000
0  51.382771 37.263969 29.096771  0.907714 0.313926 0.278399  0.739999 0.152005 1 0 1.000000
skin_0dam
0  50.527824 37.051323 31.381571  0.819476 0.321229 0.474627  0.737781 0.163877 1 0 1.000000
0  50.493408 37.188786 31.354044  0.834032 0.319659 0.449675  0.738425 0.163734 1 0 1.000000
0  49.878735 36.968758 32.303745  0.753656 0.331683 0.567442  0.736494 0.168669 1 0 1.000000
skin_0dam
0  49.878735 36.968758 32.303745  0.753656 0.331683 0.567442  0.736494 0.168669 1 0 1.000000
0  49.922874 36.814438 32.331280  0.752780 0.330502 0.569289  0.735779 0.168812 1 0 1.000000
0  50.527824 37.051323 31.381571  0.819476 0.321229 0.474627  0.737781 0.163877 1 0 1.000000
skin_0dam
0  48.434483 36.258541 34.574783  0.572403 0.381762 0.725680  0.730987 0.180470 1 0 1.000000
0  49.922874 36.814438 32.331280  0.752780 0.330502 0.569289  0.735779 0.168812 1 0 1.000000
0  49.878735 36.968758 32.303745  0.753656 0.331683 0.567442  0.736494 0.168669 1 0 1.000000
skin_0dam
0  49.878735 36.968758 32.303745  0.753656 0.331683 0.567442  0.736494 0.168669 1 0 1.000000
0  48.379650 36.372978 34.561020  0.449441 0.432092 0.781856  0.731487 0.180399 1 0 1.000000
0  48.434483 36.258541 34.574783  0.572403 0.381762 0.725680  0.730987 0.180470 1 0 1.000000
skin_0dam
0  48.340462 36.226734 34.629841  0.171084 0.411516 0.895201  0.730701 0.180756 1 0 1.000000
0  48.434483 36.258541 34.574783  0.572403 0.381762 0.725680  0.730987 0.180470 1 0 1.000000
0  48.379650 36.372978 34.561020  0.449441 0.432092 0.781856  0.731487 0.180399 1 0 1.000000
skin_0dam
0  48.340462 36.226734 34.629841  0.171084 0.411516 0.895201  0.730701 0.180756 1 0 1.000000
0  48.379650 36.372978 34.561020  0.449441 0.432092 0.781856  0.731487 0.180399 1 0 1.000000
0  47.302258 36.234184 34.684895  0.062583 0.444874 0.893404  0.729342 0.181043 1 0 1.000000
skin_0dam
0  47.302258 36.234184 34.684895  0.062583 0.444874 0.893404  0.729342 0.181043 1 0 1.000000
0  47.279926 36.097672 34.767479  0.066300 0.444542 0.893301  0.728627 0.181472 1 0 1.000000
0  48.340462 36.226734 34.629841  0.171084 0.411516 0.895201  0.730701 0.180756 1 0 1.000000
skin_0dam
0  44.829094 35.885162 35.084049  0.227149 0.441362 0.868103  0.724264 0.183117 1 0 1.000000
0  47.279926 36.097672 34.767479  0.066300 0.444542 0.893301  0.728627 0.181472 1 0 1.000000
0  47.302258 36.234184 34.684895  0.062583 0.444874 0.893404  0.729342 0.181043 1 0 1.000000
skin_0dam
0  47.302258 36.234184 34.684895  0.062583 0.444874 0.893404  0.729342 0.181043 1 0 1.000000
0  44.824821 36.028797 35.015228  0.193358 0.444200 0.874814  0.724979 0.182759 1 0 1.000000
0  44.829094 35.885162 35.084049  0.227149 0.441362 0.868103  0.724264 0.183117 1 0 1.000000
skin_0dam
0  44.829094 35.885162 35.084049  0.227149 0.441362 0.868103  0.724264 0.183117 1 0 1.000000
0  44.824821 36.028797 35.015228  0.193358 0.444200 0.874814  0.724979 0.182759 1 0 1.000000
0  42.831482 35.821945 35.923641  0.233627 0.443467 0.865306  0.721260 0.187479 1 0 1.000000
skin_0dam
0  42.831482 35.821945 35.923641  0.233627 0.443467 0.865306  0.721260 0.187479 1 0 1.000000
0  42.852600 35.688042 35.992462  0.221713 0.440027 0.870184  0.720616 0.187837 1 0 1.000000
0  44.829094 35.885162 35.084049  0.227149 0.441362 0.868103  0.724264 0.183117 1 0 1.000000
skin_0dam
0  42.505028 35.667179 36.047516  0.101369 0.458597 0.882844  0.720044 0.188123 1 0 1.000000
0  42.852600 35.688042 35.992462  0.221713 0.440027 0.870184  0.720616 0.187837 1 0 1.000000
0  42.831482 35.821945 35.923641  0.233627 0.443467 0.865306  0.721260 0.187479 1 0 1.000000
skin_0dam
0  42.831482 35.821945 35.923641  0.233627 0.443467 0.865306  0.721260 0.187479 1 0 1.000000
0  42.514061 35.807255 35.978699  0.095948 0.466647 0.879224  0.720759 0.187765 1 0 1.000000
0  42.505028 35.667179 36.047516  0.101369 0.458597 0.882844  0.720044 0.188123 1 0 1.000000
skin_0dam
0  40.283081 -12.057529 4.968746  0.564655 -0.008472 -0.825284  0.477229 0.026628 1 0 1.000000
0  39.694637 -22.257835 4.665943  0.555413 -0.007666 -0.831540  0.424161 0.025055 1 0 1.000000
0  39.534214 -22.354328 4.569595  0.555638 -0.007687 -0.831389  0.423588 0.024554 1 0 1.000000
skin_0dam
0  39.534214 -22.354328 4.569595  0.555638 -0.007687 -0.831389  0.423588 0.024554 1 0 1.000000
0  40.119740 -12.029422 4.858635  0.564355 -0.008448 -0.825489  0.477301 0.026056 1 0 1.000000
0  40.283081 -12.057529 4.968746  0.564655 -0.008472 -0.825284  0.477229 0.026628 1 0 1.000000
skin_0dam
0  40.283081 -12.057529 4.968746  0.564655 -0.008472 -0.825284  0.477229 0.026628 1 0 1.000000
0  40.119740 -12.029422 4.858635  0.564355 -0.008448 -0.825489  0.477301 0.026056 1 0 1.000000
0  40.839981 -0.638620 5.244022  0.580271 -0.022951 -0.814100  0.536592 0.028058 1 0 1.000000
skin_0dam
0  40.839981 -0.638620 5.244022  0.580271 -0.022951 -0.814100  0.536592 0.028058 1 0 1.000000
0  41.005714 -0.639303 5.354134  0.580367 -0.024400 -0.813990  0.536663 0.028631 1 0 1.000000
0  40.283081 -12.057529 4.968746  0.564655 -0.008472 -0.825284  0.477229 0.026628 1 0 1.000000
skin_0dam
0  42.197056 10.214802 5.698231  0.562632 -0.071835 -0.823581  0.591878 0.030419 1 0 1.000000
0  41.005714 -0.639303 5.354134  0.580367 -0.024400 -0.813990  0.536663 0.028631 1 0 1.000000
0  40.839981 -0.638620 5.244022  0.580271 -0.022951 -0.814100  0.536592 0.028058 1 0 1.000000
skin_0dam
0  40.839981 -0.638620 5.244022  0.580271 -0.022951 -0.814100  0.536592 0.028058 1 0 1.000000
0  42.037518 10.257549 5.588120  0.562501 -0.074095 -0.823470  0.591878 0.029847 1 0 1.000000
0  42.197056 10.214802 5.698231  0.562632 -0.071835 -0.823581  0.591878 0.030419 1 0 1.000000
skin_0dam
0  42.197056 10.214802 5.698231  0.562632 -0.071835 -0.823581  0.591878 0.030419 1 0 1.000000
0  42.037518 10.257549 5.588120  0.562501 -0.074095 -0.823470  0.591878 0.029847 1 0 1.000000
0  44.601521 20.571053 5.945980  0.457229 -0.076036 -0.886093  0.647092 0.031706 1 0 1.000000
skin_0dam
0  44.601521 20.571053 5.945980  0.457229 -0.076036 -0.886093  0.647092 0.031706 1 0 1.000000
0  44.734467 20.535431 6.014799  0.455137 -0.074650 -0.887287  0.647092 0.032064 1 0 1.000000
0  42.197056 10.214802 5.698231  0.562632 -0.071835 -0.823581  0.591878 0.030419 1 0 1.000000
skin_0dam
0  44.734467 20.535431 6.014799  0.455137 -0.074650 -0.887287  0.647092 0.032064 1 0 1.000000
0  44.601521 20.571053 5.945980  0.457229 -0.076036 -0.886093  0.647092 0.031706 1 0 1.000000
0  45.141342 22.692059 6.069855  0.398717 -0.025503 -0.916719  0.658464 0.032350 1 0 1.000000
skin_0dam
0  45.141342 22.692059 6.069855  0.398717 -0.025503 -0.916719  0.658464 0.032350 1 0 1.000000
0  45.260040 22.603256 6.111145  0.389745 -0.032903 -0.920335  0.658178 0.032564 1 0 1.000000
0  44.734467 20.535431 6.014799  0.455137 -0.074650 -0.887287  0.647092 0.032064 1 0 1.000000
skin_0dam
0  46.013535 24.724010 6.427713  0.482254 0.032486 -0.875429  0.669836 0.034209 1 0 1.000000
0  45.260040 22.603256 6.111145  0.389745 -0.032903 -0.920335  0.658178 0.032564 1 0 1.000000
0  45.141342 22.692059 6.069855  0.398717 -0.025503 -0.916719  0.658464 0.032350 1 0 1.000000
skin_0dam
0  45.141342 22.692059 6.069855  0.398717 -0.025503 -0.916719  0.658464 0.032350 1 0 1.000000
0  45.893883 24.756073 6.372660  0.481211 0.013416 -0.876502  0.669836 0.033923 1 0 1.000000
0  46.013535 24.724010 6.427713  0.482254 0.032486 -0.875429  0.669836 0.034209 1 0 1.000000
skin_0dam
0  47.132675 27.145767 7.322365  0.598182 0.150587 -0.787084  0.683497 0.038858 1 0 1.000000
0  46.013535 24.724010 6.427713  0.482254 0.032486 -0.875429  0.669836 0.034209 1 0 1.000000
0  45.893883 24.756073 6.372660  0.481211 0.013416 -0.876502  0.669836 0.033923 1 0 1.000000
skin_0dam
0  45.893883 24.756073 6.372660  0.481211 0.013416 -0.876502  0.669836 0.033923 1 0 1.000000
0  47.023705 27.217720 7.239780  0.594474 0.133638 -0.792932  0.683711 0.038429 1 0 1.000000
0  47.132675 27.145767 7.322365  0.598182 0.150587 -0.787084  0.683497 0.038858 1 0 1.000000
skin_0dam
0  47.132675 27.145767 7.322365  0.598182 0.150587 -0.787084  0.683497 0.038858 1 0 1.000000
0  47.023705 27.217720 7.239780  0.594474 0.133638 -0.792932  0.683711 0.038429 1 0 1.000000
0  47.973511 28.901138 8.616166  0.669255 0.293573 -0.682578  0.693438 0.045581 1 0 1.000000
skin_0dam
0  47.973511 28.901138 8.616166  0.669255 0.293573 -0.682578  0.693438 0.045581 1 0 1.000000
0  48.014091 28.733509 8.574875  0.606475 0.294472 -0.738562  0.692651 0.045367 1 0 1.000000
0  47.132675 27.145767 7.322365  0.598182 0.150587 -0.787084  0.683497 0.038858 1 0 1.000000
skin_0dam
0  48.014091 28.733509 8.574875  0.606475 0.294472 -0.738562  0.692651 0.045367 1 0 1.000000
0  47.973511 28.901138 8.616166  0.669255 0.293573 -0.682578  0.693438 0.045581 1 0 1.000000
0  49.248108 30.839508 10.859674  0.845890 0.330681 -0.418473  0.704881 0.057239 1 0 1.000000
skin_0dam
0  49.248108 30.839508 10.859674  0.845890 0.330681 -0.418473  0.704881 0.057239 1 0 1.000000
0  49.284176 30.601856 10.763327  0.714915 0.322054 -0.620627  0.703737 0.056739 1 0 1.000000
0  48.014091 28.733509 8.574875  0.606475 0.294472 -0.738562  0.692651 0.045367 1 0 1.000000
skin_0dam
0  36.444294 -18.823322 31.808252  0.409259 -0.023278 0.912121  0.440467 0.166095 1 0 1.000000
0  36.593239 -19.015966 31.725668  0.408723 -0.023232 0.912363  0.439538 0.165665 1 0 1.000000
0  37.217030 -11.886000 31.643085  0.435561 -0.035890 0.899444  0.476729 0.165236 1 0 1.000000
skin_0dam
0  37.217030 -11.886000 31.643085  0.435561 -0.035890 0.899444  0.476729 0.165236 1 0 1.000000
0  37.038780 -11.870404 31.725668  0.435699 -0.036134 0.899367  0.476729 0.165665 1 0 1.000000
0  36.444294 -18.823322 31.808252  0.409259 -0.023278 0.912121  0.440467 0.166095 1 0 1.000000
skin_0dam
0  37.217030 -11.886000 31.643085  0.435561 -0.035890 0.899444  0.476729 0.165236 1 0 1.000000
0  38.044727 -0.214453 31.822016  0.434705 -0.045658 0.899415  0.537522 0.166166 1 0 1.000000
0  37.038780 -11.870404 31.725668  0.435699 -0.036134 0.899367  0.476729 0.165665 1 0 1.000000
skin_0dam
0  35.333652 -17.620838 31.877071  -0.425551 -0.437576 0.792107  0.446189 0.166452 1 0 1.000000
0  35.232876 -17.667288 31.794489  -0.427600 -0.439005 0.790211  0.445903 0.166023 1 0 1.000000
0  36.465034 -19.060015 31.698141  -0.086728 -0.583240 0.807657  0.439251 0.165522 1 0 1.000000
skin_0dam
0  36.465034 -19.060015 31.698141  -0.086728 -0.583240 0.807657  0.439251 0.165522 1 0 1.000000
0  36.444294 -18.823322 31.808252  -0.340022 -0.416261 0.843275  0.440467 0.166095 1 0 1.000000
0  35.333652 -17.620838 31.877071  -0.425551 -0.437576 0.792107  0.446189 0.166452 1 0 1.000000
skin_0dam
0  36.465034 -19.060015 31.698141  -0.086728 -0.583240 0.807657  0.439251 0.165522 1 0 1.000000
0  36.593239 -19.015966 31.725668  -0.008270 -0.623712 0.781611  0.439538 0.165665 1 0 1.000000
0  36.444294 -18.823322 31.808252  -0.340022 -0.416261 0.843275  0.440467 0.166095 1 0 1.000000
skin_0dam
0  37.776554 -20.335339 30.046478  0.432766 -0.571665 0.697074  0.433244 0.156940 1 0 1.000000
0  36.593239 -19.015966 31.725668  -0.008270 -0.623712 0.781611  0.439538 0.165665 1 0 1.000000
0  36.465034 -19.060015 31.698141  -0.086728 -0.583240 0.807657  0.439251 0.165522 1 0 1.000000
skin_0dam
0  36.465034 -19.060015 31.698141  -0.086728 -0.583240 0.807657  0.439251 0.165522 1 0 1.000000
0  37.695999 -20.466454 29.991423  0.468174 -0.576680 0.669517  0.432528 0.156654 1 0 1.000000
0  37.776554 -20.335339 30.046478  0.432766 -0.571665 0.697074  0.433244 0.156940 1 0 1.000000
skin_0dam
0  38.834747 -21.505596 28.092010  0.510830 -0.609082 0.606689  0.427665 0.146784 1 0 1.000000
0  37.776554 -20.335339 30.046478  0.432766 -0.571665 0.697074  0.433244 0.156940 1 0 1.000000
0  37.695999 -20.466454 29.991423  0.468174 -0.576680 0.669517  0.432528 0.156654 1 0 1.000000
skin_0dam
0  37.695999 -20.466454 29.991423  0.468174 -0.576680 0.669517  0.432528 0.156654 1 0 1.000000
0  38.741680 -21.621803 28.036955  0.521390 -0.611707 0.594951  0.427021 0.146498 1 0 1.000000
0  38.834747 -21.505596 28.092010  0.510830 -0.609082 0.606689  0.427665 0.146784 1 0 1.000000
skin_0dam
0  38.834747 -21.505596 28.092010  0.510830 -0.609082 0.606689  0.427665 0.146784 1 0 1.000000
0  38.741680 -21.621803 28.036955  0.521390 -0.611707 0.594951  0.427021 0.146498 1 0 1.000000
0  39.630024 -22.680490 26.082489  0.547684 -0.671361 0.499316  0.421943 0.136342 1 0 1.000000
skin_0dam
0  39.630024 -22.680490 26.082489  0.547684 -0.671361 0.499316  0.421943 0.136342 1 0 1.000000
0  39.699268 -22.520752 26.192602  0.503764 -0.650759 0.568098  0.422802 0.136914 1 0 1.000000
0  38.834747 -21.505596 28.092010  0.510830 -0.609082 0.606689  0.427665 0.146784 1 0 1.000000
skin_0dam
0  39.630024 -22.680490 26.082489  0.547684 -0.671361 0.499316  0.421943 0.136342 1 0 1.000000
0  39.749313 -22.580395 26.068726  0.562017 -0.669931 0.485108  0.422515 0.136270 1 0 1.000000
0  39.699268 -22.520752 26.192602  0.503764 -0.650759 0.568098  0.422802 0.136914 1 0 1.000000
skin_0dam
0  39.749313 -22.580395 26.068726  0.562017 -0.669931 0.485108  0.422515 0.136270 1 0 1.000000
0  39.630024 -22.680490 26.082489  0.547684 -0.671361 0.499316  0.421943 0.136342 1 0 1.000000
0  40.227680 -23.271616 24.334480  0.687959 -0.659538 0.302858  0.419154 0.127258 1 0 1.000000
skin_0dam
0  40.227680 -23.271616 24.334480  0.687959 -0.659538 0.302858  0.419154 0.127258 1 0 1.000000
0  40.320747 -23.155411 24.375772  0.670906 -0.657950 0.342033  0.419798 0.127473 1 0 1.000000
0  39.749313 -22.580395 26.068726  0.562017 -0.669931 0.485108  0.422515 0.136270 1 0 1.000000
skin_0dam
0  40.655647 -23.433409 22.366251  0.756208 -0.647368 0.095205  0.418510 0.117031 1 0 1.000000
0  40.320747 -23.155411 24.375772  0.670906 -0.657950 0.342033  0.419798 0.127473 1 0 1.000000
0  40.227680 -23.271616 24.334480  0.687959 -0.659538 0.302858  0.419154 0.127258 1 0 1.000000
skin_0dam
0  40.227680 -23.271616 24.334480  0.687959 -0.659538 0.302858  0.419154 0.127258 1 0 1.000000
0  40.562584 -23.549614 22.338724  0.759786 -0.646088 0.072765  0.417867 0.116888 1 0 1.000000
0  40.655647 -23.433409 22.366251  0.756208 -0.647368 0.095205  0.418510 0.117031 1 0 1.000000
skin_0dam
0  40.639023 -23.307604 20.342964  0.757286 -0.641436 -0.122791  0.419154 0.106517 1 0 1.000000
0  40.655647 -23.433409 22.366251  0.756208 -0.647368 0.095205  0.418510 0.117031 1 0 1.000000
0  40.562584 -23.549614 22.338724  0.759786 -0.646088 0.072765  0.417867 0.116888 1 0 1.000000
skin_0dam
0  40.562584 -23.549614 22.338724  0.759786 -0.646088 0.072765  0.417867 0.116888 1 0 1.000000
0  40.532249 -23.422613 20.342964  0.757081 -0.641578 -0.123310  0.418510 0.106517 1 0 1.000000
0  40.639023 -23.307604 20.342964  0.757286 -0.641436 -0.122791  0.419154 0.106517 1 0 1.000000
skin_0dam
0  40.639023 -23.307604 20.342964  0.757286 -0.641436 -0.122791  0.419154 0.106517 1 0 1.000000
0  40.532249 -23.422613 20.342964  0.757081 -0.641578 -0.123310  0.418510 0.106517 1 0 1.000000
0  40.010345 -22.755213 16.241337  0.743866 -0.639829 -0.193086  0.421729 0.085204 1 0 1.000000
skin_0dam
0  40.010345 -22.755213 16.241337  0.743866 -0.639829 -0.193086  0.421729 0.085204 1 0 1.000000
0  40.117123 -22.640207 16.227573  0.744054 -0.639821 -0.192386  0.422372 0.085132 1 0 1.000000
0  40.639023 -23.307604 20.342964  0.757286 -0.641436 -0.122791  0.419154 0.106517 1 0 1.000000
skin_0dam
0  40.117123 -22.640207 16.227573  0.744054 -0.639821 -0.192386  0.422372 0.085132 1 0 1.000000
0  40.010345 -22.755213 16.241337  0.743866 -0.639829 -0.193086  0.421729 0.085204 1 0 1.000000
0  39.555805 -22.107523 12.208531  0.665936 -0.745010 0.038583  0.424876 0.064248 1 0 1.000000
skin_0dam
0  39.555805 -22.107523 12.208531  0.665936 -0.745010 0.038583  0.424876 0.064248 1 0 1.000000
0  39.673893 -22.021137 12.401225  0.727359 -0.672206 -0.138158  0.425376 0.065250 1 0 1.000000
0  40.117123 -22.640207 16.227573  0.744054 -0.639821 -0.192386  0.422372 0.085132 1 0 1.000000
skin_0dam
0  39.555805 -22.107523 12.208531  0.665936 -0.745010 0.038583  0.424876 0.064248 1 0 1.000000
0  39.701317 -22.023537 12.043365  0.697856 -0.681873 0.219195  0.425376 0.063390 1 0 1.000000
0  39.673893 -22.021137 12.401225  0.727359 -0.672206 -0.138158  0.425376 0.065250 1 0 1.000000
skin_0dam
0  40.175735 -22.286110 10.157717  0.709416 -0.636714 0.302198  0.424232 0.053592 1 0 1.000000
0  39.701317 -22.023537 12.043365  0.697856 -0.681873 0.219195  0.425376 0.063390 1 0 1.000000
0  39.555805 -22.107523 12.208531  0.665936 -0.745010 0.038583  0.424876 0.064248 1 0 1.000000
skin_0dam
0  39.555805 -22.107523 12.208531  0.665936 -0.745010 0.038583  0.424876 0.064248 1 0 1.000000
0  40.081470 -22.416023 10.130190  0.704057 -0.639487 0.308805  0.423517 0.053449 1 0 1.000000
0  40.175735 -22.286110 10.157717  0.709416 -0.636714 0.302198  0.424232 0.053592 1 0 1.000000
skin_0dam
0  40.865261 -22.774740 7.817863  0.643272 -0.729194 0.233404  0.422015 0.041433 1 0 1.000000
0  40.175735 -22.286110 10.157717  0.709416 -0.636714 0.302198  0.424232 0.053592 1 0 1.000000
0  40.081470 -22.416023 10.130190  0.704057 -0.639487 0.308805  0.423517 0.053449 1 0 1.000000
skin_0dam
0  40.081470 -22.416023 10.130190  0.704057 -0.639487 0.308805  0.423517 0.053449 1 0 1.000000
0  40.770992 -22.904659 7.707752  0.669199 -0.742903 -0.016363  0.421300 0.040861 1 0 1.000000
0  40.865261 -22.774740 7.817863  0.643272 -0.729194 0.233404  0.422015 0.041433 1 0 1.000000
skin_0dam
0  40.770992 -22.904659 7.707752  0.669199 -0.742903 -0.016363  0.421300 0.040861 1 0 1.000000
0  40.864063 -22.788456 7.597641  0.630949 -0.739435 -0.234818  0.421943 0.040289 1 0 1.000000
0  40.865261 -22.774740 7.817863  0.643272 -0.729194 0.233404  0.422015 0.041433 1 0 1.000000
skin_0dam
0  40.864063 -22.788456 7.597641  0.630949 -0.739435 -0.234818  0.421943 0.040289 1 0 1.000000
0  40.770992 -22.904659 7.707752  0.669199 -0.742903 -0.016363  0.421300 0.040861 1 0 1.000000
0  39.534214 -22.354328 4.569595  0.637040 -0.672800 -0.376191  0.423588 0.024554 1 0 1.000000
skin_0dam
0  39.534214 -22.354328 4.569595  0.637040 -0.672800 -0.376191  0.423588 0.024554 1 0 1.000000
0  39.694637 -22.257835 4.665943  0.642830 -0.666441 -0.377658  0.424161 0.025055 1 0 1.000000
0  40.864063 -22.788456 7.597641  0.630949 -0.739435 -0.234818  0.421943 0.040289 1 0 1.000000
skin_0dam
0  42.852600 35.688042 35.992462  0.163826 -0.136055 0.977062  0.720616 0.187837 1 0 1.000000
0  42.505028 35.667179 36.047516  0.161193 -0.135767 0.977540  0.720044 0.188123 1 0 1.000000
0  41.991776 30.560928 35.428143  0.218048 -0.149419 0.964432  0.693724 0.184905 1 0 1.000000
skin_0dam
0  41.991776 30.560928 35.428143  0.218048 -0.149419 0.964432  0.693724 0.184905 1 0 1.000000
0  42.327709 30.485165 35.331795  0.219371 -0.151001 0.963886  0.693796 0.184404 1 0 1.000000
0  42.852600 35.688042 35.992462  0.163826 -0.136055 0.977062  0.720616 0.187837 1 0 1.000000
skin_0dam
0  41.096447 21.795219 34.203163  0.174059 -0.156046 0.972293  0.648523 0.178539 1 0 1.000000
0  42.327709 30.485165 35.331795  0.219371 -0.151001 0.963886  0.693796 0.184404 1 0 1.000000
0  41.991776 30.560928 35.428143  0.218048 -0.149419 0.964432  0.693724 0.184905 1 0 1.000000
skin_0dam
0  41.991776 30.560928 35.428143  0.218048 -0.149419 0.964432  0.693724 0.184905 1 0 1.000000
0  40.830551 21.866467 34.258217  0.174146 -0.155574 0.972353  0.648523 0.178825 1 0 1.000000
0  41.096447 21.795219 34.203163  0.174059 -0.156046 0.972293  0.648523 0.178539 1 0 1.000000
skin_0dam
0  39.199799 11.260155 32.826775  0.214925 -0.132590 0.967588  0.593094 0.171387 1 0 1.000000
0  41.096447 21.795219 34.203163  0.174059 -0.156046 0.972293  0.648523 0.178539 1 0 1.000000
0  40.830551 21.866467 34.258217  0.174146 -0.155574 0.972353  0.648523 0.178825 1 0 1.000000
skin_0dam
0  40.830551 21.866467 34.258217  0.174146 -0.155574 0.972353  0.648523 0.178825 1 0 1.000000
0  38.894009 11.342087 32.909359  0.213862 -0.137525 0.967135  0.593094 0.171816 1 0 1.000000
0  39.199799 11.260155 32.826775  0.214925 -0.132590 0.967588  0.593094 0.171387 1 0 1.000000
skin_0dam
0  39.199799 11.260155 32.826775  0.214925 -0.132590 0.967588  0.593094 0.171387 1 0 1.000000
0  38.894009 11.342087 32.909359  0.213862 -0.137525 0.967135  0.593094 0.171816 1 0 1.000000
0  37.605961 -0.176065 31.918362  0.206699 -0.065810 0.976189  0.537522 0.166667 1 0 1.000000
skin_0dam
0  37.605961 -0.176065 31.918362  0.206699 -0.065810 0.976189  0.537522 0.166667 1 0 1.000000
0  38.044727 -0.214453 31.822016  0.207917 -0.065643 0.975941  0.537522 0.166166 1 0 1.000000
0  39.199799 11.260155 32.826775  0.214925 -0.132590 0.967588  0.593094 0.171387 1 0 1.000000
skin_0dam
0  37.038780 -11.870404 31.725668  0.103983 -0.012009 0.994506  0.476729 0.165665 1 0 1.000000
0  38.044727 -0.214453 31.822016  0.207917 -0.065643 0.975941  0.537522 0.166166 1 0 1.000000
0  37.605961 -0.176065 31.918362  0.206699 -0.065810 0.976189  0.537522 0.166667 1 0 1.000000
skin_0dam
0  37.605961 -0.176065 31.918362  0.206699 -0.065810 0.976189  0.537522 0.166667 1 0 1.000000
0  36.369316 -11.784202 31.794489  0.104792 -0.012573 0.994415  0.476872 0.166023 1 0 1.000000
0  37.038780 -11.870404 31.725668  0.103983 -0.012009 0.994506  0.476729 0.165665 1 0 1.000000
skin_0dam
0  37.038780 -11.870404 31.725668  0.103983 -0.012009 0.994506  0.476729 0.165665 1 0 1.000000
0  36.369316 -11.784202 31.794489  0.104792 -0.012573 0.994415  0.476872 0.166023 1 0 1.000000
0  35.333652 -17.620838 31.877071  0.077078 0.004994 0.997013  0.446189 0.166452 1 0 1.000000
skin_0dam
0  35.333652 -17.620838 31.877071  0.077078 0.004994 0.997013  0.446189 0.166452 1 0 1.000000
0  36.444294 -18.823322 31.808252  0.075709 0.005416 0.997115  0.440467 0.166095 1 0 1.000000
0  37.038780 -11.870404 31.725668  0.103983 -0.012009 0.994506  0.476729 0.165665 1 0 1.000000
skin_0dam
0  49.284176 30.601856 10.763327  0.912002 -0.211030 -0.351736  0.703737 0.056739 1 0 1.000000
0  46.624249 20.143059 10.130190  0.882674 -0.213225 -0.418833  0.647664 0.053449 1 0 1.000000
0  48.014091 28.733509 8.574875  0.910598 -0.211328 -0.355178  0.692651 0.045367 1 0 1.000000
skin_0dam
0  48.014091 28.733509 8.574875  0.910598 -0.211328 -0.355178  0.692651 0.045367 1 0 1.000000
0  46.624249 20.143059 10.130190  0.882674 -0.213225 -0.418833  0.647664 0.053449 1 0 1.000000
0  47.132675 27.145767 7.322365  0.896442 -0.220073 -0.384654  0.683497 0.038858 1 0 1.000000
skin_0dam
0  46.013535 24.724010 6.427713  0.864372 -0.241215 -0.441222  0.669836 0.034209 1 0 1.000000
0  47.132675 27.145767 7.322365  0.896442 -0.220073 -0.384654  0.683497 0.038858 1 0 1.000000
0  46.624249 20.143059 10.130190  0.882674 -0.213225 -0.418833  0.647664 0.053449 1 0 1.000000
skin_0dam
0  46.013535 24.724010 6.427713  0.864372 -0.241215 -0.441222  0.669836 0.034209 1 0 1.000000
0  46.624249 20.143059 10.130190  0.882674 -0.213225 -0.418833  0.647664 0.053449 1 0 1.000000
0  45.260040 22.603256 6.111145  0.871170 -0.226682 -0.435521  0.658178 0.032564 1 0 1.000000
skin_0dam
0  46.624249 20.143059 10.130190  0.882674 -0.213225 -0.418833  0.647664 0.053449 1 0 1.000000
0  44.734467 20.535431 6.014799  0.882646 -0.202252 -0.424301  0.647092 0.032064 1 0 1.000000
0  45.260040 22.603256 6.111145  0.871170 -0.226682 -0.435521  0.658178 0.032564 1 0 1.000000
skin_0dam
0  42.197056 10.214802 5.698231  0.891791 -0.142981 -0.429261  0.591878 0.030419 1 0 1.000000
0  44.734467 20.535431 6.014799  0.882646 -0.202252 -0.424301  0.647092 0.032064 1 0 1.000000
0  46.624249 20.143059 10.130190  0.882674 -0.213225 -0.418833  0.647664 0.053449 1 0 1.000000
skin_0dam
0  46.624249 20.143059 10.130190  0.882674 -0.213225 -0.418833  0.647664 0.053449 1 0 1.000000
0  43.984035 9.864223 9.524580  0.891175 -0.144904 -0.429896  0.592522 0.050302 1 0 1.000000
0  42.197056 10.214802 5.698231  0.891791 -0.142981 -0.429261  0.591878 0.030419 1 0 1.000000
skin_0dam
0  42.197056 10.214802 5.698231  0.891791 -0.142981 -0.429261  0.591878 0.030419 1 0 1.000000
0  43.984035 9.864223 9.524580  0.891175 -0.144904 -0.429896  0.592522 0.050302 1 0 1.000000
0  42.684517 -0.717094 8.877680  0.900702 -0.067207 -0.429207  0.537021 0.046940 1 0 1.000000
skin_0dam
0  42.684517 -0.717094 8.877680  0.900702 -0.067207 -0.429207  0.537021 0.046940 1 0 1.000000
0  41.005714 -0.639303 5.354134  0.901259 -0.065251 -0.428340  0.536663 0.028631 1 0 1.000000
0  42.197056 10.214802 5.698231  0.891791 -0.142981 -0.429261  0.591878 0.030419 1 0 1.000000
skin_0dam
0  41.005714 -0.639303 5.354134  0.901259 -0.065251 -0.428340  0.536663 0.028631 1 0 1.000000
0  42.684517 -0.717094 8.877680  0.900702 -0.067207 -0.429207  0.537021 0.046940 1 0 1.000000
0  41.753807 -12.144751 8.189487  0.907377 -0.048349 -0.417528  0.477444 0.043364 1 0 1.000000
skin_0dam
0  41.753807 -12.144751 8.189487  0.907377 -0.048349 -0.417528  0.477444 0.043364 1 0 1.000000
0  40.283081 -12.057529 4.968746  0.909794 -0.047213 -0.412366  0.477229 0.026628 1 0 1.000000
0  41.005714 -0.639303 5.354134  0.901259 -0.065251 -0.428340  0.536663 0.028631 1 0 1.000000
skin_0dam
0  40.283081 -12.057529 4.968746  0.909794 -0.047213 -0.412366  0.477229 0.026628 1 0 1.000000
0  41.753807 -12.144751 8.189487  0.907377 -0.048349 -0.417528  0.477444 0.043364 1 0 1.000000
0  40.864063 -22.788456 7.597641  0.920697 -0.044523 -0.387730  0.421943 0.040289 1 0 1.000000
skin_0dam
0  40.864063 -22.788456 7.597641  0.920697 -0.044523 -0.387730  0.421943 0.040289 1 0 1.000000
0  39.694637 -22.257835 4.665943  0.924058 -0.042433 -0.379891  0.424161 0.025055 1 0 1.000000
0  40.283081 -12.057529 4.968746  0.909794 -0.047213 -0.412366  0.477229 0.026628 1 0 1.000000
skin_0dam
0  39.699268 -22.520752 26.192602  0.903834 -0.122725 0.409907  0.422802 0.136914 1 0 1.000000
0  39.749313 -22.580395 26.068726  0.904153 -0.122751 0.409194  0.422515 0.136270 1 0 1.000000
0  40.473850 -12.088036 27.624041  0.843044 -0.132366 0.521302  0.477158 0.144352 1 0 1.000000
skin_0dam
0  40.473850 -12.088036 27.624041  0.843044 -0.132366 0.521302  0.477158 0.144352 1 0 1.000000
0  40.405289 -12.082038 27.720388  0.843078 -0.132071 0.521322  0.477158 0.144853 1 0 1.000000
0  39.699268 -22.520752 26.192602  0.903834 -0.122725 0.409907  0.422802 0.136914 1 0 1.000000
skin_0dam
0  41.136322 -0.567829 29.427105  0.741894 -0.160255 0.651084  0.537093 0.153721 1 0 1.000000
0  40.405289 -12.082038 27.720388  0.843078 -0.132071 0.521322  0.477158 0.144853 1 0 1.000000
0  40.473850 -12.088036 27.624041  0.843044 -0.132366 0.521302  0.477158 0.144352 1 0 1.000000
skin_0dam
0  40.473850 -12.088036 27.624041  0.843044 -0.132366 0.521302  0.477158 0.144352 1 0 1.000000
0  41.218590 -0.575027 29.344524  0.741515 -0.158616 0.651918  0.537093 0.153292 1 0 1.000000
0  41.136322 -0.567829 29.427105  0.741894 -0.160255 0.651084  0.537093 0.153721 1 0 1.000000
skin_0dam
0  42.330254 10.392853 30.996183  0.631214 -0.221071 0.743436  0.592951 0.161875 1 0 1.000000
0  41.136322 -0.567829 29.427105  0.741894 -0.160255 0.651084  0.537093 0.153721 1 0 1.000000
0  41.218590 -0.575027 29.344524  0.741515 -0.158616 0.651918  0.537093 0.153292 1 0 1.000000
skin_0dam
0  41.218590 -0.575027 29.344524  0.741515 -0.158616 0.651918  0.537093 0.153292 1 0 1.000000
0  42.410027 10.371475 30.927364  0.633367 -0.213266 0.743884  0.592951 0.161517 1 0 1.000000
0  42.330254 10.392853 30.996183  0.631214 -0.221071 0.743436  0.592951 0.161875 1 0 1.000000
skin_0dam
0  42.330254 10.392853 30.996183  0.631214 -0.221071 0.743436  0.592951 0.161875 1 0 1.000000
0  42.410027 10.371475 30.927364  0.633367 -0.213266 0.743884  0.592951 0.161517 1 0 1.000000
0  44.873146 20.840256 32.468914  0.578159 -0.246919 0.777665  0.648809 0.169528 1 0 1.000000
skin_0dam
0  44.873146 20.840256 32.468914  0.578159 -0.246919 0.777665  0.648809 0.169528 1 0 1.000000
0  44.793373 20.861629 32.537735  0.578013 -0.246057 0.778047  0.648809 0.169885 1 0 1.000000
0  42.330254 10.392853 30.996183  0.631214 -0.221071 0.743436  0.592951 0.161875 1 0 1.000000
skin_0dam
0  44.793373 20.861629 32.537735  0.578013 -0.246057 0.778047  0.648809 0.169885 1 0 1.000000
0  44.873146 20.840256 32.468914  0.578159 -0.246919 0.777665  0.648809 0.169528 1 0 1.000000
0  47.345291 31.449112 33.941647  0.547536 -0.232624 0.803797  0.705382 0.177180 1 0 1.000000
skin_0dam
0  47.345291 31.449112 33.941647  0.547536 -0.232624 0.803797  0.705382 0.177180 1 0 1.000000
0  47.244148 31.390713 33.996700  0.547739 -0.235492 0.802823  0.704953 0.177466 1 0 1.000000
0  44.793373 20.861629 32.537735  0.578013 -0.246057 0.778047  0.648809 0.169885 1 0 1.000000
skin_0dam
0  47.244148 31.390713 33.996700  0.547739 -0.235492 0.802823  0.704953 0.177466 1 0 1.000000
0  47.345291 31.449112 33.941647  0.547536 -0.232624 0.803797  0.705382 0.177180 1 0 1.000000
0  48.434483 36.258541 34.574783  0.526186 -0.226702 0.819594  0.730987 0.180470 1 0 1.000000
skin_0dam
0  48.434483 36.258541 34.574783  0.526186 -0.226702 0.819594  0.730987 0.180470 1 0 1.000000
0  48.340462 36.226734 34.629841  0.525736 -0.226581 0.819916  0.730701 0.180756 1 0 1.000000
0  47.244148 31.390713 33.996700  0.547739 -0.235492 0.802823  0.704953 0.177466 1 0 1.000000
interior
0  31.856565 -14.567165 17.590197  -0.956903 0.117144 0.265733  0.413587 0.142582 1 0 1.000000
0  35.219162 -17.666088 31.065002  -0.956903 0.117144 0.265733  0.434095 0.247993 1 0 1.000000
0  36.004593 -11.531228 31.188879  -0.956903 0.117144 0.265733  0.415509 0.276406 1 0 1.000000
interior
0  41.747086 34.274338 36.006226  0.362295 -0.147384 0.920337  0.035188 0.292489 1 0 1.000000
0  40.703777 32.986458 36.198917  0.348473 -0.151083 0.925062  0.048799 0.285592 1 0 1.000000
0  41.406799 30.717674 35.565781  0.317577 -0.164687 0.933822  0.060488 0.293496 1 0 1.000000
interior
0  40.703777 32.986458 36.198917  0.348473 -0.151083 0.925062  0.048799 0.285592 1 0 1.000000
0  40.202129 22.020599 34.409618  0.225756 -0.167183 0.959731  0.119083 0.290506 1 0 1.000000
0  41.406799 30.717674 35.565781  0.317577 -0.164687 0.933822  0.060488 0.293496 1 0 1.000000
interior
0  40.202129 22.020599 34.409618  0.225756 -0.167183 0.959731  0.119083 0.290506 1 0 1.000000
0  40.703777 32.986458 36.198917  0.348473 -0.151083 0.925062  0.048799 0.285592 1 0 1.000000
0  35.069157 0.833412 31.918362  -0.063887 -0.041209 0.997106  0.281289 0.260292 1 0 1.000000
interior
0  35.069157 0.833412 31.918362  -0.063887 -0.041209 0.997106  0.281289 0.260292 1 0 1.000000
0  38.292183 11.489098 33.046997  0.166607 -0.153906 0.973938  0.206488 0.286080 1 0 1.000000
0  40.202129 22.020599 34.409618  0.225756 -0.167183 0.959731  0.119083 0.290506 1 0 1.000000
interior
0  38.292183 11.489098 33.046997  0.166607 -0.153906 0.973938  0.206488 0.286080 1 0 1.000000
0  35.069157 0.833412 31.918362  -0.063887 -0.041209 0.997106  0.281289 0.260292 1 0 1.000000
0  36.960320 -0.133394 32.069763  -0.095979 -0.029913 0.994934  0.295907 0.281686 1 0 1.000000
interior
0  35.843987 -10.840173 31.932125  0.040790 0.003582 0.999161  0.405805 0.280801 1 0 1.000000
0  36.960320 -0.133394 32.069763  -0.095979 -0.029913 0.994934  0.295907 0.281686 1 0 1.000000
0  35.069157 0.833412 31.918362  -0.063887 -0.041209 0.997106  0.281289 0.260292 1 0 1.000000
interior
0  35.069157 0.833412 31.918362  -0.063887 -0.041209 0.997106  0.281289 0.260292 1 0 1.000000
0  29.653740 -7.687292 32.289982  0.061466 0.004944 0.998097  0.368694 0.260689 1 0 1.000000
0  35.843987 -10.840173 31.932125  0.040790 0.003582 0.999161  0.405805 0.280801 1 0 1.000000
interior
0  31.856565 -14.567165 17.590197  -0.914076 0.297106 -0.276031  0.413587 0.142582 1 0 1.000000
0  29.653740 -7.687292 32.289982  -0.914076 0.297106 -0.276031  0.368694 0.260689 1 0 1.000000
0  34.170044 -0.441935 25.132788  -0.914076 0.297106 -0.276031  0.287088 0.205603 1 0 1.000000
interior
0  36.515476 18.206394 9.070374  -0.964593 0.186003 0.186986  0.143590 0.085879 1 0 1.000000
0  32.575016 -12.198330 9.565872  -0.990520 0.127663 -0.050722  0.384808 0.085391 1 0 1.000000
0  31.856565 -14.567165 17.590197  -0.988874 0.147775 -0.017078  0.413587 0.142582 1 0 1.000000
interior
0  31.856565 -14.567165 17.590197  -0.988874 0.147775 -0.017078  0.413587 0.142582 1 0 1.000000
0  39.008797 26.501171 12.896725  -0.979491 0.193483 0.056233  0.099582 0.111789 1 0 1.000000
0  36.515476 18.206394 9.070374  -0.964593 0.186003 0.186986  0.143590 0.085879 1 0 1.000000
interior
0  39.008797 26.501171 12.896725  -0.979491 0.193483 0.056233  0.099582 0.111789 1 0 1.000000
0  31.856565 -14.567165 17.590197  -0.988874 0.147775 -0.017078  0.413587 0.142582 1 0 1.000000
0  34.170044 -0.441935 25.132788  -0.967504 0.252151 0.018876  0.287088 0.205603 1 0 1.000000
interior
0  39.008797 26.501171 12.896725  -0.979491 0.193483 0.056233  0.099582 0.111789 1 0 1.000000
0  34.170044 -0.441935 25.132788  -0.967504 0.252151 0.018876  0.287088 0.205603 1 0 1.000000
0  40.703777 32.986458 36.198917  -0.958717 0.284324 -0.004568  0.048799 0.285592 1 0 1.000000
interior
0  34.170044 -0.441935 25.132788  -0.967504 0.252151 0.018876  0.287088 0.205603 1 0 1.000000
0  35.069157 0.833412 31.918362  -0.943954 0.323989 0.063103  0.281289 0.260292 1 0 1.000000
0  40.703777 32.986458 36.198917  -0.958717 0.284324 -0.004568  0.048799 0.285592 1 0 1.000000
interior
0  34.170044 -0.441935 25.132788  -0.967504 0.252151 0.018876  0.287088 0.205603 1 0 1.000000
0  29.653740 -7.687292 32.289982  -0.844255 0.535867 0.008955  0.368694 0.260689 1 0 1.000000
0  35.069157 0.833412 31.918362  -0.943954 0.323989 0.063103  0.281289 0.260292 1 0 1.000000
interior
0  39.008797 26.501171 12.896725  -0.979491 0.193483 0.056233  0.099582 0.111789 1 0 1.000000
0  40.703777 32.986458 36.198917  -0.958717 0.284324 -0.004568  0.048799 0.285592 1 0 1.000000
0  41.734623 35.716862 35.978699  -0.924099 0.213158 0.317181  0.025391 0.286599 1 0 1.000000
interior
0  41.747086 34.274338 36.006226  -0.734215 0.007207 0.678879  0.035188 0.292489 1 0 1.000000
0  41.895817 35.573925 36.157623  -0.734215 0.007207 0.678879  0.025880 0.291482 1 0 1.000000
0  41.734623 35.716862 35.978699  -0.924065 0.213112 0.317312  0.025391 0.286599 1 0 1.000000
interior
0  40.703777 32.986458 36.198917  0.171732 0.014648 0.985035  0.048799 0.285592 1 0 1.000000
0  41.747086 34.274338 36.006226  0.171731 0.014645 0.985035  0.035188 0.292489 1 0 1.000000
0  41.734623 35.716862 35.978699  0.171731 0.014645 0.985035  0.025391 0.286599 1 0 1.000000
interior
0  35.843987 -10.840173 31.932125  -0.332540 -0.722593 0.606033  0.405805 0.280801 1 0 1.000000
0  29.653740 -7.687292 32.289982  -0.439131 -0.826137 0.353073  0.368694 0.260689 1 0 1.000000
0  36.004593 -11.531228 31.188879  -0.410358 -0.802094 0.433880  0.415509 0.276406 1 0 1.000000
interior
0  29.653740 -7.687292 32.289982  -0.439131 -0.826137 0.353073  0.368694 0.260689 1 0 1.000000
0  31.856565 -14.567165 17.590197  -0.448474 -0.833443 0.322867  0.413587 0.142582 1 0 1.000000
0  36.004593 -11.531228 31.188879  -0.410358 -0.802094 0.433880  0.415509 0.276406 1 0 1.000000
end
