version 1
nodes
0 "root" -1
1 "steering_wheel" 0
end
skeleton
time 0
0  0.000000 0.000000 0.000000  0.000000 -0.000000 -0.000000
1  19.916300 17.934299 33.308498  0.000000 -0.000000 0.000000
end
triangles
misc
0  -28.284710 53.715931 39.508755  0.793035 0.139887 -0.592898  0.468215 0.551286 1 0 1.000000
0  -28.339764 53.658173 39.379353  0.862580 0.211290 -0.459688  0.468215 0.551286 1 0 1.000000
0  -28.766443 54.535355 38.986336  0.895018 0.392889 -0.211143  0.468215 0.551286 1 0 1.000000
misc
0  -28.766443 54.535355 38.986336  0.895018 0.392889 -0.211143  0.468215 0.551286 1 0 1.000000
0  -29.248180 55.456596 38.721523  0.698224 0.221602 -0.680717  0.468215 0.551286 1 0 1.000000
0  -28.284710 53.715931 39.508755  0.793035 0.139887 -0.592898  0.468215 0.551286 1 0 1.000000
misc
0  -27.362534 55.165928 40.464596  0.655989 0.163227 -0.736909  0.468215 0.551286 1 0 1.000000
0  -28.284710 53.715931 39.508755  0.793035 0.139887 -0.592898  0.468215 0.551286 1 0 1.000000
0  -29.248180 55.456596 38.721523  0.698224 0.221602 -0.680717  0.468215 0.551286 1 0 1.000000
misc
0  -29.248180 55.456596 38.721523  0.698224 0.221602 -0.680717  0.468215 0.551286 1 0 1.000000
0  -30.459398 58.160320 38.612659  0.461381 -0.018722 -0.887004  0.467971 0.551286 1 0 1.000000
0  -27.362534 55.165928 40.464596  0.655989 0.163227 -0.736909  0.468215 0.551286 1 0 1.000000
misc
0  -30.459398 58.160320 38.612659  0.461381 -0.018722 -0.887004  0.467971 0.551286 1 0 1.000000
0  -26.399065 56.354721 41.563385  0.630350 0.185656 -0.753784  0.468459 0.551286 1 0 1.000000
0  -27.362534 55.165928 40.464596  0.655989 0.163227 -0.736909  0.468215 0.551286 1 0 1.000000
misc
0  -30.459398 58.160320 38.612659  0.461381 -0.018722 -0.887004  0.467971 0.551286 1 0 1.000000
0  -25.559467 57.241348 42.483757  0.629802 0.168968 -0.758156  0.468459 0.551286 1 0 1.000000
0  -26.399065 56.354721 41.563385  0.630350 0.185656 -0.753784  0.468459 0.551286 1 0 1.000000
misc
0  -30.459398 58.160320 38.612659  0.461381 -0.018722 -0.887004  0.467971 0.551286 1 0 1.000000
0  -24.816221 57.866947 43.229305  0.610059 -0.361840 -0.704911  0.468459 0.551286 1 0 1.000000
0  -25.559467 57.241348 42.483757  0.629802 0.168968 -0.758156  0.468459 0.551286 1 0 1.000000
misc
0  -30.459398 58.160320 38.612659  0.461381 -0.018722 -0.887004  0.467971 0.551286 1 0 1.000000
0  -32.097298 61.647148 39.028248  -0.114244 0.060040 -0.991637  0.467971 0.551561 1 0 1.000000
0  -26.701868 65.399117 38.624237  0.218319 -0.089025 -0.971808  0.468459 0.551561 1 0 1.000000
misc
0  -30.459398 58.160320 38.612659  0.461381 -0.018722 -0.887004  0.467971 0.551286 1 0 1.000000
0  -26.701868 65.399117 38.624237  0.218319 -0.089025 -0.971808  0.468459 0.551561 1 0 1.000000
0  -24.816221 57.866947 43.229305  0.610059 -0.361840 -0.704911  0.468459 0.551286 1 0 1.000000
misc
0  -21.141273 63.047646 42.287102  0.448379 -0.215296 -0.867528  0.468703 0.551561 1 0 1.000000
0  -24.816221 57.866947 43.229305  0.610059 -0.361840 -0.704911  0.468459 0.551286 1 0 1.000000
0  -26.701868 65.399117 38.624237  0.218319 -0.089025 -0.971808  0.468459 0.551561 1 0 1.000000
misc
0  -24.623526 57.916313 43.454689  0.646272 -0.558390 -0.520127  0.468459 0.551286 1 0 1.000000
0  -24.816221 57.866947 43.229305  0.610059 -0.361840 -0.704911  0.468459 0.551286 1 0 1.000000
0  -21.141273 63.047646 42.287102  0.448379 -0.215296 -0.867528  0.468703 0.551561 1 0 1.000000
misc
0  -21.141273 63.047646 42.287102  0.448379 -0.215296 -0.867528  0.468703 0.551561 1 0 1.000000
0  -24.403305 57.805252 43.776566  0.367440 -0.458073 -0.809418  0.468459 0.551286 1 0 1.000000
0  -24.623526 57.916313 43.454689  0.646272 -0.558390 -0.520127  0.468459 0.551286 1 0 1.000000
misc
0  -24.403305 57.805252 43.776566  0.367440 -0.458073 -0.809418  0.468459 0.551286 1 0 1.000000
0  -21.141273 63.047646 42.287102  0.448379 -0.215296 -0.867528  0.468703 0.551561 1 0 1.000000
0  -24.334486 57.617413 43.870663  -0.241024 -0.138986 -0.960516  0.468459 0.551286 1 0 1.000000
misc
0  -24.334486 57.617413 43.870663  -0.241024 -0.138986 -0.960516  0.468459 0.551286 1 0 1.000000
0  -21.141273 63.047646 42.287102  0.448379 -0.215296 -0.867528  0.468703 0.551561 1 0 1.000000
0  -24.981386 49.426708 44.632431  0.019686 -0.142827 -0.989552  0.468459 0.551042 1 0 1.000000
misc
0  -21.912048 45.493927 45.366035  0.203951 -0.165906 -0.964821  0.468703 0.551042 1 0 1.000000
0  -24.981386 49.426708 44.632431  0.019686 -0.142827 -0.989552  0.468459 0.551042 1 0 1.000000
0  -21.141273 63.047646 42.287102  0.448379 -0.215296 -0.867528  0.468703 0.551561 1 0 1.000000
misc
0  -24.981386 49.426708 44.632431  0.019686 -0.142827 -0.989552  0.468459 0.551042 1 0 1.000000
0  -21.912048 45.493927 45.366035  0.203951 -0.165906 -0.964821  0.468703 0.551042 1 0 1.000000
0  -25.559465 40.926113 45.146023  0.399169 -0.277373 -0.873915  0.468459 0.550798 1 0 1.000000
misc
0  -22.765408 41.131985 47.056881  0.286801 -0.394872 -0.872824  0.468703 0.550798 1 0 1.000000
0  -25.559465 40.926113 45.146023  0.399169 -0.277373 -0.873915  0.468459 0.550798 1 0 1.000000
0  -21.912048 45.493927 45.366035  0.203951 -0.165906 -0.964821  0.468703 0.551042 1 0 1.000000
misc
0  -22.765408 41.131985 47.056881  0.286801 -0.394872 -0.872824  0.468703 0.550798 1 0 1.000000
0  -21.912048 45.493927 45.366035  0.203951 -0.165906 -0.964821  0.468703 0.551042 1 0 1.000000
0  -21.581715 41.340740 46.881710  0.042767 -0.339407 -0.939667  0.468703 0.550798 1 0 1.000000
misc
0  -21.912048 45.493927 45.366035  0.203951 -0.165906 -0.964821  0.468703 0.551042 1 0 1.000000
0  -15.814662 41.702732 47.797634  0.096747 -0.422318 -0.901270  0.469161 0.550798 1 0 1.000000
0  -21.581715 41.340740 46.881710  0.042767 -0.339407 -0.939667  0.468703 0.550798 1 0 1.000000
misc
0  -21.912048 45.493927 45.366035  0.203951 -0.165906 -0.964821  0.468703 0.551042 1 0 1.000000
0  0.000000 46.414833 46.842064  -0.000000 -0.038216 -0.999269  0.470168 0.551042 1 0 1.000000
0  -15.814662 41.702732 47.797634  0.096747 -0.422318 -0.901270  0.469161 0.550798 1 0 1.000000
misc
0  -8.740044 41.963600 48.290215  0.068424 -0.427605 -0.901372  0.469680 0.550798 1 0 1.000000
0  -15.814662 41.702732 47.797634  0.096747 -0.422318 -0.901270  0.469161 0.550798 1 0 1.000000
0  0.000000 46.414833 46.842064  -0.000000 -0.038216 -0.999269  0.470168 0.551042 1 0 1.000000
misc
0  0.000000 46.414833 46.842064  -0.000000 -0.038216 -0.999269  0.470168 0.551042 1 0 1.000000
0  0.000000 42.021362 48.419617  -0.000000 -0.338794 -0.940861  0.470168 0.550798 1 0 1.000000
0  -8.740044 41.963600 48.290215  0.068424 -0.427605 -0.901372  0.469680 0.550798 1 0 1.000000
misc
0  0.000000 42.021362 48.419617  -0.000000 -0.338794 -0.940861  0.470168 0.550798 1 0 1.000000
0  0.000000 46.414833 46.842064  -0.000000 -0.038216 -0.999269  0.470168 0.551042 1 0 1.000000
0  8.740046 41.963600 48.290215  -0.068536 -0.427790 -0.901276  0.470931 0.550798 1 0 1.000000
misc
0  8.740046 41.963600 48.290215  -0.068536 -0.427790 -0.901276  0.470931 0.550798 1 0 1.000000
0  0.000000 46.414833 46.842064  -0.000000 -0.038216 -0.999269  0.470168 0.551042 1 0 1.000000
0  15.814662 41.702732 47.797634  -0.096747 -0.422318 -0.901270  0.471389 0.550798 1 0 1.000000
misc
0  21.912048 45.493927 45.366035  -0.203952 -0.165906 -0.964821  0.471877 0.551042 1 0 1.000000
0  15.814662 41.702732 47.797634  -0.096747 -0.422318 -0.901270  0.471389 0.550798 1 0 1.000000
0  0.000000 46.414833 46.842064  -0.000000 -0.038216 -0.999269  0.470168 0.551042 1 0 1.000000
misc
0  -26.701868 65.399117 38.624237  0.218319 -0.089025 -0.971808  0.468459 0.551561 1 0 1.000000
0  -19.833710 85.322739 39.883743  0.085160 0.015930 -0.996240  0.468978 0.552293 1 0 1.000000
0  -21.141273 63.047646 42.287102  0.448379 -0.215296 -0.867528  0.468703 0.551561 1 0 1.000000
misc
0  -21.141273 63.047646 42.287102  0.448379 -0.215296 -0.867528  0.468703 0.551561 1 0 1.000000
0  -19.833710 85.322739 39.883743  0.085160 0.015930 -0.996240  0.468978 0.552293 1 0 1.000000
0  -15.938539 63.583115 45.484093  0.502736 -0.153495 -0.850703  0.469161 0.551561 1 0 1.000000
misc
0  -15.938539 63.583115 45.484093  0.502736 -0.153495 -0.850703  0.469161 0.551561 1 0 1.000000
0  -17.961823 50.145042 47.002617  0.452483 -0.073506 -0.888739  0.468978 0.551042 1 0 1.000000
0  -21.141273 63.047646 42.287102  0.448379 -0.215296 -0.867528  0.468703 0.551561 1 0 1.000000
misc
0  -21.912048 45.493927 45.366035  0.203951 -0.165906 -0.964821  0.468703 0.551042 1 0 1.000000
0  -21.141273 63.047646 42.287102  0.448379 -0.215296 -0.867528  0.468703 0.551561 1 0 1.000000
0  -17.961823 50.145042 47.002617  0.452483 -0.073506 -0.888739  0.468978 0.551042 1 0 1.000000
misc
0  -17.961823 50.145042 47.002617  0.452483 -0.073506 -0.888739  0.468978 0.551042 1 0 1.000000
0  -17.686544 49.863613 47.060890  0.150023 0.231207 -0.961268  0.468978 0.551042 1 0 1.000000
0  -21.912048 45.493927 45.366035  0.203951 -0.165906 -0.964821  0.468703 0.551042 1 0 1.000000
misc
0  -21.912048 45.493927 45.366035  0.203951 -0.165906 -0.964821  0.468703 0.551042 1 0 1.000000
0  -17.686544 49.863613 47.060890  0.150023 0.231207 -0.961268  0.468978 0.551042 1 0 1.000000
0  0.000000 46.414833 46.842064  -0.000000 -0.038216 -0.999269  0.470168 0.551042 1 0 1.000000
misc
0  -9.414473 50.113686 47.676880  0.052679 0.344256 -0.937397  0.469680 0.551042 1 0 1.000000
0  0.000000 46.414833 46.842064  -0.000000 -0.038216 -0.999269  0.470168 0.551042 1 0 1.000000
0  -17.686544 49.863613 47.060890  0.150023 0.231207 -0.961268  0.468978 0.551042 1 0 1.000000
misc
0  -9.414473 50.113686 47.676880  0.052679 0.344256 -0.937397  0.469680 0.551042 1 0 1.000000
0  0.000000 50.246517 47.895744  0.000001 0.264461 -0.964396  0.470168 0.551042 1 0 1.000000
0  0.000000 46.414833 46.842064  -0.000000 -0.038216 -0.999269  0.470168 0.551042 1 0 1.000000
misc
0  0.000000 50.246517 47.895744  0.000001 0.264461 -0.964396  0.470168 0.551042 1 0 1.000000
0  9.414473 50.113686 47.676880  -0.052679 0.344256 -0.937397  0.470931 0.551042 1 0 1.000000
0  0.000000 46.414833 46.842064  -0.000000 -0.038216 -0.999269  0.470168 0.551042 1 0 1.000000
misc
0  9.414473 50.113686 47.676880  -0.052679 0.344256 -0.937397  0.470931 0.551042 1 0 1.000000
0  17.686544 49.863613 47.060890  -0.150021 0.231205 -0.961269  0.471633 0.551042 1 0 1.000000
0  0.000000 46.414833 46.842064  -0.000000 -0.038216 -0.999269  0.470168 0.551042 1 0 1.000000
misc
0  21.912048 45.493927 45.366035  -0.203952 -0.165906 -0.964821  0.471877 0.551042 1 0 1.000000
0  0.000000 46.414833 46.842064  -0.000000 -0.038216 -0.999269  0.470168 0.551042 1 0 1.000000
0  17.686544 49.863613 47.060890  -0.150021 0.231205 -0.961269  0.471633 0.551042 1 0 1.000000
misc
0  17.686544 49.863613 47.060890  -0.150021 0.231205 -0.961269  0.471633 0.551042 1 0 1.000000
0  17.961823 50.145042 47.002617  -0.452702 -0.073753 -0.888606  0.471633 0.551042 1 0 1.000000
0  21.912048 45.493927 45.366035  -0.203952 -0.165906 -0.964821  0.471877 0.551042 1 0 1.000000
misc
0  21.912048 45.493927 45.366035  -0.203952 -0.165906 -0.964821  0.471877 0.551042 1 0 1.000000
0  17.961823 50.145042 47.002617  -0.452702 -0.073753 -0.888606  0.471633 0.551042 1 0 1.000000
0  21.141270 63.047646 42.287102  -0.506876 -0.180211 -0.842971  0.471877 0.551561 1 0 1.000000
misc
0  15.938535 63.583115 45.484093  -0.502086 -0.153671 -0.851055  0.471389 0.551561 1 0 1.000000
0  21.141270 63.047646 42.287102  -0.506876 -0.180211 -0.842971  0.471877 0.551561 1 0 1.000000
0  17.961823 50.145042 47.002617  -0.452702 -0.073753 -0.888606  0.471633 0.551042 1 0 1.000000
misc
0  15.814662 41.702732 47.797634  -0.096747 -0.422318 -0.901270  0.471389 0.550798 1 0 1.000000
0  21.912048 45.493927 45.366035  -0.203952 -0.165906 -0.964821  0.471877 0.551042 1 0 1.000000
0  21.581715 41.340740 46.881710  -0.042016 -0.339341 -0.939725  0.471877 0.550798 1 0 1.000000
misc
0  21.912048 45.493927 45.366035  -0.203952 -0.165906 -0.964821  0.471877 0.551042 1 0 1.000000
0  22.765408 41.131985 47.056881  -0.286917 -0.394393 -0.873002  0.471877 0.550798 1 0 1.000000
0  21.581715 41.340740 46.881710  -0.042016 -0.339341 -0.939725  0.471877 0.550798 1 0 1.000000
misc
0  25.559465 40.926121 45.146015  -0.398795 -0.277369 -0.874088  0.472121 0.550798 1 0 1.000000
0  22.765408 41.131985 47.056881  -0.286917 -0.394393 -0.873002  0.471877 0.550798 1 0 1.000000
0  21.912048 45.493927 45.366035  -0.203952 -0.165906 -0.964821  0.471877 0.551042 1 0 1.000000
misc
0  21.912048 45.493927 45.366035  -0.203952 -0.165906 -0.964821  0.471877 0.551042 1 0 1.000000
0  24.981386 49.426708 44.632431  -0.019687 -0.142826 -0.989552  0.472121 0.551042 1 0 1.000000
0  25.559465 40.926121 45.146015  -0.398795 -0.277369 -0.874088  0.472121 0.550798 1 0 1.000000
misc
0  21.912048 45.493927 45.366035  -0.203952 -0.165906 -0.964821  0.471877 0.551042 1 0 1.000000
0  21.141270 63.047646 42.287102  -0.506876 -0.180211 -0.842971  0.471877 0.551561 1 0 1.000000
0  24.981386 49.426708 44.632431  -0.019687 -0.142826 -0.989552  0.472121 0.551042 1 0 1.000000
misc
0  24.334482 57.617413 43.870663  0.241065 -0.138977 -0.960507  0.471877 0.551286 1 0 1.000000
0  24.981386 49.426708 44.632431  -0.019687 -0.142826 -0.989552  0.472121 0.551042 1 0 1.000000
0  21.141270 63.047646 42.287102  -0.506876 -0.180211 -0.842971  0.471877 0.551561 1 0 1.000000
misc
0  21.141270 63.047646 42.287102  -0.506876 -0.180211 -0.842971  0.471877 0.551561 1 0 1.000000
0  24.403301 57.805252 43.776566  -0.367341 -0.458038 -0.809482  0.471877 0.551286 1 0 1.000000
0  24.334482 57.617413 43.870663  0.241065 -0.138977 -0.960507  0.471877 0.551286 1 0 1.000000
misc
0  24.403301 57.805252 43.776566  -0.367341 -0.458038 -0.809482  0.471877 0.551286 1 0 1.000000
0  21.141270 63.047646 42.287102  -0.506876 -0.180211 -0.842971  0.471877 0.551561 1 0 1.000000
0  24.623522 57.916313 43.454689  -0.646280 -0.558387 -0.520121  0.472121 0.551286 1 0 1.000000
misc
0  24.816217 57.866947 43.229305  -0.743105 -0.585504 -0.324006  0.472121 0.551286 1 0 1.000000
0  24.623522 57.916313 43.454689  -0.646280 -0.558387 -0.520121  0.472121 0.551286 1 0 1.000000
0  21.141270 63.047646 42.287102  -0.506876 -0.180211 -0.842971  0.471877 0.551561 1 0 1.000000
misc
0  24.816217 57.866947 43.229305  -0.743105 -0.585504 -0.324006  0.472121 0.551286 1 0 1.000000
0  21.141270 63.047646 42.287102  -0.506876 -0.180211 -0.842971  0.471877 0.551561 1 0 1.000000
0  25.559464 57.241356 42.483749  -0.781703 -0.600383 -0.168762  0.472121 0.551286 1 0 1.000000
misc
0  25.559464 57.241356 42.483749  -0.781703 -0.600383 -0.168762  0.472121 0.551286 1 0 1.000000
0  21.141270 63.047646 42.287102  -0.506876 -0.180211 -0.842971  0.471877 0.551561 1 0 1.000000
0  26.399061 56.354733 41.563377  -0.787890 -0.614376 -0.042086  0.472121 0.551286 1 0 1.000000
misc
0  26.399061 56.354733 41.563377  -0.787890 -0.614376 -0.042086  0.472121 0.551286 1 0 1.000000
0  21.141270 63.047646 42.287102  -0.506876 -0.180211 -0.842971  0.471877 0.551561 1 0 1.000000
0  27.362530 55.165936 40.464588  -0.737934 -0.634952 0.228669  0.472396 0.551286 1 0 1.000000
misc
0  21.141270 63.047646 42.287102  -0.506876 -0.180211 -0.842971  0.471877 0.551561 1 0 1.000000
0  28.284706 53.715939 39.508747  -0.787423 -0.069935 -0.612434  0.472396 0.551286 1 0 1.000000
0  27.362530 55.165936 40.464588  -0.737934 -0.634952 0.228669  0.472396 0.551286 1 0 1.000000
misc
0  28.766439 54.535362 38.986332  -0.529484 -0.110681 -0.841069  0.472396 0.551286 1 0 1.000000
0  28.284706 53.715939 39.508747  -0.787423 -0.069935 -0.612434  0.472396 0.551286 1 0 1.000000
0  21.141270 63.047646 42.287102  -0.506876 -0.180211 -0.842971  0.471877 0.551561 1 0 1.000000
misc
0  28.339760 53.658180 39.379345  -0.862566 0.211316 -0.459702  0.472396 0.551286 1 0 1.000000
0  28.284706 53.715939 39.508747  -0.787423 -0.069935 -0.612434  0.472396 0.551286 1 0 1.000000
0  28.766439 54.535362 38.986332  -0.529484 -0.110681 -0.841069  0.472396 0.551286 1 0 1.000000
misc
0  29.248177 55.456604 38.721519  -0.366411 -0.054234 -0.928871  0.472396 0.551286 1 0 1.000000
0  28.766439 54.535362 38.986332  -0.529484 -0.110681 -0.841069  0.472396 0.551286 1 0 1.000000
0  21.141270 63.047646 42.287102  -0.506876 -0.180211 -0.842971  0.471877 0.551561 1 0 1.000000
misc
0  21.141270 63.047646 42.287102  -0.506876 -0.180211 -0.842971  0.471877 0.551561 1 0 1.000000
0  26.701864 65.399117 38.624229  -0.201477 -0.020973 -0.979269  0.472121 0.551561 1 0 1.000000
0  29.248177 55.456604 38.721519  -0.366411 -0.054234 -0.928871  0.472396 0.551286 1 0 1.000000
misc
0  19.833702 85.322739 39.883743  -0.085499 0.017083 -0.996192  0.471633 0.552293 1 0 1.000000
0  26.701864 65.399117 38.624229  -0.201477 -0.020973 -0.979269  0.472121 0.551561 1 0 1.000000
0  21.141270 63.047646 42.287102  -0.506876 -0.180211 -0.842971  0.471877 0.551561 1 0 1.000000
misc
0  21.141270 63.047646 42.287102  -0.506876 -0.180211 -0.842971  0.471877 0.551561 1 0 1.000000
0  15.938535 63.583115 45.484093  -0.502086 -0.153671 -0.851055  0.471389 0.551561 1 0 1.000000
0  19.833702 85.322739 39.883743  -0.085499 0.017083 -0.996192  0.471633 0.552293 1 0 1.000000
misc
0  13.777610 75.822456 43.612000  -0.266253 -0.200288 -0.942865  0.471175 0.552049 1 0 1.000000
0  19.833702 85.322739 39.883743  -0.085499 0.017083 -0.996192  0.471633 0.552293 1 0 1.000000
0  15.938535 63.583115 45.484093  -0.502086 -0.153671 -0.851055  0.471389 0.551561 1 0 1.000000
misc
0  12.676502 80.848724 42.697731  -0.222382 -0.238847 -0.945250  0.471175 0.552049 1 0 1.000000
0  19.833702 85.322739 39.883743  -0.085499 0.017083 -0.996192  0.471633 0.552293 1 0 1.000000
0  13.777610 75.822456 43.612000  -0.266253 -0.200288 -0.942865  0.471175 0.552049 1 0 1.000000
misc
0  12.676502 80.848724 42.697731  -0.222382 -0.238847 -0.945250  0.471175 0.552049 1 0 1.000000
0  12.470044 81.226135 42.647850  -0.189393 -0.290446 -0.937961  0.471175 0.552049 1 0 1.000000
0  19.833702 85.322739 39.883743  -0.085499 0.017083 -0.996192  0.471633 0.552293 1 0 1.000000
misc
0  12.470044 81.226135 42.647850  -0.189393 -0.290446 -0.937961  0.471175 0.552049 1 0 1.000000
0  12.098420 81.490250 42.629509  -0.135606 -0.367153 -0.920223  0.471175 0.552049 1 0 1.000000
0  19.833702 85.322739 39.883743  -0.085499 0.017083 -0.996192  0.471633 0.552293 1 0 1.000000
misc
0  19.833702 85.322739 39.883743  -0.085499 0.017083 -0.996192  0.471633 0.552293 1 0 1.000000
0  12.098420 81.490250 42.629509  -0.135606 -0.367153 -0.920223  0.471175 0.552049 1 0 1.000000
0  -0.000004 88.698853 41.091000  -0.000000 -0.009129 -0.999958  0.470168 0.552293 1 0 1.000000
misc
0  7.927973 82.184723 42.745533  -0.077087 -0.332933 -0.939794  0.470931 0.552049 1 0 1.000000
0  -0.000004 88.698853 41.091000  -0.000000 -0.009129 -0.999958  0.470168 0.552293 1 0 1.000000
0  12.098420 81.490250 42.629509  -0.135606 -0.367153 -0.920223  0.471175 0.552049 1 0 1.000000
misc
0  -0.000004 88.698853 41.091000  -0.000000 -0.009129 -0.999958  0.470168 0.552293 1 0 1.000000
0  7.927973 82.184723 42.745533  -0.077087 -0.332933 -0.939794  0.470931 0.552049 1 0 1.000000
0  -0.000003 82.650238 42.952057  -0.000000 -0.292638 -0.956223  0.470168 0.552049 1 0 1.000000
misc
0  -7.927980 82.184723 42.745533  0.077062 -0.332897 -0.939809  0.469680 0.552049 1 0 1.000000
0  -0.000004 88.698853 41.091000  -0.000000 -0.009129 -0.999958  0.470168 0.552293 1 0 1.000000
0  -0.000003 82.650238 42.952057  -0.000000 -0.292638 -0.956223  0.470168 0.552049 1 0 1.000000
misc
0  -7.927980 82.184723 42.745533  0.077062 -0.332897 -0.939809  0.469680 0.552049 1 0 1.000000
0  -12.098426 81.490250 42.629509  0.135605 -0.367153 -0.920223  0.469405 0.552049 1 0 1.000000
0  -0.000004 88.698853 41.091000  -0.000000 -0.009129 -0.999958  0.470168 0.552293 1 0 1.000000
misc
0  -19.833710 85.322739 39.883743  0.085160 0.015930 -0.996240  0.468978 0.552293 1 0 1.000000
0  -0.000004 88.698853 41.091000  -0.000000 -0.009129 -0.999958  0.470168 0.552293 1 0 1.000000
0  -12.098426 81.490250 42.629509  0.135605 -0.367153 -0.920223  0.469405 0.552049 1 0 1.000000
misc
0  -12.098426 81.490250 42.629509  0.135605 -0.367153 -0.920223  0.469405 0.552049 1 0 1.000000
0  -12.470050 81.226135 42.647850  0.189394 -0.290444 -0.937962  0.469405 0.552049 1 0 1.000000
0  -19.833710 85.322739 39.883743  0.085160 0.015930 -0.996240  0.468978 0.552293 1 0 1.000000
misc
0  -12.470050 81.226135 42.647850  0.189394 -0.290444 -0.937962  0.469405 0.552049 1 0 1.000000
0  -12.676508 80.848724 42.697731  0.222406 -0.238803 -0.945256  0.469405 0.552049 1 0 1.000000
0  -19.833710 85.322739 39.883743  0.085160 0.015930 -0.996240  0.468978 0.552293 1 0 1.000000
misc
0  -19.833710 85.322739 39.883743  0.085160 0.015930 -0.996240  0.468978 0.552293 1 0 1.000000
0  -12.676508 80.848724 42.697731  0.222406 -0.238803 -0.945256  0.469405 0.552049 1 0 1.000000
0  -13.777616 75.822456 43.612000  0.265525 -0.200241 -0.943080  0.469161 0.552049 1 0 1.000000
misc
0  -13.777616 75.822456 43.612000  0.265525 -0.200241 -0.943080  0.469161 0.552049 1 0 1.000000
0  -15.938539 63.583115 45.484093  0.502736 -0.153495 -0.850703  0.469161 0.551561 1 0 1.000000
0  -19.833710 85.322739 39.883743  0.085160 0.015930 -0.996240  0.468978 0.552293 1 0 1.000000
misc
0  30.459394 58.160328 38.612652  0.004929 0.004722 -0.999977  0.472396 0.551286 1 0 1.000000
0  29.248177 55.456604 38.721519  -0.366411 -0.054234 -0.928871  0.472396 0.551286 1 0 1.000000
0  26.701864 65.399117 38.624229  -0.201477 -0.020973 -0.979269  0.472121 0.551561 1 0 1.000000
misc
0  32.097298 61.647156 39.028240  0.114672 0.060054 -0.991587  0.472640 0.551561 1 0 1.000000
0  30.459394 58.160328 38.612652  0.004929 0.004722 -0.999977  0.472396 0.551286 1 0 1.000000
0  26.701864 65.399117 38.624229  -0.201477 -0.020973 -0.979269  0.472121 0.551561 1 0 1.000000
misc
0  32.097298 61.647156 39.028240  0.114672 0.060054 -0.991587  0.472640 0.551561 1 0 1.000000
0  26.701864 65.399117 38.624229  -0.201477 -0.020973 -0.979269  0.472121 0.551561 1 0 1.000000
0  33.212166 64.041870 39.293018  0.097689 0.071488 -0.992646  0.472640 0.551561 1 0 1.000000
misc
0  33.212166 64.041870 39.293018  0.097689 0.071488 -0.992646  0.472640 0.551561 1 0 1.000000
0  26.701864 65.399117 38.624229  -0.201477 -0.020973 -0.979269  0.472121 0.551561 1 0 1.000000
0  19.833702 85.322739 39.883743  -0.085499 0.017083 -0.996192  0.471633 0.552293 1 0 1.000000
misc
0  33.212166 64.041870 39.293018  0.097689 0.071488 -0.992646  0.472640 0.551561 1 0 1.000000
0  19.833702 85.322739 39.883743  -0.085499 0.017083 -0.996192  0.471633 0.552293 1 0 1.000000
0  34.148106 66.401443 39.485638  0.059285 0.065873 -0.996065  0.472640 0.551561 1 0 1.000000
misc
0  34.148106 66.401443 39.485638  0.059285 0.065873 -0.996065  0.472640 0.551561 1 0 1.000000
0  19.833702 85.322739 39.883743  -0.085499 0.017083 -0.996192  0.471633 0.552293 1 0 1.000000
0  34.574783 68.403313 39.660778  0.077621 0.080669 -0.993714  0.472884 0.551805 1 0 1.000000
misc
0  19.833702 85.322739 39.883743  -0.085499 0.017083 -0.996192  0.471633 0.552293 1 0 1.000000
0  34.602310 70.046288 39.832153  0.101595 0.101550 -0.989629  0.472884 0.551805 1 0 1.000000
0  34.574783 68.403313 39.660778  0.077621 0.080669 -0.993714  0.472884 0.551805 1 0 1.000000
misc
0  34.175632 74.361801 40.251160  0.102408 0.100825 -0.989620  0.472640 0.551805 1 0 1.000000
0  34.602310 70.046288 39.832153  0.101595 0.101550 -0.989629  0.472884 0.551805 1 0 1.000000
0  19.833702 85.322739 39.883743  -0.085499 0.017083 -0.996192  0.471633 0.552293 1 0 1.000000
misc
0  33.432384 81.101334 40.757896  0.086053 0.072927 -0.993618  0.472640 0.552049 1 0 1.000000
0  34.175632 74.361801 40.251160  0.102408 0.100825 -0.989620  0.472640 0.551805 1 0 1.000000
0  19.833702 85.322739 39.883743  -0.085499 0.017083 -0.996192  0.471633 0.552293 1 0 1.000000
misc
0  33.432384 81.101334 40.757896  0.086053 0.072927 -0.993618  0.472640 0.552049 1 0 1.000000
0  19.833702 85.322739 39.883743  -0.085499 0.017083 -0.996192  0.471633 0.552293 1 0 1.000000
0  32.771721 86.084084 40.972767  0.080874 0.049602 -0.995489  0.472640 0.552293 1 0 1.000000
misc
0  32.771721 86.084084 40.972767  0.080874 0.049602 -0.995489  0.472640 0.552293 1 0 1.000000
0  19.833702 85.322739 39.883743  -0.085499 0.017083 -0.996192  0.471633 0.552293 1 0 1.000000
0  32.372570 88.921844 41.069054  0.062375 0.109765 -0.991998  0.472640 0.552293 1 0 1.000000
misc
0  19.833702 85.322739 39.883743  -0.085499 0.017083 -0.996192  0.471633 0.552293 1 0 1.000000
0  30.486919 89.463104 41.199310  0.024399 0.243095 -0.969696  0.472396 0.552293 1 0 1.000000
0  32.372570 88.921844 41.069054  0.062375 0.109765 -0.991998  0.472640 0.552293 1 0 1.000000
misc
0  20.521894 92.246185 40.973045  -0.000909 0.154583 -0.987979  0.471633 0.552507 1 0 1.000000
0  30.486919 89.463104 41.199310  0.024399 0.243095 -0.969696  0.472396 0.552293 1 0 1.000000
0  19.833702 85.322739 39.883743  -0.085499 0.017083 -0.996192  0.471633 0.552293 1 0 1.000000
misc
0  19.104218 92.580574 41.099014  -0.247271 0.135335 -0.959448  0.471633 0.552507 1 0 1.000000
0  20.521894 92.246185 40.973045  -0.000909 0.154583 -0.987979  0.471633 0.552507 1 0 1.000000
0  19.833702 85.322739 39.883743  -0.085499 0.017083 -0.996192  0.471633 0.552293 1 0 1.000000
misc
0  19.104218 92.580574 41.099014  -0.247447 0.135311 -0.959407  0.471633 0.552507 1 0 1.000000
0  19.833702 85.322739 39.883743  -0.085499 0.017083 -0.996192  0.471633 0.552293 1 0 1.000000
0  17.108461 92.907417 41.942780  -0.136559 0.224155 -0.964938  0.471389 0.552507 1 0 1.000000
misc
0  19.833702 85.322739 39.883743  -0.085499 0.017083 -0.996192  0.471633 0.552293 1 0 1.000000
0  -0.000004 88.698853 41.091000  -0.000000 -0.009129 -0.999958  0.470168 0.552293 1 0 1.000000
0  17.108461 92.907417 41.942780  -0.136559 0.224155 -0.964938  0.471389 0.552507 1 0 1.000000
misc
0  15.429270 93.157150 42.088974  -0.031283 0.317835 -0.947630  0.471389 0.552507 1 0 1.000000
0  17.108461 92.907417 41.942780  -0.136559 0.224155 -0.964938  0.471389 0.552507 1 0 1.000000
0  -0.000004 88.698853 41.091000  -0.000000 -0.009129 -0.999958  0.470168 0.552293 1 0 1.000000
misc
0  15.429270 93.157150 42.088974  -0.031283 0.317835 -0.947630  0.471389 0.552507 1 0 1.000000
0  -0.000004 88.698853 41.091000  -0.000000 -0.009129 -0.999958  0.470168 0.552293 1 0 1.000000
0  6.923211 93.836044 42.383251  -0.010152 0.256782 -0.966416  0.470687 0.552507 1 0 1.000000
misc
0  -0.000004 94.105469 42.462086  0.000032 0.244373 -0.969681  0.470168 0.552507 1 0 1.000000
0  6.923211 93.836044 42.383251  -0.010152 0.256782 -0.966416  0.470687 0.552507 1 0 1.000000
0  -0.000004 88.698853 41.091000  -0.000000 -0.009129 -0.999958  0.470168 0.552293 1 0 1.000000
misc
0  -0.000004 94.105469 42.462086  0.000032 0.244373 -0.969681  0.470168 0.552507 1 0 1.000000
0  -0.000004 88.698853 41.091000  -0.000000 -0.009129 -0.999958  0.470168 0.552293 1 0 1.000000
0  -6.923221 93.836044 42.383251  0.010729 0.257108 -0.966323  0.469680 0.552507 1 0 1.000000
misc
0  -15.429277 93.157150 42.088974  0.031258 0.317948 -0.947593  0.469161 0.552507 1 0 1.000000
0  -6.923221 93.836044 42.383251  0.010729 0.257108 -0.966323  0.469680 0.552507 1 0 1.000000
0  -0.000004 88.698853 41.091000  -0.000000 -0.009129 -0.999958  0.470168 0.552293 1 0 1.000000
misc
0  -15.429277 93.157150 42.088974  0.031247 0.317945 -0.947594  0.469161 0.552507 1 0 1.000000
0  -0.000004 88.698853 41.091000  -0.000000 -0.009129 -0.999958  0.470168 0.552293 1 0 1.000000
0  -17.108469 92.907417 41.942780  0.136560 0.224155 -0.964938  0.468978 0.552507 1 0 1.000000
misc
0  -19.833710 85.322739 39.883743  0.085160 0.015930 -0.996240  0.468978 0.552293 1 0 1.000000
0  -17.108469 92.907417 41.942780  0.136560 0.224155 -0.964938  0.468978 0.552507 1 0 1.000000
0  -0.000004 88.698853 41.091000  -0.000000 -0.009129 -0.999958  0.470168 0.552293 1 0 1.000000
misc
0  -19.833710 85.322739 39.883743  0.085160 0.015930 -0.996240  0.468978 0.552293 1 0 1.000000
0  -19.104225 92.580574 41.099014  0.246655 0.135875 -0.959531  0.468978 0.552507 1 0 1.000000
0  -17.108469 92.907417 41.942780  0.136560 0.224155 -0.964938  0.468978 0.552507 1 0 1.000000
misc
0  -20.521902 92.246185 40.973045  0.000908 0.154582 -0.987980  0.468703 0.552507 1 0 1.000000
0  -19.104225 92.580574 41.099014  0.246655 0.135875 -0.959531  0.468978 0.552507 1 0 1.000000
0  -19.833710 85.322739 39.883743  0.085160 0.015930 -0.996240  0.468978 0.552293 1 0 1.000000
misc
0  -30.486927 89.463104 41.199318  -0.024397 0.243095 -0.969696  0.467971 0.552293 1 0 1.000000
0  -20.521902 92.246185 40.973045  0.000908 0.154582 -0.987980  0.468703 0.552507 1 0 1.000000
0  -19.833710 85.322739 39.883743  0.085160 0.015930 -0.996240  0.468978 0.552293 1 0 1.000000
misc
0  -30.486927 89.463104 41.199318  -0.024397 0.243095 -0.969696  0.467971 0.552293 1 0 1.000000
0  -19.833710 85.322739 39.883743  0.085160 0.015930 -0.996240  0.468978 0.552293 1 0 1.000000
0  -32.372578 88.921844 41.069061  -0.062505 0.109391 -0.992032  0.467971 0.552293 1 0 1.000000
misc
0  -19.833710 85.322739 39.883743  0.085160 0.015930 -0.996240  0.468978 0.552293 1 0 1.000000
0  -32.771729 86.084084 40.972775  -0.080875 0.049602 -0.995489  0.467971 0.552293 1 0 1.000000
0  -32.372578 88.921844 41.069061  -0.062505 0.109391 -0.992032  0.467971 0.552293 1 0 1.000000
misc
0  -19.833710 85.322739 39.883743  0.085160 0.015930 -0.996240  0.468978 0.552293 1 0 1.000000
0  -33.432392 81.101334 40.757904  -0.086597 0.073216 -0.993549  0.467727 0.552049 1 0 1.000000
0  -32.771729 86.084084 40.972775  -0.080875 0.049602 -0.995489  0.467971 0.552293 1 0 1.000000
misc
0  -34.175640 74.361801 40.251167  -0.102409 0.100825 -0.989619  0.467727 0.551805 1 0 1.000000
0  -33.432392 81.101334 40.757904  -0.086597 0.073216 -0.993549  0.467727 0.552049 1 0 1.000000
0  -19.833710 85.322739 39.883743  0.085160 0.015930 -0.996240  0.468978 0.552293 1 0 1.000000
misc
0  -34.602318 70.046280 39.832161  -0.102044 0.101980 -0.989539  0.467727 0.551805 1 0 1.000000
0  -34.175640 74.361801 40.251167  -0.102409 0.100825 -0.989619  0.467727 0.551805 1 0 1.000000
0  -19.833710 85.322739 39.883743  0.085160 0.015930 -0.996240  0.468978 0.552293 1 0 1.000000
misc
0  -34.602318 70.046280 39.832161  -0.102044 0.101980 -0.989539  0.467727 0.551805 1 0 1.000000
0  -19.833710 85.322739 39.883743  0.085160 0.015930 -0.996240  0.468978 0.552293 1 0 1.000000
0  -34.574791 68.403313 39.660786  -0.077550 0.080607 -0.993725  0.467727 0.551805 1 0 1.000000
misc
0  -19.833710 85.322739 39.883743  0.085160 0.015930 -0.996240  0.468978 0.552293 1 0 1.000000
0  -34.148113 66.401436 39.485645  -0.058981 0.065636 -0.996099  0.467727 0.551561 1 0 1.000000
0  -34.574791 68.403313 39.660786  -0.077550 0.080607 -0.993725  0.467727 0.551805 1 0 1.000000
misc
0  -19.833710 85.322739 39.883743  0.085160 0.015930 -0.996240  0.468978 0.552293 1 0 1.000000
0  -33.212173 64.041862 39.293026  -0.097617 0.070633 -0.992714  0.467727 0.551561 1 0 1.000000
0  -34.148113 66.401436 39.485645  -0.058981 0.065636 -0.996099  0.467727 0.551561 1 0 1.000000
misc
0  -26.701868 65.399117 38.624237  0.218319 -0.089025 -0.971808  0.468459 0.551561 1 0 1.000000
0  -33.212173 64.041862 39.293026  -0.097617 0.070633 -0.992714  0.467727 0.551561 1 0 1.000000
0  -19.833710 85.322739 39.883743  0.085160 0.015930 -0.996240  0.468978 0.552293 1 0 1.000000
misc
0  -26.701868 65.399117 38.624237  0.218319 -0.089025 -0.971808  0.468459 0.551561 1 0 1.000000
0  -32.097298 61.647148 39.028248  -0.114244 0.060040 -0.991637  0.467971 0.551561 1 0 1.000000
0  -33.212173 64.041862 39.293026  -0.097617 0.070633 -0.992714  0.467727 0.551561 1 0 1.000000
windowmask
0  -21.581715 41.340740 46.881710  -0.041699 -0.808622 0.586849  0.640248 0.370739 1 0 1.000000
0  -15.814662 41.702732 47.797634  -0.090262 -0.257490 0.962056  0.602954 0.369366 1 0 1.000000
0  -21.457840 41.437237 47.042137  -0.042683 -0.804265 0.592736  0.639485 0.370373 1 0 1.000000
windowmask
0  -15.800899 41.851162 47.838253  -0.084458 -0.251076 0.964276  0.602863 0.368908 1 0 1.000000
0  -21.457840 41.437237 47.042137  -0.042683 -0.804265 0.592736  0.639485 0.370373 1 0 1.000000
0  -15.814662 41.702732 47.797634  -0.090262 -0.257490 0.962056  0.602954 0.369366 1 0 1.000000
windowmask
0  -15.814662 41.702732 47.797634  -0.090262 -0.257490 0.962056  0.602954 0.369366 1 0 1.000000
0  -8.740044 41.963600 48.290215  -0.037789 -0.030633 0.998816  0.557207 0.368450 1 0 1.000000
0  -15.800899 41.851162 47.838253  -0.084458 -0.251076 0.964276  0.602863 0.368908 1 0 1.000000
windowmask
0  -8.740045 42.087002 48.301010  -0.039780 -0.030618 0.998739  0.557268 0.368053 1 0 1.000000
0  -15.800899 41.851162 47.838253  -0.084458 -0.251076 0.964276  0.602863 0.368908 1 0 1.000000
0  -8.740044 41.963600 48.290215  -0.037789 -0.030633 0.998816  0.557207 0.368450 1 0 1.000000
windowmask
0  -8.740044 41.963600 48.290215  -0.037789 -0.030633 0.998816  0.557207 0.368450 1 0 1.000000
0  0.000000 42.021362 48.419617  -0.000001 -0.262315 0.964982  0.500717 0.368206 1 0 1.000000
0  -8.740045 42.087002 48.301010  -0.039780 -0.030618 0.998739  0.557268 0.368053 1 0 1.000000
windowmask
0  0.000000 42.183498 48.461433  -0.000002 -0.264428 0.964405  0.500717 0.367718 1 0 1.000000
0  -8.740045 42.087002 48.301010  -0.039780 -0.030618 0.998739  0.557268 0.368053 1 0 1.000000
0  0.000000 42.021362 48.419617  -0.000001 -0.262315 0.964982  0.500717 0.368206 1 0 1.000000
windowmask
0  0.000000 42.183498 48.461433  -0.000002 -0.264428 0.964405  0.500717 0.367718 1 0 1.000000
0  0.000000 42.021362 48.419617  -0.000001 -0.262315 0.964982  0.500717 0.368206 1 0 1.000000
0  8.740045 42.087002 48.301010  0.039785 -0.030620 0.998739  0.444166 0.368053 1 0 1.000000
windowmask
0  8.740046 41.963600 48.290215  0.037790 -0.030635 0.998816  0.444227 0.368450 1 0 1.000000
0  8.740045 42.087002 48.301010  0.039785 -0.030620 0.998739  0.444166 0.368053 1 0 1.000000
0  0.000000 42.021362 48.419617  -0.000001 -0.262315 0.964982  0.500717 0.368206 1 0 1.000000
windowmask
0  8.740045 42.087002 48.301010  0.039785 -0.030620 0.998739  0.444166 0.368053 1 0 1.000000
0  8.740046 41.963600 48.290215  0.037790 -0.030635 0.998816  0.444227 0.368450 1 0 1.000000
0  15.800899 41.851162 47.838253  0.084416 -0.251444 0.964184  0.398572 0.368908 1 0 1.000000
windowmask
0  15.814662 41.702732 47.797634  0.090263 -0.257484 0.962058  0.398480 0.369366 1 0 1.000000
0  15.800899 41.851162 47.838253  0.084416 -0.251444 0.964184  0.398572 0.368908 1 0 1.000000
0  8.740046 41.963600 48.290215  0.037790 -0.030635 0.998816  0.444227 0.368450 1 0 1.000000
windowmask
0  15.800899 41.851162 47.838253  0.084416 -0.251444 0.964184  0.398572 0.368908 1 0 1.000000
0  15.814662 41.702732 47.797634  0.090263 -0.257484 0.962058  0.398480 0.369366 1 0 1.000000
0  21.457840 41.437237 47.042137  0.042678 -0.804265 0.592736  0.361950 0.370373 1 0 1.000000
windowmask
0  21.581715 41.340740 46.881710  0.041696 -0.808622 0.586849  0.361187 0.370739 1 0 1.000000
0  21.457840 41.437237 47.042137  0.042678 -0.804265 0.592736  0.361950 0.370373 1 0 1.000000
0  15.814662 41.702732 47.797634  0.090263 -0.257484 0.962058  0.398480 0.369366 1 0 1.000000
windowmask
0  -0.000003 85.066879 42.334503  0.000004 0.748656 0.662959  0.500717 0.237861 1 0 1.000000
0  -0.000003 84.957703 42.476929  -0.000004 0.748376 0.663275  0.500717 0.238166 1 0 1.000000
0  7.597641 84.744995 42.223442  0.082245 0.734270 0.673857  0.451613 0.238868 1 0 1.000000
windowmask
0  7.570114 84.622108 42.364670  0.079071 0.734766 0.673696  0.451704 0.239204 1 0 1.000000
0  7.597641 84.744995 42.223442  0.082245 0.734270 0.673857  0.451613 0.238868 1 0 1.000000
0  -0.000003 84.957703 42.476929  -0.000004 0.748376 0.663275  0.500717 0.238166 1 0 1.000000
windowmask
0  7.597641 84.744995 42.223442  0.082245 0.734270 0.673857  0.451613 0.238868 1 0 1.000000
0  7.570114 84.622108 42.364670  0.079071 0.734766 0.673696  0.451704 0.239204 1 0 1.000000
0  10.873437 84.328339 42.090271  0.176485 0.726189 0.664457  0.430433 0.240181 1 0 1.000000
windowmask
0  10.845908 84.219170 42.232700  0.172890 0.727269 0.664220  0.430616 0.240486 1 0 1.000000
0  10.873437 84.328339 42.090271  0.176485 0.726189 0.664457  0.430433 0.240181 1 0 1.000000
0  7.570114 84.622108 42.364670  0.079071 0.734766 0.673696  0.451704 0.239204 1 0 1.000000
windowmask
0  10.845908 84.219170 42.232700  0.172890 0.727269 0.664220  0.430616 0.240486 1 0 1.000000
0  13.846428 83.388763 42.090969  0.373028 0.668067 0.643845  0.411145 0.243080 1 0 1.000000
0  10.873437 84.328339 42.090271  0.176485 0.726189 0.664457  0.430433 0.240181 1 0 1.000000
windowmask
0  13.873956 83.497940 41.948540  0.344941 0.683610 0.643189  0.410993 0.242775 1 0 1.000000
0  10.873437 84.328339 42.090271  0.176485 0.726189 0.664457  0.430433 0.240181 1 0 1.000000
0  13.846428 83.388763 42.090969  0.373028 0.668067 0.643845  0.411145 0.243080 1 0 1.000000
windowmask
0  13.873956 83.497940 41.948540  0.344941 0.683610 0.643189  0.410993 0.242775 1 0 1.000000
0  13.846428 83.388763 42.090969  0.373028 0.668067 0.643845  0.411145 0.243080 1 0 1.000000
0  14.396984 83.068085 41.966198  0.516748 0.550243 0.655899  0.407605 0.244087 1 0 1.000000
windowmask
0  14.355691 82.944000 42.121140  0.540810 0.519538 0.661517  0.407941 0.244453 1 0 1.000000
0  14.396984 83.068085 41.966198  0.516748 0.550243 0.655899  0.407605 0.244087 1 0 1.000000
0  13.846428 83.388763 42.090969  0.373028 0.668067 0.643845  0.411145 0.243080 1 0 1.000000
windowmask
0  14.396984 83.068085 41.966198  0.516748 0.550243 0.655899  0.407605 0.244087 1 0 1.000000
0  14.355691 82.944000 42.121140  0.540810 0.519538 0.661517  0.407941 0.244453 1 0 1.000000
0  14.837427 82.437881 42.063042  0.581044 0.364462 0.727706  0.404798 0.246010 1 0 1.000000
windowmask
0  14.699788 82.357323 42.194164  0.587874 0.337064 0.735386  0.405652 0.246193 1 0 1.000000
0  14.837427 82.437881 42.063042  0.581044 0.364462 0.727706  0.404798 0.246010 1 0 1.000000
0  14.355691 82.944000 42.121140  0.540810 0.519538 0.661517  0.407941 0.244453 1 0 1.000000
windowmask
0  14.837427 82.437881 42.063042  0.581044 0.364462 0.727706  0.404798 0.246010 1 0 1.000000
0  14.699788 82.357323 42.194164  0.587874 0.337064 0.735386  0.405652 0.246193 1 0 1.000000
0  16.310158 75.603241 43.275043  0.628927 0.240690 0.739269  0.395276 0.266610 1 0 1.000000
windowmask
0  16.158758 75.633575 43.402046  0.628951 0.245742 0.737584  0.396283 0.266488 1 0 1.000000
0  16.310158 75.603241 43.275043  0.628927 0.240690 0.739269  0.395276 0.266610 1 0 1.000000
0  14.699788 82.357323 42.194164  0.587874 0.337064 0.735386  0.405652 0.246193 1 0 1.000000
windowmask
0  16.310158 75.603241 43.275043  0.628927 0.240690 0.739269  0.395276 0.266610 1 0 1.000000
0  16.158758 75.633575 43.402046  0.628951 0.245742 0.737584  0.396283 0.266488 1 0 1.000000
0  18.471083 63.356186 45.077381  0.660385 0.195335 0.725076  0.381329 0.303690 1 0 1.000000
windowmask
0  18.319681 63.386520 45.204380  0.660399 0.200560 0.723636  0.382275 0.303568 1 0 1.000000
0  18.471083 63.356186 45.077381  0.660385 0.195335 0.725076  0.381329 0.303690 1 0 1.000000
0  16.158758 75.633575 43.402046  0.628951 0.245742 0.737584  0.396283 0.266488 1 0 1.000000
windowmask
0  18.471083 63.356186 45.077381  0.660385 0.195335 0.725076  0.381329 0.303690 1 0 1.000000
0  18.319681 63.386520 45.204380  0.660399 0.200560 0.723636  0.382275 0.303568 1 0 1.000000
0  20.508135 49.708328 46.467018  0.697465 0.147963 0.701177  0.368114 0.345164 1 0 1.000000
windowmask
0  20.370495 49.724953 46.592819  0.698489 0.152526 0.699178  0.368999 0.345073 1 0 1.000000
0  20.508135 49.708328 46.467018  0.697465 0.147963 0.701177  0.368114 0.345164 1 0 1.000000
0  18.319681 63.386520 45.204380  0.660399 0.200560 0.723636  0.382275 0.303568 1 0 1.000000
windowmask
0  20.508135 49.708328 46.467018  0.697465 0.147963 0.701177  0.368114 0.345164 1 0 1.000000
0  20.370495 49.724953 46.592819  0.698489 0.152526 0.699178  0.368999 0.345073 1 0 1.000000
0  21.581715 41.340740 46.881710  0.835801 0.138322 0.531323  0.361187 0.370739 1 0 1.000000
windowmask
0  21.457840 41.437237 47.042137  0.838441 0.138671 0.527055  0.361950 0.370373 1 0 1.000000
0  21.581715 41.340740 46.881710  0.835801 0.138322 0.531323  0.361187 0.370739 1 0 1.000000
0  20.370495 49.724953 46.592819  0.698489 0.152526 0.699178  0.368999 0.345073 1 0 1.000000
windowmask
0  -21.457840 41.437237 47.042137  -0.838441 0.138672 0.527055  0.639485 0.370373 1 0 1.000000
0  -20.370495 49.724953 46.592819  -0.698487 0.152541 0.699177  0.632435 0.345073 1 0 1.000000
0  -21.581715 41.340740 46.881710  -0.835801 0.138318 0.531323  0.640248 0.370739 1 0 1.000000
windowmask
0  -20.508135 49.708328 46.467018  -0.697465 0.147959 0.701178  0.633320 0.345164 1 0 1.000000
0  -21.581715 41.340740 46.881710  -0.835801 0.138318 0.531323  0.640248 0.370739 1 0 1.000000
0  -20.370495 49.724953 46.592819  -0.698487 0.152541 0.699177  0.632435 0.345073 1 0 1.000000
windowmask
0  -20.370495 49.724953 46.592819  -0.698487 0.152541 0.699177  0.632435 0.345073 1 0 1.000000
0  -18.319685 63.386520 45.204380  -0.660398 0.200561 0.723636  0.619160 0.303568 1 0 1.000000
0  -20.508135 49.708328 46.467018  -0.697465 0.147959 0.701178  0.633320 0.345164 1 0 1.000000
windowmask
0  -18.471087 63.356186 45.077381  -0.660385 0.195336 0.725076  0.620136 0.303690 1 0 1.000000
0  -20.508135 49.708328 46.467018  -0.697465 0.147959 0.701178  0.633320 0.345164 1 0 1.000000
0  -18.319685 63.386520 45.204380  -0.660398 0.200561 0.723636  0.619160 0.303568 1 0 1.000000
windowmask
0  -18.319685 63.386520 45.204380  -0.660398 0.200561 0.723636  0.619160 0.303568 1 0 1.000000
0  -16.158762 75.633575 43.402046  -0.628950 0.245747 0.737584  0.605182 0.266488 1 0 1.000000
0  -18.471087 63.356186 45.077381  -0.660385 0.195336 0.725076  0.620136 0.303690 1 0 1.000000
windowmask
0  -16.310162 75.603241 43.275043  -0.628927 0.240693 0.739269  0.606159 0.266610 1 0 1.000000
0  -18.471087 63.356186 45.077381  -0.660385 0.195336 0.725076  0.620136 0.303690 1 0 1.000000
0  -16.158762 75.633575 43.402046  -0.628950 0.245747 0.737584  0.605182 0.266488 1 0 1.000000
windowmask
0  -16.158762 75.633575 43.402046  -0.628950 0.245747 0.737584  0.605182 0.266488 1 0 1.000000
0  -14.699794 82.357323 42.194164  -0.587839 0.337051 0.735419  0.595782 0.246193 1 0 1.000000
0  -16.310162 75.603241 43.275043  -0.628927 0.240693 0.739269  0.606159 0.266610 1 0 1.000000
windowmask
0  -14.837433 82.437881 42.063042  -0.581084 0.364464 0.727672  0.596637 0.246010 1 0 1.000000
0  -16.310162 75.603241 43.275043  -0.628927 0.240693 0.739269  0.606159 0.266610 1 0 1.000000
0  -14.699794 82.357323 42.194164  -0.587839 0.337051 0.735419  0.595782 0.246193 1 0 1.000000
windowmask
0  -14.699794 82.357323 42.194164  -0.587839 0.337051 0.735419  0.595782 0.246193 1 0 1.000000
0  -14.355697 82.944000 42.121140  -0.540804 0.519544 0.661517  0.593524 0.244453 1 0 1.000000
0  -14.837433 82.437881 42.063042  -0.581084 0.364464 0.727672  0.596637 0.246010 1 0 1.000000
windowmask
0  -14.396990 83.068085 41.966198  -0.516750 0.550242 0.655899  0.593829 0.244087 1 0 1.000000
0  -14.837433 82.437881 42.063042  -0.581084 0.364464 0.727672  0.596637 0.246010 1 0 1.000000
0  -14.355697 82.944000 42.121140  -0.540804 0.519544 0.661517  0.593524 0.244453 1 0 1.000000
windowmask
0  -14.355697 82.944000 42.121140  -0.540804 0.519544 0.661517  0.593524 0.244453 1 0 1.000000
0  -13.846434 83.388763 42.090969  -0.373029 0.668065 0.643846  0.590289 0.243080 1 0 1.000000
0  -14.396990 83.068085 41.966198  -0.516750 0.550242 0.655899  0.593829 0.244087 1 0 1.000000
windowmask
0  -13.873963 83.497940 41.948540  -0.344938 0.683612 0.643190  0.590442 0.242775 1 0 1.000000
0  -14.396990 83.068085 41.966198  -0.516750 0.550242 0.655899  0.593829 0.244087 1 0 1.000000
0  -13.846434 83.388763 42.090969  -0.373029 0.668065 0.643846  0.590289 0.243080 1 0 1.000000
windowmask
0  -13.873963 83.497940 41.948540  -0.344938 0.683612 0.643190  0.590442 0.242775 1 0 1.000000
0  -13.846434 83.388763 42.090969  -0.373029 0.668065 0.643846  0.590289 0.243080 1 0 1.000000
0  -10.873445 84.328339 42.090271  -0.176484 0.726200 0.664445  0.571001 0.240181 1 0 1.000000
windowmask
0  -10.845916 84.219170 42.232700  -0.172895 0.727316 0.664168  0.570818 0.240486 1 0 1.000000
0  -10.873445 84.328339 42.090271  -0.176484 0.726200 0.664445  0.571001 0.240181 1 0 1.000000
0  -13.846434 83.388763 42.090969  -0.373029 0.668065 0.643846  0.590289 0.243080 1 0 1.000000
windowmask
0  -10.845916 84.219170 42.232700  -0.172895 0.727316 0.664168  0.570818 0.240486 1 0 1.000000
0  -7.570120 84.622108 42.364670  -0.079079 0.734823 0.673633  0.549730 0.239204 1 0 1.000000
0  -10.873445 84.328339 42.090271  -0.176484 0.726200 0.664445  0.571001 0.240181 1 0 1.000000
windowmask
0  -7.597649 84.744995 42.223442  -0.082255 0.734322 0.673800  0.549852 0.238868 1 0 1.000000
0  -10.873445 84.328339 42.090271  -0.176484 0.726200 0.664445  0.571001 0.240181 1 0 1.000000
0  -7.570120 84.622108 42.364670  -0.079079 0.734823 0.673633  0.549730 0.239204 1 0 1.000000
windowmask
0  -7.570120 84.622108 42.364670  -0.079079 0.734823 0.673633  0.549730 0.239204 1 0 1.000000
0  -0.000003 84.957703 42.476929  -0.000004 0.748376 0.663275  0.500717 0.238166 1 0 1.000000
0  -7.597649 84.744995 42.223442  -0.082255 0.734322 0.673800  0.549852 0.238868 1 0 1.000000
windowmask
0  -0.000003 85.066879 42.334503  0.000004 0.748656 0.662959  0.500717 0.237861 1 0 1.000000
0  -7.597649 84.744995 42.223442  -0.082255 0.734322 0.673800  0.549852 0.238868 1 0 1.000000
0  -0.000003 84.957703 42.476929  -0.000004 0.748376 0.663275  0.500717 0.238166 1 0 1.000000
windowmask
0  15.938535 63.583115 45.484093  0.101287 0.146984 0.983939  0.065539 0.243615 1 0 1.000000
0  17.961823 50.145042 47.002617  0.147702 0.098894 0.984075  0.384564 0.343669 1 0 1.000000
0  18.319681 63.386520 45.204380  0.132026 0.147705 0.980180  0.382275 0.303568 1 0 1.000000
windowmask
0  15.938535 63.583115 45.484093  0.101287 0.146984 0.983939  0.065539 0.243615 1 0 1.000000
0  18.319681 63.386520 45.204380  0.132026 0.147705 0.980180  0.382275 0.303568 1 0 1.000000
0  13.777610 75.822456 43.612000  0.085493 0.180172 0.979913  0.124431 0.095539 1 0 1.000000
windowmask
0  16.158758 75.633575 43.402046  0.103407 0.177057 0.978753  0.396283 0.266488 1 0 1.000000
0  13.777610 75.822456 43.612000  0.085493 0.180172 0.979913  0.124431 0.095539 1 0 1.000000
0  18.319681 63.386520 45.204380  0.132026 0.147705 0.980180  0.382275 0.303568 1 0 1.000000
windowmask
0  16.158758 75.633575 43.402046  0.103407 0.177057 0.978753  0.396283 0.266488 1 0 1.000000
0  14.699788 82.357323 42.194164  0.097370 0.197231 0.975510  0.405652 0.246193 1 0 1.000000
0  13.777610 75.822456 43.612000  0.085493 0.180172 0.979913  0.124431 0.095539 1 0 1.000000
windowmask
0  12.676502 80.848724 42.697731  0.082804 0.194322 0.977437  0.154715 0.034747 1 0 1.000000
0  13.777610 75.822456 43.612000  0.085493 0.180172 0.979913  0.124431 0.095539 1 0 1.000000
0  14.699788 82.357323 42.194164  0.097370 0.197231 0.975510  0.405652 0.246193 1 0 1.000000
windowmask
0  12.676502 80.848724 42.697731  0.082804 0.194322 0.977437  0.154715 0.034747 1 0 1.000000
0  14.699788 82.357323 42.194164  0.097370 0.197231 0.975510  0.405652 0.246193 1 0 1.000000
0  12.470044 81.226135 42.647850  0.083233 0.192623 0.977736  0.160385 0.030351 1 0 1.000000
windowmask
0  14.355691 82.944000 42.121140  0.101620 0.190993 0.976317  0.407941 0.244453 1 0 1.000000
0  12.470044 81.226135 42.647850  0.083233 0.192623 0.977736  0.160385 0.030351 1 0 1.000000
0  14.699788 82.357323 42.194164  0.097370 0.197231 0.975510  0.405652 0.246193 1 0 1.000000
windowmask
0  14.355691 82.944000 42.121140  0.101620 0.190993 0.976317  0.407941 0.244453 1 0 1.000000
0  13.846428 83.388763 42.090969  0.101081 0.187010 0.977144  0.411145 0.243080 1 0 1.000000
0  12.470044 81.226135 42.647850  0.083233 0.192623 0.977736  0.160385 0.030351 1 0 1.000000
windowmask
0  12.098420 81.490250 42.629509  0.077184 0.186850 0.979352  0.170308 0.027055 1 0 1.000000
0  12.470044 81.226135 42.647850  0.083233 0.192623 0.977736  0.160385 0.030351 1 0 1.000000
0  13.846428 83.388763 42.090969  0.101081 0.187010 0.977144  0.411145 0.243080 1 0 1.000000
windowmask
0  10.845908 84.219170 42.232700  0.072389 0.176146 0.981699  0.430616 0.240486 1 0 1.000000
0  12.098420 81.490250 42.629509  0.077184 0.186850 0.979352  0.170308 0.027055 1 0 1.000000
0  13.846428 83.388763 42.090969  0.101081 0.187010 0.977144  0.411145 0.243080 1 0 1.000000
windowmask
0  10.845908 84.219170 42.232700  0.072389 0.176146 0.981699  0.430616 0.240486 1 0 1.000000
0  7.570114 84.622108 42.364670  0.043658 0.169672 0.984533  0.451704 0.239204 1 0 1.000000
0  12.098420 81.490250 42.629509  0.077184 0.186850 0.979352  0.170308 0.027055 1 0 1.000000
windowmask
0  7.927973 82.184723 42.745533  0.046393 0.177156 0.983089  0.284097 0.018391 1 0 1.000000
0  12.098420 81.490250 42.629509  0.077184 0.186850 0.979352  0.170308 0.027055 1 0 1.000000
0  7.570114 84.622108 42.364670  0.043658 0.169672 0.984533  0.451704 0.239204 1 0 1.000000
windowmask
0  7.927973 82.184723 42.745533  0.046393 0.177156 0.983089  0.284097 0.018391 1 0 1.000000
0  7.570114 84.622108 42.364670  0.043658 0.169672 0.984533  0.451704 0.239204 1 0 1.000000
0  -0.000003 82.650238 42.952057  -0.000000 0.187766 0.982214  0.500715 0.012407 1 0 1.000000
windowmask
0  -0.000003 84.957703 42.476929  0.000000 0.201014 0.979588  0.500717 0.238166 1 0 1.000000
0  -0.000003 82.650238 42.952057  -0.000000 0.187766 0.982214  0.500715 0.012407 1 0 1.000000
0  7.570114 84.622108 42.364670  0.043658 0.169672 0.984533  0.451704 0.239204 1 0 1.000000
windowmask
0  -0.000003 84.957703 42.476929  0.000000 0.201014 0.979588  0.500717 0.238166 1 0 1.000000
0  -7.570120 84.622108 42.364670  -0.043665 0.169719 0.984525  0.549730 0.239204 1 0 1.000000
0  -0.000003 82.650238 42.952057  -0.000000 0.187766 0.982214  0.500715 0.012407 1 0 1.000000
windowmask
0  -7.927980 82.184723 42.745533  -0.046392 0.177155 0.983089  0.717338 0.018391 1 0 1.000000
0  -0.000003 82.650238 42.952057  -0.000000 0.187766 0.982214  0.500715 0.012407 1 0 1.000000
0  -7.570120 84.622108 42.364670  -0.043665 0.169719 0.984525  0.549730 0.239204 1 0 1.000000
windowmask
0  -7.927980 82.184723 42.745533  -0.046392 0.177155 0.983089  0.717338 0.018391 1 0 1.000000
0  -7.570120 84.622108 42.364670  -0.043665 0.169719 0.984525  0.549730 0.239204 1 0 1.000000
0  -12.098426 81.490250 42.629509  -0.077184 0.186848 0.979352  0.831126 0.027055 1 0 1.000000
windowmask
0  -10.845916 84.219170 42.232700  -0.071677 0.175665 0.981837  0.570818 0.240486 1 0 1.000000
0  -12.098426 81.490250 42.629509  -0.077184 0.186848 0.979352  0.831126 0.027055 1 0 1.000000
0  -7.570120 84.622108 42.364670  -0.043665 0.169719 0.984525  0.549730 0.239204 1 0 1.000000
windowmask
0  17.686544 49.863613 47.060890  0.110589 0.089353 0.989841  0.017990 0.410123 1 0 1.000000
0  17.961823 50.145042 47.002617  0.147651 0.098914 0.984081  0.384564 0.343669 1 0 1.000000
0  15.938535 63.583115 45.484093  0.101269 0.146978 0.983942  0.065539 0.243615 1 0 1.000000
windowmask
0  -20.370495 49.724953 46.592819  -0.178554 0.095383 0.979296  0.632435 0.345073 1 0 1.000000
0  -17.961823 50.145042 47.002617  -0.147681 0.098695 0.984098  0.616901 0.343669 1 0 1.000000
0  -18.319685 63.386520 45.204380  -0.131835 0.147687 0.980208  0.619160 0.303568 1 0 1.000000
windowmask
0  -15.938539 63.583115 45.484093  -0.101287 0.146984 0.983939  0.935891 0.243615 1 0 1.000000
0  -18.319685 63.386520 45.204380  -0.131835 0.147687 0.980208  0.619160 0.303568 1 0 1.000000
0  -17.961823 50.145042 47.002617  -0.147681 0.098695 0.984098  0.616901 0.343669 1 0 1.000000
windowmask
0  -17.961823 50.145042 47.002617  -0.147629 0.098721 0.984104  0.616901 0.343669 1 0 1.000000
0  -17.686544 49.863613 47.060890  -0.110589 0.089353 0.989841  0.983445 0.410123 1 0 1.000000
0  -15.938539 63.583115 45.484093  -0.101269 0.146978 0.983942  0.935891 0.243615 1 0 1.000000
windowmask
0  -17.961823 50.145042 47.002617  -0.147681 0.098695 0.984098  0.616901 0.343669 1 0 1.000000
0  -20.370495 49.724953 46.592819  -0.178554 0.095383 0.979296  0.632435 0.345073 1 0 1.000000
0  -17.686544 49.863613 47.060890  -0.110589 0.089353 0.989841  0.983445 0.410123 1 0 1.000000
windowmask
0  -20.370495 49.724953 46.592819  -0.178554 0.095383 0.979296  0.632435 0.345073 1 0 1.000000
0  -21.457840 41.437237 47.042137  -0.150331 0.065087 0.986491  0.639485 0.370373 1 0 1.000000
0  -17.686544 49.863613 47.060890  -0.110589 0.089353 0.989841  0.983445 0.410123 1 0 1.000000
windowmask
0  -15.800899 41.851162 47.838253  -0.100148 0.073984 0.992218  0.602863 0.368908 1 0 1.000000
0  -17.686544 49.863613 47.060890  -0.110589 0.089353 0.989841  0.983445 0.410123 1 0 1.000000
0  -21.457840 41.437237 47.042137  -0.150331 0.065087 0.986491  0.639485 0.370373 1 0 1.000000
windowmask
0  -17.686544 49.863613 47.060890  -0.110589 0.089353 0.989841  0.983445 0.410123 1 0 1.000000
0  -15.800899 41.851162 47.838253  -0.100148 0.073984 0.992218  0.602863 0.368908 1 0 1.000000
0  -9.414473 50.123283 47.567188  -0.051767 0.102203 0.993416  0.757803 0.406339 1 0 1.000000
windowmask
0  -8.740045 42.087002 48.301010  -0.047344 0.082349 0.995478  0.557268 0.368053 1 0 1.000000
0  -9.414473 50.123283 47.567188  -0.051767 0.102203 0.993416  0.757803 0.406339 1 0 1.000000
0  -15.800899 41.851162 47.838253  -0.100148 0.073984 0.992218  0.602863 0.368908 1 0 1.000000
windowmask
0  -9.414473 50.123283 47.567188  -0.051767 0.102203 0.993416  0.757803 0.406339 1 0 1.000000
0  -8.740045 42.087002 48.301010  -0.047344 0.082349 0.995478  0.557268 0.368053 1 0 1.000000
0  0.000000 50.246517 47.895744  0.000000 0.099162 0.995071  0.500715 0.404511 1 0 1.000000
windowmask
0  0.000000 42.183498 48.461433  0.000000 0.069986 0.997548  0.500717 0.367718 1 0 1.000000
0  0.000000 50.246517 47.895744  0.000000 0.099162 0.995071  0.500715 0.404511 1 0 1.000000
0  -8.740045 42.087002 48.301010  -0.047344 0.082349 0.995478  0.557268 0.368053 1 0 1.000000
windowmask
0  0.000000 42.183498 48.461433  0.000000 0.069986 0.997548  0.500717 0.367718 1 0 1.000000
0  8.740045 42.087002 48.301010  0.047344 0.082349 0.995478  0.444166 0.368053 1 0 1.000000
0  0.000000 50.246517 47.895744  0.000000 0.099162 0.995071  0.500715 0.404511 1 0 1.000000
windowmask
0  9.414473 50.123283 47.567188  0.051506 0.101990 0.993451  0.243759 0.406339 1 0 1.000000
0  0.000000 50.246517 47.895744  0.000000 0.099162 0.995071  0.500715 0.404511 1 0 1.000000
0  8.740045 42.087002 48.301010  0.047344 0.082349 0.995478  0.444166 0.368053 1 0 1.000000
windowmask
0  8.740045 42.087002 48.301010  0.047344 0.082349 0.995478  0.444166 0.368053 1 0 1.000000
0  15.800899 41.851162 47.838253  0.100148 0.073984 0.992218  0.398572 0.368908 1 0 1.000000
0  9.414473 50.123283 47.567188  0.051506 0.101990 0.993451  0.243759 0.406339 1 0 1.000000
windowmask
0  17.686544 49.863613 47.060890  0.110589 0.089353 0.989841  0.017990 0.410123 1 0 1.000000
0  9.414473 50.123283 47.567188  0.051506 0.101990 0.993451  0.243759 0.406339 1 0 1.000000
0  15.800899 41.851162 47.838253  0.100148 0.073984 0.992218  0.398572 0.368908 1 0 1.000000
windowmask
0  15.800899 41.851162 47.838253  0.100148 0.073984 0.992218  0.398572 0.368908 1 0 1.000000
0  21.457840 41.437237 47.042137  0.150331 0.065087 0.986491  0.361950 0.370373 1 0 1.000000
0  17.686544 49.863613 47.060890  0.110589 0.089353 0.989841  0.017990 0.410123 1 0 1.000000
windowmask
0  20.370495 49.724953 46.592819  0.178554 0.095384 0.979296  0.368999 0.345073 1 0 1.000000
0  17.686544 49.863613 47.060890  0.110589 0.089353 0.989841  0.017990 0.410123 1 0 1.000000
0  21.457840 41.437237 47.042137  0.150331 0.065087 0.986491  0.361950 0.370373 1 0 1.000000
windowmask
0  20.370495 49.724953 46.592819  0.178554 0.095384 0.979296  0.368999 0.345073 1 0 1.000000
0  17.961823 50.145042 47.002617  0.147702 0.098894 0.984075  0.384564 0.343669 1 0 1.000000
0  17.686544 49.863613 47.060890  0.110589 0.089353 0.989841  0.017990 0.410123 1 0 1.000000
windowmask
0  20.370495 49.724953 46.592819  0.178554 0.095384 0.979296  0.368999 0.345073 1 0 1.000000
0  18.319681 63.386520 45.204380  0.132026 0.147705 0.980180  0.382275 0.303568 1 0 1.000000
0  17.961823 50.145042 47.002617  0.147702 0.098894 0.984075  0.384564 0.343669 1 0 1.000000
windowmask
0  -12.098426 81.490250 42.629509  -0.077184 0.186848 0.979352  0.831126 0.027055 1 0 1.000000
0  -10.845916 84.219170 42.232700  -0.071677 0.175665 0.981837  0.570818 0.240486 1 0 1.000000
0  -13.846434 83.388763 42.090969  -0.101710 0.187505 0.976984  0.590289 0.243080 1 0 1.000000
windowmask
0  -12.098426 81.490250 42.629509  -0.077184 0.186848 0.979352  0.831126 0.027055 1 0 1.000000
0  -13.846434 83.388763 42.090969  -0.101710 0.187505 0.976984  0.590289 0.243080 1 0 1.000000
0  -12.470050 81.226135 42.647850  -0.083234 0.192627 0.977736  0.841049 0.030351 1 0 1.000000
windowmask
0  -14.355697 82.944000 42.121140  -0.101601 0.191037 0.976310  0.593524 0.244453 1 0 1.000000
0  -12.470050 81.226135 42.647850  -0.083234 0.192627 0.977736  0.841049 0.030351 1 0 1.000000
0  -13.846434 83.388763 42.090969  -0.101710 0.187505 0.976984  0.590289 0.243080 1 0 1.000000
windowmask
0  -14.355697 82.944000 42.121140  -0.101601 0.191037 0.976310  0.593524 0.244453 1 0 1.000000
0  -14.699794 82.357323 42.194164  -0.097365 0.197228 0.975511  0.595782 0.246193 1 0 1.000000
0  -12.470050 81.226135 42.647850  -0.083234 0.192627 0.977736  0.841049 0.030351 1 0 1.000000
windowmask
0  -12.676508 80.848724 42.697731  -0.082804 0.194320 0.977437  0.846716 0.034747 1 0 1.000000
0  -12.470050 81.226135 42.647850  -0.083234 0.192627 0.977736  0.841049 0.030351 1 0 1.000000
0  -14.699794 82.357323 42.194164  -0.097365 0.197228 0.975511  0.595782 0.246193 1 0 1.000000
windowmask
0  -12.676508 80.848724 42.697731  -0.082804 0.194320 0.977437  0.846716 0.034747 1 0 1.000000
0  -14.699794 82.357323 42.194164  -0.097365 0.197228 0.975511  0.595782 0.246193 1 0 1.000000
0  -13.777616 75.822456 43.612000  -0.085493 0.180171 0.979913  0.877000 0.095539 1 0 1.000000
windowmask
0  -16.158762 75.633575 43.402046  -0.103503 0.177065 0.978742  0.605182 0.266488 1 0 1.000000
0  -13.777616 75.822456 43.612000  -0.085493 0.180171 0.979913  0.877000 0.095539 1 0 1.000000
0  -14.699794 82.357323 42.194164  -0.097365 0.197228 0.975511  0.595782 0.246193 1 0 1.000000
windowmask
0  -16.158762 75.633575 43.402046  -0.103503 0.177065 0.978742  0.605182 0.266488 1 0 1.000000
0  -18.319685 63.386520 45.204380  -0.131835 0.147687 0.980208  0.619160 0.303568 1 0 1.000000
0  -13.777616 75.822456 43.612000  -0.085493 0.180171 0.979913  0.877000 0.095539 1 0 1.000000
windowmask
0  -15.938539 63.583115 45.484093  -0.101287 0.146984 0.983939  0.935891 0.243615 1 0 1.000000
0  -13.777616 75.822456 43.612000  -0.085493 0.180171 0.979913  0.877000 0.095539 1 0 1.000000
0  -18.319685 63.386520 45.204380  -0.131835 0.147687 0.980208  0.619160 0.303568 1 0 1.000000
skin_0dam
0  17.108461 92.907417 41.942780  -0.246031 0.922315 0.298001  0.341859 0.485828 1 0 1.000000
0  17.135988 92.804245 42.016651  -0.212002 0.794596 -0.568922  0.341569 0.485746 1 0 1.000000
0  17.108461 92.907417 41.942780  0.000000 0.000000 1.000000  0.341859 0.485828 1 0 1.000000
skin_0dam
0  17.810417 92.725739 41.650551  0.398605 0.079000 0.913714  0.341238 0.483718 1 0 1.000000
0  17.108461 92.907417 41.942780  0.445621 0.587219 0.675719  0.341859 0.485828 1 0 1.000000
0  17.135988 92.804245 42.016651  0.314606 0.634271 0.706203  0.341569 0.485746 1 0 1.000000
skin_0dam
0  17.108461 92.907417 41.942780  0.445621 0.587219 0.675719  0.341859 0.485828 1 0 1.000000
0  17.810417 92.725739 41.650551  0.398605 0.079000 0.913714  0.341238 0.483718 1 0 1.000000
0  19.104218 92.580574 41.099014  0.300088 0.678960 0.670045  0.340659 0.479827 1 0 1.000000
skin_0dam
0  19.159273 92.476196 41.186596  0.268864 0.685683 0.676425  0.340369 0.479661 1 0 1.000000
0  19.104218 92.580574 41.099014  0.300088 0.678960 0.670045  0.340659 0.479827 1 0 1.000000
0  17.810417 92.725739 41.650551  0.398605 0.079000 0.913714  0.341238 0.483718 1 0 1.000000
skin_0dam
0  19.159273 92.476196 41.186596  0.268864 0.685683 0.676425  0.340369 0.479661 1 0 1.000000
0  20.576950 92.141808 41.060627  0.189168 0.674838 0.713308  0.339334 0.475398 1 0 1.000000
0  19.104218 92.580574 41.099014  0.300088 0.678960 0.670045  0.340659 0.479827 1 0 1.000000
skin_0dam
0  20.521894 92.246185 40.973045  0.206954 0.677370 0.705932  0.339624 0.475564 1 0 1.000000
0  19.104218 92.580574 41.099014  0.300088 0.678960 0.670045  0.340659 0.479827 1 0 1.000000
0  20.576950 92.141808 41.060627  0.189168 0.674838 0.713308  0.339334 0.475398 1 0 1.000000
skin_0dam
0  20.521894 92.246185 40.973045  0.206954 0.677370 0.705932  0.339624 0.475564 1 0 1.000000
0  20.576950 92.141808 41.060627  0.189168 0.674838 0.713308  0.339334 0.475398 1 0 1.000000
0  30.486919 89.463104 41.199310  0.189705 0.636029 0.747983  0.331346 0.445598 1 0 1.000000
skin_0dam
0  30.514446 89.358719 41.286892  0.205302 0.636106 0.743788  0.331056 0.445515 1 0 1.000000
0  30.486919 89.463104 41.199310  0.189705 0.636029 0.747983  0.331346 0.445598 1 0 1.000000
0  20.576950 92.141808 41.060627  0.189168 0.674838 0.713308  0.339334 0.475398 1 0 1.000000
skin_0dam
0  30.514446 89.358719 41.286892  0.205302 0.636106 0.743788  0.331056 0.445515 1 0 1.000000
0  32.289982 88.829971 41.171551  0.226467 0.615411 0.754972  0.329442 0.440176 1 0 1.000000
0  30.486919 89.463104 41.199310  0.189705 0.636029 0.747983  0.331346 0.445598 1 0 1.000000
skin_0dam
0  32.372570 88.921844 41.069054  0.226267 0.614644 0.755656  0.329691 0.439927 1 0 1.000000
0  30.486919 89.463104 41.199310  0.189705 0.636029 0.747983  0.331346 0.445598 1 0 1.000000
0  32.289982 88.829971 41.171551  0.226467 0.615411 0.754972  0.329442 0.440176 1 0 1.000000
skin_0dam
0  17.135988 92.804245 42.016651  0.314348 0.634150 0.706427  0.341569 0.485746 1 0 1.000000
0  17.108461 92.907417 41.942780  0.162364 0.639850 0.751153  0.341859 0.485828 1 0 1.000000
0  15.566910 93.026550 42.160450  0.152650 0.692540 0.705044  0.342273 0.490464 1 0 1.000000
skin_0dam
0  15.429270 93.157150 42.088974  0.122887 0.695549 0.707892  0.342646 0.490878 1 0 1.000000
0  15.566910 93.026550 42.160450  0.152650 0.692540 0.705044  0.342273 0.490464 1 0 1.000000
0  17.108461 92.907417 41.942780  0.162364 0.639850 0.751153  0.341859 0.485828 1 0 1.000000
skin_0dam
0  15.429270 93.157150 42.088974  0.122862 0.695541 0.707904  0.342646 0.490878 1 0 1.000000
0  15.332925 93.066483 42.177757  0.097711 0.703413 0.704033  0.342397 0.491168 1 0 1.000000
0  15.566910 93.026550 42.160450  0.152620 0.692537 0.705053  0.342273 0.490464 1 0 1.000000
skin_0dam
0  21.099976 81.654083 41.704327  0.398851 0.113057 0.910020  0.308085 0.473825 1 0 1.000000
0  23.013151 75.510498 41.650406  0.504209 0.144110 0.851473  0.289667 0.468072 1 0 1.000000
0  22.490126 81.637115 41.108734  0.347863 0.083326 0.933835  0.307878 0.469645 1 0 1.000000
skin_0dam
0  23.315958 75.499870 41.456047  0.543450 0.129617 0.829374  0.289584 0.467162 1 0 1.000000
0  23.247137 78.951378 41.011932  0.439502 0.082256 0.894467  0.299807 0.467369 1 0 1.000000
0  23.013151 75.510498 41.650406  0.504209 0.144110 0.851473  0.289667 0.468072 1 0 1.000000
skin_0dam
0  23.247137 78.951378 41.011932  0.439502 0.082256 0.894467  0.299807 0.467369 1 0 1.000000
0  22.490126 81.637115 41.108734  0.347863 0.083326 0.933835  0.307878 0.469645 1 0 1.000000
0  23.013151 75.510498 41.650406  0.504209 0.144110 0.851473  0.289667 0.468072 1 0 1.000000
skin_0dam
0  22.490126 81.637115 41.108734  0.347863 0.083326 0.933835  0.307878 0.469645 1 0 1.000000
0  23.247137 78.951378 41.011932  0.439502 0.082256 0.894467  0.299807 0.467369 1 0 1.000000
0  23.439831 81.607460 40.815994  0.157445 0.004518 0.987517  0.307713 0.466789 1 0 1.000000
skin_0dam
0  22.490126 81.637115 41.108734  0.347863 0.083326 0.933835  0.307878 0.469645 1 0 1.000000
0  23.439831 81.607460 40.815994  0.157445 0.004518 0.987517  0.307713 0.466789 1 0 1.000000
0  20.191563 87.313148 41.453342  0.360677 0.105943 0.926655  0.324972 0.476557 1 0 1.000000
skin_0dam
0  21.320198 87.168488 41.053825  0.189531 0.046515 0.980772  0.324434 0.473163 1 0 1.000000
0  20.191563 87.313148 41.453342  0.360677 0.105943 0.926655  0.324972 0.476557 1 0 1.000000
0  23.439831 81.607460 40.815994  0.157445 0.004518 0.987517  0.307713 0.466789 1 0 1.000000
skin_0dam
0  21.320198 87.168488 41.053825  0.189531 0.046515 0.980772  0.324434 0.473163 1 0 1.000000
0  19.159273 92.476196 41.186596  0.265576 0.084537 0.960376  0.340369 0.479661 1 0 1.000000
0  20.191563 87.313148 41.453342  0.360677 0.105943 0.926655  0.324972 0.476557 1 0 1.000000
skin_0dam
0  19.159273 92.476196 41.186596  0.265576 0.084537 0.960376  0.340369 0.479661 1 0 1.000000
0  21.320198 87.168488 41.053825  0.189531 0.046515 0.980772  0.324434 0.473163 1 0 1.000000
0  20.576950 92.141808 41.060627  0.054255 0.001886 0.998525  0.339334 0.475398 1 0 1.000000
skin_0dam
0  30.514446 89.358719 41.286892  0.001603 -0.024175 0.999707  0.331056 0.445515 1 0 1.000000
0  20.576950 92.141808 41.060627  0.054255 0.001886 0.998525  0.339334 0.475398 1 0 1.000000
0  30.913601 86.325394 41.214943  0.019955 -0.030325 0.999341  0.321951 0.444315 1 0 1.000000
skin_0dam
0  22.682819 87.020058 41.013206  0.001726 -0.022615 0.999743  0.323979 0.469066 1 0 1.000000
0  30.913601 86.325394 41.214943  0.019955 -0.030325 0.999341  0.321951 0.444315 1 0 1.000000
0  20.576950 92.141808 41.060627  0.054255 0.001886 0.998525  0.339334 0.475398 1 0 1.000000
skin_0dam
0  22.682819 87.020058 41.013206  0.001726 -0.022615 0.999743  0.323979 0.469066 1 0 1.000000
0  20.576950 92.141808 41.060627  0.054255 0.001886 0.998525  0.339334 0.475398 1 0 1.000000
0  21.320198 87.168488 41.053825  0.189531 0.046515 0.980772  0.324434 0.473163 1 0 1.000000
skin_0dam
0  22.682819 87.020058 41.013206  0.001726 -0.022615 0.999743  0.323979 0.469066 1 0 1.000000
0  21.320198 87.168488 41.053825  0.189531 0.046515 0.980772  0.324434 0.473163 1 0 1.000000
0  24.788687 81.552612 40.811199  -0.009508 -0.051866 0.998609  0.307547 0.462733 1 0 1.000000
skin_0dam
0  23.439831 81.607460 40.815994  0.157445 0.004518 0.987517  0.307713 0.466789 1 0 1.000000
0  24.788687 81.552612 40.811199  -0.009508 -0.051866 0.998609  0.307547 0.462733 1 0 1.000000
0  21.320198 87.168488 41.053825  0.189531 0.046515 0.980772  0.324434 0.473163 1 0 1.000000
skin_0dam
0  23.439831 81.607460 40.815994  0.157445 0.004518 0.987517  0.307713 0.466789 1 0 1.000000
0  25.284187 75.365662 40.463333  0.181482 -0.015770 0.983268  0.288922 0.461243 1 0 1.000000
0  24.788687 81.552612 40.811199  -0.009508 -0.051866 0.998609  0.307547 0.462733 1 0 1.000000
skin_0dam
0  23.439831 81.607460 40.815994  0.157445 0.004518 0.987517  0.307713 0.466789 1 0 1.000000
0  23.247137 78.951378 41.011932  0.439502 0.082256 0.894467  0.299807 0.467369 1 0 1.000000
0  25.284187 75.365662 40.463333  0.181482 -0.015770 0.983268  0.288922 0.461243 1 0 1.000000
skin_0dam
0  24.210608 75.495407 40.875366  0.465074 0.088844 0.880803  0.289418 0.464471 1 0 1.000000
0  25.284187 75.365662 40.463333  0.181482 -0.015770 0.983268  0.288922 0.461243 1 0 1.000000
0  23.247137 78.951378 41.011932  0.439502 0.082256 0.894467  0.299807 0.467369 1 0 1.000000
skin_0dam
0  24.210608 75.495407 40.875366  0.465074 0.088844 0.880803  0.289418 0.464471 1 0 1.000000
0  23.247137 78.951378 41.011932  0.439502 0.082256 0.894467  0.299807 0.467369 1 0 1.000000
0  23.315958 75.499870 41.456047  0.543450 0.129617 0.829374  0.289584 0.467162 1 0 1.000000
skin_0dam
0  23.315958 75.499870 41.456047  0.543450 0.129617 0.829374  0.289584 0.467162 1 0 1.000000
0  23.770164 67.855736 42.445240  0.597409 0.141435 0.789366  0.266944 0.465796 1 0 1.000000
0  24.210608 75.495407 40.875366  0.465074 0.088844 0.880803  0.289418 0.464471 1 0 1.000000
skin_0dam
0  23.315958 75.499870 41.456047  0.543450 0.129617 0.829374  0.289584 0.467162 1 0 1.000000
0  23.013151 75.510498 41.650406  0.504209 0.144110 0.851473  0.289667 0.468072 1 0 1.000000
0  23.770164 67.855736 42.445240  0.597409 0.141435 0.789366  0.266944 0.465796 1 0 1.000000
skin_0dam
0  23.398542 67.875282 42.695652  0.535453 0.149010 0.831316  0.267068 0.466913 1 0 1.000000
0  23.770164 67.855736 42.445240  0.597409 0.141435 0.789366  0.266944 0.465796 1 0 1.000000
0  23.013151 75.510498 41.650406  0.504209 0.144110 0.851473  0.289667 0.468072 1 0 1.000000
skin_0dam
0  23.770164 67.855736 42.445240  0.597409 0.141435 0.789366  0.266944 0.465796 1 0 1.000000
0  23.398542 67.875282 42.695652  0.535453 0.149010 0.831316  0.267068 0.466913 1 0 1.000000
0  24.403301 61.981247 43.105690  0.688981 0.129954 0.713034  0.249519 0.463892 1 0 1.000000
skin_0dam
0  23.770164 67.855736 42.445240  0.597409 0.141435 0.789366  0.266944 0.465796 1 0 1.000000
0  24.403301 61.981247 43.105690  0.688981 0.129954 0.713034  0.249519 0.463892 1 0 1.000000
0  26.096254 67.809097 40.451591  0.578126 0.090597 0.810903  0.266282 0.458801 1 0 1.000000
skin_0dam
0  27.293711 62.012066 40.068764  0.645521 0.071108 0.760425  0.248815 0.455200 1 0 1.000000
0  26.096254 67.809097 40.451591  0.578126 0.090597 0.810903  0.266282 0.458801 1 0 1.000000
0  24.403301 61.981247 43.105690  0.688981 0.129954 0.713034  0.249519 0.463892 1 0 1.000000
skin_0dam
0  27.293711 62.012066 40.068764  0.645521 0.071108 0.760425  0.248815 0.455200 1 0 1.000000
0  28.339760 61.962349 39.373596  0.342197 -0.017557 0.939464  0.248484 0.452055 1 0 1.000000
0  26.096254 67.809097 40.451591  0.578126 0.090597 0.810903  0.266282 0.458801 1 0 1.000000
skin_0dam
0  28.339760 61.962349 39.373596  0.342197 -0.017557 0.939464  0.248484 0.452055 1 0 1.000000
0  27.293711 62.012066 40.068764  0.645521 0.071108 0.760425  0.248815 0.455200 1 0 1.000000
0  28.986662 58.055786 39.017998  0.421459 -0.027886 0.906419  0.236688 0.450109 1 0 1.000000
skin_0dam
0  28.339760 61.962349 39.373596  0.342197 -0.017557 0.939464  0.248484 0.452055 1 0 1.000000
0  28.986662 58.055786 39.017998  0.421459 -0.027886 0.906419  0.236688 0.450109 1 0 1.000000
0  29.840023 61.867050 39.199463  0.069242 -0.097759 0.992798  0.248153 0.447543 1 0 1.000000
skin_0dam
0  28.105776 57.755512 39.765450  0.692279 0.033995 0.720829  0.235984 0.452758 1 0 1.000000
0  28.986662 58.055786 39.017998  0.421459 -0.027886 0.906419  0.236688 0.450109 1 0 1.000000
0  27.293711 62.012066 40.068764  0.645521 0.071108 0.760425  0.248815 0.455200 1 0 1.000000
skin_0dam
0  27.293711 62.012066 40.068764  0.645521 0.071108 0.760425  0.248815 0.455200 1 0 1.000000
0  24.403301 61.981247 43.105690  0.688981 0.129954 0.713034  0.249519 0.463892 1 0 1.000000
0  28.105776 57.755512 39.765450  0.692279 0.033995 0.720829  0.235984 0.452758 1 0 1.000000
skin_0dam
0  26.096254 67.809097 40.451591  0.578126 0.090597 0.810903  0.266282 0.458801 1 0 1.000000
0  24.210608 75.495407 40.875366  0.465074 0.088844 0.880803  0.289418 0.464471 1 0 1.000000
0  23.770164 67.855736 42.445240  0.597409 0.141435 0.789366  0.266944 0.465796 1 0 1.000000
skin_0dam
0  26.096254 67.809097 40.451591  0.578126 0.090597 0.810903  0.266282 0.458801 1 0 1.000000
0  27.114780 67.747391 39.893539  0.270345 -0.020152 0.962553  0.265950 0.455738 1 0 1.000000
0  24.210608 75.495407 40.875366  0.465074 0.088844 0.880803  0.289418 0.464471 1 0 1.000000
skin_0dam
0  25.284187 75.365662 40.463333  0.181482 -0.015770 0.983268  0.288922 0.461243 1 0 1.000000
0  24.210608 75.495407 40.875366  0.465074 0.088844 0.880803  0.289418 0.464471 1 0 1.000000
0  27.114780 67.747391 39.893539  0.270345 -0.020152 0.962553  0.265950 0.455738 1 0 1.000000
skin_0dam
0  25.284187 75.365662 40.463333  0.181482 -0.015770 0.983268  0.288922 0.461243 1 0 1.000000
0  27.114780 67.747391 39.893539  0.270345 -0.020152 0.962553  0.265950 0.455738 1 0 1.000000
0  26.701864 75.214828 40.450138  -0.011847 -0.071061 0.997402  0.288466 0.456980 1 0 1.000000
skin_0dam
0  26.701864 75.214828 40.450138  -0.011847 -0.071061 0.997402  0.288466 0.456980 1 0 1.000000
0  24.788687 81.552612 40.811199  -0.009508 -0.051866 0.998609  0.307547 0.462733 1 0 1.000000
0  25.284187 75.365662 40.463333  0.181482 -0.015770 0.983268  0.288922 0.461243 1 0 1.000000
skin_0dam
0  27.114780 67.747391 39.893539  0.270345 -0.020152 0.962553  0.265950 0.455738 1 0 1.000000
0  26.096254 67.809097 40.451591  0.578126 0.090597 0.810903  0.266282 0.458801 1 0 1.000000
0  28.339760 61.962349 39.373596  0.342197 -0.017557 0.939464  0.248484 0.452055 1 0 1.000000
skin_0dam
0  28.339760 61.962349 39.373596  0.342197 -0.017557 0.939464  0.248484 0.452055 1 0 1.000000
0  29.840023 61.867050 39.199463  0.069242 -0.097759 0.992798  0.248153 0.447543 1 0 1.000000
0  27.114780 67.747391 39.893539  0.270345 -0.020152 0.962553  0.265950 0.455738 1 0 1.000000
skin_0dam
0  28.615040 67.643700 39.815384  0.018763 -0.093811 0.995413  0.265619 0.451227 1 0 1.000000
0  27.114780 67.747391 39.893539  0.270345 -0.020152 0.962553  0.265950 0.455738 1 0 1.000000
0  29.840023 61.867050 39.199463  0.069242 -0.097759 0.992798  0.248153 0.447543 1 0 1.000000
skin_0dam
0  28.615040 67.643700 39.815384  0.018763 -0.093811 0.995413  0.265619 0.451227 1 0 1.000000
0  26.701864 75.214828 40.450138  -0.011847 -0.071061 0.997402  0.288466 0.456980 1 0 1.000000
0  27.114780 67.747391 39.893539  0.270345 -0.020152 0.962553  0.265950 0.455738 1 0 1.000000
skin_0dam
0  26.701864 75.214828 40.450138  -0.011847 -0.071061 0.997402  0.288466 0.456980 1 0 1.000000
0  28.615040 67.643700 39.815384  0.018763 -0.093811 0.995413  0.265619 0.451227 1 0 1.000000
0  32.276218 74.542290 40.557098  0.035825 -0.079062 0.996226  0.286480 0.440217 1 0 1.000000
skin_0dam
0  26.701864 75.214828 40.450138  -0.011847 -0.071061 0.997402  0.288466 0.456980 1 0 1.000000
0  32.276218 74.542290 40.557098  0.035825 -0.079062 0.996226  0.286480 0.440217 1 0 1.000000
0  24.788687 81.552612 40.811199  -0.009508 -0.051866 0.998609  0.307547 0.462733 1 0 1.000000
skin_0dam
0  31.560503 81.175720 41.013100  0.025099 -0.052295 0.998316  0.306471 0.442369 1 0 1.000000
0  24.788687 81.552612 40.811199  -0.009508 -0.051866 0.998609  0.307547 0.462733 1 0 1.000000
0  32.276218 74.542290 40.557098  0.035825 -0.079062 0.996226  0.286480 0.440217 1 0 1.000000
skin_0dam
0  24.788687 81.552612 40.811199  -0.009508 -0.051866 0.998609  0.307547 0.462733 1 0 1.000000
0  31.560503 81.175720 41.013100  0.025099 -0.052295 0.998316  0.306471 0.442369 1 0 1.000000
0  22.682819 87.020058 41.013206  0.001726 -0.022615 0.999743  0.323979 0.469066 1 0 1.000000
skin_0dam
0  30.913601 86.325394 41.214943  0.019955 -0.030325 0.999341  0.321951 0.444315 1 0 1.000000
0  22.682819 87.020058 41.013206  0.001726 -0.022615 0.999743  0.323979 0.469066 1 0 1.000000
0  31.560503 81.175720 41.013100  0.025099 -0.052295 0.998316  0.306471 0.442369 1 0 1.000000
skin_0dam
0  29.840023 61.867050 39.199463  0.069242 -0.097759 0.992798  0.248153 0.447543 1 0 1.000000
0  32.950649 67.231148 39.793106  0.049320 -0.109679 0.992743  0.264378 0.438189 1 0 1.000000
0  28.615040 67.643700 39.815384  0.018763 -0.093811 0.995413  0.265619 0.451227 1 0 1.000000
skin_0dam
0  32.950649 67.231148 39.793106  0.049320 -0.109679 0.992743  0.264378 0.438189 1 0 1.000000
0  32.276218 74.542290 40.557098  0.035825 -0.079062 0.996226  0.286480 0.440217 1 0 1.000000
0  28.615040 67.643700 39.815384  0.018763 -0.093811 0.995413  0.265619 0.451227 1 0 1.000000
skin_0dam
0  28.105776 57.755512 39.765450  0.692279 0.033995 0.720829  0.235984 0.452758 1 0 1.000000
0  28.780203 54.637859 39.078194  0.685085 -0.003235 0.728456  0.226465 0.450730 1 0 1.000000
0  28.986662 58.055786 39.017998  0.421459 -0.027886 0.906419  0.236688 0.450109 1 0 1.000000
skin_0dam
0  29.220646 55.515564 38.837208  0.464251 -0.023262 0.885398  0.229031 0.449406 1 0 1.000000
0  28.986662 58.055786 39.017998  0.421459 -0.027886 0.906419  0.236688 0.450109 1 0 1.000000
0  28.780203 54.637859 39.078194  0.685085 -0.003235 0.728456  0.226465 0.450730 1 0 1.000000
skin_0dam
0  29.220646 55.515564 38.837208  0.464251 -0.023262 0.885398  0.229031 0.449406 1 0 1.000000
0  30.418102 58.220486 38.714630  0.178940 -0.085780 0.980114  0.237102 0.445805 1 0 1.000000
0  28.986662 58.055786 39.017998  0.421459 -0.027886 0.906419  0.236688 0.450109 1 0 1.000000
skin_0dam
0  30.418102 58.220486 38.714630  0.178940 -0.085780 0.980114  0.237102 0.445805 1 0 1.000000
0  29.840023 61.867050 39.199463  0.069242 -0.097759 0.992798  0.248153 0.447543 1 0 1.000000
0  28.986662 58.055786 39.017998  0.421459 -0.027886 0.906419  0.236688 0.450109 1 0 1.000000
skin_0dam
0  29.840023 61.867050 39.199463  0.069242 -0.097759 0.992798  0.248153 0.447543 1 0 1.000000
0  30.418102 58.220486 38.714630  0.178940 -0.085780 0.980114  0.237102 0.445805 1 0 1.000000
0  32.014713 61.667381 39.112911  0.023908 -0.123321 0.992079  0.247532 0.441003 1 0 1.000000
skin_0dam
0  32.014713 61.667381 39.112911  0.023908 -0.123321 0.992079  0.247532 0.441003 1 0 1.000000
0  33.212166 64.184296 39.402195  0.036970 -0.125072 0.991459  0.255148 0.437403 1 0 1.000000
0  29.840023 61.867050 39.199463  0.069242 -0.097759 0.992798  0.248153 0.447543 1 0 1.000000
skin_0dam
0  32.950649 67.231148 39.793106  0.049320 -0.109679 0.992743  0.264378 0.438189 1 0 1.000000
0  29.840023 61.867050 39.199463  0.069242 -0.097759 0.992798  0.248153 0.447543 1 0 1.000000
0  33.212166 64.184296 39.402195  0.036970 -0.125072 0.991459  0.255148 0.437403 1 0 1.000000
skin_0dam
0  32.950649 67.231148 39.793106  0.049320 -0.109679 0.992743  0.264378 0.438189 1 0 1.000000
0  33.212166 64.184296 39.402195  0.036970 -0.125072 0.991459  0.255148 0.437403 1 0 1.000000
0  34.051754 66.420464 39.584019  0.097931 -0.116855 0.988309  0.261894 0.434878 1 0 1.000000
skin_0dam
0  32.950649 67.231148 39.793106  0.049320 -0.109679 0.992743  0.264378 0.438189 1 0 1.000000
0  34.051754 66.420464 39.584019  0.097931 -0.116855 0.988309  0.261894 0.434878 1 0 1.000000
0  34.478436 68.407425 39.771671  0.090596 -0.099577 0.990897  0.267896 0.433595 1 0 1.000000
skin_0dam
0  32.950649 67.231148 39.793106  0.049320 -0.109679 0.992743  0.264378 0.438189 1 0 1.000000
0  34.478436 68.407425 39.771671  0.090596 -0.099577 0.990897  0.267896 0.433595 1 0 1.000000
0  32.276218 74.542290 40.557098  0.035825 -0.079062 0.996226  0.286480 0.440217 1 0 1.000000
skin_0dam
0  34.519730 70.092735 39.932930  0.071460 -0.100549 0.992363  0.272987 0.433471 1 0 1.000000
0  32.276218 74.542290 40.557098  0.035825 -0.079062 0.996226  0.286480 0.440217 1 0 1.000000
0  34.478436 68.407425 39.771671  0.090596 -0.099577 0.990897  0.267896 0.433595 1 0 1.000000
skin_0dam
0  34.519730 70.092735 39.932930  0.071460 -0.100549 0.992363  0.272987 0.433471 1 0 1.000000
0  34.079288 74.365921 40.362053  0.099156 -0.076534 0.992124  0.285900 0.434795 1 0 1.000000
0  32.276218 74.542290 40.557098  0.035825 -0.079062 0.996226  0.286480 0.440217 1 0 1.000000
skin_0dam
0  34.079288 74.365921 40.362053  0.099156 -0.076534 0.992124  0.285900 0.434795 1 0 1.000000
0  33.308514 81.106651 40.855072  0.084140 -0.047634 0.995315  0.306223 0.437113 1 0 1.000000
0  32.276218 74.542290 40.557098  0.035825 -0.079062 0.996226  0.286480 0.440217 1 0 1.000000
skin_0dam
0  31.560503 81.175720 41.013100  0.025099 -0.052295 0.998316  0.306471 0.442369 1 0 1.000000
0  32.276218 74.542290 40.557098  0.035825 -0.079062 0.996226  0.286480 0.440217 1 0 1.000000
0  33.308514 81.106651 40.855072  0.084140 -0.047634 0.995315  0.306223 0.437113 1 0 1.000000
skin_0dam
0  33.308514 81.106651 40.855072  0.084140 -0.047634 0.995315  0.306223 0.437113 1 0 1.000000
0  32.647846 86.103111 41.071144  0.072292 -0.028247 0.996984  0.321247 0.439100 1 0 1.000000
0  31.560503 81.175720 41.013100  0.025099 -0.052295 0.998316  0.306471 0.442369 1 0 1.000000
skin_0dam
0  30.913601 86.325394 41.214943  0.019955 -0.030325 0.999341  0.321951 0.444315 1 0 1.000000
0  31.560503 81.175720 41.013100  0.025099 -0.052295 0.998316  0.306471 0.442369 1 0 1.000000
0  32.647846 86.103111 41.071144  0.072292 -0.028247 0.996984  0.321247 0.439100 1 0 1.000000
skin_0dam
0  32.647846 86.103111 41.071144  0.072292 -0.028247 0.996984  0.321247 0.439100 1 0 1.000000
0  32.289982 88.829971 41.171551  0.061276 -0.019661 0.997927  0.329442 0.440176 1 0 1.000000
0  30.913601 86.325394 41.214943  0.019955 -0.030325 0.999341  0.321951 0.444315 1 0 1.000000
skin_0dam
0  30.514446 89.358719 41.286892  0.001603 -0.024175 0.999707  0.331056 0.445515 1 0 1.000000
0  30.913601 86.325394 41.214943  0.019955 -0.030325 0.999341  0.321951 0.444315 1 0 1.000000
0  32.289982 88.829971 41.171551  0.061276 -0.019661 0.997927  0.329442 0.440176 1 0 1.000000
skin_0dam
0  20.191563 87.313148 41.453342  0.360677 0.105943 0.926655  0.324972 0.476557 1 0 1.000000
0  19.159273 87.415466 41.862972  0.334333 0.116008 0.935288  0.325386 0.479661 1 0 1.000000
0  22.490126 81.637115 41.108734  0.347863 0.083326 0.933835  0.307878 0.469645 1 0 1.000000
skin_0dam
0  21.099976 81.654083 41.704327  0.398851 0.113057 0.910020  0.308085 0.473825 1 0 1.000000
0  22.490126 81.637115 41.108734  0.347863 0.083326 0.933835  0.307878 0.469645 1 0 1.000000
0  19.159273 87.415466 41.862972  0.334333 0.116008 0.935288  0.325386 0.479661 1 0 1.000000
skin_0dam
0  21.099976 81.654083 41.704327  0.398851 0.113057 0.910020  0.308085 0.473825 1 0 1.000000
0  19.159273 87.415466 41.862972  0.334333 0.116008 0.935288  0.325386 0.479661 1 0 1.000000
0  17.438793 81.507736 43.377125  0.402754 0.138710 0.904737  0.308085 0.484835 1 0 1.000000
skin_0dam
0  21.099976 81.654083 41.704327  0.398851 0.113057 0.910020  0.308085 0.473825 1 0 1.000000
0  17.438793 81.507736 43.377125  0.402754 0.138710 0.904737  0.308085 0.484835 1 0 1.000000
0  23.013151 75.510498 41.650406  0.504209 0.144110 0.851473  0.289667 0.468072 1 0 1.000000
skin_0dam
0  18.374737 75.159164 44.244789  0.469716 0.180310 0.864208  0.289294 0.482021 1 0 1.000000
0  23.013151 75.510498 41.650406  0.504209 0.144110 0.851473  0.289667 0.468072 1 0 1.000000
0  17.438793 81.507736 43.377125  0.402754 0.138710 0.904737  0.308085 0.484835 1 0 1.000000
skin_0dam
0  18.374737 75.159164 44.244789  0.469716 0.180310 0.864208  0.289294 0.482021 1 0 1.000000
0  19.420788 67.812576 45.149487  0.507171 0.157638 0.847306  0.267523 0.478875 1 0 1.000000
0  23.013151 75.510498 41.650406  0.504209 0.144110 0.851473  0.289667 0.468072 1 0 1.000000
skin_0dam
0  23.398542 67.875282 42.695652  0.535453 0.149010 0.831316  0.267068 0.466913 1 0 1.000000
0  23.013151 75.510498 41.650406  0.504209 0.144110 0.851473  0.289667 0.468072 1 0 1.000000
0  19.420788 67.812576 45.149487  0.507171 0.157638 0.847306  0.267523 0.478875 1 0 1.000000
skin_0dam
0  23.398542 67.875282 42.695652  0.535453 0.149010 0.831316  0.267068 0.466913 1 0 1.000000
0  19.420788 67.812576 45.149487  0.507171 0.157638 0.847306  0.267523 0.478875 1 0 1.000000
0  24.004148 61.991188 43.465786  0.592206 0.152629 0.791199  0.249643 0.465092 1 0 1.000000
skin_0dam
0  24.004148 61.991188 43.465786  0.592206 0.152629 0.791199  0.249643 0.465092 1 0 1.000000
0  24.403301 61.981247 43.105690  0.688981 0.129954 0.713034  0.249519 0.463892 1 0 1.000000
0  23.398542 67.875282 42.695652  0.535453 0.149010 0.831316  0.267068 0.466913 1 0 1.000000
skin_0dam
0  24.403301 61.981247 43.105690  0.688981 0.129954 0.713034  0.249519 0.463892 1 0 1.000000
0  24.004148 61.991188 43.465786  0.592206 0.152629 0.791199  0.249643 0.465092 1 0 1.000000
0  24.540941 57.947166 43.733719  0.737129 0.133700 0.662394  0.237599 0.463478 1 0 1.000000
skin_0dam
0  24.706108 58.007492 43.517933  0.773878 0.122301 0.621414  0.237723 0.462981 1 0 1.000000
0  24.403301 61.981247 43.105690  0.688981 0.129954 0.713034  0.249519 0.463892 1 0 1.000000
0  24.540941 57.947166 43.733719  0.737129 0.133700 0.662394  0.237599 0.463478 1 0 1.000000
skin_0dam
0  24.926329 57.946819 43.263927  0.761999 0.121821 0.636017  0.237474 0.462319 1 0 1.000000
0  24.403301 61.981247 43.105690  0.688981 0.129954 0.713034  0.249519 0.463892 1 0 1.000000
0  24.706108 58.007492 43.517933  0.773878 0.122301 0.621414  0.237723 0.462981 1 0 1.000000
skin_0dam
0  24.403301 61.981247 43.105690  0.688981 0.129954 0.713034  0.249519 0.463892 1 0 1.000000
0  24.926329 57.946819 43.263927  0.761999 0.121821 0.636017  0.237474 0.462319 1 0 1.000000
0  25.628284 57.333740 42.533279  0.741942 0.091071 0.664250  0.235446 0.460208 1 0 1.000000
skin_0dam
0  25.628284 57.333740 42.533279  0.741942 0.091071 0.664250  0.235446 0.460208 1 0 1.000000
0  28.105776 57.755512 39.765450  0.692279 0.033995 0.720829  0.235984 0.452758 1 0 1.000000
0  24.403301 61.981247 43.105690  0.688981 0.129954 0.713034  0.249519 0.463892 1 0 1.000000
skin_0dam
0  28.105776 57.755512 39.765450  0.692279 0.033995 0.720829  0.235984 0.452758 1 0 1.000000
0  25.628284 57.333740 42.533279  0.741942 0.091071 0.664250  0.235446 0.460208 1 0 1.000000
0  26.467880 56.475739 41.601601  0.746211 0.005183 0.665690  0.232632 0.457683 1 0 1.000000
skin_0dam
0  28.105776 57.755512 39.765450  0.692279 0.033995 0.720829  0.235984 0.452758 1 0 1.000000
0  26.467880 56.475739 41.601601  0.746211 0.005183 0.665690  0.232632 0.457683 1 0 1.000000
0  27.431347 55.299454 40.517723  0.741167 0.002097 0.671317  0.228824 0.454786 1 0 1.000000
skin_0dam
0  28.381054 53.814320 39.489723  0.728300 0.004450 0.685244  0.224106 0.451930 1 0 1.000000
0  28.105776 57.755512 39.765450  0.692279 0.033995 0.720829  0.235984 0.452758 1 0 1.000000
0  27.431347 55.299454 40.517723  0.741167 0.002097 0.671317  0.228824 0.454786 1 0 1.000000
skin_0dam
0  28.105776 57.755512 39.765450  0.692279 0.033995 0.720829  0.235984 0.452758 1 0 1.000000
0  28.381054 53.814320 39.489723  0.728300 0.004450 0.685244  0.224106 0.451930 1 0 1.000000
0  28.780203 54.637859 39.078194  0.685085 -0.003235 0.728456  0.226465 0.450730 1 0 1.000000
skin_0dam
0  20.673300 58.805016 46.088478  0.521261 0.144232 0.841121  0.240786 0.475109 1 0 1.000000
0  24.004148 61.991188 43.465786  0.592206 0.152629 0.791199  0.249643 0.465092 1 0 1.000000
0  19.420788 67.812576 45.149487  0.507171 0.157638 0.847306  0.267523 0.478875 1 0 1.000000
skin_0dam
0  20.673300 58.805016 46.088478  0.521261 0.144232 0.841121  0.240786 0.475109 1 0 1.000000
0  24.348246 57.607815 43.980358  0.544318 0.136877 0.827637  0.236647 0.464057 1 0 1.000000
0  24.004148 61.991188 43.465786  0.592206 0.152629 0.791199  0.249643 0.465092 1 0 1.000000
skin_0dam
0  24.348246 57.607815 43.980358  0.544318 0.136877 0.827637  0.236647 0.464057 1 0 1.000000
0  24.403301 57.821884 43.902367  0.671410 0.140214 0.727701  0.237268 0.463892 1 0 1.000000
0  24.004148 61.991188 43.465786  0.592206 0.152629 0.791199  0.249643 0.465092 1 0 1.000000
skin_0dam
0  24.403301 57.821884 43.902367  0.671410 0.140214 0.727701  0.237268 0.463892 1 0 1.000000
0  24.540941 57.947166 43.733719  0.737129 0.133700 0.662394  0.237599 0.463478 1 0 1.000000
0  24.004148 61.991188 43.465786  0.592206 0.152629 0.791199  0.249643 0.465092 1 0 1.000000
skin_0dam
0  20.673300 58.805016 46.088478  0.521261 0.144232 0.841121  0.240786 0.475109 1 0 1.000000
0  21.884521 49.567448 46.813919  0.545978 0.107886 0.830824  0.213303 0.471466 1 0 1.000000
0  24.348246 57.607815 43.980358  0.544318 0.136877 0.827637  0.236647 0.464057 1 0 1.000000
skin_0dam
0  25.008913 49.357460 44.792168  0.547159 0.102044 0.830785  0.212144 0.462071 1 0 1.000000
0  24.348246 57.607815 43.980358  0.544318 0.136877 0.827637  0.236647 0.464057 1 0 1.000000
0  21.884521 49.567448 46.813919  0.545978 0.107886 0.830824  0.213303 0.471466 1 0 1.000000
skin_0dam
0  25.008913 49.357460 44.792168  0.547159 0.102044 0.830785  0.212144 0.462071 1 0 1.000000
0  21.884521 49.567448 46.813919  0.545978 0.107886 0.830824  0.213303 0.471466 1 0 1.000000
0  25.545702 41.013706 45.250393  0.563132 0.091248 0.821314  0.187269 0.460457 1 0 1.000000
skin_0dam
0  22.861752 41.225563 47.092697  0.568448 0.093907 0.817343  0.188386 0.468528 1 0 1.000000
0  25.545702 41.013706 45.250393  0.563132 0.091248 0.821314  0.187269 0.460457 1 0 1.000000
0  21.884521 49.567448 46.813919  0.545978 0.107886 0.830824  0.213303 0.471466 1 0 1.000000
skin_0dam
0  15.566910 93.026550 42.160450  0.106172 0.086797 0.990552  0.342273 0.490464 1 0 1.000000
0  16.406504 88.076889 42.514946  0.238660 0.106302 0.965267  0.327538 0.487939 1 0 1.000000
0  17.135988 92.804245 42.016651  0.264174 0.116704 0.957388  0.341569 0.485746 1 0 1.000000
skin_0dam
0  17.810417 92.725739 41.650551  0.445961 0.164817 0.879747  0.341238 0.483718 1 0 1.000000
0  20.191563 87.313148 41.453342  0.360677 0.105943 0.926655  0.324972 0.476557 1 0 1.000000
0  19.159273 92.476196 41.186596  0.265576 0.084537 0.960376  0.340369 0.479661 1 0 1.000000
skin_0dam
0  17.810417 92.725739 41.650551  0.445961 0.164817 0.879747  0.341238 0.483718 1 0 1.000000
0  17.135988 92.804245 42.016651  0.264174 0.116704 0.957388  0.341569 0.485746 1 0 1.000000
0  20.191563 87.313148 41.453342  0.360677 0.105943 0.926655  0.324972 0.476557 1 0 1.000000
skin_0dam
0  19.159273 87.415466 41.862972  0.334333 0.116008 0.935288  0.325386 0.479661 1 0 1.000000
0  20.191563 87.313148 41.453342  0.360677 0.105943 0.926655  0.324972 0.476557 1 0 1.000000
0  17.135988 92.804245 42.016651  0.264174 0.116704 0.957388  0.341569 0.485746 1 0 1.000000
skin_0dam
0  19.159273 87.415466 41.862972  0.334333 0.116008 0.935288  0.325386 0.479661 1 0 1.000000
0  17.135988 92.804245 42.016651  0.264174 0.116704 0.957388  0.341569 0.485746 1 0 1.000000
0  16.406504 88.076889 42.514946  0.238660 0.106302 0.965267  0.327538 0.487939 1 0 1.000000
skin_0dam
0  16.406504 88.076889 42.514946  0.238660 0.106302 0.965267  0.327538 0.487939 1 0 1.000000
0  17.438793 81.507736 43.377125  0.402754 0.138710 0.904737  0.308085 0.484835 1 0 1.000000
0  19.159273 87.415466 41.862972  0.334333 0.116008 0.935288  0.325386 0.479661 1 0 1.000000
skin_0dam
0  -17.108469 92.907417 41.942780  0.000000 0.000000 1.000000  0.341859 0.588723 1 0 1.000000
0  -17.108469 92.907417 41.942780  0.246119 0.922291 0.298001  0.341859 0.588723 1 0 1.000000
0  -17.135996 92.804245 42.016651  0.212002 0.794596 -0.568922  0.341569 0.588806 1 0 1.000000
skin_0dam
0  -14.452044 83.180695 42.100399  0.225017 -0.018779 0.974174  0.312762 0.580735 1 0 1.000000
0  -14.727323 88.209366 42.264023  0.070623 -0.003078 0.997498  0.327869 0.581563 1 0 1.000000
0  -14.906252 82.479523 42.218670  0.380049 0.039320 0.924130  0.310693 0.582101 1 0 1.000000
skin_0dam
0  -14.727323 88.209366 42.264023  0.070623 -0.003078 0.997498  0.327869 0.581563 1 0 1.000000
0  -14.452044 83.180695 42.100399  0.225017 -0.018779 0.974174  0.312762 0.580735 1 0 1.000000
0  -13.915255 83.626656 42.056515  0.045402 -0.037158 0.998277  0.314087 0.579121 1 0 1.000000
skin_0dam
0  -21.664297 41.384792 47.009918  0.116693 0.033707 0.992596  0.188842 0.602423 1 0 1.000000
0  -20.632010 49.710041 46.605331  0.218427 0.032825 0.975301  0.213675 0.599319 1 0 1.000000
0  -22.641531 41.249393 47.136230  0.126174 0.031388 0.991511  0.188469 0.605362 1 0 1.000000
skin_0dam
0  -21.678061 49.592472 46.843742  0.218731 0.025787 0.975444  0.213386 0.602464 1 0 1.000000
0  -22.641531 41.249393 47.136230  0.126174 0.031388 0.991511  0.188469 0.605362 1 0 1.000000
0  -20.632010 49.710041 46.605331  0.218427 0.032825 0.975301  0.213675 0.599319 1 0 1.000000
skin_0dam
0  -21.678061 49.592472 46.843742  0.218731 0.025787 0.975444  0.213386 0.602464 1 0 1.000000
0  -20.632010 49.710041 46.605331  0.218427 0.032825 0.975301  0.213675 0.599319 1 0 1.000000
0  -20.453081 58.803818 46.102196  0.326097 0.046307 0.944202  0.240786 0.598781 1 0 1.000000
skin_0dam
0  -18.581198 63.370411 45.230602  0.313802 0.058082 0.947710  0.254237 0.593152 1 0 1.000000
0  -20.453081 58.803818 46.102196  0.326097 0.046307 0.944202  0.240786 0.598781 1 0 1.000000
0  -20.632010 49.710041 46.605331  0.218427 0.032825 0.975301  0.213675 0.599319 1 0 1.000000
skin_0dam
0  -19.214334 67.811378 45.163197  0.351093 0.065332 0.934059  0.267523 0.595056 1 0 1.000000
0  -20.453081 58.803818 46.102196  0.326097 0.046307 0.944202  0.240786 0.598781 1 0 1.000000
0  -18.581198 63.370411 45.230602  0.313802 0.058082 0.947710  0.254237 0.593152 1 0 1.000000
skin_0dam
0  -19.214334 67.811378 45.163197  0.351093 0.065332 0.934059  0.267523 0.595056 1 0 1.000000
0  -18.581198 63.370411 45.230602  0.313802 0.058082 0.947710  0.254237 0.593152 1 0 1.000000
0  -18.182045 75.131744 44.242393  0.399547 0.066397 0.914305  0.289211 0.591951 1 0 1.000000
skin_0dam
0  -16.406509 75.644890 43.430668  0.397660 0.071100 0.914774  0.290536 0.586612 1 0 1.000000
0  -18.182045 75.131744 44.242393  0.399547 0.066397 0.914305  0.289211 0.591951 1 0 1.000000
0  -18.581198 63.370411 45.230602  0.313802 0.058082 0.947710  0.254237 0.593152 1 0 1.000000
skin_0dam
0  -16.406509 75.644890 43.430668  0.397660 0.071100 0.914774  0.290536 0.586612 1 0 1.000000
0  -14.906252 82.479523 42.218670  0.380049 0.039320 0.924130  0.310693 0.582101 1 0 1.000000
0  -18.182045 75.131744 44.242393  0.399547 0.066397 0.914305  0.289211 0.591951 1 0 1.000000
skin_0dam
0  -17.246105 81.480316 43.374725  0.422432 0.057985 0.904538  0.308002 0.589137 1 0 1.000000
0  -18.182045 75.131744 44.242393  0.399547 0.066397 0.914305  0.289211 0.591951 1 0 1.000000
0  -14.906252 82.479523 42.218670  0.380049 0.039320 0.924130  0.310693 0.582101 1 0 1.000000
skin_0dam
0  -14.906252 82.479523 42.218670  0.380049 0.039320 0.924130  0.310693 0.582101 1 0 1.000000
0  -16.186291 88.091797 42.502434  0.200194 0.016467 0.979618  0.327580 0.585950 1 0 1.000000
0  -17.246105 81.480316 43.374725  0.422432 0.057985 0.904538  0.308002 0.589137 1 0 1.000000
skin_0dam
0  -16.186291 88.091797 42.502434  0.200194 0.016467 0.979618  0.327580 0.585950 1 0 1.000000
0  -14.906252 82.479523 42.218670  0.380049 0.039320 0.924130  0.310693 0.582101 1 0 1.000000
0  -14.727323 88.209366 42.264023  0.070623 -0.003078 0.997498  0.327869 0.581563 1 0 1.000000
skin_0dam
0  -15.332932 93.066483 42.177757  -0.004436 0.017205 0.999842  0.342397 0.583384 1 0 1.000000
0  -16.186291 88.091797 42.502434  0.200194 0.016467 0.979618  0.327580 0.585950 1 0 1.000000
0  -14.727323 88.209366 42.264023  0.070623 -0.003078 0.997498  0.327869 0.581563 1 0 1.000000
skin_0dam
0  -30.514454 89.358719 41.286900  -0.001559 -0.024199 0.999706  0.331056 0.629037 1 0 1.000000
0  -30.913609 86.325394 41.214951  -0.019807 -0.030328 0.999344  0.321951 0.630237 1 0 1.000000
0  -20.576958 92.141808 41.060627  -0.054162 0.001870 0.998530  0.339334 0.599153 1 0 1.000000
skin_0dam
0  -30.514454 89.358719 41.286900  -0.001559 -0.024199 0.999706  0.331056 0.629037 1 0 1.000000
0  -32.289989 88.829971 41.171558  -0.061274 -0.019664 0.997927  0.329442 0.634376 1 0 1.000000
0  -30.913609 86.325394 41.214951  -0.019807 -0.030328 0.999344  0.321951 0.630237 1 0 1.000000
skin_0dam
0  -32.647854 86.103104 41.071152  -0.072292 -0.028221 0.996984  0.321247 0.635452 1 0 1.000000
0  -30.913609 86.325394 41.214951  -0.019807 -0.030328 0.999344  0.321951 0.630237 1 0 1.000000
0  -32.289989 88.829971 41.171558  -0.061274 -0.019664 0.997927  0.329442 0.634376 1 0 1.000000
skin_0dam
0  -26.701868 75.214828 40.450146  0.011848 -0.071060 0.997402  0.288466 0.617572 1 0 1.000000
0  -25.284191 75.365662 40.463341  -0.182380 -0.015464 0.983106  0.288922 0.613308 1 0 1.000000
0  -24.788694 81.552612 40.811199  0.009507 -0.051868 0.998609  0.307547 0.611818 1 0 1.000000
skin_0dam
0  -23.439838 81.607460 40.815994  -0.157491 0.004528 0.987510  0.307713 0.607762 1 0 1.000000
0  -24.788694 81.552612 40.811199  0.009507 -0.051868 0.998609  0.307547 0.611818 1 0 1.000000
0  -25.284191 75.365662 40.463341  -0.182380 -0.015464 0.983106  0.288922 0.613308 1 0 1.000000
skin_0dam
0  -23.439838 81.607460 40.815994  -0.157491 0.004528 0.987510  0.307713 0.607762 1 0 1.000000
0  -25.284191 75.365662 40.463341  -0.182380 -0.015464 0.983106  0.288922 0.613308 1 0 1.000000
0  -23.247145 78.951378 41.011932  -0.439497 0.082245 0.894471  0.299807 0.607183 1 0 1.000000
skin_0dam
0  -23.247145 78.951378 41.011932  -0.439497 0.082245 0.894471  0.299807 0.607183 1 0 1.000000
0  -22.490133 81.637115 41.108734  -0.347863 0.083326 0.933835  0.307878 0.604906 1 0 1.000000
0  -23.439838 81.607460 40.815994  -0.157491 0.004528 0.987510  0.307713 0.607762 1 0 1.000000
skin_0dam
0  -23.247145 78.951378 41.011932  -0.439497 0.082245 0.894471  0.299807 0.607183 1 0 1.000000
0  -23.013155 75.510498 41.650406  -0.504208 0.144109 0.851473  0.289667 0.606479 1 0 1.000000
0  -22.490133 81.637115 41.108734  -0.347863 0.083326 0.933835  0.307878 0.604906 1 0 1.000000
skin_0dam
0  -21.099983 81.654083 41.704327  -0.398894 0.113062 0.910000  0.308085 0.600726 1 0 1.000000
0  -22.490133 81.637115 41.108734  -0.347863 0.083326 0.933835  0.307878 0.604906 1 0 1.000000
0  -23.013155 75.510498 41.650406  -0.504208 0.144109 0.851473  0.289667 0.606479 1 0 1.000000
skin_0dam
0  -21.099983 81.654083 41.704327  -0.398894 0.113062 0.910000  0.308085 0.600726 1 0 1.000000
0  -23.013155 75.510498 41.650406  -0.504208 0.144109 0.851473  0.289667 0.606479 1 0 1.000000
0  -17.438801 81.507736 43.377125  -0.402754 0.138710 0.904737  0.308085 0.589716 1 0 1.000000
skin_0dam
0  -21.099983 81.654083 41.704327  -0.398894 0.113062 0.910000  0.308085 0.600726 1 0 1.000000
0  -17.438801 81.507736 43.377125  -0.402754 0.138710 0.904737  0.308085 0.589716 1 0 1.000000
0  -19.159281 87.415466 41.862972  -0.334333 0.116008 0.935288  0.325386 0.594890 1 0 1.000000
skin_0dam
0  -16.406511 88.076889 42.514946  -0.238660 0.106302 0.965267  0.327538 0.586612 1 0 1.000000
0  -19.159281 87.415466 41.862972  -0.334333 0.116008 0.935288  0.325386 0.594890 1 0 1.000000
0  -17.438801 81.507736 43.377125  -0.402754 0.138710 0.904737  0.308085 0.589716 1 0 1.000000
skin_0dam
0  -19.159281 87.415466 41.862972  -0.334333 0.116008 0.935288  0.325386 0.594890 1 0 1.000000
0  -16.406511 88.076889 42.514946  -0.238660 0.106302 0.965267  0.327538 0.586612 1 0 1.000000
0  -17.135996 92.804245 42.016651  -0.264844 0.116911 0.957178  0.341569 0.588806 1 0 1.000000
skin_0dam
0  -19.159281 87.415466 41.862972  -0.334333 0.116008 0.935288  0.325386 0.594890 1 0 1.000000
0  -17.135996 92.804245 42.016651  -0.264844 0.116911 0.957178  0.341569 0.588806 1 0 1.000000
0  -20.191570 87.313148 41.453342  -0.360677 0.105943 0.926655  0.324972 0.597994 1 0 1.000000
skin_0dam
0  -17.810425 92.725739 41.650551  -0.445962 0.164816 0.879747  0.341238 0.590834 1 0 1.000000
0  -20.191570 87.313148 41.453342  -0.360677 0.105943 0.926655  0.324972 0.597994 1 0 1.000000
0  -17.135996 92.804245 42.016651  -0.264844 0.116911 0.957178  0.341569 0.588806 1 0 1.000000
skin_0dam
0  -17.810425 92.725739 41.650551  -0.445962 0.164816 0.879747  0.341238 0.590834 1 0 1.000000
0  -19.159281 92.476196 41.186596  -0.265159 0.084391 0.960505  0.340369 0.594890 1 0 1.000000
0  -20.191570 87.313148 41.453342  -0.360677 0.105943 0.926655  0.324972 0.597994 1 0 1.000000
skin_0dam
0  -21.320206 87.168488 41.053825  -0.189531 0.046515 0.980772  0.324434 0.601388 1 0 1.000000
0  -20.191570 87.313148 41.453342  -0.360677 0.105943 0.926655  0.324972 0.597994 1 0 1.000000
0  -19.159281 92.476196 41.186596  -0.265159 0.084391 0.960505  0.340369 0.594890 1 0 1.000000
skin_0dam
0  -19.159281 92.476196 41.186596  -0.265159 0.084391 0.960505  0.340369 0.594890 1 0 1.000000
0  -20.576958 92.141808 41.060627  -0.054162 0.001870 0.998530  0.339334 0.599153 1 0 1.000000
0  -21.320206 87.168488 41.053825  -0.189531 0.046515 0.980772  0.324434 0.601388 1 0 1.000000
skin_0dam
0  -22.682827 87.020058 41.013206  -0.002340 -0.022530 0.999743  0.323979 0.605486 1 0 1.000000
0  -21.320206 87.168488 41.053825  -0.189531 0.046515 0.980772  0.324434 0.601388 1 0 1.000000
0  -20.576958 92.141808 41.060627  -0.054162 0.001870 0.998530  0.339334 0.599153 1 0 1.000000
skin_0dam
0  -22.682827 87.020058 41.013206  -0.002340 -0.022530 0.999743  0.323979 0.605486 1 0 1.000000
0  -20.576958 92.141808 41.060627  -0.054162 0.001870 0.998530  0.339334 0.599153 1 0 1.000000
0  -30.913609 86.325394 41.214951  -0.019807 -0.030328 0.999344  0.321951 0.630237 1 0 1.000000
skin_0dam
0  -30.913609 86.325394 41.214951  -0.019807 -0.030328 0.999344  0.321951 0.630237 1 0 1.000000
0  -31.560511 81.175720 41.013107  -0.025196 -0.052281 0.998314  0.306471 0.632182 1 0 1.000000
0  -22.682827 87.020058 41.013206  -0.002340 -0.022530 0.999743  0.323979 0.605486 1 0 1.000000
skin_0dam
0  -15.566917 93.026550 42.160450  -0.106171 0.086797 0.990552  0.342273 0.584087 1 0 1.000000
0  -17.135996 92.804245 42.016651  -0.264844 0.116911 0.957178  0.341569 0.588806 1 0 1.000000
0  -16.406511 88.076889 42.514946  -0.238660 0.106302 0.965267  0.327538 0.586612 1 0 1.000000
skin_0dam
0  -23.398546 67.875282 42.695652  -0.535573 0.149022 0.831237  0.267068 0.607638 1 0 1.000000
0  -19.420792 67.812576 45.149487  -0.507171 0.157638 0.847306  0.267523 0.595677 1 0 1.000000
0  -23.013155 75.510498 41.650406  -0.504208 0.144109 0.851473  0.289667 0.606479 1 0 1.000000
skin_0dam
0  -18.374741 75.159164 44.244789  -0.469716 0.180310 0.864208  0.289294 0.592531 1 0 1.000000
0  -23.013155 75.510498 41.650406  -0.504208 0.144109 0.851473  0.289667 0.606479 1 0 1.000000
0  -19.420792 67.812576 45.149487  -0.507171 0.157638 0.847306  0.267523 0.595677 1 0 1.000000
skin_0dam
0  -18.374741 75.159164 44.244789  -0.469716 0.180310 0.864208  0.289294 0.592531 1 0 1.000000
0  -17.438801 81.507736 43.377125  -0.402754 0.138710 0.904737  0.308085 0.589716 1 0 1.000000
0  -23.013155 75.510498 41.650406  -0.504208 0.144109 0.851473  0.289667 0.606479 1 0 1.000000
skin_0dam
0  -25.284191 75.365662 40.463341  -0.182380 -0.015464 0.983106  0.288922 0.613308 1 0 1.000000
0  -26.701868 75.214828 40.450146  0.011848 -0.071060 0.997402  0.288466 0.617572 1 0 1.000000
0  -27.114784 67.747391 39.893547  -0.270472 -0.020117 0.962518  0.265950 0.618813 1 0 1.000000
skin_0dam
0  -28.615044 67.643700 39.815392  -0.018636 -0.093876 0.995410  0.265619 0.623325 1 0 1.000000
0  -27.114784 67.747391 39.893547  -0.270472 -0.020117 0.962518  0.265950 0.618813 1 0 1.000000
0  -26.701868 75.214828 40.450146  0.011848 -0.071060 0.997402  0.288466 0.617572 1 0 1.000000
skin_0dam
0  -28.615044 67.643700 39.815392  -0.018636 -0.093876 0.995410  0.265619 0.623325 1 0 1.000000
0  -29.840027 61.867043 39.199471  -0.069272 -0.097621 0.992810  0.248153 0.627008 1 0 1.000000
0  -27.114784 67.747391 39.893547  -0.270472 -0.020117 0.962518  0.265950 0.618813 1 0 1.000000
skin_0dam
0  -32.950657 67.231140 39.793114  -0.049320 -0.109680 0.992743  0.264378 0.636362 1 0 1.000000
0  -29.840027 61.867043 39.199471  -0.069272 -0.097621 0.992810  0.248153 0.627008 1 0 1.000000
0  -28.615044 67.643700 39.815392  -0.018636 -0.093876 0.995410  0.265619 0.623325 1 0 1.000000
skin_0dam
0  -32.950657 67.231140 39.793114  -0.049320 -0.109680 0.992743  0.264378 0.636362 1 0 1.000000
0  -28.615044 67.643700 39.815392  -0.018636 -0.093876 0.995410  0.265619 0.623325 1 0 1.000000
0  -32.276226 74.542282 40.557106  -0.035480 -0.079047 0.996239  0.286480 0.634334 1 0 1.000000
skin_0dam
0  -26.701868 75.214828 40.450146  0.011848 -0.071060 0.997402  0.288466 0.617572 1 0 1.000000
0  -32.276226 74.542282 40.557106  -0.035480 -0.079047 0.996239  0.286480 0.634334 1 0 1.000000
0  -28.615044 67.643700 39.815392  -0.018636 -0.093876 0.995410  0.265619 0.623325 1 0 1.000000
skin_0dam
0  -26.701868 75.214828 40.450146  0.011848 -0.071060 0.997402  0.288466 0.617572 1 0 1.000000
0  -24.788694 81.552612 40.811199  0.009507 -0.051868 0.998609  0.307547 0.611818 1 0 1.000000
0  -32.276226 74.542282 40.557106  -0.035480 -0.079047 0.996239  0.286480 0.634334 1 0 1.000000
skin_0dam
0  -31.560511 81.175720 41.013107  -0.025196 -0.052281 0.998314  0.306471 0.632182 1 0 1.000000
0  -32.276226 74.542282 40.557106  -0.035480 -0.079047 0.996239  0.286480 0.634334 1 0 1.000000
0  -24.788694 81.552612 40.811199  0.009507 -0.051868 0.998609  0.307547 0.611818 1 0 1.000000
skin_0dam
0  -24.788694 81.552612 40.811199  0.009507 -0.051868 0.998609  0.307547 0.611818 1 0 1.000000
0  -22.682827 87.020058 41.013206  -0.002340 -0.022530 0.999743  0.323979 0.605486 1 0 1.000000
0  -31.560511 81.175720 41.013107  -0.025196 -0.052281 0.998314  0.306471 0.632182 1 0 1.000000
skin_0dam
0  -22.682827 87.020058 41.013206  -0.002340 -0.022530 0.999743  0.323979 0.605486 1 0 1.000000
0  -24.788694 81.552612 40.811199  0.009507 -0.051868 0.998609  0.307547 0.611818 1 0 1.000000
0  -21.320206 87.168488 41.053825  -0.189531 0.046515 0.980772  0.324434 0.601388 1 0 1.000000
skin_0dam
0  -23.439838 81.607460 40.815994  -0.157491 0.004528 0.987510  0.307713 0.607762 1 0 1.000000
0  -21.320206 87.168488 41.053825  -0.189531 0.046515 0.980772  0.324434 0.601388 1 0 1.000000
0  -24.788694 81.552612 40.811199  0.009507 -0.051868 0.998609  0.307547 0.611818 1 0 1.000000
skin_0dam
0  -21.320206 87.168488 41.053825  -0.189531 0.046515 0.980772  0.324434 0.601388 1 0 1.000000
0  -23.439838 81.607460 40.815994  -0.157491 0.004528 0.987510  0.307713 0.607762 1 0 1.000000
0  -20.191570 87.313148 41.453342  -0.360677 0.105943 0.926655  0.324972 0.597994 1 0 1.000000
skin_0dam
0  -22.490133 81.637115 41.108734  -0.347863 0.083326 0.933835  0.307878 0.604906 1 0 1.000000
0  -20.191570 87.313148 41.453342  -0.360677 0.105943 0.926655  0.324972 0.597994 1 0 1.000000
0  -23.439838 81.607460 40.815994  -0.157491 0.004528 0.987510  0.307713 0.607762 1 0 1.000000
skin_0dam
0  -20.191570 87.313148 41.453342  -0.360677 0.105943 0.926655  0.324972 0.597994 1 0 1.000000
0  -22.490133 81.637115 41.108734  -0.347863 0.083326 0.933835  0.307878 0.604906 1 0 1.000000
0  -19.159281 87.415466 41.862972  -0.334333 0.116008 0.935288  0.325386 0.594890 1 0 1.000000
skin_0dam
0  -21.099983 81.654083 41.704327  -0.398894 0.113062 0.910000  0.308085 0.600726 1 0 1.000000
0  -19.159281 87.415466 41.862972  -0.334333 0.116008 0.935288  0.325386 0.594890 1 0 1.000000
0  -22.490133 81.637115 41.108734  -0.347863 0.083326 0.933835  0.307878 0.604906 1 0 1.000000
skin_0dam
0  -28.339764 61.962341 39.373604  -0.342241 -0.017554 0.939448  0.248484 0.622497 1 0 1.000000
0  -29.840027 61.867043 39.199471  -0.069272 -0.097621 0.992810  0.248153 0.627008 1 0 1.000000
0  -28.986666 58.055779 39.018005  -0.422050 -0.027318 0.906161  0.236688 0.624442 1 0 1.000000
skin_0dam
0  -28.339764 61.962341 39.373604  -0.342241 -0.017554 0.939448  0.248484 0.622497 1 0 1.000000
0  -27.114784 67.747391 39.893547  -0.270472 -0.020117 0.962518  0.265950 0.618813 1 0 1.000000
0  -29.840027 61.867043 39.199471  -0.069272 -0.097621 0.992810  0.248153 0.627008 1 0 1.000000
skin_0dam
0  -30.913609 86.325394 41.214951  -0.019807 -0.030328 0.999344  0.321951 0.630237 1 0 1.000000
0  -32.647854 86.103104 41.071152  -0.072292 -0.028221 0.996984  0.321247 0.635452 1 0 1.000000
0  -31.560511 81.175720 41.013107  -0.025196 -0.052281 0.998314  0.306471 0.632182 1 0 1.000000
skin_0dam
0  -33.308521 81.106651 40.855080  -0.083999 -0.047657 0.995325  0.306223 0.637439 1 0 1.000000
0  -31.560511 81.175720 41.013107  -0.025196 -0.052281 0.998314  0.306471 0.632182 1 0 1.000000
0  -32.647854 86.103104 41.071152  -0.072292 -0.028221 0.996984  0.321247 0.635452 1 0 1.000000
skin_0dam
0  -31.560511 81.175720 41.013107  -0.025196 -0.052281 0.998314  0.306471 0.632182 1 0 1.000000
0  -33.308521 81.106651 40.855080  -0.083999 -0.047657 0.995325  0.306223 0.637439 1 0 1.000000
0  -32.276226 74.542282 40.557106  -0.035480 -0.079047 0.996239  0.286480 0.634334 1 0 1.000000
skin_0dam
0  -34.079296 74.365921 40.362061  -0.099764 -0.077141 0.992016  0.285900 0.639756 1 0 1.000000
0  -32.276226 74.542282 40.557106  -0.035480 -0.079047 0.996239  0.286480 0.634334 1 0 1.000000
0  -33.308521 81.106651 40.855080  -0.083999 -0.047657 0.995325  0.306223 0.637439 1 0 1.000000
skin_0dam
0  -34.079296 74.365921 40.362061  -0.099764 -0.077141 0.992016  0.285900 0.639756 1 0 1.000000
0  -34.519737 70.092735 39.932938  -0.071460 -0.100548 0.992363  0.272987 0.641081 1 0 1.000000
0  -32.276226 74.542282 40.557106  -0.035480 -0.079047 0.996239  0.286480 0.634334 1 0 1.000000
skin_0dam
0  -34.519737 70.092735 39.932938  -0.071460 -0.100548 0.992363  0.272987 0.641081 1 0 1.000000
0  -34.478443 68.407425 39.771679  -0.090653 -0.100484 0.990800  0.267896 0.640957 1 0 1.000000
0  -32.276226 74.542282 40.557106  -0.035480 -0.079047 0.996239  0.286480 0.634334 1 0 1.000000
skin_0dam
0  -32.950657 67.231140 39.793114  -0.049320 -0.109680 0.992743  0.264378 0.636362 1 0 1.000000
0  -32.276226 74.542282 40.557106  -0.035480 -0.079047 0.996239  0.286480 0.634334 1 0 1.000000
0  -34.478443 68.407425 39.771679  -0.090653 -0.100484 0.990800  0.267896 0.640957 1 0 1.000000
skin_0dam
0  -34.051762 66.420464 39.584026  -0.097978 -0.116868 0.988303  0.261894 0.639674 1 0 1.000000
0  -32.950657 67.231140 39.793114  -0.049320 -0.109680 0.992743  0.264378 0.636362 1 0 1.000000
0  -34.478443 68.407425 39.771679  -0.090653 -0.100484 0.990800  0.267896 0.640957 1 0 1.000000
skin_0dam
0  -33.212173 64.184288 39.402203  -0.036922 -0.125156 0.991450  0.255148 0.637149 1 0 1.000000
0  -32.950657 67.231140 39.793114  -0.049320 -0.109680 0.992743  0.264378 0.636362 1 0 1.000000
0  -34.051762 66.420464 39.584026  -0.097978 -0.116868 0.988303  0.261894 0.639674 1 0 1.000000
skin_0dam
0  -32.950657 67.231140 39.793114  -0.049320 -0.109680 0.992743  0.264378 0.636362 1 0 1.000000
0  -33.212173 64.184288 39.402203  -0.036922 -0.125156 0.991450  0.255148 0.637149 1 0 1.000000
0  -29.840027 61.867043 39.199471  -0.069272 -0.097621 0.992810  0.248153 0.627008 1 0 1.000000
skin_0dam
0  -32.014713 61.667374 39.112915  -0.023905 -0.123322 0.992079  0.247532 0.633548 1 0 1.000000
0  -29.840027 61.867043 39.199471  -0.069272 -0.097621 0.992810  0.248153 0.627008 1 0 1.000000
0  -33.212173 64.184288 39.402203  -0.036922 -0.125156 0.991450  0.255148 0.637149 1 0 1.000000
skin_0dam
0  -30.418106 58.220478 38.714638  -0.179203 -0.085857 0.980058  0.237102 0.628747 1 0 1.000000
0  -29.840027 61.867043 39.199471  -0.069272 -0.097621 0.992810  0.248153 0.627008 1 0 1.000000
0  -32.014713 61.667374 39.112915  -0.023905 -0.123322 0.992079  0.247532 0.633548 1 0 1.000000
skin_0dam
0  -30.418106 58.220478 38.714638  -0.179203 -0.085857 0.980058  0.237102 0.628747 1 0 1.000000
0  -28.986666 58.055779 39.018005  -0.422050 -0.027318 0.906161  0.236688 0.624442 1 0 1.000000
0  -29.840027 61.867043 39.199471  -0.069272 -0.097621 0.992810  0.248153 0.627008 1 0 1.000000
skin_0dam
0  -30.418106 58.220478 38.714638  -0.179203 -0.085857 0.980058  0.237102 0.628747 1 0 1.000000
0  -29.220650 55.515553 38.837212  -0.464261 -0.023264 0.885393  0.229031 0.625146 1 0 1.000000
0  -28.986666 58.055779 39.018005  -0.422050 -0.027318 0.906161  0.236688 0.624442 1 0 1.000000
skin_0dam
0  -29.220650 55.515553 38.837212  -0.464261 -0.023264 0.885393  0.229031 0.625146 1 0 1.000000
0  -28.780207 54.637852 39.078201  -0.685087 -0.003231 0.728454  0.226465 0.623821 1 0 1.000000
0  -28.986666 58.055779 39.018005  -0.422050 -0.027318 0.906161  0.236688 0.624442 1 0 1.000000
skin_0dam
0  -28.105780 57.755505 39.765457  -0.692279 0.033995 0.720828  0.235984 0.621793 1 0 1.000000
0  -28.986666 58.055779 39.018005  -0.422050 -0.027318 0.906161  0.236688 0.624442 1 0 1.000000
0  -28.780207 54.637852 39.078201  -0.685087 -0.003231 0.728454  0.226465 0.623821 1 0 1.000000
skin_0dam
0  -28.381058 53.814312 39.489731  -0.728326 0.004480 0.685216  0.224106 0.622621 1 0 1.000000
0  -28.105780 57.755505 39.765457  -0.692279 0.033995 0.720828  0.235984 0.621793 1 0 1.000000
0  -28.780207 54.637852 39.078201  -0.685087 -0.003231 0.728454  0.226465 0.623821 1 0 1.000000
skin_0dam
0  -28.105780 57.755505 39.765457  -0.692279 0.033995 0.720828  0.235984 0.621793 1 0 1.000000
0  -28.381058 53.814312 39.489731  -0.728326 0.004480 0.685216  0.224106 0.622621 1 0 1.000000
0  -27.431351 55.299446 40.517731  -0.741168 0.002096 0.671316  0.228824 0.619765 1 0 1.000000
skin_0dam
0  -26.467884 56.475731 41.601608  -0.746203 0.005138 0.665698  0.232632 0.616868 1 0 1.000000
0  -28.105780 57.755505 39.765457  -0.692279 0.033995 0.720828  0.235984 0.621793 1 0 1.000000
0  -27.431351 55.299446 40.517731  -0.741168 0.002096 0.671316  0.228824 0.619765 1 0 1.000000
skin_0dam
0  -25.628288 57.333733 42.533287  -0.741847 0.091122 0.664349  0.235446 0.614343 1 0 1.000000
0  -28.105780 57.755505 39.765457  -0.692279 0.033995 0.720828  0.235984 0.621793 1 0 1.000000
0  -26.467884 56.475731 41.601608  -0.746203 0.005138 0.665698  0.232632 0.616868 1 0 1.000000
skin_0dam
0  -25.628288 57.333733 42.533287  -0.741847 0.091122 0.664349  0.235446 0.614343 1 0 1.000000
0  -24.403305 61.981247 43.105690  -0.688880 0.129928 0.713136  0.249519 0.610660 1 0 1.000000
0  -28.105780 57.755505 39.765457  -0.692279 0.033995 0.720828  0.235984 0.621793 1 0 1.000000
skin_0dam
0  -24.926332 57.946819 43.263927  -0.762028 0.121835 0.635980  0.237474 0.612232 1 0 1.000000
0  -24.403305 61.981247 43.105690  -0.688880 0.129928 0.713136  0.249519 0.610660 1 0 1.000000
0  -25.628288 57.333733 42.533287  -0.741847 0.091122 0.664349  0.235446 0.614343 1 0 1.000000
skin_0dam
0  -24.403305 61.981247 43.105690  -0.688880 0.129928 0.713136  0.249519 0.610660 1 0 1.000000
0  -24.926332 57.946819 43.263927  -0.762028 0.121835 0.635980  0.237474 0.612232 1 0 1.000000
0  -24.706112 58.007492 43.517933  -0.773881 0.122301 0.621410  0.237723 0.611570 1 0 1.000000
skin_0dam
0  -24.403305 61.981247 43.105690  -0.688880 0.129928 0.713136  0.249519 0.610660 1 0 1.000000
0  -24.706112 58.007492 43.517933  -0.773881 0.122301 0.621410  0.237723 0.611570 1 0 1.000000
0  -24.540945 57.947166 43.733719  -0.737196 0.133690 0.662321  0.237599 0.611073 1 0 1.000000
skin_0dam
0  -24.403305 61.981247 43.105690  -0.688880 0.129928 0.713136  0.249519 0.610660 1 0 1.000000
0  -24.540945 57.947166 43.733719  -0.737196 0.133690 0.662321  0.237599 0.611073 1 0 1.000000
0  -24.004152 61.991188 43.465786  -0.592281 0.152650 0.791139  0.249643 0.609459 1 0 1.000000
skin_0dam
0  -24.403305 57.821884 43.902367  -0.671440 0.140280 0.727661  0.237268 0.610660 1 0 1.000000
0  -24.004152 61.991188 43.465786  -0.592281 0.152650 0.791139  0.249643 0.609459 1 0 1.000000
0  -24.540945 57.947166 43.733719  -0.737196 0.133690 0.662321  0.237599 0.611073 1 0 1.000000
skin_0dam
0  -24.403305 57.821884 43.902367  -0.671440 0.140280 0.727661  0.237268 0.610660 1 0 1.000000
0  -24.348249 57.607815 43.980358  -0.544278 0.136873 0.827664  0.236647 0.610494 1 0 1.000000
0  -24.004152 61.991188 43.465786  -0.592281 0.152650 0.791139  0.249643 0.609459 1 0 1.000000
skin_0dam
0  -24.348249 57.607815 43.980358  -0.544278 0.136873 0.827664  0.236647 0.610494 1 0 1.000000
0  -20.673304 58.805016 46.088478  -0.521804 0.143957 0.840831  0.240786 0.599443 1 0 1.000000
0  -24.004152 61.991188 43.465786  -0.592281 0.152650 0.791139  0.249643 0.609459 1 0 1.000000
skin_0dam
0  -20.673304 58.805016 46.088478  -0.521804 0.143957 0.840831  0.240786 0.599443 1 0 1.000000
0  -24.348249 57.607815 43.980358  -0.544278 0.136873 0.827664  0.236647 0.610494 1 0 1.000000
0  -21.884521 49.567448 46.813919  -0.546220 0.107888 0.830665  0.213303 0.603085 1 0 1.000000
skin_0dam
0  -25.008913 49.357460 44.792168  -0.546955 0.102043 0.830920  0.212144 0.612481 1 0 1.000000
0  -21.884521 49.567448 46.813919  -0.546220 0.107888 0.830665  0.213303 0.603085 1 0 1.000000
0  -24.348249 57.607815 43.980358  -0.544278 0.136873 0.827664  0.236647 0.610494 1 0 1.000000
skin_0dam
0  -25.008913 49.357460 44.792168  -0.546955 0.102043 0.830920  0.212144 0.612481 1 0 1.000000
0  -25.545702 41.013699 45.250401  -0.562799 0.090936 0.821577  0.187269 0.614095 1 0 1.000000
0  -21.884521 49.567448 46.813919  -0.546220 0.107888 0.830665  0.213303 0.603085 1 0 1.000000
skin_0dam
0  -22.861752 41.225563 47.092697  -0.568448 0.093907 0.817343  0.188386 0.606024 1 0 1.000000
0  -21.884521 49.567448 46.813919  -0.546220 0.107888 0.830665  0.213303 0.603085 1 0 1.000000
0  -25.545702 41.013699 45.250401  -0.562799 0.090936 0.821577  0.187269 0.614095 1 0 1.000000
skin_0dam
0  -24.210611 75.495407 40.875366  -0.463940 0.088613 0.881424  0.289418 0.610080 1 0 1.000000
0  -23.247145 78.951378 41.011932  -0.439497 0.082245 0.894471  0.299807 0.607183 1 0 1.000000
0  -25.284191 75.365662 40.463341  -0.182380 -0.015464 0.983106  0.288922 0.613308 1 0 1.000000
skin_0dam
0  -25.284191 75.365662 40.463341  -0.182380 -0.015464 0.983106  0.288922 0.613308 1 0 1.000000
0  -27.114784 67.747391 39.893547  -0.270472 -0.020117 0.962518  0.265950 0.618813 1 0 1.000000
0  -24.210611 75.495407 40.875366  -0.463940 0.088613 0.881424  0.289418 0.610080 1 0 1.000000
skin_0dam
0  -26.096258 67.809097 40.451599  -0.578125 0.090597 0.810903  0.266282 0.615750 1 0 1.000000
0  -24.210611 75.495407 40.875366  -0.463940 0.088613 0.881424  0.289418 0.610080 1 0 1.000000
0  -27.114784 67.747391 39.893547  -0.270472 -0.020117 0.962518  0.265950 0.618813 1 0 1.000000
skin_0dam
0  -27.114784 67.747391 39.893547  -0.270472 -0.020117 0.962518  0.265950 0.618813 1 0 1.000000
0  -28.339764 61.962341 39.373604  -0.342241 -0.017554 0.939448  0.248484 0.622497 1 0 1.000000
0  -26.096258 67.809097 40.451599  -0.578125 0.090597 0.810903  0.266282 0.615750 1 0 1.000000
skin_0dam
0  -27.293715 62.012058 40.068771  -0.645488 0.071095 0.760454  0.248815 0.619351 1 0 1.000000
0  -26.096258 67.809097 40.451599  -0.578125 0.090597 0.810903  0.266282 0.615750 1 0 1.000000
0  -28.339764 61.962341 39.373604  -0.342241 -0.017554 0.939448  0.248484 0.622497 1 0 1.000000
skin_0dam
0  -28.339764 61.962341 39.373604  -0.342241 -0.017554 0.939448  0.248484 0.622497 1 0 1.000000
0  -28.986666 58.055779 39.018005  -0.422050 -0.027318 0.906161  0.236688 0.624442 1 0 1.000000
0  -27.293715 62.012058 40.068771  -0.645488 0.071095 0.760454  0.248815 0.619351 1 0 1.000000
skin_0dam
0  -28.105780 57.755505 39.765457  -0.692279 0.033995 0.720828  0.235984 0.621793 1 0 1.000000
0  -27.293715 62.012058 40.068771  -0.645488 0.071095 0.760454  0.248815 0.619351 1 0 1.000000
0  -28.986666 58.055779 39.018005  -0.422050 -0.027318 0.906161  0.236688 0.624442 1 0 1.000000
skin_0dam
0  -27.293715 62.012058 40.068771  -0.645488 0.071095 0.760454  0.248815 0.619351 1 0 1.000000
0  -28.105780 57.755505 39.765457  -0.692279 0.033995 0.720828  0.235984 0.621793 1 0 1.000000
0  -24.403305 61.981247 43.105690  -0.688880 0.129928 0.713136  0.249519 0.610660 1 0 1.000000
skin_0dam
0  -27.293715 62.012058 40.068771  -0.645488 0.071095 0.760454  0.248815 0.619351 1 0 1.000000
0  -24.403305 61.981247 43.105690  -0.688880 0.129928 0.713136  0.249519 0.610660 1 0 1.000000
0  -26.096258 67.809097 40.451599  -0.578125 0.090597 0.810903  0.266282 0.615750 1 0 1.000000
skin_0dam
0  -23.770168 67.855736 42.445240  -0.597790 0.141467 0.789071  0.266944 0.608756 1 0 1.000000
0  -26.096258 67.809097 40.451599  -0.578125 0.090597 0.810903  0.266282 0.615750 1 0 1.000000
0  -24.403305 61.981247 43.105690  -0.688880 0.129928 0.713136  0.249519 0.610660 1 0 1.000000
skin_0dam
0  -26.096258 67.809097 40.451599  -0.578125 0.090597 0.810903  0.266282 0.615750 1 0 1.000000
0  -23.770168 67.855736 42.445240  -0.597790 0.141467 0.789071  0.266944 0.608756 1 0 1.000000
0  -24.210611 75.495407 40.875366  -0.463940 0.088613 0.881424  0.289418 0.610080 1 0 1.000000
skin_0dam
0  -23.315962 75.499870 41.456047  -0.543449 0.129617 0.829375  0.289584 0.607390 1 0 1.000000
0  -24.210611 75.495407 40.875366  -0.463940 0.088613 0.881424  0.289418 0.610080 1 0 1.000000
0  -23.770168 67.855736 42.445240  -0.597790 0.141467 0.789071  0.266944 0.608756 1 0 1.000000
skin_0dam
0  -23.247145 78.951378 41.011932  -0.439497 0.082245 0.894471  0.299807 0.607183 1 0 1.000000
0  -24.210611 75.495407 40.875366  -0.463940 0.088613 0.881424  0.289418 0.610080 1 0 1.000000
0  -23.315962 75.499870 41.456047  -0.543449 0.129617 0.829375  0.289584 0.607390 1 0 1.000000
skin_0dam
0  -23.247145 78.951378 41.011932  -0.439497 0.082245 0.894471  0.299807 0.607183 1 0 1.000000
0  -23.315962 75.499870 41.456047  -0.543449 0.129617 0.829375  0.289584 0.607390 1 0 1.000000
0  -23.013155 75.510498 41.650406  -0.504208 0.144109 0.851473  0.289667 0.606479 1 0 1.000000
skin_0dam
0  -23.315962 75.499870 41.456047  -0.543449 0.129617 0.829375  0.289584 0.607390 1 0 1.000000
0  -23.770168 67.855736 42.445240  -0.597790 0.141467 0.789071  0.266944 0.608756 1 0 1.000000
0  -23.013155 75.510498 41.650406  -0.504208 0.144109 0.851473  0.289667 0.606479 1 0 1.000000
skin_0dam
0  -23.398546 67.875282 42.695652  -0.535573 0.149022 0.831237  0.267068 0.607638 1 0 1.000000
0  -23.013155 75.510498 41.650406  -0.504208 0.144109 0.851473  0.289667 0.606479 1 0 1.000000
0  -23.770168 67.855736 42.445240  -0.597790 0.141467 0.789071  0.266944 0.608756 1 0 1.000000
skin_0dam
0  -23.770168 67.855736 42.445240  -0.597790 0.141467 0.789071  0.266944 0.608756 1 0 1.000000
0  -24.403305 61.981247 43.105690  -0.688880 0.129928 0.713136  0.249519 0.610660 1 0 1.000000
0  -23.398546 67.875282 42.695652  -0.535573 0.149022 0.831237  0.267068 0.607638 1 0 1.000000
skin_0dam
0  -24.004152 61.991188 43.465786  -0.592281 0.152650 0.791139  0.249643 0.609459 1 0 1.000000
0  -23.398546 67.875282 42.695652  -0.535573 0.149022 0.831237  0.267068 0.607638 1 0 1.000000
0  -24.403305 61.981247 43.105690  -0.688880 0.129928 0.713136  0.249519 0.610660 1 0 1.000000
skin_0dam
0  -23.398546 67.875282 42.695652  -0.535573 0.149022 0.831237  0.267068 0.607638 1 0 1.000000
0  -24.004152 61.991188 43.465786  -0.592281 0.152650 0.791139  0.249643 0.609459 1 0 1.000000
0  -19.420792 67.812576 45.149487  -0.507171 0.157638 0.847306  0.267523 0.595677 1 0 1.000000
skin_0dam
0  -20.673304 58.805016 46.088478  -0.521804 0.143957 0.840831  0.240786 0.599443 1 0 1.000000
0  -19.420792 67.812576 45.149487  -0.507171 0.157638 0.847306  0.267523 0.595677 1 0 1.000000
0  -24.004152 61.991188 43.465786  -0.592281 0.152650 0.791139  0.249643 0.609459 1 0 1.000000
skin_0dam
0  25.559465 40.926121 45.146015  0.402409 -0.631492 0.662785  0.186979 0.460415 1 0 1.000000
0  25.545702 41.013706 45.250393  0.402084 -0.632580 0.661945  0.187269 0.460457 1 0 1.000000
0  22.765408 41.131985 47.056881  0.113298 -0.602407 0.790107  0.188097 0.468817 1 0 1.000000
skin_0dam
0  22.861752 41.225563 47.092697  0.290269 -0.627278 0.722680  0.188386 0.468528 1 0 1.000000
0  22.765408 41.131985 47.056881  0.113298 -0.602407 0.790107  0.188097 0.468817 1 0 1.000000
0  25.545702 41.013706 45.250393  0.402084 -0.632580 0.661945  0.187269 0.460457 1 0 1.000000
skin_0dam
0  22.861752 41.225563 47.092697  0.290269 -0.627278 0.722680  0.188386 0.468528 1 0 1.000000
0  22.641531 41.249393 47.136230  -0.145292 -0.626692 0.765603  0.188469 0.469190 1 0 1.000000
0  22.765408 41.131985 47.056881  0.113298 -0.602407 0.790107  0.188097 0.468817 1 0 1.000000
skin_0dam
0  22.765408 41.131985 47.056881  0.113298 -0.602407 0.790107  0.188097 0.468817 1 0 1.000000
0  22.641531 41.249393 47.136230  -0.145292 -0.626692 0.765603  0.188469 0.469190 1 0 1.000000
0  21.581715 41.340740 46.881710  -0.184804 -0.823207 0.536822  0.188676 0.472377 1 0 1.000000
skin_0dam
0  21.664297 41.384792 47.009918  -0.179473 -0.843135 0.506866  0.188842 0.472129 1 0 1.000000
0  21.581715 41.340740 46.881710  -0.184804 -0.823207 0.536822  0.188676 0.472377 1 0 1.000000
0  22.641531 41.249393 47.136230  -0.145292 -0.626692 0.765603  0.188469 0.469190 1 0 1.000000
skin_0dam
0  14.452039 83.180695 42.100399  -0.225063 -0.018785 0.974163  0.312762 0.493817 1 0 1.000000
0  14.727315 88.209366 42.264023  -0.070169 -0.002930 0.997531  0.327869 0.492989 1 0 1.000000
0  13.915247 83.626656 42.056515  -0.045390 -0.036693 0.998295  0.314087 0.495431 1 0 1.000000
skin_0dam
0  14.452039 83.180695 42.100399  -0.225063 -0.018785 0.974163  0.312762 0.493817 1 0 1.000000
0  14.906246 82.479523 42.218670  -0.380051 0.039320 0.924129  0.310693 0.492451 1 0 1.000000
0  14.727315 88.209366 42.264023  -0.070169 -0.002930 0.997531  0.327869 0.492989 1 0 1.000000
skin_0dam
0  21.664297 41.384792 47.009918  -0.116692 0.033698 0.992596  0.188842 0.472129 1 0 1.000000
0  22.641531 41.249393 47.136230  -0.126221 0.031387 0.991505  0.188469 0.469190 1 0 1.000000
0  20.632010 49.710041 46.605331  -0.218428 0.032823 0.975301  0.213675 0.475233 1 0 1.000000
skin_0dam
0  21.678061 49.592472 46.843742  -0.218278 0.025655 0.975549  0.213386 0.472087 1 0 1.000000
0  20.632010 49.710041 46.605331  -0.218428 0.032823 0.975301  0.213675 0.475233 1 0 1.000000
0  22.641531 41.249393 47.136230  -0.126221 0.031387 0.991505  0.188469 0.469190 1 0 1.000000
skin_0dam
0  21.678061 49.592472 46.843742  -0.218278 0.025655 0.975549  0.213386 0.472087 1 0 1.000000
0  20.453077 58.803818 46.102196  -0.326232 0.046288 0.944156  0.240786 0.475771 1 0 1.000000
0  20.632010 49.710041 46.605331  -0.218428 0.032823 0.975301  0.213675 0.475233 1 0 1.000000
skin_0dam
0  18.581194 63.370411 45.230602  -0.313917 0.058159 0.947668  0.254237 0.481400 1 0 1.000000
0  20.632010 49.710041 46.605331  -0.218428 0.032823 0.975301  0.213675 0.475233 1 0 1.000000
0  20.453077 58.803818 46.102196  -0.326232 0.046288 0.944156  0.240786 0.475771 1 0 1.000000
skin_0dam
0  20.453077 58.803818 46.102196  -0.326232 0.046288 0.944156  0.240786 0.475771 1 0 1.000000
0  19.214331 67.811378 45.163197  -0.351093 0.065328 0.934059  0.267523 0.479496 1 0 1.000000
0  18.581194 63.370411 45.230602  -0.313917 0.058159 0.947668  0.254237 0.481400 1 0 1.000000
skin_0dam
0  19.214331 67.811378 45.163197  -0.351093 0.065328 0.934059  0.267523 0.479496 1 0 1.000000
0  18.182041 75.131744 44.242393  -0.399547 0.066397 0.914305  0.289211 0.482600 1 0 1.000000
0  18.581194 63.370411 45.230602  -0.313917 0.058159 0.947668  0.254237 0.481400 1 0 1.000000
skin_0dam
0  16.406506 75.644890 43.430668  -0.397660 0.071100 0.914774  0.290536 0.487939 1 0 1.000000
0  18.581194 63.370411 45.230602  -0.313917 0.058159 0.947668  0.254237 0.481400 1 0 1.000000
0  18.182041 75.131744 44.242393  -0.399547 0.066397 0.914305  0.289211 0.482600 1 0 1.000000
skin_0dam
0  16.406506 75.644890 43.430668  -0.397660 0.071100 0.914774  0.290536 0.487939 1 0 1.000000
0  18.182041 75.131744 44.242393  -0.399547 0.066397 0.914305  0.289211 0.482600 1 0 1.000000
0  14.906246 82.479523 42.218670  -0.380051 0.039320 0.924129  0.310693 0.492451 1 0 1.000000
skin_0dam
0  17.246098 81.480316 43.374725  -0.422432 0.057984 0.904538  0.308002 0.485415 1 0 1.000000
0  14.906246 82.479523 42.218670  -0.380051 0.039320 0.924129  0.310693 0.492451 1 0 1.000000
0  18.182041 75.131744 44.242393  -0.399547 0.066397 0.914305  0.289211 0.482600 1 0 1.000000
skin_0dam
0  16.186283 88.091797 42.502434  -0.200194 0.016463 0.979618  0.327580 0.488601 1 0 1.000000
0  14.906246 82.479523 42.218670  -0.380051 0.039320 0.924129  0.310693 0.492451 1 0 1.000000
0  17.246098 81.480316 43.374725  -0.422432 0.057984 0.904538  0.308002 0.485415 1 0 1.000000
skin_0dam
0  16.186283 88.091797 42.502434  -0.200194 0.016463 0.979618  0.327580 0.488601 1 0 1.000000
0  14.727315 88.209366 42.264023  -0.070169 -0.002930 0.997531  0.327869 0.492989 1 0 1.000000
0  14.906246 82.479523 42.218670  -0.380051 0.039320 0.924129  0.310693 0.492451 1 0 1.000000
skin_0dam
0  16.186283 88.091797 42.502434  -0.200194 0.016463 0.979618  0.327580 0.488601 1 0 1.000000
0  15.332925 93.066483 42.177757  0.004437 0.017205 0.999842  0.342397 0.491168 1 0 1.000000
0  14.727315 88.209366 42.264023  -0.070169 -0.002930 0.997531  0.327869 0.492989 1 0 1.000000
skin_0dam
0  -17.135996 92.804245 42.016651  -0.314346 0.634154 0.706425  0.341569 0.588806 1 0 1.000000
0  -15.566917 93.026550 42.160450  -0.152654 0.692553 0.705030  0.342273 0.584087 1 0 1.000000
0  -17.108469 92.907417 41.942780  -0.162377 0.639884 0.751120  0.341859 0.588723 1 0 1.000000
skin_0dam
0  -15.429277 93.157150 42.088974  -0.122866 0.695589 0.707856  0.342646 0.583673 1 0 1.000000
0  -17.108469 92.907417 41.942780  -0.162377 0.639884 0.751120  0.341859 0.588723 1 0 1.000000
0  -15.566917 93.026550 42.160450  -0.152654 0.692553 0.705030  0.342273 0.584087 1 0 1.000000
skin_0dam
0  -15.332932 93.066483 42.177757  -0.097726 0.703454 0.703990  0.342397 0.583384 1 0 1.000000
0  -15.429277 93.157150 42.088974  -0.122866 0.695589 0.707856  0.342646 0.583673 1 0 1.000000
0  -15.566917 93.026550 42.160450  -0.152654 0.692553 0.705030  0.342273 0.584087 1 0 1.000000
skin_0dam
0  -32.372578 88.921844 41.069061  -0.226278 0.614643 0.755653  0.329691 0.634624 1 0 1.000000
0  -32.289989 88.829971 41.171558  -0.226476 0.615410 0.754969  0.329442 0.634376 1 0 1.000000
0  -30.486927 89.463104 41.199318  -0.189696 0.636030 0.747985  0.331346 0.628954 1 0 1.000000
skin_0dam
0  -30.514454 89.358719 41.286900  -0.205304 0.636104 0.743789  0.331056 0.629037 1 0 1.000000
0  -30.486927 89.463104 41.199318  -0.189696 0.636030 0.747985  0.331346 0.628954 1 0 1.000000
0  -32.289989 88.829971 41.171558  -0.226476 0.615410 0.754969  0.329442 0.634376 1 0 1.000000
skin_0dam
0  -30.514454 89.358719 41.286900  -0.205304 0.636104 0.743789  0.331056 0.629037 1 0 1.000000
0  -20.576958 92.141808 41.060627  -0.189177 0.674836 0.713308  0.339334 0.599153 1 0 1.000000
0  -30.486927 89.463104 41.199318  -0.189696 0.636030 0.747985  0.331346 0.628954 1 0 1.000000
skin_0dam
0  -20.521902 92.246185 40.973045  -0.206952 0.677371 0.705932  0.339624 0.598988 1 0 1.000000
0  -30.486927 89.463104 41.199318  -0.189696 0.636030 0.747985  0.331346 0.628954 1 0 1.000000
0  -20.576958 92.141808 41.060627  -0.189177 0.674836 0.713308  0.339334 0.599153 1 0 1.000000
skin_0dam
0  -20.521902 92.246185 40.973045  -0.206952 0.677371 0.705932  0.339624 0.598988 1 0 1.000000
0  -20.576958 92.141808 41.060627  -0.189177 0.674836 0.713308  0.339334 0.599153 1 0 1.000000
0  -19.104225 92.580574 41.099014  -0.300088 0.678968 0.670037  0.340659 0.594725 1 0 1.000000
skin_0dam
0  -19.159281 92.476196 41.186596  -0.268848 0.685688 0.676427  0.340369 0.594890 1 0 1.000000
0  -19.104225 92.580574 41.099014  -0.300088 0.678968 0.670037  0.340659 0.594725 1 0 1.000000
0  -20.576958 92.141808 41.060627  -0.189177 0.674836 0.713308  0.339334 0.599153 1 0 1.000000
skin_0dam
0  -19.159281 92.476196 41.186596  -0.268848 0.685688 0.676427  0.340369 0.594890 1 0 1.000000
0  -17.810425 92.725739 41.650551  -0.398716 0.079015 0.913664  0.341238 0.590834 1 0 1.000000
0  -19.104225 92.580574 41.099014  -0.300088 0.678968 0.670037  0.340659 0.594725 1 0 1.000000
skin_0dam
0  -17.108469 92.907417 41.942780  -0.445608 0.587227 0.675720  0.341859 0.588723 1 0 1.000000
0  -19.104225 92.580574 41.099014  -0.299971 0.678934 0.670124  0.340659 0.594725 1 0 1.000000
0  -17.810425 92.725739 41.650551  -0.398629 0.079066 0.913698  0.341238 0.590834 1 0 1.000000
skin_0dam
0  -17.810425 92.725739 41.650551  -0.398629 0.079066 0.913698  0.341238 0.590834 1 0 1.000000
0  -17.135996 92.804245 42.016651  -0.314607 0.634270 0.706204  0.341569 0.588806 1 0 1.000000
0  -17.108469 92.907417 41.942780  -0.445608 0.587227 0.675720  0.341859 0.588723 1 0 1.000000
skin_0dam
0  -22.641531 41.249393 47.136230  -0.152630 0.052161 0.986906  0.188469 0.605362 1 0 1.000000
0  -21.678061 49.592472 46.843742  -0.125202 0.074950 0.989296  0.213386 0.602464 1 0 1.000000
0  -22.861752 41.225563 47.092697  -0.152142 0.051879 0.986996  0.188386 0.606024 1 0 1.000000
skin_0dam
0  -21.884521 49.567448 46.813919  -0.123994 0.068080 0.989945  0.213303 0.603085 1 0 1.000000
0  -22.861752 41.225563 47.092697  -0.152142 0.051879 0.986996  0.188386 0.606024 1 0 1.000000
0  -21.678061 49.592472 46.843742  -0.125202 0.074950 0.989296  0.213386 0.602464 1 0 1.000000
skin_0dam
0  -21.678061 49.592472 46.843742  -0.125202 0.074950 0.989296  0.213386 0.602464 1 0 1.000000
0  -20.453081 58.803818 46.102196  -0.086892 0.104225 0.990751  0.240786 0.598781 1 0 1.000000
0  -21.884521 49.567448 46.813919  -0.123994 0.068080 0.989945  0.213303 0.603085 1 0 1.000000
skin_0dam
0  -20.673304 58.805016 46.088478  -0.086172 0.101499 0.991097  0.240786 0.599443 1 0 1.000000
0  -21.884521 49.567448 46.813919  -0.123994 0.068080 0.989945  0.213303 0.603085 1 0 1.000000
0  -20.453081 58.803818 46.102196  -0.086892 0.104225 0.990751  0.240786 0.598781 1 0 1.000000
skin_0dam
0  -20.453081 58.803818 46.102196  -0.086892 0.104225 0.990751  0.240786 0.598781 1 0 1.000000
0  -19.214334 67.811378 45.163197  -0.050127 0.121556 0.991318  0.267523 0.595056 1 0 1.000000
0  -20.673304 58.805016 46.088478  -0.086172 0.101499 0.991097  0.240786 0.599443 1 0 1.000000
skin_0dam
0  -19.420792 67.812576 45.149487  -0.049298 0.119822 0.991571  0.267523 0.595677 1 0 1.000000
0  -20.673304 58.805016 46.088478  -0.086172 0.101499 0.991097  0.240786 0.599443 1 0 1.000000
0  -19.214334 67.811378 45.163197  -0.050127 0.121556 0.991318  0.267523 0.595056 1 0 1.000000
skin_0dam
0  -19.214334 67.811378 45.163197  -0.050127 0.121556 0.991318  0.267523 0.595056 1 0 1.000000
0  -18.182045 75.131744 44.242393  -0.008116 0.130600 0.991402  0.289211 0.591951 1 0 1.000000
0  -19.420792 67.812576 45.149487  -0.049298 0.119822 0.991571  0.267523 0.595677 1 0 1.000000
skin_0dam
0  -18.374741 75.159164 44.244789  -0.007313 0.130173 0.991464  0.289294 0.592531 1 0 1.000000
0  -19.420792 67.812576 45.149487  -0.049298 0.119822 0.991571  0.267523 0.595677 1 0 1.000000
0  -18.182045 75.131744 44.242393  -0.008116 0.130600 0.991402  0.289211 0.591951 1 0 1.000000
skin_0dam
0  -18.182045 75.131744 44.242393  -0.008116 0.130600 0.991402  0.289211 0.591951 1 0 1.000000
0  -17.246105 81.480316 43.374725  0.025949 0.128172 0.991412  0.308002 0.589137 1 0 1.000000
0  -18.374741 75.159164 44.244789  -0.007313 0.130173 0.991464  0.289294 0.592531 1 0 1.000000
skin_0dam
0  -17.438801 81.507736 43.377125  0.025945 0.128166 0.991413  0.308085 0.589716 1 0 1.000000
0  -18.374741 75.159164 44.244789  -0.007313 0.130173 0.991464  0.289294 0.592531 1 0 1.000000
0  -17.246105 81.480316 43.374725  0.025949 0.128172 0.991412  0.308002 0.589137 1 0 1.000000
skin_0dam
0  -17.246105 81.480316 43.374725  0.025949 0.128172 0.991412  0.308002 0.589137 1 0 1.000000
0  -16.186291 88.091797 42.502434  0.016562 0.090038 0.995801  0.327580 0.585950 1 0 1.000000
0  -17.438801 81.507736 43.377125  0.025945 0.128166 0.991413  0.308085 0.589716 1 0 1.000000
skin_0dam
0  -16.406511 88.076889 42.514946  0.014340 0.100639 0.994820  0.327538 0.586612 1 0 1.000000
0  -17.438801 81.507736 43.377125  0.025945 0.128166 0.991413  0.308085 0.589716 1 0 1.000000
0  -16.186291 88.091797 42.502434  0.016562 0.090038 0.995801  0.327580 0.585950 1 0 1.000000
skin_0dam
0  -16.186291 88.091797 42.502434  0.016562 0.090038 0.995801  0.327580 0.585950 1 0 1.000000
0  -15.332932 93.066483 42.177757  -0.060217 0.079360 0.995025  0.342397 0.583384 1 0 1.000000
0  -16.406511 88.076889 42.514946  0.014340 0.100639 0.994820  0.327538 0.586612 1 0 1.000000
skin_0dam
0  -15.566917 93.026550 42.160450  -0.062944 0.079825 0.994820  0.342273 0.584087 1 0 1.000000
0  -16.406511 88.076889 42.514946  0.014340 0.100639 0.994820  0.327538 0.586612 1 0 1.000000
0  -15.332932 93.066483 42.177757  -0.060217 0.079360 0.995025  0.342397 0.583384 1 0 1.000000
skin_0dam
0  -21.664297 41.384792 47.009918  0.179474 -0.843134 0.506866  0.188842 0.602423 1 0 1.000000
0  -22.641531 41.249393 47.136230  0.145286 -0.626694 0.765602  0.188469 0.605362 1 0 1.000000
0  -21.581715 41.340740 46.881710  0.184804 -0.823284 0.536703  0.188676 0.602175 1 0 1.000000
skin_0dam
0  -22.765408 41.131985 47.056881  -0.113292 -0.602418 0.790100  0.188097 0.605734 1 0 1.000000
0  -21.581715 41.340740 46.881710  0.184804 -0.823284 0.536703  0.188676 0.602175 1 0 1.000000
0  -22.641531 41.249393 47.136230  0.145286 -0.626694 0.765602  0.188469 0.605362 1 0 1.000000
skin_0dam
0  -22.641531 41.249393 47.136230  0.145286 -0.626694 0.765602  0.188469 0.605362 1 0 1.000000
0  -22.861752 41.225563 47.092697  -0.290336 -0.627276 0.722655  0.188386 0.606024 1 0 1.000000
0  -22.765408 41.131985 47.056881  -0.113292 -0.602418 0.790100  0.188097 0.605734 1 0 1.000000
skin_0dam
0  -22.861752 41.225563 47.092697  -0.290336 -0.627276 0.722655  0.188386 0.606024 1 0 1.000000
0  -25.545702 41.013699 45.250401  -0.401901 -0.632597 0.662040  0.187269 0.614095 1 0 1.000000
0  -22.765408 41.131985 47.056881  -0.113292 -0.602418 0.790100  0.188097 0.605734 1 0 1.000000
skin_0dam
0  -25.559465 40.926113 45.146023  -0.402409 -0.631552 0.662728  0.186979 0.614136 1 0 1.000000
0  -22.765408 41.131985 47.056881  -0.113292 -0.602418 0.790100  0.188097 0.605734 1 0 1.000000
0  -25.545702 41.013699 45.250401  -0.401901 -0.632597 0.662040  0.187269 0.614095 1 0 1.000000
skin_0dam
0  -15.332932 93.066483 42.177757  -0.097726 0.703454 0.703990  0.342397 0.583384 1 0 1.000000
0  -6.936984 93.745377 42.472031  -0.058592 0.651625 0.756275  0.344508 0.558136 1 0 1.000000
0  -15.429277 93.157150 42.088974  -0.122866 0.695589 0.707856  0.342646 0.583673 1 0 1.000000
skin_0dam
0  -6.923221 93.836044 42.383251  -0.054376 0.651179 0.756974  0.344756 0.558095 1 0 1.000000
0  -15.429277 93.157150 42.088974  -0.122866 0.695589 0.707856  0.342646 0.583673 1 0 1.000000
0  -6.936984 93.745377 42.472031  -0.058592 0.651625 0.756275  0.344508 0.558136 1 0 1.000000
skin_0dam
0  -6.936984 93.745377 42.472031  -0.058592 0.651625 0.756275  0.344508 0.558136 1 0 1.000000
0  -0.000004 94.001099 42.549671  -0.000001 0.649914 0.760008  0.345295 0.537276 1 0 1.000000
0  -6.923221 93.836044 42.383251  -0.054376 0.651179 0.756974  0.344756 0.558095 1 0 1.000000
skin_0dam
0  -0.000004 94.105469 42.462086  -0.000003 0.649864 0.760050  0.345584 0.537276 1 0 1.000000
0  -6.923221 93.836044 42.383251  -0.054376 0.651179 0.756974  0.344756 0.558095 1 0 1.000000
0  -0.000004 94.001099 42.549671  -0.000001 0.649914 0.760008  0.345295 0.537276 1 0 1.000000
skin_0dam
0  -0.000004 94.105469 42.462086  -0.000003 0.649864 0.760050  0.345584 0.537276 1 0 1.000000
0  -0.000004 94.001099 42.549671  -0.000001 0.649914 0.760008  0.345295 0.537276 1 0 1.000000
0  6.923211 93.836044 42.383251  0.054376 0.651178 0.756974  0.344756 0.516457 1 0 1.000000
skin_0dam
0  6.936975 93.745377 42.472031  0.058584 0.651626 0.756275  0.344508 0.516415 1 0 1.000000
0  6.923211 93.836044 42.383251  0.054376 0.651178 0.756974  0.344756 0.516457 1 0 1.000000
0  -0.000004 94.001099 42.549671  -0.000001 0.649914 0.760008  0.345295 0.537276 1 0 1.000000
skin_0dam
0  6.923211 93.836044 42.383251  0.054376 0.651178 0.756974  0.344756 0.516457 1 0 1.000000
0  6.936975 93.745377 42.472031  0.058584 0.651626 0.756275  0.344508 0.516415 1 0 1.000000
0  15.429270 93.157150 42.088974  0.122862 0.695541 0.707904  0.342646 0.490878 1 0 1.000000
skin_0dam
0  15.332925 93.066483 42.177757  0.097711 0.703413 0.704033  0.342397 0.491168 1 0 1.000000
0  15.429270 93.157150 42.088974  0.122862 0.695541 0.707904  0.342646 0.490878 1 0 1.000000
0  6.936975 93.745377 42.472031  0.058584 0.651626 0.756275  0.344508 0.516415 1 0 1.000000
skin_0dam
0  13.873956 83.497940 41.948540  -0.328120 -0.591602 0.736440  0.313673 0.495555 1 0 1.000000
0  13.915247 83.626656 42.056515  -0.305383 -0.597324 0.741583  0.314087 0.495431 1 0 1.000000
0  10.873437 84.328339 42.090271  -0.101261 -0.640761 0.761033  0.316198 0.504578 1 0 1.000000
skin_0dam
0  10.859674 84.469566 42.213161  -0.089076 -0.641002 0.762353  0.316653 0.504619 1 0 1.000000
0  10.873437 84.328339 42.090271  -0.101261 -0.640761 0.761033  0.316198 0.504578 1 0 1.000000
0  13.915247 83.626656 42.056515  -0.305383 -0.597324 0.741583  0.314087 0.495431 1 0 1.000000
skin_0dam
0  10.873437 84.328339 42.090271  -0.101261 -0.640761 0.761033  0.316198 0.504578 1 0 1.000000
0  10.859674 84.469566 42.213161  -0.089076 -0.641002 0.762353  0.316653 0.504619 1 0 1.000000
0  7.597641 84.744995 42.223442  -0.034702 -0.645504 0.762968  0.317481 0.514429 1 0 1.000000
skin_0dam
0  7.583878 84.886230 42.346329  -0.032200 -0.645563 0.763028  0.317936 0.514470 1 0 1.000000
0  7.597641 84.744995 42.223442  -0.034702 -0.645504 0.762968  0.317481 0.514429 1 0 1.000000
0  10.859674 84.469566 42.213161  -0.089076 -0.641002 0.762353  0.316653 0.504619 1 0 1.000000
skin_0dam
0  7.597641 84.744995 42.223442  -0.034702 -0.645504 0.762968  0.317481 0.514429 1 0 1.000000
0  7.583878 84.886230 42.346329  -0.032200 -0.645563 0.763028  0.317936 0.514470 1 0 1.000000
0  -0.000003 85.066879 42.334503  -0.000001 -0.640697 0.767794  0.318474 0.537276 1 0 1.000000
skin_0dam
0  -0.000003 85.208115 42.457390  0.000001 -0.640659 0.767825  0.318929 0.537276 1 0 1.000000
0  -0.000003 85.066879 42.334503  -0.000001 -0.640697 0.767794  0.318474 0.537276 1 0 1.000000
0  7.583878 84.886230 42.346329  -0.032200 -0.645563 0.763028  0.317936 0.514470 1 0 1.000000
skin_0dam
0  -0.000003 85.208115 42.457390  0.000001 -0.640659 0.767825  0.318929 0.537276 1 0 1.000000
0  -7.583884 84.886230 42.346329  0.032200 -0.645540 0.763047  0.317936 0.560081 1 0 1.000000
0  -0.000003 85.066879 42.334503  -0.000001 -0.640697 0.767794  0.318474 0.537276 1 0 1.000000
skin_0dam
0  -7.597649 84.744995 42.223442  0.034698 -0.645478 0.762990  0.317481 0.560123 1 0 1.000000
0  -0.000003 85.066879 42.334503  -0.000001 -0.640697 0.767794  0.318474 0.537276 1 0 1.000000
0  -7.583884 84.886230 42.346329  0.032200 -0.645540 0.763047  0.317936 0.560081 1 0 1.000000
skin_0dam
0  -7.583884 84.886230 42.346329  0.032200 -0.645540 0.763047  0.317936 0.560081 1 0 1.000000
0  -10.859681 84.469566 42.213161  0.089075 -0.640989 0.762364  0.316653 0.569932 1 0 1.000000
0  -7.597649 84.744995 42.223442  0.034698 -0.645478 0.762990  0.317481 0.560123 1 0 1.000000
skin_0dam
0  -10.873445 84.328339 42.090271  0.101272 -0.640743 0.761047  0.316198 0.569974 1 0 1.000000
0  -7.597649 84.744995 42.223442  0.034698 -0.645478 0.762990  0.317481 0.560123 1 0 1.000000
0  -10.859681 84.469566 42.213161  0.089075 -0.640989 0.762364  0.316653 0.569932 1 0 1.000000
skin_0dam
0  -10.859681 84.469566 42.213161  0.089075 -0.640989 0.762364  0.316653 0.569932 1 0 1.000000
0  -13.915255 83.626656 42.056515  0.305371 -0.597308 0.741600  0.314087 0.579121 1 0 1.000000
0  -10.873445 84.328339 42.090271  0.101272 -0.640743 0.761047  0.316198 0.569974 1 0 1.000000
skin_0dam
0  -13.873963 83.497940 41.948540  0.328135 -0.591608 0.736429  0.313673 0.578996 1 0 1.000000
0  -10.873445 84.328339 42.090271  0.101272 -0.640743 0.761047  0.316198 0.569974 1 0 1.000000
0  -13.915255 83.626656 42.056515  0.305371 -0.597308 0.741600  0.314087 0.579121 1 0 1.000000
skin_0dam
0  -13.915255 83.626656 42.056515  0.305371 -0.597308 0.741600  0.314087 0.579121 1 0 1.000000
0  -14.452044 83.180695 42.100399  0.591190 -0.473445 0.652950  0.312762 0.580735 1 0 1.000000
0  -13.873963 83.497940 41.948540  0.328135 -0.591608 0.736429  0.313673 0.578996 1 0 1.000000
skin_0dam
0  14.727315 88.209366 42.264023  -0.070169 -0.002930 0.997531  0.327869 0.492989 1 0 1.000000
0  10.859674 84.469566 42.213161  0.028483 -0.033872 0.999020  0.316653 0.504619 1 0 1.000000
0  13.915247 83.626656 42.056515  -0.045390 -0.036693 0.998295  0.314087 0.495431 1 0 1.000000
skin_0dam
0  14.727315 88.209366 42.264023  -0.070169 -0.002930 0.997531  0.327869 0.492989 1 0 1.000000
0  7.294836 88.790573 42.411583  0.017635 -0.014829 0.999735  0.329649 0.515339 1 0 1.000000
0  10.859674 84.469566 42.213161  0.028483 -0.033872 0.999020  0.316653 0.504619 1 0 1.000000
skin_0dam
0  7.583878 84.886230 42.346329  0.026595 -0.017332 0.999496  0.317936 0.514470 1 0 1.000000
0  10.859674 84.469566 42.213161  0.028483 -0.033872 0.999020  0.316653 0.504619 1 0 1.000000
0  7.294836 88.790573 42.411583  0.017635 -0.014829 0.999735  0.329649 0.515339 1 0 1.000000
skin_0dam
0  7.294836 88.790573 42.411583  0.017635 -0.014829 0.999735  0.329649 0.515339 1 0 1.000000
0  -0.000004 89.195908 42.516129  -0.000000 -0.010862 0.999941  0.330891 0.537276 1 0 1.000000
0  7.583878 84.886230 42.346329  0.026595 -0.017332 0.999496  0.317936 0.514470 1 0 1.000000
skin_0dam
0  -0.000004 89.195908 42.516129  -0.000000 -0.010862 0.999941  0.330891 0.537276 1 0 1.000000
0  7.294836 88.790573 42.411583  0.017635 -0.014829 0.999735  0.329649 0.515339 1 0 1.000000
0  -0.000004 94.001099 42.549671  -0.000000 -0.008332 0.999965  0.345295 0.537276 1 0 1.000000
skin_0dam
0  -0.000004 89.195908 42.516129  -0.000000 -0.010862 0.999941  0.330891 0.537276 1 0 1.000000
0  -0.000004 94.001099 42.549671  -0.000000 -0.008332 0.999965  0.345295 0.537276 1 0 1.000000
0  -7.294844 88.790573 42.411583  -0.017330 -0.015741 0.999726  0.329649 0.559212 1 0 1.000000
skin_0dam
0  -6.936984 93.745377 42.472031  -0.017504 -0.006975 0.999822  0.344508 0.558136 1 0 1.000000
0  -7.294844 88.790573 42.411583  -0.017330 -0.015741 0.999726  0.329649 0.559212 1 0 1.000000
0  -0.000004 94.001099 42.549671  -0.000000 -0.008332 0.999965  0.345295 0.537276 1 0 1.000000
skin_0dam
0  -7.294844 88.790573 42.411583  -0.017330 -0.015741 0.999726  0.329649 0.559212 1 0 1.000000
0  -6.936984 93.745377 42.472031  -0.017504 -0.006975 0.999822  0.344508 0.558136 1 0 1.000000
0  -14.727323 88.209366 42.264023  0.070623 -0.003078 0.997498  0.327869 0.581563 1 0 1.000000
skin_0dam
0  -15.332932 93.066483 42.177757  -0.004436 0.017205 0.999842  0.342397 0.583384 1 0 1.000000
0  -14.727323 88.209366 42.264023  0.070623 -0.003078 0.997498  0.327869 0.581563 1 0 1.000000
0  -6.936984 93.745377 42.472031  -0.017504 -0.006975 0.999822  0.344508 0.558136 1 0 1.000000
skin_0dam
0  15.332925 93.066483 42.177757  0.004437 0.017205 0.999842  0.342397 0.491168 1 0 1.000000
0  6.936975 93.745377 42.472031  0.017504 -0.006975 0.999822  0.344508 0.516415 1 0 1.000000
0  14.727315 88.209366 42.264023  -0.070169 -0.002930 0.997531  0.327869 0.492989 1 0 1.000000
skin_0dam
0  7.294836 88.790573 42.411583  0.017635 -0.014829 0.999735  0.329649 0.515339 1 0 1.000000
0  14.727315 88.209366 42.264023  -0.070169 -0.002930 0.997531  0.327869 0.492989 1 0 1.000000
0  6.936975 93.745377 42.472031  0.017504 -0.006975 0.999822  0.344508 0.516415 1 0 1.000000
skin_0dam
0  6.936975 93.745377 42.472031  0.017504 -0.006975 0.999822  0.344508 0.516415 1 0 1.000000
0  -0.000004 94.001099 42.549671  -0.000000 -0.008332 0.999965  0.345295 0.537276 1 0 1.000000
0  7.294836 88.790573 42.411583  0.017635 -0.014829 0.999735  0.329649 0.515339 1 0 1.000000
skin_0dam
0  -10.859681 84.469566 42.213161  -0.028483 -0.033872 0.999020  0.316653 0.569932 1 0 1.000000
0  -14.727323 88.209366 42.264023  0.070623 -0.003078 0.997498  0.327869 0.581563 1 0 1.000000
0  -13.915255 83.626656 42.056515  0.045402 -0.037158 0.998277  0.314087 0.579121 1 0 1.000000
skin_0dam
0  -14.727323 88.209366 42.264023  0.070623 -0.003078 0.997498  0.327869 0.581563 1 0 1.000000
0  -10.859681 84.469566 42.213161  -0.028483 -0.033872 0.999020  0.316653 0.569932 1 0 1.000000
0  -7.294844 88.790573 42.411583  -0.017330 -0.015741 0.999726  0.329649 0.559212 1 0 1.000000
skin_0dam
0  -7.583884 84.886230 42.346329  -0.026610 -0.017286 0.999496  0.317936 0.560081 1 0 1.000000
0  -7.294844 88.790573 42.411583  -0.017330 -0.015741 0.999726  0.329649 0.559212 1 0 1.000000
0  -10.859681 84.469566 42.213161  -0.028483 -0.033872 0.999020  0.316653 0.569932 1 0 1.000000
skin_0dam
0  -7.294844 88.790573 42.411583  -0.017330 -0.015741 0.999726  0.329649 0.559212 1 0 1.000000
0  -7.583884 84.886230 42.346329  -0.026610 -0.017286 0.999496  0.317936 0.560081 1 0 1.000000
0  -0.000004 89.195908 42.516129  -0.000000 -0.010862 0.999941  0.330891 0.537276 1 0 1.000000
skin_0dam
0  -0.000003 85.208115 42.457390  -0.000000 -0.015596 0.999878  0.318929 0.537276 1 0 1.000000
0  -0.000004 89.195908 42.516129  -0.000000 -0.010862 0.999941  0.330891 0.537276 1 0 1.000000
0  -7.583884 84.886230 42.346329  -0.026610 -0.017286 0.999496  0.317936 0.560081 1 0 1.000000
skin_0dam
0  -0.000003 85.208115 42.457390  -0.000000 -0.015596 0.999878  0.318929 0.537276 1 0 1.000000
0  7.583878 84.886230 42.346329  0.026595 -0.017332 0.999496  0.317936 0.514470 1 0 1.000000
0  -0.000004 89.195908 42.516129  -0.000000 -0.010862 0.999941  0.330891 0.537276 1 0 1.000000
skin_0dam
0  21.581715 41.340740 46.881710  -0.808336 -0.073682 0.584092  0.188676 0.472377 1 0 1.000000
0  21.664297 41.384792 47.009918  -0.807765 -0.073433 0.584913  0.188842 0.472129 1 0 1.000000
0  20.508135 49.708328 46.467018  -0.768379 -0.056754 0.637474  0.213634 0.475605 1 0 1.000000
skin_0dam
0  20.632010 49.710041 46.605331  -0.768267 -0.058154 0.637482  0.213675 0.475233 1 0 1.000000
0  20.508135 49.708328 46.467018  -0.768379 -0.056754 0.637474  0.213634 0.475605 1 0 1.000000
0  21.664297 41.384792 47.009918  -0.807765 -0.073433 0.584913  0.188842 0.472129 1 0 1.000000
skin_0dam
0  20.508135 49.708328 46.467018  -0.768379 -0.056754 0.637474  0.213634 0.475605 1 0 1.000000
0  20.632010 49.710041 46.605331  -0.768267 -0.058154 0.637482  0.213675 0.475233 1 0 1.000000
0  18.471083 63.356186 45.077381  -0.802181 -0.056900 0.594363  0.254154 0.481731 1 0 1.000000
skin_0dam
0  18.581194 63.370411 45.230602  -0.802476 -0.057568 0.593901  0.254237 0.481400 1 0 1.000000
0  18.471083 63.356186 45.077381  -0.802181 -0.056900 0.594363  0.254154 0.481731 1 0 1.000000
0  20.632010 49.710041 46.605331  -0.768267 -0.058154 0.637482  0.213675 0.475233 1 0 1.000000
skin_0dam
0  18.471083 63.356186 45.077381  -0.802181 -0.056900 0.594363  0.254154 0.481731 1 0 1.000000
0  18.581194 63.370411 45.230602  -0.802476 -0.057568 0.593901  0.254237 0.481400 1 0 1.000000
0  16.310158 75.603241 43.275043  -0.847645 -0.082058 0.524180  0.290370 0.488229 1 0 1.000000
skin_0dam
0  16.406506 75.644890 43.430668  -0.848292 -0.081982 0.523144  0.290536 0.487939 1 0 1.000000
0  16.310158 75.603241 43.275043  -0.847645 -0.082058 0.524180  0.290370 0.488229 1 0 1.000000
0  18.581194 63.370411 45.230602  -0.802476 -0.057568 0.593901  0.254237 0.481400 1 0 1.000000
skin_0dam
0  16.310158 75.603241 43.275043  -0.847645 -0.082058 0.524180  0.290370 0.488229 1 0 1.000000
0  16.406506 75.644890 43.430668  -0.848292 -0.081982 0.523144  0.290536 0.487939 1 0 1.000000
0  14.837427 82.437881 42.063042  -0.821938 -0.285228 0.493015  0.310527 0.492658 1 0 1.000000
skin_0dam
0  14.906246 82.479523 42.218670  -0.826134 -0.262654 0.498513  0.310693 0.492451 1 0 1.000000
0  14.837427 82.437881 42.063042  -0.821938 -0.285228 0.493015  0.310527 0.492658 1 0 1.000000
0  16.406506 75.644890 43.430668  -0.848292 -0.081982 0.523144  0.290536 0.487939 1 0 1.000000
skin_0dam
0  14.837427 82.437881 42.063042  -0.821938 -0.285228 0.493015  0.310527 0.492658 1 0 1.000000
0  14.906246 82.479523 42.218670  -0.826134 -0.262654 0.498513  0.310693 0.492451 1 0 1.000000
0  14.396984 83.068085 41.966198  -0.626247 -0.455840 0.632475  0.312390 0.493982 1 0 1.000000
skin_0dam
0  14.452039 83.180695 42.100399  -0.591188 -0.473449 0.652950  0.312762 0.493817 1 0 1.000000
0  14.396984 83.068085 41.966198  -0.626247 -0.455840 0.632475  0.312390 0.493982 1 0 1.000000
0  14.906246 82.479523 42.218670  -0.826134 -0.262654 0.498513  0.310693 0.492451 1 0 1.000000
skin_0dam
0  14.396984 83.068085 41.966198  -0.626247 -0.455840 0.632475  0.312390 0.493982 1 0 1.000000
0  14.452039 83.180695 42.100399  -0.591188 -0.473449 0.652950  0.312762 0.493817 1 0 1.000000
0  13.873956 83.497940 41.948540  -0.328120 -0.591602 0.736440  0.313673 0.495555 1 0 1.000000
skin_0dam
0  13.915247 83.626656 42.056515  -0.305383 -0.597324 0.741583  0.314087 0.495431 1 0 1.000000
0  13.873956 83.497940 41.948540  -0.328120 -0.591602 0.736440  0.313673 0.495555 1 0 1.000000
0  14.452039 83.180695 42.100399  -0.591188 -0.473449 0.652950  0.312762 0.493817 1 0 1.000000
skin_0dam
0  -14.396990 83.068085 41.966198  0.626436 -0.456260 0.631984  0.312390 0.580569 1 0 1.000000
0  -13.873963 83.497940 41.948540  0.328135 -0.591608 0.736429  0.313673 0.578996 1 0 1.000000
0  -14.452044 83.180695 42.100399  0.591190 -0.473445 0.652950  0.312762 0.580735 1 0 1.000000
skin_0dam
0  -14.452044 83.180695 42.100399  0.591190 -0.473445 0.652950  0.312762 0.580735 1 0 1.000000
0  -14.906252 82.479523 42.218670  0.826137 -0.262658 0.498506  0.310693 0.582101 1 0 1.000000
0  -14.396990 83.068085 41.966198  0.626436 -0.456260 0.631984  0.312390 0.580569 1 0 1.000000
skin_0dam
0  -14.837433 82.437881 42.063042  0.821942 -0.285225 0.493009  0.310527 0.581894 1 0 1.000000
0  -14.396990 83.068085 41.966198  0.626436 -0.456260 0.631984  0.312390 0.580569 1 0 1.000000
0  -14.906252 82.479523 42.218670  0.826137 -0.262658 0.498506  0.310693 0.582101 1 0 1.000000
skin_0dam
0  -14.906252 82.479523 42.218670  0.826137 -0.262658 0.498506  0.310693 0.582101 1 0 1.000000
0  -16.406509 75.644890 43.430668  0.848291 -0.081987 0.523145  0.290536 0.586612 1 0 1.000000
0  -14.837433 82.437881 42.063042  0.821942 -0.285225 0.493009  0.310527 0.581894 1 0 1.000000
skin_0dam
0  -16.310162 75.603241 43.275043  0.847697 -0.082054 0.524096  0.290370 0.586322 1 0 1.000000
0  -14.837433 82.437881 42.063042  0.821942 -0.285225 0.493009  0.310527 0.581894 1 0 1.000000
0  -16.406509 75.644890 43.430668  0.848291 -0.081987 0.523145  0.290536 0.586612 1 0 1.000000
skin_0dam
0  -16.406509 75.644890 43.430668  0.848291 -0.081987 0.523145  0.290536 0.586612 1 0 1.000000
0  -18.581198 63.370411 45.230602  0.802476 -0.057570 0.593901  0.254237 0.593152 1 0 1.000000
0  -16.310162 75.603241 43.275043  0.847697 -0.082054 0.524096  0.290370 0.586322 1 0 1.000000
skin_0dam
0  -18.471087 63.356186 45.077381  0.802302 -0.056883 0.594202  0.254154 0.592821 1 0 1.000000
0  -16.310162 75.603241 43.275043  0.847697 -0.082054 0.524096  0.290370 0.586322 1 0 1.000000
0  -18.581198 63.370411 45.230602  0.802476 -0.057570 0.593901  0.254237 0.593152 1 0 1.000000
skin_0dam
0  -18.581198 63.370411 45.230602  0.802476 -0.057570 0.593901  0.254237 0.593152 1 0 1.000000
0  -20.632010 49.710041 46.605331  0.768267 -0.058154 0.637482  0.213675 0.599319 1 0 1.000000
0  -18.471087 63.356186 45.077381  0.802302 -0.056883 0.594202  0.254154 0.592821 1 0 1.000000
skin_0dam
0  -20.508135 49.708328 46.467018  0.768378 -0.056759 0.637474  0.213634 0.598946 1 0 1.000000
0  -18.471087 63.356186 45.077381  0.802302 -0.056883 0.594202  0.254154 0.592821 1 0 1.000000
0  -20.632010 49.710041 46.605331  0.768267 -0.058154 0.637482  0.213675 0.599319 1 0 1.000000
skin_0dam
0  -20.632010 49.710041 46.605331  0.768267 -0.058154 0.637482  0.213675 0.599319 1 0 1.000000
0  -21.664297 41.384792 47.009918  0.807765 -0.073432 0.584913  0.188842 0.602423 1 0 1.000000
0  -20.508135 49.708328 46.467018  0.768378 -0.056759 0.637474  0.213634 0.598946 1 0 1.000000
skin_0dam
0  -21.581715 41.340740 46.881710  0.808336 -0.073687 0.584092  0.188676 0.602175 1 0 1.000000
0  -20.508135 49.708328 46.467018  0.768378 -0.056759 0.637474  0.213634 0.598946 1 0 1.000000
0  -21.664297 41.384792 47.009918  0.807765 -0.073432 0.584913  0.188842 0.602423 1 0 1.000000
skin_0dam
0  25.559465 40.926121 45.146015  0.994892 0.071932 0.070823  0.186979 0.460415 1 0 1.000000
0  24.981386 49.426708 44.632431  0.990984 0.064184 -0.117608  0.212310 0.462154 1 0 1.000000
0  25.545702 41.013706 45.250393  0.995028 0.071809 0.069017  0.187269 0.460457 1 0 1.000000
skin_0dam
0  25.008913 49.357460 44.792168  0.990943 0.060952 -0.119657  0.212144 0.462071 1 0 1.000000
0  25.545702 41.013706 45.250393  0.995028 0.071809 0.069017  0.187269 0.460457 1 0 1.000000
0  24.981386 49.426708 44.632431  0.990984 0.064184 -0.117608  0.212310 0.462154 1 0 1.000000
skin_0dam
0  24.981386 49.426708 44.632431  0.990984 0.064184 -0.117608  0.212310 0.462154 1 0 1.000000
0  24.334482 57.617413 43.870663  0.987115 -0.146301 -0.064810  0.236647 0.464099 1 0 1.000000
0  25.008913 49.357460 44.792168  0.990943 0.060952 -0.119657  0.212144 0.462071 1 0 1.000000
skin_0dam
0  24.348246 57.607815 43.980358  0.994205 -0.086373 -0.063997  0.236647 0.464057 1 0 1.000000
0  25.008913 49.357460 44.792168  0.990943 0.060952 -0.119657  0.212144 0.462071 1 0 1.000000
0  24.334482 57.617413 43.870663  0.987115 -0.146301 -0.064810  0.236647 0.464099 1 0 1.000000
skin_0dam
0  24.348246 57.607815 43.980358  0.994205 -0.086373 -0.063997  0.236647 0.464057 1 0 1.000000
0  24.334482 57.617413 43.870663  0.987115 -0.146301 -0.064810  0.236647 0.464099 1 0 1.000000
0  24.403301 57.821884 43.902367  0.887330 -0.457996 -0.053719  0.237268 0.463892 1 0 1.000000
skin_0dam
0  24.403301 57.805252 43.776566  0.801088 -0.597989 0.025847  0.237185 0.463892 1 0 1.000000
0  24.403301 57.821884 43.902367  0.887330 -0.457996 -0.053719  0.237268 0.463892 1 0 1.000000
0  24.334482 57.617413 43.870663  0.987115 -0.146301 -0.064810  0.236647 0.464099 1 0 1.000000
skin_0dam
0  24.403301 57.821884 43.902367  0.887330 -0.457996 -0.053719  0.237268 0.463892 1 0 1.000000
0  24.403301 57.805252 43.776566  0.801088 -0.597989 0.025847  0.237185 0.463892 1 0 1.000000
0  24.540941 57.947166 43.733719  0.690420 -0.684007 0.235491  0.237599 0.463478 1 0 1.000000
skin_0dam
0  24.403301 57.805252 43.776566  0.801088 -0.597989 0.025847  0.237185 0.463892 1 0 1.000000
0  24.623522 57.916313 43.454689  0.556896 -0.717517 0.418374  0.237433 0.463230 1 0 1.000000
0  24.540941 57.947166 43.733719  0.690420 -0.684007 0.235491  0.237599 0.463478 1 0 1.000000
skin_0dam
0  24.706108 58.007492 43.517933  0.542898 -0.721108 0.430425  0.237723 0.462981 1 0 1.000000
0  24.540941 57.947166 43.733719  0.690420 -0.684007 0.235491  0.237599 0.463478 1 0 1.000000
0  24.623522 57.916313 43.454689  0.556896 -0.717517 0.418374  0.237433 0.463230 1 0 1.000000
skin_0dam
0  24.706108 58.007492 43.517933  0.542898 -0.721108 0.430425  0.237723 0.462981 1 0 1.000000
0  24.623522 57.916313 43.454689  0.556896 -0.717517 0.418374  0.237433 0.463230 1 0 1.000000
0  24.926329 57.946819 43.263927  0.333495 -0.670880 0.662345  0.237474 0.462319 1 0 1.000000
skin_0dam
0  24.816217 57.866947 43.229305  0.347364 -0.690054 0.634952  0.237226 0.462650 1 0 1.000000
0  24.926329 57.946819 43.263927  0.333495 -0.670880 0.662345  0.237474 0.462319 1 0 1.000000
0  24.623522 57.916313 43.454689  0.556896 -0.717517 0.418374  0.237433 0.463230 1 0 1.000000
skin_0dam
0  24.926329 57.946819 43.263927  0.333495 -0.670880 0.662345  0.237474 0.462319 1 0 1.000000
0  24.816217 57.866947 43.229305  0.347364 -0.690054 0.634952  0.237226 0.462650 1 0 1.000000
0  25.628284 57.333740 42.533279  0.257291 -0.592896 0.763070  0.235446 0.460208 1 0 1.000000
skin_0dam
0  25.559464 57.241356 42.483749  0.256338 -0.589277 0.766188  0.235157 0.460415 1 0 1.000000
0  25.628284 57.333740 42.533279  0.257291 -0.592896 0.763070  0.235446 0.460208 1 0 1.000000
0  24.816217 57.866947 43.229305  0.347364 -0.690054 0.634952  0.237226 0.462650 1 0 1.000000
skin_0dam
0  26.467880 56.475739 41.601601  0.301588 -0.525588 0.795488  0.232632 0.457683 1 0 1.000000
0  25.628284 57.333740 42.533279  0.257291 -0.592896 0.763070  0.235446 0.460208 1 0 1.000000
0  25.559464 57.241356 42.483749  0.256338 -0.589277 0.766188  0.235157 0.460415 1 0 1.000000
skin_0dam
0  26.399061 56.354733 41.563377  0.297676 -0.520023 0.800603  0.232259 0.457890 1 0 1.000000
0  26.467880 56.475739 41.601601  0.301588 -0.525588 0.795488  0.232632 0.457683 1 0 1.000000
0  25.559464 57.241356 42.483749  0.256338 -0.589277 0.766188  0.235157 0.460415 1 0 1.000000
skin_0dam
0  27.431347 55.299454 40.517723  0.310586 -0.455333 0.834391  0.228824 0.454786 1 0 1.000000
0  26.467880 56.475739 41.601601  0.301588 -0.525588 0.795488  0.232632 0.457683 1 0 1.000000
0  26.399061 56.354733 41.563377  0.297676 -0.520023 0.800603  0.232259 0.457890 1 0 1.000000
skin_0dam
0  27.362530 55.165936 40.464588  0.265206 -0.443321 0.856232  0.228410 0.454993 1 0 1.000000
0  27.431347 55.299454 40.517723  0.310586 -0.455333 0.834391  0.228824 0.454786 1 0 1.000000
0  26.399061 56.354733 41.563377  0.297676 -0.520023 0.800603  0.232259 0.457890 1 0 1.000000
skin_0dam
0  27.362530 55.165936 40.464588  0.265206 -0.443321 0.856232  0.228410 0.454993 1 0 1.000000
0  28.284706 53.715939 39.508747  0.434576 -0.301927 0.848519  0.223816 0.452220 1 0 1.000000
0  27.431347 55.299454 40.517723  0.310586 -0.455333 0.834391  0.228824 0.454786 1 0 1.000000
skin_0dam
0  28.381054 53.814320 39.489723  0.443909 -0.295553 0.845928  0.224106 0.451930 1 0 1.000000
0  27.431347 55.299454 40.517723  0.310586 -0.455333 0.834391  0.228824 0.454786 1 0 1.000000
0  28.284706 53.715939 39.508747  0.434576 -0.301927 0.848519  0.223816 0.452220 1 0 1.000000
skin_0dam
0  32.289982 88.829971 41.171551  0.708996 0.068664 0.701862  0.329442 0.440176 1 0 1.000000
0  32.647846 86.103111 41.071144  0.609386 0.053553 0.791063  0.321247 0.439100 1 0 1.000000
0  32.372570 88.921844 41.069054  0.704152 0.068359 0.706751  0.329691 0.439927 1 0 1.000000
skin_0dam
0  32.771721 86.084084 40.972767  0.607638 0.051220 0.792561  0.321164 0.438727 1 0 1.000000
0  32.372570 88.921844 41.069054  0.704152 0.068359 0.706751  0.329691 0.439927 1 0 1.000000
0  32.647846 86.103111 41.071144  0.609386 0.053553 0.791063  0.321247 0.439100 1 0 1.000000
skin_0dam
0  32.647846 86.103111 41.071144  0.609386 0.053553 0.791063  0.321247 0.439100 1 0 1.000000
0  33.308514 81.106651 40.855072  0.615933 0.029377 0.787250  0.306223 0.437113 1 0 1.000000
0  32.771721 86.084084 40.972767  0.607638 0.051220 0.792561  0.321164 0.438727 1 0 1.000000
skin_0dam
0  33.432384 81.101334 40.757896  0.615197 0.025907 0.787947  0.306181 0.436740 1 0 1.000000
0  32.771721 86.084084 40.972767  0.607638 0.051220 0.792561  0.321164 0.438727 1 0 1.000000
0  33.308514 81.106651 40.855072  0.615933 0.029377 0.787250  0.306223 0.437113 1 0 1.000000
skin_0dam
0  33.432384 81.101334 40.757896  0.615197 0.025907 0.787947  0.306181 0.436740 1 0 1.000000
0  33.308514 81.106651 40.855072  0.615933 0.029377 0.787250  0.306223 0.437113 1 0 1.000000
0  34.175632 74.361801 40.251160  0.738266 0.019908 0.674215  0.285859 0.434505 1 0 1.000000
skin_0dam
0  34.079288 74.365921 40.362053  0.739734 0.022559 0.672521  0.285900 0.434795 1 0 1.000000
0  34.175632 74.361801 40.251160  0.738266 0.019908 0.674215  0.285859 0.434505 1 0 1.000000
0  33.308514 81.106651 40.855072  0.615933 0.029377 0.787250  0.306223 0.437113 1 0 1.000000
skin_0dam
0  34.175632 74.361801 40.251160  0.738266 0.019908 0.674215  0.285859 0.434505 1 0 1.000000
0  34.079288 74.365921 40.362053  0.739734 0.022559 0.672521  0.285900 0.434795 1 0 1.000000
0  34.602310 70.046288 39.832153  0.790777 -0.043394 0.610564  0.272821 0.433222 1 0 1.000000
skin_0dam
0  34.519730 70.092735 39.932930  0.798619 -0.014719 0.601657  0.272987 0.433471 1 0 1.000000
0  34.602310 70.046288 39.832153  0.790777 -0.043394 0.610564  0.272821 0.433222 1 0 1.000000
0  34.079288 74.365921 40.362053  0.739734 0.022559 0.672521  0.285900 0.434795 1 0 1.000000
skin_0dam
0  34.519730 70.092735 39.932930  0.798619 -0.014719 0.601657  0.272987 0.433471 1 0 1.000000
0  34.478436 68.407425 39.771671  0.739530 -0.146893 0.656900  0.267896 0.433595 1 0 1.000000
0  34.602310 70.046288 39.832153  0.790777 -0.043394 0.610564  0.272821 0.433222 1 0 1.000000
skin_0dam
0  34.574783 68.403313 39.660778  0.738522 -0.148011 0.657782  0.267854 0.433305 1 0 1.000000
0  34.602310 70.046288 39.832153  0.790777 -0.043394 0.610564  0.272821 0.433222 1 0 1.000000
0  34.478436 68.407425 39.771671  0.739530 -0.146893 0.656900  0.267896 0.433595 1 0 1.000000
skin_0dam
0  34.478436 68.407425 39.771671  0.739530 -0.146893 0.656900  0.267896 0.433595 1 0 1.000000
0  34.051754 66.420464 39.584019  0.722957 -0.274287 0.634113  0.261894 0.434878 1 0 1.000000
0  34.574783 68.403313 39.660778  0.738522 -0.148011 0.657782  0.267854 0.433305 1 0 1.000000
skin_0dam
0  34.148106 66.401443 39.485638  0.722248 -0.272216 0.635811  0.261812 0.434588 1 0 1.000000
0  34.574783 68.403313 39.660778  0.738522 -0.148011 0.657782  0.267854 0.433305 1 0 1.000000
0  34.051754 66.420464 39.584019  0.722957 -0.274287 0.634113  0.261894 0.434878 1 0 1.000000
skin_0dam
0  34.148106 66.401443 39.485638  0.722248 -0.272216 0.635811  0.261812 0.434588 1 0 1.000000
0  34.051754 66.420464 39.584019  0.722957 -0.274287 0.634113  0.261894 0.434878 1 0 1.000000
0  33.212166 64.041870 39.293018  0.744840 -0.388367 0.542572  0.254693 0.437403 1 0 1.000000
skin_0dam
0  33.212166 64.184296 39.402195  0.782646 -0.359563 0.508114  0.255148 0.437403 1 0 1.000000
0  33.212166 64.041870 39.293018  0.744840 -0.388367 0.542572  0.254693 0.437403 1 0 1.000000
0  34.051754 66.420464 39.584019  0.722957 -0.274287 0.634113  0.261894 0.434878 1 0 1.000000
skin_0dam
0  33.212166 64.041870 39.293018  0.744840 -0.388367 0.542572  0.254693 0.437403 1 0 1.000000
0  33.212166 64.184296 39.402195  0.782646 -0.359563 0.508114  0.255148 0.437403 1 0 1.000000
0  32.097298 61.647156 39.028240  0.630291 -0.375367 0.679583  0.247449 0.440755 1 0 1.000000
skin_0dam
0  32.014713 61.667381 39.112911  0.630072 -0.375164 0.679898  0.247532 0.441003 1 0 1.000000
0  32.097298 61.647156 39.028240  0.630291 -0.375367 0.679583  0.247449 0.440755 1 0 1.000000
0  33.212166 64.184296 39.402195  0.782646 -0.359563 0.508114  0.255148 0.437403 1 0 1.000000
skin_0dam
0  32.097298 61.647156 39.028240  0.630291 -0.375367 0.679583  0.247449 0.440755 1 0 1.000000
0  32.014713 61.667381 39.112911  0.630072 -0.375164 0.679898  0.247532 0.441003 1 0 1.000000
0  30.459394 58.160328 38.612652  0.766150 -0.362149 0.530906  0.236895 0.445681 1 0 1.000000
skin_0dam
0  30.418102 58.220486 38.714630  0.759001 -0.376523 0.531176  0.237102 0.445805 1 0 1.000000
0  30.459394 58.160328 38.612652  0.766150 -0.362149 0.530906  0.236895 0.445681 1 0 1.000000
0  32.014713 61.667381 39.112911  0.630072 -0.375164 0.679898  0.247532 0.441003 1 0 1.000000
skin_0dam
0  30.459394 58.160328 38.612652  0.766150 -0.362149 0.530906  0.236895 0.445681 1 0 1.000000
0  30.418102 58.220486 38.714630  0.759001 -0.376523 0.531176  0.237102 0.445805 1 0 1.000000
0  29.248177 55.456604 38.721519  0.869415 -0.351866 0.346854  0.228824 0.449323 1 0 1.000000
skin_0dam
0  29.220646 55.515564 38.837208  0.867669 -0.353973 0.349075  0.229031 0.449406 1 0 1.000000
0  29.248177 55.456604 38.721519  0.869415 -0.351866 0.346854  0.228824 0.449323 1 0 1.000000
0  30.418102 58.220486 38.714630  0.759001 -0.376523 0.531176  0.237102 0.445805 1 0 1.000000
skin_0dam
0  29.220646 55.515564 38.837208  0.867669 -0.353973 0.349075  0.229031 0.449406 1 0 1.000000
0  28.780203 54.637859 39.078194  0.898277 -0.363590 0.246782  0.226465 0.450730 1 0 1.000000
0  29.248177 55.456604 38.721519  0.869415 -0.351866 0.346854  0.228824 0.449323 1 0 1.000000
skin_0dam
0  28.766439 54.535362 38.986332  0.907181 -0.355006 0.225818  0.226134 0.450771 1 0 1.000000
0  29.248177 55.456604 38.721519  0.869415 -0.351866 0.346854  0.228824 0.449323 1 0 1.000000
0  28.780203 54.637859 39.078194  0.898277 -0.363590 0.246782  0.226465 0.450730 1 0 1.000000
skin_0dam
0  28.780203 54.637859 39.078194  0.898277 -0.363590 0.246782  0.226465 0.450730 1 0 1.000000
0  28.381054 53.814320 39.489723  0.854618 -0.437661 0.279430  0.224106 0.451930 1 0 1.000000
0  28.766439 54.535362 38.986332  0.907181 -0.355006 0.225818  0.226134 0.450771 1 0 1.000000
skin_0dam
0  28.339760 53.658180 39.379345  0.823138 -0.466401 0.323905  0.223609 0.452055 1 0 1.000000
0  28.766439 54.535362 38.986332  0.907181 -0.355006 0.225818  0.226134 0.450771 1 0 1.000000
0  28.381054 53.814320 39.489723  0.854618 -0.437661 0.279430  0.224106 0.451930 1 0 1.000000
skin_0dam
0  28.381054 53.814320 39.489723  0.854618 -0.437661 0.279430  0.224106 0.451930 1 0 1.000000
0  28.284706 53.715939 39.508747  0.651129 -0.561542 0.510589  0.223816 0.452220 1 0 1.000000
0  28.339760 53.658180 39.379345  0.823138 -0.466401 0.323905  0.223609 0.452055 1 0 1.000000
skin_0dam
0  -28.381058 53.814312 39.489731  -0.443892 -0.295572 0.845930  0.224106 0.622621 1 0 1.000000
0  -28.284710 53.715931 39.508755  -0.434598 -0.301915 0.848511  0.223816 0.622331 1 0 1.000000
0  -27.431351 55.299446 40.517731  -0.310540 -0.455355 0.834396  0.228824 0.619765 1 0 1.000000
skin_0dam
0  -27.362534 55.165928 40.464596  -0.265203 -0.443321 0.856232  0.228410 0.619558 1 0 1.000000
0  -27.431351 55.299446 40.517731  -0.310540 -0.455355 0.834396  0.228824 0.619765 1 0 1.000000
0  -28.284710 53.715931 39.508755  -0.434598 -0.301915 0.848511  0.223816 0.622331 1 0 1.000000
skin_0dam
0  -27.431351 55.299446 40.517731  -0.310540 -0.455355 0.834396  0.228824 0.619765 1 0 1.000000
0  -27.362534 55.165928 40.464596  -0.265203 -0.443321 0.856232  0.228410 0.619558 1 0 1.000000
0  -26.399065 56.354721 41.563385  -0.297581 -0.520105 0.800585  0.232259 0.616661 1 0 1.000000
skin_0dam
0  -26.467884 56.475731 41.601608  -0.301544 -0.525597 0.795499  0.232632 0.616868 1 0 1.000000
0  -27.431351 55.299446 40.517731  -0.310540 -0.455355 0.834396  0.228824 0.619765 1 0 1.000000
0  -26.399065 56.354721 41.563385  -0.297581 -0.520105 0.800585  0.232259 0.616661 1 0 1.000000
skin_0dam
0  -26.467884 56.475731 41.601608  -0.301544 -0.525597 0.795499  0.232632 0.616868 1 0 1.000000
0  -26.399065 56.354721 41.563385  -0.297581 -0.520105 0.800585  0.232259 0.616661 1 0 1.000000
0  -25.559467 57.241348 42.483757  -0.256075 -0.589320 0.766243  0.235157 0.614136 1 0 1.000000
skin_0dam
0  -25.628288 57.333733 42.533287  -0.257250 -0.592861 0.763111  0.235446 0.614343 1 0 1.000000
0  -26.467884 56.475731 41.601608  -0.301544 -0.525597 0.795499  0.232632 0.616868 1 0 1.000000
0  -25.559467 57.241348 42.483757  -0.256075 -0.589320 0.766243  0.235157 0.614136 1 0 1.000000
skin_0dam
0  -25.559467 57.241348 42.483757  -0.256075 -0.589320 0.766243  0.235157 0.614136 1 0 1.000000
0  -24.816221 57.866947 43.229305  -0.347587 -0.689967 0.634925  0.237226 0.611901 1 0 1.000000
0  -25.628288 57.333733 42.533287  -0.257250 -0.592861 0.763111  0.235446 0.614343 1 0 1.000000
skin_0dam
0  -24.926332 57.946819 43.263927  -0.333508 -0.670899 0.662319  0.237474 0.612232 1 0 1.000000
0  -25.628288 57.333733 42.533287  -0.257250 -0.592861 0.763111  0.235446 0.614343 1 0 1.000000
0  -24.816221 57.866947 43.229305  -0.347587 -0.689967 0.634925  0.237226 0.611901 1 0 1.000000
skin_0dam
0  -24.816221 57.866947 43.229305  -0.347587 -0.689967 0.634925  0.237226 0.611901 1 0 1.000000
0  -24.623526 57.916313 43.454689  -0.556886 -0.717523 0.418377  0.237433 0.611322 1 0 1.000000
0  -24.926332 57.946819 43.263927  -0.333508 -0.670899 0.662319  0.237474 0.612232 1 0 1.000000
skin_0dam
0  -24.706112 58.007492 43.517933  -0.542897 -0.721113 0.430417  0.237723 0.611570 1 0 1.000000
0  -24.926332 57.946819 43.263927  -0.333508 -0.670899 0.662319  0.237474 0.612232 1 0 1.000000
0  -24.623526 57.916313 43.454689  -0.556886 -0.717523 0.418377  0.237433 0.611322 1 0 1.000000
skin_0dam
0  -24.706112 58.007492 43.517933  -0.542897 -0.721113 0.430417  0.237723 0.611570 1 0 1.000000
0  -24.623526 57.916313 43.454689  -0.556886 -0.717523 0.418377  0.237433 0.611322 1 0 1.000000
0  -24.540945 57.947166 43.733719  -0.690413 -0.684011 0.235498  0.237599 0.611073 1 0 1.000000
skin_0dam
0  -24.403305 57.805252 43.776566  -0.801084 -0.597994 0.025847  0.237185 0.610660 1 0 1.000000
0  -24.540945 57.947166 43.733719  -0.690413 -0.684011 0.235498  0.237599 0.611073 1 0 1.000000
0  -24.623526 57.916313 43.454689  -0.556886 -0.717523 0.418377  0.237433 0.611322 1 0 1.000000
skin_0dam
0  -24.403305 57.805252 43.776566  -0.801084 -0.597994 0.025847  0.237185 0.610660 1 0 1.000000
0  -24.403305 57.821884 43.902367  -0.887343 -0.457984 -0.053591  0.237268 0.610660 1 0 1.000000
0  -24.540945 57.947166 43.733719  -0.690413 -0.684011 0.235498  0.237599 0.611073 1 0 1.000000
skin_0dam
0  -24.403305 57.821884 43.902367  -0.887343 -0.457984 -0.053591  0.237268 0.610660 1 0 1.000000
0  -24.403305 57.805252 43.776566  -0.801084 -0.597994 0.025847  0.237185 0.610660 1 0 1.000000
0  -24.334486 57.617413 43.870663  -0.987114 -0.146310 -0.064804  0.236647 0.610453 1 0 1.000000
skin_0dam
0  -24.334486 57.617413 43.870663  -0.987114 -0.146310 -0.064804  0.236647 0.610453 1 0 1.000000
0  -24.348249 57.607815 43.980358  -0.994206 -0.086371 -0.063992  0.236647 0.610494 1 0 1.000000
0  -24.403305 57.821884 43.902367  -0.887343 -0.457984 -0.053591  0.237268 0.610660 1 0 1.000000
skin_0dam
0  -24.348249 57.607815 43.980358  -0.994206 -0.086371 -0.063992  0.236647 0.610494 1 0 1.000000
0  -24.334486 57.617413 43.870663  -0.987114 -0.146310 -0.064804  0.236647 0.610453 1 0 1.000000
0  -25.008913 49.357460 44.792168  -0.990944 0.060951 -0.119646  0.212144 0.612481 1 0 1.000000
skin_0dam
0  -24.981386 49.426708 44.632431  -0.990986 0.064170 -0.117601  0.212310 0.612398 1 0 1.000000
0  -25.008913 49.357460 44.792168  -0.990944 0.060951 -0.119646  0.212144 0.612481 1 0 1.000000
0  -24.334486 57.617413 43.870663  -0.987114 -0.146310 -0.064804  0.236647 0.610453 1 0 1.000000
skin_0dam
0  -25.008913 49.357460 44.792168  -0.990944 0.060951 -0.119646  0.212144 0.612481 1 0 1.000000
0  -24.981386 49.426708 44.632431  -0.990986 0.064170 -0.117601  0.212310 0.612398 1 0 1.000000
0  -25.545702 41.013699 45.250401  -0.995027 0.071813 0.069021  0.187269 0.614095 1 0 1.000000
skin_0dam
0  -25.559465 40.926113 45.146023  -0.994891 0.071937 0.070828  0.186979 0.614136 1 0 1.000000
0  -25.545702 41.013699 45.250401  -0.995027 0.071813 0.069021  0.187269 0.614095 1 0 1.000000
0  -24.981386 49.426708 44.632431  -0.990986 0.064170 -0.117601  0.212310 0.612398 1 0 1.000000
skin_0dam
0  -34.175640 74.361801 40.251167  -0.738255 0.019906 0.674228  0.285859 0.640046 1 0 1.000000
0  -34.602318 70.046280 39.832161  -0.790793 -0.043398 0.610543  0.272821 0.641329 1 0 1.000000
0  -34.079296 74.365921 40.362061  -0.739725 0.022561 0.672531  0.285900 0.639756 1 0 1.000000
skin_0dam
0  -34.079296 74.365921 40.362061  -0.739725 0.022561 0.672531  0.285900 0.639756 1 0 1.000000
0  -33.308521 81.106651 40.855080  -0.615885 0.029361 0.787289  0.306223 0.637439 1 0 1.000000
0  -34.175640 74.361801 40.251167  -0.738255 0.019906 0.674228  0.285859 0.640046 1 0 1.000000
skin_0dam
0  -33.432392 81.101334 40.757904  -0.615112 0.025894 0.788015  0.306181 0.637811 1 0 1.000000
0  -34.175640 74.361801 40.251167  -0.738255 0.019906 0.674228  0.285859 0.640046 1 0 1.000000
0  -33.308521 81.106651 40.855080  -0.615885 0.029361 0.787289  0.306223 0.637439 1 0 1.000000
skin_0dam
0  -33.432392 81.101334 40.757904  -0.615112 0.025894 0.788015  0.306181 0.637811 1 0 1.000000
0  -33.308521 81.106651 40.855080  -0.615885 0.029361 0.787289  0.306223 0.637439 1 0 1.000000
0  -32.771729 86.084084 40.972775  -0.607623 0.051213 0.792573  0.321164 0.635824 1 0 1.000000
skin_0dam
0  -32.647854 86.103104 41.071152  -0.609368 0.053553 0.791077  0.321247 0.635452 1 0 1.000000
0  -32.771729 86.084084 40.972775  -0.607623 0.051213 0.792573  0.321164 0.635824 1 0 1.000000
0  -33.308521 81.106651 40.855080  -0.615885 0.029361 0.787289  0.306223 0.637439 1 0 1.000000
skin_0dam
0  -32.771729 86.084084 40.972775  -0.607623 0.051213 0.792573  0.321164 0.635824 1 0 1.000000
0  -32.647854 86.103104 41.071152  -0.609368 0.053553 0.791077  0.321247 0.635452 1 0 1.000000
0  -32.372578 88.921844 41.069061  -0.704175 0.068348 0.706729  0.329691 0.634624 1 0 1.000000
skin_0dam
0  -32.289989 88.829971 41.171558  -0.709020 0.068664 0.701838  0.329442 0.634376 1 0 1.000000
0  -32.372578 88.921844 41.069061  -0.704175 0.068348 0.706729  0.329691 0.634624 1 0 1.000000
0  -32.647854 86.103104 41.071152  -0.609368 0.053553 0.791077  0.321247 0.635452 1 0 1.000000
skin_0dam
0  -28.284710 53.715931 39.508755  -0.651157 -0.561526 0.510572  0.223816 0.622331 1 0 1.000000
0  -28.381058 53.814312 39.489731  -0.854625 -0.437657 0.279416  0.224106 0.622621 1 0 1.000000
0  -28.339764 53.658173 39.379353  -0.823142 -0.466398 0.323899  0.223609 0.622497 1 0 1.000000
skin_0dam
0  -28.339764 53.658173 39.379353  -0.823142 -0.466398 0.323899  0.223609 0.622497 1 0 1.000000
0  -28.381058 53.814312 39.489731  -0.854625 -0.437657 0.279416  0.224106 0.622621 1 0 1.000000
0  -28.766443 54.535355 38.986336  -0.907184 -0.355009 0.225800  0.226134 0.623780 1 0 1.000000
skin_0dam
0  -28.780207 54.637852 39.078201  -0.898292 -0.363663 0.246617  0.226465 0.623821 1 0 1.000000
0  -28.766443 54.535355 38.986336  -0.907184 -0.355009 0.225800  0.226134 0.623780 1 0 1.000000
0  -28.381058 53.814312 39.489731  -0.854625 -0.437657 0.279416  0.224106 0.622621 1 0 1.000000
skin_0dam
0  -28.766443 54.535355 38.986336  -0.907184 -0.355009 0.225800  0.226134 0.623780 1 0 1.000000
0  -28.780207 54.637852 39.078201  -0.898292 -0.363663 0.246617  0.226465 0.623821 1 0 1.000000
0  -29.248180 55.456596 38.721523  -0.869404 -0.351851 0.346898  0.228824 0.625229 1 0 1.000000
skin_0dam
0  -29.220650 55.515553 38.837212  -0.867673 -0.353958 0.349081  0.229031 0.625146 1 0 1.000000
0  -29.248180 55.456596 38.721523  -0.869404 -0.351851 0.346898  0.228824 0.625229 1 0 1.000000
0  -28.780207 54.637852 39.078201  -0.898292 -0.363663 0.246617  0.226465 0.623821 1 0 1.000000
skin_0dam
0  -29.220650 55.515553 38.837212  -0.867673 -0.353958 0.349081  0.229031 0.625146 1 0 1.000000
0  -30.418106 58.220478 38.714638  -0.759076 -0.376546 0.531053  0.237102 0.628747 1 0 1.000000
0  -29.248180 55.456596 38.721523  -0.869404 -0.351851 0.346898  0.228824 0.625229 1 0 1.000000
skin_0dam
0  -30.459398 58.160320 38.612659  -0.766150 -0.362164 0.530897  0.236895 0.628871 1 0 1.000000
0  -29.248180 55.456596 38.721523  -0.869404 -0.351851 0.346898  0.228824 0.625229 1 0 1.000000
0  -30.418106 58.220478 38.714638  -0.759076 -0.376546 0.531053  0.237102 0.628747 1 0 1.000000
skin_0dam
0  -30.418106 58.220478 38.714638  -0.759076 -0.376546 0.531053  0.237102 0.628747 1 0 1.000000
0  -32.014713 61.667374 39.112915  -0.630098 -0.375169 0.679871  0.247532 0.633548 1 0 1.000000
0  -30.459398 58.160320 38.612659  -0.766150 -0.362164 0.530897  0.236895 0.628871 1 0 1.000000
skin_0dam
0  -32.097298 61.647148 39.028248  -0.630285 -0.375367 0.679588  0.247449 0.633796 1 0 1.000000
0  -30.459398 58.160320 38.612659  -0.766150 -0.362164 0.530897  0.236895 0.628871 1 0 1.000000
0  -32.014713 61.667374 39.112915  -0.630098 -0.375169 0.679871  0.247532 0.633548 1 0 1.000000
skin_0dam
0  -32.014713 61.667374 39.112915  -0.630098 -0.375169 0.679871  0.247532 0.633548 1 0 1.000000
0  -33.212173 64.184288 39.402203  -0.782652 -0.359549 0.508115  0.255148 0.637149 1 0 1.000000
0  -32.097298 61.647148 39.028248  -0.630285 -0.375367 0.679588  0.247449 0.633796 1 0 1.000000
skin_0dam
0  -33.212173 64.041862 39.293026  -0.744837 -0.388371 0.542573  0.254693 0.637149 1 0 1.000000
0  -32.097298 61.647148 39.028248  -0.630285 -0.375367 0.679588  0.247449 0.633796 1 0 1.000000
0  -33.212173 64.184288 39.402203  -0.782652 -0.359549 0.508115  0.255148 0.637149 1 0 1.000000
skin_0dam
0  -33.212173 64.184288 39.402203  -0.782652 -0.359549 0.508115  0.255148 0.637149 1 0 1.000000
0  -34.051762 66.420464 39.584026  -0.722981 -0.274286 0.634087  0.261894 0.639674 1 0 1.000000
0  -33.212173 64.041862 39.293026  -0.744837 -0.388371 0.542573  0.254693 0.637149 1 0 1.000000
skin_0dam
0  -34.148113 66.401436 39.485645  -0.722235 -0.272226 0.635822  0.261812 0.639963 1 0 1.000000
0  -33.212173 64.041862 39.293026  -0.744837 -0.388371 0.542573  0.254693 0.637149 1 0 1.000000
0  -34.051762 66.420464 39.584026  -0.722981 -0.274286 0.634087  0.261894 0.639674 1 0 1.000000
skin_0dam
0  -34.148113 66.401436 39.485645  -0.722235 -0.272226 0.635822  0.261812 0.639963 1 0 1.000000
0  -34.051762 66.420464 39.584026  -0.722981 -0.274286 0.634087  0.261894 0.639674 1 0 1.000000
0  -34.574791 68.403313 39.660786  -0.738568 -0.148038 0.657725  0.267854 0.641246 1 0 1.000000
skin_0dam
0  -34.478443 68.407425 39.771679  -0.739517 -0.146891 0.656916  0.267896 0.640957 1 0 1.000000
0  -34.574791 68.403313 39.660786  -0.738568 -0.148038 0.657725  0.267854 0.641246 1 0 1.000000
0  -34.051762 66.420464 39.584026  -0.722981 -0.274286 0.634087  0.261894 0.639674 1 0 1.000000
skin_0dam
0  -34.574791 68.403313 39.660786  -0.738568 -0.148038 0.657725  0.267854 0.641246 1 0 1.000000
0  -34.478443 68.407425 39.771679  -0.739517 -0.146891 0.656916  0.267896 0.640957 1 0 1.000000
0  -34.602318 70.046280 39.832161  -0.790793 -0.043398 0.610543  0.272821 0.641329 1 0 1.000000
skin_0dam
0  -34.519737 70.092735 39.932938  -0.798629 -0.014715 0.601643  0.272987 0.641081 1 0 1.000000
0  -34.602318 70.046280 39.832161  -0.790793 -0.043398 0.610543  0.272821 0.641329 1 0 1.000000
0  -34.478443 68.407425 39.771679  -0.739517 -0.146891 0.656916  0.267896 0.640957 1 0 1.000000
skin_0dam
0  -34.519737 70.092735 39.932938  -0.798629 -0.014715 0.601643  0.272987 0.641081 1 0 1.000000
0  -34.079296 74.365921 40.362061  -0.739725 0.022561 0.672531  0.285900 0.639756 1 0 1.000000
0  -34.602318 70.046280 39.832161  -0.790793 -0.043398 0.610543  0.272821 0.641329 1 0 1.000000
skin_0dam
0  15.566910 93.026550 42.160450  0.062950 0.079799 0.994821  0.342273 0.490464 1 0 1.000000
0  15.332925 93.066483 42.177757  0.060217 0.079357 0.995026  0.342397 0.491168 1 0 1.000000
0  16.406504 88.076889 42.514946  -0.014340 0.100639 0.994820  0.327538 0.487939 1 0 1.000000
skin_0dam
0  16.186283 88.091797 42.502434  -0.016563 0.090041 0.995800  0.327580 0.488601 1 0 1.000000
0  16.406504 88.076889 42.514946  -0.014340 0.100639 0.994820  0.327538 0.487939 1 0 1.000000
0  15.332925 93.066483 42.177757  0.060217 0.079357 0.995026  0.342397 0.491168 1 0 1.000000
skin_0dam
0  16.406504 88.076889 42.514946  -0.014340 0.100639 0.994820  0.327538 0.487939 1 0 1.000000
0  16.186283 88.091797 42.502434  -0.016563 0.090041 0.995800  0.327580 0.488601 1 0 1.000000
0  17.438793 81.507736 43.377125  -0.025945 0.128165 0.991414  0.308085 0.484835 1 0 1.000000
skin_0dam
0  17.246098 81.480316 43.374725  -0.025949 0.128178 0.991412  0.308002 0.485415 1 0 1.000000
0  17.438793 81.507736 43.377125  -0.025945 0.128165 0.991414  0.308085 0.484835 1 0 1.000000
0  16.186283 88.091797 42.502434  -0.016563 0.090041 0.995800  0.327580 0.488601 1 0 1.000000
skin_0dam
0  17.438793 81.507736 43.377125  -0.025945 0.128165 0.991414  0.308085 0.484835 1 0 1.000000
0  17.246098 81.480316 43.374725  -0.025949 0.128178 0.991412  0.308002 0.485415 1 0 1.000000
0  18.374737 75.159164 44.244789  0.007313 0.130173 0.991464  0.289294 0.482021 1 0 1.000000
skin_0dam
0  18.182041 75.131744 44.242393  0.008116 0.130600 0.991402  0.289211 0.482600 1 0 1.000000
0  18.374737 75.159164 44.244789  0.007313 0.130173 0.991464  0.289294 0.482021 1 0 1.000000
0  17.246098 81.480316 43.374725  -0.025949 0.128178 0.991412  0.308002 0.485415 1 0 1.000000
skin_0dam
0  18.374737 75.159164 44.244789  0.007313 0.130173 0.991464  0.289294 0.482021 1 0 1.000000
0  18.182041 75.131744 44.242393  0.008116 0.130600 0.991402  0.289211 0.482600 1 0 1.000000
0  19.420788 67.812576 45.149487  0.049345 0.119831 0.991567  0.267523 0.478875 1 0 1.000000
skin_0dam
0  19.214331 67.811378 45.163197  0.050127 0.121558 0.991318  0.267523 0.479496 1 0 1.000000
0  19.420788 67.812576 45.149487  0.049345 0.119831 0.991567  0.267523 0.478875 1 0 1.000000
0  18.182041 75.131744 44.242393  0.008116 0.130600 0.991402  0.289211 0.482600 1 0 1.000000
skin_0dam
0  19.420788 67.812576 45.149487  0.049345 0.119831 0.991567  0.267523 0.478875 1 0 1.000000
0  19.214331 67.811378 45.163197  0.050127 0.121558 0.991318  0.267523 0.479496 1 0 1.000000
0  20.673300 58.805016 46.088478  0.086220 0.101504 0.991092  0.240786 0.475109 1 0 1.000000
skin_0dam
0  20.453077 58.803818 46.102196  0.086891 0.104230 0.990750  0.240786 0.475771 1 0 1.000000
0  20.673300 58.805016 46.088478  0.086220 0.101504 0.991092  0.240786 0.475109 1 0 1.000000
0  19.214331 67.811378 45.163197  0.050127 0.121558 0.991318  0.267523 0.479496 1 0 1.000000
skin_0dam
0  20.673300 58.805016 46.088478  0.086220 0.101504 0.991092  0.240786 0.475109 1 0 1.000000
0  20.453077 58.803818 46.102196  0.086891 0.104230 0.990750  0.240786 0.475771 1 0 1.000000
0  21.884521 49.567448 46.813919  0.123993 0.068084 0.989945  0.213303 0.471466 1 0 1.000000
skin_0dam
0  21.678061 49.592472 46.843742  0.125202 0.074952 0.989296  0.213386 0.472087 1 0 1.000000
0  21.884521 49.567448 46.813919  0.123993 0.068084 0.989945  0.213303 0.471466 1 0 1.000000
0  20.453077 58.803818 46.102196  0.086891 0.104230 0.990750  0.240786 0.475771 1 0 1.000000
skin_0dam
0  21.884521 49.567448 46.813919  0.123993 0.068084 0.989945  0.213303 0.471466 1 0 1.000000
0  21.678061 49.592472 46.843742  0.125202 0.074952 0.989296  0.213386 0.472087 1 0 1.000000
0  22.861752 41.225563 47.092697  0.152142 0.051880 0.986996  0.188386 0.468528 1 0 1.000000
skin_0dam
0  22.641531 41.249393 47.136230  0.152630 0.052161 0.986906  0.188469 0.469190 1 0 1.000000
0  22.861752 41.225563 47.092697  0.152142 0.051880 0.986996  0.188386 0.468528 1 0 1.000000
0  21.678061 49.592472 46.843742  0.125202 0.074952 0.989296  0.213386 0.472087 1 0 1.000000
rearwindow
0  17.686544 49.863613 47.060890  0.110589 0.089353 0.989841  0.017990 0.410123 1 0 1.000000
0  15.938535 63.583115 45.484093  0.101269 0.146978 0.983942  0.065539 0.243615 1 0 1.000000
0  9.414473 50.123283 47.567188  0.051506 0.101990 0.993451  0.243759 0.406339 1 0 1.000000
rearwindow
0  9.414473 50.123283 47.567188  0.051506 0.101990 0.993451  0.243759 0.406339 1 0 1.000000
0  8.753806 63.997200 45.962448  0.049336 0.143171 0.988468  0.261802 0.237999 1 0 1.000000
0  0.000000 50.246517 47.895744  0.000000 0.099162 0.995071  0.500715 0.404511 1 0 1.000000
rearwindow
0  8.753806 63.997200 45.962448  0.049336 0.143171 0.988468  0.261802 0.237999 1 0 1.000000
0  9.414473 50.123283 47.567188  0.051506 0.101990 0.993451  0.243759 0.406339 1 0 1.000000
0  15.938535 63.583115 45.484093  0.101269 0.146978 0.983942  0.065539 0.243615 1 0 1.000000
rearwindow
0  15.938535 63.583115 45.484093  0.101269 0.146978 0.983942  0.065539 0.243615 1 0 1.000000
0  13.777610 75.822456 43.612000  0.085441 0.180183 0.979915  0.124431 0.095539 1 0 1.000000
0  8.753806 63.997200 45.962448  0.049336 0.143171 0.988468  0.261802 0.237999 1 0 1.000000
rearwindow
0  -17.686544 49.863613 47.060890  -0.110589 0.089353 0.989841  0.983445 0.410123 1 0 1.000000
0  -9.414473 50.123283 47.567188  -0.051767 0.102203 0.993416  0.757803 0.406339 1 0 1.000000
0  -15.938539 63.583115 45.484093  -0.101269 0.146978 0.983942  0.935891 0.243615 1 0 1.000000
rearwindow
0  -8.753810 63.997200 45.962448  -0.049336 0.143171 0.988468  0.739629 0.237999 1 0 1.000000
0  -15.938539 63.583115 45.484093  -0.101269 0.146978 0.983942  0.935891 0.243615 1 0 1.000000
0  -9.414473 50.123283 47.567188  -0.051767 0.102203 0.993416  0.757803 0.406339 1 0 1.000000
rearwindow
0  -9.414473 50.123283 47.567188  -0.051767 0.102203 0.993416  0.757803 0.406339 1 0 1.000000
0  0.000000 50.246517 47.895744  0.000000 0.099162 0.995071  0.500715 0.404511 1 0 1.000000
0  -8.753810 63.997200 45.962448  -0.049336 0.143171 0.988468  0.739629 0.237999 1 0 1.000000
rearwindow
0  -0.000002 64.370331 46.119438  0.000000 0.146387 0.989227  0.500715 0.233239 1 0 1.000000
0  -8.753810 63.997200 45.962448  -0.049336 0.143171 0.988468  0.739629 0.237999 1 0 1.000000
0  0.000000 50.246517 47.895744  0.000000 0.099162 0.995071  0.500715 0.404511 1 0 1.000000
rearwindow
0  -0.000002 64.370331 46.119438  0.000000 0.146387 0.989227  0.500715 0.233239 1 0 1.000000
0  0.000000 50.246517 47.895744  0.000000 0.099162 0.995071  0.500715 0.404511 1 0 1.000000
0  8.753806 63.997200 45.962448  0.049336 0.143171 0.988468  0.261802 0.237999 1 0 1.000000
rearwindow
0  8.753806 63.997200 45.962448  0.049336 0.143171 0.988468  0.261802 0.237999 1 0 1.000000
0  8.148195 76.197296 43.907303  0.044883 0.179490 0.982735  0.278037 0.090535 1 0 1.000000
0  -0.000002 64.370331 46.119438  0.000000 0.146387 0.989227  0.500715 0.233239 1 0 1.000000
rearwindow
0  8.148195 76.197296 43.907303  0.044883 0.179490 0.982735  0.278037 0.090535 1 0 1.000000
0  8.753806 63.997200 45.962448  0.049336 0.143171 0.988468  0.261802 0.237999 1 0 1.000000
0  13.777610 75.822456 43.612000  0.085441 0.180183 0.979915  0.124431 0.095539 1 0 1.000000
rearwindow
0  13.777610 75.822456 43.612000  0.085441 0.180183 0.979915  0.124431 0.095539 1 0 1.000000
0  12.676502 80.848724 42.697731  0.082791 0.194340 0.977434  0.154715 0.034747 1 0 1.000000
0  8.148195 76.197296 43.907303  0.044883 0.179490 0.982735  0.278037 0.090535 1 0 1.000000
rearwindow
0  12.470044 81.226135 42.647850  0.083190 0.192621 0.977741  0.160385 0.030351 1 0 1.000000
0  8.148195 76.197296 43.907303  0.044883 0.179490 0.982735  0.278037 0.090535 1 0 1.000000
0  12.676502 80.848724 42.697731  0.082791 0.194340 0.977434  0.154715 0.034747 1 0 1.000000
rearwindow
0  12.470044 81.226135 42.647850  0.083190 0.192621 0.977741  0.160385 0.030351 1 0 1.000000
0  12.098420 81.490250 42.629509  0.077161 0.186848 0.979354  0.170308 0.027055 1 0 1.000000
0  8.148195 76.197296 43.907303  0.044883 0.179490 0.982735  0.278037 0.090535 1 0 1.000000
rearwindow
0  7.927973 82.184723 42.745533  0.046384 0.177168 0.983087  0.284097 0.018391 1 0 1.000000
0  8.148195 76.197296 43.907303  0.044883 0.179490 0.982735  0.278037 0.090535 1 0 1.000000
0  12.098420 81.490250 42.629509  0.077161 0.186848 0.979354  0.170308 0.027055 1 0 1.000000
rearwindow
0  8.148195 76.197296 43.907303  0.044883 0.179490 0.982735  0.278037 0.090535 1 0 1.000000
0  7.927973 82.184723 42.745533  0.046384 0.177168 0.983087  0.284097 0.018391 1 0 1.000000
0  -0.000003 76.570419 44.064297  -0.000000 0.175679 0.984447  0.500715 0.085775 1 0 1.000000
rearwindow
0  -0.000003 82.650238 42.952057  -0.000001 0.187799 0.982207  0.500715 0.012407 1 0 1.000000
0  -0.000003 76.570419 44.064297  -0.000000 0.175679 0.984447  0.500715 0.085775 1 0 1.000000
0  7.927973 82.184723 42.745533  0.046384 0.177168 0.983087  0.284097 0.018391 1 0 1.000000
rearwindow
0  -0.000003 82.650238 42.952057  -0.000001 0.187799 0.982207  0.500715 0.012407 1 0 1.000000
0  -7.927980 82.184723 42.745533  -0.046385 0.177168 0.983087  0.717338 0.018391 1 0 1.000000
0  -0.000003 76.570419 44.064297  -0.000000 0.175679 0.984447  0.500715 0.085775 1 0 1.000000
rearwindow
0  -8.148201 76.197296 43.907303  -0.045312 0.179265 0.982757  0.723394 0.090535 1 0 1.000000
0  -0.000003 76.570419 44.064297  -0.000000 0.175679 0.984447  0.500715 0.085775 1 0 1.000000
0  -7.927980 82.184723 42.745533  -0.046385 0.177168 0.983087  0.717338 0.018391 1 0 1.000000
rearwindow
0  -7.927980 82.184723 42.745533  -0.046385 0.177168 0.983087  0.717338 0.018391 1 0 1.000000
0  -12.098426 81.490250 42.629509  -0.077161 0.186848 0.979354  0.831126 0.027055 1 0 1.000000
0  -8.148201 76.197296 43.907303  -0.045312 0.179265 0.982757  0.723394 0.090535 1 0 1.000000
rearwindow
0  -12.470050 81.226135 42.647850  -0.083194 0.192620 0.977740  0.841049 0.030351 1 0 1.000000
0  -8.148201 76.197296 43.907303  -0.045312 0.179265 0.982757  0.723394 0.090535 1 0 1.000000
0  -12.098426 81.490250 42.629509  -0.077161 0.186848 0.979354  0.831126 0.027055 1 0 1.000000
rearwindow
0  -12.470050 81.226135 42.647850  -0.083194 0.192620 0.977740  0.841049 0.030351 1 0 1.000000
0  -12.676508 80.848724 42.697731  -0.082792 0.194340 0.977434  0.846716 0.034747 1 0 1.000000
0  -8.148201 76.197296 43.907303  -0.045312 0.179265 0.982757  0.723394 0.090535 1 0 1.000000
rearwindow
0  -13.777616 75.822456 43.612000  -0.085442 0.180177 0.979916  0.877000 0.095539 1 0 1.000000
0  -8.148201 76.197296 43.907303  -0.045312 0.179265 0.982757  0.723394 0.090535 1 0 1.000000
0  -12.676508 80.848724 42.697731  -0.082792 0.194340 0.977434  0.846716 0.034747 1 0 1.000000
rearwindow
0  -8.148201 76.197296 43.907303  -0.045312 0.179265 0.982757  0.723394 0.090535 1 0 1.000000
0  -13.777616 75.822456 43.612000  -0.085442 0.180177 0.979916  0.877000 0.095539 1 0 1.000000
0  -8.753810 63.997200 45.962448  -0.049336 0.143171 0.988468  0.739629 0.237999 1 0 1.000000
rearwindow
0  -15.938539 63.583115 45.484093  -0.101269 0.146978 0.983942  0.935891 0.243615 1 0 1.000000
0  -8.753810 63.997200 45.962448  -0.049336 0.143171 0.988468  0.739629 0.237999 1 0 1.000000
0  -13.777616 75.822456 43.612000  -0.085442 0.180177 0.979916  0.877000 0.095539 1 0 1.000000
rearwindow
0  -8.753810 63.997200 45.962448  -0.049336 0.143171 0.988468  0.739629 0.237999 1 0 1.000000
0  -0.000002 64.370331 46.119438  0.000000 0.146387 0.989227  0.500715 0.233239 1 0 1.000000
0  -8.148201 76.197296 43.907303  -0.045312 0.179265 0.982757  0.723394 0.090535 1 0 1.000000
rearwindow
0  -0.000003 76.570419 44.064297  -0.000000 0.175679 0.984447  0.500715 0.085775 1 0 1.000000
0  -8.148201 76.197296 43.907303  -0.045312 0.179265 0.982757  0.723394 0.090535 1 0 1.000000
0  -0.000002 64.370331 46.119438  0.000000 0.146387 0.989227  0.500715 0.233239 1 0 1.000000
rearwindow
0  -0.000003 76.570419 44.064297  -0.000000 0.175679 0.984447  0.500715 0.085775 1 0 1.000000
0  -0.000002 64.370331 46.119438  0.000000 0.146387 0.989227  0.500715 0.233239 1 0 1.000000
0  8.148195 76.197296 43.907303  0.044883 0.179490 0.982735  0.278037 0.090535 1 0 1.000000
end
