version 1
nodes
0 "root" -1
end
skeleton
time 0
0  0.000000 0.000000 0.000000  0.000000 -0.000000 0.000000
end
triangles
interior
0  -33.891331 -44.889839 84.906433  0.139788 0.095648 -0.985551  0.764648 0.007813 1 0 1.000000
0  -47.584415 -37.370407 83.468918  0.118467 0.686191 -0.717710  0.766113 0.008301 1 0 1.000000
0  -47.586674 -36.367970 83.985458  0.059966 0.198698 -0.978225  0.766113 0.007813 1 0 1.000000
interior
0  -33.891331 -44.889839 84.906433  0.059112 -0.047310 -0.997130  0.764648 0.007813 1 0 1.000000
0  -47.586674 -36.367970 83.985458  0.059966 0.198698 -0.978225  0.766113 0.007813 1 0 1.000000
0  -21.753572 -46.291904 84.916359  0.013771 0.022445 -0.999653  0.763672 0.007813 1 0 1.000000
interior
0  -2.734133 -48.718960 84.362846  -0.914279 0.076622 -0.397773  0.761230 0.007813 1 0 1.000000
0  -2.552876 -38.349434 85.943733  -0.049072 0.066883 -0.996553  0.761230 0.007813 1 0 1.000000
0  -2.641272 -48.892326 83.817413  -0.982368 0.044841 -0.181498  0.761230 0.007813 1 0 1.000000
interior
0  -3.007033 -48.583576 84.753906  -0.573615 0.119662 -0.810338  0.761230 0.007813 1 0 1.000000
0  -2.552876 -38.349434 85.943733  -0.049072 0.066883 -0.996553  0.761230 0.007813 1 0 1.000000
0  -2.734133 -48.718960 84.362846  -0.914279 0.076622 -0.397773  0.761230 0.007813 1 0 1.000000
interior
0  -3.546429 -48.430138 84.940445  -0.144596 0.112097 -0.983121  0.761719 0.007813 1 0 1.000000
0  -2.552876 -38.349434 85.943733  -0.049072 0.066883 -0.996553  0.761230 0.007813 1 0 1.000000
0  -3.007033 -48.583576 84.753906  -0.573615 0.119662 -0.810338  0.761230 0.007813 1 0 1.000000
interior
0  -4.226537 -48.309498 84.947571  0.010839 0.097711 -0.995156  0.761719 0.007813 1 0 1.000000
0  -2.552876 -38.349434 85.943733  -0.049072 0.066883 -0.996553  0.761230 0.007813 1 0 1.000000
0  -3.546429 -48.430138 84.940445  -0.144596 0.112097 -0.983121  0.761719 0.007813 1 0 1.000000
interior
0  -4.226537 -48.309498 84.947571  0.010839 0.097711 -0.995156  0.761719 0.007813 1 0 1.000000
0  -10.626678 -47.577209 84.925476  0.013687 0.097832 -0.995109  0.762695 0.007813 1 0 1.000000
0  -2.552876 -38.349434 85.943733  -0.049072 0.066883 -0.996553  0.761230 0.007813 1 0 1.000000
interior
0  -10.626678 -47.577209 84.925476  0.013687 0.097832 -0.995109  0.762695 0.007813 1 0 1.000000
0  -21.753572 -46.291904 84.916359  0.013771 0.022445 -0.999653  0.763672 0.007813 1 0 1.000000
0  -2.552876 -38.349434 85.943733  -0.049072 0.066883 -0.996553  0.761230 0.007813 1 0 1.000000
interior
0  -2.552876 -38.349434 85.943733  -0.049072 0.066883 -0.996553  0.761230 0.007813 1 0 1.000000
0  -21.753572 -46.291904 84.916359  0.013771 0.022445 -0.999653  0.763672 0.007813 1 0 1.000000
0  -47.586674 -36.367970 83.985458  0.059966 0.198698 -0.978225  0.766113 0.007813 1 0 1.000000
interior
0  -47.586674 -36.367970 83.985458  0.059966 0.198698 -0.978225  0.766113 0.007813 1 0 1.000000
0  -47.582390 -8.627995 85.992271  0.007664 0.034486 -0.999376  0.766113 0.007813 1 0 1.000000
0  -2.552876 -38.349434 85.943733  -0.049072 0.066883 -0.996553  0.761230 0.007813 1 0 1.000000
interior
0  -47.582390 -8.627995 85.992271  0.007664 0.034486 -0.999376  0.766113 0.007813 1 0 1.000000
0  -47.584328 19.120413 85.319511  -0.008557 -0.113928 -0.993452  0.766113 0.007813 1 0 1.000000
0  -2.552876 -38.349434 85.943733  -0.049072 0.066883 -0.996553  0.761230 0.007813 1 0 1.000000
interior
0  -2.552876 -38.349434 85.943733  -0.049072 0.066883 -0.996553  0.761230 0.007813 1 0 1.000000
0  -47.584328 19.120413 85.319511  -0.008557 -0.113928 -0.993452  0.766113 0.007813 1 0 1.000000
0  2.552895 -38.349434 85.943733  0.060608 0.067196 -0.995897  0.760742 0.007813 1 0 1.000000
interior
0  2.552895 -38.349434 85.943733  0.060608 0.067196 -0.995897  0.760742 0.007813 1 0 1.000000
0  -2.641272 -48.892326 83.817413  0.000000 0.197702 -0.980262  0.761230 0.007813 1 0 1.000000
0  -2.552876 -38.349434 85.943733  -0.049072 0.066883 -0.996553  0.761230 0.007813 1 0 1.000000
interior
0  -2.641272 -48.892326 83.817413  0.000000 0.197702 -0.980262  0.761230 0.007813 1 0 1.000000
0  2.552895 -38.349434 85.943733  0.060608 0.067196 -0.995897  0.760742 0.007813 1 0 1.000000
0  2.641292 -48.892326 83.817413  0.000000 0.197702 -0.980262  0.760742 0.007813 1 0 1.000000
interior
0  2.641292 -48.892326 83.817413  0.982368 0.044842 -0.181498  0.760742 0.007813 1 0 1.000000
0  2.552895 -38.349434 85.943733  0.060608 0.067196 -0.995897  0.760742 0.007813 1 0 1.000000
0  2.734153 -48.718960 84.362846  0.914279 0.076621 -0.397773  0.760742 0.007813 1 0 1.000000
interior
0  2.734153 -48.718960 84.362846  0.914279 0.076621 -0.397773  0.760742 0.007813 1 0 1.000000
0  2.552895 -38.349434 85.943733  0.060608 0.067196 -0.995897  0.760742 0.007813 1 0 1.000000
0  3.007053 -48.583576 84.753906  0.573615 0.119666 -0.810337  0.760742 0.007813 1 0 1.000000
interior
0  3.007053 -48.583576 84.753906  0.573615 0.119666 -0.810337  0.760742 0.007813 1 0 1.000000
0  2.552895 -38.349434 85.943733  0.060608 0.067196 -0.995897  0.760742 0.007813 1 0 1.000000
0  3.546449 -48.430138 84.940445  0.144596 0.112097 -0.983121  0.760742 0.007813 1 0 1.000000
interior
0  3.546449 -48.430138 84.940445  0.144596 0.112097 -0.983121  0.760742 0.007813 1 0 1.000000
0  2.552895 -38.349434 85.943733  0.060608 0.067196 -0.995897  0.760742 0.007813 1 0 1.000000
0  4.226557 -48.309498 84.947571  -0.010840 0.097711 -0.995156  0.760742 0.007813 1 0 1.000000
interior
0  10.626698 -47.577209 84.925476  -0.013614 0.097894 -0.995104  0.759766 0.007813 1 0 1.000000
0  4.226557 -48.309498 84.947571  -0.010840 0.097711 -0.995156  0.760742 0.007813 1 0 1.000000
0  2.552895 -38.349434 85.943733  0.060608 0.067196 -0.995897  0.760742 0.007813 1 0 1.000000
interior
0  21.753592 -46.291904 84.916359  -0.014219 -0.003028 -0.999894  0.758301 0.007813 1 0 1.000000
0  10.626698 -47.577209 84.925476  -0.013614 0.097894 -0.995104  0.759766 0.007813 1 0 1.000000
0  2.552895 -38.349434 85.943733  0.060608 0.067196 -0.995897  0.760742 0.007813 1 0 1.000000
interior
0  21.753592 -46.291904 84.916359  -0.014219 -0.003028 -0.999894  0.758301 0.007813 1 0 1.000000
0  2.552895 -38.349434 85.943733  0.060608 0.067196 -0.995897  0.760742 0.007813 1 0 1.000000
0  47.586689 -36.367962 83.985458  -0.031376 0.182400 -0.982724  0.755859 0.007813 1 0 1.000000
interior
0  33.891354 -44.889832 84.906433  -0.060402 -0.045700 -0.997127  0.757324 0.007813 1 0 1.000000
0  21.753592 -46.291904 84.916359  -0.014219 -0.003028 -0.999894  0.758301 0.007813 1 0 1.000000
0  47.586689 -36.367962 83.985458  -0.031376 0.182400 -0.982724  0.755859 0.007813 1 0 1.000000
interior
0  47.584431 -37.370399 83.468918  -0.289657 0.358931 -0.887281  0.755859 0.008301 1 0 1.000000
0  33.891354 -44.889832 84.906433  -0.260465 0.309565 -0.914510  0.757324 0.007813 1 0 1.000000
0  47.586689 -36.367962 83.985458  -0.031426 0.182478 -0.982708  0.755859 0.007813 1 0 1.000000
interior
0  47.586689 -36.367962 83.985458  -0.031376 0.182400 -0.982724  0.755859 0.007813 1 0 1.000000
0  2.552895 -38.349434 85.943733  0.060608 0.067196 -0.995897  0.760742 0.007813 1 0 1.000000
0  47.582405 -8.627988 85.992271  -0.007643 0.034443 -0.999377  0.755859 0.007813 1 0 1.000000
interior
0  2.552895 -38.349434 85.943733  0.060608 0.067196 -0.995897  0.760742 0.007813 1 0 1.000000
0  47.584335 19.120420 85.319511  0.008665 -0.212595 -0.977102  0.755859 0.007813 1 0 1.000000
0  47.582405 -8.627988 85.992271  -0.007643 0.034443 -0.999377  0.755859 0.007813 1 0 1.000000
interior
0  2.552895 -38.349434 85.943733  0.060608 0.067196 -0.995897  0.760742 0.007813 1 0 1.000000
0  -47.584328 19.120413 85.319511  -0.008557 -0.113928 -0.993452  0.766113 0.007813 1 0 1.000000
0  47.584335 19.120420 85.319511  0.008665 -0.212595 -0.977102  0.755859 0.007813 1 0 1.000000
interior
0  -47.584328 22.431520 83.074844  0.000000 -0.788719 -0.614754  0.766113 0.008301 1 0 1.000000
0  47.584335 19.120420 85.319511  0.008665 -0.212595 -0.977102  0.755859 0.007813 1 0 1.000000
0  -47.584328 19.120413 85.319511  -0.008557 -0.113928 -0.993452  0.766113 0.007813 1 0 1.000000
interior
0  47.584335 22.431528 83.074844  0.000000 -0.951431 -0.307861  0.755859 0.008301 1 0 1.000000
0  47.584335 19.120420 85.319511  0.008665 -0.212595 -0.977102  0.755859 0.007813 1 0 1.000000
0  -47.584328 22.431520 83.074844  0.000000 -0.788719 -0.614754  0.766113 0.008301 1 0 1.000000
interior
0  -47.584332 22.431520 27.685371  0.000000 -1.000000 -0.000000  0.766113 0.014160 1 0 1.000000
0  47.584335 22.431528 83.074844  0.000000 -0.951431 -0.307861  0.755859 0.008301 1 0 1.000000
0  -47.584328 22.431520 83.074844  0.000000 -0.788719 -0.614754  0.766113 0.008301 1 0 1.000000
interior
0  47.584332 22.431528 27.685364  0.000000 -1.000000 0.000000  0.755859 0.014160 1 0 1.000000
0  47.584335 22.431528 83.074844  0.000000 -0.951431 -0.307861  0.755859 0.008301 1 0 1.000000
0  -47.584332 22.431520 27.685371  0.000000 -1.000000 -0.000000  0.766113 0.014160 1 0 1.000000
interior
0  53.931808 -16.539883 85.419762  -0.002502 0.070173 -0.997532  0.755371 0.007813 1 0 1.000000
0  47.582405 -8.627988 85.992271  -0.007643 0.034443 -0.999377  0.755859 0.007813 1 0 1.000000
0  53.930546 -8.358786 85.979279  0.003564 -0.132106 -0.991229  0.755371 0.007813 1 0 1.000000
interior
0  53.931808 -16.539883 85.419762  -0.002502 0.070173 -0.997532  0.755371 0.007813 1 0 1.000000
0  53.933250 -26.437437 84.703789  -0.000013 0.072153 -0.997394  0.755371 0.007813 1 0 1.000000
0  47.582405 -8.627988 85.992271  -0.007643 0.034443 -0.999377  0.755859 0.007813 1 0 1.000000
interior
0  53.933250 -26.437437 84.703789  -0.000013 0.072153 -0.997394  0.755371 0.007813 1 0 1.000000
0  47.586689 -36.367962 83.985458  -0.031376 0.182400 -0.982724  0.755859 0.007813 1 0 1.000000
0  47.582405 -8.627988 85.992271  -0.007643 0.034443 -0.999377  0.755859 0.007813 1 0 1.000000
interior
0  53.934738 -36.367962 83.985451  -0.000001 0.185923 -0.982564  0.755371 0.007813 1 0 1.000000
0  47.586689 -36.367962 83.985458  -0.031376 0.182400 -0.982724  0.755859 0.007813 1 0 1.000000
0  53.933250 -26.437437 84.703789  -0.000013 0.072153 -0.997394  0.755371 0.007813 1 0 1.000000
interior
0  47.586689 -36.367962 83.985458  -0.031376 0.182400 -0.982724  0.755859 0.007813 1 0 1.000000
0  53.934738 -36.367962 83.985451  -0.000001 0.185923 -0.982564  0.755371 0.007813 1 0 1.000000
0  53.933434 -36.928467 83.810860  0.002219 0.420970 -0.907072  0.755371 0.007813 1 0 1.000000
interior
0  47.586689 -36.367962 83.985458  -0.031376 0.182400 -0.982724  0.755859 0.007813 1 0 1.000000
0  53.933434 -36.928467 83.810860  0.002219 0.420970 -0.907072  0.755371 0.007813 1 0 1.000000
0  47.584431 -37.370399 83.468918  -0.094296 0.735050 -0.671424  0.755859 0.008301 1 0 1.000000
interior
0  53.932346 -37.370262 83.469322  0.000020 0.789987 -0.613123  0.755371 0.008301 1 0 1.000000
0  47.584431 -37.370399 83.468918  -0.094296 0.735050 -0.671424  0.755859 0.008301 1 0 1.000000
0  53.933434 -36.928467 83.810860  0.002219 0.420970 -0.907072  0.755371 0.007813 1 0 1.000000
interior
0  47.584431 -37.370399 83.468918  -0.094296 0.735050 -0.671424  0.755859 0.008301 1 0 1.000000
0  53.932346 -37.370262 83.469322  0.000020 0.789987 -0.613123  0.755371 0.008301 1 0 1.000000
0  53.944614 -40.817619 75.476791  0.000686 0.918106 -0.396334  0.755371 0.009277 1 0 1.000000
interior
0  47.584431 -37.370399 83.468918  -0.094296 0.735050 -0.671424  0.755859 0.008301 1 0 1.000000
0  53.944614 -40.817619 75.476791  0.000686 0.918106 -0.396334  0.755371 0.009277 1 0 1.000000
0  47.616364 -46.367176 62.610306  0.005240 0.932580 -0.360926  0.755859 0.010254 1 0 1.000000
interior
0  53.964233 -46.456829 62.483940  0.005797 0.929673 -0.368341  0.755371 0.010254 1 0 1.000000
0  47.616364 -46.367176 62.610306  0.005240 0.932580 -0.360926  0.755859 0.010254 1 0 1.000000
0  53.944614 -40.817619 75.476791  0.000686 0.918106 -0.396334  0.755371 0.009277 1 0 1.000000
interior
0  53.964233 -46.456829 62.483940  0.005797 0.929673 -0.368341  0.755371 0.010254 1 0 1.000000
0  53.964912 -46.598896 62.089855  0.003971 0.968940 -0.247263  0.755371 0.010254 1 0 1.000000
0  47.616364 -46.367176 62.610306  0.005240 0.932580 -0.360926  0.755859 0.010254 1 0 1.000000
interior
0  47.617313 -46.668396 61.684177  0.004723 0.982881 -0.184181  0.755859 0.010254 1 0 1.000000
0  47.616364 -46.367176 62.610306  0.005240 0.932580 -0.360926  0.755859 0.010254 1 0 1.000000
0  53.964912 -46.598896 62.089855  0.003971 0.968940 -0.247263  0.755371 0.010254 1 0 1.000000
interior
0  53.965363 -46.668350 61.683815  -0.000012 0.996424 -0.084493  0.755371 0.010254 1 0 1.000000
0  47.617313 -46.668396 61.684177  0.004723 0.982881 -0.184181  0.755859 0.010254 1 0 1.000000
0  53.964912 -46.598896 62.089855  0.003971 0.968940 -0.247263  0.755371 0.010254 1 0 1.000000
interior
0  53.965363 -46.668350 61.683815  -0.000012 0.996424 -0.084493  0.755371 0.010254 1 0 1.000000
0  53.963287 -46.666954 52.826538  0.000001 1.000000 0.000161  0.755371 0.011230 1 0 1.000000
0  47.617313 -46.668396 61.684177  0.004723 0.982881 -0.184181  0.755859 0.010254 1 0 1.000000
interior
0  47.613029 -46.665508 43.969166  0.000619 0.997683 0.068029  0.755859 0.012207 1 0 1.000000
0  47.617313 -46.668396 61.684177  0.004723 0.982881 -0.184181  0.755859 0.010254 1 0 1.000000
0  53.963287 -46.666954 52.826538  0.000001 1.000000 0.000161  0.755371 0.011230 1 0 1.000000
interior
0  53.961304 -46.665600 44.179466  -0.002040 0.998073 0.062018  0.755371 0.012207 1 0 1.000000
0  47.613029 -46.665508 43.969166  0.000619 0.997683 0.068029  0.755859 0.012207 1 0 1.000000
0  53.963287 -46.666954 52.826538  0.000001 1.000000 0.000161  0.755371 0.011230 1 0 1.000000
interior
0  53.961304 -46.665600 44.179466  -0.002040 0.998073 0.062018  0.755371 0.012207 1 0 1.000000
0  53.960625 -46.575535 43.457909  0.000216 0.959995 0.280017  0.755371 0.012207 1 0 1.000000
0  47.613029 -46.665508 43.969166  0.000619 0.997683 0.068029  0.755859 0.012207 1 0 1.000000
interior
0  47.611675 -46.378357 42.982201  0.001595 0.898316 0.439347  0.755859 0.012207 1 0 1.000000
0  47.613029 -46.665508 43.969166  0.000619 0.997683 0.068029  0.755859 0.012207 1 0 1.000000
0  53.960625 -46.575535 43.457909  0.000216 0.959995 0.280017  0.755371 0.012207 1 0 1.000000
interior
0  53.959721 -46.297039 42.872650  -0.001535 0.839990 0.542600  0.755371 0.012207 1 0 1.000000
0  47.611675 -46.378357 42.982201  0.001595 0.898316 0.439347  0.755859 0.012207 1 0 1.000000
0  53.960625 -46.575535 43.457909  0.000216 0.959995 0.280017  0.755371 0.012207 1 0 1.000000
interior
0  47.611675 -46.378357 42.982201  0.001595 0.898316 0.439347  0.755859 0.012207 1 0 1.000000
0  53.959721 -46.297039 42.872650  -0.001535 0.839990 0.542600  0.755371 0.012207 1 0 1.000000
0  47.584339 -45.178112 41.361622  -0.000159 0.949853 0.312697  0.755859 0.012695 1 0 1.000000
interior
0  53.959721 -46.297039 42.872650  -0.001535 0.839990 0.542600  0.755371 0.012207 1 0 1.000000
0  53.950569 -40.439724 34.984840  -0.000206 0.802797 0.596253  0.755371 0.013184 1 0 1.000000
0  47.584339 -45.178112 41.361622  -0.000159 0.949853 0.312697  0.755859 0.012695 1 0 1.000000
interior
0  47.593315 -34.501045 26.987757  -0.000060 0.802818 0.596224  0.755859 0.014160 1 0 1.000000
0  47.584339 -45.178112 41.361622  -0.000159 0.949853 0.312697  0.755859 0.012695 1 0 1.000000
0  53.950569 -40.439724 34.984840  -0.000206 0.802797 0.596253  0.755371 0.013184 1 0 1.000000
interior
0  47.593315 -34.501045 26.987757  -0.000060 0.802818 0.596224  0.755859 0.014160 1 0 1.000000
0  53.950569 -40.439724 34.984840  -0.000206 0.802797 0.596253  0.755371 0.013184 1 0 1.000000
0  53.941277 -34.501137 26.987623  0.000024 0.802850 0.596181  0.755371 0.014160 1 0 1.000000
interior
0  47.584335 -45.178112 27.685364  -0.000000 1.000000 0.000000  0.755859 0.014160 1 0 1.000000
0  16.163666 -45.178116 41.374294  -0.000000 1.000000 0.000000  0.759277 0.012695 1 0 1.000000
0  47.584339 -45.178112 41.361622  -0.000156 0.949915 0.312508  0.755859 0.012695 1 0 1.000000
interior
0  -47.584324 -45.178120 41.361629  0.000111 0.949916 0.312507  0.766113 0.012695 1 0 1.000000
0  -16.163654 -45.178116 41.374294  -0.000000 1.000000 -0.000000  0.762695 0.012695 1 0 1.000000
0  -47.584328 -45.178120 27.685371  -0.000000 1.000000 -0.000000  0.766113 0.014160 1 0 1.000000
interior
0  -16.163654 -45.178116 41.374294  -0.000000 1.000000 -0.000000  0.762695 0.012695 1 0 1.000000
0  0.000007 -45.178116 41.380833  -0.000000 1.000000 -0.000000  0.761230 0.012695 1 0 1.000000
0  -47.584328 -45.178120 27.685371  -0.000000 1.000000 -0.000000  0.766113 0.014160 1 0 1.000000
interior
0  -47.584328 -45.178120 27.685371  -0.000000 1.000000 -0.000000  0.766113 0.014160 1 0 1.000000
0  0.000007 -45.178116 41.380833  -0.000000 1.000000 -0.000000  0.761230 0.012695 1 0 1.000000
0  47.584335 -45.178112 27.685364  -0.000000 1.000000 0.000000  0.755859 0.014160 1 0 1.000000
interior
0  0.000007 -45.178116 41.380833  -0.000000 1.000000 -0.000000  0.761230 0.012695 1 0 1.000000
0  16.163666 -45.178116 41.374294  -0.000000 1.000000 0.000000  0.759277 0.012695 1 0 1.000000
0  47.584335 -45.178112 27.685364  -0.000000 1.000000 0.000000  0.755859 0.014160 1 0 1.000000
interior
0  -53.941803 -7.934583 85.833076  -0.056793 -0.687144 -0.724298  0.755371 0.007813 1 0 1.000000
0  -47.582390 -8.627995 85.992271  -0.043347 -0.605144 -0.794935  0.755859 0.007813 1 0 1.000000
0  -53.930531 -8.358793 85.979294  -0.003590 -0.132294 -0.991204  0.755371 0.007813 1 0 1.000000
interior
0  -53.941803 -7.934583 85.833076  -0.056793 -0.687144 -0.724298  0.755371 0.007813 1 0 1.000000
0  -53.930889 -7.792159 85.476913  -0.042116 -0.923774 -0.380614  0.755371 0.007813 1 0 1.000000
0  -47.582390 -8.627995 85.992271  -0.043347 -0.605144 -0.794935  0.755859 0.007813 1 0 1.000000
interior
0  -47.582794 -7.773713 85.145294  -0.010812 -0.980470 -0.196373  0.755859 0.007813 1 0 1.000000
0  -47.582390 -8.627995 85.992271  -0.043347 -0.605144 -0.794935  0.755859 0.007813 1 0 1.000000
0  -53.930889 -7.792159 85.476913  -0.042116 -0.923774 -0.380614  0.755371 0.007813 1 0 1.000000
interior
0  -53.933643 -7.773216 75.738335  0.001437 -0.999998 -0.001023  0.755371 0.009277 1 0 1.000000
0  -47.582794 -7.773713 85.145294  -0.010812 -0.980470 -0.196373  0.755859 0.007813 1 0 1.000000
0  -53.930889 -7.792159 85.476913  -0.042116 -0.923774 -0.380614  0.755371 0.007813 1 0 1.000000
interior
0  -53.938065 -7.772495 60.536800  -0.004086 -0.999991 0.001422  0.755371 0.011230 1 0 1.000000
0  -47.582794 -7.773713 85.145294  -0.010812 -0.980470 -0.196373  0.755859 0.007813 1 0 1.000000
0  -53.933643 -7.773216 75.738335  0.001437 -0.999998 -0.001023  0.755371 0.009277 1 0 1.000000
interior
0  -53.938065 -7.772495 60.536800  -0.004086 -0.999991 0.001422  0.755371 0.011230 1 0 1.000000
0  -47.573555 -7.883169 26.937565  -0.002197 -0.999992 0.003443  0.755859 0.014160 1 0 1.000000
0  -47.582794 -7.773713 85.145294  -0.010812 -0.980470 -0.196373  0.755859 0.007813 1 0 1.000000
interior
0  -53.934139 -7.805598 46.838074  -0.002702 -0.999992 0.003034  0.755371 0.011719 1 0 1.000000
0  -47.573555 -7.883169 26.937565  -0.002197 -0.999992 0.003443  0.755859 0.014160 1 0 1.000000
0  -53.938065 -7.772495 60.536800  -0.004086 -0.999991 0.001422  0.755371 0.011230 1 0 1.000000
interior
0  -47.573555 -7.883169 26.937565  -0.002197 -0.999992 0.003443  0.755859 0.014160 1 0 1.000000
0  -53.934139 -7.805598 46.838074  -0.002702 -0.999992 0.003034  0.755371 0.011719 1 0 1.000000
0  -53.926159 -7.856831 32.868393  -0.000534 -0.999992 0.003869  0.755371 0.012695 1 0 1.000000
interior
0  -47.573555 -7.883169 26.937565  -0.002197 -0.999992 0.003443  0.755859 0.014160 1 0 1.000000
0  -53.926159 -7.856831 32.868393  -0.000534 -0.999992 0.003869  0.755371 0.012695 1 0 1.000000
0  -53.921646 -7.883169 26.937748  0.000000 -0.999990 0.004441  0.755371 0.014160 1 0 1.000000
interior
0  -53.933418 -36.928474 83.810875  -0.004045 0.421007 -0.907048  0.755371 0.007813 1 0 1.000000
0  -53.934723 -36.367970 83.985466  -0.000001 0.185923 -0.982564  0.755371 0.007813 1 0 1.000000
0  -47.586674 -36.367970 83.985458  0.059966 0.198698 -0.978225  0.755859 0.007813 1 0 1.000000
interior
0  -53.933235 -26.437445 84.703804  0.000009 0.072153 -0.997394  0.755371 0.007813 1 0 1.000000
0  -47.586674 -36.367970 83.985458  0.059966 0.198698 -0.978225  0.755859 0.007813 1 0 1.000000
0  -53.934723 -36.367970 83.985466  -0.000001 0.185923 -0.982564  0.755371 0.007813 1 0 1.000000
interior
0  -53.933235 -26.437445 84.703804  0.000009 0.072153 -0.997394  0.755371 0.007813 1 0 1.000000
0  -47.582390 -8.627995 85.992271  0.007664 0.034486 -0.999376  0.755859 0.007813 1 0 1.000000
0  -47.586674 -36.367970 83.985458  0.059966 0.198698 -0.978225  0.755859 0.007813 1 0 1.000000
interior
0  -53.931793 -16.539890 85.419777  0.002276 0.070352 -0.997520  0.755371 0.007813 1 0 1.000000
0  -47.582390 -8.627995 85.992271  0.007664 0.034486 -0.999376  0.755859 0.007813 1 0 1.000000
0  -53.933235 -26.437445 84.703804  0.000009 0.072153 -0.997394  0.755371 0.007813 1 0 1.000000
interior
0  -53.930531 -8.358793 85.979294  -0.003576 -0.132106 -0.991229  0.755371 0.007813 1 0 1.000000
0  -47.582390 -8.627995 85.992271  0.007664 0.034486 -0.999376  0.755859 0.007813 1 0 1.000000
0  -53.931793 -16.539890 85.419777  0.002276 0.070352 -0.997520  0.755371 0.007813 1 0 1.000000
interior
0  -53.941269 -34.501144 26.987631  -0.000024 0.802850 0.596181  0.755371 0.014160 1 0 1.000000
0  -53.950562 -40.439732 34.984848  0.000206 0.802797 0.596253  0.755371 0.013184 1 0 1.000000
0  -47.593307 -34.501053 26.987764  0.000060 0.802818 0.596224  0.755859 0.014160 1 0 1.000000
interior
0  -47.593307 -34.501053 26.987764  0.000060 0.802818 0.596224  0.755859 0.014160 1 0 1.000000
0  -53.950562 -40.439732 34.984848  0.000206 0.802797 0.596253  0.755371 0.013184 1 0 1.000000
0  -47.584324 -45.178120 41.361629  0.000036 0.949071 0.315064  0.755859 0.012695 1 0 1.000000
interior
0  -53.959705 -46.297047 42.872658  0.001531 0.839993 0.542595  0.755371 0.012207 1 0 1.000000
0  -47.584324 -45.178120 41.361629  0.000036 0.949071 0.315064  0.755859 0.012695 1 0 1.000000
0  -53.950562 -40.439732 34.984848  0.000206 0.802797 0.596253  0.755371 0.013184 1 0 1.000000
interior
0  -47.584324 -45.178120 41.361629  0.000036 0.949071 0.315064  0.755859 0.012695 1 0 1.000000
0  -53.959705 -46.297047 42.872658  0.001531 0.839993 0.542595  0.755371 0.012207 1 0 1.000000
0  -47.611660 -46.378365 42.982208  -0.001609 0.898295 0.439389  0.755859 0.012207 1 0 1.000000
interior
0  -53.960609 -46.575542 43.457916  0.000010 0.959993 0.280026  0.755371 0.012207 1 0 1.000000
0  -47.611660 -46.378365 42.982208  -0.001609 0.898295 0.439389  0.755859 0.012207 1 0 1.000000
0  -53.959705 -46.297047 42.872658  0.001531 0.839993 0.542595  0.755371 0.012207 1 0 1.000000
interior
0  -47.611660 -46.378365 42.982208  -0.001609 0.898295 0.439389  0.755859 0.012207 1 0 1.000000
0  -53.960609 -46.575542 43.457916  0.000010 0.959993 0.280026  0.755371 0.012207 1 0 1.000000
0  -47.613014 -46.665516 43.969173  -0.000810 0.997683 0.068024  0.755859 0.012207 1 0 1.000000
interior
0  -53.961288 -46.665607 44.179474  0.002045 0.998064 0.062158  0.755371 0.012207 1 0 1.000000
0  -47.613014 -46.665516 43.969173  -0.000810 0.997683 0.068024  0.755859 0.012207 1 0 1.000000
0  -53.960609 -46.575542 43.457916  0.000010 0.959993 0.280026  0.755371 0.012207 1 0 1.000000
interior
0  -53.963272 -46.666962 52.826546  -0.000001 1.000000 0.000161  0.755371 0.011230 1 0 1.000000
0  -47.613014 -46.665516 43.969173  -0.000810 0.997683 0.068024  0.755859 0.012207 1 0 1.000000
0  -53.961288 -46.665607 44.179474  0.002045 0.998064 0.062158  0.755371 0.012207 1 0 1.000000
interior
0  -47.613014 -46.665516 43.969173  -0.000810 0.997683 0.068024  0.755859 0.012207 1 0 1.000000
0  -53.963272 -46.666962 52.826546  -0.000001 1.000000 0.000161  0.755371 0.011230 1 0 1.000000
0  -47.617298 -46.668404 61.684185  -0.004508 0.982883 -0.184177  0.755859 0.010254 1 0 1.000000
interior
0  -53.965347 -46.668358 61.683823  0.000012 0.996423 -0.084504  0.755371 0.010254 1 0 1.000000
0  -47.617298 -46.668404 61.684185  -0.004508 0.982883 -0.184177  0.755859 0.010254 1 0 1.000000
0  -53.963272 -46.666962 52.826546  -0.000001 1.000000 0.000161  0.755371 0.011230 1 0 1.000000
interior
0  -53.964897 -46.598904 62.089863  -0.003977 0.968937 -0.247274  0.755371 0.010254 1 0 1.000000
0  -47.617298 -46.668404 61.684185  -0.004508 0.982883 -0.184177  0.755859 0.010254 1 0 1.000000
0  -53.965347 -46.668358 61.683823  0.000012 0.996423 -0.084504  0.755371 0.010254 1 0 1.000000
interior
0  -47.617298 -46.668404 61.684185  -0.004508 0.982883 -0.184177  0.755859 0.010254 1 0 1.000000
0  -53.964897 -46.598904 62.089863  -0.003977 0.968937 -0.247274  0.755371 0.010254 1 0 1.000000
0  -47.616348 -46.367184 62.610313  -0.005240 0.932581 -0.360922  0.755859 0.010254 1 0 1.000000
interior
0  -53.964218 -46.456837 62.483948  -0.005797 0.929672 -0.368342  0.755371 0.010254 1 0 1.000000
0  -47.616348 -46.367184 62.610313  -0.005240 0.932581 -0.360922  0.755859 0.010254 1 0 1.000000
0  -53.964897 -46.598904 62.089863  -0.003977 0.968937 -0.247274  0.755371 0.010254 1 0 1.000000
interior
0  -53.964218 -46.456837 62.483948  -0.005797 0.929672 -0.368342  0.755371 0.010254 1 0 1.000000
0  -53.944599 -40.817627 75.476807  -0.000993 0.918051 -0.396461  0.755371 0.009277 1 0 1.000000
0  -47.616348 -46.367184 62.610313  -0.005240 0.932581 -0.360922  0.755859 0.010254 1 0 1.000000
interior
0  -47.584415 -37.370407 83.468918  0.118467 0.686191 -0.717710  0.755859 0.008301 1 0 1.000000
0  -47.616348 -46.367184 62.610313  -0.005240 0.932581 -0.360922  0.755859 0.010254 1 0 1.000000
0  -53.944599 -40.817627 75.476807  -0.000993 0.918051 -0.396461  0.755371 0.009277 1 0 1.000000
interior
0  -53.944599 -40.817627 75.476807  -0.000993 0.918051 -0.396461  0.755371 0.009277 1 0 1.000000
0  -53.932331 -37.370270 83.469337  -0.000023 0.789988 -0.613123  0.755371 0.008301 1 0 1.000000
0  -47.584415 -37.370407 83.468918  0.118467 0.686191 -0.717710  0.755859 0.008301 1 0 1.000000
interior
0  -53.932331 -37.370270 83.469337  -0.000023 0.789988 -0.613123  0.755371 0.008301 1 0 1.000000
0  -53.933418 -36.928474 83.810875  -0.004045 0.421007 -0.907048  0.755371 0.007813 1 0 1.000000
0  -47.584415 -37.370407 83.468918  0.118467 0.686191 -0.717710  0.755859 0.008301 1 0 1.000000
interior
0  -47.586674 -36.367970 83.985458  0.059966 0.198698 -0.978225  0.755859 0.007813 1 0 1.000000
0  -47.584415 -37.370407 83.468918  0.118467 0.686191 -0.717710  0.755859 0.008301 1 0 1.000000
0  -53.933418 -36.928474 83.810875  -0.004045 0.421007 -0.907048  0.755371 0.007813 1 0 1.000000
interior
0  -31.306932 9.313260 66.730690  0.000000 -0.757600 0.652719  0.087036 0.524414 1 0 1.000000
0  -31.306932 6.571044 61.039799  0.000000 -0.867762 0.496979  0.087036 0.500488 1 0 1.000000
0  -23.917429 9.539886 66.519897  0.130124 -0.720648 0.680980  0.122742 0.520752 1 0 1.000000
interior
0  -22.746906 6.571044 61.039795  0.199409 -0.822137 0.533223  0.128418 0.500488 1 0 1.000000
0  -23.917429 9.539886 66.519897  0.130124 -0.720648 0.680980  0.122742 0.520752 1 0 1.000000
0  -31.306932 6.571044 61.039799  0.000000 -0.867762 0.496979  0.087036 0.500488 1 0 1.000000
interior
0  -31.306932 6.571044 61.039799  0.000000 -0.867762 0.496979  0.087036 0.500488 1 0 1.000000
0  -31.306932 0.805054 52.044643  0.000000 -0.876574 0.481268  0.087036 0.453613 1 0 1.000000
0  -22.746906 6.571044 61.039795  0.199409 -0.822137 0.533223  0.128418 0.500488 1 0 1.000000
interior
0  -19.523607 0.805055 52.044640  0.292911 -0.808281 0.510769  0.144043 0.453613 1 0 1.000000
0  -22.746906 6.571044 61.039795  0.199409 -0.822137 0.533223  0.128418 0.500488 1 0 1.000000
0  -31.306932 0.805054 52.044643  0.000000 -0.876574 0.481268  0.087036 0.453613 1 0 1.000000
interior
0  -22.097782 10.227077 66.384056  0.709664 -0.411054 0.572199  0.131592 0.520020 1 0 1.000000
0  -23.173910 10.959502 67.227196  0.305835 -0.179959 0.934922  0.126343 0.524658 1 0 1.000000
0  -23.917429 9.539886 66.519897  0.130124 -0.720648 0.680980  0.122742 0.520752 1 0 1.000000
interior
0  -23.917429 9.539886 66.519897  0.130124 -0.720648 0.680980  0.122742 0.520752 1 0 1.000000
0  -22.746906 6.571044 61.039795  0.199409 -0.822137 0.533223  0.128418 0.500488 1 0 1.000000
0  -22.097782 10.227077 66.384056  0.709664 -0.411054 0.572199  0.131592 0.520020 1 0 1.000000
interior
0  -21.053717 7.252144 60.657166  0.896435 -0.246585 0.368238  0.136597 0.498535 1 0 1.000000
0  -22.097782 10.227077 66.384056  0.709664 -0.411054 0.572199  0.131592 0.520020 1 0 1.000000
0  -22.746906 6.571044 61.039795  0.199409 -0.822137 0.533223  0.128418 0.500488 1 0 1.000000
interior
0  -21.053717 7.252144 60.657166  0.896435 -0.246585 0.368238  0.136597 0.498535 1 0 1.000000
0  -22.746906 6.571044 61.039795  0.199409 -0.822137 0.533223  0.128418 0.500488 1 0 1.000000
0  -19.523607 0.805055 52.044640  0.292911 -0.808281 0.510769  0.144043 0.453613 1 0 1.000000
interior
0  -17.976948 1.941484 52.158432  0.867505 -0.416728 0.271611  0.151489 0.454102 1 0 1.000000
0  -21.053717 7.252144 60.657166  0.896435 -0.246585 0.368238  0.136597 0.498535 1 0 1.000000
0  -19.523607 0.805055 52.044640  0.292911 -0.808281 0.510769  0.144043 0.453613 1 0 1.000000
interior
0  -19.523607 0.805055 52.044640  0.292911 -0.808281 0.510769  0.144043 0.453613 1 0 1.000000
0  -20.079645 -2.933330 43.982208  0.309771 -0.900821 0.304242  0.141357 0.409180 1 0 1.000000
0  -17.976948 1.941484 52.158432  0.867505 -0.416728 0.271611  0.151489 0.454102 1 0 1.000000
interior
0  -20.079645 -2.933330 43.982208  0.309771 -0.900821 0.304242  0.141357 0.409180 1 0 1.000000
0  -19.523607 0.805055 52.044640  0.292911 -0.808281 0.510769  0.144043 0.453613 1 0 1.000000
0  -31.306932 0.805054 52.044643  0.000000 -0.876574 0.481268  0.087036 0.453613 1 0 1.000000
interior
0  -20.079645 -2.933330 43.982208  0.309771 -0.900821 0.304242  0.141357 0.409180 1 0 1.000000
0  -31.306932 0.805054 52.044643  0.000000 -0.876574 0.481268  0.087036 0.453613 1 0 1.000000
0  -31.306932 -2.933331 43.982212  -0.000002 -0.964634 0.263593  0.087036 0.409180 1 0 1.000000
interior
0  -17.976948 8.924047 52.158432  0.961221 0.264214 0.079030  0.151489 0.454102 1 0 1.000000
0  -21.053717 7.252144 60.657166  0.896435 -0.246585 0.368238  0.136597 0.498535 1 0 1.000000
0  -17.976948 1.941484 52.158432  0.867505 -0.416728 0.271611  0.151489 0.454102 1 0 1.000000
interior
0  -17.976948 8.924047 52.158432  0.961221 0.264214 0.079030  0.151489 0.454102 1 0 1.000000
0  -17.976948 1.941484 52.158432  0.867505 -0.416728 0.271611  0.151489 0.454102 1 0 1.000000
0  -18.429844 6.779949 43.444927  0.949079 0.258621 -0.179902  0.149292 0.406250 1 0 1.000000
interior
0  -17.976948 1.941484 52.158432  0.867505 -0.416728 0.271611  0.151489 0.454102 1 0 1.000000
0  -18.429842 -1.764292 43.444927  0.755017 -0.643954 0.123580  0.149292 0.406250 1 0 1.000000
0  -18.429844 6.779949 43.444927  0.949079 0.258621 -0.179902  0.149292 0.406250 1 0 1.000000
interior
0  -18.429842 -1.764292 43.444927  0.755017 -0.643954 0.123580  0.149292 0.406250 1 0 1.000000
0  -17.976948 1.941484 52.158432  0.867505 -0.416728 0.271611  0.151489 0.454102 1 0 1.000000
0  -20.079645 -2.933330 43.982208  0.309771 -0.900821 0.304242  0.141357 0.409180 1 0 1.000000
interior
0  -20.079645 -2.933330 43.982208  0.309771 -0.900821 0.304242  0.141357 0.409180 1 0 1.000000
0  -20.595772 -4.077427 37.809864  0.301845 -0.940832 0.154029  0.138794 0.375000 1 0 1.000000
0  -18.429842 -1.764292 43.444927  0.755017 -0.643954 0.123580  0.149292 0.406250 1 0 1.000000
interior
0  -20.595772 -4.077427 37.809864  0.301845 -0.940832 0.154029  0.138794 0.375000 1 0 1.000000
0  -20.079645 -2.933330 43.982208  0.309771 -0.900821 0.304242  0.141357 0.409180 1 0 1.000000
0  -31.306932 -2.933331 43.982212  -0.000002 -0.964634 0.263593  0.087036 0.409180 1 0 1.000000
interior
0  -20.595772 -4.077427 37.809864  0.301845 -0.940832 0.154029  0.138794 0.375000 1 0 1.000000
0  -31.306932 -2.933331 43.982212  -0.000002 -0.964634 0.263593  0.087036 0.409180 1 0 1.000000
0  -31.306934 -4.077428 37.809868  0.000000 -0.983251 0.182254  0.087036 0.375000 1 0 1.000000
interior
0  -31.306934 -4.077428 37.809868  0.000000 -0.983251 0.182254  0.087036 0.375000 1 0 1.000000
0  -31.306932 -2.933331 43.982212  -0.000002 -0.964634 0.263593  0.087036 0.409180 1 0 1.000000
0  -42.018139 -4.077428 37.809868  -0.301845 -0.940832 0.154029  0.138794 0.375000 1 0 1.000000
interior
0  -42.534264 -2.933331 43.982212  -0.309763 -0.900824 0.304242  0.141357 0.409180 1 0 1.000000
0  -42.018139 -4.077428 37.809868  -0.301845 -0.940832 0.154029  0.138794 0.375000 1 0 1.000000
0  -31.306932 -2.933331 43.982212  -0.000002 -0.964634 0.263593  0.087036 0.409180 1 0 1.000000
interior
0  -31.306932 -2.933331 43.982212  -0.000002 -0.964634 0.263593  0.087036 0.409180 1 0 1.000000
0  -31.306932 0.805054 52.044643  0.000000 -0.876574 0.481268  0.087036 0.453613 1 0 1.000000
0  -42.534264 -2.933331 43.982212  -0.309763 -0.900824 0.304242  0.141357 0.409180 1 0 1.000000
interior
0  -43.090252 0.805053 52.044643  -0.292905 -0.808282 0.510770  0.144043 0.453613 1 0 1.000000
0  -42.534264 -2.933331 43.982212  -0.309763 -0.900824 0.304242  0.141357 0.409180 1 0 1.000000
0  -31.306932 0.805054 52.044643  0.000000 -0.876574 0.481268  0.087036 0.453613 1 0 1.000000
interior
0  -43.090252 0.805053 52.044643  -0.292905 -0.808282 0.510770  0.144043 0.453613 1 0 1.000000
0  -31.306932 0.805054 52.044643  0.000000 -0.876574 0.481268  0.087036 0.453613 1 0 1.000000
0  -39.867001 6.571043 61.039799  -0.199408 -0.822135 0.533226  0.128418 0.500488 1 0 1.000000
interior
0  -31.306932 6.571044 61.039799  0.000000 -0.867762 0.496979  0.087036 0.500488 1 0 1.000000
0  -39.867001 6.571043 61.039799  -0.199408 -0.822135 0.533226  0.128418 0.500488 1 0 1.000000
0  -31.306932 0.805054 52.044643  0.000000 -0.876574 0.481268  0.087036 0.453613 1 0 1.000000
interior
0  -39.867001 6.571043 61.039799  -0.199408 -0.822135 0.533226  0.128418 0.500488 1 0 1.000000
0  -31.306932 6.571044 61.039799  0.000000 -0.867762 0.496979  0.087036 0.500488 1 0 1.000000
0  -38.696476 9.539886 66.519897  -0.130126 -0.720645 0.680983  0.122742 0.520752 1 0 1.000000
interior
0  -31.306932 9.313260 66.730690  0.000000 -0.757600 0.652719  0.087036 0.524414 1 0 1.000000
0  -38.696476 9.539886 66.519897  -0.130126 -0.720645 0.680983  0.122742 0.520752 1 0 1.000000
0  -31.306932 6.571044 61.039799  0.000000 -0.867762 0.496979  0.087036 0.500488 1 0 1.000000
interior
0  -31.306932 9.313260 66.730690  0.000000 -0.757600 0.652719  0.087036 0.524414 1 0 1.000000
0  -31.306932 10.959502 67.852150  0.000005 -0.269871 0.962896  0.087036 0.528076 1 0 1.000000
0  -38.696476 9.539886 66.519897  -0.130126 -0.720645 0.680983  0.122742 0.520752 1 0 1.000000
interior
0  -31.306932 9.313260 66.730690  0.000000 -0.757600 0.652719  0.087036 0.524414 1 0 1.000000
0  -23.917429 9.539886 66.519897  0.130124 -0.720648 0.680980  0.122742 0.520752 1 0 1.000000
0  -31.306932 10.959502 67.852150  0.000005 -0.269871 0.962896  0.087036 0.528076 1 0 1.000000
interior
0  -23.173910 10.959502 67.227196  0.305835 -0.179959 0.934922  0.126343 0.524658 1 0 1.000000
0  -31.306932 10.959502 67.852150  0.000005 -0.269871 0.962896  0.087036 0.528076 1 0 1.000000
0  -23.917429 9.539886 66.519897  0.130124 -0.720648 0.680980  0.122742 0.520752 1 0 1.000000
interior
0  -18.982140 -2.990652 37.809864  0.554249 -0.822945 0.124775  0.146606 0.375000 1 0 1.000000
0  -18.429842 -1.764292 43.444927  0.755017 -0.643954 0.123580  0.149292 0.406250 1 0 1.000000
0  -20.595772 -4.077427 37.809864  0.301845 -0.940832 0.154029  0.138794 0.375000 1 0 1.000000
interior
0  -43.631771 -2.990654 37.809868  -0.554248 -0.822946 0.124776  0.146606 0.375000 1 0 1.000000
0  -42.018139 -4.077428 37.809868  -0.301845 -0.940832 0.154029  0.138794 0.375000 1 0 1.000000
0  -44.184063 -1.764294 43.444931  -0.590770 -0.788987 0.168789  0.149292 0.406250 1 0 1.000000
interior
0  -42.534264 -2.933331 43.982212  -0.309763 -0.900824 0.304242  0.141357 0.409180 1 0 1.000000
0  -44.184063 -1.764294 43.444931  -0.590770 -0.788987 0.168789  0.149292 0.406250 1 0 1.000000
0  -42.018139 -4.077428 37.809868  -0.301845 -0.940832 0.154029  0.138794 0.375000 1 0 1.000000
interior
0  -44.184063 -1.764294 43.444931  -0.590770 -0.788987 0.168789  0.149292 0.406250 1 0 1.000000
0  -42.534264 -2.933331 43.982212  -0.309763 -0.900824 0.304242  0.141357 0.409180 1 0 1.000000
0  -44.636955 1.941483 52.158436  -0.543724 -0.737373 0.400805  0.151489 0.454102 1 0 1.000000
interior
0  -43.090252 0.805053 52.044643  -0.292905 -0.808282 0.510770  0.144043 0.453613 1 0 1.000000
0  -44.636955 1.941483 52.158436  -0.543724 -0.737373 0.400805  0.151489 0.454102 1 0 1.000000
0  -42.534264 -2.933331 43.982212  -0.309763 -0.900824 0.304242  0.141357 0.409180 1 0 1.000000
interior
0  -43.090252 0.805053 52.044643  -0.292905 -0.808282 0.510770  0.144043 0.453613 1 0 1.000000
0  -41.560192 7.252143 60.657169  -0.896533 -0.246345 0.368162  0.136597 0.498535 1 0 1.000000
0  -44.636955 1.941483 52.158436  -0.543724 -0.737373 0.400805  0.151489 0.454102 1 0 1.000000
interior
0  -41.560192 7.252143 60.657169  -0.896533 -0.246345 0.368162  0.136597 0.498535 1 0 1.000000
0  -43.090252 0.805053 52.044643  -0.292905 -0.808282 0.510770  0.144043 0.453613 1 0 1.000000
0  -39.867001 6.571043 61.039799  -0.199408 -0.822135 0.533226  0.128418 0.500488 1 0 1.000000
interior
0  -41.560192 7.252143 60.657169  -0.896533 -0.246345 0.368162  0.136597 0.498535 1 0 1.000000
0  -39.867001 6.571043 61.039799  -0.199408 -0.822135 0.533226  0.128418 0.500488 1 0 1.000000
0  -40.516079 10.227077 66.384056  -0.346629 -0.715827 0.606168  0.131592 0.520020 1 0 1.000000
interior
0  -38.696476 9.539886 66.519897  -0.130126 -0.720645 0.680983  0.122742 0.520752 1 0 1.000000
0  -40.516079 10.227077 66.384056  -0.346629 -0.715827 0.606168  0.131592 0.520020 1 0 1.000000
0  -39.867001 6.571043 61.039799  -0.199408 -0.822135 0.533226  0.128418 0.500488 1 0 1.000000
interior
0  -38.696476 9.539886 66.519897  -0.130126 -0.720645 0.680983  0.122742 0.520752 1 0 1.000000
0  -39.439995 10.959501 67.227196  -0.274898 -0.264031 0.924510  0.126343 0.524658 1 0 1.000000
0  -40.516079 10.227077 66.384056  -0.346629 -0.715827 0.606168  0.131592 0.520020 1 0 1.000000
interior
0  -39.439995 10.959501 67.227196  -0.274898 -0.264031 0.924510  0.126343 0.524658 1 0 1.000000
0  -38.696476 9.539886 66.519897  -0.130126 -0.720645 0.680983  0.122742 0.520752 1 0 1.000000
0  -31.306932 10.959502 67.852150  0.000005 -0.269871 0.962896  0.087036 0.528076 1 0 1.000000
interior
0  -31.306932 10.959502 67.852150  0.000005 -0.269871 0.962896  0.087036 0.528076 1 0 1.000000
0  -31.306932 12.960631 67.852150  0.000000 0.000000 1.000000  0.087036 0.528076 1 0 1.000000
0  -39.439995 10.959501 67.227196  -0.274898 -0.264031 0.924510  0.126343 0.524658 1 0 1.000000
interior
0  -31.306932 10.959502 67.852150  0.000005 -0.269871 0.962896  0.087036 0.528076 1 0 1.000000
0  -23.173910 10.959502 67.227196  0.305835 -0.179959 0.934922  0.126343 0.524658 1 0 1.000000
0  -31.306932 12.960631 67.852150  0.000000 0.000000 1.000000  0.087036 0.528076 1 0 1.000000
interior
0  -23.173910 12.962934 67.227196  0.362206 0.000005 0.932098  0.126343 0.524658 1 0 1.000000
0  -31.306932 12.960631 67.852150  0.000000 0.000000 1.000000  0.087036 0.528076 1 0 1.000000
0  -23.173910 10.959502 67.227196  0.305835 -0.179959 0.934922  0.126343 0.524658 1 0 1.000000
interior
0  -23.173910 12.962934 67.227196  0.362206 0.000005 0.932098  0.126343 0.524658 1 0 1.000000
0  -23.173910 10.959502 67.227196  0.305835 -0.179959 0.934922  0.126343 0.524658 1 0 1.000000
0  -22.097782 12.685388 66.384056  0.809600 0.323579 0.489739  0.131592 0.520020 1 0 1.000000
interior
0  -23.173910 10.959502 67.227196  0.305835 -0.179959 0.934922  0.126343 0.524658 1 0 1.000000
0  -22.097782 10.227077 66.384056  0.709664 -0.411054 0.572199  0.131592 0.520020 1 0 1.000000
0  -22.097782 12.685388 66.384056  0.809600 0.323579 0.489739  0.131592 0.520020 1 0 1.000000
interior
0  -22.097782 12.685388 66.384056  0.809600 0.323579 0.489739  0.131592 0.520020 1 0 1.000000
0  -22.097782 10.227077 66.384056  0.709664 -0.411054 0.572199  0.131592 0.520020 1 0 1.000000
0  -21.203222 11.718848 61.111008  0.945282 0.277801 0.171081  0.135864 0.500977 1 0 1.000000
interior
0  -21.053717 7.252144 60.657166  0.896435 -0.246585 0.368238  0.136597 0.498535 1 0 1.000000
0  -21.203222 11.718848 61.111008  0.945282 0.277801 0.171081  0.135864 0.500977 1 0 1.000000
0  -22.097782 10.227077 66.384056  0.709664 -0.411054 0.572199  0.131592 0.520020 1 0 1.000000
interior
0  -21.203222 11.718848 61.111008  0.945282 0.277801 0.171081  0.135864 0.500977 1 0 1.000000
0  -21.053717 7.252144 60.657166  0.896435 -0.246585 0.368238  0.136597 0.498535 1 0 1.000000
0  -17.976948 8.924047 52.158432  0.961221 0.264214 0.079030  0.151489 0.454102 1 0 1.000000
interior
0  -39.439995 12.962932 67.227196  -0.362212 -0.000000 0.932096  0.126343 0.524658 1 0 1.000000
0  -39.439995 10.959501 67.227196  -0.274898 -0.264031 0.924510  0.126343 0.524658 1 0 1.000000
0  -31.306932 12.960631 67.852150  0.000000 0.000000 1.000000  0.087036 0.528076 1 0 1.000000
interior
0  -40.516079 12.685386 66.384056  -0.809606 0.323572 0.489734  0.131592 0.520020 1 0 1.000000
0  -39.439995 10.959501 67.227196  -0.274898 -0.264031 0.924510  0.126343 0.524658 1 0 1.000000
0  -39.439995 12.962932 67.227196  -0.362212 -0.000000 0.932096  0.126343 0.524658 1 0 1.000000
interior
0  -39.439995 10.959501 67.227196  -0.274898 -0.264031 0.924510  0.126343 0.524658 1 0 1.000000
0  -40.516079 12.685386 66.384056  -0.809606 0.323572 0.489734  0.131592 0.520020 1 0 1.000000
0  -40.516079 10.227077 66.384056  -0.916945 0.005511 0.398975  0.131592 0.520020 1 0 1.000000
interior
0  -40.516079 12.685386 66.384056  -0.809606 0.323572 0.489734  0.131592 0.520020 1 0 1.000000
0  -41.410641 11.718847 61.111012  -0.960668 0.178619 0.212632  0.135864 0.500977 1 0 1.000000
0  -40.516079 10.227077 66.384056  -0.916945 0.005511 0.398975  0.131592 0.520020 1 0 1.000000
interior
0  -41.560192 7.252143 60.657169  -0.896532 -0.246318 0.368182  0.136597 0.498535 1 0 1.000000
0  -40.516079 10.227077 66.384056  -0.916945 0.005511 0.398975  0.131592 0.520020 1 0 1.000000
0  -41.410641 11.718847 61.111012  -0.960668 0.178619 0.212632  0.135864 0.500977 1 0 1.000000
interior
0  -41.560192 7.252143 60.657169  -0.896532 -0.246318 0.368182  0.136597 0.498535 1 0 1.000000
0  -41.410641 11.718847 61.111012  -0.960668 0.178619 0.212632  0.135864 0.500977 1 0 1.000000
0  -44.636955 8.924045 52.158436  -0.982714 0.168537 0.076599  0.151489 0.454102 1 0 1.000000
interior
0  -44.636955 8.924045 52.158436  -0.982714 0.168537 0.076599  0.151489 0.454102 1 0 1.000000
0  -44.636955 1.941483 52.158436  -0.996771 -0.000001 0.080297  0.151489 0.454102 1 0 1.000000
0  -41.560192 7.252143 60.657169  -0.896532 -0.246318 0.368182  0.136597 0.498535 1 0 1.000000
interior
0  -44.184063 6.779947 43.444931  -0.949082 0.258617 -0.179890  0.149292 0.406250 1 0 1.000000
0  -44.636955 1.941483 52.158436  -0.996771 -0.000001 0.080297  0.151489 0.454102 1 0 1.000000
0  -44.636955 8.924045 52.158436  -0.982714 0.168537 0.076599  0.151489 0.454102 1 0 1.000000
interior
0  -44.184063 6.779947 43.444931  -0.949082 0.258617 -0.179890  0.149292 0.406250 1 0 1.000000
0  -44.184063 -1.764294 43.444931  -0.988945 0.033837 -0.144368  0.149292 0.406250 1 0 1.000000
0  -44.636955 1.941483 52.158436  -0.996771 -0.000001 0.080297  0.151489 0.454102 1 0 1.000000
interior
0  -42.665096 6.463525 37.809868  -0.970097 0.219803 -0.102946  0.141968 0.375000 1 0 1.000000
0  -44.184063 -1.764294 43.444931  -0.988945 0.033837 -0.144368  0.149292 0.406250 1 0 1.000000
0  -44.184063 6.779947 43.444931  -0.949082 0.258617 -0.179890  0.149292 0.406250 1 0 1.000000
interior
0  -42.665096 6.463525 37.809868  -0.970097 0.219803 -0.102946  0.141968 0.375000 1 0 1.000000
0  -43.631771 -2.990654 37.809868  -0.998463 0.054456 0.010311  0.146606 0.375000 1 0 1.000000
0  -44.184063 -1.764294 43.444931  -0.988945 0.033837 -0.144368  0.149292 0.406250 1 0 1.000000
interior
0  -38.431873 -23.316099 38.990990  0.000000 0.061283 0.998120  0.764648 0.078125 1 0 1.000000
0  -24.606153 -23.316097 38.990986  -0.000000 0.061282 0.998120  0.831543 0.078125 1 0 1.000000
0  -42.066845 -20.601936 38.824345  -0.000000 0.061276 0.998121  0.747559 0.091309 1 0 1.000000
interior
0  -24.606153 -23.316097 38.990986  -0.000000 0.061282 0.998120  0.831543 0.078125 1 0 1.000000
0  -20.892618 -20.996378 38.848560  0.000000 0.061277 0.998121  0.849121 0.089355 1 0 1.000000
0  -42.066845 -20.601936 38.824345  -0.000000 0.061276 0.998121  0.747559 0.091309 1 0 1.000000
interior
0  -42.066845 -20.601936 38.824345  -0.000000 0.061276 0.998121  0.747559 0.091309 1 0 1.000000
0  -20.892618 -20.996378 38.848560  0.000000 0.061277 0.998121  0.849121 0.089355 1 0 1.000000
0  -43.190918 -15.083858 38.485600  -0.000018 0.058311 0.998298  0.742188 0.118164 1 0 1.000000
interior
0  -19.241869 -15.584332 38.516308  -0.000060 0.058391 0.998294  0.856934 0.115723 1 0 1.000000
0  -43.190918 -15.083858 38.485600  -0.000018 0.058311 0.998298  0.742188 0.118164 1 0 1.000000
0  -20.892618 -20.996378 38.848560  0.000000 0.061277 0.998121  0.849121 0.089355 1 0 1.000000
interior
0  -18.982140 -2.990652 37.809864  -0.000077 0.055944 0.998434  0.858398 0.175781 1 0 1.000000
0  -43.190918 -15.083858 38.485600  -0.000018 0.058311 0.998298  0.742188 0.118164 1 0 1.000000
0  -19.241869 -15.584332 38.516308  -0.000060 0.058391 0.998294  0.856934 0.115723 1 0 1.000000
interior
0  -43.631771 -2.990654 37.809868  0.000000 0.055790 0.998443  0.740234 0.175781 1 0 1.000000
0  -43.190918 -15.083858 38.485600  -0.000018 0.058311 0.998298  0.742188 0.118164 1 0 1.000000
0  -18.982140 -2.990652 37.809864  -0.000077 0.055944 0.998434  0.858398 0.175781 1 0 1.000000
interior
0  -18.272127 8.323542 26.283886  -0.000000 0.987228 0.159315  0.850098 0.149414 1 0 1.000000
0  -44.188080 8.323540 26.283888  -0.000000 0.987228 0.159315  0.850098 0.149414 1 0 1.000000
0  -19.948767 6.463526 37.809864  -0.000000 0.987228 0.159315  0.850098 0.149414 1 0 1.000000
interior
0  -42.665096 6.463525 37.809868  0.000000 0.987228 0.159315  0.850098 0.149414 1 0 1.000000
0  -19.948767 6.463526 37.809864  0.000000 0.987228 0.159315  0.850098 0.149414 1 0 1.000000
0  -44.188080 8.323540 26.283888  0.000000 0.987228 0.159315  0.850098 0.149414 1 0 1.000000
interior
0  -20.892618 -20.996378 38.848560  0.829252 -0.558875 -0.000007  0.850586 0.149414 1 0 1.000000
0  -20.892618 -20.996378 26.320370  0.829118 -0.559073 0.000048  0.850586 0.149414 1 0 1.000000
0  -19.241869 -15.584332 38.516308  0.987467 -0.157828 -0.000003  0.850586 0.149414 1 0 1.000000
interior
0  -19.241871 -15.584332 26.308687  0.986749 -0.162170 0.005187  0.850586 0.149414 1 0 1.000000
0  -19.241869 -15.584332 38.516308  0.987467 -0.157828 -0.000003  0.850586 0.149414 1 0 1.000000
0  -20.892618 -20.996378 26.320370  0.829118 -0.559073 0.000048  0.850586 0.149414 1 0 1.000000
interior
0  -18.982140 -2.990652 37.809864  0.998206 0.057345 0.017204  0.850098 0.149414 1 0 1.000000
0  -19.241869 -15.584332 38.516308  0.987467 -0.157828 -0.000003  0.850586 0.149414 1 0 1.000000
0  -19.241871 -15.584332 26.308687  0.986749 -0.162170 0.005187  0.850586 0.149414 1 0 1.000000
interior
0  -18.982140 -2.990652 37.809864  0.998206 0.057345 0.017204  0.850098 0.149414 1 0 1.000000
0  -19.241871 -15.584332 26.308687  0.986749 -0.162170 0.005187  0.850586 0.149414 1 0 1.000000
0  -18.272127 8.323542 26.283886  0.995455 0.029706 0.090478  0.850098 0.149414 1 0 1.000000
interior
0  -19.948767 6.463526 37.809864  0.970389 0.220258 -0.099151  0.850098 0.149414 1 0 1.000000
0  -18.982140 -2.990652 37.809864  0.998202 0.057418 0.017203  0.850098 0.149414 1 0 1.000000
0  -18.272127 8.323542 26.283886  0.995441 0.029827 0.090600  0.850098 0.149414 1 0 1.000000
interior
0  -20.892618 -20.996378 26.320370  0.754950 -0.655783 -0.000012  0.850586 0.149414 1 0 1.000000
0  -20.892618 -20.996378 38.848560  0.754792 -0.655964 -0.000015  0.850586 0.149414 1 0 1.000000
0  -24.606153 -23.316097 26.325327  0.275652 -0.961258 0.000000  0.850586 0.149414 1 0 1.000000
interior
0  -24.606153 -23.316097 38.990986  0.275574 -0.961280 -0.000000  0.850586 0.149414 1 0 1.000000
0  -24.606153 -23.316097 26.325327  0.275652 -0.961258 0.000000  0.850586 0.149414 1 0 1.000000
0  -20.892618 -20.996378 38.848560  0.754792 -0.655964 -0.000015  0.850586 0.149414 1 0 1.000000
interior
0  -24.606153 -23.316097 26.325327  0.275652 -0.961258 0.000000  0.850586 0.149414 1 0 1.000000
0  -24.606153 -23.316097 38.990986  0.275574 -0.961280 -0.000000  0.850586 0.149414 1 0 1.000000
0  -38.431873 -23.316099 38.990990  -0.315009 -0.949089 -0.000006  0.850586 0.149414 1 0 1.000000
interior
0  -24.606153 -23.316097 26.325327  0.275652 -0.961258 0.000000  0.850586 0.149414 1 0 1.000000
0  -38.431873 -23.316099 38.990990  -0.315009 -0.949089 -0.000006  0.850586 0.149414 1 0 1.000000
0  -38.431873 -23.316099 26.325329  -0.315796 -0.948827 0.000032  0.850586 0.149414 1 0 1.000000
interior
0  -42.066845 -20.601936 38.824345  -0.729208 -0.684292 -0.000001  0.850586 0.149414 1 0 1.000000
0  -38.431873 -23.316099 26.325329  -0.315796 -0.948827 0.000032  0.850586 0.149414 1 0 1.000000
0  -38.431873 -23.316099 38.990990  -0.315009 -0.949089 -0.000006  0.850586 0.149414 1 0 1.000000
interior
0  -38.431873 -23.316099 26.325329  -0.315796 -0.948827 0.000032  0.850586 0.149414 1 0 1.000000
0  -42.066845 -20.601936 38.824345  -0.729208 -0.684292 -0.000001  0.850586 0.149414 1 0 1.000000
0  -42.066845 -20.601936 26.319511  -0.729208 -0.684292 -0.000016  0.850586 0.149414 1 0 1.000000
interior
0  -42.665096 6.463525 37.809868  -0.969859 0.220654 -0.103365  0.035645 0.375000 1 0 1.000000
0  -44.184063 6.779947 43.444931  -0.949082 0.258617 -0.179890  0.028778 0.406250 1 0 1.000000
0  -41.548553 8.314203 37.809868  -0.484021 0.856615 -0.178703  0.040680 0.375000 1 0 1.000000
interior
0  -43.079971 8.653942 43.463421  -0.488618 0.843735 -0.222178  0.033752 0.406250 1 0 1.000000
0  -41.548553 8.314203 37.809868  -0.484021 0.856615 -0.178703  0.040680 0.375000 1 0 1.000000
0  -44.184063 6.779947 43.444931  -0.949082 0.258617 -0.179890  0.028778 0.406250 1 0 1.000000
interior
0  -44.184063 6.779947 43.444931  -0.949082 0.258617 -0.179890  0.028778 0.406250 1 0 1.000000
0  -44.636955 8.924045 52.158436  -0.982714 0.168537 0.076599  0.026718 0.454102 1 0 1.000000
0  -43.079971 8.653942 43.463421  -0.488618 0.843735 -0.222178  0.033752 0.406250 1 0 1.000000
interior
0  -43.462013 10.926306 52.153881  -0.592705 0.799646 -0.096265  0.032043 0.454102 1 0 1.000000
0  -43.079971 8.653942 43.463421  -0.488618 0.843735 -0.222178  0.033752 0.406250 1 0 1.000000
0  -44.636955 8.924045 52.158436  -0.982714 0.168537 0.076599  0.026718 0.454102 1 0 1.000000
interior
0  -44.636955 8.924045 52.158436  -0.982714 0.168537 0.076599  0.026718 0.454102 1 0 1.000000
0  -41.410641 11.718847 61.111012  -0.960668 0.178619 0.212632  0.041321 0.504883 1 0 1.000000
0  -43.462013 10.926306 52.153881  -0.592705 0.799646 -0.096265  0.032043 0.454102 1 0 1.000000
interior
0  -23.325541 14.546573 65.614693  0.458259 0.867636 0.192890  0.050903 0.518066 1 0 1.000000
0  -22.097782 12.685388 66.384056  0.809600 0.323579 0.489739  0.045349 0.520020 1 0 1.000000
0  -21.203222 11.718848 61.111008  0.945282 0.277801 0.171081  0.041321 0.504883 1 0 1.000000
interior
0  -23.325541 14.546573 65.614693  0.458259 0.867636 0.192890  0.050903 0.518066 1 0 1.000000
0  -23.173910 12.962934 67.227196  0.226701 0.725923 0.649340  0.050232 0.524658 1 0 1.000000
0  -22.097782 12.685388 66.384056  0.809600 0.323579 0.489739  0.045349 0.520020 1 0 1.000000
interior
0  -23.325541 14.546573 65.614693  0.458259 0.867636 0.192890  0.050903 0.518066 1 0 1.000000
0  -31.306932 14.642861 65.796577  -0.000001 0.744973 0.667095  0.087036 0.521240 1 0 1.000000
0  -23.173910 12.962934 67.227196  0.226701 0.725923 0.649340  0.050232 0.524658 1 0 1.000000
interior
0  -31.306932 12.960631 67.852150  0.000000 0.773884 0.633328  0.087036 0.528076 1 0 1.000000
0  -23.173910 12.962934 67.227196  0.226701 0.725923 0.649340  0.050232 0.524658 1 0 1.000000
0  -31.306932 14.642861 65.796577  -0.000001 0.744973 0.667095  0.087036 0.521240 1 0 1.000000
interior
0  -31.306932 12.960631 67.852150  0.000000 0.773884 0.633328  0.087036 0.528076 1 0 1.000000
0  -31.306932 14.642861 65.796577  -0.000001 0.744973 0.667095  0.087036 0.521240 1 0 1.000000
0  -39.439995 12.962932 67.227196  -0.226702 0.725903 0.649361  0.050232 0.524658 1 0 1.000000
interior
0  -39.439995 12.962932 67.227196  -0.226702 0.725903 0.649361  0.050232 0.524658 1 0 1.000000
0  -31.306932 14.642861 65.796577  -0.000001 0.744973 0.667095  0.087036 0.521240 1 0 1.000000
0  -39.288368 14.546571 65.614693  -0.458265 0.867633 0.192890  0.050903 0.518066 1 0 1.000000
interior
0  -40.516079 12.685386 66.384056  -0.809606 0.323572 0.489734  0.045349 0.520020 1 0 1.000000
0  -39.439995 12.962932 67.227196  -0.226702 0.725903 0.649361  0.050232 0.524658 1 0 1.000000
0  -39.288368 14.546571 65.614693  -0.458265 0.867633 0.192890  0.050903 0.518066 1 0 1.000000
interior
0  -40.516079 12.685386 66.384056  -0.809606 0.323572 0.489734  0.045349 0.520020 1 0 1.000000
0  -39.288368 14.546571 65.614693  -0.458265 0.867633 0.192890  0.050903 0.518066 1 0 1.000000
0  -41.410641 11.718847 61.111012  -0.960668 0.178619 0.212632  0.041321 0.504883 1 0 1.000000
interior
0  -40.358410 13.513873 60.574230  -0.397233 0.908656 -0.128650  0.046082 0.501953 1 0 1.000000
0  -41.410641 11.718847 61.111012  -0.960668 0.178619 0.212632  0.041321 0.504883 1 0 1.000000
0  -39.288368 14.546571 65.614693  -0.458265 0.867633 0.192890  0.050903 0.518066 1 0 1.000000
interior
0  -40.358410 13.513873 60.574230  -0.397233 0.908656 -0.128650  0.046082 0.501953 1 0 1.000000
0  -43.462013 10.926306 52.153881  -0.592705 0.799646 -0.096265  0.032043 0.454102 1 0 1.000000
0  -41.410641 11.718847 61.111012  -0.960668 0.178619 0.212632  0.041321 0.504883 1 0 1.000000
interior
0  -43.462013 10.926306 52.153881  -0.592705 0.799646 -0.096265  0.032043 0.454102 1 0 1.000000
0  -40.358410 13.513873 60.574230  -0.397233 0.908656 -0.128650  0.046082 0.501953 1 0 1.000000
0  -31.306934 11.066028 52.101562  -0.000000 0.961849 -0.273581  0.086975 0.454102 1 0 1.000000
interior
0  -31.306934 11.066028 52.101562  -0.000000 0.961849 -0.273581  0.086975 0.454102 1 0 1.000000
0  -43.079971 8.653942 43.463421  -0.488618 0.843735 -0.222178  0.033752 0.406250 1 0 1.000000
0  -43.462013 10.926306 52.153881  -0.592705 0.799646 -0.096265  0.032043 0.454102 1 0 1.000000
interior
0  -31.306934 11.066028 52.101562  -0.000000 0.961849 -0.273581  0.086975 0.454102 1 0 1.000000
0  -31.306934 8.805840 43.713589  -0.000002 0.987117 -0.160003  0.087036 0.407715 1 0 1.000000
0  -43.079971 8.653942 43.463421  -0.488618 0.843735 -0.222178  0.033752 0.406250 1 0 1.000000
interior
0  -43.079971 8.653942 43.463421  -0.488618 0.843735 -0.222178  0.033752 0.406250 1 0 1.000000
0  -31.306934 8.805840 43.713589  -0.000002 0.987117 -0.160003  0.087036 0.407715 1 0 1.000000
0  -41.548553 8.314203 37.809868  -0.484021 0.856615 -0.178703  0.040680 0.375000 1 0 1.000000
interior
0  -31.306934 8.486217 37.809868  -0.000000 0.998538 -0.054060  0.087036 0.375000 1 0 1.000000
0  -41.548553 8.314203 37.809868  -0.484021 0.856615 -0.178703  0.040680 0.375000 1 0 1.000000
0  -31.306934 8.805840 43.713589  -0.000002 0.987117 -0.160003  0.087036 0.407715 1 0 1.000000
interior
0  -31.306934 8.486217 37.809868  -0.000000 0.998538 -0.054060  0.087036 0.375000 1 0 1.000000
0  -31.306934 8.805840 43.713589  -0.000002 0.987117 -0.160003  0.087036 0.407715 1 0 1.000000
0  -21.065308 8.314204 37.809864  0.484026 0.856615 -0.178687  0.040680 0.375000 1 0 1.000000
interior
0  -19.533936 8.653942 43.463417  0.488617 0.843736 -0.222176  0.033752 0.406250 1 0 1.000000
0  -21.065308 8.314204 37.809864  0.484026 0.856615 -0.178687  0.040680 0.375000 1 0 1.000000
0  -31.306934 8.805840 43.713589  -0.000002 0.987117 -0.160003  0.087036 0.407715 1 0 1.000000
interior
0  -19.533936 8.653942 43.463417  0.488617 0.843736 -0.222176  0.033752 0.406250 1 0 1.000000
0  -18.429844 6.779949 43.444927  0.949079 0.258621 -0.179902  0.028778 0.406250 1 0 1.000000
0  -21.065308 8.314204 37.809864  0.484026 0.856615 -0.178687  0.040680 0.375000 1 0 1.000000
interior
0  -19.948767 6.463526 37.809864  0.970389 0.220258 -0.099151  0.035645 0.375000 1 0 1.000000
0  -21.065308 8.314204 37.809864  0.484026 0.856615 -0.178687  0.040680 0.375000 1 0 1.000000
0  -18.429844 6.779949 43.444927  0.949079 0.258621 -0.179902  0.028778 0.406250 1 0 1.000000
interior
0  -18.429844 6.779949 43.444927  0.949079 0.258621 -0.179902  0.028778 0.406250 1 0 1.000000
0  -19.533936 8.653942 43.463417  0.488617 0.843736 -0.222176  0.033752 0.406250 1 0 1.000000
0  -17.976948 8.924047 52.158432  0.961221 0.264214 0.079030  0.026718 0.454102 1 0 1.000000
interior
0  -19.151896 10.926307 52.153877  0.592702 0.799648 -0.096264  0.032043 0.454102 1 0 1.000000
0  -17.976948 8.924047 52.158432  0.961221 0.264214 0.079030  0.026718 0.454102 1 0 1.000000
0  -19.533936 8.653942 43.463417  0.488617 0.843736 -0.222176  0.033752 0.406250 1 0 1.000000
interior
0  -17.976948 8.924047 52.158432  0.961221 0.264214 0.079030  0.026718 0.454102 1 0 1.000000
0  -19.151896 10.926307 52.153877  0.592702 0.799648 -0.096264  0.032043 0.454102 1 0 1.000000
0  -21.203222 11.718848 61.111008  0.945282 0.277801 0.171081  0.041321 0.504883 1 0 1.000000
interior
0  -22.255495 13.513875 60.574226  0.397227 0.908658 -0.128652  0.046082 0.501953 1 0 1.000000
0  -21.203222 11.718848 61.111008  0.945282 0.277801 0.171081  0.041321 0.504883 1 0 1.000000
0  -19.151896 10.926307 52.153877  0.592702 0.799648 -0.096264  0.032043 0.454102 1 0 1.000000
interior
0  -23.325541 14.546573 65.614693  0.458259 0.867636 0.192890  0.050903 0.518066 1 0 1.000000
0  -21.203222 11.718848 61.111008  0.945282 0.277801 0.171081  0.041321 0.504883 1 0 1.000000
0  -22.255495 13.513875 60.574226  0.397227 0.908658 -0.128652  0.046082 0.501953 1 0 1.000000
interior
0  -22.255495 13.513875 60.574226  0.397227 0.908658 -0.128652  0.046082 0.501953 1 0 1.000000
0  -31.306932 13.714524 60.848480  0.000000 0.970677 -0.240386  0.087036 0.503662 1 0 1.000000
0  -23.325541 14.546573 65.614693  0.458259 0.867636 0.192890  0.050903 0.518066 1 0 1.000000
interior
0  -31.306932 14.642861 65.796577  -0.000000 0.982852 -0.184397  0.087036 0.521240 1 0 1.000000
0  -23.325541 14.546573 65.614693  0.458259 0.867636 0.192890  0.050903 0.518066 1 0 1.000000
0  -31.306932 13.714524 60.848480  0.000000 0.970677 -0.240386  0.087036 0.503662 1 0 1.000000
interior
0  -31.306932 14.642861 65.796577  -0.000000 0.982852 -0.184397  0.087036 0.521240 1 0 1.000000
0  -31.306932 13.714524 60.848480  0.000000 0.970677 -0.240386  0.087036 0.503662 1 0 1.000000
0  -39.288368 14.546571 65.614693  -0.458265 0.867633 0.192890  0.050903 0.518066 1 0 1.000000
interior
0  -40.358410 13.513873 60.574230  -0.397233 0.908656 -0.128650  0.046082 0.501953 1 0 1.000000
0  -39.288368 14.546571 65.614693  -0.458265 0.867633 0.192890  0.050903 0.518066 1 0 1.000000
0  -31.306932 13.714524 60.848480  0.000000 0.970677 -0.240386  0.087036 0.503662 1 0 1.000000
interior
0  -31.306932 13.714524 60.848480  0.000000 0.970677 -0.240386  0.087036 0.503662 1 0 1.000000
0  -31.306934 11.066028 52.101562  -0.000000 0.961849 -0.273581  0.086975 0.454102 1 0 1.000000
0  -40.358410 13.513873 60.574230  -0.397233 0.908656 -0.128650  0.046082 0.501953 1 0 1.000000
interior
0  -31.306932 13.714524 60.848480  0.000000 0.970677 -0.240386  0.087036 0.503662 1 0 1.000000
0  -22.255495 13.513875 60.574226  0.397227 0.908658 -0.128652  0.046082 0.501953 1 0 1.000000
0  -31.306934 11.066028 52.101562  -0.000000 0.961849 -0.273581  0.086975 0.454102 1 0 1.000000
interior
0  -19.151896 10.926307 52.153877  0.592702 0.799648 -0.096264  0.032043 0.454102 1 0 1.000000
0  -31.306934 11.066028 52.101562  -0.000000 0.961849 -0.273581  0.086975 0.454102 1 0 1.000000
0  -22.255495 13.513875 60.574226  0.397227 0.908658 -0.128652  0.046082 0.501953 1 0 1.000000
interior
0  -19.151896 10.926307 52.153877  0.592702 0.799648 -0.096264  0.032043 0.454102 1 0 1.000000
0  -19.533936 8.653942 43.463417  0.488617 0.843736 -0.222176  0.033752 0.406250 1 0 1.000000
0  -31.306934 11.066028 52.101562  -0.000000 0.961849 -0.273581  0.086975 0.454102 1 0 1.000000
interior
0  -31.306934 8.805840 43.713589  -0.000002 0.987117 -0.160003  0.087036 0.407715 1 0 1.000000
0  -31.306934 11.066028 52.101562  -0.000000 0.961849 -0.273581  0.086975 0.454102 1 0 1.000000
0  -19.533936 8.653942 43.463417  0.488617 0.843736 -0.222176  0.033752 0.406250 1 0 1.000000
interior
0  -25.236336 13.393279 75.097282  0.857128 -0.132507 0.497768  0.113037 0.561279 1 0 1.000000
0  -25.236336 10.070849 74.212700  1.000000 0.000000 0.000000  0.113037 0.561279 1 0 1.000000
0  -25.236336 13.393279 67.652855  0.853826 0.464731 -0.234532  0.113037 0.524902 1 0 1.000000
interior
0  -25.236336 10.070849 67.903923  1.000000 0.000000 0.000000  0.113037 0.526855 1 0 1.000000
0  -25.236336 13.393279 67.652855  0.853826 0.464731 -0.234532  0.113037 0.524902 1 0 1.000000
0  -25.236336 10.070849 74.212700  1.000000 0.000000 0.000000  0.113037 0.561279 1 0 1.000000
interior
0  -26.634031 10.070849 75.614220  0.348157 -0.476044 0.807570  0.105164 0.569092 1 0 1.000000
0  -25.236336 10.070849 74.212700  0.625752 -0.657062 0.420361  0.113037 0.561279 1 0 1.000000
0  -25.236336 13.393279 75.097282  0.857073 -0.132553 0.497851  0.113037 0.561279 1 0 1.000000
interior
0  -26.634031 13.393279 76.498772  0.375381 -0.238471 0.895668  0.105164 0.569092 1 0 1.000000
0  -26.634031 10.070849 75.614220  0.348157 -0.476044 0.807570  0.105164 0.569092 1 0 1.000000
0  -25.236336 13.393279 75.097282  0.857073 -0.132553 0.497851  0.113037 0.561279 1 0 1.000000
interior
0  -26.634031 13.393279 76.498772  0.375381 -0.238471 0.895668  0.105164 0.569092 1 0 1.000000
0  -31.306932 13.393279 76.498772  0.000061 -0.029613 0.999561  0.066162 0.569092 1 0 1.000000
0  -26.634031 10.070849 75.614220  0.348157 -0.476044 0.807570  0.105164 0.569092 1 0 1.000000
interior
0  -31.306932 13.393279 76.498772  0.000008 0.560928 0.827864  0.066162 0.569092 1 0 1.000000
0  -26.634031 13.393279 76.498772  0.203720 0.680324 0.704029  0.105164 0.569092 1 0 1.000000
0  -31.306932 14.843602 75.097282  0.000000 0.868455 0.495768  0.066162 0.561279 1 0 1.000000
interior
0  -26.634031 14.843602 75.097282  0.351669 0.912669 0.208241  0.105164 0.561279 1 0 1.000000
0  -31.306932 14.843602 75.097282  0.000000 0.868455 0.495768  0.066162 0.561279 1 0 1.000000
0  -26.634031 13.393279 76.498772  0.203720 0.680324 0.704029  0.105164 0.569092 1 0 1.000000
interior
0  -25.236336 13.393279 75.097282  0.685428 0.660555 0.306359  0.113037 0.561279 1 0 1.000000
0  -26.634031 14.843602 75.097282  0.351669 0.912669 0.208241  0.105164 0.561279 1 0 1.000000
0  -26.634031 13.393279 76.498772  0.203720 0.680324 0.704029  0.105164 0.569092 1 0 1.000000
interior
0  -25.236336 13.393279 75.097282  0.685428 0.660555 0.306359  0.113037 0.561279 1 0 1.000000
0  -25.236336 13.393279 67.652855  0.853818 0.464736 -0.234552  0.113037 0.524902 1 0 1.000000
0  -26.634031 14.843602 75.097282  0.351669 0.912669 0.208241  0.105164 0.561279 1 0 1.000000
interior
0  -25.236336 13.393279 67.652855  0.853818 0.464736 -0.234552  0.113037 0.524902 1 0 1.000000
0  -26.634031 14.291219 67.652855  0.184699 0.705288 -0.684438  0.105164 0.524902 1 0 1.000000
0  -26.634031 14.843602 75.097282  0.351669 0.912669 0.208241  0.105164 0.561279 1 0 1.000000
interior
0  -25.236336 13.393279 67.652855  0.853818 0.464736 -0.234552  0.113037 0.524902 1 0 1.000000
0  -26.634031 12.943271 67.097672  0.257990 0.156232 -0.953432  0.105164 0.520752 1 0 1.000000
0  -26.634031 14.291219 67.652855  0.184699 0.705288 -0.684438  0.105164 0.524902 1 0 1.000000
interior
0  -26.634031 14.291219 67.652855  0.184699 0.705288 -0.684438  0.105164 0.524902 1 0 1.000000
0  -26.634031 12.943271 67.097672  0.257990 0.156232 -0.953432  0.105164 0.520752 1 0 1.000000
0  -31.306932 12.943271 67.097672  0.000000 0.380835 -0.924643  0.066162 0.520752 1 0 1.000000
interior
0  -31.306932 12.943271 67.097672  0.000000 0.380835 -0.924643  0.066162 0.520752 1 0 1.000000
0  -31.306932 14.291219 67.652855  0.000029 0.911190 -0.411986  0.066162 0.524902 1 0 1.000000
0  -26.634031 14.291219 67.652855  0.184699 0.705288 -0.684438  0.105164 0.524902 1 0 1.000000
interior
0  -31.306932 14.291219 67.652855  0.000029 0.911190 -0.411986  0.066162 0.524902 1 0 1.000000
0  -31.306932 12.943271 67.097672  0.000000 0.380835 -0.924643  0.066162 0.520752 1 0 1.000000
0  -35.979874 14.291219 67.652855  -0.184680 0.705295 -0.684436  0.105164 0.524902 1 0 1.000000
interior
0  -31.306932 14.291219 67.652855  0.000029 0.911190 -0.411986  0.066162 0.524902 1 0 1.000000
0  -35.979874 14.291219 67.652855  -0.184680 0.705295 -0.684436  0.105164 0.524902 1 0 1.000000
0  -35.979874 14.843602 75.097282  -0.278571 0.937785 0.207261  0.105164 0.561279 1 0 1.000000
interior
0  -35.979874 14.291219 67.652855  -0.184680 0.705295 -0.684436  0.105164 0.524902 1 0 1.000000
0  -37.377571 13.393279 67.652855  -0.498361 0.775733 -0.387136  0.113037 0.524902 1 0 1.000000
0  -35.979874 14.843602 75.097282  -0.278571 0.937785 0.207261  0.105164 0.561279 1 0 1.000000
interior
0  -37.377571 13.945662 75.097282  -0.841512 0.275797 0.464536  0.113037 0.561279 1 0 1.000000
0  -35.979874 14.843602 75.097282  -0.278571 0.937785 0.207261  0.105164 0.561279 1 0 1.000000
0  -37.377571 13.393279 67.652855  -0.498361 0.775733 -0.387136  0.113037 0.524902 1 0 1.000000
interior
0  -35.979874 13.393279 76.498772  -0.270976 0.378061 0.885236  0.105164 0.569092 1 0 1.000000
0  -35.979874 14.843602 75.097282  -0.278571 0.937785 0.207261  0.105164 0.561279 1 0 1.000000
0  -37.377571 13.945662 75.097282  -0.841512 0.275797 0.464536  0.113037 0.561279 1 0 1.000000
interior
0  -35.979874 13.393279 76.498772  -0.270976 0.378061 0.885236  0.105164 0.569092 1 0 1.000000
0  -37.377571 13.945662 75.097282  -0.841512 0.275797 0.464536  0.113037 0.561279 1 0 1.000000
0  -35.979874 10.070848 75.614220  -0.391427 -0.364597 0.844899  0.105164 0.569092 1 0 1.000000
interior
0  -35.979874 13.393279 76.498772  -0.270976 0.378061 0.885236  0.105164 0.569092 1 0 1.000000
0  -35.979874 10.070848 75.614220  -0.391427 -0.364597 0.844899  0.105164 0.569092 1 0 1.000000
0  -31.306932 13.393279 76.498772  0.000061 -0.029613 0.999561  0.066162 0.569092 1 0 1.000000
interior
0  -31.306932 13.393279 76.498772  0.000061 -0.029613 0.999561  0.066162 0.569092 1 0 1.000000
0  -35.979874 10.070848 75.614220  -0.391427 -0.364597 0.844899  0.105164 0.569092 1 0 1.000000
0  -31.306932 10.070849 75.614220  -0.000008 -0.649178 0.760637  0.066162 0.569092 1 0 1.000000
interior
0  -31.306932 10.070849 75.614220  -0.000008 -0.649178 0.760637  0.066162 0.569092 1 0 1.000000
0  -26.634031 10.070849 75.614220  0.348157 -0.476044 0.807570  0.105164 0.569092 1 0 1.000000
0  -31.306932 13.393279 76.498772  0.000061 -0.029613 0.999561  0.066162 0.569092 1 0 1.000000
interior
0  -26.634031 9.136965 74.012184  0.279586 -0.924033 0.260759  0.105164 0.561279 1 0 1.000000
0  -26.634031 10.070849 75.614220  0.348157 -0.476044 0.807570  0.105164 0.569092 1 0 1.000000
0  -31.306932 10.070849 75.614220  -0.000008 -0.649178 0.760637  0.066162 0.569092 1 0 1.000000
interior
0  -31.306932 14.843602 75.097282  0.000000 0.868455 0.495768  0.066162 0.561279 1 0 1.000000
0  -35.979874 13.393279 76.498772  -0.270976 0.378061 0.885236  0.105164 0.569092 1 0 1.000000
0  -31.306932 13.393279 76.498772  0.000061 -0.029613 0.999561  0.066162 0.569092 1 0 1.000000
interior
0  -35.979874 14.843602 75.097282  -0.278571 0.937785 0.207261  0.105164 0.561279 1 0 1.000000
0  -35.979874 13.393279 76.498772  -0.270976 0.378061 0.885236  0.105164 0.569092 1 0 1.000000
0  -31.306932 14.843602 75.097282  0.000000 0.868455 0.495768  0.066162 0.561279 1 0 1.000000
interior
0  -31.306932 14.843602 75.097282  0.000000 0.868455 0.495768  0.066162 0.561279 1 0 1.000000
0  -31.306932 14.291219 67.652855  0.000029 0.911190 -0.411986  0.066162 0.524902 1 0 1.000000
0  -35.979874 14.843602 75.097282  -0.278571 0.937785 0.207261  0.105164 0.561279 1 0 1.000000
interior
0  -26.634031 14.843602 75.097282  0.351669 0.912669 0.208241  0.105164 0.561279 1 0 1.000000
0  -31.306932 14.291219 67.652855  0.000029 0.911190 -0.411986  0.066162 0.524902 1 0 1.000000
0  -31.306932 14.843602 75.097282  0.000000 0.868455 0.495768  0.066162 0.561279 1 0 1.000000
interior
0  -26.634031 14.843602 75.097282  0.351669 0.912669 0.208241  0.105164 0.561279 1 0 1.000000
0  -26.634031 14.291219 67.652855  0.184699 0.705288 -0.684438  0.105164 0.524902 1 0 1.000000
0  -31.306932 14.291219 67.652855  0.000029 0.911190 -0.411986  0.066162 0.524902 1 0 1.000000
interior
0  -35.979874 14.291219 67.652855  -0.184680 0.705295 -0.684436  0.105164 0.524902 1 0 1.000000
0  -35.979874 12.943271 67.097672  -0.257121 0.157704 -0.953425  0.105164 0.520752 1 0 1.000000
0  -37.377571 13.393279 67.652855  -0.498361 0.775733 -0.387136  0.113037 0.524902 1 0 1.000000
interior
0  -35.979874 12.943271 67.097672  -0.257121 0.157704 -0.953425  0.105164 0.520752 1 0 1.000000
0  -35.979874 14.291219 67.652855  -0.184680 0.705295 -0.684436  0.105164 0.524902 1 0 1.000000
0  -31.306932 12.943271 67.097672  0.000000 0.380835 -0.924643  0.066162 0.520752 1 0 1.000000
interior
0  -37.377571 10.070848 67.903923  -0.655629 -0.364755 -0.661138  0.113037 0.526855 1 0 1.000000
0  -35.979874 12.943271 67.097672  -0.257213 0.157542 -0.953426  0.105164 0.520752 1 0 1.000000
0  -35.979874 10.070848 67.348785  -0.178677 -0.410180 -0.894331  0.105164 0.522705 1 0 1.000000
interior
0  -35.979874 12.943271 67.097672  -0.257213 0.157542 -0.953426  0.105164 0.520752 1 0 1.000000
0  -37.377571 10.070848 67.903923  -0.655629 -0.364755 -0.661138  0.113037 0.526855 1 0 1.000000
0  -37.377571 13.393279 67.652855  -0.932687 -0.027170 -0.359664  0.113037 0.524902 1 0 1.000000
interior
0  -25.236336 10.070849 74.212700  0.625752 -0.657062 0.420361  0.113037 0.561279 1 0 1.000000
0  -26.634031 10.070849 75.614220  0.348157 -0.476044 0.807570  0.105164 0.569092 1 0 1.000000
0  -26.634031 9.136965 74.012184  0.279586 -0.924033 0.260759  0.105164 0.561279 1 0 1.000000
interior
0  -25.236336 10.070849 74.212700  0.625752 -0.657062 0.420361  0.113037 0.561279 1 0 1.000000
0  -26.634031 9.136965 74.012184  0.279586 -0.924033 0.260759  0.105164 0.561279 1 0 1.000000
0  -25.236336 10.070849 67.903923  0.528883 -0.554811 -0.642236  0.113037 0.526855 1 0 1.000000
interior
0  -26.634031 9.136965 67.903923  0.205920 -0.896590 -0.392075  0.105164 0.526855 1 0 1.000000
0  -25.236336 10.070849 67.903923  0.528883 -0.554811 -0.642236  0.113037 0.526855 1 0 1.000000
0  -26.634031 9.136965 74.012184  0.279586 -0.924033 0.260759  0.105164 0.561279 1 0 1.000000
interior
0  -26.634031 10.070849 67.348785  0.178675 -0.410177 -0.894332  0.105164 0.522705 1 0 1.000000
0  -25.236336 10.070849 67.903923  0.528883 -0.554811 -0.642236  0.113037 0.526855 1 0 1.000000
0  -26.634031 9.136965 67.903923  0.205920 -0.896590 -0.392075  0.105164 0.526855 1 0 1.000000
interior
0  -26.634031 10.070849 67.348785  0.178675 -0.410177 -0.894332  0.105164 0.522705 1 0 1.000000
0  -26.634031 9.136965 67.903923  0.205920 -0.896590 -0.392075  0.105164 0.526855 1 0 1.000000
0  -31.306932 9.136965 67.903923  0.000032 -0.762154 -0.647396  0.066162 0.526855 1 0 1.000000
interior
0  -31.306932 9.136965 67.903923  0.000032 -0.762154 -0.647396  0.066162 0.526855 1 0 1.000000
0  -31.306932 10.070849 67.348785  0.000000 -0.510976 -0.859595  0.066162 0.522705 1 0 1.000000
0  -26.634031 10.070849 67.348785  0.178675 -0.410177 -0.894332  0.105164 0.522705 1 0 1.000000
interior
0  -31.306932 10.070849 67.348785  0.000000 -0.510976 -0.859595  0.066162 0.522705 1 0 1.000000
0  -31.306932 9.136965 67.903923  0.000032 -0.762154 -0.647396  0.066162 0.526855 1 0 1.000000
0  -35.979874 10.070848 67.348785  -0.178677 -0.410180 -0.894331  0.105164 0.522705 1 0 1.000000
interior
0  -35.979874 10.070848 67.348785  -0.178677 -0.410180 -0.894331  0.105164 0.522705 1 0 1.000000
0  -31.306932 9.136965 67.903923  0.000032 -0.762154 -0.647396  0.066162 0.526855 1 0 1.000000
0  -35.979874 9.136964 67.903923  -0.278253 -0.903780 -0.325203  0.105164 0.526855 1 0 1.000000
interior
0  -35.979874 9.136964 67.903923  -0.278253 -0.903780 -0.325203  0.105164 0.526855 1 0 1.000000
0  -37.377571 10.070848 67.903923  -0.655629 -0.364755 -0.661138  0.113037 0.526855 1 0 1.000000
0  -35.979874 10.070848 67.348785  -0.178677 -0.410180 -0.894331  0.105164 0.522705 1 0 1.000000
interior
0  -37.377571 10.070848 67.903923  -0.655629 -0.364755 -0.661138  0.113037 0.526855 1 0 1.000000
0  -35.979874 9.136964 67.903923  -0.278253 -0.903780 -0.325203  0.105164 0.526855 1 0 1.000000
0  -37.377571 10.070848 74.012184  -0.832044 -0.389945 0.394519  0.113037 0.561279 1 0 1.000000
interior
0  -37.377571 10.070848 67.903923  -0.655629 -0.364755 -0.661138  0.113037 0.526855 1 0 1.000000
0  -37.377571 10.070848 74.012184  -0.832044 -0.389945 0.394519  0.113037 0.561279 1 0 1.000000
0  -37.377571 13.393279 67.652855  -0.932687 -0.027170 -0.359664  0.113037 0.524902 1 0 1.000000
interior
0  -37.377571 13.945662 75.097282  -0.841512 0.275797 0.464536  0.113037 0.561279 1 0 1.000000
0  -37.377571 13.393279 67.652855  -0.932687 -0.027170 -0.359664  0.113037 0.524902 1 0 1.000000
0  -37.377571 10.070848 74.012184  -0.832044 -0.389945 0.394519  0.113037 0.561279 1 0 1.000000
interior
0  -35.979874 10.070848 75.614220  -0.391427 -0.364597 0.844899  0.105164 0.569092 1 0 1.000000
0  -37.377571 13.945662 75.097282  -0.841512 0.275797 0.464536  0.113037 0.561279 1 0 1.000000
0  -37.377571 10.070848 74.012184  -0.832044 -0.389945 0.394519  0.113037 0.561279 1 0 1.000000
interior
0  -26.634031 10.070849 67.348785  0.178675 -0.410177 -0.894332  0.105164 0.522705 1 0 1.000000
0  -26.634031 12.943271 67.097672  0.258106 0.156059 -0.953429  0.105164 0.520752 1 0 1.000000
0  -25.236336 10.070849 67.903923  0.528883 -0.554811 -0.642236  0.113037 0.526855 1 0 1.000000
interior
0  -25.236336 13.393279 67.652855  0.387510 -0.069465 -0.919245  0.113037 0.524902 1 0 1.000000
0  -25.236336 10.070849 67.903923  0.528883 -0.554811 -0.642236  0.113037 0.526855 1 0 1.000000
0  -26.634031 12.943271 67.097672  0.258106 0.156059 -0.953429  0.105164 0.520752 1 0 1.000000
interior
0  -31.306932 10.070849 75.614220  -0.000008 -0.649178 0.760637  0.066162 0.569092 1 0 1.000000
0  -31.306932 9.136965 74.012184  0.000047 -0.984881 0.173232  0.066162 0.561279 1 0 1.000000
0  -26.634031 9.136965 74.012184  0.279586 -0.924033 0.260759  0.105164 0.561279 1 0 1.000000
interior
0  -26.634031 9.136965 67.903923  0.205920 -0.896590 -0.392075  0.105164 0.526855 1 0 1.000000
0  -26.634031 9.136965 74.012184  0.279586 -0.924033 0.260759  0.105164 0.561279 1 0 1.000000
0  -31.306932 9.136965 74.012184  0.000047 -0.984881 0.173232  0.066162 0.561279 1 0 1.000000
interior
0  -26.634031 9.136965 67.903923  0.205920 -0.896590 -0.392075  0.105164 0.526855 1 0 1.000000
0  -31.306932 9.136965 74.012184  0.000047 -0.984881 0.173232  0.066162 0.561279 1 0 1.000000
0  -31.306932 9.136965 67.903923  0.000032 -0.762154 -0.647396  0.066162 0.526855 1 0 1.000000
interior
0  -31.306932 9.136965 67.903923  0.000032 -0.762154 -0.647396  0.066162 0.526855 1 0 1.000000
0  -31.306932 9.136965 74.012184  0.000047 -0.984881 0.173232  0.066162 0.561279 1 0 1.000000
0  -35.979874 9.136964 67.903923  -0.278253 -0.903780 -0.325203  0.105164 0.526855 1 0 1.000000
interior
0  -35.979874 9.136964 74.012184  -0.226309 -0.923585 0.309474  0.105164 0.561279 1 0 1.000000
0  -35.979874 9.136964 67.903923  -0.278253 -0.903780 -0.325203  0.105164 0.526855 1 0 1.000000
0  -31.306932 9.136965 74.012184  0.000047 -0.984881 0.173232  0.066162 0.561279 1 0 1.000000
interior
0  -35.979874 9.136964 74.012184  -0.226309 -0.923585 0.309474  0.105164 0.561279 1 0 1.000000
0  -37.377571 10.070848 74.012184  -0.832044 -0.389945 0.394519  0.113037 0.561279 1 0 1.000000
0  -35.979874 9.136964 67.903923  -0.278253 -0.903780 -0.325203  0.105164 0.526855 1 0 1.000000
interior
0  -35.979874 9.136964 74.012184  -0.226309 -0.923585 0.309474  0.105164 0.561279 1 0 1.000000
0  -35.979874 10.070848 75.614220  -0.297747 -0.754176 0.585291  0.105164 0.569092 1 0 1.000000
0  -37.377571 10.070848 74.012184  -0.832044 -0.389945 0.394519  0.113037 0.561279 1 0 1.000000
interior
0  -35.979874 9.136964 74.012184  -0.226309 -0.923585 0.309474  0.105164 0.561279 1 0 1.000000
0  -31.306932 10.070849 75.614220  -0.000008 -0.649178 0.760637  0.066162 0.569092 1 0 1.000000
0  -35.979874 10.070848 75.614220  -0.297747 -0.754176 0.585291  0.105164 0.569092 1 0 1.000000
interior
0  -31.306932 9.136965 74.012184  0.000047 -0.984881 0.173232  0.066162 0.561279 1 0 1.000000
0  -31.306932 10.070849 75.614220  -0.000008 -0.649178 0.760637  0.066162 0.569092 1 0 1.000000
0  -35.979874 9.136964 74.012184  -0.226309 -0.923585 0.309474  0.105164 0.561279 1 0 1.000000
interior
0  15.997787 -20.996374 38.848560  -0.828850 -0.559471 0.000006  0.850586 0.149414 1 0 1.000000
0  14.347035 -15.584329 38.516308  -0.987395 -0.158279 -0.000001  0.850586 0.149414 1 0 1.000000
0  15.997787 -20.996374 26.320366  -0.829198 -0.558955 0.000006  0.850586 0.149414 1 0 1.000000
interior
0  14.347034 -15.584329 26.308683  -0.986749 -0.162170 0.005187  0.850586 0.149414 1 0 1.000000
0  15.997787 -20.996374 26.320366  -0.829198 -0.558955 0.000002  0.850586 0.149414 1 0 1.000000
0  14.347035 -15.584329 38.516308  -0.987412 -0.158169 -0.000001  0.850586 0.149414 1 0 1.000000
interior
0  14.347034 -15.584329 26.308683  -0.986749 -0.162170 0.005187  0.850586 0.149414 1 0 1.000000
0  14.347035 -15.584329 38.516308  -0.987412 -0.158169 -0.000001  0.850586 0.149414 1 0 1.000000
0  14.087305 -2.990649 37.809864  -0.998203 0.057404 0.017188  0.850098 0.149414 1 0 1.000000
interior
0  14.087305 -2.990649 37.809864  -0.998203 0.057404 0.017188  0.850098 0.149414 1 0 1.000000
0  13.377295 8.323544 26.283882  -0.995407 0.030102 0.090876  0.850098 0.149414 1 0 1.000000
0  14.347034 -15.584329 26.308683  -0.986749 -0.162170 0.005187  0.850586 0.149414 1 0 1.000000
interior
0  13.377295 8.323544 26.283882  -0.995407 0.030102 0.090876  0.850098 0.149414 1 0 1.000000
0  14.087305 -2.990649 37.809864  -0.998203 0.057404 0.017188  0.850098 0.149414 1 0 1.000000
0  15.053932 6.463529 37.809864  -0.970545 0.219693 -0.098886  0.850098 0.149414 1 0 1.000000
interior
0  15.053932 6.463529 37.809864  -0.000000 0.987228 0.159315  0.850098 0.149414 1 0 1.000000
0  39.293240 8.323545 26.283880  -0.000000 0.987228 0.159315  0.850098 0.149414 1 0 1.000000
0  13.377295 8.323544 26.283882  -0.000000 0.987228 0.159315  0.850098 0.149414 1 0 1.000000
interior
0  37.770264 6.463531 37.809860  -0.000000 0.987228 0.159315  0.850098 0.149414 1 0 1.000000
0  39.293240 8.323545 26.283880  -0.000000 0.987228 0.159315  0.850098 0.149414 1 0 1.000000
0  15.053932 6.463529 37.809864  -0.000000 0.987228 0.159315  0.850098 0.149414 1 0 1.000000
interior
0  -10.439789 -23.587662 46.967419  0.670506 0.700092 0.245547  0.267578 0.492676 1 0 1.000000
0  -10.572968 -24.406094 49.546368  0.667170 0.699387 0.256402  0.268066 0.572510 1 0 1.000000
0  -5.294464 -28.948431 48.201580  0.670515 0.700092 0.245520  0.511230 0.575195 1 0 1.000000
interior
0  -5.294464 -28.948431 48.201580  0.670515 0.700092 0.245520  0.511230 0.575195 1 0 1.000000
0  -5.260504 -28.141905 45.695690  0.673759 0.700704 0.234655  0.511230 0.493652 1 0 1.000000
0  -10.439789 -23.587662 46.967419  0.670506 0.700092 0.245547  0.267578 0.492676 1 0 1.000000
interior
0  0.989364 -28.524038 44.903240  -0.006567 0.949066 0.315010  0.547852 0.165527 1 0 1.000000
0  0.968709 -29.622766 47.997547  -0.014075 0.942293 0.334493  0.548340 0.265625 1 0 1.000000
0  10.272659 -29.531212 48.131134  -0.006559 0.949069 0.314999  0.263672 0.268066 1 0 1.000000
interior
0  10.272659 -29.531212 48.131134  -0.006559 0.949069 0.314999  0.263672 0.268066 1 0 1.000000
0  10.334942 -28.532423 44.900394  0.000947 0.955381 0.295376  0.262207 0.164551 1 0 1.000000
0  0.989364 -28.524038 44.903240  -0.006567 0.949066 0.315010  0.547852 0.165527 1 0 1.000000
interior
0  47.584332 22.431528 27.685364  0.000000 -0.024661 0.999696  0.755859 0.014160 1 0 1.000000
0  -47.573555 -7.883169 26.937565  0.000005 -0.005202 0.999987  0.766113 0.014160 1 0 1.000000
0  47.573563 -7.883161 26.937557  -0.000006 -0.004821 0.999988  0.755859 0.014160 1 0 1.000000
interior
0  -47.584332 22.431520 27.685371  0.000000 -0.024661 0.999696  0.766113 0.014160 1 0 1.000000
0  -47.573555 -7.883169 26.937565  0.000005 -0.005202 0.999987  0.766113 0.014160 1 0 1.000000
0  47.584332 22.431528 27.685364  0.000000 -0.024661 0.999696  0.755859 0.014160 1 0 1.000000
interior
0  53.927696 -16.084599 26.953074  -0.000025 0.001873 0.999998  0.755371 0.014160 1 0 1.000000
0  53.921654 -7.883161 26.937740  -0.000029 0.001870 0.999998  0.755371 0.014160 1 0 1.000000
0  47.573563 -7.883161 26.937557  -0.000006 -0.004821 0.999988  0.755859 0.014160 1 0 1.000000
interior
0  53.927696 -16.084599 26.953074  -0.000025 0.001873 0.999998  0.755371 0.014160 1 0 1.000000
0  47.573563 -7.883161 26.937557  -0.000006 -0.004821 0.999988  0.755859 0.014160 1 0 1.000000
0  53.935184 -26.214462 26.972057  0.000010 0.001883 0.999998  0.755371 0.014160 1 0 1.000000
interior
0  47.593315 -34.501045 26.987757  0.000001 0.017810 0.999841  0.755859 0.014160 1 0 1.000000
0  53.935184 -26.214462 26.972057  0.000010 0.001883 0.999998  0.755371 0.014160 1 0 1.000000
0  47.573563 -7.883161 26.937557  -0.000006 -0.004821 0.999988  0.755859 0.014160 1 0 1.000000
interior
0  47.593315 -34.501045 26.987757  0.000001 0.017810 0.999841  0.755859 0.014160 1 0 1.000000
0  47.573563 -7.883161 26.937557  -0.000006 -0.004821 0.999988  0.755859 0.014160 1 0 1.000000
0  -47.573555 -7.883169 26.937565  0.000005 -0.005202 0.999987  0.766113 0.014160 1 0 1.000000
interior
0  -47.573555 -7.883169 26.937565  0.000005 -0.005202 0.999987  0.766113 0.014160 1 0 1.000000
0  -47.593307 -34.501053 26.987764  -0.000001 0.017725 0.999843  0.766113 0.014160 1 0 1.000000
0  47.593315 -34.501045 26.987757  0.000001 0.017810 0.999841  0.755859 0.014160 1 0 1.000000
interior
0  -47.593307 -34.501053 26.987764  -0.000001 0.017725 0.999843  0.766113 0.014160 1 0 1.000000
0  -47.584328 -45.178120 27.685371  0.000000 0.065198 0.997872  0.766113 0.014160 1 0 1.000000
0  47.593315 -34.501045 26.987757  0.000001 0.017810 0.999841  0.755859 0.014160 1 0 1.000000
interior
0  47.593315 -34.501045 26.987757  0.000001 0.017810 0.999841  0.755859 0.014160 1 0 1.000000
0  -47.584328 -45.178120 27.685371  0.000000 0.065198 0.997872  0.766113 0.014160 1 0 1.000000
0  47.584335 -45.178112 27.685364  0.000000 0.065198 0.997872  0.755859 0.014160 1 0 1.000000
interior
0  47.593315 -34.501045 26.987757  0.000001 0.017810 0.999841  0.755859 0.014160 1 0 1.000000
0  53.941277 -34.501137 26.987623  0.000021 0.001878 0.999998  0.755371 0.014160 1 0 1.000000
0  53.935184 -26.214462 26.972057  0.000010 0.001883 0.999998  0.755371 0.014160 1 0 1.000000
interior
0  0.511982 -32.810883 58.496605  0.008913 0.666144 -0.745770  0.956055 0.004883 1 0 1.000000
0  10.240774 -33.307121 58.169632  0.008911 0.666145 -0.745770  0.956055 0.004883 1 0 1.000000
0  0.511847 -33.272530 58.047813  0.011456 0.697001 -0.716979  0.956055 0.004883 1 0 1.000000
interior
0  10.426452 -32.858643 58.538910  0.006354 0.634064 -0.773254  0.956055 0.004883 1 0 1.000000
0  10.240774 -33.307121 58.169632  0.008911 0.666148 -0.745766  0.956055 0.004883 1 0 1.000000
0  0.511982 -32.810883 58.496605  0.008915 0.666148 -0.745766  0.956055 0.004883 1 0 1.000000
interior
0  18.132103 -38.356426 63.989426  0.004354 0.949312 0.314306  0.956055 0.004395 1 0 1.000000
0  36.794395 -34.981632 53.537949  0.004410 0.949281 0.314398  0.954590 0.005371 1 0 1.000000
0  15.759211 -34.988808 53.809856  0.003726 0.949649 0.313295  0.956055 0.004883 1 0 1.000000
interior
0  35.860462 -38.351372 63.690590  0.005046 0.948937 0.315424  0.954590 0.004395 1 0 1.000000
0  36.794395 -34.981632 53.537949  0.004410 0.949281 0.314398  0.954590 0.005371 1 0 1.000000
0  18.132103 -38.356426 63.989426  0.004354 0.949312 0.314306  0.956055 0.004395 1 0 1.000000
interior
0  0.380699 -47.521420 85.781464  0.000000 0.000000 1.000000  0.755859 0.006836 1 0 1.000000
0  -0.180029 -48.160080 85.781464  0.000000 0.000000 1.000000  0.755859 0.006836 1 0 1.000000
0  0.380699 -48.160080 85.781464  0.000000 0.000000 1.000000  0.755859 0.006836 1 0 1.000000
interior
0  -0.180029 -47.521420 85.781464  0.000000 0.000000 1.000000  0.755859 0.006836 1 0 1.000000
0  -0.180029 -48.160080 85.781464  0.000000 0.000000 1.000000  0.755859 0.006836 1 0 1.000000
0  0.380699 -47.521420 85.781464  0.000000 0.000000 1.000000  0.755859 0.006836 1 0 1.000000
interior
0  22.559793 -40.968075 57.292255  -1.000000 0.000092 -0.000252  0.956543 0.005859 1 0 1.000000
0  22.561913 -26.484430 54.178864  -1.000000 0.000042 -0.000486  0.956543 0.005859 1 0 1.000000
0  22.552576 -39.105808 45.968277  -1.000000 0.000294 0.000686  0.956543 0.006348 1 0 1.000000
interior
0  22.556637 -28.385128 58.143158  -0.999999 -0.000156 -0.001406  0.956543 0.005859 1 0 1.000000
0  22.561913 -26.484430 54.178864  -1.000000 0.000006 -0.000656  0.956543 0.005859 1 0 1.000000
0  22.559793 -40.968075 57.292255  -1.000000 0.000066 -0.000374  0.956543 0.005859 1 0 1.000000
interior
0  17.752136 -29.900848 60.310844  0.020556 0.681623 -0.731415  0.768555 0.008301 1 0 1.000000
0  17.936911 -29.784853 60.792374  0.485047 0.866137 0.120568  0.768555 0.008301 1 0 1.000000
0  19.425030 -30.994839 59.766624  0.012110 0.702147 -0.711929  0.768066 0.008301 1 0 1.000000
interior
0  17.936911 -29.784853 60.792374  0.485047 0.866137 0.120568  0.768555 0.008301 1 0 1.000000
0  17.752136 -29.900848 60.310844  0.020556 0.681623 -0.731415  0.768555 0.008301 1 0 1.000000
0  16.696796 -29.401003 61.159714  0.199481 0.932498 -0.301089  0.768555 0.008301 1 0 1.000000
interior
0  16.562939 -29.485027 60.810772  0.199497 0.932500 -0.301072  0.768555 0.008301 1 0 1.000000
0  16.696796 -29.401003 61.159714  0.199481 0.932498 -0.301089  0.768555 0.008301 1 0 1.000000
0  17.752136 -29.900848 60.310844  0.020556 0.681623 -0.731415  0.768555 0.008301 1 0 1.000000
interior
0  20.646877 -31.296066 56.151314  -0.917269 0.311837 -0.247741  0.768066 0.008789 1 0 1.000000
0  20.538322 -31.689604 56.057869  -0.917268 0.311840 -0.247740  0.768066 0.008789 1 0 1.000000
0  19.679169 -31.605131 59.345253  -0.826666 0.335308 -0.451877  0.768066 0.008789 1 0 1.000000
interior
0  19.679169 -31.605131 59.345253  -0.826666 0.335308 -0.451877  0.768066 0.008789 1 0 1.000000
0  19.792459 -31.194317 59.442802  -0.472552 0.731221 -0.491945  0.768066 0.008301 1 0 1.000000
0  20.646877 -31.296066 56.151314  -0.917269 0.311837 -0.247741  0.768066 0.008789 1 0 1.000000
interior
0  19.679169 -31.605131 59.345253  -0.826666 0.335308 -0.451877  0.768066 0.008789 1 0 1.000000
0  19.307003 -31.422838 59.664967  -0.400307 0.314793 -0.860616  0.768066 0.008301 1 0 1.000000
0  19.792459 -31.194317 59.442802  -0.472552 0.731221 -0.491945  0.768066 0.008301 1 0 1.000000
interior
0  19.307003 -31.422838 59.664967  -0.400307 0.314793 -0.860616  0.768066 0.008301 1 0 1.000000
0  19.425030 -30.994839 59.766624  0.012110 0.702147 -0.711929  0.768066 0.008301 1 0 1.000000
0  19.792459 -31.194317 59.442802  -0.472552 0.731221 -0.491945  0.768066 0.008301 1 0 1.000000
interior
0  19.307003 -31.422838 59.664967  -0.400307 0.314793 -0.860616  0.768066 0.008301 1 0 1.000000
0  17.615166 -30.450710 60.192860  -0.194169 0.259925 -0.945906  0.768555 0.008301 1 0 1.000000
0  19.425030 -30.994839 59.766624  0.012110 0.702147 -0.711929  0.768066 0.008301 1 0 1.000000
interior
0  17.615166 -30.450710 60.192860  -0.194169 0.259925 -0.945906  0.768555 0.008301 1 0 1.000000
0  17.752136 -29.900848 60.310844  0.020556 0.681623 -0.731415  0.768555 0.008301 1 0 1.000000
0  19.425030 -30.994839 59.766624  0.012110 0.702147 -0.711929  0.768066 0.008301 1 0 1.000000
interior
0  17.615166 -30.450710 60.192860  -0.194169 0.259925 -0.945906  0.768555 0.008301 1 0 1.000000
0  16.463673 -29.845016 60.725269  -0.282749 0.281435 -0.916977  0.768555 0.008301 1 0 1.000000
0  17.752136 -29.900848 60.310844  0.020556 0.681623 -0.731415  0.768555 0.008301 1 0 1.000000
interior
0  16.463673 -29.845016 60.725269  -0.282749 0.281435 -0.916977  0.768555 0.008301 1 0 1.000000
0  16.562939 -29.485027 60.810772  -0.281044 0.294443 -0.913410  0.768555 0.008301 1 0 1.000000
0  17.752136 -29.900848 60.310844  0.020556 0.681623 -0.731415  0.768555 0.008301 1 0 1.000000
interior
0  23.188307 -31.851330 56.148335  0.231475 0.921872 -0.310761  0.767578 0.008789 1 0 1.000000
0  23.054722 -31.935173 55.800121  0.197983 0.899382 -0.389761  0.767578 0.009277 1 0 1.000000
0  21.020847 -31.204149 56.453754  -0.037562 0.964365 -0.261897  0.768066 0.008789 1 0 1.000000
interior
0  20.646877 -31.296066 56.151314  -0.008346 0.959579 -0.281316  0.768066 0.008789 1 0 1.000000
0  21.020847 -31.204149 56.453754  -0.037668 0.964374 -0.261847  0.768066 0.008789 1 0 1.000000
0  23.054722 -31.935173 55.800121  0.197981 0.899382 -0.389764  0.767578 0.009277 1 0 1.000000
interior
0  21.020847 -31.204149 56.453754  -0.037668 0.964374 -0.261847  0.768066 0.008789 1 0 1.000000
0  20.646877 -31.296066 56.151314  -0.008346 0.959579 -0.281316  0.768066 0.008789 1 0 1.000000
0  19.792459 -31.194317 59.442802  -0.472552 0.731221 -0.491945  0.768066 0.008301 1 0 1.000000
interior
0  19.792459 -31.194317 59.442802  -0.472552 0.731221 -0.491945  0.768066 0.008301 1 0 1.000000
0  20.057016 -31.038000 59.769871  0.446723 0.893660 -0.042542  0.768066 0.008301 1 0 1.000000
0  21.020847 -31.204149 56.453754  -0.037668 0.964374 -0.261847  0.768066 0.008789 1 0 1.000000
interior
0  19.792459 -31.194317 59.442802  -0.472552 0.731221 -0.491945  0.768066 0.008301 1 0 1.000000
0  19.425030 -30.994839 59.766624  0.012110 0.702147 -0.711929  0.768066 0.008301 1 0 1.000000
0  20.057016 -31.038000 59.769871  0.446723 0.893660 -0.042542  0.768066 0.008301 1 0 1.000000
interior
0  19.425030 -30.994839 59.766624  0.012110 0.702147 -0.711929  0.768066 0.008301 1 0 1.000000
0  19.678087 -30.857510 60.181541  0.539850 0.830706 0.135979  0.768066 0.008301 1 0 1.000000
0  20.057016 -31.038000 59.769871  0.446723 0.893660 -0.042542  0.768066 0.008301 1 0 1.000000
interior
0  19.678087 -30.857510 60.181541  0.539850 0.830706 0.135979  0.768066 0.008301 1 0 1.000000
0  19.425030 -30.994839 59.766624  0.012110 0.702147 -0.711929  0.768066 0.008301 1 0 1.000000
0  17.936911 -29.784853 60.792374  0.485047 0.866137 0.120568  0.768555 0.008301 1 0 1.000000
interior
0  19.719219 -31.185570 60.494762  0.599601 0.590698 0.539958  0.768066 0.008301 1 0 1.000000
0  19.678087 -30.857510 60.181541  0.539850 0.830706 0.135979  0.768066 0.008301 1 0 1.000000
0  17.936911 -29.784853 60.792374  0.485047 0.866137 0.120568  0.768555 0.008301 1 0 1.000000
interior
0  17.936911 -29.784853 60.792374  0.485047 0.866137 0.120568  0.768555 0.008301 1 0 1.000000
0  17.984625 -30.165680 61.155972  0.453983 0.644405 0.615339  0.768555 0.008301 1 0 1.000000
0  19.719219 -31.185570 60.494762  0.599601 0.590698 0.539958  0.768066 0.008301 1 0 1.000000
interior
0  17.984625 -30.165680 61.155972  0.453983 0.644405 0.615339  0.768555 0.008301 1 0 1.000000
0  17.936911 -29.784853 60.792374  0.485047 0.866137 0.120568  0.768555 0.008301 1 0 1.000000
0  16.696796 -29.401003 61.159714  0.393796 0.660081 0.639701  0.768555 0.008301 1 0 1.000000
interior
0  16.696796 -29.401003 61.159714  0.393796 0.660081 0.639701  0.768555 0.008301 1 0 1.000000
0  16.731386 -29.676931 61.423145  0.393795 0.660076 0.639708  0.768555 0.008301 1 0 1.000000
0  17.984625 -30.165680 61.155972  0.453983 0.644405 0.615339  0.768555 0.008301 1 0 1.000000
interior
0  21.020847 -31.204149 56.453754  0.904833 0.347817 0.245562  0.768066 0.008789 1 0 1.000000
0  20.057016 -31.038000 59.769871  0.446723 0.893660 -0.042542  0.768066 0.008301 1 0 1.000000
0  21.058641 -31.505871 56.741852  0.834762 0.491583 0.248028  0.768066 0.008789 1 0 1.000000
interior
0  20.057016 -31.038000 59.769871  0.446723 0.893660 -0.042542  0.768066 0.008301 1 0 1.000000
0  20.236288 -31.352934 60.001003  0.720896 0.601533 0.344189  0.768066 0.008301 1 0 1.000000
0  21.058641 -31.505871 56.741852  0.834762 0.491583 0.248028  0.768066 0.008789 1 0 1.000000
interior
0  20.057016 -31.038000 59.769871  0.446723 0.893660 -0.042542  0.768066 0.008301 1 0 1.000000
0  19.678087 -30.857510 60.181541  0.539850 0.830706 0.135979  0.768066 0.008301 1 0 1.000000
0  20.236288 -31.352934 60.001003  0.720896 0.601533 0.344189  0.768066 0.008301 1 0 1.000000
interior
0  19.678087 -30.857510 60.181541  0.539850 0.830706 0.135979  0.768066 0.008301 1 0 1.000000
0  19.719219 -31.185570 60.494762  0.599601 0.590698 0.539958  0.768066 0.008301 1 0 1.000000
0  20.236288 -31.352934 60.001003  0.720896 0.601533 0.344189  0.768066 0.008301 1 0 1.000000
interior
0  -5.316833 -29.377375 49.483459  0.671220 0.703461 0.233679  0.754883 0.195313 1 0 1.000000
0  -10.515647 -24.885324 50.893784  0.669278 0.704081 0.237356  0.559082 0.193848 1 0 1.000000
0  -5.460657 -30.934404 54.583817  0.669827 0.703907 0.236318  0.750488 0.348145 1 0 1.000000
interior
0  -10.548344 -26.587175 55.979797  0.667852 0.704525 0.240037  0.559082 0.347656 1 0 1.000000
0  -5.460657 -30.934404 54.583817  0.669827 0.703907 0.236318  0.750488 0.348145 1 0 1.000000
0  -10.515647 -24.885324 50.893784  0.669278 0.704081 0.237356  0.559082 0.193848 1 0 1.000000
interior
0  -5.530787 -31.155445 55.263653  0.657224 0.716139 0.234949  0.538086 0.371094 1 0 1.000000
0  -10.623343 -26.988070 56.806664  0.661845 0.714137 0.227967  0.750977 0.369629 1 0 1.000000
0  -5.577014 -33.309509 61.958660  0.661982 0.714077 0.227759  0.538086 0.584717 1 0 1.000000
interior
0  -10.640662 -28.995335 63.335922  0.666622 0.711988 0.220652  0.753906 0.583984 1 0 1.000000
0  -5.577014 -33.309509 61.958660  0.661982 0.714077 0.227759  0.538086 0.584717 1 0 1.000000
0  -10.623343 -26.988070 56.806664  0.661845 0.714137 0.227967  0.750977 0.369629 1 0 1.000000
interior
0  43.764870 -29.818316 52.248356  -0.039508 0.948550 0.314153  0.579590 0.067383 1 0 1.000000
0  37.812664 -30.040253 52.169926  -0.044020 0.946667 0.319192  0.732910 0.067383 1 0 1.000000
0  43.599937 -31.353519 56.862988  -0.042976 0.947107 0.318027  0.583496 0.192871 1 0 1.000000
interior
0  37.672626 -31.607567 56.734497  -0.047515 0.945177 0.323084  0.736816 0.191895 1 0 1.000000
0  43.599937 -31.353519 56.862988  -0.042976 0.947107 0.318027  0.583496 0.192871 1 0 1.000000
0  37.812664 -30.040253 52.169926  -0.044020 0.946667 0.319192  0.732910 0.067383 1 0 1.000000
interior
0  43.741283 -32.173840 57.101116  0.019734 0.947837 0.318144  0.805664 0.582275 1 0 1.000000
0  37.674793 -32.021088 57.022327  0.005214 0.941019 0.338314  0.802734 0.305176 1 0 1.000000
0  43.578472 -33.412785 60.802338  0.005230 0.941027 0.338292  0.997070 0.576416 1 0 1.000000
interior
0  37.616524 -33.434704 60.704834  -0.009291 0.933586 0.358233  0.996582 0.304688 1 0 1.000000
0  43.578472 -33.412785 60.802338  0.005230 0.941027 0.338292  0.997070 0.576416 1 0 1.000000
0  37.674793 -32.021088 57.022327  0.005214 0.941019 0.338314  0.802734 0.305176 1 0 1.000000
interior
0  1.251396 -31.352936 53.137867  0.017165 0.951871 0.306018  0.504883 0.326172 1 0 1.000000
0  1.277780 -32.925934 58.029232  0.015055 0.952977 0.302669  0.503418 0.451660 1 0 1.000000
0  9.860400 -31.494329 53.094795  0.015065 0.952972 0.302685  0.279053 0.325684 1 0 1.000000
interior
0  9.866940 -33.041569 58.025944  0.012959 0.954060 0.299335  0.278320 0.452148 1 0 1.000000
0  9.860400 -31.494329 53.094795  0.015065 0.952972 0.302685  0.279053 0.325684 1 0 1.000000
0  1.277780 -32.925934 58.029232  0.015055 0.952977 0.302669  0.503418 0.451660 1 0 1.000000
interior
0  16.411264 -31.339676 54.902493  -0.005043 0.944484 0.328519  0.657227 0.347656 1 0 1.000000
0  16.331934 -29.420174 49.382751  0.000101 0.943372 0.331736  0.659180 0.204590 1 0 1.000000
0  12.482696 -31.349421 54.870205  -0.001751 0.943777 0.330579  0.753906 0.347168 1 0 1.000000
interior
0  12.568160 -29.407909 49.384418  0.003219 0.942681 0.333680  0.751465 0.204590 1 0 1.000000
0  12.482696 -31.349421 54.870205  -0.001751 0.943777 0.330579  0.753906 0.347168 1 0 1.000000
0  16.331934 -29.420174 49.382751  0.000101 0.943372 0.331736  0.659180 0.204590 1 0 1.000000
interior
0  10.005848 -30.945007 51.625889  0.015508 0.926038 0.377113  0.277344 0.323730 1 0 1.000000
0  10.006298 -30.018112 49.349785  0.011209 0.931801 0.362796  0.277344 0.255371 1 0 1.000000
0  1.235160 -30.813316 51.663189  0.011206 0.931806 0.362785  0.520508 0.323730 1 0 1.000000
interior
0  1.235836 -29.917585 49.253315  0.006911 0.937322 0.348396  0.520508 0.252441 1 0 1.000000
0  1.235160 -30.813316 51.663189  0.011206 0.931806 0.362785  0.520508 0.323730 1 0 1.000000
0  10.006298 -30.018112 49.349785  0.011209 0.931801 0.362796  0.277344 0.255371 1 0 1.000000
interior
0  10.523460 -29.678646 48.544117  0.010050 0.946745 0.321828  0.754395 0.012207 1 0 1.000000
0  0.442753 -29.565218 48.525227  0.009741 0.945546 0.325342  0.755859 0.012207 1 0 1.000000
0  10.516200 -29.930166 49.284256  0.009749 0.945579 0.325246  0.754395 0.012207 1 0 1.000000
interior
0  0.439235 -29.788645 49.167133  0.009442 0.944368 0.328754  0.755859 0.012207 1 0 1.000000
0  10.516200 -29.930166 49.284256  0.009749 0.945579 0.325246  0.754395 0.012207 1 0 1.000000
0  0.442753 -29.565218 48.525227  0.009741 0.945546 0.325342  0.755859 0.012207 1 0 1.000000
interior
0  0.576925 -30.025553 48.074623  0.006456 0.700462 -0.713660  0.755859 0.012207 1 0 1.000000
0  0.442753 -29.565218 48.525227  0.007964 0.714440 -0.699652  0.755859 0.012207 1 0 1.000000
0  10.338730 -30.149309 48.041477  0.007969 0.714439 -0.699652  0.754395 0.012207 1 0 1.000000
interior
0  10.523460 -29.678646 48.544117  0.009478 0.728172 -0.685329  0.754395 0.012207 1 0 1.000000
0  10.338730 -30.149309 48.041477  0.007969 0.714443 -0.699648  0.754395 0.012207 1 0 1.000000
0  0.442753 -29.565218 48.525227  0.007966 0.714443 -0.699648  0.755859 0.012207 1 0 1.000000
interior
0  0.570882 -30.410120 49.187332  -0.012641 0.029807 0.999476  0.755859 0.012207 1 0 1.000000
0  10.175423 -30.697409 49.317360  -0.011788 0.038875 0.999175  0.754395 0.012207 1 0 1.000000
0  0.439235 -29.788645 49.167133  -0.011788 0.038890 0.999174  0.755859 0.012207 1 0 1.000000
interior
0  10.516200 -29.930166 49.284256  -0.010935 0.047951 0.998790  0.754395 0.012207 1 0 1.000000
0  0.439235 -29.788645 49.167133  -0.011788 0.038890 0.999174  0.755859 0.012207 1 0 1.000000
0  10.175423 -30.697409 49.317360  -0.011788 0.038875 0.999175  0.754395 0.012207 1 0 1.000000
interior
0  16.344971 -32.179710 57.244808  0.055352 0.946200 0.318812  0.805664 0.582275 1 0 1.000000
0  10.741836 -31.829958 57.179592  0.040588 0.939899 0.339031  0.802734 0.305176 1 0 1.000000
0  16.156363 -33.322140 60.668171  0.040632 0.939919 0.338972  0.997070 0.576416 1 0 1.000000
interior
0  10.643923 -33.137455 60.585415  0.025871 0.933007 0.358926  0.996582 0.304688 1 0 1.000000
0  16.156363 -33.322140 60.668171  0.040632 0.939919 0.338972  0.997070 0.576416 1 0 1.000000
0  10.741836 -31.829958 57.179592  0.040588 0.939899 0.339031  0.802734 0.305176 1 0 1.000000
interior
0  -33.283165 -31.553410 57.397480  0.017713 0.897801 0.440044  0.805664 0.582275 1 0 1.000000
0  -38.894596 -31.397097 57.304436  0.003049 0.888412 0.459037  0.802734 0.305176 1 0 1.000000
0  -33.458424 -33.139263 60.640079  0.003064 0.888422 0.459017  0.997070 0.576416 1 0 1.000000
interior
0  -38.973026 -33.140972 60.509331  -0.011599 0.878445 0.477703  0.996582 0.304688 1 0 1.000000
0  -33.458424 -33.139263 60.640079  0.003064 0.888422 0.459017  0.997070 0.576416 1 0 1.000000
0  -38.894596 -31.397097 57.304436  0.003049 0.888412 0.459037  0.802734 0.305176 1 0 1.000000
interior
0  38.736938 -2.990647 37.809860  0.000000 0.055790 0.998443  0.740234 0.175781 1 0 1.000000
0  14.087305 -2.990649 37.809864  0.000000 0.055790 0.998443  0.858398 0.175781 1 0 1.000000
0  38.296085 -15.083853 38.485592  0.000028 0.058566 0.998284  0.742188 0.118164 1 0 1.000000
interior
0  14.347035 -15.584329 38.516308  0.000060 0.058391 0.998294  0.856934 0.115723 1 0 1.000000
0  38.296085 -15.083853 38.485592  0.000028 0.058591 0.998282  0.742188 0.118164 1 0 1.000000
0  14.087305 -2.990649 37.809864  0.000110 0.056009 0.998430  0.858398 0.175781 1 0 1.000000
interior
0  15.997787 -20.996374 38.848560  -0.000000 0.061277 0.998121  0.849121 0.089355 1 0 1.000000
0  38.296085 -15.083853 38.485592  0.000028 0.058591 0.998282  0.742188 0.118164 1 0 1.000000
0  14.347035 -15.584329 38.516308  0.000060 0.058391 0.998294  0.856934 0.115723 1 0 1.000000
interior
0  38.296085 -15.083853 38.485592  0.000028 0.058591 0.998282  0.742188 0.118164 1 0 1.000000
0  15.997787 -20.996374 38.848560  -0.000000 0.061277 0.998121  0.849121 0.089355 1 0 1.000000
0  37.172012 -20.601931 38.824337  0.000000 0.061275 0.998121  0.747559 0.091309 1 0 1.000000
interior
0  19.711321 -23.316093 38.990986  0.000000 0.061283 0.998120  0.831543 0.078125 1 0 1.000000
0  37.172012 -20.601931 38.824337  0.000000 0.061275 0.998121  0.747559 0.091309 1 0 1.000000
0  15.997787 -20.996374 38.848560  -0.000000 0.061277 0.998121  0.849121 0.089355 1 0 1.000000
interior
0  33.537045 -23.316093 38.990982  0.000000 0.061282 0.998120  0.764648 0.078125 1 0 1.000000
0  37.172012 -20.601931 38.824337  0.000000 0.061275 0.998121  0.747559 0.091309 1 0 1.000000
0  19.711321 -23.316093 38.990986  0.000000 0.061283 0.998120  0.831543 0.078125 1 0 1.000000
interior
0  -47.584324 -45.178120 41.361629  1.000000 0.000840 -0.000000  0.766113 0.012695 1 0 1.000000
0  -47.584328 -45.178120 27.685371  1.000000 0.000840 -0.000000  0.766113 0.014160 1 0 1.000000
0  -47.593307 -34.501053 26.987764  1.000000 0.000840 -0.000000  0.766113 0.014160 1 0 1.000000
interior
0  16.463673 -29.845016 60.725269  -0.931881 0.182536 0.313493  0.768555 0.008301 1 0 1.000000
0  16.696796 -29.401003 61.159714  -0.931867 0.182554 0.313525  0.768555 0.008301 1 0 1.000000
0  16.562939 -29.485027 60.810772  -0.931874 0.182503 0.313534  0.768555 0.008301 1 0 1.000000
interior
0  16.632076 -30.036871 61.337631  -0.931865 0.182571 0.313522  0.768555 0.008301 1 0 1.000000
0  16.696796 -29.401003 61.159714  -0.931867 0.182554 0.313525  0.768555 0.008301 1 0 1.000000
0  16.463673 -29.845016 60.725269  -0.931881 0.182536 0.313493  0.768555 0.008301 1 0 1.000000
interior
0  16.731386 -29.676931 61.423145  -0.931823 0.182608 0.313624  0.768555 0.008301 1 0 1.000000
0  16.696796 -29.401003 61.159714  -0.931867 0.182554 0.313525  0.768555 0.008301 1 0 1.000000
0  16.632076 -30.036871 61.337631  -0.931865 0.182571 0.313522  0.768555 0.008301 1 0 1.000000
interior
0  37.172012 -20.601931 26.319506  0.729208 -0.684292 0.000009  0.850586 0.149414 1 0 1.000000
0  37.172012 -20.601931 38.824337  0.729208 -0.684292 -0.000007  0.850586 0.149414 1 0 1.000000
0  33.537045 -23.316093 26.325323  0.315339 -0.948979 0.000000  0.850586 0.149414 1 0 1.000000
interior
0  37.172012 -20.601931 38.824337  0.729208 -0.684292 -0.000007  0.850586 0.149414 1 0 1.000000
0  33.537045 -23.316093 38.990982  0.315009 -0.949089 -0.000010  0.850586 0.149414 1 0 1.000000
0  33.537045 -23.316093 26.325323  0.315339 -0.948979 0.000000  0.850586 0.149414 1 0 1.000000
interior
0  33.537045 -23.316093 26.325323  0.315339 -0.948979 0.000000  0.850586 0.149414 1 0 1.000000
0  33.537045 -23.316093 38.990982  0.315009 -0.949089 -0.000010  0.850586 0.149414 1 0 1.000000
0  19.711321 -23.316093 26.325323  -0.275652 -0.961258 0.000000  0.850586 0.149414 1 0 1.000000
interior
0  33.537045 -23.316093 38.990982  0.315009 -0.949089 -0.000010  0.850586 0.149414 1 0 1.000000
0  19.711321 -23.316093 38.990986  -0.275420 -0.961324 -0.000012  0.850586 0.149414 1 0 1.000000
0  19.711321 -23.316093 26.325323  -0.275652 -0.961258 0.000000  0.850586 0.149414 1 0 1.000000
interior
0  19.711321 -23.316093 38.990986  -0.275420 -0.961324 -0.000012  0.850586 0.149414 1 0 1.000000
0  15.997787 -20.996374 38.848560  -0.755264 -0.655421 -0.000006  0.850586 0.149414 1 0 1.000000
0  19.711321 -23.316093 26.325323  -0.275652 -0.961258 0.000000  0.850586 0.149414 1 0 1.000000
interior
0  15.997787 -20.996374 26.320366  -0.754855 -0.655891 -0.000012  0.850586 0.149414 1 0 1.000000
0  19.711321 -23.316093 26.325323  -0.275652 -0.961258 0.000000  0.850586 0.149414 1 0 1.000000
0  15.997787 -20.996374 38.848560  -0.755264 -0.655421 -0.000006  0.850586 0.149414 1 0 1.000000
interior
0  47.582405 -8.627988 85.992271  -1.000000 0.000059 -0.000417  0.755859 0.007813 1 0 1.000000
0  47.584335 19.120420 85.319511  -1.000000 0.000056 0.000077  0.755859 0.007813 1 0 1.000000
0  47.582809 -7.773705 85.145294  -1.000000 0.000060 0.000292  0.755859 0.007813 1 0 1.000000
interior
0  47.584335 22.431528 83.074844  -1.000000 0.000127 0.000104  0.755859 0.008301 1 0 1.000000
0  47.582809 -7.773705 85.145294  -1.000000 0.000060 0.000292  0.755859 0.007813 1 0 1.000000
0  47.584335 19.120420 85.319511  -1.000000 0.000056 0.000077  0.755859 0.007813 1 0 1.000000
interior
0  47.584335 22.431528 83.074844  -1.000000 0.000127 0.000104  0.755859 0.008301 1 0 1.000000
0  47.573563 -7.883161 26.937557  -1.000000 0.000261 0.000051  0.755859 0.014160 1 0 1.000000
0  47.582809 -7.773705 85.145294  -1.000000 0.000060 0.000292  0.755859 0.007813 1 0 1.000000
interior
0  47.584332 22.431528 27.685364  -1.000000 0.000355 0.000000  0.755859 0.014160 1 0 1.000000
0  47.573563 -7.883161 26.937557  -1.000000 0.000261 0.000051  0.755859 0.014160 1 0 1.000000
0  47.584335 22.431528 83.074844  -1.000000 0.000127 0.000104  0.755859 0.008301 1 0 1.000000
interior
0  29.695114 -31.510469 56.497589  0.245653 -0.942244 -0.227663  0.766602 0.008789 1 0 1.000000
0  33.955753 -30.703989 57.757008  0.263254 -0.938887 -0.221784  0.766113 0.008789 1 0 1.000000
0  29.494598 -31.738899 57.226627  -0.027607 -0.874725 0.483832  0.766602 0.008789 1 0 1.000000
interior
0  33.678432 -31.019917 58.765259  0.054777 -0.858383 0.510077  0.766113 0.008789 1 0 1.000000
0  29.494598 -31.738899 57.226627  -0.027607 -0.874725 0.483832  0.766602 0.008789 1 0 1.000000
0  33.955753 -30.703989 57.757008  0.263254 -0.938887 -0.221784  0.766113 0.008789 1 0 1.000000
interior
0  33.514996 -30.427258 58.905975  -0.244430 -0.287313 0.926124  0.766113 0.008789 1 0 1.000000
0  29.494598 -31.738899 57.226627  -0.027607 -0.874725 0.483832  0.766602 0.008789 1 0 1.000000
0  33.678432 -31.019917 58.765259  0.054777 -0.858383 0.510077  0.766113 0.008789 1 0 1.000000
interior
0  33.678432 -31.019917 58.765259  0.054777 -0.858383 0.510077  0.766113 0.008789 1 0 1.000000
0  35.010098 -30.206627 59.224697  -0.162442 -0.270136 0.949020  0.766113 0.008789 1 0 1.000000
0  33.514996 -30.427258 58.905975  -0.244430 -0.287313 0.926124  0.766113 0.008789 1 0 1.000000
interior
0  35.010098 -30.206627 59.224697  -0.162442 -0.270136 0.949020  0.766113 0.008789 1 0 1.000000
0  33.678432 -31.019917 58.765259  0.054777 -0.858383 0.510077  0.766113 0.008789 1 0 1.000000
0  35.128490 -30.636070 59.122723  -0.162438 -0.270138 0.949020  0.766113 0.008789 1 0 1.000000
interior
0  29.494598 -31.738899 57.226627  -0.027607 -0.874725 0.483832  0.766602 0.008789 1 0 1.000000
0  33.514996 -30.427258 58.905975  -0.244430 -0.287313 0.926124  0.766113 0.008789 1 0 1.000000
0  29.376392 -31.310406 57.328373  -0.284692 -0.295101 0.912067  0.766602 0.008789 1 0 1.000000
interior
0  33.955753 -30.703989 57.757008  0.263254 -0.938887 -0.221784  0.766113 0.008789 1 0 1.000000
0  35.329453 -30.407143 58.392197  0.298204 -0.931168 -0.209764  0.766113 0.008789 1 0 1.000000
0  33.678432 -31.019917 58.765259  0.054777 -0.858383 0.510077  0.766113 0.008789 1 0 1.000000
interior
0  35.128490 -30.636070 59.122723  0.298202 -0.931167 -0.209772  0.766113 0.008789 1 0 1.000000
0  33.678432 -31.019917 58.765259  0.054777 -0.858383 0.510077  0.766113 0.008789 1 0 1.000000
0  35.329453 -30.407143 58.392197  0.298204 -0.931168 -0.209764  0.766113 0.008789 1 0 1.000000
interior
0  23.174011 -31.278387 55.914944  0.061001 -0.321863 0.944819  0.767578 0.008789 1 0 1.000000
0  23.230385 -31.136770 55.959553  0.060983 -0.321892 0.944810  0.767578 0.008789 1 0 1.000000
0  22.476448 -30.971207 56.064632  0.061113 -0.321686 0.944872  0.767578 0.008789 1 0 1.000000
interior
0  22.476448 -30.971207 56.064632  0.061113 -0.321686 0.944872  0.767578 0.008789 1 0 1.000000
0  22.420074 -31.112822 56.020073  0.061131 -0.321657 0.944881  0.767578 0.008789 1 0 1.000000
0  23.174011 -31.278387 55.914944  0.061001 -0.321863 0.944819  0.767578 0.008789 1 0 1.000000
interior
0  13.082116 8.924049 52.158432  -0.982715 0.168537 0.076599  0.026718 0.454102 1 0 1.000000
0  16.308392 11.718851 61.111008  -0.960670 0.178619 0.212622  0.041321 0.504883 1 0 1.000000
0  14.257061 10.926310 52.153877  -0.592703 0.799648 -0.096264  0.032043 0.454102 1 0 1.000000
interior
0  14.257061 10.926310 52.153877  -0.592703 0.799648 -0.096264  0.032043 0.454102 1 0 1.000000
0  14.639103 8.653945 43.463417  -0.488617 0.843737 -0.222175  0.033752 0.406250 1 0 1.000000
0  13.082116 8.924049 52.158432  -0.982715 0.168537 0.076599  0.026718 0.454102 1 0 1.000000
interior
0  13.535010 6.779951 43.444927  -0.949082 0.258618 -0.179887  0.028778 0.406250 1 0 1.000000
0  13.082116 8.924049 52.158432  -0.982715 0.168537 0.076599  0.026718 0.454102 1 0 1.000000
0  14.639103 8.653945 43.463417  -0.488617 0.843737 -0.222175  0.033752 0.406250 1 0 1.000000
interior
0  14.639103 8.653945 43.463417  -0.488617 0.843737 -0.222175  0.033752 0.406250 1 0 1.000000
0  16.170473 8.314207 37.809864  -0.484023 0.856614 -0.178700  0.040680 0.375000 1 0 1.000000
0  13.535010 6.779951 43.444927  -0.949082 0.258618 -0.179887  0.028778 0.406250 1 0 1.000000
interior
0  15.053932 6.463529 37.809864  -0.970298 0.220601 -0.099281  0.035645 0.375000 1 0 1.000000
0  13.535010 6.779951 43.444927  -0.949082 0.258618 -0.179887  0.028778 0.406250 1 0 1.000000
0  16.170473 8.314207 37.809864  -0.484023 0.856614 -0.178700  0.040680 0.375000 1 0 1.000000
interior
0  34.393536 14.546576 65.614693  0.458265 0.867633 0.192890  0.050903 0.518066 1 0 1.000000
0  35.621250 12.685391 66.384056  0.809607 0.323571 0.489733  0.045349 0.520020 1 0 1.000000
0  36.515808 11.718853 61.111004  0.945284 0.277802 0.171069  0.041321 0.504883 1 0 1.000000
interior
0  34.393536 14.546576 65.614693  0.458265 0.867633 0.192890  0.050903 0.518066 1 0 1.000000
0  34.545162 12.962937 67.227196  0.226707 0.725922 0.649339  0.050232 0.524658 1 0 1.000000
0  35.621250 12.685391 66.384056  0.809607 0.323571 0.489733  0.045349 0.520020 1 0 1.000000
interior
0  34.393536 14.546576 65.614693  0.458265 0.867633 0.192890  0.050903 0.518066 1 0 1.000000
0  26.412096 14.642865 65.796577  -0.000002 0.744973 0.667094  0.087036 0.521240 1 0 1.000000
0  34.545162 12.962937 67.227196  0.226707 0.725922 0.649339  0.050232 0.524658 1 0 1.000000
interior
0  26.412096 12.960635 67.852150  -0.000000 0.773884 0.633327  0.087036 0.528076 1 0 1.000000
0  34.545162 12.962937 67.227196  0.226707 0.725922 0.649339  0.050232 0.524658 1 0 1.000000
0  26.412096 14.642865 65.796577  -0.000002 0.744973 0.667094  0.087036 0.521240 1 0 1.000000
interior
0  26.412096 12.960635 67.852150  -0.000000 0.773884 0.633327  0.087036 0.528076 1 0 1.000000
0  26.412096 14.642865 65.796577  -0.000002 0.744973 0.667094  0.087036 0.521240 1 0 1.000000
0  18.279079 12.962937 67.227196  -0.226698 0.725892 0.649376  0.050232 0.524658 1 0 1.000000
interior
0  18.279079 12.962937 67.227196  -0.226698 0.725892 0.649376  0.050232 0.524658 1 0 1.000000
0  26.412096 14.642865 65.796577  -0.000002 0.744973 0.667094  0.087036 0.521240 1 0 1.000000
0  18.430706 14.546576 65.614693  -0.458264 0.867633 0.192891  0.050903 0.518066 1 0 1.000000
interior
0  17.202995 12.685391 66.384056  -0.809604 0.323572 0.489737  0.045349 0.520020 1 0 1.000000
0  18.279079 12.962937 67.227196  -0.226698 0.725892 0.649376  0.050232 0.524658 1 0 1.000000
0  18.430706 14.546576 65.614693  -0.458264 0.867633 0.192891  0.050903 0.518066 1 0 1.000000
interior
0  17.202995 12.685391 66.384056  -0.809604 0.323572 0.489737  0.045349 0.520020 1 0 1.000000
0  18.430706 14.546576 65.614693  -0.458264 0.867633 0.192891  0.050903 0.518066 1 0 1.000000
0  16.308392 11.718851 61.111008  -0.960670 0.178619 0.212622  0.041321 0.504883 1 0 1.000000
interior
0  17.360666 13.513879 60.574226  -0.397226 0.908658 -0.128652  0.046082 0.501953 1 0 1.000000
0  16.308392 11.718851 61.111008  -0.960670 0.178619 0.212622  0.041321 0.504883 1 0 1.000000
0  18.430706 14.546576 65.614693  -0.458264 0.867633 0.192891  0.050903 0.518066 1 0 1.000000
interior
0  17.360666 13.513879 60.574226  -0.397226 0.908658 -0.128652  0.046082 0.501953 1 0 1.000000
0  14.257061 10.926310 52.153877  -0.592703 0.799648 -0.096264  0.032043 0.454102 1 0 1.000000
0  16.308392 11.718851 61.111008  -0.960670 0.178619 0.212622  0.041321 0.504883 1 0 1.000000
interior
0  14.257061 10.926310 52.153877  -0.592703 0.799648 -0.096264  0.032043 0.454102 1 0 1.000000
0  17.360666 13.513879 60.574226  -0.397226 0.908658 -0.128652  0.046082 0.501953 1 0 1.000000
0  26.412094 11.066031 52.101555  -0.000000 0.961849 -0.273581  0.086975 0.454102 1 0 1.000000
interior
0  26.412094 11.066031 52.101555  -0.000000 0.961849 -0.273581  0.086975 0.454102 1 0 1.000000
0  14.639103 8.653945 43.463417  -0.488617 0.843737 -0.222175  0.033752 0.406250 1 0 1.000000
0  14.257061 10.926310 52.153877  -0.592703 0.799648 -0.096264  0.032043 0.454102 1 0 1.000000
interior
0  26.412094 11.066031 52.101555  -0.000000 0.961849 -0.273581  0.086975 0.454102 1 0 1.000000
0  26.412094 8.805843 43.713581  -0.000002 0.987094 -0.160140  0.087036 0.407715 1 0 1.000000
0  14.639103 8.653945 43.463417  -0.488617 0.843737 -0.222175  0.033752 0.406250 1 0 1.000000
interior
0  14.639103 8.653945 43.463417  -0.488617 0.843737 -0.222175  0.033752 0.406250 1 0 1.000000
0  26.412094 8.805843 43.713581  -0.000002 0.987094 -0.160140  0.087036 0.407715 1 0 1.000000
0  16.170473 8.314207 37.809864  -0.484023 0.856614 -0.178700  0.040680 0.375000 1 0 1.000000
interior
0  26.412094 8.486221 37.809860  -0.000000 0.998538 -0.054060  0.087036 0.375000 1 0 1.000000
0  16.170473 8.314207 37.809864  -0.484023 0.856614 -0.178700  0.040680 0.375000 1 0 1.000000
0  26.412094 8.805843 43.713581  -0.000002 0.987094 -0.160140  0.087036 0.407715 1 0 1.000000
interior
0  26.412094 8.486221 37.809860  -0.000000 0.998538 -0.054060  0.087036 0.375000 1 0 1.000000
0  26.412094 8.805843 43.713581  -0.000002 0.987094 -0.160140  0.087036 0.407715 1 0 1.000000
0  36.653725 8.314209 37.809860  0.484025 0.856615 -0.178690  0.040680 0.375000 1 0 1.000000
interior
0  38.185135 8.653947 43.463413  0.488616 0.843737 -0.222177  0.033752 0.406250 1 0 1.000000
0  36.653725 8.314209 37.809860  0.484025 0.856615 -0.178690  0.040680 0.375000 1 0 1.000000
0  26.412094 8.805843 43.713581  -0.000002 0.987094 -0.160140  0.087036 0.407715 1 0 1.000000
interior
0  38.185135 8.653947 43.463413  0.488616 0.843737 -0.222177  0.033752 0.406250 1 0 1.000000
0  39.289230 6.779953 43.444923  0.949078 0.258622 -0.179905  0.028778 0.406250 1 0 1.000000
0  36.653725 8.314209 37.809860  0.484025 0.856615 -0.178690  0.040680 0.375000 1 0 1.000000
interior
0  37.770264 6.463531 37.809860  0.969941 0.220349 -0.103248  0.035645 0.375000 1 0 1.000000
0  36.653725 8.314209 37.809860  0.484025 0.856615 -0.178690  0.040680 0.375000 1 0 1.000000
0  39.289230 6.779953 43.444923  0.949078 0.258622 -0.179905  0.028778 0.406250 1 0 1.000000
interior
0  39.289230 6.779953 43.444923  0.949078 0.258622 -0.179905  0.028778 0.406250 1 0 1.000000
0  38.185135 8.653947 43.463413  0.488616 0.843737 -0.222177  0.033752 0.406250 1 0 1.000000
0  39.742123 8.924051 52.158428  0.961221 0.264214 0.079031  0.026718 0.454102 1 0 1.000000
interior
0  38.567181 10.926311 52.153873  0.592704 0.799647 -0.096263  0.032043 0.454102 1 0 1.000000
0  39.742123 8.924051 52.158428  0.961221 0.264214 0.079031  0.026718 0.454102 1 0 1.000000
0  38.185135 8.653947 43.463413  0.488616 0.843737 -0.222177  0.033752 0.406250 1 0 1.000000
interior
0  39.742123 8.924051 52.158428  0.961221 0.264214 0.079031  0.026718 0.454102 1 0 1.000000
0  38.567181 10.926311 52.153873  0.592704 0.799647 -0.096263  0.032043 0.454102 1 0 1.000000
0  36.515808 11.718853 61.111004  0.945284 0.277802 0.171069  0.041321 0.504883 1 0 1.000000
interior
0  35.463577 13.513879 60.574223  0.397233 0.908656 -0.128650  0.046082 0.501953 1 0 1.000000
0  36.515808 11.718853 61.111004  0.945284 0.277802 0.171069  0.041321 0.504883 1 0 1.000000
0  38.567181 10.926311 52.153873  0.592704 0.799647 -0.096263  0.032043 0.454102 1 0 1.000000
interior
0  34.393536 14.546576 65.614693  0.458265 0.867633 0.192890  0.050903 0.518066 1 0 1.000000
0  36.515808 11.718853 61.111004  0.945284 0.277802 0.171069  0.041321 0.504883 1 0 1.000000
0  35.463577 13.513879 60.574223  0.397233 0.908656 -0.128650  0.046082 0.501953 1 0 1.000000
interior
0  35.463577 13.513879 60.574223  0.397233 0.908656 -0.128650  0.046082 0.501953 1 0 1.000000
0  26.412096 13.714528 60.848473  0.000001 0.970677 -0.240386  0.087036 0.503662 1 0 1.000000
0  34.393536 14.546576 65.614693  0.458265 0.867633 0.192890  0.050903 0.518066 1 0 1.000000
interior
0  26.412096 14.642865 65.796577  -0.000000 0.982852 -0.184398  0.087036 0.521240 1 0 1.000000
0  34.393536 14.546576 65.614693  0.458265 0.867633 0.192890  0.050903 0.518066 1 0 1.000000
0  26.412096 13.714528 60.848473  0.000001 0.970677 -0.240386  0.087036 0.503662 1 0 1.000000
interior
0  26.412096 14.642865 65.796577  -0.000000 0.982852 -0.184398  0.087036 0.521240 1 0 1.000000
0  26.412096 13.714528 60.848473  0.000001 0.970677 -0.240386  0.087036 0.503662 1 0 1.000000
0  18.430706 14.546576 65.614693  -0.458264 0.867633 0.192891  0.050903 0.518066 1 0 1.000000
interior
0  17.360666 13.513879 60.574226  -0.397226 0.908658 -0.128652  0.046082 0.501953 1 0 1.000000
0  18.430706 14.546576 65.614693  -0.458264 0.867633 0.192891  0.050903 0.518066 1 0 1.000000
0  26.412096 13.714528 60.848473  0.000001 0.970677 -0.240386  0.087036 0.503662 1 0 1.000000
interior
0  26.412096 13.714528 60.848473  0.000001 0.970677 -0.240386  0.087036 0.503662 1 0 1.000000
0  26.412094 11.066031 52.101555  -0.000000 0.961849 -0.273581  0.086975 0.454102 1 0 1.000000
0  17.360666 13.513879 60.574226  -0.397226 0.908658 -0.128652  0.046082 0.501953 1 0 1.000000
interior
0  26.412096 13.714528 60.848473  0.000001 0.970677 -0.240386  0.087036 0.503662 1 0 1.000000
0  35.463577 13.513879 60.574223  0.397233 0.908656 -0.128650  0.046082 0.501953 1 0 1.000000
0  26.412094 11.066031 52.101555  -0.000000 0.961849 -0.273581  0.086975 0.454102 1 0 1.000000
interior
0  38.567181 10.926311 52.153873  0.592704 0.799647 -0.096263  0.032043 0.454102 1 0 1.000000
0  26.412094 11.066031 52.101555  -0.000000 0.961849 -0.273581  0.086975 0.454102 1 0 1.000000
0  35.463577 13.513879 60.574223  0.397233 0.908656 -0.128650  0.046082 0.501953 1 0 1.000000
interior
0  38.567181 10.926311 52.153873  0.592704 0.799647 -0.096263  0.032043 0.454102 1 0 1.000000
0  38.185135 8.653947 43.463413  0.488616 0.843737 -0.222177  0.033752 0.406250 1 0 1.000000
0  26.412094 11.066031 52.101555  -0.000000 0.961849 -0.273581  0.086975 0.454102 1 0 1.000000
interior
0  26.412094 8.805843 43.713581  -0.000002 0.987094 -0.160140  0.087036 0.407715 1 0 1.000000
0  26.412094 11.066031 52.101555  -0.000000 0.961849 -0.273581  0.086975 0.454102 1 0 1.000000
0  38.185135 8.653947 43.463413  0.488616 0.843737 -0.222177  0.033752 0.406250 1 0 1.000000
interior
0  29.637299 -26.402668 64.676933  -0.567748 0.036723 -0.822383  0.957031 0.010742 1 0 1.000000
0  31.370445 -27.399471 63.435905  -0.662410 0.059818 -0.746750  0.958008 0.009766 1 0 1.000000
0  29.903658 -27.757788 64.546951  -0.387207 0.051762 -0.920539  0.957520 0.010254 1 0 1.000000
interior
0  31.140207 -25.973719 63.776367  -0.542263 0.783147 -0.304355  0.958008 0.010254 1 0 1.000000
0  31.370445 -27.399471 63.435905  -0.662410 0.059818 -0.746750  0.958008 0.009766 1 0 1.000000
0  29.637299 -26.402668 64.676933  -0.567748 0.036723 -0.822383  0.957031 0.010742 1 0 1.000000
interior
0  31.140207 -25.973719 63.776367  -0.542263 0.783147 -0.304355  0.958008 0.010254 1 0 1.000000
0  32.365032 -25.393961 62.559208  -0.629831 0.753057 -0.190310  0.958984 0.009277 1 0 1.000000
0  31.370445 -27.399471 63.435905  -0.662410 0.059818 -0.746750  0.958008 0.009766 1 0 1.000000
interior
0  31.370445 -27.399471 63.435905  -0.662410 0.059818 -0.746750  0.958008 0.009766 1 0 1.000000
0  32.365032 -25.393961 62.559208  -0.629831 0.753057 -0.190310  0.958984 0.009277 1 0 1.000000
0  33.381271 -26.342955 61.118671  -0.775354 0.112900 -0.621354  0.959473 0.008301 1 0 1.000000
interior
0  28.090679 -28.106951 64.933273  -0.157900 0.162455 -0.974000  0.956055 0.010742 1 0 1.000000
0  27.935535 -26.659874 65.217003  -0.215739 0.750735 -0.624382  0.956055 0.010742 1 0 1.000000
0  29.903658 -27.757788 64.546951  -0.387055 0.051842 -0.920598  0.957520 0.010254 1 0 1.000000
interior
0  29.637299 -26.402668 64.676933  -0.283038 0.929502 -0.236466  0.957031 0.010742 1 0 1.000000
0  29.903658 -27.757788 64.546951  -0.387055 0.051842 -0.920598  0.957520 0.010254 1 0 1.000000
0  27.935535 -26.659874 65.217003  -0.215739 0.750735 -0.624382  0.956055 0.010742 1 0 1.000000
interior
0  33.498981 -23.244312 58.054440  -0.746512 0.647189 0.154488  0.959473 0.006348 1 0 1.000000
0  33.451897 -23.830070 59.326801  -0.389916 0.841044 0.374981  0.959473 0.007324 1 0 1.000000
0  34.210796 -22.988373 58.215134  0.035489 0.904335 0.425345  0.959961 0.006836 1 0 1.000000
interior
0  34.212421 -23.567501 59.338482  0.035485 0.894324 0.446011  0.959961 0.007324 1 0 1.000000
0  34.210796 -22.988373 58.215134  0.035489 0.904335 0.425345  0.959961 0.006836 1 0 1.000000
0  33.451897 -23.830070 59.326801  -0.389916 0.841044 0.374981  0.959473 0.007324 1 0 1.000000
interior
0  34.212421 -23.567501 59.338482  0.035485 0.894324 0.446011  0.959961 0.007324 1 0 1.000000
0  33.451897 -23.830070 59.326801  -0.389916 0.841044 0.374981  0.959473 0.007324 1 0 1.000000
0  33.416264 -24.273088 60.289188  -0.503366 0.647093 0.572620  0.959473 0.007813 1 0 1.000000
interior
0  33.416264 -24.273088 60.289188  -0.503366 0.647093 0.572620  0.959473 0.007813 1 0 1.000000
0  33.996933 -24.152945 60.567322  0.001176 0.893150 0.449758  0.959961 0.008301 1 0 1.000000
0  34.212421 -23.567501 59.338482  0.035485 0.894324 0.446011  0.959961 0.007324 1 0 1.000000
interior
0  33.996933 -24.152945 60.567322  0.001176 0.893150 0.449758  0.959961 0.008301 1 0 1.000000
0  33.416264 -24.273088 60.289188  -0.503366 0.647093 0.572620  0.959473 0.007813 1 0 1.000000
0  33.174397 -24.792013 61.315800  -0.349326 0.885536 0.306264  0.959473 0.008301 1 0 1.000000
interior
0  33.174397 -24.792013 61.315800  -0.349326 0.885536 0.306264  0.959473 0.008301 1 0 1.000000
0  33.630718 -24.730495 61.686161  -0.002992 0.902720 0.430219  0.959473 0.008789 1 0 1.000000
0  33.996933 -24.152945 60.567322  0.001176 0.893150 0.449758  0.959961 0.008301 1 0 1.000000
interior
0  33.630718 -24.730495 61.686161  -0.002992 0.902720 0.430219  0.959473 0.008789 1 0 1.000000
0  33.174397 -24.792013 61.315800  -0.349326 0.885536 0.306264  0.959473 0.008301 1 0 1.000000
0  32.365032 -25.393961 62.559208  -0.629831 0.753057 -0.190310  0.958984 0.009277 1 0 1.000000
interior
0  32.365032 -25.393961 62.559208  -0.629831 0.753057 -0.190310  0.958984 0.009277 1 0 1.000000
0  32.838085 -25.307276 62.996185  0.004895 0.905736 0.423815  0.958984 0.009766 1 0 1.000000
0  33.630718 -24.730495 61.686161  -0.002992 0.902720 0.430219  0.959473 0.008789 1 0 1.000000
interior
0  32.365032 -25.393961 62.559208  -0.629831 0.753057 -0.190310  0.958984 0.009277 1 0 1.000000
0  31.140207 -25.973719 63.776367  -0.542263 0.783147 -0.304355  0.958008 0.010254 1 0 1.000000
0  32.838085 -25.307276 62.996185  0.004895 0.905736 0.423815  0.958984 0.009766 1 0 1.000000
interior
0  31.525862 -25.925644 64.294434  0.000014 0.902813 0.430033  0.958496 0.010254 1 0 1.000000
0  32.838085 -25.307276 62.996185  0.004895 0.905736 0.423815  0.958984 0.009766 1 0 1.000000
0  31.140207 -25.973719 63.776367  -0.542263 0.783147 -0.304355  0.958008 0.010254 1 0 1.000000
interior
0  31.140207 -25.973719 63.776367  -0.542263 0.783147 -0.304355  0.958008 0.010254 1 0 1.000000
0  29.637299 -26.402668 64.676933  -0.283038 0.929502 -0.236466  0.957031 0.010742 1 0 1.000000
0  31.525862 -25.925644 64.294434  0.000014 0.902813 0.430033  0.958496 0.010254 1 0 1.000000
interior
0  29.637299 -26.402668 64.676933  -0.283038 0.929502 -0.236466  0.957031 0.010742 1 0 1.000000
0  29.900406 -26.389542 65.268417  0.000006 0.902816 0.430027  0.957520 0.010742 1 0 1.000000
0  31.525862 -25.925644 64.294434  0.000014 0.902813 0.430033  0.958496 0.010254 1 0 1.000000
interior
0  29.637299 -26.402668 64.676933  -0.283038 0.929502 -0.236466  0.957031 0.010742 1 0 1.000000
0  27.935535 -26.659874 65.217003  -0.215739 0.750735 -0.624382  0.956055 0.010742 1 0 1.000000
0  29.900406 -26.389542 65.268417  0.000006 0.902816 0.430027  0.957520 0.010742 1 0 1.000000
interior
0  28.059921 -26.667765 65.852509  0.000191 0.902822 0.430014  0.956055 0.011230 1 0 1.000000
0  29.900406 -26.389542 65.268417  0.000006 0.902816 0.430027  0.957520 0.010742 1 0 1.000000
0  27.935535 -26.659874 65.217003  -0.215739 0.750735 -0.624382  0.956055 0.010742 1 0 1.000000
interior
0  28.059921 -26.667765 65.852509  0.000191 0.902822 0.430014  0.956055 0.011230 1 0 1.000000
0  27.935535 -26.659874 65.217003  -0.215739 0.750735 -0.624382  0.956055 0.010742 1 0 1.000000
0  26.412100 -26.730093 65.364342  0.000001 0.771376 -0.636380  0.955078 0.010742 1 0 1.000000
interior
0  27.935535 -26.659874 65.217003  -0.215739 0.750735 -0.624382  0.956055 0.010742 1 0 1.000000
0  28.090679 -28.106951 64.933273  -0.157900 0.162455 -0.974000  0.956055 0.010742 1 0 1.000000
0  26.412100 -26.730093 65.364342  0.000001 0.771376 -0.636380  0.955078 0.010742 1 0 1.000000
interior
0  26.412100 -26.730093 65.364342  0.000001 0.771376 -0.636380  0.955078 0.010742 1 0 1.000000
0  28.090679 -28.106951 64.933273  -0.157900 0.162455 -0.974000  0.956055 0.010742 1 0 1.000000
0  26.412100 -28.209419 65.148407  0.000001 0.144438 -0.989514  0.955078 0.010742 1 0 1.000000
interior
0  26.412100 -28.209419 65.148407  0.000001 0.144438 -0.989514  0.955078 0.010742 1 0 1.000000
0  24.733528 -28.106951 64.933273  0.157903 0.162454 -0.974000  0.954102 0.010742 1 0 1.000000
0  26.412100 -26.730093 65.364342  0.000001 0.771376 -0.636380  0.955078 0.010742 1 0 1.000000
interior
0  24.888670 -26.659874 65.217003  0.215744 0.750732 -0.624385  0.954102 0.010742 1 0 1.000000
0  26.412100 -26.730093 65.364342  0.000001 0.771376 -0.636380  0.955078 0.010742 1 0 1.000000
0  24.733528 -28.106951 64.933273  0.157903 0.162454 -0.974000  0.954102 0.010742 1 0 1.000000
interior
0  24.733528 -28.106951 64.933273  0.157903 0.162454 -0.974000  0.954102 0.010742 1 0 1.000000
0  22.920595 -27.757788 64.546951  0.386549 0.052125 -0.920795  0.953125 0.010254 1 0 1.000000
0  24.888670 -26.659874 65.217003  0.215744 0.750732 -0.624385  0.954102 0.010742 1 0 1.000000
interior
0  23.186956 -26.402668 64.676933  0.283044 0.929500 -0.236465  0.953125 0.010742 1 0 1.000000
0  24.888670 -26.659874 65.217003  0.215744 0.750732 -0.624385  0.954102 0.010742 1 0 1.000000
0  22.920595 -27.757788 64.546951  0.386549 0.052125 -0.920795  0.953125 0.010254 1 0 1.000000
interior
0  29.900406 -26.389542 65.268417  0.000006 0.902816 0.430027  0.957520 0.010742 1 0 1.000000
0  30.163523 -26.857098 65.630974  0.198503 0.667918 0.717274  0.957520 0.011230 1 0 1.000000
0  31.525862 -25.925644 64.294434  0.000014 0.902813 0.430033  0.958496 0.010254 1 0 1.000000
interior
0  31.911509 -26.358198 64.583572  0.279413 0.693919 0.663631  0.958496 0.010742 1 0 1.000000
0  31.525862 -25.925644 64.294434  0.000014 0.902813 0.430033  0.958496 0.010254 1 0 1.000000
0  30.163523 -26.857098 65.630974  0.198503 0.667918 0.717274  0.957520 0.011230 1 0 1.000000
interior
0  31.525862 -25.925644 64.294434  0.000014 0.902813 0.430033  0.958496 0.010254 1 0 1.000000
0  31.911509 -26.358198 64.583572  0.279413 0.693919 0.663631  0.958496 0.010742 1 0 1.000000
0  32.838085 -25.307276 62.996185  0.004895 0.905736 0.423815  0.958984 0.009766 1 0 1.000000
interior
0  33.311142 -25.701181 63.204231  0.332057 0.739354 0.585742  0.959473 0.009766 1 0 1.000000
0  32.838085 -25.307276 62.996185  0.004895 0.905736 0.423815  0.958984 0.009766 1 0 1.000000
0  31.911509 -26.358198 64.583572  0.279413 0.693919 0.663631  0.958496 0.010742 1 0 1.000000
interior
0  32.838085 -25.307276 62.996185  0.004895 0.905736 0.423815  0.958984 0.009766 1 0 1.000000
0  33.311142 -25.701181 63.204231  0.332057 0.739354 0.585742  0.959473 0.009766 1 0 1.000000
0  33.630718 -24.730495 61.686161  -0.002992 0.902720 0.430219  0.959473 0.008789 1 0 1.000000
interior
0  34.167049 -25.028967 61.792915  0.339754 0.778911 0.527129  0.959961 0.008789 1 0 1.000000
0  33.630718 -24.730495 61.686161  -0.002992 0.902720 0.430219  0.959473 0.008789 1 0 1.000000
0  33.311142 -25.701181 63.204231  0.332057 0.739354 0.585742  0.959473 0.009766 1 0 1.000000
interior
0  33.630718 -24.730495 61.686161  -0.002992 0.902720 0.430219  0.959473 0.008789 1 0 1.000000
0  34.167049 -25.028967 61.792915  0.339754 0.778911 0.527129  0.959961 0.008789 1 0 1.000000
0  33.996933 -24.152945 60.567322  0.001176 0.893150 0.449758  0.959961 0.008301 1 0 1.000000
interior
0  34.612007 -24.453533 60.584774  0.377342 0.798136 0.469672  0.959961 0.008301 1 0 1.000000
0  33.996933 -24.152945 60.567322  0.001176 0.893150 0.449758  0.959961 0.008301 1 0 1.000000
0  34.167049 -25.028967 61.792915  0.339754 0.778911 0.527129  0.959961 0.008789 1 0 1.000000
interior
0  33.996933 -24.152945 60.567322  0.001176 0.893150 0.449758  0.959961 0.008301 1 0 1.000000
0  34.612007 -24.453533 60.584774  0.377342 0.798136 0.469672  0.959961 0.008301 1 0 1.000000
0  34.212421 -23.567501 59.338482  0.035485 0.894324 0.446011  0.959961 0.007324 1 0 1.000000
interior
0  34.830238 -23.853165 59.324368  0.926433 0.289419 0.240747  0.960449 0.007324 1 0 1.000000
0  34.212421 -23.567501 59.338482  0.035485 0.894324 0.446011  0.959961 0.007324 1 0 1.000000
0  34.612007 -24.453533 60.584774  0.377342 0.798136 0.469672  0.959961 0.008301 1 0 1.000000
interior
0  34.212421 -23.567501 59.338482  0.035485 0.894324 0.446011  0.959961 0.007324 1 0 1.000000
0  34.830238 -23.853165 59.324368  0.926433 0.289419 0.240747  0.960449 0.007324 1 0 1.000000
0  34.210796 -22.988373 58.215134  0.035489 0.904335 0.425345  0.959961 0.006836 1 0 1.000000
interior
0  34.830238 -23.280483 58.121998  0.762546 0.615466 0.199314  0.960449 0.006348 1 0 1.000000
0  34.210796 -22.988373 58.215134  0.035489 0.904335 0.425345  0.959961 0.006836 1 0 1.000000
0  34.830238 -23.853165 59.324368  0.926433 0.289419 0.240747  0.960449 0.007324 1 0 1.000000
interior
0  34.210796 -22.988373 58.215134  0.035489 0.904335 0.425345  0.959961 0.006836 1 0 1.000000
0  34.830238 -23.280483 58.121998  0.762546 0.615466 0.199314  0.960449 0.006348 1 0 1.000000
0  33.973389 -22.450329 56.998154  0.007783 0.910824 0.412722  0.959961 0.005859 1 0 1.000000
interior
0  34.210796 -22.988373 58.215134  0.035489 0.904335 0.425345  0.959961 0.006836 1 0 1.000000
0  33.973389 -22.450329 56.998154  0.007783 0.910824 0.412722  0.959961 0.005859 1 0 1.000000
0  33.498981 -23.244312 58.054440  -0.746512 0.647189 0.154488  0.959473 0.006348 1 0 1.000000
interior
0  33.403187 -22.760391 57.030128  -0.712113 0.574105 0.404101  0.959473 0.005859 1 0 1.000000
0  33.498981 -23.244312 58.054440  -0.746512 0.647189 0.154488  0.959473 0.006348 1 0 1.000000
0  33.973389 -22.450329 56.998154  0.007783 0.910824 0.412722  0.959961 0.005859 1 0 1.000000
interior
0  33.498981 -23.244312 58.054440  -0.746512 0.647189 0.154488  0.959473 0.006348 1 0 1.000000
0  33.403187 -22.760391 57.030128  -0.712113 0.574105 0.404101  0.959473 0.005859 1 0 1.000000
0  33.383343 -23.857040 57.644257  -0.972251 0.228822 -0.048663  0.959473 0.006348 1 0 1.000000
interior
0  33.160866 -23.092009 55.902855  -0.966858 -0.169141 0.191252  0.959473 0.005371 1 0 1.000000
0  33.383343 -23.857040 57.644257  -0.972251 0.228822 -0.048663  0.959473 0.006348 1 0 1.000000
0  33.403187 -22.760391 57.030128  -0.712113 0.574105 0.404101  0.959473 0.005859 1 0 1.000000
interior
0  31.043467 -22.463362 52.793797  0.264848 -0.773574 -0.575707  0.958008 0.003418 1 0 1.000000
0  32.550934 -23.010469 53.915974  0.063971 -0.900026 -0.431116  0.958984 0.003906 1 0 1.000000
0  31.343699 -22.143557 53.840389  -0.513226 -0.693371 0.505801  0.958008 0.003906 1 0 1.000000
interior
0  32.163620 -22.463226 54.552200  -0.768021 -0.485501 0.417651  0.958496 0.004395 1 0 1.000000
0  31.343699 -22.143557 53.840389  -0.513226 -0.693371 0.505801  0.958008 0.003906 1 0 1.000000
0  32.550934 -23.010469 53.915974  0.063971 -0.900026 -0.431116  0.958984 0.003906 1 0 1.000000
interior
0  32.550934 -23.010469 53.915974  0.063971 -0.900026 -0.431116  0.958984 0.003906 1 0 1.000000
0  33.596081 -23.835756 55.656563  -0.124557 -0.934984 -0.332101  0.959473 0.004883 1 0 1.000000
0  32.163620 -22.463226 54.552200  -0.768021 -0.485501 0.417651  0.958496 0.004395 1 0 1.000000
interior
0  33.160866 -23.092009 55.902855  -0.966816 -0.169336 0.191291  0.959473 0.005371 1 0 1.000000
0  32.163620 -22.463226 54.552200  -0.768021 -0.485501 0.417651  0.958496 0.004395 1 0 1.000000
0  33.596081 -23.835756 55.656563  -0.124557 -0.934984 -0.332101  0.959473 0.004883 1 0 1.000000
interior
0  33.596081 -23.835756 55.656563  -0.124557 -0.934984 -0.332101  0.959473 0.004883 1 0 1.000000
0  34.033463 -24.688553 57.386600  0.054081 -0.829787 -0.555453  0.959961 0.006348 1 0 1.000000
0  33.160866 -23.092009 55.902855  -0.966816 -0.169336 0.191291  0.959473 0.005371 1 0 1.000000
interior
0  33.160866 -23.092009 55.902855  -0.966816 -0.169336 0.191291  0.959473 0.005371 1 0 1.000000
0  34.033463 -24.688553 57.386600  0.054081 -0.829787 -0.555453  0.959961 0.006348 1 0 1.000000
0  33.383343 -23.857040 57.644257  -0.775290 -0.478329 -0.412464  0.959473 0.006348 1 0 1.000000
interior
0  33.383343 -23.857040 57.644257  -0.775290 -0.478329 -0.412464  0.959473 0.006348 1 0 1.000000
0  34.033463 -24.688553 57.386600  0.054081 -0.829787 -0.555453  0.959961 0.006348 1 0 1.000000
0  33.056686 -24.296766 58.229019  -0.743186 -0.196573 -0.639557  0.959473 0.006836 1 0 1.000000
interior
0  31.289623 -21.424034 54.013481  -0.735254 -0.210268 0.644351  0.958008 0.003906 1 0 1.000000
0  31.343699 -22.143557 53.840389  -0.513226 -0.693371 0.505801  0.958008 0.003906 1 0 1.000000
0  32.204296 -21.834082 54.923370  -0.754058 -0.264856 0.601039  0.958984 0.004395 1 0 1.000000
interior
0  32.163620 -22.463226 54.552200  -0.768021 -0.485501 0.417651  0.958496 0.004395 1 0 1.000000
0  32.204296 -21.834082 54.923370  -0.754058 -0.264856 0.601039  0.958984 0.004395 1 0 1.000000
0  31.343699 -22.143557 53.840389  -0.513226 -0.693371 0.505801  0.958008 0.003906 1 0 1.000000
interior
0  32.204296 -21.834082 54.923370  -0.754058 -0.264856 0.601039  0.958984 0.004395 1 0 1.000000
0  32.163620 -22.463226 54.552200  -0.768021 -0.485501 0.417651  0.958496 0.004395 1 0 1.000000
0  32.918541 -22.222439 55.900688  -0.867526 -0.246074 0.432257  0.958984 0.005371 1 0 1.000000
interior
0  33.160866 -23.092009 55.902855  -0.966816 -0.169336 0.191291  0.959473 0.005371 1 0 1.000000
0  32.918541 -22.222439 55.900688  -0.867526 -0.246074 0.432257  0.958984 0.005371 1 0 1.000000
0  32.163620 -22.463226 54.552200  -0.768021 -0.485501 0.417651  0.958496 0.004395 1 0 1.000000
interior
0  33.160866 -23.092009 55.902855  -0.966816 -0.169336 0.191291  0.959473 0.005371 1 0 1.000000
0  33.403187 -22.760391 57.030128  -0.926364 -0.257477 0.274874  0.959473 0.005859 1 0 1.000000
0  32.918541 -22.222439 55.900688  -0.867526 -0.246074 0.432257  0.958984 0.005371 1 0 1.000000
interior
0  33.174397 -24.792013 61.315800  -0.964810 -0.012357 -0.262659  0.959473 0.008301 1 0 1.000000
0  33.416264 -24.273088 60.289188  -0.503486 0.646959 0.572665  0.959473 0.007813 1 0 1.000000
0  33.308029 -25.432926 60.008442  -0.930756 -0.249027 -0.267728  0.959473 0.007813 1 0 1.000000
interior
0  33.174397 -24.792013 61.315800  -0.964810 -0.012357 -0.262659  0.959473 0.008301 1 0 1.000000
0  33.308029 -25.432926 60.008442  -0.930756 -0.249027 -0.267728  0.959473 0.007813 1 0 1.000000
0  33.381271 -26.342955 61.118671  -0.002356 -0.953404 -0.301688  0.959473 0.008301 1 0 1.000000
interior
0  33.308029 -25.432926 60.008442  -0.930756 -0.249027 -0.267728  0.959473 0.007813 1 0 1.000000
0  34.083252 -25.743803 59.614540  0.381465 -0.910462 -0.159823  0.959961 0.007324 1 0 1.000000
0  33.381271 -26.342955 61.118671  -0.002356 -0.953404 -0.301688  0.959473 0.008301 1 0 1.000000
interior
0  34.630360 -25.180506 60.243591  0.900048 -0.426806 0.088036  0.960449 0.007813 1 0 1.000000
0  33.381271 -26.342955 61.118671  -0.002356 -0.953404 -0.301688  0.959473 0.008301 1 0 1.000000
0  34.083252 -25.743803 59.614540  0.381465 -0.910462 -0.159823  0.959961 0.007324 1 0 1.000000
interior
0  34.083252 -25.743803 59.614540  0.381465 -0.910462 -0.159823  0.959961 0.007324 1 0 1.000000
0  34.850445 -24.575169 58.982189  0.977003 -0.207986 -0.046980  0.960449 0.007324 1 0 1.000000
0  34.630360 -25.180506 60.243591  0.900048 -0.426806 0.088036  0.960449 0.007813 1 0 1.000000
interior
0  34.083252 -25.743803 59.614540  0.381465 -0.910462 -0.159823  0.959961 0.007324 1 0 1.000000
0  34.033463 -24.688553 57.386600  0.054081 -0.829787 -0.555453  0.959961 0.006348 1 0 1.000000
0  34.850445 -24.575169 58.982189  0.977003 -0.207986 -0.046980  0.960449 0.007324 1 0 1.000000
interior
0  34.851620 -23.997616 57.778244  0.696451 -0.616575 -0.367138  0.960449 0.006348 1 0 1.000000
0  34.850445 -24.575169 58.982189  0.977003 -0.207986 -0.046980  0.960449 0.007324 1 0 1.000000
0  34.033463 -24.688553 57.386600  0.054081 -0.829787 -0.555453  0.959961 0.006348 1 0 1.000000
interior
0  34.851620 -23.997616 57.778244  0.696451 -0.616575 -0.367138  0.960449 0.006348 1 0 1.000000
0  34.033463 -24.688553 57.386600  0.054081 -0.829787 -0.555453  0.959961 0.006348 1 0 1.000000
0  34.565460 -23.332577 56.391331  0.675866 -0.565101 -0.473145  0.959961 0.005371 1 0 1.000000
interior
0  33.596081 -23.835756 55.656563  -0.124557 -0.934984 -0.332101  0.959473 0.004883 1 0 1.000000
0  34.565460 -23.332577 56.391331  0.675866 -0.565101 -0.473145  0.959961 0.005371 1 0 1.000000
0  34.033463 -24.688553 57.386600  0.054081 -0.829787 -0.555453  0.959961 0.006348 1 0 1.000000
interior
0  33.596081 -23.835756 55.656563  -0.124557 -0.934984 -0.332101  0.959473 0.004883 1 0 1.000000
0  34.001305 -22.701672 55.075268  0.627753 -0.501553 -0.595290  0.959961 0.004883 1 0 1.000000
0  34.565460 -23.332577 56.391331  0.675866 -0.565101 -0.473145  0.959961 0.005371 1 0 1.000000
interior
0  33.596081 -23.835756 55.656563  -0.124557 -0.934984 -0.332101  0.959473 0.004883 1 0 1.000000
0  32.550934 -23.010469 53.915974  0.063971 -0.900026 -0.431116  0.958984 0.003906 1 0 1.000000
0  34.001305 -22.701672 55.075268  0.627753 -0.501553 -0.595290  0.959961 0.004883 1 0 1.000000
interior
0  33.178322 -22.126467 53.874889  0.574188 -0.439605 -0.690692  0.959473 0.003906 1 0 1.000000
0  34.001305 -22.701672 55.075268  0.627753 -0.501553 -0.595290  0.959961 0.004883 1 0 1.000000
0  32.550934 -23.010469 53.915974  0.063971 -0.900026 -0.431116  0.958984 0.003906 1 0 1.000000
interior
0  32.550934 -23.010469 53.915974  0.063971 -0.900026 -0.431116  0.958984 0.003906 1 0 1.000000
0  32.124554 -21.626488 52.831272  0.443034 -0.456354 -0.771662  0.958496 0.003418 1 0 1.000000
0  33.178322 -22.126467 53.874889  0.574188 -0.439605 -0.690692  0.959473 0.003906 1 0 1.000000
interior
0  32.124554 -21.626488 52.831272  0.443034 -0.456354 -0.771662  0.958496 0.003418 1 0 1.000000
0  32.550934 -23.010469 53.915974  0.063971 -0.900026 -0.431116  0.958984 0.003906 1 0 1.000000
0  31.043467 -22.463362 52.793797  0.264848 -0.773574 -0.575707  0.958008 0.003418 1 0 1.000000
interior
0  32.124554 -21.626488 52.831272  0.443034 -0.456354 -0.771662  0.958496 0.003418 1 0 1.000000
0  31.043467 -22.463362 52.793797  0.264848 -0.773574 -0.575707  0.958008 0.003418 1 0 1.000000
0  30.875874 -21.218784 51.980057  0.324055 -0.476265 -0.817411  0.958008 0.002930 1 0 1.000000
interior
0  30.875874 -21.218784 51.980057  0.324055 -0.476265 -0.817411  0.958008 0.002930 1 0 1.000000
0  31.043467 -22.463362 52.793797  0.264848 -0.773574 -0.575707  0.958008 0.003418 1 0 1.000000
0  29.962374 -22.134899 52.190174  -0.126045 -0.839722 -0.528185  0.957520 0.002930 1 0 1.000000
interior
0  29.962374 -22.134899 52.190174  -0.126045 -0.839722 -0.528185  0.957520 0.002930 1 0 1.000000
0  29.474844 -20.917198 51.350410  0.218316 -0.475089 -0.852425  0.957031 0.002441 1 0 1.000000
0  30.875874 -21.218784 51.980057  0.324055 -0.476265 -0.817411  0.958008 0.002930 1 0 1.000000
interior
0  29.962374 -22.134899 52.190174  -0.126045 -0.839722 -0.528185  0.957520 0.002930 1 0 1.000000
0  28.531977 -21.772341 51.618401  -0.071903 -0.963879 -0.256450  0.956543 0.002441 1 0 1.000000
0  29.474844 -20.917198 51.350410  0.218316 -0.475089 -0.852425  0.957031 0.002441 1 0 1.000000
interior
0  33.174397 -24.792013 61.315800  -0.964810 -0.012357 -0.262659  0.959473 0.008301 1 0 1.000000
0  33.381271 -26.342955 61.118671  -0.002356 -0.953404 -0.301688  0.959473 0.008301 1 0 1.000000
0  32.365032 -25.393961 62.559208  -0.828575 -0.039539 -0.558481  0.958984 0.009277 1 0 1.000000
interior
0  33.064533 -25.876848 59.477482  0.162705 -0.765771 0.622191  0.959473 0.007324 1 0 1.000000
0  34.083252 -25.743803 59.614540  0.381465 -0.910462 -0.159823  0.959961 0.007324 1 0 1.000000
0  33.308029 -25.432926 60.008442  -0.059522 -0.567218 0.821414  0.959473 0.007813 1 0 1.000000
interior
0  33.064533 -25.876848 59.477482  0.162705 -0.765771 0.622191  0.959473 0.007324 1 0 1.000000
0  33.200466 -25.292440 57.717407  0.503641 -0.819285 -0.274077  0.959473 0.006348 1 0 1.000000
0  34.083252 -25.743803 59.614540  0.381465 -0.910462 -0.159823  0.959961 0.007324 1 0 1.000000
interior
0  34.033463 -24.688553 57.386600  0.054081 -0.829787 -0.555453  0.959961 0.006348 1 0 1.000000
0  34.083252 -25.743803 59.614540  0.381465 -0.910462 -0.159823  0.959961 0.007324 1 0 1.000000
0  33.200466 -25.292440 57.717407  0.503641 -0.819285 -0.274077  0.959473 0.006348 1 0 1.000000
interior
0  33.064533 -25.876848 59.477482  0.679325 -0.710535 -0.183461  0.959473 0.007324 1 0 1.000000
0  29.911860 -28.495846 57.946880  0.731478 -0.649010 -0.209107  0.957520 0.006348 1 0 1.000000
0  33.200466 -25.292440 57.717407  0.503773 -0.819231 -0.273994  0.959473 0.006348 1 0 1.000000
interior
0  24.292263 -21.772341 51.618404  0.071920 -0.963877 -0.256456  0.954102 0.002441 1 0 1.000000
0  23.837973 -21.421734 52.490097  0.381710 -0.613654 0.691178  0.953613 0.002930 1 0 1.000000
0  22.861872 -22.134899 52.190178  0.126032 -0.839725 -0.528183  0.953125 0.002930 1 0 1.000000
interior
0  24.292263 -21.772341 51.618404  0.071920 -0.963877 -0.256456  0.954102 0.002441 1 0 1.000000
0  25.103569 -21.266905 52.164970  0.189422 -0.595466 0.780730  0.954590 0.002930 1 0 1.000000
0  23.837973 -21.421734 52.490097  0.381710 -0.613654 0.691178  0.953613 0.002930 1 0 1.000000
interior
0  25.103569 -21.266905 52.164970  0.189422 -0.595466 0.780730  0.954590 0.002930 1 0 1.000000
0  24.292263 -21.772341 51.618404  0.071920 -0.963877 -0.256456  0.954102 0.002441 1 0 1.000000
0  26.412098 -21.635960 51.348789  0.000005 -0.969719 -0.244222  0.955078 0.002441 1 0 1.000000
interior
0  26.412098 -21.635960 51.348789  0.000005 -0.969719 -0.244222  0.955078 0.002441 1 0 1.000000
0  26.412098 -21.214680 52.055374  -0.000001 -0.501336 0.865253  0.955078 0.002930 1 0 1.000000
0  25.103569 -21.266905 52.164970  0.189422 -0.595466 0.780730  0.954590 0.002930 1 0 1.000000
interior
0  26.412098 -21.635960 51.348789  0.000005 -0.969719 -0.244222  0.955078 0.002441 1 0 1.000000
0  27.720676 -21.266905 52.164967  -0.189421 -0.595470 0.780727  0.956055 0.002930 1 0 1.000000
0  26.412098 -21.214680 52.055374  -0.000001 -0.501336 0.865253  0.955078 0.002930 1 0 1.000000
interior
0  27.720676 -21.266905 52.164967  -0.189421 -0.595470 0.780727  0.956055 0.002930 1 0 1.000000
0  26.412098 -21.635960 51.348789  0.000005 -0.969719 -0.244222  0.955078 0.002441 1 0 1.000000
0  28.531977 -21.772341 51.618401  -0.071903 -0.963879 -0.256450  0.956543 0.002441 1 0 1.000000
interior
0  28.986275 -21.421734 52.490093  -0.381706 -0.613663 0.691172  0.956543 0.002930 1 0 1.000000
0  27.720676 -21.266905 52.164967  -0.189421 -0.595470 0.780727  0.956055 0.002930 1 0 1.000000
0  28.531977 -21.772341 51.618401  -0.071903 -0.963879 -0.256450  0.956543 0.002441 1 0 1.000000
interior
0  28.531977 -21.772341 51.618401  -0.071903 -0.963879 -0.256450  0.956543 0.002441 1 0 1.000000
0  29.962374 -22.134899 52.190174  -0.126045 -0.839722 -0.528185  0.957520 0.002930 1 0 1.000000
0  28.986275 -21.421734 52.490093  -0.381706 -0.613663 0.691172  0.956543 0.002930 1 0 1.000000
interior
0  28.531977 -21.772341 51.618401  -0.071903 -0.963879 -0.256450  0.956543 0.002441 1 0 1.000000
0  27.969271 -20.732019 50.963772  0.100171 -0.476982 -0.873186  0.956055 0.002441 1 0 1.000000
0  29.474844 -20.917198 51.350410  0.218316 -0.475089 -0.852425  0.957031 0.002441 1 0 1.000000
interior
0  27.969271 -20.732019 50.963772  0.100171 -0.476982 -0.873186  0.956055 0.002441 1 0 1.000000
0  28.531977 -21.772341 51.618401  -0.071903 -0.963879 -0.256450  0.956543 0.002441 1 0 1.000000
0  26.412098 -21.635960 51.348789  0.000005 -0.969719 -0.244222  0.955078 0.002441 1 0 1.000000
interior
0  27.969271 -20.732019 50.963772  0.100171 -0.476982 -0.873186  0.956055 0.002441 1 0 1.000000
0  26.412098 -21.635960 51.348789  0.000005 -0.969719 -0.244222  0.955078 0.002441 1 0 1.000000
0  26.412098 -20.669600 50.833435  -0.000001 -0.470561 -0.882367  0.955078 0.001953 1 0 1.000000
interior
0  26.412098 -20.669600 50.833435  -0.000001 -0.470561 -0.882367  0.955078 0.001953 1 0 1.000000
0  26.412098 -21.635960 51.348789  0.000005 -0.969719 -0.244222  0.955078 0.002441 1 0 1.000000
0  24.854979 -20.732019 50.963776  -0.100175 -0.476981 -0.873186  0.954102 0.002441 1 0 1.000000
interior
0  26.412098 -21.635960 51.348789  0.000005 -0.969719 -0.244222  0.955078 0.002441 1 0 1.000000
0  24.292263 -21.772341 51.618404  0.071920 -0.963877 -0.256456  0.954102 0.002441 1 0 1.000000
0  24.854979 -20.732019 50.963776  -0.100175 -0.476981 -0.873186  0.954102 0.002441 1 0 1.000000
interior
0  23.349407 -20.917198 51.350414  -0.218602 -0.474902 -0.852456  0.953125 0.002441 1 0 1.000000
0  24.854979 -20.732019 50.963776  -0.100175 -0.476981 -0.873186  0.954102 0.002441 1 0 1.000000
0  24.292263 -21.772341 51.618404  0.071920 -0.963877 -0.256456  0.954102 0.002441 1 0 1.000000
interior
0  23.349407 -20.917198 51.350414  -0.218602 -0.474902 -0.852456  0.953125 0.002441 1 0 1.000000
0  24.292263 -21.772341 51.618404  0.071920 -0.963877 -0.256456  0.954102 0.002441 1 0 1.000000
0  22.861872 -22.134899 52.190178  0.126032 -0.839725 -0.528183  0.953125 0.002930 1 0 1.000000
interior
0  21.948374 -21.218784 51.980061  -0.324146 -0.476277 -0.817367  0.952637 0.002930 1 0 1.000000
0  23.349407 -20.917198 51.350414  -0.218602 -0.474902 -0.852456  0.953125 0.002441 1 0 1.000000
0  22.861872 -22.134899 52.190178  0.126032 -0.839725 -0.528183  0.953125 0.002930 1 0 1.000000
interior
0  22.861872 -22.134899 52.190178  0.126032 -0.839725 -0.528183  0.953125 0.002930 1 0 1.000000
0  21.780783 -22.463362 52.793800  -0.264870 -0.773528 -0.575759  0.952637 0.003418 1 0 1.000000
0  21.948374 -21.218784 51.980061  -0.324146 -0.476277 -0.817367  0.952637 0.002930 1 0 1.000000
interior
0  22.861872 -22.134899 52.190178  0.126032 -0.839725 -0.528183  0.953125 0.002930 1 0 1.000000
0  22.587397 -22.797056 52.662243  0.097563 -0.876861 -0.470741  0.953125 0.003418 1 0 1.000000
0  21.780783 -22.463362 52.793800  -0.264870 -0.773528 -0.575759  0.952637 0.003418 1 0 1.000000
interior
0  22.587397 -22.797056 52.662243  0.097563 -0.876861 -0.470741  0.953125 0.003418 1 0 1.000000
0  21.480553 -22.143557 53.840393  0.513216 -0.693366 0.505820  0.952148 0.003906 1 0 1.000000
0  21.780783 -22.463362 52.793800  -0.264870 -0.773528 -0.575759  0.952637 0.003418 1 0 1.000000
interior
0  23.233452 -21.559061 52.793800  0.636937 -0.470352 0.610803  0.953125 0.003418 1 0 1.000000
0  22.587397 -22.797056 52.662243  0.097563 -0.876861 -0.470741  0.953125 0.003418 1 0 1.000000
0  22.861872 -22.134899 52.190178  0.126032 -0.839725 -0.528183  0.953125 0.002930 1 0 1.000000
interior
0  23.233452 -21.559061 52.793800  0.636937 -0.470352 0.610803  0.953125 0.003418 1 0 1.000000
0  22.861872 -22.134899 52.190178  0.126032 -0.839725 -0.528183  0.953125 0.002930 1 0 1.000000
0  23.837973 -21.421734 52.490097  0.381710 -0.613654 0.691178  0.953613 0.002930 1 0 1.000000
interior
0  23.787415 -20.700718 52.705898  0.360695 -0.230452 0.903765  0.953613 0.003418 1 0 1.000000
0  23.233452 -21.559061 52.793800  0.636937 -0.470352 0.610803  0.953125 0.003418 1 0 1.000000
0  23.837973 -21.421734 52.490097  0.381710 -0.613654 0.691178  0.953613 0.002930 1 0 1.000000
interior
0  23.837973 -21.421734 52.490097  0.381710 -0.613654 0.691178  0.953613 0.002930 1 0 1.000000
0  25.103569 -21.266905 52.164970  0.189422 -0.595466 0.780730  0.954590 0.002930 1 0 1.000000
0  23.787415 -20.700718 52.705898  0.360695 -0.230452 0.903765  0.953613 0.003418 1 0 1.000000
interior
0  25.077816 -20.542826 52.374458  0.151280 -0.270093 0.950875  0.954590 0.002930 1 0 1.000000
0  23.787415 -20.700718 52.705898  0.360695 -0.230452 0.903765  0.953613 0.003418 1 0 1.000000
0  25.103569 -21.266905 52.164970  0.189422 -0.595466 0.780730  0.954590 0.002930 1 0 1.000000
interior
0  25.103569 -21.266905 52.164970  0.189422 -0.595466 0.780730  0.954590 0.002930 1 0 1.000000
0  26.412098 -21.214680 52.055374  -0.000001 -0.501336 0.865253  0.955078 0.002930 1 0 1.000000
0  25.077816 -20.542826 52.374458  0.151280 -0.270093 0.950875  0.954590 0.002930 1 0 1.000000
interior
0  26.412098 -20.489607 52.262695  0.000004 -0.274913 0.961469  0.955078 0.002930 1 0 1.000000
0  25.077816 -20.542826 52.374458  0.151280 -0.270093 0.950875  0.954590 0.002930 1 0 1.000000
0  26.412098 -21.214680 52.055374  -0.000001 -0.501336 0.865253  0.955078 0.002930 1 0 1.000000
interior
0  26.412098 -20.489607 52.262695  0.000004 -0.274913 0.961469  0.955078 0.002930 1 0 1.000000
0  26.412098 -21.214680 52.055374  -0.000001 -0.501336 0.865253  0.955078 0.002930 1 0 1.000000
0  27.746384 -20.542826 52.374454  -0.151263 -0.269762 0.950972  0.956055 0.002930 1 0 1.000000
interior
0  27.720676 -21.266905 52.164967  -0.189421 -0.595470 0.780727  0.956055 0.002930 1 0 1.000000
0  27.746384 -20.542826 52.374454  -0.151263 -0.269762 0.950972  0.956055 0.002930 1 0 1.000000
0  26.412098 -21.214680 52.055374  -0.000001 -0.501336 0.865253  0.955078 0.002930 1 0 1.000000
interior
0  27.746384 -20.542826 52.374454  -0.151263 -0.269762 0.950972  0.956055 0.002930 1 0 1.000000
0  27.720676 -21.266905 52.164967  -0.189421 -0.595470 0.780727  0.956055 0.002930 1 0 1.000000
0  29.036789 -20.700718 52.705894  -0.360361 -0.230408 0.903909  0.957031 0.003418 1 0 1.000000
interior
0  28.986275 -21.421734 52.490093  -0.381706 -0.613663 0.691172  0.956543 0.002930 1 0 1.000000
0  29.036789 -20.700718 52.705894  -0.360361 -0.230408 0.903909  0.957031 0.003418 1 0 1.000000
0  27.720676 -21.266905 52.164967  -0.189421 -0.595470 0.780727  0.956055 0.002930 1 0 1.000000
interior
0  28.986275 -21.421734 52.490093  -0.381706 -0.613663 0.691172  0.956543 0.002930 1 0 1.000000
0  29.590796 -21.559061 52.793797  -0.636937 -0.470359 0.610797  0.957031 0.003418 1 0 1.000000
0  29.036789 -20.700718 52.705894  -0.360361 -0.230408 0.903909  0.957031 0.003418 1 0 1.000000
interior
0  29.590796 -21.559061 52.793797  -0.636937 -0.470359 0.610797  0.957031 0.003418 1 0 1.000000
0  28.986275 -21.421734 52.490093  -0.381706 -0.613663 0.691172  0.956543 0.002930 1 0 1.000000
0  29.962374 -22.134899 52.190174  -0.126045 -0.839722 -0.528185  0.957520 0.002930 1 0 1.000000
interior
0  29.962374 -22.134899 52.190174  -0.126045 -0.839722 -0.528185  0.957520 0.002930 1 0 1.000000
0  30.236807 -22.797056 52.662239  -0.097538 -0.876851 -0.470764  0.957520 0.003418 1 0 1.000000
0  29.590796 -21.559061 52.793797  -0.636937 -0.470359 0.610797  0.957031 0.003418 1 0 1.000000
interior
0  31.043467 -22.463362 52.793797  0.264848 -0.773574 -0.575707  0.958008 0.003418 1 0 1.000000
0  30.236807 -22.797056 52.662239  -0.097538 -0.876851 -0.470764  0.957520 0.003418 1 0 1.000000
0  29.962374 -22.134899 52.190174  -0.126045 -0.839722 -0.528185  0.957520 0.002930 1 0 1.000000
interior
0  31.043467 -22.463362 52.793797  0.264848 -0.773574 -0.575707  0.958008 0.003418 1 0 1.000000
0  31.343699 -22.143557 53.840389  -0.513226 -0.693371 0.505801  0.958008 0.003906 1 0 1.000000
0  30.236807 -22.797056 52.662239  -0.097538 -0.876851 -0.470764  0.957520 0.003418 1 0 1.000000
interior
0  30.267475 -21.003611 53.222603  -0.417927 -0.178525 0.890767  0.957520 0.003418 1 0 1.000000
0  29.036789 -20.700718 52.705894  -0.360361 -0.230408 0.903909  0.957031 0.003418 1 0 1.000000
0  29.590796 -21.559061 52.793797  -0.636937 -0.470359 0.610797  0.957031 0.003418 1 0 1.000000
interior
0  23.233452 -21.559061 52.793800  0.636937 -0.470352 0.610803  0.953125 0.003418 1 0 1.000000
0  23.787415 -20.700718 52.705898  0.360695 -0.230452 0.903765  0.953613 0.003418 1 0 1.000000
0  22.556772 -21.003611 53.222607  0.417937 -0.178510 0.890765  0.952637 0.003418 1 0 1.000000
interior
0  30.808317 -21.380241 54.057812  0.432608 -0.165304 0.886298  0.958008 0.003906 1 0 1.000000
0  31.343699 -22.143557 53.840389  0.197027 -0.501988 0.842133  0.958008 0.003906 1 0 1.000000
0  31.289623 -21.424034 54.013481  0.068675 -0.228462 0.971128  0.958008 0.003906 1 0 1.000000
interior
0  30.808317 -21.380241 54.057812  0.432608 -0.165304 0.886298  0.958008 0.003906 1 0 1.000000
0  30.796993 -22.284721 53.914444  0.644502 -0.697026 0.314282  0.958008 0.003906 1 0 1.000000
0  31.343699 -22.143557 53.840389  0.197027 -0.501988 0.842133  0.958008 0.003906 1 0 1.000000
interior
0  30.796993 -22.284721 53.914444  0.644502 -0.697026 0.314282  0.958008 0.003906 1 0 1.000000
0  30.236807 -22.797056 52.662239  -0.097549 -0.876854 -0.470757  0.957520 0.003418 1 0 1.000000
0  31.343699 -22.143557 53.840389  0.197027 -0.501988 0.842133  0.958008 0.003906 1 0 1.000000
interior
0  29.899908 -23.184467 52.894638  0.181488 -0.617133 -0.765642  0.957520 0.003418 1 0 1.000000
0  30.236807 -22.797056 52.662239  -0.097549 -0.876854 -0.470757  0.957520 0.003418 1 0 1.000000
0  30.796993 -22.284721 53.914444  0.644502 -0.697026 0.314282  0.958008 0.003906 1 0 1.000000
interior
0  29.899908 -23.184467 52.894638  0.181488 -0.617133 -0.765642  0.957520 0.003418 1 0 1.000000
0  29.339272 -21.738516 53.144039  -0.689215 -0.181092 -0.701561  0.957031 0.003418 1 0 1.000000
0  30.236807 -22.797056 52.662239  -0.097549 -0.876854 -0.470757  0.957520 0.003418 1 0 1.000000
interior
0  29.590796 -21.559061 52.793797  -0.698086 -0.294942 -0.652445  0.957031 0.003418 1 0 1.000000
0  30.236807 -22.797056 52.662239  -0.097549 -0.876854 -0.470757  0.957520 0.003418 1 0 1.000000
0  29.339272 -21.738516 53.144039  -0.689215 -0.181092 -0.701561  0.957031 0.003418 1 0 1.000000
interior
0  28.965031 -24.128632 53.539570  0.788687 -0.610910 -0.069009  0.956543 0.003906 1 0 1.000000
0  30.796993 -22.284721 53.914444  0.644539 -0.697035 0.314184  0.958008 0.003906 1 0 1.000000
0  29.691143 -23.291351 54.884453  0.909280 -0.412370 0.056222  0.957031 0.004395 1 0 1.000000
interior
0  28.965031 -24.128632 53.539570  0.788687 -0.610910 -0.069009  0.956543 0.003906 1 0 1.000000
0  29.899908 -23.184467 52.894638  0.709672 -0.704527 -0.002689  0.957520 0.003418 1 0 1.000000
0  30.796993 -22.284721 53.914444  0.644539 -0.697035 0.314184  0.958008 0.003906 1 0 1.000000
interior
0  29.911860 -28.495846 57.946880  0.975682 -0.027889 -0.217409  0.957520 0.006348 1 0 1.000000
0  29.332689 -23.783167 55.469582  0.998838 -0.046340 0.013246  0.957031 0.004883 1 0 1.000000
0  29.781433 -25.132067 58.390255  0.947067 0.255235 -0.194727  0.957031 0.006836 1 0 1.000000
interior
0  29.911860 -28.495846 57.946880  0.975682 -0.027889 -0.217409  0.957520 0.006348 1 0 1.000000
0  28.649420 -26.252119 53.673157  0.962469 -0.205466 -0.177306  0.956543 0.003906 1 0 1.000000
0  29.332689 -23.783167 55.469582  0.998838 -0.046340 0.013246  0.957031 0.004883 1 0 1.000000
interior
0  28.649420 -26.252119 53.673157  0.962469 -0.205466 -0.177306  0.956543 0.003906 1 0 1.000000
0  29.691143 -23.291351 54.884453  0.909314 -0.412295 0.056216  0.957031 0.004395 1 0 1.000000
0  29.332689 -23.783167 55.469582  0.998838 -0.046340 0.013246  0.957031 0.004883 1 0 1.000000
interior
0  28.649420 -26.252119 53.673157  0.962469 -0.205466 -0.177306  0.956543 0.003906 1 0 1.000000
0  28.965031 -24.128632 53.539570  0.903107 -0.298476 -0.308722  0.956543 0.003906 1 0 1.000000
0  29.691143 -23.291351 54.884453  0.909314 -0.412295 0.056216  0.957031 0.004395 1 0 1.000000
interior
0  29.911860 -28.495846 57.946880  0.097843 0.173003 -0.980049  0.957520 0.006348 1 0 1.000000
0  29.781433 -25.132067 58.390255  0.435806 0.134206 -0.889979  0.957031 0.006836 1 0 1.000000
0  30.129923 -25.190653 58.552071  -0.010154 0.412953 -0.910696  0.957520 0.006836 1 0 1.000000
interior
0  29.911860 -28.495846 57.946880  0.097843 0.173003 -0.980049  0.957520 0.006348 1 0 1.000000
0  30.129923 -25.190653 58.552071  -0.010154 0.412953 -0.910696  0.957520 0.006836 1 0 1.000000
0  33.200466 -25.292440 57.717407  -0.345020 0.315787 -0.883878  0.959473 0.006348 1 0 1.000000
interior
0  33.056686 -24.296766 58.229019  -0.393745 0.624188 -0.674800  0.959473 0.006836 1 0 1.000000
0  33.200466 -25.292440 57.717407  -0.345020 0.315787 -0.883878  0.959473 0.006348 1 0 1.000000
0  30.129923 -25.190653 58.552071  -0.010154 0.412953 -0.910696  0.957520 0.006836 1 0 1.000000
interior
0  33.056686 -24.296766 58.229019  -0.393745 0.624188 -0.674800  0.959473 0.006836 1 0 1.000000
0  30.129923 -25.190653 58.552071  -0.010154 0.412953 -0.910696  0.957520 0.006836 1 0 1.000000
0  32.910652 -23.983456 58.955399  -0.261913 0.788991 -0.555782  0.958984 0.007324 1 0 1.000000
interior
0  29.964495 -24.452814 59.385162  0.190218 0.753379 -0.629474  0.957520 0.007324 1 0 1.000000
0  32.910652 -23.983456 58.955399  -0.261913 0.788991 -0.555782  0.958984 0.007324 1 0 1.000000
0  30.129923 -25.190653 58.552071  -0.010154 0.412953 -0.910696  0.957520 0.006836 1 0 1.000000
interior
0  29.964495 -24.452814 59.385162  0.190218 0.753379 -0.629474  0.957520 0.007324 1 0 1.000000
0  30.129923 -25.190653 58.552071  -0.010154 0.412953 -0.910696  0.957520 0.006836 1 0 1.000000
0  29.608431 -24.424450 59.012455  0.700836 0.578331 -0.417567  0.957031 0.007324 1 0 1.000000
interior
0  29.781433 -25.132067 58.390255  0.947067 0.255235 -0.194727  0.957031 0.006836 1 0 1.000000
0  29.608431 -24.424450 59.012455  0.700836 0.578331 -0.417567  0.957031 0.007324 1 0 1.000000
0  30.129923 -25.190653 58.552071  -0.010154 0.412953 -0.910696  0.957520 0.006836 1 0 1.000000
interior
0  29.781433 -25.132067 58.390255  0.947067 0.255235 -0.194727  0.957031 0.006836 1 0 1.000000
0  29.099113 -22.961359 55.692688  0.941711 0.161809 0.294955  0.957031 0.004883 1 0 1.000000
0  29.608431 -24.424450 59.012455  0.700836 0.578331 -0.417567  0.957031 0.007324 1 0 1.000000
interior
0  29.099113 -22.961359 55.692688  0.941711 0.161809 0.294955  0.957031 0.004883 1 0 1.000000
0  29.781433 -25.132067 58.390255  0.947067 0.255235 -0.194727  0.957031 0.006836 1 0 1.000000
0  29.332689 -23.783167 55.469582  0.998838 -0.046340 0.013246  0.957031 0.004883 1 0 1.000000
interior
0  29.332689 -23.783167 55.469582  0.998838 -0.046340 0.013246  0.957031 0.004883 1 0 1.000000
0  29.691143 -23.291351 54.884453  0.878231 -0.249406 0.408051  0.957031 0.004395 1 0 1.000000
0  29.099113 -22.961359 55.692688  0.941711 0.161809 0.294955  0.957031 0.004883 1 0 1.000000
interior
0  29.491034 -22.473330 55.170021  0.735644 -0.070134 0.673728  0.957031 0.004883 1 0 1.000000
0  29.099113 -22.961359 55.692688  0.941711 0.161809 0.294955  0.957031 0.004883 1 0 1.000000
0  29.691143 -23.291351 54.884453  0.878231 -0.249406 0.408051  0.957031 0.004395 1 0 1.000000
interior
0  29.691143 -23.291351 54.884453  0.878231 -0.249406 0.408051  0.957031 0.004395 1 0 1.000000
0  30.796993 -22.284721 53.914444  0.692105 -0.276204 0.666859  0.958008 0.003906 1 0 1.000000
0  29.491034 -22.473330 55.170021  0.735644 -0.070134 0.673728  0.957031 0.004883 1 0 1.000000
interior
0  30.808317 -21.380241 54.057812  0.432773 -0.165283 0.886222  0.958008 0.003906 1 0 1.000000
0  29.491034 -22.473330 55.170021  0.735644 -0.070134 0.673728  0.957031 0.004883 1 0 1.000000
0  30.796993 -22.284721 53.914444  0.692105 -0.276204 0.666859  0.958008 0.003906 1 0 1.000000
interior
0  34.033463 -24.688553 57.386600  -0.541376 0.321097 -0.777051  0.959961 0.006348 1 0 1.000000
0  33.200466 -25.292440 57.717407  -0.345206 0.315755 -0.883816  0.959473 0.006348 1 0 1.000000
0  33.056686 -24.296766 58.229019  -0.672354 0.390839 -0.628638  0.959473 0.006836 1 0 1.000000
interior
0  33.383343 -23.857040 57.644257  -0.972251 0.228822 -0.048663  0.959473 0.006348 1 0 1.000000
0  33.056686 -24.296766 58.229019  -0.672452 0.390884 -0.628505  0.959473 0.006836 1 0 1.000000
0  33.498981 -23.244312 58.054440  -0.746512 0.647189 0.154488  0.959473 0.006348 1 0 1.000000
interior
0  32.910652 -23.983456 58.955399  -0.407308 0.873640 0.266181  0.958984 0.007324 1 0 1.000000
0  33.498981 -23.244312 58.054440  -0.746512 0.647189 0.154488  0.959473 0.006348 1 0 1.000000
0  33.056686 -24.296766 58.229019  -0.672452 0.390884 -0.628505  0.959473 0.006836 1 0 1.000000
interior
0  33.498981 -23.244312 58.054440  -0.746512 0.647189 0.154488  0.959473 0.006348 1 0 1.000000
0  32.910652 -23.983456 58.955399  -0.407308 0.873640 0.266181  0.958984 0.007324 1 0 1.000000
0  33.451897 -23.830070 59.326801  -0.389916 0.841044 0.374981  0.959473 0.007324 1 0 1.000000
interior
0  32.878407 -24.354631 59.871250  -0.224646 0.781117 0.582572  0.958984 0.007813 1 0 1.000000
0  33.451897 -23.830070 59.326801  -0.389916 0.841044 0.374981  0.959473 0.007324 1 0 1.000000
0  32.910652 -23.983456 58.955399  -0.407308 0.873640 0.266181  0.958984 0.007324 1 0 1.000000
interior
0  33.416264 -24.273088 60.289188  -0.503366 0.647093 0.572620  0.959473 0.007813 1 0 1.000000
0  33.451897 -23.830070 59.326801  -0.389916 0.841044 0.374981  0.959473 0.007324 1 0 1.000000
0  32.878407 -24.354631 59.871250  -0.224646 0.781117 0.582572  0.958984 0.007813 1 0 1.000000
interior
0  32.878407 -24.354631 59.871250  -0.224646 0.781117 0.582572  0.958984 0.007813 1 0 1.000000
0  32.798485 -24.867733 60.176937  -0.122931 -0.169405 0.977850  0.958984 0.007813 1 0 1.000000
0  33.416264 -24.273088 60.289188  -0.503366 0.647093 0.572620  0.959473 0.007813 1 0 1.000000
interior
0  33.416264 -24.273088 60.289188  -0.503366 0.647093 0.572620  0.959473 0.007813 1 0 1.000000
0  32.798485 -24.867733 60.176937  -0.122931 -0.169405 0.977850  0.958984 0.007813 1 0 1.000000
0  33.308029 -25.432926 60.008442  -0.059522 -0.567218 0.821414  0.959473 0.007813 1 0 1.000000
interior
0  33.308029 -25.432926 60.008442  -0.059522 -0.567218 0.821414  0.959473 0.007813 1 0 1.000000
0  32.798485 -24.867733 60.176937  -0.122931 -0.169405 0.977850  0.958984 0.007813 1 0 1.000000
0  32.861313 -25.466438 59.897179  -0.000781 -0.515252 0.857038  0.958984 0.007813 1 0 1.000000
interior
0  32.861313 -25.466438 59.897179  -0.000781 -0.515252 0.857038  0.958984 0.007813 1 0 1.000000
0  33.064533 -25.876848 59.477482  0.162705 -0.765771 0.622191  0.959473 0.007324 1 0 1.000000
0  33.308029 -25.432926 60.008442  -0.059522 -0.567218 0.821414  0.959473 0.007813 1 0 1.000000
interior
0  32.861313 -25.466438 59.897179  -0.000781 -0.515252 0.857038  0.958984 0.007813 1 0 1.000000
0  29.205240 -26.434958 60.167011  0.158189 -0.571075 0.805512  0.957031 0.007813 1 0 1.000000
0  33.064533 -25.876848 59.477482  0.162705 -0.765771 0.622191  0.959473 0.007324 1 0 1.000000
interior
0  29.205240 -26.434958 60.167011  0.158189 -0.571075 0.805512  0.957031 0.007813 1 0 1.000000
0  29.911860 -28.495846 57.946880  0.112255 -0.710206 0.694987  0.957520 0.006348 1 0 1.000000
0  33.064533 -25.876848 59.477482  0.162705 -0.765771 0.622191  0.959473 0.007324 1 0 1.000000
interior
0  29.205240 -26.434958 60.167011  0.158189 -0.571075 0.805512  0.957031 0.007813 1 0 1.000000
0  23.619011 -26.434958 60.167015  -0.143195 -0.576050 0.804774  0.953613 0.007813 1 0 1.000000
0  29.911860 -28.495846 57.946880  0.112255 -0.710206 0.694987  0.957520 0.006348 1 0 1.000000
interior
0  22.912386 -28.495846 57.946884  -0.112334 -0.710185 0.694995  0.953125 0.006348 1 0 1.000000
0  29.911860 -28.495846 57.946880  0.112255 -0.710206 0.694987  0.957520 0.006348 1 0 1.000000
0  23.619011 -26.434958 60.167015  -0.143195 -0.576050 0.804774  0.953613 0.007813 1 0 1.000000
interior
0  19.759670 -25.876848 59.477486  -0.162715 -0.765772 0.622187  0.951172 0.007324 1 0 1.000000
0  22.912386 -28.495846 57.946884  -0.112334 -0.710185 0.694995  0.953125 0.006348 1 0 1.000000
0  23.619011 -26.434958 60.167015  -0.143195 -0.576050 0.804774  0.953613 0.007813 1 0 1.000000
interior
0  19.759670 -25.876848 59.477486  -0.162715 -0.765772 0.622187  0.951172 0.007324 1 0 1.000000
0  23.619011 -26.434958 60.167015  -0.143195 -0.576050 0.804774  0.953613 0.007813 1 0 1.000000
0  19.962936 -25.466438 59.897182  0.000783 -0.515247 0.857041  0.951172 0.007813 1 0 1.000000
interior
0  19.516220 -25.432926 60.008446  0.059517 -0.567171 0.821447  0.951172 0.007813 1 0 1.000000
0  19.759670 -25.876848 59.477486  -0.162715 -0.765772 0.622187  0.951172 0.007324 1 0 1.000000
0  19.962936 -25.466438 59.897182  0.000783 -0.515247 0.857041  0.951172 0.007813 1 0 1.000000
interior
0  19.962936 -25.466438 59.897182  0.000783 -0.515247 0.857041  0.951172 0.007813 1 0 1.000000
0  20.025715 -24.867733 60.176941  0.082983 -0.159843 0.983648  0.951172 0.007813 1 0 1.000000
0  19.516220 -25.432926 60.008446  0.059517 -0.567171 0.821447  0.951172 0.007813 1 0 1.000000
interior
0  20.025715 -24.867733 60.176941  0.082983 -0.159843 0.983648  0.951172 0.007813 1 0 1.000000
0  19.407980 -24.273088 60.289192  0.305825 0.139936 0.941748  0.951172 0.007813 1 0 1.000000
0  19.516220 -25.432926 60.008446  0.059517 -0.567171 0.821447  0.951172 0.007813 1 0 1.000000
interior
0  19.945799 -24.354631 59.871254  0.224355 0.781185 0.582594  0.951172 0.007813 1 0 1.000000
0  19.407980 -24.273088 60.289192  0.305825 0.139936 0.941748  0.951172 0.007813 1 0 1.000000
0  20.025715 -24.867733 60.176941  0.082983 -0.159843 0.983648  0.951172 0.007813 1 0 1.000000
interior
0  20.025715 -24.867733 60.176941  0.082983 -0.159843 0.983648  0.951172 0.007813 1 0 1.000000
0  19.962936 -25.466438 59.897182  0.000783 -0.515247 0.857041  0.951172 0.007813 1 0 1.000000
0  23.622845 -25.330639 60.356750  -0.072307 -0.252111 0.964993  0.953613 0.007813 1 0 1.000000
interior
0  23.622845 -25.330639 60.356750  -0.072307 -0.252111 0.964993  0.953613 0.007813 1 0 1.000000
0  19.962936 -25.466438 59.897182  0.000783 -0.515247 0.857041  0.951172 0.007813 1 0 1.000000
0  23.619011 -26.434958 60.167015  -0.143195 -0.576050 0.804774  0.953613 0.007813 1 0 1.000000
interior
0  23.622845 -25.330639 60.356750  -0.072307 -0.252111 0.964993  0.953613 0.007813 1 0 1.000000
0  23.619011 -26.434958 60.167015  -0.143195 -0.576050 0.804774  0.953613 0.007813 1 0 1.000000
0  29.201405 -25.330639 60.356747  0.054196 -0.231543 0.971314  0.957031 0.007813 1 0 1.000000
interior
0  29.205240 -26.434958 60.167011  0.158189 -0.571075 0.805512  0.957031 0.007813 1 0 1.000000
0  29.201405 -25.330639 60.356747  0.054196 -0.231543 0.971314  0.957031 0.007813 1 0 1.000000
0  23.619011 -26.434958 60.167015  -0.143195 -0.576050 0.804774  0.953613 0.007813 1 0 1.000000
interior
0  29.201405 -25.330639 60.356747  0.054196 -0.231543 0.971314  0.957031 0.007813 1 0 1.000000
0  29.205240 -26.434958 60.167011  0.158189 -0.571075 0.805512  0.957031 0.007813 1 0 1.000000
0  32.861313 -25.466438 59.897179  -0.000781 -0.515252 0.857038  0.958984 0.007813 1 0 1.000000
interior
0  32.861313 -25.466438 59.897179  -0.000781 -0.515252 0.857038  0.958984 0.007813 1 0 1.000000
0  32.798485 -24.867733 60.176937  -0.122931 -0.169405 0.977850  0.958984 0.007813 1 0 1.000000
0  29.201405 -25.330639 60.356747  0.054196 -0.231543 0.971314  0.957031 0.007813 1 0 1.000000
interior
0  18.790787 -24.688553 57.386604  -0.054074 -0.829761 -0.555493  0.950684 0.006348 1 0 1.000000
0  19.623783 -25.292440 57.717411  -0.503626 -0.819300 -0.274058  0.951172 0.006348 1 0 1.000000
0  18.740995 -25.743803 59.614544  -0.381457 -0.910465 -0.159822  0.950684 0.007324 1 0 1.000000
interior
0  19.759670 -25.876848 59.477486  -0.162715 -0.765772 0.622187  0.951172 0.007324 1 0 1.000000
0  18.740995 -25.743803 59.614544  -0.381457 -0.910465 -0.159822  0.950684 0.007324 1 0 1.000000
0  19.623783 -25.292440 57.717411  -0.503626 -0.819300 -0.274058  0.951172 0.006348 1 0 1.000000
interior
0  19.516220 -25.432926 60.008446  0.059517 -0.567171 0.821447  0.951172 0.007813 1 0 1.000000
0  18.740995 -25.743803 59.614544  -0.381457 -0.910465 -0.159822  0.950684 0.007324 1 0 1.000000
0  19.759670 -25.876848 59.477486  -0.162715 -0.765772 0.622187  0.951172 0.007324 1 0 1.000000
interior
0  19.442976 -26.342955 61.118675  0.002485 -0.953502 -0.301377  0.951172 0.008301 1 0 1.000000
0  18.740995 -25.743803 59.614544  -0.381457 -0.910465 -0.159822  0.950684 0.007324 1 0 1.000000
0  19.516220 -25.432926 60.008446  0.531511 -0.671957 -0.515723  0.951172 0.007813 1 0 1.000000
interior
0  19.442976 -26.342955 61.118675  0.002381 -0.953472 -0.301471  0.951172 0.008301 1 0 1.000000
0  19.516220 -25.432926 60.008446  0.994724 0.001885 -0.102567  0.951172 0.007813 1 0 1.000000
0  19.649807 -24.792013 61.315804  0.738829 0.650769 0.175021  0.951172 0.008301 1 0 1.000000
interior
0  19.516220 -25.432926 60.008446  0.994724 0.001885 -0.102567  0.951172 0.007813 1 0 1.000000
0  19.407980 -24.273088 60.289192  0.491421 0.810536 0.318647  0.951172 0.007813 1 0 1.000000
0  19.649807 -24.792013 61.315804  0.738829 0.650769 0.175021  0.951172 0.008301 1 0 1.000000
interior
0  19.945799 -24.354631 59.871254  0.224333 0.781189 0.582596  0.951172 0.007813 1 0 1.000000
0  19.372351 -23.830070 59.326805  0.389915 0.841042 0.374985  0.951172 0.007324 1 0 1.000000
0  19.407980 -24.273088 60.289192  0.491421 0.810536 0.318647  0.951172 0.007813 1 0 1.000000
interior
0  19.623783 -25.292440 57.717411  -0.503767 -0.819238 -0.273984  0.951172 0.006348 1 0 1.000000
0  22.912386 -28.495846 57.946884  -0.731462 -0.649011 -0.209161  0.953125 0.006348 1 0 1.000000
0  19.759670 -25.876848 59.477486  -0.679324 -0.710532 -0.183475  0.951172 0.007324 1 0 1.000000
interior
0  20.459217 -25.393961 62.559212  0.828566 -0.039512 -0.558495  0.951660 0.009277 1 0 1.000000
0  19.442976 -26.342955 61.118675  0.002470 -0.953493 -0.301405  0.951172 0.008301 1 0 1.000000
0  19.649807 -24.792013 61.315804  0.828566 -0.039512 -0.558495  0.951172 0.008301 1 0 1.000000
interior
0  26.412100 -27.989916 66.090546  0.000001 -0.775143 0.631786  0.955078 0.011230 1 0 1.000000
0  24.637461 -27.905489 65.915283  -0.169355 -0.773740 0.610447  0.954102 0.011230 1 0 1.000000
0  26.412100 -28.209419 65.148407  -0.000001 -0.977700 0.210005  0.955078 0.010742 1 0 1.000000
interior
0  24.733528 -28.106951 64.933273  -0.167134 -0.971972 0.165336  0.954102 0.010742 1 0 1.000000
0  26.412100 -28.209419 65.148407  -0.000001 -0.977700 0.210005  0.955078 0.010742 1 0 1.000000
0  24.637461 -27.905489 65.915283  -0.169355 -0.773740 0.610447  0.954102 0.011230 1 0 1.000000
interior
0  24.637461 -27.905489 65.915283  -0.169355 -0.773740 0.610447  0.954102 0.011230 1 0 1.000000
0  22.655001 -27.603815 65.288078  -0.368557 -0.756521 0.540224  0.953125 0.010742 1 0 1.000000
0  24.733528 -28.106951 64.933273  -0.167134 -0.971972 0.165336  0.954102 0.010742 1 0 1.000000
interior
0  22.920595 -27.757788 64.546951  -0.286287 -0.951698 0.110953  0.953125 0.010254 1 0 1.000000
0  24.733528 -28.106951 64.933273  -0.167134 -0.971972 0.165336  0.954102 0.010742 1 0 1.000000
0  22.655001 -27.603815 65.288078  -0.368557 -0.756521 0.540224  0.953125 0.010742 1 0 1.000000
interior
0  22.655001 -27.603815 65.288078  -0.368557 -0.756521 0.540224  0.953125 0.010742 1 0 1.000000
0  20.903454 -27.100815 64.241760  -0.552501 -0.703945 0.446323  0.951660 0.010254 1 0 1.000000
0  22.920595 -27.757788 64.546951  -0.286287 -0.951698 0.110953  0.953125 0.010254 1 0 1.000000
interior
0  21.453810 -27.399471 63.435909  -0.402912 -0.914409 0.038970  0.952148 0.009766 1 0 1.000000
0  22.920595 -27.757788 64.546951  -0.286287 -0.951698 0.110953  0.953125 0.010254 1 0 1.000000
0  20.903454 -27.100815 64.241760  -0.552501 -0.703945 0.446323  0.951660 0.010254 1 0 1.000000
interior
0  19.500526 -26.439240 62.863186  -0.716806 -0.625462 0.308199  0.951172 0.009277 1 0 1.000000
0  21.453810 -27.399471 63.435909  -0.402912 -0.914409 0.038970  0.952148 0.009766 1 0 1.000000
0  20.903454 -27.100815 64.241760  -0.552501 -0.703945 0.446323  0.951660 0.010254 1 0 1.000000
interior
0  19.500526 -26.439240 62.863186  -0.716806 -0.625462 0.308199  0.951172 0.009277 1 0 1.000000
0  19.442976 -26.342955 61.118675  0.002485 -0.953502 -0.301377  0.951172 0.008301 1 0 1.000000
0  21.453810 -27.399471 63.435909  -0.402912 -0.914409 0.038970  0.952148 0.009766 1 0 1.000000
interior
0  19.500526 -26.439240 62.863186  -0.716806 -0.625462 0.308199  0.951172 0.009277 1 0 1.000000
0  18.641054 -25.760622 61.452053  -0.861810 -0.455467 0.223232  0.950684 0.008789 1 0 1.000000
0  19.442976 -26.342955 61.118675  0.002485 -0.953502 -0.301377  0.951172 0.008301 1 0 1.000000
interior
0  19.442976 -26.342955 61.118675  0.002485 -0.953502 -0.301377  0.951172 0.008301 1 0 1.000000
0  18.641054 -25.760622 61.452053  -0.861810 -0.455467 0.223232  0.950684 0.008789 1 0 1.000000
0  18.193844 -25.180506 60.243595  -0.900045 -0.426815 0.088020  0.950195 0.007813 1 0 1.000000
interior
0  18.193844 -25.180506 60.243595  -0.900045 -0.426815 0.088020  0.950195 0.007813 1 0 1.000000
0  18.740995 -25.743803 59.614544  -0.381457 -0.910465 -0.159822  0.950684 0.007324 1 0 1.000000
0  19.442976 -26.342955 61.118675  0.002485 -0.953502 -0.301377  0.951172 0.008301 1 0 1.000000
interior
0  18.193844 -25.180506 60.243595  -0.900045 -0.426815 0.088020  0.950195 0.007813 1 0 1.000000
0  17.973801 -24.575169 58.982193  -0.977007 -0.207970 -0.046966  0.950195 0.007324 1 0 1.000000
0  18.740995 -25.743803 59.614544  -0.381457 -0.910465 -0.159822  0.950684 0.007324 1 0 1.000000
interior
0  18.740995 -25.743803 59.614544  -0.381457 -0.910465 -0.159822  0.950684 0.007324 1 0 1.000000
0  17.973801 -24.575169 58.982193  -0.977007 -0.207970 -0.046966  0.950195 0.007324 1 0 1.000000
0  18.790787 -24.688553 57.386604  -0.054074 -0.829761 -0.555493  0.950684 0.006348 1 0 1.000000
interior
0  17.972582 -23.997616 57.778248  -0.696428 -0.616600 -0.367142  0.950195 0.006348 1 0 1.000000
0  18.790787 -24.688553 57.386604  -0.054074 -0.829761 -0.555493  0.950684 0.006348 1 0 1.000000
0  17.973801 -24.575169 58.982193  -0.977007 -0.207970 -0.046966  0.950195 0.007324 1 0 1.000000
interior
0  17.972582 -23.997616 57.778248  -0.696428 -0.616600 -0.367142  0.950195 0.006348 1 0 1.000000
0  18.258789 -23.332577 56.391335  -0.675863 -0.565101 -0.473149  0.950195 0.005371 1 0 1.000000
0  18.790787 -24.688553 57.386604  -0.054074 -0.829761 -0.555493  0.950684 0.006348 1 0 1.000000
interior
0  18.258789 -23.332577 56.391335  -0.675863 -0.565101 -0.473149  0.950195 0.005371 1 0 1.000000
0  19.228167 -23.835756 55.656567  0.124570 -0.934987 -0.332088  0.950684 0.004883 1 0 1.000000
0  18.790787 -24.688553 57.386604  -0.054074 -0.829761 -0.555493  0.950684 0.006348 1 0 1.000000
interior
0  18.258789 -23.332577 56.391335  -0.675863 -0.565101 -0.473149  0.950195 0.005371 1 0 1.000000
0  18.822941 -22.701672 55.075272  -0.627755 -0.501559 -0.595283  0.950684 0.004883 1 0 1.000000
0  19.228167 -23.835756 55.656567  0.124570 -0.934987 -0.332088  0.950684 0.004883 1 0 1.000000
interior
0  19.228167 -23.835756 55.656567  0.124570 -0.934987 -0.332088  0.950684 0.004883 1 0 1.000000
0  18.822941 -22.701672 55.075272  -0.627755 -0.501559 -0.595283  0.950684 0.004883 1 0 1.000000
0  20.273314 -23.010469 53.915977  -0.063961 -0.900034 -0.431100  0.951660 0.003906 1 0 1.000000
interior
0  19.645884 -22.126467 53.874893  -0.574178 -0.439623 -0.690689  0.951172 0.003906 1 0 1.000000
0  20.273314 -23.010469 53.915977  -0.063961 -0.900034 -0.431100  0.951660 0.003906 1 0 1.000000
0  18.822941 -22.701672 55.075272  -0.627755 -0.501559 -0.595283  0.950684 0.004883 1 0 1.000000
interior
0  19.645884 -22.126467 53.874893  -0.574178 -0.439623 -0.690689  0.951172 0.003906 1 0 1.000000
0  20.699690 -21.626488 52.831276  -0.443031 -0.456356 -0.771662  0.951660 0.003418 1 0 1.000000
0  20.273314 -23.010469 53.915977  -0.063961 -0.900034 -0.431100  0.951660 0.003906 1 0 1.000000
interior
0  20.273314 -23.010469 53.915977  -0.063961 -0.900034 -0.431100  0.951660 0.003906 1 0 1.000000
0  20.660587 -22.463226 54.552204  0.768021 -0.485493 0.417661  0.951660 0.004395 1 0 1.000000
0  19.228167 -23.835756 55.656567  0.124570 -0.934987 -0.332088  0.950684 0.004883 1 0 1.000000
interior
0  19.663336 -23.092009 55.902859  0.966822 -0.169346 0.191249  0.951172 0.005371 1 0 1.000000
0  19.228167 -23.835756 55.656567  0.124570 -0.934987 -0.332088  0.950684 0.004883 1 0 1.000000
0  20.660587 -22.463226 54.552204  0.768021 -0.485493 0.417661  0.951660 0.004395 1 0 1.000000
interior
0  19.663336 -23.092009 55.902859  0.966822 -0.169346 0.191249  0.951172 0.005371 1 0 1.000000
0  18.790787 -24.688553 57.386604  -0.054074 -0.829761 -0.555493  0.950684 0.006348 1 0 1.000000
0  19.228167 -23.835756 55.656567  0.124570 -0.934987 -0.332088  0.950684 0.004883 1 0 1.000000
interior
0  19.440857 -23.857040 57.644260  0.775050 -0.478630 -0.412567  0.951172 0.006348 1 0 1.000000
0  18.790787 -24.688553 57.386604  -0.054074 -0.829761 -0.555493  0.950684 0.006348 1 0 1.000000
0  19.663336 -23.092009 55.902859  0.966822 -0.169346 0.191249  0.951172 0.005371 1 0 1.000000
interior
0  19.767561 -24.296766 58.229023  0.743210 -0.196441 -0.639570  0.951172 0.006836 1 0 1.000000
0  18.790787 -24.688553 57.386604  -0.054074 -0.829761 -0.555493  0.950684 0.006348 1 0 1.000000
0  19.440857 -23.857040 57.644260  0.775050 -0.478630 -0.412567  0.951172 0.006348 1 0 1.000000
interior
0  21.948374 -21.218784 51.980061  -0.324146 -0.476277 -0.817367  0.952637 0.002930 1 0 1.000000
0  21.780783 -22.463362 52.793800  -0.264870 -0.773528 -0.575759  0.952637 0.003418 1 0 1.000000
0  20.699690 -21.626488 52.831276  -0.443031 -0.456356 -0.771662  0.951660 0.003418 1 0 1.000000
interior
0  21.780783 -22.463362 52.793800  -0.264870 -0.773528 -0.575759  0.952637 0.003418 1 0 1.000000
0  20.273314 -23.010469 53.915977  -0.063961 -0.900034 -0.431100  0.951660 0.003906 1 0 1.000000
0  20.699690 -21.626488 52.831276  -0.443031 -0.456356 -0.771662  0.951660 0.003418 1 0 1.000000
interior
0  21.780783 -22.463362 52.793800  -0.264870 -0.773528 -0.575759  0.952637 0.003418 1 0 1.000000
0  21.480553 -22.143557 53.840393  0.513216 -0.693366 0.505820  0.952148 0.003906 1 0 1.000000
0  20.273314 -23.010469 53.915977  -0.063961 -0.900034 -0.431100  0.951660 0.003906 1 0 1.000000
interior
0  20.660587 -22.463226 54.552204  0.768021 -0.485493 0.417661  0.951660 0.004395 1 0 1.000000
0  20.273314 -23.010469 53.915977  -0.063961 -0.900034 -0.431100  0.951660 0.003906 1 0 1.000000
0  21.480553 -22.143557 53.840393  0.513216 -0.693366 0.505820  0.952148 0.003906 1 0 1.000000
interior
0  20.660587 -22.463226 54.552204  0.768021 -0.485493 0.417661  0.951660 0.004395 1 0 1.000000
0  21.480553 -22.143557 53.840393  0.513216 -0.693366 0.505820  0.952148 0.003906 1 0 1.000000
0  20.619907 -21.834082 54.923374  0.754057 -0.264851 0.601042  0.951660 0.004395 1 0 1.000000
interior
0  20.619907 -21.834082 54.923374  0.754057 -0.264851 0.601042  0.951660 0.004395 1 0 1.000000
0  19.905701 -22.222439 55.900692  0.867564 -0.246043 0.432199  0.951172 0.005371 1 0 1.000000
0  20.660587 -22.463226 54.552204  0.768021 -0.485493 0.417661  0.951660 0.004395 1 0 1.000000
interior
0  19.663336 -23.092009 55.902859  0.966822 -0.169346 0.191249  0.951172 0.005371 1 0 1.000000
0  20.660587 -22.463226 54.552204  0.768021 -0.485493 0.417661  0.951660 0.004395 1 0 1.000000
0  19.905701 -22.222439 55.900692  0.867564 -0.246043 0.432199  0.951172 0.005371 1 0 1.000000
interior
0  19.905701 -22.222439 55.900692  0.867564 -0.246043 0.432199  0.951172 0.005371 1 0 1.000000
0  19.421015 -22.760391 57.030132  0.926354 -0.257505 0.274882  0.951172 0.005859 1 0 1.000000
0  19.663336 -23.092009 55.902859  0.966822 -0.169346 0.191249  0.951172 0.005371 1 0 1.000000
interior
0  21.534626 -21.424034 54.013485  0.735229 -0.210273 0.644378  0.952148 0.003906 1 0 1.000000
0  20.619907 -21.834082 54.923374  0.754057 -0.264851 0.601042  0.951660 0.004395 1 0 1.000000
0  21.480553 -22.143557 53.840393  0.513216 -0.693366 0.505820  0.952148 0.003906 1 0 1.000000
interior
0  19.663336 -23.092009 55.902859  0.966858 -0.169151 0.191241  0.951172 0.005371 1 0 1.000000
0  19.421015 -22.760391 57.030132  0.712124 0.574102 0.404087  0.951172 0.005859 1 0 1.000000
0  19.440857 -23.857040 57.644260  0.972263 0.228758 -0.048728  0.951172 0.006348 1 0 1.000000
interior
0  19.325266 -23.244312 58.054443  0.746532 0.647173 0.154458  0.950684 0.006348 1 0 1.000000
0  19.440857 -23.857040 57.644260  0.972263 0.228758 -0.048728  0.951172 0.006348 1 0 1.000000
0  19.421015 -22.760391 57.030132  0.712124 0.574102 0.404087  0.951172 0.005859 1 0 1.000000
interior
0  19.440857 -23.857040 57.644260  0.972263 0.228758 -0.048728  0.951172 0.006348 1 0 1.000000
0  19.325266 -23.244312 58.054443  0.746532 0.647173 0.154458  0.950684 0.006348 1 0 1.000000
0  19.767561 -24.296766 58.229023  0.672488 0.390785 -0.628528  0.951172 0.006836 1 0 1.000000
interior
0  19.913595 -23.983456 58.955402  0.407310 0.873632 0.266204  0.951172 0.007324 1 0 1.000000
0  19.767561 -24.296766 58.229023  0.672488 0.390785 -0.628528  0.951172 0.006836 1 0 1.000000
0  19.325266 -23.244312 58.054443  0.746532 0.647173 0.154458  0.950684 0.006348 1 0 1.000000
interior
0  19.372351 -23.830070 59.326805  0.389915 0.841042 0.374985  0.951172 0.007324 1 0 1.000000
0  19.913595 -23.983456 58.955402  0.407310 0.873632 0.266204  0.951172 0.007324 1 0 1.000000
0  19.325266 -23.244312 58.054443  0.746532 0.647173 0.154458  0.950684 0.006348 1 0 1.000000
interior
0  19.913595 -23.983456 58.955402  0.407310 0.873632 0.266204  0.951172 0.007324 1 0 1.000000
0  19.372351 -23.830070 59.326805  0.389915 0.841042 0.374985  0.951172 0.007324 1 0 1.000000
0  19.945799 -24.354631 59.871254  0.224333 0.781189 0.582596  0.951172 0.007813 1 0 1.000000
interior
0  19.945799 -24.354631 59.871254  0.224333 0.781189 0.582596  0.951172 0.007813 1 0 1.000000
0  22.859755 -24.452814 59.385166  0.110865 0.947074 0.301263  0.953125 0.007324 1 0 1.000000
0  19.913595 -23.983456 58.955402  0.407310 0.873632 0.266204  0.951172 0.007324 1 0 1.000000
interior
0  19.945799 -24.354631 59.871254  0.224333 0.781189 0.582596  0.951172 0.007813 1 0 1.000000
0  23.591909 -24.700050 59.946075  -0.001290 0.779658 0.626204  0.953613 0.007813 1 0 1.000000
0  22.859755 -24.452814 59.385166  0.110865 0.947074 0.301263  0.953125 0.007324 1 0 1.000000
interior
0  19.945799 -24.354631 59.871254  0.224333 0.781189 0.582596  0.951172 0.007813 1 0 1.000000
0  20.025715 -24.867733 60.176941  0.092718 0.335927 0.937313  0.951172 0.007813 1 0 1.000000
0  23.591909 -24.700050 59.946075  -0.001290 0.779658 0.626204  0.953613 0.007813 1 0 1.000000
interior
0  23.591909 -24.700050 59.946075  -0.001290 0.779658 0.626204  0.953613 0.007813 1 0 1.000000
0  20.025715 -24.867733 60.176941  0.092718 0.335927 0.937313  0.951172 0.007813 1 0 1.000000
0  23.622845 -25.330639 60.356750  0.013840 0.546153 0.837571  0.953613 0.007813 1 0 1.000000
interior
0  23.591909 -24.700050 59.946075  -0.001290 0.779658 0.626204  0.953613 0.007813 1 0 1.000000
0  23.622845 -25.330639 60.356750  0.013840 0.546153 0.837571  0.953613 0.007813 1 0 1.000000
0  29.201405 -25.330639 60.356747  -0.009699 0.546038 0.837704  0.957031 0.007813 1 0 1.000000
interior
0  29.201405 -25.330639 60.356747  -0.009699 0.546038 0.837704  0.957031 0.007813 1 0 1.000000
0  29.232300 -24.700050 59.946072  -0.003160 0.772437 0.635084  0.957031 0.007813 1 0 1.000000
0  23.591909 -24.700050 59.946075  -0.001290 0.779658 0.626204  0.953613 0.007813 1 0 1.000000
interior
0  29.201405 -25.330639 60.356747  -0.009699 0.546038 0.837704  0.957031 0.007813 1 0 1.000000
0  32.798485 -24.867733 60.176937  -0.147781 0.275204 0.949960  0.958984 0.007813 1 0 1.000000
0  29.232300 -24.700050 59.946072  -0.003160 0.772437 0.635084  0.957031 0.007813 1 0 1.000000
interior
0  32.878407 -24.354631 59.871250  -0.224646 0.781117 0.582572  0.958984 0.007813 1 0 1.000000
0  29.232300 -24.700050 59.946072  -0.003160 0.772437 0.635084  0.957031 0.007813 1 0 1.000000
0  32.798485 -24.867733 60.176937  -0.147781 0.275204 0.949960  0.958984 0.007813 1 0 1.000000
interior
0  29.964495 -24.452814 59.385162  -0.110865 0.947075 0.301259  0.957520 0.007324 1 0 1.000000
0  29.232300 -24.700050 59.946072  -0.003160 0.772437 0.635084  0.957031 0.007813 1 0 1.000000
0  32.878407 -24.354631 59.871250  -0.224646 0.781117 0.582572  0.958984 0.007813 1 0 1.000000
interior
0  32.910652 -23.983456 58.955399  -0.407308 0.873640 0.266181  0.958984 0.007324 1 0 1.000000
0  29.964495 -24.452814 59.385162  -0.110865 0.947075 0.301259  0.957520 0.007324 1 0 1.000000
0  32.878407 -24.354631 59.871250  -0.224646 0.781117 0.582572  0.958984 0.007813 1 0 1.000000
interior
0  29.608431 -24.424450 59.012455  0.258022 0.918119 0.300802  0.957031 0.007324 1 0 1.000000
0  29.232300 -24.700050 59.946072  -0.003160 0.772437 0.635084  0.957031 0.007813 1 0 1.000000
0  29.964495 -24.452814 59.385162  -0.110865 0.947075 0.301259  0.957520 0.007324 1 0 1.000000
interior
0  19.767561 -24.296766 58.229023  0.672373 0.390733 -0.628684  0.951172 0.006836 1 0 1.000000
0  19.623783 -25.292440 57.717411  0.345204 0.315721 -0.883829  0.951172 0.006348 1 0 1.000000
0  18.790787 -24.688553 57.386604  0.541368 0.321100 -0.777056  0.950684 0.006348 1 0 1.000000
interior
0  30.808317 -21.380241 54.057812  -0.109510 0.865489 0.488811  0.958008 0.003906 1 0 1.000000
0  30.039177 -21.202232 53.511745  -0.395054 0.873446 0.284650  0.957520 0.003906 1 0 1.000000
0  29.491034 -22.473330 55.170021  -0.002316 0.769768 0.638320  0.957031 0.004883 1 0 1.000000
interior
0  28.929676 -22.167370 54.916832  0.144860 0.727093 0.671082  0.956543 0.004395 1 0 1.000000
0  29.491034 -22.473330 55.170021  -0.002316 0.769768 0.638320  0.957031 0.004883 1 0 1.000000
0  30.039177 -21.202232 53.511745  -0.395054 0.873446 0.284650  0.957520 0.003906 1 0 1.000000
interior
0  29.491034 -22.473330 55.170021  -0.002316 0.769768 0.638320  0.957031 0.004883 1 0 1.000000
0  28.929676 -22.167370 54.916832  0.144860 0.727093 0.671082  0.956543 0.004395 1 0 1.000000
0  29.099113 -22.961359 55.692688  0.308645 0.762579 0.568517  0.957031 0.004883 1 0 1.000000
interior
0  28.587635 -22.464895 55.350021  0.164910 0.917478 0.361993  0.956543 0.004883 1 0 1.000000
0  29.099113 -22.961359 55.692688  0.308645 0.762579 0.568517  0.957031 0.004883 1 0 1.000000
0  28.929676 -22.167370 54.916832  0.144860 0.727093 0.671082  0.956543 0.004395 1 0 1.000000
interior
0  29.099113 -22.961359 55.692688  0.308645 0.762579 0.568517  0.957031 0.004883 1 0 1.000000
0  28.587635 -22.464895 55.350021  0.164910 0.917478 0.361993  0.956543 0.004883 1 0 1.000000
0  29.608431 -24.424450 59.012455  0.258022 0.918119 0.300802  0.957031 0.007324 1 0 1.000000
interior
0  29.608431 -24.424450 59.012455  0.258022 0.918119 0.300802  0.957031 0.007324 1 0 1.000000
0  28.587635 -22.464895 55.350021  0.164910 0.917478 0.361993  0.956543 0.004883 1 0 1.000000
0  29.232300 -24.700050 59.946072  -0.003160 0.772437 0.635084  0.957031 0.007813 1 0 1.000000
interior
0  28.587635 -22.464895 55.350021  0.164910 0.917478 0.361993  0.956543 0.004883 1 0 1.000000
0  24.236567 -22.464895 55.350025  -0.033720 0.976259 0.213965  0.954102 0.004883 1 0 1.000000
0  29.232300 -24.700050 59.946072  -0.003160 0.772437 0.635084  0.957031 0.007813 1 0 1.000000
interior
0  23.591909 -24.700050 59.946075  -0.001290 0.779658 0.626204  0.953613 0.007813 1 0 1.000000
0  29.232300 -24.700050 59.946072  -0.003160 0.772437 0.635084  0.957031 0.007813 1 0 1.000000
0  24.236567 -22.464895 55.350025  -0.033720 0.976259 0.213965  0.954102 0.004883 1 0 1.000000
interior
0  23.215818 -24.424450 59.012459  -0.258137 0.918083 0.300814  0.953125 0.007324 1 0 1.000000
0  23.591909 -24.700050 59.946075  -0.001290 0.779658 0.626204  0.953613 0.007813 1 0 1.000000
0  24.236567 -22.464895 55.350025  -0.033720 0.976259 0.213965  0.954102 0.004883 1 0 1.000000
interior
0  22.859755 -24.452814 59.385166  0.110865 0.947074 0.301263  0.953125 0.007324 1 0 1.000000
0  23.591909 -24.700050 59.946075  -0.001290 0.779658 0.626204  0.953613 0.007813 1 0 1.000000
0  23.215818 -24.424450 59.012459  -0.258137 0.918083 0.300814  0.953125 0.007324 1 0 1.000000
interior
0  22.556772 -21.003611 53.222607  0.239397 0.804784 0.543150  0.952637 0.003418 1 0 1.000000
0  21.534626 -21.424034 54.013485  0.105338 0.827820 0.551015  0.952148 0.003906 1 0 1.000000
0  22.015932 -21.380241 54.057816  0.109598 0.865459 0.488845  0.952637 0.003906 1 0 1.000000
interior
0  22.015932 -21.380241 54.057816  0.109598 0.865459 0.488845  0.952637 0.003906 1 0 1.000000
0  22.785069 -21.202232 53.511749  0.395061 0.873442 0.284651  0.953125 0.003906 1 0 1.000000
0  22.556772 -21.003611 53.222607  0.239397 0.804784 0.543150  0.952637 0.003418 1 0 1.000000
interior
0  22.556772 -21.003611 53.222607  0.239397 0.804784 0.543150  0.952637 0.003418 1 0 1.000000
0  22.785069 -21.202232 53.511749  0.395061 0.873442 0.284651  0.953125 0.003906 1 0 1.000000
0  23.233452 -21.559061 52.793800  0.621644 0.783299 -0.001064  0.953125 0.003418 1 0 1.000000
interior
0  23.484928 -21.738516 53.144043  0.600789 0.799105 -0.021975  0.953613 0.003418 1 0 1.000000
0  23.233452 -21.559061 52.793800  0.621644 0.783299 -0.001064  0.953125 0.003418 1 0 1.000000
0  22.785069 -21.202232 53.511749  0.395061 0.873442 0.284651  0.953125 0.003906 1 0 1.000000
interior
0  23.484928 -21.738516 53.144043  0.600789 0.799105 -0.021975  0.953613 0.003418 1 0 1.000000
0  22.785069 -21.202232 53.511749  0.395061 0.873442 0.284651  0.953125 0.003906 1 0 1.000000
0  24.362486 -22.364639 54.366074  0.540671 0.837711 0.076907  0.954102 0.004395 1 0 1.000000
interior
0  24.362486 -22.364639 54.366074  0.540671 0.837711 0.076907  0.954102 0.004395 1 0 1.000000
0  22.785069 -21.202232 53.511749  0.395061 0.873442 0.284651  0.953125 0.003906 1 0 1.000000
0  23.894529 -22.167370 54.916836  0.502587 0.851601 0.148936  0.953613 0.004395 1 0 1.000000
interior
0  23.894529 -22.167370 54.916836  0.502587 0.851601 0.148936  0.953613 0.004395 1 0 1.000000
0  24.645174 -22.566328 54.759708  0.338540 0.939972 0.042935  0.954102 0.004395 1 0 1.000000
0  24.362486 -22.364639 54.366074  0.540671 0.837711 0.076907  0.954102 0.004395 1 0 1.000000
interior
0  23.894529 -22.167370 54.916836  0.502587 0.851601 0.148936  0.953613 0.004395 1 0 1.000000
0  24.236567 -22.464895 55.350025  -0.033626 0.976292 0.213832  0.954102 0.004883 1 0 1.000000
0  24.645174 -22.566328 54.759708  0.338540 0.939972 0.042935  0.954102 0.004395 1 0 1.000000
interior
0  24.645174 -22.566328 54.759708  0.338540 0.939972 0.042935  0.954102 0.004395 1 0 1.000000
0  24.236567 -22.464895 55.350025  -0.033626 0.976292 0.213832  0.954102 0.004883 1 0 1.000000
0  28.179075 -22.566328 54.759705  -0.255432 0.966754 -0.011872  0.956055 0.004395 1 0 1.000000
interior
0  28.587635 -22.464895 55.350021  -0.130705 0.983307 0.126586  0.956543 0.004883 1 0 1.000000
0  28.179075 -22.566328 54.759705  -0.255432 0.966754 -0.011872  0.956055 0.004395 1 0 1.000000
0  24.236567 -22.464895 55.350025  -0.033626 0.976292 0.213832  0.954102 0.004883 1 0 1.000000
interior
0  28.587635 -22.464895 55.350021  -0.130705 0.983307 0.126586  0.956543 0.004883 1 0 1.000000
0  28.929676 -22.167370 54.916832  -0.502598 0.851598 0.148914  0.956543 0.004395 1 0 1.000000
0  28.179075 -22.566328 54.759705  -0.255432 0.966754 -0.011872  0.956055 0.004395 1 0 1.000000
interior
0  28.461760 -22.364639 54.366070  -0.540690 0.837700 0.076903  0.956543 0.004395 1 0 1.000000
0  28.179075 -22.566328 54.759705  -0.255432 0.966754 -0.011872  0.956055 0.004395 1 0 1.000000
0  28.929676 -22.167370 54.916832  -0.502598 0.851598 0.148914  0.956543 0.004395 1 0 1.000000
interior
0  28.929676 -22.167370 54.916832  -0.502598 0.851598 0.148914  0.956543 0.004395 1 0 1.000000
0  30.039177 -21.202232 53.511745  -0.395054 0.873446 0.284650  0.957520 0.003906 1 0 1.000000
0  28.461760 -22.364639 54.366070  -0.540690 0.837700 0.076903  0.956543 0.004395 1 0 1.000000
interior
0  29.339272 -21.738516 53.144039  -0.600767 0.799123 -0.021967  0.957031 0.003418 1 0 1.000000
0  28.461760 -22.364639 54.366070  -0.540690 0.837700 0.076903  0.956543 0.004395 1 0 1.000000
0  30.039177 -21.202232 53.511745  -0.395054 0.873446 0.284650  0.957520 0.003906 1 0 1.000000
interior
0  29.339272 -21.738516 53.144039  -0.600767 0.799123 -0.021967  0.957031 0.003418 1 0 1.000000
0  30.039177 -21.202232 53.511745  -0.395054 0.873446 0.284650  0.957520 0.003906 1 0 1.000000
0  29.590796 -21.559061 52.793797  -0.621636 0.783306 -0.001068  0.957031 0.003418 1 0 1.000000
interior
0  30.267475 -21.003611 53.222603  -0.239398 0.804783 0.543151  0.957520 0.003418 1 0 1.000000
0  29.590796 -21.559061 52.793797  -0.621636 0.783306 -0.001068  0.957031 0.003418 1 0 1.000000
0  30.039177 -21.202232 53.511745  -0.395054 0.873446 0.284650  0.957520 0.003906 1 0 1.000000
interior
0  30.267475 -21.003611 53.222603  -0.239398 0.804783 0.543151  0.957520 0.003418 1 0 1.000000
0  30.039177 -21.202232 53.511745  -0.395054 0.873446 0.284650  0.957520 0.003906 1 0 1.000000
0  30.808317 -21.380241 54.057812  -0.109510 0.865489 0.488811  0.958008 0.003906 1 0 1.000000
interior
0  30.808317 -21.380241 54.057812  -0.109510 0.865489 0.488811  0.958008 0.003906 1 0 1.000000
0  31.289623 -21.424034 54.013481  -0.105330 0.827814 0.551026  0.958008 0.003906 1 0 1.000000
0  30.267475 -21.003611 53.222603  -0.239398 0.804783 0.543151  0.957520 0.003418 1 0 1.000000
interior
0  22.015932 -21.380241 54.057816  0.109598 0.865459 0.488845  0.952637 0.003906 1 0 1.000000
0  23.333216 -22.473330 55.170025  0.002322 0.769758 0.638332  0.953125 0.004883 1 0 1.000000
0  22.785069 -21.202232 53.511749  0.395061 0.873442 0.284651  0.953125 0.003906 1 0 1.000000
interior
0  23.894529 -22.167370 54.916836  -0.144868 0.727089 0.671085  0.953613 0.004395 1 0 1.000000
0  22.785069 -21.202232 53.511749  0.395061 0.873442 0.284651  0.953125 0.003906 1 0 1.000000
0  23.333216 -22.473330 55.170025  0.002322 0.769758 0.638332  0.953125 0.004883 1 0 1.000000
interior
0  23.333216 -22.473330 55.170025  0.002322 0.769758 0.638332  0.953125 0.004883 1 0 1.000000
0  23.725132 -22.961359 55.692692  -0.308650 0.762565 0.568533  0.953613 0.004883 1 0 1.000000
0  23.894529 -22.167370 54.916836  -0.144868 0.727089 0.671085  0.953613 0.004395 1 0 1.000000
interior
0  24.236567 -22.464895 55.350025  -0.033720 0.976259 0.213965  0.954102 0.004883 1 0 1.000000
0  23.894529 -22.167370 54.916836  -0.144868 0.727089 0.671085  0.953613 0.004395 1 0 1.000000
0  23.725132 -22.961359 55.692692  -0.308650 0.762565 0.568533  0.953613 0.004883 1 0 1.000000
interior
0  24.236567 -22.464895 55.350025  -0.033720 0.976259 0.213965  0.954102 0.004883 1 0 1.000000
0  23.725132 -22.961359 55.692692  -0.308650 0.762565 0.568533  0.953613 0.004883 1 0 1.000000
0  23.215818 -24.424450 59.012459  -0.258137 0.918083 0.300814  0.953125 0.007324 1 0 1.000000
interior
0  34.830238 -23.280483 58.121998  0.762546 0.615466 0.199314  0.960449 0.006348 1 0 1.000000
0  34.851620 -23.997616 57.778244  0.995415 0.063821 -0.071247  0.960449 0.006348 1 0 1.000000
0  34.543541 -22.620897 56.737202  0.802382 0.595247 0.043186  0.959961 0.005859 1 0 1.000000
interior
0  34.543541 -22.620897 56.737202  0.802382 0.595247 0.043186  0.959961 0.005859 1 0 1.000000
0  33.973389 -22.450329 56.998154  0.007783 0.910824 0.412722  0.959961 0.005859 1 0 1.000000
0  34.830238 -23.280483 58.121998  0.762546 0.615466 0.199314  0.960449 0.006348 1 0 1.000000
interior
0  34.543541 -22.620897 56.737202  0.802382 0.595247 0.043186  0.959961 0.005859 1 0 1.000000
0  33.449188 -21.868494 55.776619  0.003095 0.900259 0.435344  0.959473 0.005371 1 0 1.000000
0  33.973389 -22.450329 56.998154  0.007783 0.910824 0.412722  0.959961 0.005859 1 0 1.000000
interior
0  33.973389 -22.450329 56.998154  0.007783 0.910824 0.412722  0.959961 0.005859 1 0 1.000000
0  33.449188 -21.868494 55.776619  0.003095 0.900259 0.435344  0.959473 0.005371 1 0 1.000000
0  33.403187 -22.760391 57.030128  -0.712113 0.574105 0.404101  0.959473 0.005859 1 0 1.000000
interior
0  32.918541 -22.222439 55.900688  -0.395109 0.710790 0.581951  0.958984 0.005371 1 0 1.000000
0  33.403187 -22.760391 57.030128  -0.712113 0.574105 0.404101  0.959473 0.005859 1 0 1.000000
0  33.449188 -21.868494 55.776619  0.003095 0.900259 0.435344  0.959473 0.005371 1 0 1.000000
interior
0  33.449188 -21.868494 55.776619  0.003095 0.900259 0.435344  0.959473 0.005371 1 0 1.000000
0  32.638248 -21.329281 54.711269  -0.038437 0.892242 0.449918  0.958984 0.004395 1 0 1.000000
0  32.918541 -22.222439 55.900688  -0.395109 0.710790 0.581951  0.958984 0.005371 1 0 1.000000
interior
0  32.204296 -21.834082 54.923370  -0.413132 0.648204 0.639651  0.958984 0.004395 1 0 1.000000
0  32.918541 -22.222439 55.900688  -0.395109 0.710790 0.581951  0.958984 0.005371 1 0 1.000000
0  32.638248 -21.329281 54.711269  -0.038437 0.892242 0.449918  0.958984 0.004395 1 0 1.000000
interior
0  32.638248 -21.329281 54.711269  -0.038437 0.892242 0.449918  0.958984 0.004395 1 0 1.000000
0  31.707788 -20.876881 53.694710  -0.037391 0.891737 0.451006  0.958496 0.003906 1 0 1.000000
0  32.204296 -21.834082 54.923370  -0.413132 0.648204 0.639651  0.958984 0.004395 1 0 1.000000
interior
0  31.289623 -21.424034 54.013481  -0.105330 0.827814 0.551026  0.958008 0.003906 1 0 1.000000
0  32.204296 -21.834082 54.923370  -0.413132 0.648204 0.639651  0.958984 0.004395 1 0 1.000000
0  31.707788 -20.876881 53.694710  -0.037391 0.891737 0.451006  0.958496 0.003906 1 0 1.000000
interior
0  31.707788 -20.876881 53.694710  -0.037391 0.891737 0.451006  0.958496 0.003906 1 0 1.000000
0  30.549847 -20.500835 52.905239  -0.022543 0.888871 0.457603  0.957520 0.003418 1 0 1.000000
0  31.289623 -21.424034 54.013481  -0.105330 0.827814 0.551026  0.958008 0.003906 1 0 1.000000
interior
0  30.267475 -21.003611 53.222603  -0.239398 0.804783 0.543151  0.957520 0.003418 1 0 1.000000
0  31.289623 -21.424034 54.013481  -0.105330 0.827814 0.551026  0.958008 0.003906 1 0 1.000000
0  30.549847 -20.500835 52.905239  -0.022543 0.888871 0.457603  0.957520 0.003418 1 0 1.000000
interior
0  30.549847 -20.500835 52.905239  -0.022543 0.888871 0.457603  0.957520 0.003418 1 0 1.000000
0  29.250969 -20.222702 52.321323  0.018331 0.922999 0.384365  0.957031 0.002930 1 0 1.000000
0  30.267475 -21.003611 53.222603  -0.239398 0.804783 0.543151  0.957520 0.003418 1 0 1.000000
interior
0  29.036789 -20.700718 52.705894  -0.124136 0.655176 0.745208  0.957031 0.003418 1 0 1.000000
0  30.267475 -21.003611 53.222603  -0.239398 0.804783 0.543151  0.957520 0.003418 1 0 1.000000
0  29.250969 -20.222702 52.321323  0.018331 0.922999 0.384365  0.957031 0.002930 1 0 1.000000
interior
0  29.250969 -20.222702 52.321323  0.018331 0.922999 0.384365  0.957031 0.002930 1 0 1.000000
0  27.855301 -20.051958 51.962826  -0.013601 0.903845 0.427644  0.956055 0.002930 1 0 1.000000
0  29.036789 -20.700718 52.705894  -0.124136 0.655176 0.745208  0.957031 0.003418 1 0 1.000000
interior
0  27.746384 -20.542826 52.374454  -0.062858 0.649418 0.757829  0.956055 0.002930 1 0 1.000000
0  29.036789 -20.700718 52.705894  -0.124136 0.655176 0.745208  0.957031 0.003418 1 0 1.000000
0  27.855301 -20.051958 51.962826  -0.013601 0.903845 0.427644  0.956055 0.002930 1 0 1.000000
interior
0  27.855301 -20.051958 51.962826  -0.013601 0.903845 0.427644  0.956055 0.002930 1 0 1.000000
0  26.412098 -19.994362 51.841961  -0.000011 0.829497 0.558511  0.955078 0.002930 1 0 1.000000
0  27.746384 -20.542826 52.374454  -0.062858 0.649418 0.757829  0.956055 0.002930 1 0 1.000000
interior
0  26.412098 -20.489607 52.262695  0.000000 0.647448 0.762110  0.955078 0.002930 1 0 1.000000
0  27.746384 -20.542826 52.374454  -0.062858 0.649418 0.757829  0.956055 0.002930 1 0 1.000000
0  26.412098 -19.994362 51.841961  -0.000011 0.829497 0.558511  0.955078 0.002930 1 0 1.000000
interior
0  26.412098 -19.994362 51.841961  -0.000011 0.829497 0.558511  0.955078 0.002930 1 0 1.000000
0  25.077816 -20.542826 52.374458  0.062863 0.649419 0.757828  0.954590 0.002930 1 0 1.000000
0  26.412098 -20.489607 52.262695  0.000000 0.647448 0.762110  0.955078 0.002930 1 0 1.000000
interior
0  33.979836 -21.995180 55.423576  0.748584 0.657415 -0.086177  0.959961 0.004883 1 0 1.000000
0  33.449188 -21.868494 55.776619  0.003095 0.900259 0.435344  0.959473 0.005371 1 0 1.000000
0  34.543541 -22.620897 56.737202  0.802382 0.595247 0.043186  0.959961 0.005859 1 0 1.000000
interior
0  33.979836 -21.995180 55.423576  0.748584 0.657415 -0.086177  0.959961 0.004883 1 0 1.000000
0  32.638248 -21.329281 54.711269  -0.038437 0.892242 0.449918  0.958984 0.004395 1 0 1.000000
0  33.449188 -21.868494 55.776619  0.003095 0.900259 0.435344  0.959473 0.005371 1 0 1.000000
interior
0  32.638248 -21.329281 54.711269  -0.038437 0.892242 0.449918  0.958984 0.004395 1 0 1.000000
0  33.979836 -21.995180 55.423576  0.748584 0.657415 -0.086177  0.959961 0.004883 1 0 1.000000
0  33.158382 -21.424664 54.225857  0.669202 0.714368 -0.204566  0.959473 0.004395 1 0 1.000000
interior
0  33.158382 -21.424664 54.225857  0.669202 0.714368 -0.204566  0.959473 0.004395 1 0 1.000000
0  31.707788 -20.876881 53.694710  -0.037391 0.891737 0.451006  0.958496 0.003906 1 0 1.000000
0  32.638248 -21.329281 54.711269  -0.038437 0.892242 0.449918  0.958984 0.004395 1 0 1.000000
interior
0  31.707788 -20.876881 53.694710  -0.037391 0.891737 0.451006  0.958496 0.003906 1 0 1.000000
0  33.158382 -21.424664 54.225857  0.669202 0.714368 -0.204566  0.959473 0.004395 1 0 1.000000
0  32.107143 -20.928791 53.184723  0.585634 0.715472 -0.380963  0.958496 0.003418 1 0 1.000000
interior
0  32.107143 -20.928791 53.184723  0.585634 0.715472 -0.380963  0.958496 0.003418 1 0 1.000000
0  30.549847 -20.500835 52.905239  -0.022543 0.888871 0.457603  0.957520 0.003418 1 0 1.000000
0  31.707788 -20.876881 53.694710  -0.037391 0.891737 0.451006  0.958496 0.003906 1 0 1.000000
interior
0  30.549847 -20.500835 52.905239  -0.022543 0.888871 0.457603  0.957520 0.003418 1 0 1.000000
0  32.107143 -20.928791 53.184723  0.585634 0.715472 -0.380963  0.958496 0.003418 1 0 1.000000
0  30.861893 -20.524424 52.335762  0.414810 0.813022 -0.408568  0.958008 0.002930 1 0 1.000000
interior
0  30.549847 -20.500835 52.905239  -0.022543 0.888871 0.457603  0.957520 0.003418 1 0 1.000000
0  30.861893 -20.524424 52.335762  0.414810 0.813022 -0.408568  0.958008 0.002930 1 0 1.000000
0  29.250969 -20.222702 52.321323  0.018331 0.922999 0.384365  0.957031 0.002930 1 0 1.000000
interior
0  29.250969 -20.222702 52.321323  0.018331 0.922999 0.384365  0.957031 0.002930 1 0 1.000000
0  27.964262 -20.041716 51.322273  0.141939 0.855857 -0.497354  0.956055 0.002441 1 0 1.000000
0  27.855301 -20.051958 51.962826  -0.013601 0.903845 0.427644  0.956055 0.002930 1 0 1.000000
interior
0  29.250969 -20.222702 52.321323  0.018331 0.922999 0.384365  0.957031 0.002930 1 0 1.000000
0  29.465103 -20.225321 51.707832  0.302078 0.768887 -0.563527  0.957031 0.002441 1 0 1.000000
0  27.964262 -20.041716 51.322273  0.141939 0.855857 -0.497354  0.956055 0.002441 1 0 1.000000
interior
0  29.465103 -20.225321 51.707832  0.302078 0.768887 -0.563527  0.957031 0.002441 1 0 1.000000
0  29.250969 -20.222702 52.321323  0.018331 0.922999 0.384365  0.957031 0.002930 1 0 1.000000
0  30.861893 -20.524424 52.335762  0.414810 0.813022 -0.408568  0.958008 0.002930 1 0 1.000000
interior
0  29.465103 -20.225321 51.707832  0.302078 0.768887 -0.563527  0.957031 0.002441 1 0 1.000000
0  30.861893 -20.524424 52.335762  0.414810 0.813022 -0.408568  0.958008 0.002930 1 0 1.000000
0  29.474844 -20.917198 51.350410  0.389793 0.426806 -0.816026  0.957031 0.002441 1 0 1.000000
interior
0  30.875874 -21.218784 51.980057  0.552342 0.388564 -0.737520  0.958008 0.002930 1 0 1.000000
0  29.474844 -20.917198 51.350410  0.389793 0.426806 -0.816026  0.957031 0.002441 1 0 1.000000
0  30.861893 -20.524424 52.335762  0.414810 0.813022 -0.408568  0.958008 0.002930 1 0 1.000000
interior
0  30.861893 -20.524424 52.335762  0.414810 0.813022 -0.408568  0.958008 0.002930 1 0 1.000000
0  32.107143 -20.928791 53.184723  0.585634 0.715472 -0.380963  0.958496 0.003418 1 0 1.000000
0  30.875874 -21.218784 51.980057  0.552342 0.388564 -0.737520  0.958008 0.002930 1 0 1.000000
interior
0  32.124554 -21.626488 52.831272  0.673795 0.347241 -0.652245  0.958496 0.003418 1 0 1.000000
0  30.875874 -21.218784 51.980057  0.552342 0.388564 -0.737520  0.958008 0.002930 1 0 1.000000
0  32.107143 -20.928791 53.184723  0.585634 0.715472 -0.380963  0.958496 0.003418 1 0 1.000000
interior
0  32.124554 -21.626488 52.831272  0.673795 0.347241 -0.652245  0.958496 0.003418 1 0 1.000000
0  32.107143 -20.928791 53.184723  0.585634 0.715472 -0.380963  0.958496 0.003418 1 0 1.000000
0  33.178322 -22.126467 53.874889  0.778901 0.298354 -0.551633  0.959473 0.003906 1 0 1.000000
interior
0  33.158382 -21.424664 54.225857  0.669202 0.714368 -0.204566  0.959473 0.004395 1 0 1.000000
0  33.178322 -22.126467 53.874889  0.778901 0.298354 -0.551633  0.959473 0.003906 1 0 1.000000
0  32.107143 -20.928791 53.184723  0.585634 0.715472 -0.380963  0.958496 0.003418 1 0 1.000000
interior
0  33.178322 -22.126467 53.874889  0.778901 0.298354 -0.551633  0.959473 0.003906 1 0 1.000000
0  33.158382 -21.424664 54.225857  0.669202 0.714368 -0.204566  0.959473 0.004395 1 0 1.000000
0  34.001305 -22.701672 55.075268  0.880802 0.230952 -0.413338  0.959961 0.004883 1 0 1.000000
interior
0  33.979836 -21.995180 55.423576  0.748584 0.657415 -0.086177  0.959961 0.004883 1 0 1.000000
0  34.001305 -22.701672 55.075268  0.880802 0.230952 -0.413338  0.959961 0.004883 1 0 1.000000
0  33.158382 -21.424664 54.225857  0.669202 0.714368 -0.204566  0.959473 0.004395 1 0 1.000000
interior
0  34.001305 -22.701672 55.075268  0.880802 0.230952 -0.413338  0.959961 0.004883 1 0 1.000000
0  33.979836 -21.995180 55.423576  0.748584 0.657415 -0.086177  0.959961 0.004883 1 0 1.000000
0  34.565460 -23.332577 56.391331  0.952696 0.156427 -0.260577  0.959961 0.005371 1 0 1.000000
interior
0  34.543541 -22.620897 56.737202  0.802382 0.595247 0.043186  0.959961 0.005859 1 0 1.000000
0  34.565460 -23.332577 56.391331  0.952696 0.156427 -0.260577  0.959961 0.005371 1 0 1.000000
0  33.979836 -21.995180 55.423576  0.748584 0.657415 -0.086177  0.959961 0.004883 1 0 1.000000
interior
0  34.565460 -23.332577 56.391331  0.952696 0.156427 -0.260577  0.959961 0.005371 1 0 1.000000
0  34.543541 -22.620897 56.737202  0.802382 0.595247 0.043186  0.959961 0.005859 1 0 1.000000
0  34.851620 -23.997616 57.778244  0.995415 0.063821 -0.071247  0.960449 0.006348 1 0 1.000000
interior
0  29.474844 -20.917198 51.350410  0.389793 0.426806 -0.816026  0.957031 0.002441 1 0 1.000000
0  27.969271 -20.732019 50.963772  0.213983 0.451312 -0.866331  0.956055 0.002441 1 0 1.000000
0  29.465103 -20.225321 51.707832  0.302078 0.768887 -0.563527  0.957031 0.002441 1 0 1.000000
interior
0  27.964262 -20.041716 51.322273  0.141939 0.855857 -0.497354  0.956055 0.002441 1 0 1.000000
0  29.465103 -20.225321 51.707832  0.302078 0.768887 -0.563527  0.957031 0.002441 1 0 1.000000
0  27.969271 -20.732019 50.963772  0.213983 0.451312 -0.866331  0.956055 0.002441 1 0 1.000000
interior
0  27.969271 -20.732019 50.963772  0.213983 0.451312 -0.866331  0.956055 0.002441 1 0 1.000000
0  26.412098 -20.669600 50.833435  -0.000004 0.461489 -0.887146  0.955078 0.001953 1 0 1.000000
0  27.964262 -20.041716 51.322273  0.141939 0.855857 -0.497354  0.956055 0.002441 1 0 1.000000
interior
0  26.412098 -19.979795 51.192295  0.000033 0.946275 -0.323364  0.955078 0.002441 1 0 1.000000
0  27.964262 -20.041716 51.322273  0.141939 0.855857 -0.497354  0.956055 0.002441 1 0 1.000000
0  26.412098 -20.669600 50.833435  -0.000004 0.461489 -0.887146  0.955078 0.001953 1 0 1.000000
interior
0  26.412098 -19.979795 51.192295  0.000033 0.946275 -0.323364  0.955078 0.002441 1 0 1.000000
0  26.412098 -20.669600 50.833435  -0.000004 0.461489 -0.887146  0.955078 0.001953 1 0 1.000000
0  24.859983 -20.041716 51.322277  -0.141910 0.855884 -0.497317  0.954102 0.002441 1 0 1.000000
interior
0  24.854979 -20.732019 50.963776  -0.213983 0.451454 -0.866256  0.954102 0.002441 1 0 1.000000
0  24.859983 -20.041716 51.322277  -0.141910 0.855884 -0.497317  0.954102 0.002441 1 0 1.000000
0  26.412098 -20.669600 50.833435  -0.000004 0.461489 -0.887146  0.955078 0.001953 1 0 1.000000
interior
0  24.859983 -20.041716 51.322277  -0.141910 0.855884 -0.497317  0.954102 0.002441 1 0 1.000000
0  24.854979 -20.732019 50.963776  -0.213983 0.451454 -0.866256  0.954102 0.002441 1 0 1.000000
0  23.359146 -20.225321 51.707836  -0.302071 0.768889 -0.563528  0.953125 0.002441 1 0 1.000000
interior
0  23.349407 -20.917198 51.350414  -0.389784 0.426970 -0.815944  0.953125 0.002441 1 0 1.000000
0  23.359146 -20.225321 51.707836  -0.302071 0.768889 -0.563528  0.953125 0.002441 1 0 1.000000
0  24.854979 -20.732019 50.963776  -0.213983 0.451454 -0.866256  0.954102 0.002441 1 0 1.000000
interior
0  18.280706 -22.620897 56.737206  -0.802383 0.595244 0.043190  0.950195 0.005859 1 0 1.000000
0  18.258789 -23.332577 56.391335  -0.952692 0.156540 -0.260525  0.950195 0.005371 1 0 1.000000
0  17.972582 -23.997616 57.778248  -0.995414 0.063815 -0.071262  0.950195 0.006348 1 0 1.000000
interior
0  18.280706 -22.620897 56.737206  -0.802383 0.595244 0.043190  0.950195 0.005859 1 0 1.000000
0  18.844366 -21.995180 55.423580  -0.748588 0.657417 -0.086131  0.950684 0.004883 1 0 1.000000
0  18.258789 -23.332577 56.391335  -0.952692 0.156540 -0.260525  0.950195 0.005371 1 0 1.000000
interior
0  18.844366 -21.995180 55.423580  -0.748588 0.657417 -0.086131  0.950684 0.004883 1 0 1.000000
0  18.822941 -22.701672 55.075272  -0.880802 0.231019 -0.413302  0.950684 0.004883 1 0 1.000000
0  18.258789 -23.332577 56.391335  -0.952692 0.156540 -0.260525  0.950195 0.005371 1 0 1.000000
interior
0  18.844366 -21.995180 55.423580  -0.748588 0.657417 -0.086131  0.950684 0.004883 1 0 1.000000
0  19.665817 -21.424664 54.225861  -0.669204 0.714363 -0.204575  0.951172 0.004395 1 0 1.000000
0  18.822941 -22.701672 55.075272  -0.880802 0.231019 -0.413302  0.950684 0.004883 1 0 1.000000
interior
0  19.665817 -21.424664 54.225861  -0.669204 0.714363 -0.204575  0.951172 0.004395 1 0 1.000000
0  19.645884 -22.126467 53.874893  -0.778899 0.298411 -0.551603  0.951172 0.003906 1 0 1.000000
0  18.822941 -22.701672 55.075272  -0.880802 0.231019 -0.413302  0.950684 0.004883 1 0 1.000000
interior
0  19.665817 -21.424664 54.225861  -0.669204 0.714363 -0.204575  0.951172 0.004395 1 0 1.000000
0  20.717098 -20.928791 53.184727  -0.585653 0.715434 -0.381003  0.951660 0.003418 1 0 1.000000
0  19.645884 -22.126467 53.874893  -0.778899 0.298411 -0.551603  0.951172 0.003906 1 0 1.000000
interior
0  19.645884 -22.126467 53.874893  -0.778899 0.298411 -0.551603  0.951172 0.003906 1 0 1.000000
0  20.717098 -20.928791 53.184727  -0.585653 0.715434 -0.381003  0.951660 0.003418 1 0 1.000000
0  20.699690 -21.626488 52.831276  -0.673785 0.347244 -0.652254  0.951660 0.003418 1 0 1.000000
interior
0  20.699690 -21.626488 52.831276  -0.673785 0.347244 -0.652254  0.951660 0.003418 1 0 1.000000
0  20.717098 -20.928791 53.184727  -0.585653 0.715434 -0.381003  0.951660 0.003418 1 0 1.000000
0  21.948374 -21.218784 51.980061  -0.552341 0.388753 -0.737421  0.952637 0.002930 1 0 1.000000
interior
0  21.962309 -20.524424 52.335766  -0.414820 0.813017 -0.408568  0.952637 0.002930 1 0 1.000000
0  21.948374 -21.218784 51.980061  -0.552341 0.388753 -0.737421  0.952637 0.002930 1 0 1.000000
0  20.717098 -20.928791 53.184727  -0.585653 0.715434 -0.381003  0.951660 0.003418 1 0 1.000000
interior
0  21.948374 -21.218784 51.980061  -0.552341 0.388753 -0.737421  0.952637 0.002930 1 0 1.000000
0  21.962309 -20.524424 52.335766  -0.414820 0.813017 -0.408568  0.952637 0.002930 1 0 1.000000
0  23.349407 -20.917198 51.350414  -0.389784 0.426970 -0.815944  0.953125 0.002441 1 0 1.000000
interior
0  23.359146 -20.225321 51.707836  -0.302071 0.768889 -0.563528  0.953125 0.002441 1 0 1.000000
0  23.349407 -20.917198 51.350414  -0.389784 0.426970 -0.815944  0.953125 0.002441 1 0 1.000000
0  21.962309 -20.524424 52.335766  -0.414820 0.813017 -0.408568  0.952637 0.002930 1 0 1.000000
interior
0  23.359146 -20.225321 51.707836  -0.302071 0.768889 -0.563528  0.953125 0.002441 1 0 1.000000
0  21.962309 -20.524424 52.335766  -0.414820 0.813017 -0.408568  0.952637 0.002930 1 0 1.000000
0  23.573277 -20.222702 52.321327  -0.018336 0.922997 0.384370  0.953613 0.002930 1 0 1.000000
interior
0  23.359146 -20.225321 51.707836  -0.302071 0.768889 -0.563528  0.953125 0.002441 1 0 1.000000
0  23.573277 -20.222702 52.321327  -0.018336 0.922997 0.384370  0.953613 0.002930 1 0 1.000000
0  24.859983 -20.041716 51.322277  -0.141910 0.855884 -0.497317  0.954102 0.002441 1 0 1.000000
interior
0  24.968901 -20.051958 51.962830  0.013603 0.903847 0.427639  0.954102 0.002930 1 0 1.000000
0  24.859983 -20.041716 51.322277  -0.141910 0.855884 -0.497317  0.954102 0.002441 1 0 1.000000
0  23.573277 -20.222702 52.321327  -0.018336 0.922997 0.384370  0.953613 0.002930 1 0 1.000000
interior
0  24.859983 -20.041716 51.322277  -0.141910 0.855884 -0.497317  0.954102 0.002441 1 0 1.000000
0  24.968901 -20.051958 51.962830  0.013603 0.903847 0.427639  0.954102 0.002930 1 0 1.000000
0  26.412098 -19.979795 51.192295  0.000033 0.946275 -0.323364  0.955078 0.002441 1 0 1.000000
interior
0  26.412098 -19.994362 51.841961  -0.000011 0.829497 0.558511  0.955078 0.002930 1 0 1.000000
0  26.412098 -19.979795 51.192295  0.000033 0.946275 -0.323364  0.955078 0.002441 1 0 1.000000
0  24.968901 -20.051958 51.962830  0.013603 0.903847 0.427639  0.954102 0.002930 1 0 1.000000
interior
0  26.412098 -19.979795 51.192295  0.000033 0.946275 -0.323364  0.955078 0.002441 1 0 1.000000
0  26.412098 -19.994362 51.841961  -0.000011 0.829497 0.558511  0.955078 0.002930 1 0 1.000000
0  27.855301 -20.051958 51.962826  -0.013601 0.903845 0.427644  0.956055 0.002930 1 0 1.000000
interior
0  27.855301 -20.051958 51.962826  -0.013601 0.903845 0.427644  0.956055 0.002930 1 0 1.000000
0  27.964262 -20.041716 51.322273  0.141939 0.855857 -0.497354  0.956055 0.002441 1 0 1.000000
0  26.412098 -19.979795 51.192295  0.000033 0.946275 -0.323364  0.955078 0.002441 1 0 1.000000
interior
0  18.844366 -21.995180 55.423580  -0.748588 0.657417 -0.086131  0.950684 0.004883 1 0 1.000000
0  18.280706 -22.620897 56.737206  -0.802383 0.595244 0.043190  0.950195 0.005859 1 0 1.000000
0  19.375013 -21.868494 55.776623  -0.003107 0.900262 0.435337  0.951172 0.005371 1 0 1.000000
interior
0  19.375013 -21.868494 55.776623  -0.003107 0.900262 0.435337  0.951172 0.005371 1 0 1.000000
0  20.185953 -21.329281 54.711273  0.038441 0.892244 0.449915  0.951660 0.004395 1 0 1.000000
0  18.844366 -21.995180 55.423580  -0.748588 0.657417 -0.086131  0.950684 0.004883 1 0 1.000000
interior
0  19.665817 -21.424664 54.225861  -0.669204 0.714363 -0.204575  0.951172 0.004395 1 0 1.000000
0  18.844366 -21.995180 55.423580  -0.748588 0.657417 -0.086131  0.950684 0.004883 1 0 1.000000
0  20.185953 -21.329281 54.711273  0.038441 0.892244 0.449915  0.951660 0.004395 1 0 1.000000
interior
0  20.185953 -21.329281 54.711273  0.038441 0.892244 0.449915  0.951660 0.004395 1 0 1.000000
0  21.116459 -20.876881 53.694714  0.037393 0.891736 0.451009  0.952148 0.003906 1 0 1.000000
0  19.665817 -21.424664 54.225861  -0.669204 0.714363 -0.204575  0.951172 0.004395 1 0 1.000000
interior
0  20.717098 -20.928791 53.184727  -0.585653 0.715434 -0.381003  0.951660 0.003418 1 0 1.000000
0  19.665817 -21.424664 54.225861  -0.669204 0.714363 -0.204575  0.951172 0.004395 1 0 1.000000
0  21.116459 -20.876881 53.694714  0.037393 0.891736 0.451009  0.952148 0.003906 1 0 1.000000
interior
0  21.116459 -20.876881 53.694714  0.037393 0.891736 0.451009  0.952148 0.003906 1 0 1.000000
0  22.274355 -20.500835 52.905243  0.022543 0.888874 0.457596  0.952637 0.003418 1 0 1.000000
0  20.717098 -20.928791 53.184727  -0.585653 0.715434 -0.381003  0.951660 0.003418 1 0 1.000000
interior
0  21.962309 -20.524424 52.335766  -0.414820 0.813017 -0.408568  0.952637 0.002930 1 0 1.000000
0  20.717098 -20.928791 53.184727  -0.585653 0.715434 -0.381003  0.951660 0.003418 1 0 1.000000
0  22.274355 -20.500835 52.905243  0.022543 0.888874 0.457596  0.952637 0.003418 1 0 1.000000
interior
0  22.274355 -20.500835 52.905243  0.022543 0.888874 0.457596  0.952637 0.003418 1 0 1.000000
0  23.573277 -20.222702 52.321327  -0.018336 0.922997 0.384370  0.953613 0.002930 1 0 1.000000
0  21.962309 -20.524424 52.335766  -0.414820 0.813017 -0.408568  0.952637 0.002930 1 0 1.000000
interior
0  25.077816 -20.542826 52.374458  0.062863 0.649419 0.757828  0.954590 0.002930 1 0 1.000000
0  26.412098 -19.994362 51.841961  -0.000011 0.829497 0.558511  0.955078 0.002930 1 0 1.000000
0  24.968901 -20.051958 51.962830  0.013603 0.903847 0.427639  0.954102 0.002930 1 0 1.000000
interior
0  24.968901 -20.051958 51.962830  0.013603 0.903847 0.427639  0.954102 0.002930 1 0 1.000000
0  23.787415 -20.700718 52.705898  0.124096 0.655166 0.745223  0.953613 0.003418 1 0 1.000000
0  25.077816 -20.542826 52.374458  0.062863 0.649419 0.757828  0.954590 0.002930 1 0 1.000000
interior
0  23.787415 -20.700718 52.705898  0.124096 0.655166 0.745223  0.953613 0.003418 1 0 1.000000
0  24.968901 -20.051958 51.962830  0.013603 0.903847 0.427639  0.954102 0.002930 1 0 1.000000
0  23.573277 -20.222702 52.321327  -0.018336 0.922997 0.384370  0.953613 0.002930 1 0 1.000000
interior
0  23.573277 -20.222702 52.321327  -0.018336 0.922997 0.384370  0.953613 0.002930 1 0 1.000000
0  22.556772 -21.003611 53.222607  0.239397 0.804784 0.543150  0.952637 0.003418 1 0 1.000000
0  23.787415 -20.700718 52.705898  0.124096 0.655166 0.745223  0.953613 0.003418 1 0 1.000000
interior
0  22.556772 -21.003611 53.222607  0.239397 0.804784 0.543150  0.952637 0.003418 1 0 1.000000
0  23.573277 -20.222702 52.321327  -0.018336 0.922997 0.384370  0.953613 0.002930 1 0 1.000000
0  22.274355 -20.500835 52.905243  0.022543 0.888874 0.457596  0.952637 0.003418 1 0 1.000000
interior
0  22.556772 -21.003611 53.222607  0.239397 0.804784 0.543150  0.952637 0.003418 1 0 1.000000
0  22.274355 -20.500835 52.905243  0.022543 0.888874 0.457596  0.952637 0.003418 1 0 1.000000
0  21.534626 -21.424034 54.013485  0.105338 0.827820 0.551015  0.952148 0.003906 1 0 1.000000
interior
0  21.116459 -20.876881 53.694714  0.037393 0.891736 0.451009  0.952148 0.003906 1 0 1.000000
0  21.534626 -21.424034 54.013485  0.105338 0.827820 0.551015  0.952148 0.003906 1 0 1.000000
0  22.274355 -20.500835 52.905243  0.022543 0.888874 0.457596  0.952637 0.003418 1 0 1.000000
interior
0  21.534626 -21.424034 54.013485  0.105338 0.827820 0.551015  0.952148 0.003906 1 0 1.000000
0  21.116459 -20.876881 53.694714  0.037393 0.891736 0.451009  0.952148 0.003906 1 0 1.000000
0  20.619907 -21.834082 54.923374  0.413144 0.648197 0.639650  0.951660 0.004395 1 0 1.000000
interior
0  20.185953 -21.329281 54.711273  0.038441 0.892244 0.449915  0.951660 0.004395 1 0 1.000000
0  20.619907 -21.834082 54.923374  0.413144 0.648197 0.639650  0.951660 0.004395 1 0 1.000000
0  21.116459 -20.876881 53.694714  0.037393 0.891736 0.451009  0.952148 0.003906 1 0 1.000000
interior
0  20.185953 -21.329281 54.711273  0.038441 0.892244 0.449915  0.951660 0.004395 1 0 1.000000
0  19.905701 -22.222439 55.900692  0.395102 0.710802 0.581940  0.951172 0.005371 1 0 1.000000
0  20.619907 -21.834082 54.923374  0.413144 0.648197 0.639650  0.951660 0.004395 1 0 1.000000
interior
0  19.905701 -22.222439 55.900692  0.395102 0.710802 0.581940  0.951172 0.005371 1 0 1.000000
0  20.185953 -21.329281 54.711273  0.038441 0.892244 0.449915  0.951660 0.004395 1 0 1.000000
0  19.375013 -21.868494 55.776623  -0.003107 0.900262 0.435337  0.951172 0.005371 1 0 1.000000
interior
0  19.905701 -22.222439 55.900692  0.395102 0.710802 0.581940  0.951172 0.005371 1 0 1.000000
0  19.375013 -21.868494 55.776623  -0.003107 0.900262 0.435337  0.951172 0.005371 1 0 1.000000
0  19.421015 -22.760391 57.030132  0.712124 0.574102 0.404087  0.951172 0.005859 1 0 1.000000
interior
0  18.850861 -22.450329 56.998158  -0.007767 0.910826 0.412717  0.950684 0.005859 1 0 1.000000
0  19.421015 -22.760391 57.030132  0.712124 0.574102 0.404087  0.951172 0.005859 1 0 1.000000
0  19.375013 -21.868494 55.776623  -0.003107 0.900262 0.435337  0.951172 0.005371 1 0 1.000000
interior
0  19.421015 -22.760391 57.030132  0.712124 0.574102 0.404087  0.951172 0.005859 1 0 1.000000
0  18.850861 -22.450329 56.998158  -0.007767 0.910826 0.412717  0.950684 0.005859 1 0 1.000000
0  19.325266 -23.244312 58.054443  0.746532 0.647173 0.154458  0.950684 0.006348 1 0 1.000000
interior
0  18.613455 -22.988373 58.215137  -0.035467 0.904334 0.425350  0.950684 0.006836 1 0 1.000000
0  19.325266 -23.244312 58.054443  0.746532 0.647173 0.154458  0.950684 0.006348 1 0 1.000000
0  18.850861 -22.450329 56.998158  -0.007767 0.910826 0.412717  0.950684 0.005859 1 0 1.000000
interior
0  19.325266 -23.244312 58.054443  0.746532 0.647173 0.154458  0.950684 0.006348 1 0 1.000000
0  18.613455 -22.988373 58.215137  -0.035467 0.904334 0.425350  0.950684 0.006836 1 0 1.000000
0  19.372351 -23.830070 59.326805  0.389915 0.841042 0.374985  0.951172 0.007324 1 0 1.000000
interior
0  18.611784 -23.567501 59.338486  -0.035501 0.894323 0.446012  0.950684 0.007324 1 0 1.000000
0  19.372351 -23.830070 59.326805  0.389915 0.841042 0.374985  0.951172 0.007324 1 0 1.000000
0  18.613455 -22.988373 58.215137  -0.035467 0.904334 0.425350  0.950684 0.006836 1 0 1.000000
interior
0  19.407980 -24.273088 60.289192  0.491421 0.810536 0.318647  0.951172 0.007813 1 0 1.000000
0  19.372351 -23.830070 59.326805  0.389915 0.841042 0.374985  0.951172 0.007324 1 0 1.000000
0  18.611784 -23.567501 59.338486  -0.035501 0.894323 0.446012  0.950684 0.007324 1 0 1.000000
interior
0  26.412100 -26.744707 66.014008  -0.000000 0.902799 0.430064  0.955078 0.011230 1 0 1.000000
0  24.764330 -26.667765 65.852509  -0.000187 0.902824 0.430010  0.954102 0.011230 1 0 1.000000
0  26.412100 -27.239904 66.434700  -0.000001 0.647212 0.762310  0.955078 0.011719 1 0 1.000000
interior
0  24.639988 -27.156288 66.259125  -0.106580 0.651967 0.750719  0.954102 0.011719 1 0 1.000000
0  26.412100 -27.239904 66.434700  -0.000001 0.647212 0.762310  0.955078 0.011719 1 0 1.000000
0  24.764330 -26.667765 65.852509  -0.000187 0.902824 0.430010  0.954102 0.011230 1 0 1.000000
interior
0  24.639988 -27.156288 66.259125  -0.106580 0.651967 0.750719  0.954102 0.011719 1 0 1.000000
0  24.764330 -26.667765 65.852509  -0.000187 0.902824 0.430010  0.954102 0.011230 1 0 1.000000
0  22.923841 -26.389542 65.268417  -0.000012 0.902817 0.430025  0.953125 0.010742 1 0 1.000000
interior
0  22.923841 -26.389542 65.268417  -0.000012 0.902817 0.430025  0.953125 0.010742 1 0 1.000000
0  22.660728 -26.857098 65.630974  -0.198504 0.667916 0.717276  0.953125 0.011230 1 0 1.000000
0  24.639988 -27.156288 66.259125  -0.106580 0.651967 0.750719  0.954102 0.011719 1 0 1.000000
interior
0  22.923841 -26.389542 65.268417  -0.000012 0.902817 0.430025  0.953125 0.010742 1 0 1.000000
0  21.298395 -25.925644 64.294434  -0.000013 0.902814 0.430031  0.952148 0.010254 1 0 1.000000
0  22.660728 -26.857098 65.630974  -0.198504 0.667916 0.717276  0.953125 0.011230 1 0 1.000000
interior
0  20.912745 -26.358198 64.583572  -0.279410 0.693918 0.663632  0.951660 0.010742 1 0 1.000000
0  22.660728 -26.857098 65.630974  -0.198504 0.667916 0.717276  0.953125 0.011230 1 0 1.000000
0  21.298395 -25.925644 64.294434  -0.000013 0.902814 0.430031  0.952148 0.010254 1 0 1.000000
interior
0  21.298395 -25.925644 64.294434  -0.000013 0.902814 0.430031  0.952148 0.010254 1 0 1.000000
0  19.986160 -25.307276 62.996189  -0.004894 0.905735 0.423816  0.951172 0.009766 1 0 1.000000
0  20.912745 -26.358198 64.583572  -0.279410 0.693918 0.663632  0.951660 0.010742 1 0 1.000000
interior
0  19.513111 -25.701181 63.204235  -0.332049 0.739351 0.585750  0.951172 0.009766 1 0 1.000000
0  20.912745 -26.358198 64.583572  -0.279410 0.693918 0.663632  0.951660 0.010742 1 0 1.000000
0  19.986160 -25.307276 62.996189  -0.004894 0.905735 0.423816  0.951172 0.009766 1 0 1.000000
interior
0  19.986160 -25.307276 62.996189  -0.004894 0.905735 0.423816  0.951172 0.009766 1 0 1.000000
0  19.193485 -24.730495 61.686165  0.002987 0.902716 0.430226  0.950684 0.008789 1 0 1.000000
0  19.513111 -25.701181 63.204235  -0.332049 0.739351 0.585750  0.951172 0.009766 1 0 1.000000
interior
0  18.657154 -25.028967 61.792919  -0.339742 0.778918 0.527126  0.950684 0.008789 1 0 1.000000
0  19.513111 -25.701181 63.204235  -0.332049 0.739351 0.585750  0.951172 0.009766 1 0 1.000000
0  19.193485 -24.730495 61.686165  0.002987 0.902716 0.430226  0.950684 0.008789 1 0 1.000000
interior
0  19.193485 -24.730495 61.686165  0.002987 0.902716 0.430226  0.950684 0.008789 1 0 1.000000
0  18.827318 -24.152945 60.567326  -0.001152 0.893146 0.449765  0.950684 0.008301 1 0 1.000000
0  18.657154 -25.028967 61.792919  -0.339742 0.778918 0.527126  0.950684 0.008789 1 0 1.000000
interior
0  18.212198 -24.453533 60.584778  -0.377322 0.798142 0.469678  0.950195 0.008301 1 0 1.000000
0  18.657154 -25.028967 61.792919  -0.339742 0.778918 0.527126  0.950684 0.008789 1 0 1.000000
0  18.827318 -24.152945 60.567326  -0.001152 0.893146 0.449765  0.950684 0.008301 1 0 1.000000
interior
0  18.611784 -23.567501 59.338486  -0.035501 0.894323 0.446012  0.950684 0.007324 1 0 1.000000
0  18.212198 -24.453533 60.584778  -0.377322 0.798142 0.469678  0.950195 0.008301 1 0 1.000000
0  18.827318 -24.152945 60.567326  -0.001152 0.893146 0.449765  0.950684 0.008301 1 0 1.000000
interior
0  18.611784 -23.567501 59.338486  -0.035501 0.894323 0.446012  0.950684 0.007324 1 0 1.000000
0  17.993959 -23.853165 59.324371  -0.926440 0.289399 0.240743  0.950195 0.007324 1 0 1.000000
0  18.212198 -24.453533 60.584778  -0.377322 0.798142 0.469678  0.950195 0.008301 1 0 1.000000
interior
0  18.611784 -23.567501 59.338486  -0.035501 0.894323 0.446012  0.950684 0.007324 1 0 1.000000
0  18.613455 -22.988373 58.215137  -0.035467 0.904334 0.425350  0.950684 0.006836 1 0 1.000000
0  17.993959 -23.853165 59.324371  -0.926440 0.289399 0.240743  0.950195 0.007324 1 0 1.000000
interior
0  18.613455 -22.988373 58.215137  -0.035467 0.904334 0.425350  0.950684 0.006836 1 0 1.000000
0  17.993959 -23.280483 58.122002  -0.762535 0.615479 0.199312  0.950195 0.006348 1 0 1.000000
0  17.993959 -23.853165 59.324371  -0.926440 0.289399 0.240743  0.950195 0.007324 1 0 1.000000
interior
0  18.613455 -22.988373 58.215137  -0.035467 0.904334 0.425350  0.950684 0.006836 1 0 1.000000
0  18.850861 -22.450329 56.998158  -0.007767 0.910826 0.412717  0.950684 0.005859 1 0 1.000000
0  17.993959 -23.280483 58.122002  -0.762535 0.615479 0.199312  0.950195 0.006348 1 0 1.000000
interior
0  19.407980 -24.273088 60.289192  0.491421 0.810536 0.318647  0.951172 0.007813 1 0 1.000000
0  18.611784 -23.567501 59.338486  -0.035501 0.894323 0.446012  0.950684 0.007324 1 0 1.000000
0  18.827318 -24.152945 60.567326  -0.001152 0.893146 0.449765  0.950684 0.008301 1 0 1.000000
interior
0  19.407980 -24.273088 60.289192  0.491421 0.810536 0.318647  0.951172 0.007813 1 0 1.000000
0  18.827318 -24.152945 60.567326  -0.001152 0.893146 0.449765  0.950684 0.008301 1 0 1.000000
0  19.649807 -24.792013 61.315804  0.738829 0.650769 0.175021  0.951172 0.008301 1 0 1.000000
interior
0  19.649807 -24.792013 61.315804  0.738829 0.650769 0.175021  0.951172 0.008301 1 0 1.000000
0  18.827318 -24.152945 60.567326  -0.001152 0.893146 0.449765  0.950684 0.008301 1 0 1.000000
0  19.193485 -24.730495 61.686165  0.002987 0.902716 0.430226  0.950684 0.008789 1 0 1.000000
interior
0  19.649807 -24.792013 61.315804  0.738829 0.650769 0.175021  0.951172 0.008301 1 0 1.000000
0  19.193485 -24.730495 61.686165  0.002987 0.902716 0.430226  0.950684 0.008789 1 0 1.000000
0  20.459217 -25.393961 62.559212  0.629830 0.753057 -0.190313  0.951660 0.009277 1 0 1.000000
interior
0  19.986160 -25.307276 62.996189  -0.004894 0.905735 0.423816  0.951172 0.009766 1 0 1.000000
0  20.459217 -25.393961 62.559212  0.629830 0.753057 -0.190313  0.951660 0.009277 1 0 1.000000
0  19.193485 -24.730495 61.686165  0.002987 0.902716 0.430226  0.950684 0.008789 1 0 1.000000
interior
0  19.986160 -25.307276 62.996189  -0.004894 0.905735 0.423816  0.951172 0.009766 1 0 1.000000
0  21.684044 -25.973719 63.776371  0.542261 0.783148 -0.304356  0.952148 0.010254 1 0 1.000000
0  20.459217 -25.393961 62.559212  0.629830 0.753057 -0.190313  0.951660 0.009277 1 0 1.000000
interior
0  21.684044 -25.973719 63.776371  0.542261 0.783148 -0.304356  0.952148 0.010254 1 0 1.000000
0  19.986160 -25.307276 62.996189  -0.004894 0.905735 0.423816  0.951172 0.009766 1 0 1.000000
0  21.298395 -25.925644 64.294434  -0.000013 0.902814 0.430031  0.952148 0.010254 1 0 1.000000
interior
0  21.684044 -25.973719 63.776371  0.542261 0.783148 -0.304356  0.952148 0.010254 1 0 1.000000
0  21.298395 -25.925644 64.294434  -0.000013 0.902814 0.430031  0.952148 0.010254 1 0 1.000000
0  23.186956 -26.402668 64.676933  0.283044 0.929500 -0.236465  0.953125 0.010742 1 0 1.000000
interior
0  22.923841 -26.389542 65.268417  -0.000012 0.902817 0.430025  0.953125 0.010742 1 0 1.000000
0  23.186956 -26.402668 64.676933  0.283044 0.929500 -0.236465  0.953125 0.010742 1 0 1.000000
0  21.298395 -25.925644 64.294434  -0.000013 0.902814 0.430031  0.952148 0.010254 1 0 1.000000
interior
0  23.186956 -26.402668 64.676933  0.283044 0.929500 -0.236465  0.953125 0.010742 1 0 1.000000
0  22.923841 -26.389542 65.268417  -0.000012 0.902817 0.430025  0.953125 0.010742 1 0 1.000000
0  24.888670 -26.659874 65.217003  0.215744 0.750732 -0.624385  0.954102 0.010742 1 0 1.000000
interior
0  24.764330 -26.667765 65.852509  -0.000187 0.902824 0.430010  0.954102 0.011230 1 0 1.000000
0  24.888670 -26.659874 65.217003  0.215744 0.750732 -0.624385  0.954102 0.010742 1 0 1.000000
0  22.923841 -26.389542 65.268417  -0.000012 0.902817 0.430025  0.953125 0.010742 1 0 1.000000
interior
0  24.764330 -26.667765 65.852509  -0.000187 0.902824 0.430010  0.954102 0.011230 1 0 1.000000
0  26.412100 -26.730093 65.364342  0.000001 0.771376 -0.636380  0.955078 0.010742 1 0 1.000000
0  24.888670 -26.659874 65.217003  0.215744 0.750732 -0.624385  0.954102 0.010742 1 0 1.000000
interior
0  26.412100 -26.744707 66.014008  -0.000000 0.902799 0.430064  0.955078 0.011230 1 0 1.000000
0  26.412100 -26.730093 65.364342  0.000001 0.771376 -0.636380  0.955078 0.010742 1 0 1.000000
0  24.764330 -26.667765 65.852509  -0.000187 0.902824 0.430010  0.954102 0.011230 1 0 1.000000
interior
0  26.412100 -26.730093 65.364342  0.000001 0.771376 -0.636380  0.955078 0.010742 1 0 1.000000
0  26.412100 -26.744707 66.014008  -0.000000 0.902799 0.430064  0.955078 0.011230 1 0 1.000000
0  28.059921 -26.667765 65.852509  0.000191 0.902822 0.430014  0.956055 0.011230 1 0 1.000000
interior
0  26.412100 -26.744707 66.014008  -0.000000 0.902799 0.430064  0.955078 0.011230 1 0 1.000000
0  26.412100 -27.239904 66.434700  -0.000001 0.647212 0.762310  0.955078 0.011719 1 0 1.000000
0  28.059921 -26.667765 65.852509  0.000191 0.902822 0.430014  0.956055 0.011230 1 0 1.000000
interior
0  28.184261 -27.156288 66.259125  0.106579 0.651965 0.750721  0.956055 0.011719 1 0 1.000000
0  28.059921 -26.667765 65.852509  0.000191 0.902822 0.430014  0.956055 0.011230 1 0 1.000000
0  26.412100 -27.239904 66.434700  -0.000001 0.647212 0.762310  0.955078 0.011719 1 0 1.000000
interior
0  28.059921 -26.667765 65.852509  0.000191 0.902822 0.430014  0.956055 0.011230 1 0 1.000000
0  28.184261 -27.156288 66.259125  0.106579 0.651965 0.750721  0.956055 0.011719 1 0 1.000000
0  29.900406 -26.389542 65.268417  0.000006 0.902816 0.430027  0.957520 0.010742 1 0 1.000000
interior
0  30.163523 -26.857098 65.630974  0.198503 0.667918 0.717274  0.957520 0.011230 1 0 1.000000
0  29.900406 -26.389542 65.268417  0.000006 0.902816 0.430027  0.957520 0.010742 1 0 1.000000
0  28.184261 -27.156288 66.259125  0.106579 0.651965 0.750721  0.956055 0.011719 1 0 1.000000
interior
0  19.442976 -26.342955 61.118675  0.775352 0.112900 -0.621356  0.951172 0.008301 1 0 1.000000
0  20.459217 -25.393961 62.559212  0.629830 0.753057 -0.190313  0.951660 0.009277 1 0 1.000000
0  21.453810 -27.399471 63.435909  0.662411 0.059820 -0.746748  0.952148 0.009766 1 0 1.000000
interior
0  21.684044 -25.973719 63.776371  0.542261 0.783148 -0.304356  0.952148 0.010254 1 0 1.000000
0  21.453810 -27.399471 63.435909  0.662411 0.059820 -0.746748  0.952148 0.009766 1 0 1.000000
0  20.459217 -25.393961 62.559212  0.629830 0.753057 -0.190313  0.951660 0.009277 1 0 1.000000
interior
0  21.453810 -27.399471 63.435909  0.662411 0.059820 -0.746748  0.952148 0.009766 1 0 1.000000
0  21.684044 -25.973719 63.776371  0.542261 0.783148 -0.304356  0.952148 0.010254 1 0 1.000000
0  23.186956 -26.402668 64.676933  0.567729 0.036768 -0.822394  0.953125 0.010742 1 0 1.000000
interior
0  22.920595 -27.757788 64.546951  0.386688 0.052046 -0.920741  0.953125 0.010254 1 0 1.000000
0  21.453810 -27.399471 63.435909  0.662411 0.059820 -0.746748  0.952148 0.009766 1 0 1.000000
0  23.186956 -26.402668 64.676933  0.567729 0.036768 -0.822394  0.953125 0.010742 1 0 1.000000
interior
0  18.016603 -37.165829 62.187992  0.012379 0.952476 0.304363  0.922363 0.896179 1 0 1.000000
0  20.731894 -37.553375 63.290329  0.009443 0.952102 0.305636  0.782715 0.959015 1 0 1.000000
0  17.556494 -35.374096 56.599651  0.008093 0.951699 0.306926  0.940430 0.592529 1 0 1.000000
interior
0  20.731894 -37.553375 63.290329  0.009443 0.952102 0.305636  0.782715 0.959015 1 0 1.000000
0  25.516369 -37.737198 63.730682  0.006319 0.951635 0.307167  0.536133 0.987976 1 0 1.000000
0  17.556494 -35.374096 56.599651  0.008093 0.951699 0.306926  0.940430 0.592529 1 0 1.000000
interior
0  35.055428 -35.381535 56.280972  0.004312 0.951671 0.307088  0.036041 0.593018 1 0 1.000000
0  17.556494 -35.374096 56.599651  0.008093 0.951699 0.306926  0.940430 0.592529 1 0 1.000000
0  25.516369 -37.737198 63.730682  0.006319 0.951635 0.307167  0.536133 0.987976 1 0 1.000000
interior
0  30.961702 -37.634869 63.331680  0.003094 0.952010 0.306051  0.254395 0.971710 1 0 1.000000
0  35.055428 -35.381535 56.280972  0.004312 0.951671 0.307088  0.036041 0.593018 1 0 1.000000
0  25.516369 -37.737198 63.730682  0.006319 0.951635 0.307167  0.536133 0.987976 1 0 1.000000
interior
0  34.835564 -37.226803 62.038033  0.001639 0.952260 0.305283  0.052948 0.905151 1 0 1.000000
0  35.055428 -35.381535 56.280972  0.004312 0.951671 0.307088  0.036041 0.593018 1 0 1.000000
0  30.961702 -37.634869 63.331680  0.003094 0.952010 0.306051  0.254395 0.971710 1 0 1.000000
interior
0  47.593315 -34.501045 26.987757  -1.000000 0.000842 0.000000  0.755859 0.014160 1 0 1.000000
0  47.584335 -45.178112 27.685364  -1.000000 0.000842 0.000000  0.755859 0.014160 1 0 1.000000
0  47.584339 -45.178112 41.361622  -1.000000 0.000842 0.000000  0.755859 0.012695 1 0 1.000000
interior
0  37.123302 -4.077422 37.809860  0.301847 -0.940830 0.154039  0.138794 0.375000 1 0 1.000000
0  26.412096 -2.933326 43.982204  0.000000 -0.964634 0.263593  0.087036 0.409180 1 0 1.000000
0  26.412094 -4.077423 37.809860  0.000000 -0.983251 0.182254  0.087036 0.375000 1 0 1.000000
interior
0  37.123302 -4.077422 37.809860  0.301847 -0.940830 0.154039  0.138794 0.375000 1 0 1.000000
0  37.639431 -2.933325 43.982204  0.309764 -0.900824 0.304242  0.141357 0.409180 1 0 1.000000
0  26.412096 -2.933326 43.982204  0.000000 -0.964634 0.263593  0.087036 0.409180 1 0 1.000000
interior
0  37.639431 -2.933325 43.982204  0.309764 -0.900824 0.304242  0.141357 0.409180 1 0 1.000000
0  26.412096 0.805058 52.044636  0.000000 -0.876574 0.481268  0.087036 0.453613 1 0 1.000000
0  26.412096 -2.933326 43.982204  0.000000 -0.964634 0.263593  0.087036 0.409180 1 0 1.000000
interior
0  37.639431 -2.933325 43.982204  0.309764 -0.900824 0.304242  0.141357 0.409180 1 0 1.000000
0  38.195419 0.805059 52.044636  0.292906 -0.808282 0.510770  0.144043 0.453613 1 0 1.000000
0  26.412096 0.805058 52.044636  0.000000 -0.876574 0.481268  0.087036 0.453613 1 0 1.000000
interior
0  38.195419 0.805059 52.044636  0.292906 -0.808282 0.510770  0.144043 0.453613 1 0 1.000000
0  34.972168 6.571049 61.039791  0.199362 -0.822153 0.533216  0.128418 0.500488 1 0 1.000000
0  26.412096 0.805058 52.044636  0.000000 -0.876574 0.481268  0.087036 0.453613 1 0 1.000000
interior
0  26.412096 6.571048 61.039791  -0.000002 -0.867411 0.497593  0.087036 0.500488 1 0 1.000000
0  26.412096 0.805058 52.044636  0.000000 -0.876574 0.481268  0.087036 0.453613 1 0 1.000000
0  34.972168 6.571049 61.039791  0.199362 -0.822153 0.533216  0.128418 0.500488 1 0 1.000000
interior
0  34.972168 6.571049 61.039791  0.199362 -0.822153 0.533216  0.128418 0.500488 1 0 1.000000
0  33.801647 9.539891 66.519897  0.130128 -0.720646 0.680982  0.122742 0.520752 1 0 1.000000
0  26.412096 6.571048 61.039791  -0.000002 -0.867411 0.497593  0.087036 0.500488 1 0 1.000000
interior
0  26.412096 9.313264 66.730690  0.000000 -0.757600 0.652719  0.087036 0.524414 1 0 1.000000
0  26.412096 6.571048 61.039791  -0.000002 -0.867411 0.497593  0.087036 0.500488 1 0 1.000000
0  33.801647 9.539891 66.519897  0.130128 -0.720646 0.680982  0.122742 0.520752 1 0 1.000000
interior
0  26.412096 9.313264 66.730690  0.000000 -0.757600 0.652719  0.087036 0.524414 1 0 1.000000
0  33.801647 9.539891 66.519897  0.130128 -0.720646 0.680982  0.122742 0.520752 1 0 1.000000
0  26.412096 10.959506 67.852150  0.000007 -0.269871 0.962896  0.087036 0.528076 1 0 1.000000
interior
0  26.412096 9.313264 66.730690  0.000000 -0.757600 0.652719  0.087036 0.524414 1 0 1.000000
0  26.412096 10.959506 67.852150  0.000007 -0.269871 0.962896  0.087036 0.528076 1 0 1.000000
0  19.022598 9.539890 66.519897  -0.130127 -0.720648 0.680980  0.122742 0.520752 1 0 1.000000
interior
0  18.279079 10.959505 67.227196  -0.274898 -0.264032 0.924510  0.126343 0.524658 1 0 1.000000
0  19.022598 9.539890 66.519897  -0.130127 -0.720648 0.680980  0.122742 0.520752 1 0 1.000000
0  26.412096 10.959506 67.852150  0.000007 -0.269871 0.962896  0.087036 0.528076 1 0 1.000000
interior
0  19.022598 9.539890 66.519897  -0.130127 -0.720648 0.680980  0.122742 0.520752 1 0 1.000000
0  18.279079 10.959505 67.227196  -0.274898 -0.264032 0.924510  0.126343 0.524658 1 0 1.000000
0  17.202995 10.227080 66.384056  -0.346629 -0.715828 0.606167  0.131592 0.520020 1 0 1.000000
interior
0  19.022598 9.539890 66.519897  -0.130127 -0.720648 0.680980  0.122742 0.520752 1 0 1.000000
0  17.202995 10.227080 66.384056  -0.346629 -0.715828 0.606167  0.131592 0.520020 1 0 1.000000
0  17.852076 6.571047 61.039795  -0.199410 -0.822137 0.533223  0.128418 0.500488 1 0 1.000000
interior
0  16.158884 7.252147 60.657166  -0.896515 -0.246383 0.368180  0.136597 0.498535 1 0 1.000000
0  17.852076 6.571047 61.039795  -0.199410 -0.822137 0.533223  0.128418 0.500488 1 0 1.000000
0  17.202995 10.227080 66.384056  -0.346629 -0.715828 0.606167  0.131592 0.520020 1 0 1.000000
interior
0  16.158884 7.252147 60.657166  -0.896515 -0.246383 0.368180  0.136597 0.498535 1 0 1.000000
0  14.628777 0.805057 52.044640  -0.292910 -0.808281 0.510769  0.144043 0.453613 1 0 1.000000
0  17.852076 6.571047 61.039795  -0.199410 -0.822137 0.533223  0.128418 0.500488 1 0 1.000000
interior
0  14.628777 0.805057 52.044640  -0.292910 -0.808281 0.510769  0.144043 0.453613 1 0 1.000000
0  16.158884 7.252147 60.657166  -0.896515 -0.246383 0.368180  0.136597 0.498535 1 0 1.000000
0  13.082117 1.941487 52.158432  -0.543725 -0.737375 0.400801  0.151489 0.454102 1 0 1.000000
interior
0  14.628777 0.805057 52.044640  -0.292910 -0.808281 0.510769  0.144043 0.453613 1 0 1.000000
0  13.082117 1.941487 52.158432  -0.543725 -0.737375 0.400801  0.151489 0.454102 1 0 1.000000
0  15.184814 -2.933327 43.982208  -0.309768 -0.900822 0.304242  0.141357 0.409180 1 0 1.000000
interior
0  13.535010 -1.764290 43.444927  -0.590768 -0.788989 0.168789  0.149292 0.406250 1 0 1.000000
0  15.184814 -2.933327 43.982208  -0.309768 -0.900822 0.304242  0.141357 0.409180 1 0 1.000000
0  13.082117 1.941487 52.158432  -0.543725 -0.737375 0.400801  0.151489 0.454102 1 0 1.000000
interior
0  15.184814 -2.933327 43.982208  -0.309768 -0.900822 0.304242  0.141357 0.409180 1 0 1.000000
0  13.535010 -1.764290 43.444927  -0.590768 -0.788989 0.168789  0.149292 0.406250 1 0 1.000000
0  15.700936 -4.077424 37.809864  -0.301845 -0.940832 0.154029  0.138794 0.375000 1 0 1.000000
interior
0  14.087305 -2.990649 37.809864  -0.554251 -0.822944 0.124775  0.146606 0.375000 1 0 1.000000
0  15.700936 -4.077424 37.809864  -0.301845 -0.940832 0.154029  0.138794 0.375000 1 0 1.000000
0  13.535010 -1.764290 43.444927  -0.590768 -0.788989 0.168789  0.149292 0.406250 1 0 1.000000
interior
0  26.412094 -4.077423 37.809860  0.000000 -0.983251 0.182254  0.087036 0.375000 1 0 1.000000
0  26.412096 -2.933326 43.982204  0.000000 -0.964634 0.263593  0.087036 0.409180 1 0 1.000000
0  15.700936 -4.077424 37.809864  -0.301845 -0.940832 0.154029  0.138794 0.375000 1 0 1.000000
interior
0  26.412096 -2.933326 43.982204  0.000000 -0.964634 0.263593  0.087036 0.409180 1 0 1.000000
0  15.184814 -2.933327 43.982208  -0.309768 -0.900822 0.304242  0.141357 0.409180 1 0 1.000000
0  15.700936 -4.077424 37.809864  -0.301845 -0.940832 0.154029  0.138794 0.375000 1 0 1.000000
interior
0  26.412096 -2.933326 43.982204  0.000000 -0.964634 0.263593  0.087036 0.409180 1 0 1.000000
0  26.412096 0.805058 52.044636  0.000000 -0.876574 0.481268  0.087036 0.453613 1 0 1.000000
0  15.184814 -2.933327 43.982208  -0.309768 -0.900822 0.304242  0.141357 0.409180 1 0 1.000000
interior
0  26.412096 0.805058 52.044636  0.000000 -0.876574 0.481268  0.087036 0.453613 1 0 1.000000
0  14.628777 0.805057 52.044640  -0.292910 -0.808281 0.510769  0.144043 0.453613 1 0 1.000000
0  15.184814 -2.933327 43.982208  -0.309768 -0.900822 0.304242  0.141357 0.409180 1 0 1.000000
interior
0  14.628777 0.805057 52.044640  -0.292910 -0.808281 0.510769  0.144043 0.453613 1 0 1.000000
0  26.412096 0.805058 52.044636  0.000000 -0.876574 0.481268  0.087036 0.453613 1 0 1.000000
0  17.852076 6.571047 61.039795  -0.199410 -0.822137 0.533223  0.128418 0.500488 1 0 1.000000
interior
0  26.412096 6.571048 61.039791  -0.000002 -0.867411 0.497593  0.087036 0.500488 1 0 1.000000
0  17.852076 6.571047 61.039795  -0.199410 -0.822137 0.533223  0.128418 0.500488 1 0 1.000000
0  26.412096 0.805058 52.044636  0.000000 -0.876574 0.481268  0.087036 0.453613 1 0 1.000000
interior
0  17.852076 6.571047 61.039795  -0.199410 -0.822137 0.533223  0.128418 0.500488 1 0 1.000000
0  26.412096 6.571048 61.039791  -0.000002 -0.867411 0.497593  0.087036 0.500488 1 0 1.000000
0  19.022598 9.539890 66.519897  -0.130127 -0.720648 0.680980  0.122742 0.520752 1 0 1.000000
interior
0  26.412096 9.313264 66.730690  0.000000 -0.757600 0.652719  0.087036 0.524414 1 0 1.000000
0  19.022598 9.539890 66.519897  -0.130127 -0.720648 0.680980  0.122742 0.520752 1 0 1.000000
0  26.412096 6.571048 61.039791  -0.000002 -0.867411 0.497593  0.087036 0.500488 1 0 1.000000
interior
0  38.736938 -2.990647 37.809860  0.554250 -0.822944 0.124776  0.146606 0.375000 1 0 1.000000
0  39.289230 -1.764288 43.444923  0.755018 -0.643954 0.123580  0.149292 0.406250 1 0 1.000000
0  37.123302 -4.077422 37.809860  0.301847 -0.940830 0.154039  0.138794 0.375000 1 0 1.000000
interior
0  37.639431 -2.933325 43.982204  0.309764 -0.900824 0.304242  0.141357 0.409180 1 0 1.000000
0  37.123302 -4.077422 37.809860  0.301847 -0.940830 0.154039  0.138794 0.375000 1 0 1.000000
0  39.289230 -1.764288 43.444923  0.755018 -0.643954 0.123580  0.149292 0.406250 1 0 1.000000
interior
0  39.289230 -1.764288 43.444923  0.755018 -0.643954 0.123580  0.149292 0.406250 1 0 1.000000
0  39.742123 1.941489 52.158428  0.867502 -0.416732 0.271613  0.151489 0.454102 1 0 1.000000
0  37.639431 -2.933325 43.982204  0.309764 -0.900824 0.304242  0.141357 0.409180 1 0 1.000000
interior
0  38.195419 0.805059 52.044636  0.292906 -0.808282 0.510770  0.144043 0.453613 1 0 1.000000
0  37.639431 -2.933325 43.982204  0.309764 -0.900824 0.304242  0.141357 0.409180 1 0 1.000000
0  39.742123 1.941489 52.158428  0.867502 -0.416732 0.271613  0.151489 0.454102 1 0 1.000000
interior
0  39.742123 1.941489 52.158428  0.867502 -0.416732 0.271613  0.151489 0.454102 1 0 1.000000
0  36.665356 7.252149 60.657162  0.896437 -0.246587 0.368232  0.136597 0.498535 1 0 1.000000
0  38.195419 0.805059 52.044636  0.292906 -0.808282 0.510770  0.144043 0.453613 1 0 1.000000
interior
0  36.665356 7.252149 60.657162  0.896437 -0.246587 0.368232  0.136597 0.498535 1 0 1.000000
0  34.972168 6.571049 61.039791  0.199362 -0.822153 0.533216  0.128418 0.500488 1 0 1.000000
0  38.195419 0.805059 52.044636  0.292906 -0.808282 0.510770  0.144043 0.453613 1 0 1.000000
interior
0  36.665356 7.252149 60.657162  0.896437 -0.246587 0.368232  0.136597 0.498535 1 0 1.000000
0  35.621250 10.227082 66.384056  0.709667 -0.411051 0.572198  0.131592 0.520020 1 0 1.000000
0  34.972168 6.571049 61.039791  0.199362 -0.822153 0.533216  0.128418 0.500488 1 0 1.000000
interior
0  33.801647 9.539891 66.519897  0.130128 -0.720646 0.680982  0.122742 0.520752 1 0 1.000000
0  34.972168 6.571049 61.039791  0.199362 -0.822153 0.533216  0.128418 0.500488 1 0 1.000000
0  35.621250 10.227082 66.384056  0.709667 -0.411051 0.572198  0.131592 0.520020 1 0 1.000000
interior
0  35.621250 10.227082 66.384056  0.709667 -0.411051 0.572198  0.131592 0.520020 1 0 1.000000
0  34.545162 10.959507 67.227196  0.305844 -0.179958 0.934920  0.126343 0.524658 1 0 1.000000
0  33.801647 9.539891 66.519897  0.130128 -0.720646 0.680982  0.122742 0.520752 1 0 1.000000
interior
0  34.545162 10.959507 67.227196  0.305844 -0.179958 0.934920  0.126343 0.524658 1 0 1.000000
0  26.412096 10.959506 67.852150  0.000007 -0.269871 0.962896  0.087036 0.528076 1 0 1.000000
0  33.801647 9.539891 66.519897  0.130128 -0.720646 0.680982  0.122742 0.520752 1 0 1.000000
interior
0  26.412096 10.959506 67.852150  0.000007 -0.269871 0.962896  0.087036 0.528076 1 0 1.000000
0  34.545162 10.959507 67.227196  0.305844 -0.179958 0.934920  0.126343 0.524658 1 0 1.000000
0  26.412096 12.960635 67.852150  -0.000000 0.000000 1.000000  0.087036 0.528076 1 0 1.000000
interior
0  26.412096 10.959506 67.852150  0.000007 -0.269871 0.962896  0.087036 0.528076 1 0 1.000000
0  26.412096 12.960635 67.852150  -0.000000 0.000000 1.000000  0.087036 0.528076 1 0 1.000000
0  18.279079 10.959505 67.227196  -0.274898 -0.264032 0.924510  0.126343 0.524658 1 0 1.000000
interior
0  18.279079 12.962937 67.227196  -0.362212 -0.000000 0.932096  0.126343 0.524658 1 0 1.000000
0  18.279079 10.959505 67.227196  -0.274898 -0.264032 0.924510  0.126343 0.524658 1 0 1.000000
0  26.412096 12.960635 67.852150  -0.000000 0.000000 1.000000  0.087036 0.528076 1 0 1.000000
interior
0  17.202995 12.685391 66.384056  -0.809604 0.323572 0.489737  0.131592 0.520020 1 0 1.000000
0  18.279079 10.959505 67.227196  -0.274898 -0.264032 0.924510  0.126343 0.524658 1 0 1.000000
0  18.279079 12.962937 67.227196  -0.362212 -0.000000 0.932096  0.126343 0.524658 1 0 1.000000
interior
0  18.279079 10.959505 67.227196  -0.274898 -0.264032 0.924510  0.126343 0.524658 1 0 1.000000
0  17.202995 12.685391 66.384056  -0.809604 0.323572 0.489737  0.131592 0.520020 1 0 1.000000
0  17.202995 10.227080 66.384056  -0.916943 0.005507 0.398979  0.131592 0.520020 1 0 1.000000
interior
0  17.202995 12.685391 66.384056  -0.809604 0.323572 0.489737  0.131592 0.520020 1 0 1.000000
0  16.308392 11.718851 61.111008  -0.960670 0.178619 0.212622  0.135864 0.500977 1 0 1.000000
0  17.202995 10.227080 66.384056  -0.916943 0.005507 0.398979  0.131592 0.520020 1 0 1.000000
interior
0  16.158884 7.252147 60.657166  -0.896514 -0.246367 0.368194  0.136597 0.498535 1 0 1.000000
0  17.202995 10.227080 66.384056  -0.916943 0.005507 0.398979  0.131592 0.520020 1 0 1.000000
0  16.308392 11.718851 61.111008  -0.960670 0.178619 0.212622  0.135864 0.500977 1 0 1.000000
interior
0  16.158884 7.252147 60.657166  -0.896514 -0.246367 0.368194  0.136597 0.498535 1 0 1.000000
0  16.308392 11.718851 61.111008  -0.960670 0.178619 0.212622  0.135864 0.500977 1 0 1.000000
0  13.082116 8.924049 52.158432  -0.982715 0.168537 0.076599  0.151489 0.454102 1 0 1.000000
interior
0  34.545162 12.962937 67.227196  0.362213 0.000005 0.932095  0.126343 0.524658 1 0 1.000000
0  26.412096 12.960635 67.852150  -0.000000 0.000000 1.000000  0.087036 0.528076 1 0 1.000000
0  34.545162 10.959507 67.227196  0.305844 -0.179958 0.934920  0.126343 0.524658 1 0 1.000000
interior
0  34.545162 12.962937 67.227196  0.362213 0.000005 0.932095  0.126343 0.524658 1 0 1.000000
0  34.545162 10.959507 67.227196  0.305844 -0.179958 0.934920  0.126343 0.524658 1 0 1.000000
0  35.621250 12.685391 66.384056  0.809607 0.323571 0.489733  0.131592 0.520020 1 0 1.000000
interior
0  34.545162 10.959507 67.227196  0.305844 -0.179958 0.934920  0.126343 0.524658 1 0 1.000000
0  35.621250 10.227082 66.384056  0.709667 -0.411051 0.572198  0.131592 0.520020 1 0 1.000000
0  35.621250 12.685391 66.384056  0.809607 0.323571 0.489733  0.131592 0.520020 1 0 1.000000
interior
0  35.621250 12.685391 66.384056  0.809607 0.323571 0.489733  0.131592 0.520020 1 0 1.000000
0  35.621250 10.227082 66.384056  0.709667 -0.411051 0.572198  0.131592 0.520020 1 0 1.000000
0  36.515808 11.718853 61.111004  0.945284 0.277802 0.171069  0.135864 0.500977 1 0 1.000000
interior
0  36.665356 7.252149 60.657162  0.896437 -0.246587 0.368232  0.136597 0.498535 1 0 1.000000
0  36.515808 11.718853 61.111004  0.945284 0.277802 0.171069  0.135864 0.500977 1 0 1.000000
0  35.621250 10.227082 66.384056  0.709667 -0.411051 0.572198  0.131592 0.520020 1 0 1.000000
interior
0  36.515808 11.718853 61.111004  0.945284 0.277802 0.171069  0.135864 0.500977 1 0 1.000000
0  36.665356 7.252149 60.657162  0.896437 -0.246587 0.368232  0.136597 0.498535 1 0 1.000000
0  39.742123 8.924051 52.158428  0.961221 0.264214 0.079031  0.151489 0.454102 1 0 1.000000
interior
0  39.742123 8.924051 52.158428  0.961221 0.264214 0.079031  0.151489 0.454102 1 0 1.000000
0  36.665356 7.252149 60.657162  0.896437 -0.246587 0.368232  0.136597 0.498535 1 0 1.000000
0  39.742123 1.941489 52.158428  0.867502 -0.416732 0.271613  0.151489 0.454102 1 0 1.000000
interior
0  39.742123 8.924051 52.158428  0.961221 0.264214 0.079031  0.151489 0.454102 1 0 1.000000
0  39.742123 1.941489 52.158428  0.867502 -0.416732 0.271613  0.151489 0.454102 1 0 1.000000
0  39.289230 6.779953 43.444923  0.949078 0.258622 -0.179905  0.149292 0.406250 1 0 1.000000
interior
0  39.742123 1.941489 52.158428  0.867502 -0.416732 0.271613  0.151489 0.454102 1 0 1.000000
0  39.289230 -1.764288 43.444923  0.755018 -0.643954 0.123580  0.149292 0.406250 1 0 1.000000
0  39.289230 6.779953 43.444923  0.949078 0.258622 -0.179905  0.149292 0.406250 1 0 1.000000
interior
0  39.289230 6.779953 43.444923  0.949078 0.258622 -0.179905  0.149292 0.406250 1 0 1.000000
0  39.289230 -1.764288 43.444923  0.980422 0.050689 -0.190270  0.149292 0.406250 1 0 1.000000
0  37.770264 6.463531 37.809860  0.969941 0.220349 -0.103248  0.141968 0.375000 1 0 1.000000
interior
0  39.289230 -1.764288 43.444923  0.980422 0.050689 -0.190270  0.149292 0.406250 1 0 1.000000
0  38.736938 -2.990647 37.809860  0.998458 0.054542 0.010313  0.146606 0.375000 1 0 1.000000
0  37.770264 6.463531 37.809860  0.969941 0.220349 -0.103248  0.141968 0.375000 1 0 1.000000
interior
0  13.082116 8.924049 52.158432  -0.982715 0.168537 0.076599  0.151489 0.454102 1 0 1.000000
0  13.082117 1.941487 52.158432  -0.996771 -0.000001 0.080297  0.151489 0.454102 1 0 1.000000
0  16.158884 7.252147 60.657166  -0.896514 -0.246367 0.368194  0.136597 0.498535 1 0 1.000000
interior
0  13.535010 6.779951 43.444927  -0.949082 0.258618 -0.179887  0.149292 0.406250 1 0 1.000000
0  13.082117 1.941487 52.158432  -0.996771 -0.000001 0.080297  0.151489 0.454102 1 0 1.000000
0  13.082116 8.924049 52.158432  -0.982715 0.168537 0.076599  0.151489 0.454102 1 0 1.000000
interior
0  13.535010 6.779951 43.444927  -0.949082 0.258618 -0.179887  0.149292 0.406250 1 0 1.000000
0  13.535010 -1.764290 43.444927  -0.988946 0.033835 -0.144366  0.149292 0.406250 1 0 1.000000
0  13.082117 1.941487 52.158432  -0.996771 -0.000001 0.080297  0.151489 0.454102 1 0 1.000000
interior
0  15.053932 6.463529 37.809864  -0.970545 0.219693 -0.098886  0.141968 0.375000 1 0 1.000000
0  13.535010 -1.764290 43.444927  -0.988946 0.033835 -0.144366  0.149292 0.406250 1 0 1.000000
0  13.535010 6.779951 43.444927  -0.949082 0.258618 -0.179887  0.149292 0.406250 1 0 1.000000
interior
0  15.053932 6.463529 37.809864  -0.970545 0.219693 -0.098886  0.141968 0.375000 1 0 1.000000
0  14.087305 -2.990649 37.809864  -0.998203 0.057404 0.017188  0.146606 0.375000 1 0 1.000000
0  13.535010 -1.764290 43.444927  -0.988946 0.033835 -0.144366  0.149292 0.406250 1 0 1.000000
interior
0  16.163666 -45.178116 41.374294  0.989186 0.146548 -0.005861  0.956055 0.005371 1 0 1.000000
0  13.613668 -27.878567 43.558720  0.989186 0.146548 -0.005861  0.956055 0.005371 1 0 1.000000
0  13.855719 -29.320234 48.363495  0.989186 0.146548 -0.005861  0.956055 0.005371 1 0 1.000000
interior
0  26.412096 10.070853 67.348785  0.000000 -0.510976 -0.859595  0.066162 0.522705 1 0 1.000000
0  26.412096 9.136969 67.903923  0.000004 -0.762154 -0.647396  0.066162 0.526855 1 0 1.000000
0  21.739199 10.070853 67.348785  -0.178677 -0.410179 -0.894331  0.105164 0.522705 1 0 1.000000
interior
0  26.412096 9.136969 67.903923  0.000004 -0.762154 -0.647396  0.066162 0.526855 1 0 1.000000
0  26.412096 10.070853 67.348785  0.000000 -0.510976 -0.859595  0.066162 0.522705 1 0 1.000000
0  31.085043 10.070853 67.348785  0.178673 -0.410177 -0.894333  0.105164 0.522705 1 0 1.000000
interior
0  31.085043 10.070853 67.348785  0.178673 -0.410177 -0.894333  0.105164 0.522705 1 0 1.000000
0  31.085043 9.136969 67.903923  0.278260 -0.903778 -0.325204  0.105164 0.526855 1 0 1.000000
0  26.412096 9.136969 67.903923  0.000004 -0.762154 -0.647396  0.066162 0.526855 1 0 1.000000
interior
0  31.085043 10.070853 67.348785  0.178673 -0.410177 -0.894333  0.105164 0.522705 1 0 1.000000
0  32.482735 10.070854 67.903923  0.474084 -0.425410 -0.770890  0.113037 0.526855 1 0 1.000000
0  31.085043 9.136969 67.903923  0.278260 -0.903778 -0.325204  0.105164 0.526855 1 0 1.000000
interior
0  32.482735 10.070854 67.903923  0.474084 -0.425410 -0.770890  0.113037 0.526855 1 0 1.000000
0  32.482735 10.070854 74.012184  0.641967 -0.707492 0.295523  0.113037 0.561279 1 0 1.000000
0  31.085043 9.136969 67.903923  0.278260 -0.903778 -0.325204  0.105164 0.526855 1 0 1.000000
interior
0  32.482735 13.393283 67.652855  0.387506 -0.069465 -0.919247  0.113037 0.524902 1 0 1.000000
0  32.482735 10.070854 67.903923  0.474084 -0.425410 -0.770890  0.113037 0.526855 1 0 1.000000
0  31.085043 12.943274 67.097672  0.258101 0.156060 -0.953430  0.105164 0.520752 1 0 1.000000
interior
0  31.085043 10.070853 67.348785  0.178673 -0.410177 -0.894333  0.105164 0.522705 1 0 1.000000
0  31.085043 12.943274 67.097672  0.258101 0.156060 -0.953430  0.105164 0.520752 1 0 1.000000
0  32.482735 10.070854 67.903923  0.474084 -0.425410 -0.770890  0.113037 0.526855 1 0 1.000000
interior
0  32.482735 13.393283 67.652855  0.822821 0.508509 -0.253740  0.113037 0.524902 1 0 1.000000
0  31.085043 12.943274 67.097672  0.257993 0.156232 -0.953431  0.105164 0.520752 1 0 1.000000
0  31.085043 14.291223 67.652855  0.184685 0.705293 -0.684436  0.105164 0.524902 1 0 1.000000
interior
0  31.085043 14.291223 67.652855  0.184685 0.705293 -0.684436  0.105164 0.524902 1 0 1.000000
0  31.085043 12.943274 67.097672  0.257993 0.156232 -0.953431  0.105164 0.520752 1 0 1.000000
0  26.412096 12.943274 67.097672  0.000000 0.380835 -0.924643  0.066162 0.520752 1 0 1.000000
interior
0  26.412096 12.943274 67.097672  0.000000 0.380835 -0.924643  0.066162 0.520752 1 0 1.000000
0  26.412096 14.291223 67.652855  -0.000010 0.911190 -0.411985  0.066162 0.524902 1 0 1.000000
0  31.085043 14.291223 67.652855  0.184685 0.705293 -0.684436  0.105164 0.524902 1 0 1.000000
interior
0  31.085043 14.843606 75.097282  0.278562 0.937788 0.207259  0.105164 0.561279 1 0 1.000000
0  31.085043 14.291223 67.652855  0.184685 0.705293 -0.684436  0.105164 0.524902 1 0 1.000000
0  26.412096 14.291223 67.652855  -0.000010 0.911190 -0.411985  0.066162 0.524902 1 0 1.000000
interior
0  32.482735 13.393283 67.652855  0.822821 0.508509 -0.253740  0.113037 0.524902 1 0 1.000000
0  31.085043 14.291223 67.652855  0.184685 0.705293 -0.684436  0.105164 0.524902 1 0 1.000000
0  31.085043 14.843606 75.097282  0.278562 0.937788 0.207259  0.105164 0.561279 1 0 1.000000
interior
0  32.482735 13.945666 75.097282  0.511874 0.796760 0.321184  0.113037 0.561279 1 0 1.000000
0  32.482735 13.393283 67.652855  0.822821 0.508509 -0.253740  0.113037 0.524902 1 0 1.000000
0  31.085043 14.843606 75.097282  0.278562 0.937788 0.207259  0.105164 0.561279 1 0 1.000000
interior
0  32.482735 13.945666 75.097282  0.511874 0.796760 0.321184  0.113037 0.561279 1 0 1.000000
0  31.085043 14.843606 75.097282  0.278562 0.937788 0.207259  0.105164 0.561279 1 0 1.000000
0  31.085043 13.393283 76.498772  0.138585 0.688193 0.712169  0.105164 0.569092 1 0 1.000000
interior
0  31.085043 14.843606 75.097282  0.278562 0.937788 0.207259  0.105164 0.561279 1 0 1.000000
0  26.412096 14.291223 67.652855  -0.000010 0.911190 -0.411985  0.066162 0.524902 1 0 1.000000
0  26.412096 14.843606 75.097282  0.000000 0.868455 0.495768  0.066162 0.561279 1 0 1.000000
interior
0  31.085043 14.843606 75.097282  0.278562 0.937788 0.207259  0.105164 0.561279 1 0 1.000000
0  26.412096 14.843606 75.097282  0.000000 0.868455 0.495768  0.066162 0.561279 1 0 1.000000
0  31.085043 13.393283 76.498772  0.138585 0.688193 0.712169  0.105164 0.569092 1 0 1.000000
interior
0  26.412096 13.393283 76.498772  0.000008 0.560968 0.827838  0.066162 0.569092 1 0 1.000000
0  31.085043 13.393283 76.498772  0.138585 0.688193 0.712169  0.105164 0.569092 1 0 1.000000
0  26.412096 14.843606 75.097282  0.000000 0.868455 0.495768  0.066162 0.561279 1 0 1.000000
interior
0  32.482735 13.945666 75.097282  0.876894 -0.126613 0.463710  0.113037 0.561279 1 0 1.000000
0  32.482735 10.070854 74.012184  1.000000 0.000000 0.000000  0.113037 0.561279 1 0 1.000000
0  32.482735 13.393283 67.652855  0.822839 0.508474 -0.253751  0.113037 0.524902 1 0 1.000000
interior
0  32.482735 10.070854 67.903923  1.000000 0.000000 0.000000  0.113037 0.526855 1 0 1.000000
0  32.482735 13.393283 67.652855  0.822839 0.508474 -0.253751  0.113037 0.524902 1 0 1.000000
0  32.482735 10.070854 74.012184  1.000000 0.000000 0.000000  0.113037 0.561279 1 0 1.000000
interior
0  26.412096 14.843606 75.097282  0.000000 0.868455 0.495768  0.066162 0.561279 1 0 1.000000
0  21.739199 13.393283 76.498772  -0.306488 0.360981 0.880771  0.105164 0.569092 1 0 1.000000
0  26.412096 13.393283 76.498772  -0.000051 -0.029613 0.999562  0.066162 0.569092 1 0 1.000000
interior
0  21.739199 14.843606 75.097282  -0.351647 0.912650 0.208359  0.105164 0.561279 1 0 1.000000
0  21.739199 13.393283 76.498772  -0.306488 0.360981 0.880771  0.105164 0.569092 1 0 1.000000
0  26.412096 14.843606 75.097282  0.000000 0.868455 0.495768  0.066162 0.561279 1 0 1.000000
interior
0  26.412096 14.843606 75.097282  0.000000 0.868455 0.495768  0.066162 0.561279 1 0 1.000000
0  26.412096 14.291223 67.652855  -0.000010 0.911190 -0.411985  0.066162 0.524902 1 0 1.000000
0  21.739199 14.843606 75.097282  -0.351647 0.912650 0.208359  0.105164 0.561279 1 0 1.000000
interior
0  21.739199 14.291223 67.652855  -0.184700 0.705288 -0.684437  0.105164 0.524902 1 0 1.000000
0  21.739199 14.843606 75.097282  -0.351647 0.912650 0.208359  0.105164 0.561279 1 0 1.000000
0  26.412096 14.291223 67.652855  -0.000010 0.911190 -0.411985  0.066162 0.524902 1 0 1.000000
interior
0  26.412096 14.291223 67.652855  -0.000010 0.911190 -0.411985  0.066162 0.524902 1 0 1.000000
0  26.412096 12.943274 67.097672  0.000000 0.380835 -0.924643  0.066162 0.520752 1 0 1.000000
0  21.739199 14.291223 67.652855  -0.184700 0.705288 -0.684437  0.105164 0.524902 1 0 1.000000
interior
0  21.739199 12.943274 67.097672  -0.257122 0.157704 -0.953424  0.105164 0.520752 1 0 1.000000
0  21.739199 14.291223 67.652855  -0.184700 0.705288 -0.684437  0.105164 0.524902 1 0 1.000000
0  26.412096 12.943274 67.097672  0.000000 0.380835 -0.924643  0.066162 0.520752 1 0 1.000000
interior
0  21.739199 14.291223 67.652855  -0.184700 0.705288 -0.684437  0.105164 0.524902 1 0 1.000000
0  21.739199 12.943274 67.097672  -0.257122 0.157704 -0.953424  0.105164 0.520752 1 0 1.000000
0  20.341505 13.393283 67.652855  -0.574674 0.730645 -0.368656  0.113037 0.524902 1 0 1.000000
interior
0  21.739199 14.291223 67.652855  -0.184700 0.705288 -0.684437  0.105164 0.524902 1 0 1.000000
0  20.341505 13.393283 67.652855  -0.574674 0.730645 -0.368656  0.113037 0.524902 1 0 1.000000
0  21.739199 14.843606 75.097282  -0.351647 0.912650 0.208359  0.105164 0.561279 1 0 1.000000
interior
0  20.341505 13.393283 75.097282  -0.863177 0.207410 0.460333  0.113037 0.561279 1 0 1.000000
0  21.739199 14.843606 75.097282  -0.351647 0.912650 0.208359  0.105164 0.561279 1 0 1.000000
0  20.341505 13.393283 67.652855  -0.574674 0.730645 -0.368656  0.113037 0.524902 1 0 1.000000
interior
0  21.739199 13.393283 76.498772  -0.306488 0.360981 0.880771  0.105164 0.569092 1 0 1.000000
0  21.739199 14.843606 75.097282  -0.351647 0.912650 0.208359  0.105164 0.561279 1 0 1.000000
0  20.341505 13.393283 75.097282  -0.863177 0.207410 0.460333  0.113037 0.561279 1 0 1.000000
interior
0  26.412096 13.393283 76.498772  -0.000051 -0.029613 0.999562  0.066162 0.569092 1 0 1.000000
0  21.739199 10.070853 75.614220  -0.366952 -0.340780 0.865572  0.105164 0.569092 1 0 1.000000
0  26.412096 10.070853 75.614220  -0.000008 -0.649178 0.760637  0.066162 0.569092 1 0 1.000000
interior
0  26.412096 10.070853 75.614220  -0.000008 -0.649178 0.760637  0.066162 0.569092 1 0 1.000000
0  31.085043 10.070853 75.614220  0.375881 -0.473467 0.796582  0.105164 0.569092 1 0 1.000000
0  26.412096 13.393283 76.498772  -0.000051 -0.029613 0.999562  0.066162 0.569092 1 0 1.000000
interior
0  31.085043 13.393283 76.498772  0.398373 -0.235978 0.886348  0.105164 0.569092 1 0 1.000000
0  26.412096 13.393283 76.498772  -0.000051 -0.029613 0.999562  0.066162 0.569092 1 0 1.000000
0  31.085043 10.070853 75.614220  0.375881 -0.473467 0.796582  0.105164 0.569092 1 0 1.000000
interior
0  31.085043 13.393283 76.498772  0.398373 -0.235978 0.886348  0.105164 0.569092 1 0 1.000000
0  31.085043 10.070853 75.614220  0.375881 -0.473467 0.796582  0.105164 0.569092 1 0 1.000000
0  32.482735 13.945666 75.097282  0.876841 -0.126649 0.463799  0.113037 0.561279 1 0 1.000000
interior
0  31.085043 10.070853 75.614220  0.375881 -0.473467 0.796582  0.105164 0.569092 1 0 1.000000
0  32.482735 10.070854 74.012184  0.641967 -0.707492 0.295523  0.113037 0.561279 1 0 1.000000
0  32.482735 13.945666 75.097282  0.876841 -0.126649 0.463799  0.113037 0.561279 1 0 1.000000
interior
0  32.482735 10.070854 74.012184  0.641967 -0.707492 0.295523  0.113037 0.561279 1 0 1.000000
0  31.085043 10.070853 75.614220  0.375881 -0.473467 0.796582  0.105164 0.569092 1 0 1.000000
0  31.085043 9.136969 74.012184  0.226308 -0.923586 0.309473  0.105164 0.561279 1 0 1.000000
interior
0  32.482735 10.070854 74.012184  0.641967 -0.707492 0.295523  0.113037 0.561279 1 0 1.000000
0  31.085043 9.136969 74.012184  0.226308 -0.923586 0.309473  0.105164 0.561279 1 0 1.000000
0  31.085043 9.136969 67.903923  0.278260 -0.903778 -0.325204  0.105164 0.526855 1 0 1.000000
interior
0  31.085043 9.136969 67.903923  0.278260 -0.903778 -0.325204  0.105164 0.526855 1 0 1.000000
0  31.085043 9.136969 74.012184  0.226308 -0.923586 0.309473  0.105164 0.561279 1 0 1.000000
0  26.412096 9.136969 74.012184  -0.000005 -0.984881 0.173232  0.066162 0.561279 1 0 1.000000
interior
0  31.085043 9.136969 67.903923  0.278260 -0.903778 -0.325204  0.105164 0.526855 1 0 1.000000
0  26.412096 9.136969 74.012184  -0.000005 -0.984881 0.173232  0.066162 0.561279 1 0 1.000000
0  26.412096 9.136969 67.903923  0.000004 -0.762154 -0.647396  0.066162 0.526855 1 0 1.000000
interior
0  26.412096 9.136969 67.903923  0.000004 -0.762154 -0.647396  0.066162 0.526855 1 0 1.000000
0  26.412096 9.136969 74.012184  -0.000005 -0.984881 0.173232  0.066162 0.561279 1 0 1.000000
0  21.739199 9.136969 67.903923  -0.205909 -0.896590 -0.392082  0.105164 0.526855 1 0 1.000000
interior
0  21.739199 10.070853 67.348785  -0.178677 -0.410179 -0.894331  0.105164 0.522705 1 0 1.000000
0  26.412096 9.136969 67.903923  0.000004 -0.762154 -0.647396  0.066162 0.526855 1 0 1.000000
0  21.739199 9.136969 67.903923  -0.205909 -0.896590 -0.392082  0.105164 0.526855 1 0 1.000000
interior
0  21.739199 9.136969 67.903923  -0.205909 -0.896590 -0.392082  0.105164 0.526855 1 0 1.000000
0  20.341505 10.070853 67.903923  -0.672513 -0.483832 -0.560029  0.113037 0.526855 1 0 1.000000
0  21.739199 10.070853 67.348785  -0.178677 -0.410179 -0.894331  0.105164 0.522705 1 0 1.000000
interior
0  20.341505 10.070853 67.903923  -0.672513 -0.483832 -0.560029  0.113037 0.526855 1 0 1.000000
0  21.739199 12.943274 67.097672  -0.257214 0.157542 -0.953426  0.105164 0.520752 1 0 1.000000
0  21.739199 10.070853 67.348785  -0.178677 -0.410179 -0.894331  0.105164 0.522705 1 0 1.000000
interior
0  21.739199 12.943274 67.097672  -0.257214 0.157542 -0.953426  0.105164 0.520752 1 0 1.000000
0  20.341505 10.070853 67.903923  -0.672513 -0.483832 -0.560029  0.113037 0.526855 1 0 1.000000
0  20.341505 13.393283 67.652855  -0.932679 -0.027177 -0.359682  0.113037 0.524902 1 0 1.000000
interior
0  20.341505 10.070853 67.903923  -0.672513 -0.483832 -0.560029  0.113037 0.526855 1 0 1.000000
0  20.341505 10.070853 74.212700  -0.831387 -0.345219 0.435453  0.113037 0.561279 1 0 1.000000
0  20.341505 13.393283 67.652855  -0.932679 -0.027177 -0.359682  0.113037 0.524902 1 0 1.000000
interior
0  20.341505 13.393283 75.097282  -0.863177 0.207410 0.460333  0.113037 0.561279 1 0 1.000000
0  20.341505 13.393283 67.652855  -0.932679 -0.027177 -0.359682  0.113037 0.524902 1 0 1.000000
0  20.341505 10.070853 74.212700  -0.831387 -0.345219 0.435453  0.113037 0.561279 1 0 1.000000
interior
0  21.739199 10.070853 75.614220  -0.366952 -0.340780 0.865572  0.105164 0.569092 1 0 1.000000
0  20.341505 13.393283 75.097282  -0.863177 0.207410 0.460333  0.113037 0.561279 1 0 1.000000
0  20.341505 10.070853 74.212700  -0.831387 -0.345219 0.435453  0.113037 0.561279 1 0 1.000000
interior
0  20.341505 13.393283 75.097282  -0.863177 0.207410 0.460333  0.113037 0.561279 1 0 1.000000
0  21.739199 10.070853 75.614220  -0.366952 -0.340780 0.865572  0.105164 0.569092 1 0 1.000000
0  21.739199 13.393283 76.498772  -0.306488 0.360981 0.880771  0.105164 0.569092 1 0 1.000000
interior
0  21.739199 13.393283 76.498772  -0.306488 0.360981 0.880771  0.105164 0.569092 1 0 1.000000
0  21.739199 10.070853 75.614220  -0.366952 -0.340780 0.865572  0.105164 0.569092 1 0 1.000000
0  26.412096 13.393283 76.498772  -0.000051 -0.029613 0.999562  0.066162 0.569092 1 0 1.000000
interior
0  31.085043 9.136969 74.012184  0.226308 -0.923586 0.309473  0.105164 0.561279 1 0 1.000000
0  31.085043 10.070853 75.614220  0.375881 -0.473467 0.796582  0.105164 0.569092 1 0 1.000000
0  26.412096 10.070853 75.614220  -0.000008 -0.649178 0.760637  0.066162 0.569092 1 0 1.000000
interior
0  26.412096 10.070853 75.614220  -0.000008 -0.649178 0.760637  0.066162 0.569092 1 0 1.000000
0  26.412096 9.136969 74.012184  -0.000005 -0.984881 0.173232  0.066162 0.561279 1 0 1.000000
0  31.085043 9.136969 74.012184  0.226308 -0.923586 0.309473  0.105164 0.561279 1 0 1.000000
interior
0  26.412096 9.136969 74.012184  -0.000005 -0.984881 0.173232  0.066162 0.561279 1 0 1.000000
0  26.412096 10.070853 75.614220  -0.000008 -0.649178 0.760637  0.066162 0.569092 1 0 1.000000
0  21.739199 9.136969 74.012184  -0.279582 -0.924033 0.260762  0.105164 0.561279 1 0 1.000000
interior
0  21.739199 9.136969 74.012184  -0.279582 -0.924033 0.260762  0.105164 0.561279 1 0 1.000000
0  21.739199 9.136969 67.903923  -0.205909 -0.896590 -0.392082  0.105164 0.526855 1 0 1.000000
0  26.412096 9.136969 74.012184  -0.000005 -0.984881 0.173232  0.066162 0.561279 1 0 1.000000
interior
0  21.739199 9.136969 67.903923  -0.205909 -0.896590 -0.392082  0.105164 0.526855 1 0 1.000000
0  21.739199 9.136969 74.012184  -0.279582 -0.924033 0.260762  0.105164 0.561279 1 0 1.000000
0  20.341505 10.070853 67.903923  -0.672513 -0.483832 -0.560029  0.113037 0.526855 1 0 1.000000
interior
0  20.341505 10.070853 74.212700  -0.831387 -0.345219 0.435453  0.113037 0.561279 1 0 1.000000
0  20.341505 10.070853 67.903923  -0.672513 -0.483832 -0.560029  0.113037 0.526855 1 0 1.000000
0  21.739199 9.136969 74.012184  -0.279582 -0.924033 0.260762  0.105164 0.561279 1 0 1.000000
interior
0  21.739199 9.136969 74.012184  -0.279582 -0.924033 0.260762  0.105164 0.561279 1 0 1.000000
0  21.739199 10.070853 75.614220  -0.262381 -0.777835 0.571077  0.105164 0.569092 1 0 1.000000
0  20.341505 10.070853 74.212700  -0.831387 -0.345219 0.435453  0.113037 0.561279 1 0 1.000000
interior
0  21.739199 9.136969 74.012184  -0.279582 -0.924033 0.260762  0.105164 0.561279 1 0 1.000000
0  26.412096 10.070853 75.614220  -0.000008 -0.649178 0.760637  0.066162 0.569092 1 0 1.000000
0  21.739199 10.070853 75.614220  -0.262381 -0.777835 0.571077  0.105164 0.569092 1 0 1.000000
interior
0  -47.618782 -35.174442 63.458015  -0.038936 -0.152411 0.987550  0.956543 0.004883 1 0 1.000000
0  -47.617298 -46.668404 61.684185  -0.017304 -0.076024 0.996956  0.956543 0.004883 1 0 1.000000
0  -14.996014 -35.316772 64.722252  -0.079168 -0.195933 0.977416  0.956543 0.004883 1 0 1.000000
interior
0  0.000009 -55.253456 61.729687  0.004211 -0.081677 0.996650  0.956055 0.004883 1 0 1.000000
0  -14.996014 -35.316772 64.722252  -0.079168 -0.195933 0.977416  0.956543 0.004883 1 0 1.000000
0  -47.617298 -46.668404 61.684185  -0.017304 -0.076024 0.996956  0.956543 0.004883 1 0 1.000000
interior
0  -44.693417 -50.946411 61.727211  0.000978 0.010725 0.999942  0.956543 0.004883 1 0 1.000000
0  0.000009 -55.253456 61.729687  0.004211 -0.081677 0.996650  0.956055 0.004883 1 0 1.000000
0  -47.617298 -46.668404 61.684185  -0.017304 -0.076024 0.996956  0.956543 0.004883 1 0 1.000000
interior
0  -12.250236 -30.236666 66.166496  -0.130269 -0.205348 0.969981  0.956543 0.004883 1 0 1.000000
0  -14.996014 -35.316772 64.722252  -0.079168 -0.195933 0.977416  0.956543 0.004883 1 0 1.000000
0  -10.996861 -30.080843 66.367821  -0.113707 -0.217800 0.969347  0.956543 0.004883 1 0 1.000000
interior
0  -10.996861 -30.080843 66.367821  -0.113707 -0.217800 0.969347  0.956543 0.004883 1 0 1.000000
0  -14.996014 -35.316772 64.722252  -0.079168 -0.195933 0.977416  0.956543 0.004883 1 0 1.000000
0  -4.960903 -35.485176 65.688972  -0.072690 -0.216588 0.973553  0.956543 0.004883 1 0 1.000000
interior
0  0.000009 -55.253456 61.729687  0.004211 -0.081677 0.996650  0.956055 0.004883 1 0 1.000000
0  -4.960903 -35.485176 65.688972  -0.072690 -0.216588 0.973553  0.956543 0.004883 1 0 1.000000
0  -14.996014 -35.316772 64.722252  -0.079168 -0.195933 0.977416  0.956543 0.004883 1 0 1.000000
interior
0  0.000009 -55.253456 61.729687  0.004211 -0.081677 0.996650  0.956055 0.004883 1 0 1.000000
0  0.458449 -35.501820 65.820259  -0.031311 -0.202001 0.978885  0.956055 0.004883 1 0 1.000000
0  -4.960903 -35.485176 65.688972  -0.072690 -0.216588 0.973553  0.956543 0.004883 1 0 1.000000
interior
0  10.429654 -35.488152 66.210594  -0.034006 -0.203867 0.978408  0.956055 0.004883 1 0 1.000000
0  0.458449 -35.501820 65.820259  -0.031311 -0.202001 0.978885  0.956055 0.004883 1 0 1.000000
0  0.000009 -55.253456 61.729687  0.004211 -0.081677 0.996650  0.956055 0.004883 1 0 1.000000
interior
0  18.139952 -35.512691 66.456657  -0.032681 -0.204245 0.978374  0.956055 0.004883 1 0 1.000000
0  10.429654 -35.488152 66.210594  -0.034006 -0.203867 0.978408  0.956055 0.004883 1 0 1.000000
0  0.000009 -55.253456 61.729687  0.004211 -0.081677 0.996650  0.956055 0.004883 1 0 1.000000
interior
0  0.000009 -55.253456 61.729687  0.004211 -0.081677 0.996650  0.956055 0.004883 1 0 1.000000
0  20.548697 -35.502228 66.540009  -0.032224 -0.204733 0.978287  0.956055 0.004883 1 0 1.000000
0  18.139952 -35.512691 66.456657  -0.032681 -0.204245 0.978374  0.956055 0.004883 1 0 1.000000
interior
0  22.970613 -35.495461 66.620605  -0.007940 -0.231576 0.972785  0.956055 0.004883 1 0 1.000000
0  20.548697 -35.502228 66.540009  -0.032224 -0.204733 0.978287  0.956055 0.004883 1 0 1.000000
0  0.000009 -55.253456 61.729687  0.004211 -0.081677 0.996650  0.956055 0.004883 1 0 1.000000
interior
0  25.981802 -35.490360 66.571716  0.039202 -0.286100 0.957397  0.956055 0.004883 1 0 1.000000
0  22.970613 -35.495461 66.620605  -0.007940 -0.231576 0.972785  0.956055 0.004883 1 0 1.000000
0  0.000009 -55.253456 61.729687  0.004211 -0.081677 0.996650  0.956055 0.004883 1 0 1.000000
interior
0  29.029661 -35.489185 66.371925  0.088282 -0.348806 0.933028  0.956055 0.004883 1 0 1.000000
0  25.981802 -35.490360 66.571716  0.039202 -0.286100 0.957397  0.956055 0.004883 1 0 1.000000
0  0.000009 -55.253456 61.729687  0.004211 -0.081677 0.996650  0.956055 0.004883 1 0 1.000000
interior
0  31.478415 -35.487743 66.067680  0.156853 -0.443463 0.882461  0.956055 0.004883 1 0 1.000000
0  29.029661 -35.489185 66.371925  0.088282 -0.348806 0.933028  0.956055 0.004883 1 0 1.000000
0  0.000009 -55.253456 61.729687  0.004211 -0.081677 0.996650  0.956055 0.004883 1 0 1.000000
interior
0  34.045006 -35.487068 65.463249  0.176630 -0.262858 0.948529  0.956055 0.004883 1 0 1.000000
0  31.478415 -35.487743 66.067680  0.156853 -0.443463 0.882461  0.956055 0.004883 1 0 1.000000
0  0.000009 -55.253456 61.729687  0.004211 -0.081677 0.996650  0.956055 0.004883 1 0 1.000000
interior
0  34.045006 -35.487068 65.463249  0.176630 -0.262858 0.948529  0.956055 0.004883 1 0 1.000000
0  0.000009 -55.253456 61.729687  0.004211 -0.081677 0.996650  0.956055 0.004883 1 0 1.000000
0  47.617313 -46.668396 61.684177  0.073571 -0.065391 0.995144  0.955566 0.004883 1 0 1.000000
interior
0  34.045006 -35.487068 65.463249  0.176630 -0.262858 0.948529  0.956055 0.004883 1 0 1.000000
0  47.617313 -46.668396 61.684177  0.073571 -0.065391 0.995144  0.955566 0.004883 1 0 1.000000
0  36.503632 -35.397995 64.778992  0.172544 0.267177 0.948075  0.956055 0.004883 1 0 1.000000
interior
0  47.617313 -46.668396 61.684177  0.073571 -0.065391 0.995144  0.955566 0.004883 1 0 1.000000
0  47.585201 -35.174435 63.458008  0.120013 -0.151092 0.981207  0.955566 0.004883 1 0 1.000000
0  36.503632 -35.397995 64.778992  0.172544 0.267177 0.948075  0.956055 0.004883 1 0 1.000000
interior
0  47.617313 -46.668396 61.684177  0.073571 -0.065391 0.995144  0.955566 0.004883 1 0 1.000000
0  0.000009 -55.253456 61.729687  0.004211 -0.081677 0.996650  0.956055 0.004883 1 0 1.000000
0  44.693432 -50.946404 61.727203  -0.000978 0.010725 0.999942  0.955566 0.004883 1 0 1.000000
interior
0  31.478415 -35.487743 66.067680  0.144904 0.609525 0.779411  0.956055 0.004883 1 0 1.000000
0  31.466011 -34.423069 65.205994  0.116822 0.622593 0.773777  0.956055 0.004883 1 0 1.000000
0  29.029661 -35.489185 66.371925  0.083306 0.621268 0.779157  0.956055 0.004883 1 0 1.000000
interior
0  31.466011 -34.423069 65.205994  0.116822 0.622593 0.773777  0.956055 0.004883 1 0 1.000000
0  31.478415 -35.487743 66.067680  0.144904 0.609525 0.779411  0.956055 0.004883 1 0 1.000000
0  33.900414 -34.420319 64.723343  0.155696 0.695385 0.701568  0.956055 0.004883 1 0 1.000000
interior
0  34.045006 -35.487068 65.463249  0.194151 0.573321 0.795995  0.956055 0.004883 1 0 1.000000
0  33.900414 -34.420319 64.723343  0.155696 0.695385 0.701568  0.956055 0.004883 1 0 1.000000
0  31.478415 -35.487743 66.067680  0.144904 0.609525 0.779411  0.956055 0.004883 1 0 1.000000
interior
0  33.900414 -34.420319 64.723343  0.155696 0.695385 0.701568  0.956055 0.004883 1 0 1.000000
0  34.045006 -35.487068 65.463249  0.194151 0.573321 0.795995  0.956055 0.004883 1 0 1.000000
0  36.369415 -34.346401 64.067719  0.160997 0.591558 0.790025  0.956055 0.004883 1 0 1.000000
interior
0  36.503632 -35.397995 64.778992  0.172532 0.267334 0.948032  0.956055 0.004883 1 0 1.000000
0  36.369415 -34.346401 64.067719  0.160997 0.591558 0.790025  0.956055 0.004883 1 0 1.000000
0  34.045006 -35.487068 65.463249  0.194151 0.573321 0.795995  0.956055 0.004883 1 0 1.000000
interior
0  36.369415 -34.346401 64.067719  0.160997 0.591558 0.790025  0.956055 0.004883 1 0 1.000000
0  36.503632 -35.397995 64.778992  0.172532 0.267334 0.948032  0.956055 0.004883 1 0 1.000000
0  47.584122 -34.068268 62.522858  0.044414 0.827218 0.560122  0.955566 0.004883 1 0 1.000000
interior
0  47.585201 -35.174435 63.458008  0.077768 0.643693 0.761322  0.955566 0.004883 1 0 1.000000
0  47.584122 -34.068268 62.522858  0.044414 0.827218 0.560122  0.955566 0.004883 1 0 1.000000
0  36.503632 -35.397995 64.778992  0.172532 0.267334 0.948032  0.956055 0.004883 1 0 1.000000
interior
0  -10.996861 -30.080843 66.367821  0.230186 0.777013 0.585889  0.956543 0.004883 1 0 1.000000
0  -10.941975 -29.383692 65.421707  0.228230 0.820917 0.523457  0.956543 0.004883 1 0 1.000000
0  -12.250236 -30.236666 66.166496  -0.565666 0.639201 0.521003  0.956543 0.004883 1 0 1.000000
interior
0  -10.996861 -30.080843 66.367821  0.230186 0.777013 0.585889  0.956543 0.004883 1 0 1.000000
0  -4.960903 -35.485176 65.688972  0.393897 0.639877 0.659850  0.956543 0.004883 1 0 1.000000
0  -10.941975 -29.383692 65.421707  0.228230 0.820917 0.523457  0.956543 0.004883 1 0 1.000000
interior
0  -4.933978 -34.393307 64.731277  0.332419 0.791648 0.512631  0.956543 0.004883 1 0 1.000000
0  -10.941975 -29.383692 65.421707  0.228230 0.820917 0.523457  0.956543 0.004883 1 0 1.000000
0  -4.960903 -35.485176 65.688972  0.393897 0.639877 0.659850  0.956543 0.004883 1 0 1.000000
interior
0  -4.960903 -35.485176 65.688972  0.393897 0.639877 0.659850  0.956543 0.004883 1 0 1.000000
0  0.458449 -35.501820 65.820259  -0.021085 0.659146 0.751719  0.956055 0.004883 1 0 1.000000
0  -4.933978 -34.393307 64.731277  0.332419 0.791648 0.512631  0.956543 0.004883 1 0 1.000000
interior
0  0.461922 -34.397816 64.852730  -0.018176 0.871624 0.489839  0.956055 0.004883 1 0 1.000000
0  -4.933978 -34.393307 64.731277  0.332419 0.791648 0.512631  0.956543 0.004883 1 0 1.000000
0  0.458449 -35.501820 65.820259  -0.021085 0.659146 0.751719  0.956055 0.004883 1 0 1.000000
interior
0  0.458449 -35.501820 65.820259  -0.021085 0.659146 0.751719  0.956055 0.004883 1 0 1.000000
0  10.429654 -35.488152 66.210594  -0.028912 0.647975 0.761113  0.956055 0.004883 1 0 1.000000
0  0.461922 -34.397816 64.852730  -0.018176 0.871624 0.489839  0.956055 0.004883 1 0 1.000000
interior
0  10.452565 -34.403046 65.300980  -0.024497 0.720307 0.693222  0.956055 0.004883 1 0 1.000000
0  0.461922 -34.397816 64.852730  -0.018176 0.871624 0.489839  0.956055 0.004883 1 0 1.000000
0  10.429654 -35.488152 66.210594  -0.028912 0.647975 0.761113  0.956055 0.004883 1 0 1.000000
interior
0  10.429654 -35.488152 66.210594  -0.028912 0.647975 0.761113  0.956055 0.004883 1 0 1.000000
0  18.139952 -35.512691 66.456657  -0.027816 0.621001 0.783316  0.956055 0.004883 1 0 1.000000
0  10.452565 -34.403046 65.300980  -0.024497 0.720307 0.693222  0.956055 0.004883 1 0 1.000000
interior
0  18.186810 -34.407375 65.606804  -0.029234 0.611607 0.790622  0.956055 0.004883 1 0 1.000000
0  10.452565 -34.403046 65.300980  -0.024497 0.720307 0.693222  0.956055 0.004883 1 0 1.000000
0  18.139952 -35.512691 66.456657  -0.027816 0.621001 0.783316  0.956055 0.004883 1 0 1.000000
interior
0  18.186810 -34.407375 65.606804  -0.029234 0.611607 0.790622  0.956055 0.004883 1 0 1.000000
0  18.139952 -35.512691 66.456657  -0.027816 0.621001 0.783316  0.956055 0.004883 1 0 1.000000
0  20.548697 -35.502228 66.540009  -0.027795 0.614131 0.788714  0.956055 0.004883 1 0 1.000000
interior
0  20.548697 -35.502228 66.540009  -0.027795 0.614131 0.788714  0.956055 0.004883 1 0 1.000000
0  20.630239 -34.400837 65.682030  -0.031502 0.610025 0.791756  0.956055 0.004883 1 0 1.000000
0  18.186810 -34.407375 65.606804  -0.029234 0.611607 0.790622  0.956055 0.004883 1 0 1.000000
interior
0  20.548697 -35.502228 66.540009  -0.027795 0.614131 0.788714  0.956055 0.004883 1 0 1.000000
0  22.970613 -35.495461 66.620605  -0.018835 0.604333 0.796509  0.956055 0.004883 1 0 1.000000
0  20.630239 -34.400837 65.682030  -0.031502 0.610025 0.791756  0.956055 0.004883 1 0 1.000000
interior
0  23.008633 -34.382751 65.789497  0.001108 0.610248 0.792209  0.956055 0.004883 1 0 1.000000
0  20.630239 -34.400837 65.682030  -0.031502 0.610025 0.791756  0.956055 0.004883 1 0 1.000000
0  22.970613 -35.495461 66.620605  -0.018835 0.604333 0.796509  0.956055 0.004883 1 0 1.000000
interior
0  22.970613 -35.495461 66.620605  -0.018835 0.604333 0.796509  0.956055 0.004883 1 0 1.000000
0  25.981802 -35.490360 66.571716  0.034496 0.620721 0.783272  0.956055 0.004883 1 0 1.000000
0  23.008633 -34.382751 65.789497  0.001108 0.610248 0.792209  0.956055 0.004883 1 0 1.000000
interior
0  25.978512 -34.387890 65.670525  0.036373 0.656136 0.753765  0.956055 0.004883 1 0 1.000000
0  23.008633 -34.382751 65.789497  0.001108 0.610248 0.792209  0.956055 0.004883 1 0 1.000000
0  25.981802 -35.490360 66.571716  0.034496 0.620721 0.783272  0.956055 0.004883 1 0 1.000000
interior
0  25.978512 -34.387890 65.670525  0.036373 0.656136 0.753765  0.956055 0.004883 1 0 1.000000
0  25.981802 -35.490360 66.571716  0.034496 0.620721 0.783272  0.956055 0.004883 1 0 1.000000
0  29.003416 -34.397858 65.511551  0.065686 0.623166 0.779326  0.956055 0.004883 1 0 1.000000
interior
0  29.029661 -35.489185 66.371925  0.083306 0.621268 0.779157  0.956055 0.004883 1 0 1.000000
0  29.003416 -34.397858 65.511551  0.065686 0.623166 0.779326  0.956055 0.004883 1 0 1.000000
0  25.981802 -35.490360 66.571716  0.034496 0.620721 0.783272  0.956055 0.004883 1 0 1.000000
interior
0  29.003416 -34.397858 65.511551  0.065686 0.623166 0.779326  0.956055 0.004883 1 0 1.000000
0  29.029661 -35.489185 66.371925  0.083306 0.621268 0.779157  0.956055 0.004883 1 0 1.000000
0  31.466011 -34.423069 65.205994  0.116822 0.622593 0.773777  0.956055 0.004883 1 0 1.000000
interior
0  -10.941975 -29.383692 65.421707  0.228230 0.820917 0.523457  0.956543 0.004883 1 0 1.000000
0  -4.933978 -34.393307 64.731277  0.332419 0.791648 0.512631  0.956543 0.004883 1 0 1.000000
0  -10.900890 -28.841904 64.362946  0.713706 0.700171 -0.019588  0.956543 0.004883 1 0 1.000000
interior
0  -4.911564 -34.084328 62.734604  0.342732 0.931143 0.124529  0.956543 0.004883 1 0 1.000000
0  -10.900890 -28.841904 64.362946  0.713706 0.700171 -0.019588  0.956543 0.004883 1 0 1.000000
0  -4.933978 -34.393307 64.731277  0.332419 0.791648 0.512631  0.956543 0.004883 1 0 1.000000
interior
0  -4.933978 -34.393307 64.731277  0.332419 0.791648 0.512631  0.956543 0.004883 1 0 1.000000
0  0.461922 -34.397816 64.852730  -0.018176 0.871624 0.489839  0.956055 0.004883 1 0 1.000000
0  -4.911564 -34.084328 62.734604  0.342732 0.931143 0.124529  0.956543 0.004883 1 0 1.000000
interior
0  0.546800 -34.048561 62.733524  -0.008106 0.977189 0.212219  0.956055 0.004883 1 0 1.000000
0  -4.911564 -34.084328 62.734604  0.342732 0.931143 0.124529  0.956543 0.004883 1 0 1.000000
0  0.461922 -34.397816 64.852730  -0.018176 0.871624 0.489839  0.956055 0.004883 1 0 1.000000
interior
0  0.461922 -34.397816 64.852730  -0.018176 0.871624 0.489839  0.956055 0.004883 1 0 1.000000
0  10.473626 -33.951778 62.862240  0.009793 0.973867 0.226908  0.956055 0.004883 1 0 1.000000
0  0.546800 -34.048561 62.733524  -0.008106 0.977189 0.212219  0.956055 0.004883 1 0 1.000000
interior
0  10.452565 -34.403046 65.300980  -0.001702 0.967828 0.251605  0.956055 0.004883 1 0 1.000000
0  10.473626 -33.951778 62.862240  0.009793 0.973867 0.226908  0.956055 0.004883 1 0 1.000000
0  0.461922 -34.397816 64.852730  -0.018176 0.871624 0.489839  0.956055 0.004883 1 0 1.000000
interior
0  10.473626 -33.951778 62.862240  0.009793 0.973867 0.226908  0.956055 0.004883 1 0 1.000000
0  10.452565 -34.403046 65.300980  -0.001702 0.967828 0.251605  0.956055 0.004883 1 0 1.000000
0  18.379791 -34.356731 64.166214  0.009124 0.995319 0.096215  0.956055 0.004883 1 0 1.000000
interior
0  18.186810 -34.407375 65.606804  -0.005679 0.999129 0.041351  0.956055 0.004883 1 0 1.000000
0  18.379791 -34.356731 64.166214  0.009124 0.995319 0.096215  0.956055 0.004883 1 0 1.000000
0  10.452565 -34.403046 65.300980  -0.001702 0.967828 0.251605  0.956055 0.004883 1 0 1.000000
interior
0  18.186810 -34.407375 65.606804  -0.005679 0.999129 0.041351  0.956055 0.004883 1 0 1.000000
0  20.738434 -34.348118 64.741470  -0.008424 0.998809 0.048053  0.956055 0.004883 1 0 1.000000
0  18.379791 -34.356731 64.166214  0.009124 0.995319 0.096215  0.956055 0.004883 1 0 1.000000
interior
0  20.630239 -34.400837 65.682030  -0.007704 0.998517 0.053887  0.956055 0.004883 1 0 1.000000
0  20.738434 -34.348118 64.741470  -0.008424 0.998809 0.048053  0.956055 0.004883 1 0 1.000000
0  18.186810 -34.407375 65.606804  -0.005679 0.999129 0.041351  0.956055 0.004883 1 0 1.000000
interior
0  20.630239 -34.400837 65.682030  -0.007704 0.998517 0.053887  0.956055 0.004883 1 0 1.000000
0  23.057245 -34.351227 65.181915  -0.005577 0.997614 0.068809  0.956055 0.004883 1 0 1.000000
0  20.738434 -34.348118 64.741470  -0.008424 0.998809 0.048053  0.956055 0.004883 1 0 1.000000
interior
0  23.008633 -34.382751 65.789497  -0.003389 0.998665 0.051544  0.956055 0.004883 1 0 1.000000
0  23.057245 -34.351227 65.181915  -0.005577 0.997614 0.068809  0.956055 0.004883 1 0 1.000000
0  20.630239 -34.400837 65.682030  -0.007704 0.998517 0.053887  0.956055 0.004883 1 0 1.000000
interior
0  23.008633 -34.382751 65.789497  -0.003389 0.998665 0.051544  0.956055 0.004883 1 0 1.000000
0  25.978512 -34.387890 65.670525  0.004990 0.990481 0.137556  0.956055 0.004883 1 0 1.000000
0  23.057245 -34.351227 65.181915  -0.005577 0.997614 0.068809  0.956055 0.004883 1 0 1.000000
interior
0  25.983650 -34.344009 65.298676  -0.000252 0.993109 0.117198  0.956055 0.004883 1 0 1.000000
0  23.057245 -34.351227 65.181915  -0.005577 0.997614 0.068809  0.956055 0.004883 1 0 1.000000
0  25.978512 -34.387890 65.670525  0.004990 0.990481 0.137556  0.956055 0.004883 1 0 1.000000
interior
0  25.978512 -34.387890 65.670525  0.004990 0.990481 0.137556  0.956055 0.004883 1 0 1.000000
0  28.940092 -34.345722 65.150391  0.022706 0.991147 0.130816  0.956055 0.004883 1 0 1.000000
0  25.983650 -34.344009 65.298676  -0.000252 0.993109 0.117198  0.956055 0.004883 1 0 1.000000
interior
0  29.003416 -34.397858 65.511551  0.024036 0.995452 0.092185  0.956055 0.004883 1 0 1.000000
0  28.940092 -34.345722 65.150391  0.022706 0.991147 0.130816  0.956055 0.004883 1 0 1.000000
0  25.978512 -34.387890 65.670525  0.004990 0.990481 0.137556  0.956055 0.004883 1 0 1.000000
interior
0  28.940092 -34.345722 65.150391  0.022706 0.991147 0.130816  0.956055 0.004883 1 0 1.000000
0  29.003416 -34.397858 65.511551  0.024036 0.995452 0.092185  0.956055 0.004883 1 0 1.000000
0  31.244568 -34.420452 64.826530  0.011293 0.998550 0.052636  0.956055 0.004883 1 0 1.000000
interior
0  31.466011 -34.423069 65.205994  0.005953 0.997623 0.068645  0.956055 0.004883 1 0 1.000000
0  31.244568 -34.420452 64.826530  0.011293 0.998550 0.052636  0.956055 0.004883 1 0 1.000000
0  29.003416 -34.397858 65.511551  0.024036 0.995452 0.092185  0.956055 0.004883 1 0 1.000000
interior
0  -10.833421 -29.229136 63.750210  0.962724 0.258315 0.080221  0.956543 0.004883 1 0 1.000000
0  -10.703443 -23.247023 46.234226  0.798904 0.498377 0.336708  0.956543 0.005371 1 0 1.000000
0  -10.900890 -28.841904 64.362946  0.917880 0.389828 0.074369  0.956543 0.004883 1 0 1.000000
interior
0  -10.703443 -23.247023 46.234226  0.798904 0.498377 0.336708  0.956543 0.005371 1 0 1.000000
0  -10.806452 -22.558571 45.771275  0.800461 0.512307 0.311132  0.956543 0.005371 1 0 1.000000
0  -10.900890 -28.841904 64.362946  0.917880 0.389828 0.074369  0.956543 0.004883 1 0 1.000000
interior
0  -10.703443 -23.247023 46.234226  0.798904 0.498377 0.336708  0.956543 0.005371 1 0 1.000000
0  -4.678443 -27.975485 44.152321  0.373700 0.824206 0.425480  0.956543 0.005371 1 0 1.000000
0  -10.806452 -22.558571 45.771275  0.800461 0.512307 0.311132  0.956543 0.005371 1 0 1.000000
interior
0  -5.271823 -28.044939 44.733212  0.539493 0.732500 0.415199  0.956543 0.005371 1 0 1.000000
0  -4.678443 -27.975485 44.152321  0.373700 0.824206 0.425480  0.956543 0.005371 1 0 1.000000
0  -10.703443 -23.247023 46.234226  0.798904 0.498377 0.336708  0.956543 0.005371 1 0 1.000000
interior
0  -4.678443 -27.975485 44.152321  0.373700 0.824206 0.425480  0.956543 0.005371 1 0 1.000000
0  -5.271823 -28.044939 44.733212  0.539493 0.732500 0.415199  0.956543 0.005371 1 0 1.000000
0  -4.911564 -34.084328 62.734604  0.342732 0.931143 0.124529  0.956543 0.004883 1 0 1.000000
interior
0  -5.427102 -33.776791 62.304760  0.545475 0.833243 0.090352  0.956543 0.004883 1 0 1.000000
0  -4.911564 -34.084328 62.734604  0.342732 0.931143 0.124529  0.956543 0.004883 1 0 1.000000
0  -5.271823 -28.044939 44.733212  0.539493 0.732500 0.415199  0.956543 0.005371 1 0 1.000000
interior
0  -5.427102 -33.776791 62.304760  0.545475 0.833243 0.090352  0.956543 0.004883 1 0 1.000000
0  -10.900890 -28.841904 64.362946  0.713706 0.700171 -0.019588  0.956543 0.004883 1 0 1.000000
0  -4.911564 -34.084328 62.734604  0.342732 0.931143 0.124529  0.956543 0.004883 1 0 1.000000
interior
0  -10.900890 -28.841904 64.362946  0.713706 0.700171 -0.019588  0.956543 0.004883 1 0 1.000000
0  -5.427102 -33.776791 62.304760  0.545475 0.833243 0.090352  0.956543 0.004883 1 0 1.000000
0  -10.833421 -29.229136 63.750210  0.679510 0.728055 -0.090566  0.956543 0.004883 1 0 1.000000
interior
0  -5.271823 -28.044939 44.733212  0.539493 0.732500 0.415199  0.956543 0.005371 1 0 1.000000
0  -10.703443 -23.247023 46.234226  0.798904 0.498377 0.336708  0.956543 0.005371 1 0 1.000000
0  -5.427102 -33.776791 62.304760  0.545475 0.833243 0.090352  0.956543 0.004883 1 0 1.000000
interior
0  -10.833421 -29.229136 63.750210  0.679510 0.728055 -0.090566  0.956543 0.004883 1 0 1.000000
0  -5.427102 -33.776791 62.304760  0.545475 0.833243 0.090352  0.956543 0.004883 1 0 1.000000
0  -10.703443 -23.247023 46.234226  0.798904 0.498377 0.336708  0.956543 0.005371 1 0 1.000000
interior
0  0.546800 -34.048561 62.733524  -0.008106 0.977189 0.212219  0.956055 0.004883 1 0 1.000000
0  0.628564 -28.121792 44.625832  -0.000384 0.950160 0.311763  0.956055 0.005371 1 0 1.000000
0  -4.911564 -34.084328 62.734604  0.342732 0.931143 0.124529  0.956543 0.004883 1 0 1.000000
interior
0  0.628564 -28.121792 44.625832  -0.000384 0.950160 0.311763  0.956055 0.005371 1 0 1.000000
0  -4.678443 -27.975485 44.152321  0.373700 0.824206 0.425480  0.956543 0.005371 1 0 1.000000
0  -4.911564 -34.084328 62.734604  0.342732 0.931143 0.124529  0.956543 0.004883 1 0 1.000000
interior
0  0.628564 -28.121792 44.625832  -0.000384 0.950160 0.311763  0.956055 0.005371 1 0 1.000000
0  0.688682 -27.770733 43.555649  0.002390 0.952064 0.305889  0.956055 0.005371 1 0 1.000000
0  -4.678443 -27.975485 44.152321  0.373700 0.824206 0.425480  0.956543 0.005371 1 0 1.000000
interior
0  -4.678443 -27.975485 44.152321  0.373700 0.824206 0.425480  0.956543 0.005371 1 0 1.000000
0  0.688682 -27.770733 43.555649  0.002390 0.952064 0.305889  0.956055 0.005371 1 0 1.000000
0  -4.668747 -27.783766 43.517769  0.360551 0.891338 0.274810  0.956543 0.005371 1 0 1.000000
interior
0  -4.668747 -27.783766 43.517769  0.360551 0.891338 0.274810  0.956543 0.005371 1 0 1.000000
0  -10.806452 -22.365723 45.077282  0.677254 0.705246 0.209652  0.956543 0.005371 1 0 1.000000
0  -4.678443 -27.975485 44.152321  0.373700 0.824206 0.425480  0.956543 0.005371 1 0 1.000000
interior
0  -10.806452 -22.365723 45.077282  0.677254 0.705246 0.209652  0.956543 0.005371 1 0 1.000000
0  -10.806452 -22.558571 45.771275  0.800461 0.512307 0.311132  0.956543 0.005371 1 0 1.000000
0  -4.678443 -27.975485 44.152321  0.373700 0.824206 0.425480  0.956543 0.005371 1 0 1.000000
interior
0  0.628564 -28.121792 44.625832  -0.000384 0.950160 0.311763  0.956055 0.005371 1 0 1.000000
0  10.488688 -28.190884 44.593719  -0.000406 0.953076 0.302730  0.956055 0.005371 1 0 1.000000
0  0.688682 -27.770733 43.555649  0.002390 0.952064 0.305889  0.956055 0.005371 1 0 1.000000
interior
0  10.488688 -28.190884 44.593719  -0.000406 0.953076 0.302730  0.956055 0.005371 1 0 1.000000
0  13.613668 -27.878567 43.558720  0.003658 0.954247 0.298996  0.956055 0.005371 1 0 1.000000
0  0.688682 -27.770733 43.555649  0.002390 0.952064 0.305889  0.956055 0.005371 1 0 1.000000
interior
0  10.488688 -28.190884 44.593719  -0.000406 0.953076 0.302730  0.956055 0.005371 1 0 1.000000
0  13.855719 -29.320234 48.363495  -0.006819 0.955111 0.296171  0.956055 0.005371 1 0 1.000000
0  13.613668 -27.878567 43.558720  0.003658 0.954247 0.298996  0.956055 0.005371 1 0 1.000000
interior
0  13.855719 -29.320234 48.363495  -0.006819 0.955111 0.296171  0.956055 0.005371 1 0 1.000000
0  10.488688 -28.190884 44.593719  -0.000406 0.953076 0.302730  0.956055 0.005371 1 0 1.000000
0  10.473626 -33.951778 62.862240  0.009793 0.973867 0.226908  0.956055 0.004883 1 0 1.000000
interior
0  31.244568 -34.420452 64.826530  0.011293 0.998550 0.052636  0.956055 0.004883 1 0 1.000000
0  31.466011 -34.423069 65.205994  0.005953 0.997623 0.068645  0.956055 0.004883 1 0 1.000000
0  33.644924 -34.343872 64.358391  0.012249 0.989477 0.144174  0.956055 0.004883 1 0 1.000000
interior
0  33.900414 -34.420319 64.723343  0.058813 0.948003 0.312780  0.956055 0.004883 1 0 1.000000
0  33.644924 -34.343872 64.358391  0.012249 0.989477 0.144174  0.956055 0.004883 1 0 1.000000
0  31.466011 -34.423069 65.205994  0.005953 0.997623 0.068645  0.956055 0.004883 1 0 1.000000
interior
0  33.900414 -34.420319 64.723343  0.058813 0.948003 0.312780  0.956055 0.004883 1 0 1.000000
0  36.369415 -34.346401 64.067719  0.019725 0.977729 0.208941  0.956055 0.004883 1 0 1.000000
0  33.644924 -34.343872 64.358391  0.012249 0.989477 0.144174  0.956055 0.004883 1 0 1.000000
interior
0  36.369415 -34.346401 64.067719  0.019725 0.977729 0.208941  0.956055 0.004883 1 0 1.000000
0  36.269562 -34.104393 62.756435  0.007988 0.975093 0.221650  0.956055 0.004883 1 0 1.000000
0  33.644924 -34.343872 64.358391  0.012249 0.989477 0.144174  0.956055 0.004883 1 0 1.000000
interior
0  36.369415 -34.346401 64.067719  0.019725 0.977729 0.208941  0.956055 0.004883 1 0 1.000000
0  47.584122 -34.068268 62.522858  0.044376 0.827318 0.559978  0.955566 0.004883 1 0 1.000000
0  36.269562 -34.104393 62.756435  0.007988 0.975093 0.221650  0.956055 0.004883 1 0 1.000000
interior
0  47.584122 -34.068268 62.522858  0.044376 0.827318 0.559978  0.955566 0.004883 1 0 1.000000
0  36.203445 -32.187012 56.712353  -0.008152 0.945522 0.325457  0.956055 0.004883 1 0 1.000000
0  36.269562 -34.104393 62.756435  0.007988 0.975093 0.221650  0.956055 0.004883 1 0 1.000000
interior
0  47.584122 -34.068268 62.522858  0.044376 0.827318 0.559978  0.955566 0.004883 1 0 1.000000
0  47.583755 -29.320232 49.140198  -0.007508 0.943405 0.331559  0.955566 0.005371 1 0 1.000000
0  36.203445 -32.187012 56.712353  -0.008152 0.945522 0.325457  0.956055 0.004883 1 0 1.000000
interior
0  36.203445 -32.187012 56.712353  -0.008152 0.945522 0.325457  0.956055 0.004883 1 0 1.000000
0  47.583755 -29.320232 49.140198  -0.007508 0.943405 0.331559  0.955566 0.005371 1 0 1.000000
0  34.796734 -31.098164 53.630039  -0.004240 0.933824 0.357708  0.956055 0.004883 1 0 1.000000
interior
0  30.971800 -30.261150 51.612041  -0.013183 0.922330 0.386178  0.956055 0.005371 1 0 1.000000
0  34.796734 -31.098164 53.630039  -0.004240 0.933824 0.357708  0.956055 0.004883 1 0 1.000000
0  47.583755 -29.320232 49.140198  -0.007508 0.943405 0.331559  0.955566 0.005371 1 0 1.000000
interior
0  30.971800 -30.261150 51.612041  -0.013183 0.922330 0.386178  0.956055 0.005371 1 0 1.000000
0  47.583755 -29.320232 49.140198  -0.007508 0.943405 0.331559  0.955566 0.005371 1 0 1.000000
0  13.855719 -29.320234 48.363495  -0.006819 0.955111 0.296171  0.956055 0.005371 1 0 1.000000
interior
0  21.579500 -30.264940 51.805027  -0.009748 0.958485 0.284977  0.956055 0.005371 1 0 1.000000
0  30.971800 -30.261150 51.612041  -0.013183 0.922330 0.386178  0.956055 0.005371 1 0 1.000000
0  13.855719 -29.320234 48.363495  -0.006819 0.955111 0.296171  0.956055 0.005371 1 0 1.000000
interior
0  13.855719 -29.320234 48.363495  -0.006819 0.955111 0.296171  0.956055 0.005371 1 0 1.000000
0  17.777615 -31.098932 54.023720  -0.035092 0.946206 0.321656  0.956055 0.004883 1 0 1.000000
0  21.579500 -30.264940 51.805027  -0.009748 0.958485 0.284977  0.956055 0.005371 1 0 1.000000
interior
0  13.855719 -29.320234 48.363495  -0.006819 0.955111 0.296171  0.956055 0.005371 1 0 1.000000
0  16.435261 -32.228325 57.083260  0.003231 0.948262 0.317473  0.956055 0.004883 1 0 1.000000
0  17.777615 -31.098932 54.023720  -0.035092 0.946206 0.321656  0.956055 0.004883 1 0 1.000000
interior
0  16.435261 -32.228325 57.083260  0.003231 0.948262 0.317473  0.956055 0.004883 1 0 1.000000
0  13.855719 -29.320234 48.363495  -0.006819 0.955111 0.296171  0.956055 0.005371 1 0 1.000000
0  10.473626 -33.951778 62.862240  0.009793 0.973867 0.226908  0.956055 0.004883 1 0 1.000000
interior
0  16.435261 -32.228325 57.083260  0.003231 0.948262 0.317473  0.956055 0.004883 1 0 1.000000
0  10.473626 -33.951778 62.862240  0.009793 0.973867 0.226908  0.956055 0.004883 1 0 1.000000
0  16.547516 -34.116661 62.777496  0.029574 0.973989 0.224656  0.956055 0.004883 1 0 1.000000
interior
0  16.547516 -34.116661 62.777496  0.029574 0.973989 0.224656  0.956055 0.004883 1 0 1.000000
0  10.473626 -33.951778 62.862240  0.009793 0.973867 0.226908  0.956055 0.004883 1 0 1.000000
0  18.379791 -34.356731 64.166214  0.009124 0.995319 0.096215  0.956055 0.004883 1 0 1.000000
interior
0  -5.119472 -45.296501 83.328751  -0.287754 -0.665427 0.688770  0.756348 0.007324 1 0 1.000000
0  -5.461737 -45.296501 83.064651  -0.442774 -0.798943 0.406989  0.756348 0.007324 1 0 1.000000
0  -4.149777 -46.036549 82.981308  -0.213374 -0.940908 0.262990  0.756348 0.007324 1 0 1.000000
interior
0  4.784443 -46.036549 80.433701  0.397732 -0.896887 -0.193398  0.754883 0.007813 1 0 1.000000
0  4.784714 -46.036549 82.428200  0.374517 -0.921260 0.104964  0.754883 0.007324 1 0 1.000000
0  4.350446 -46.036549 79.947021  0.153055 -0.978747 -0.136490  0.754883 0.007813 1 0 1.000000
interior
0  4.350446 -46.036549 82.981308  0.213485 -0.940910 0.262893  0.754883 0.007324 1 0 1.000000
0  4.350446 -46.036549 79.947021  0.153055 -0.978747 -0.136490  0.754883 0.007813 1 0 1.000000
0  4.784714 -46.036549 82.428200  0.374517 -0.921260 0.104964  0.754883 0.007324 1 0 1.000000
interior
0  4.350446 -46.036549 79.947021  0.153055 -0.978747 -0.136490  0.754883 0.007813 1 0 1.000000
0  4.350446 -46.036549 82.981308  0.213485 -0.940910 0.262893  0.754883 0.007324 1 0 1.000000
0  -4.149777 -46.036549 79.947021  -0.153042 -0.978754 -0.136453  0.756348 0.007813 1 0 1.000000
interior
0  -4.149777 -46.036549 82.981308  -0.213374 -0.940908 0.262990  0.756348 0.007324 1 0 1.000000
0  -4.149777 -46.036549 79.947021  -0.153042 -0.978754 -0.136453  0.756348 0.007813 1 0 1.000000
0  4.350446 -46.036549 82.981308  0.213485 -0.940910 0.262893  0.754883 0.007324 1 0 1.000000
interior
0  -4.584000 -46.036549 82.428200  -0.374509 -0.921263 0.104964  0.756348 0.007324 1 0 1.000000
0  -4.149777 -46.036549 79.947021  -0.153042 -0.978754 -0.136453  0.756348 0.007813 1 0 1.000000
0  -4.149777 -46.036549 82.981308  -0.213374 -0.940908 0.262990  0.756348 0.007324 1 0 1.000000
interior
0  -4.149777 -46.036549 82.981308  -0.213374 -0.940908 0.262990  0.756348 0.007324 1 0 1.000000
0  -5.461737 -45.296501 83.064651  -0.442774 -0.798943 0.406989  0.756348 0.007324 1 0 1.000000
0  -4.584000 -46.036549 82.428200  -0.374509 -0.921263 0.104964  0.756348 0.007324 1 0 1.000000
interior
0  -5.652825 -45.296501 82.649414  -0.548260 -0.827664 0.119928  0.756348 0.007324 1 0 1.000000
0  -4.584000 -46.036549 82.428200  -0.374509 -0.921263 0.104964  0.756348 0.007324 1 0 1.000000
0  -5.461737 -45.296501 83.064651  -0.442774 -0.798943 0.406989  0.756348 0.007324 1 0 1.000000
interior
0  -4.584000 -46.036549 82.428200  -0.374509 -0.921263 0.104964  0.756348 0.007324 1 0 1.000000
0  -5.652825 -45.296501 82.649414  -0.548260 -0.827664 0.119928  0.756348 0.007324 1 0 1.000000
0  -4.583730 -46.036549 80.433701  -0.397663 -0.896936 -0.193313  0.756348 0.007813 1 0 1.000000
interior
0  -5.652464 -45.296501 80.199852  -0.543632 -0.828173 -0.136362  0.756348 0.007813 1 0 1.000000
0  -4.583730 -46.036549 80.433701  -0.397663 -0.896936 -0.193313  0.756348 0.007813 1 0 1.000000
0  -5.652825 -45.296501 82.649414  -0.548260 -0.827664 0.119928  0.756348 0.007324 1 0 1.000000
interior
0  -4.583730 -46.036549 80.433701  -0.397663 -0.896936 -0.193313  0.756348 0.007813 1 0 1.000000
0  -5.652464 -45.296501 80.199852  -0.543632 -0.828173 -0.136362  0.756348 0.007813 1 0 1.000000
0  -5.456054 -45.296501 79.830887  -0.426428 -0.817677 -0.386733  0.756348 0.007813 1 0 1.000000
interior
0  -5.456054 -45.296501 79.830887  -0.426428 -0.817677 -0.386733  0.756348 0.007813 1 0 1.000000
0  -5.119472 -45.296501 79.602142  -0.354315 -0.758629 -0.546757  0.756348 0.007813 1 0 1.000000
0  -4.583730 -46.036549 80.433701  -0.397663 -0.896936 -0.193313  0.756348 0.007813 1 0 1.000000
interior
0  -4.149777 -46.036549 79.947021  -0.153042 -0.978754 -0.136453  0.756348 0.007813 1 0 1.000000
0  -4.583730 -46.036549 80.433701  -0.397663 -0.896936 -0.193313  0.756348 0.007813 1 0 1.000000
0  -5.119472 -45.296501 79.602142  -0.354315 -0.758629 -0.546757  0.756348 0.007813 1 0 1.000000
interior
0  -4.583730 -46.036549 80.433701  -0.397663 -0.896936 -0.193313  0.756348 0.007813 1 0 1.000000
0  -4.149777 -46.036549 79.947021  -0.153042 -0.978754 -0.136453  0.756348 0.007813 1 0 1.000000
0  -4.584000 -46.036549 82.428200  -0.374509 -0.921263 0.104964  0.756348 0.007324 1 0 1.000000
interior
0  5.320141 -45.296501 79.602142  0.353936 -0.758899 -0.546628  0.754883 0.007813 1 0 1.000000
0  4.784443 -46.036549 80.433701  0.397732 -0.896887 -0.193398  0.754883 0.007813 1 0 1.000000
0  4.350446 -46.036549 79.947021  0.153055 -0.978747 -0.136490  0.754883 0.007813 1 0 1.000000
interior
0  5.320141 -45.296501 79.602142  0.353936 -0.758899 -0.546628  0.754883 0.007813 1 0 1.000000
0  5.656723 -45.296501 79.830887  0.426424 -0.817663 -0.386768  0.754883 0.007813 1 0 1.000000
0  4.784443 -46.036549 80.433701  0.397732 -0.896887 -0.193398  0.754883 0.007813 1 0 1.000000
interior
0  5.853179 -45.296501 80.199852  0.543621 -0.828176 -0.136384  0.754883 0.007813 1 0 1.000000
0  4.784443 -46.036549 80.433701  0.397732 -0.896887 -0.193398  0.754883 0.007813 1 0 1.000000
0  5.656723 -45.296501 79.830887  0.426424 -0.817663 -0.386768  0.754883 0.007813 1 0 1.000000
interior
0  5.853179 -45.296501 80.199852  0.543621 -0.828176 -0.136384  0.754883 0.007813 1 0 1.000000
0  5.853494 -45.296501 82.649414  0.548378 -0.827656 0.119446  0.754883 0.007324 1 0 1.000000
0  4.784443 -46.036549 80.433701  0.397732 -0.896887 -0.193398  0.754883 0.007813 1 0 1.000000
interior
0  4.784714 -46.036549 82.428200  0.374517 -0.921260 0.104964  0.754883 0.007324 1 0 1.000000
0  4.784443 -46.036549 80.433701  0.397732 -0.896887 -0.193398  0.754883 0.007813 1 0 1.000000
0  5.853494 -45.296501 82.649414  0.548378 -0.827656 0.119446  0.754883 0.007324 1 0 1.000000
interior
0  5.853494 -45.296501 82.649414  0.548378 -0.827656 0.119446  0.754883 0.007324 1 0 1.000000
0  5.662404 -45.296501 83.064651  0.442797 -0.798950 0.406951  0.754883 0.007324 1 0 1.000000
0  4.784714 -46.036549 82.428200  0.374517 -0.921260 0.104964  0.754883 0.007324 1 0 1.000000
interior
0  4.350446 -46.036549 82.981308  0.213485 -0.940910 0.262893  0.754883 0.007324 1 0 1.000000
0  4.784714 -46.036549 82.428200  0.374517 -0.921260 0.104964  0.754883 0.007324 1 0 1.000000
0  5.662404 -45.296501 83.064651  0.442797 -0.798950 0.406951  0.754883 0.007324 1 0 1.000000
interior
0  5.662404 -45.296501 83.064651  0.442797 -0.798950 0.406951  0.754883 0.007324 1 0 1.000000
0  5.320186 -45.296501 83.328751  0.287817 -0.665495 0.688679  0.754883 0.007324 1 0 1.000000
0  4.350446 -46.036549 82.981308  0.213485 -0.940910 0.262893  0.754883 0.007324 1 0 1.000000
interior
0  -4.689488 -44.795891 82.901207  0.222974 0.518856 -0.825271  0.756348 0.007324 1 0 1.000000
0  -4.832546 -44.539772 83.023567  0.229083 0.515185 -0.825897  0.756348 0.007324 1 0 1.000000
0  4.890203 -44.795891 82.901207  -0.222844 0.518764 -0.825363  0.754883 0.007324 1 0 1.000000
interior
0  4.890203 -44.795891 82.901207  -0.222844 0.518764 -0.825363  0.754883 0.007324 1 0 1.000000
0  -4.832546 -44.539772 83.023567  0.229083 0.515185 -0.825897  0.756348 0.007324 1 0 1.000000
0  5.033215 -44.539772 83.023567  -0.229293 0.515248 -0.825799  0.754883 0.007324 1 0 1.000000
interior
0  5.033215 -44.539772 83.023567  -0.229293 0.515248 -0.825799  0.754883 0.007324 1 0 1.000000
0  5.204234 -44.795891 82.706284  -0.598569 0.583300 -0.549068  0.754883 0.007324 1 0 1.000000
0  4.890203 -44.795891 82.901207  -0.222844 0.518764 -0.825363  0.754883 0.007324 1 0 1.000000
interior
0  5.204234 -44.795891 82.706284  -0.598569 0.583300 -0.549068  0.754883 0.007324 1 0 1.000000
0  5.033215 -44.539772 83.023567  -0.229293 0.515248 -0.825799  0.754883 0.007324 1 0 1.000000
0  5.356627 -44.539772 82.812050  -0.603630 0.583492 -0.543294  0.754883 0.007324 1 0 1.000000
interior
0  5.356627 -44.539772 82.812050  -0.603630 0.583492 -0.543294  0.754883 0.007324 1 0 1.000000
0  5.537207 -44.539772 82.455116  -0.805395 0.560590 -0.192558  0.754883 0.007324 1 0 1.000000
0  5.204234 -44.795891 82.706284  -0.598569 0.583300 -0.549068  0.754883 0.007324 1 0 1.000000
interior
0  5.379583 -44.795891 82.377373  -0.806786 0.556646 -0.198094  0.754883 0.007324 1 0 1.000000
0  5.204234 -44.795891 82.706284  -0.598569 0.583300 -0.549068  0.754883 0.007324 1 0 1.000000
0  5.537207 -44.539772 82.455116  -0.805395 0.560590 -0.192558  0.754883 0.007324 1 0 1.000000
interior
0  5.379583 -44.795891 82.377373  -0.806786 0.556646 -0.198094  0.754883 0.007324 1 0 1.000000
0  5.537207 -44.539772 82.455116  -0.805395 0.560590 -0.192558  0.754883 0.007324 1 0 1.000000
0  5.379267 -44.795891 80.488312  -0.796874 0.562174 0.221250  0.754883 0.007813 1 0 1.000000
interior
0  5.379267 -44.795891 80.488312  -0.796874 0.562174 0.221250  0.754883 0.007813 1 0 1.000000
0  5.537207 -44.539772 82.455116  -0.805395 0.560590 -0.192558  0.754883 0.007324 1 0 1.000000
0  5.536891 -44.539772 80.405197  -0.796123 0.565345 0.215810  0.754883 0.007813 1 0 1.000000
interior
0  5.536891 -44.539772 80.405197  -0.796123 0.565345 0.215810  0.754883 0.007813 1 0 1.000000
0  5.199003 -44.795891 80.195702  -0.564761 0.582209 0.584874  0.754883 0.007813 1 0 1.000000
0  5.379267 -44.795891 80.488312  -0.796874 0.562174 0.221250  0.754883 0.007813 1 0 1.000000
interior
0  5.199003 -44.795891 80.195702  -0.564761 0.582209 0.584874  0.754883 0.007813 1 0 1.000000
0  5.536891 -44.539772 80.405197  -0.796123 0.565345 0.215810  0.754883 0.007813 1 0 1.000000
0  5.351260 -44.539772 80.087646  -0.569924 0.583072 0.578977  0.754883 0.007813 1 0 1.000000
interior
0  5.351260 -44.539772 80.087646  -0.569924 0.583072 0.578977  0.754883 0.007813 1 0 1.000000
0  5.033215 -44.539772 79.905037  -0.208052 0.508671 0.835445  0.754883 0.007813 1 0 1.000000
0  5.199003 -44.795891 80.195702  -0.564761 0.582209 0.584874  0.754883 0.007813 1 0 1.000000
interior
0  4.890158 -44.795891 80.027344  -0.202548 0.511827 0.834869  0.754883 0.007813 1 0 1.000000
0  5.199003 -44.795891 80.195702  -0.564761 0.582209 0.584874  0.754883 0.007813 1 0 1.000000
0  5.033215 -44.539772 79.905037  -0.208052 0.508671 0.835445  0.754883 0.007813 1 0 1.000000
interior
0  4.890158 -44.795891 80.027344  -0.202548 0.511827 0.834869  0.754883 0.007813 1 0 1.000000
0  5.033215 -44.539772 79.905037  -0.208052 0.508671 0.835445  0.754883 0.007813 1 0 1.000000
0  -4.689488 -44.795891 80.027344  0.202469 0.511757 0.834931  0.756348 0.007813 1 0 1.000000
interior
0  -4.689488 -44.795891 80.027344  0.202469 0.511757 0.834931  0.756348 0.007813 1 0 1.000000
0  5.033215 -44.539772 79.905037  -0.208052 0.508671 0.835445  0.754883 0.007813 1 0 1.000000
0  -4.832501 -44.539772 79.905037  0.208209 0.508714 0.835379  0.756348 0.007813 1 0 1.000000
interior
0  -4.832501 -44.539772 79.905037  0.208209 0.508714 0.835379  0.756348 0.007813 1 0 1.000000
0  -4.998333 -44.795891 80.195702  0.564798 0.582174 0.584873  0.756348 0.007813 1 0 1.000000
0  -4.689488 -44.795891 80.027344  0.202469 0.511757 0.834931  0.756348 0.007813 1 0 1.000000
interior
0  -4.998333 -44.795891 80.195702  0.564798 0.582174 0.584873  0.756348 0.007813 1 0 1.000000
0  -4.832501 -44.539772 79.905037  0.208209 0.508714 0.835379  0.756348 0.007813 1 0 1.000000
0  -5.150591 -44.539772 80.087646  0.569902 0.583072 0.578998  0.756348 0.007813 1 0 1.000000
interior
0  -5.150591 -44.539772 80.087646  0.569902 0.583072 0.578998  0.756348 0.007813 1 0 1.000000
0  -5.336223 -44.539772 80.405197  0.795655 0.566090 0.215581  0.756348 0.007813 1 0 1.000000
0  -4.998333 -44.795891 80.195702  0.564798 0.582174 0.584873  0.756348 0.007813 1 0 1.000000
interior
0  -5.178598 -44.795891 80.488312  0.796849 0.562200 0.221277  0.756348 0.007813 1 0 1.000000
0  -4.998333 -44.795891 80.195702  0.564798 0.582174 0.584873  0.756348 0.007813 1 0 1.000000
0  -5.336223 -44.539772 80.405197  0.795655 0.566090 0.215581  0.756348 0.007813 1 0 1.000000
interior
0  -5.336223 -44.539772 80.405197  0.795655 0.566090 0.215581  0.756348 0.007813 1 0 1.000000
0  -5.336538 -44.539772 82.455116  0.804730 0.561683 -0.192153  0.756348 0.007324 1 0 1.000000
0  -5.178598 -44.795891 80.488312  0.796849 0.562200 0.221277  0.756348 0.007813 1 0 1.000000
interior
0  -5.178914 -44.795891 82.377373  0.806793 0.556636 -0.198094  0.756348 0.007324 1 0 1.000000
0  -5.178598 -44.795891 80.488312  0.796849 0.562200 0.221277  0.756348 0.007813 1 0 1.000000
0  -5.336538 -44.539772 82.455116  0.804730 0.561683 -0.192153  0.756348 0.007324 1 0 1.000000
interior
0  -5.336538 -44.539772 82.455116  0.804730 0.561683 -0.192153  0.756348 0.007324 1 0 1.000000
0  -5.003565 -44.795891 82.706284  0.598570 0.583332 -0.549034  0.756348 0.007324 1 0 1.000000
0  -5.178914 -44.795891 82.377373  0.806793 0.556636 -0.198094  0.756348 0.007324 1 0 1.000000
interior
0  -5.003565 -44.795891 82.706284  0.598570 0.583332 -0.549034  0.756348 0.007324 1 0 1.000000
0  -5.336538 -44.539772 82.455116  0.804730 0.561683 -0.192153  0.756348 0.007324 1 0 1.000000
0  -5.155958 -44.539772 82.812050  0.603630 0.583488 -0.543298  0.756348 0.007324 1 0 1.000000
interior
0  -5.155958 -44.539772 82.812050  0.603630 0.583488 -0.543298  0.756348 0.007324 1 0 1.000000
0  -4.832546 -44.539772 83.023567  0.229083 0.515185 -0.825897  0.756348 0.007324 1 0 1.000000
0  -5.003565 -44.795891 82.706284  0.598570 0.583332 -0.549034  0.756348 0.007324 1 0 1.000000
interior
0  -4.689488 -44.795891 82.901207  0.222974 0.518856 -0.825271  0.756348 0.007324 1 0 1.000000
0  -5.003565 -44.795891 82.706284  0.598570 0.583332 -0.549034  0.756348 0.007324 1 0 1.000000
0  -4.832546 -44.539772 83.023567  0.229083 0.515185 -0.825897  0.756348 0.007324 1 0 1.000000
interior
0  33.571953 -29.972965 58.472244  -0.251552 0.917808 0.307165  0.766113 0.008789 1 0 1.000000
0  35.051327 -29.877441 58.910439  0.005958 0.972682 -0.232063  0.766113 0.008789 1 0 1.000000
0  33.792309 -30.111332 57.897762  0.128851 0.726774 -0.674682  0.766113 0.008789 1 0 1.000000
interior
0  35.211021 -29.977745 58.494164  0.005973 0.972678 -0.232081  0.766113 0.008789 1 0 1.000000
0  33.792309 -30.111332 57.897762  0.128851 0.726774 -0.674682  0.766113 0.008789 1 0 1.000000
0  35.051327 -29.877441 58.910439  0.005958 0.972682 -0.232063  0.766113 0.008789 1 0 1.000000
interior
0  35.051327 -29.877441 58.910439  -0.247196 0.685111 0.685214  0.766113 0.008789 1 0 1.000000
0  33.571953 -29.972965 58.472244  -0.251583 0.917796 0.307175  0.766113 0.008789 1 0 1.000000
0  35.010098 -30.206627 59.224697  -0.247191 0.685121 0.685205  0.766113 0.008789 1 0 1.000000
interior
0  33.514996 -30.427258 58.905975  -0.318248 0.675216 0.665433  0.766113 0.008789 1 0 1.000000
0  35.010098 -30.206627 59.224697  -0.247191 0.685121 0.685205  0.766113 0.008789 1 0 1.000000
0  33.571953 -29.972965 58.472244  -0.251583 0.917796 0.307175  0.766113 0.008789 1 0 1.000000
interior
0  33.571953 -29.972965 58.472244  -0.251583 0.917796 0.307175  0.766113 0.008789 1 0 1.000000
0  29.376392 -31.310406 57.328373  -0.386159 0.661856 0.642517  0.766602 0.008789 1 0 1.000000
0  33.514996 -30.427258 58.905975  -0.318248 0.675216 0.665433  0.766113 0.008789 1 0 1.000000
interior
0  29.376392 -31.310406 57.328373  -0.386150 0.661779 0.642602  0.766602 0.008789 1 0 1.000000
0  33.571953 -29.972965 58.472244  -0.251552 0.917808 0.307165  0.766113 0.008789 1 0 1.000000
0  29.417562 -30.981895 57.014793  -0.299540 0.930805 0.209473  0.766602 0.008789 1 0 1.000000
interior
0  29.417562 -30.981895 57.014793  -0.299540 0.930805 0.209473  0.766602 0.008789 1 0 1.000000
0  33.571953 -29.972965 58.472244  -0.251552 0.917808 0.307165  0.766113 0.008789 1 0 1.000000
0  29.576950 -31.081926 56.599380  -0.016150 0.825264 -0.564516  0.766602 0.008789 1 0 1.000000
interior
0  33.792309 -30.111332 57.897762  0.128851 0.726774 -0.674682  0.766113 0.008789 1 0 1.000000
0  29.576950 -31.081926 56.599380  -0.016150 0.825264 -0.564516  0.766602 0.008789 1 0 1.000000
0  33.571953 -29.972965 58.472244  -0.251552 0.917808 0.307165  0.766113 0.008789 1 0 1.000000
interior
0  29.576950 -31.081926 56.599380  -0.016150 0.825264 -0.564516  0.766602 0.008789 1 0 1.000000
0  33.792309 -30.111332 57.897762  0.128851 0.726774 -0.674682  0.766113 0.008789 1 0 1.000000
0  29.695114 -31.510469 56.497589  0.222248 0.282902 -0.933045  0.766602 0.008789 1 0 1.000000
interior
0  33.955753 -30.703989 57.757008  0.304258 0.298725 -0.904539  0.766113 0.008789 1 0 1.000000
0  29.695114 -31.510469 56.497589  0.222248 0.282902 -0.933045  0.766602 0.008789 1 0 1.000000
0  33.792309 -30.111332 57.897762  0.128851 0.726774 -0.674682  0.766113 0.008789 1 0 1.000000
interior
0  33.792309 -30.111332 57.897762  0.128851 0.726774 -0.674682  0.766113 0.008789 1 0 1.000000
0  35.211021 -29.977745 58.494164  0.344366 0.305767 -0.887648  0.766113 0.008789 1 0 1.000000
0  33.955753 -30.703989 57.757008  0.304258 0.298725 -0.904539  0.766113 0.008789 1 0 1.000000
interior
0  35.329453 -30.407143 58.392197  0.344367 0.305761 -0.887649  0.766113 0.008789 1 0 1.000000
0  33.955753 -30.703989 57.757008  0.304258 0.298725 -0.904539  0.766113 0.008789 1 0 1.000000
0  35.211021 -29.977745 58.494164  0.344366 0.305767 -0.887648  0.766113 0.008789 1 0 1.000000
interior
0  -9.789449 -21.399096 34.430023  -0.016369 0.085892 0.996170  0.757324 0.014160 1 0 1.000000
0  -11.129007 -23.651974 34.602261  0.007120 0.062471 0.998021  0.757324 0.014160 1 0 1.000000
0  -7.530704 -20.062691 34.351910  0.003442 0.055110 0.998474  0.756836 0.014160 1 0 1.000000
interior
0  -12.575003 -37.464527 35.185631  0.014885 0.043716 0.998933  0.757324 0.014160 1 0 1.000000
0  -7.530704 -20.062691 34.351910  0.003442 0.055110 0.998474  0.756836 0.014160 1 0 1.000000
0  -11.129007 -23.651974 34.602261  0.007120 0.062471 0.998021  0.757324 0.014160 1 0 1.000000
interior
0  -7.530704 -20.062691 34.351910  0.003442 0.055110 0.998474  0.756836 0.014160 1 0 1.000000
0  -12.575003 -37.464527 35.185631  0.014885 0.043716 0.998933  0.757324 0.014160 1 0 1.000000
0  3.369741 -20.034414 34.353489  -0.004716 0.055580 0.998443  0.755371 0.014160 1 0 1.000000
interior
0  9.609148 -37.389210 35.212376  -0.015897 0.043720 0.998917  0.754395 0.014160 1 0 1.000000
0  3.369741 -20.034414 34.353489  -0.004716 0.055580 0.998443  0.755371 0.014160 1 0 1.000000
0  -12.575003 -37.464527 35.185631  0.014885 0.043716 0.998933  0.757324 0.014160 1 0 1.000000
interior
0  7.301379 -23.561234 34.609295  -0.008628 0.062767 0.997991  0.754883 0.014160 1 0 1.000000
0  3.369741 -20.034414 34.353489  -0.004707 0.055581 0.998443  0.755371 0.014160 1 0 1.000000
0  9.609148 -37.389210 35.212376  -0.015902 0.043717 0.998917  0.754395 0.014160 1 0 1.000000
interior
0  5.770414 -21.323643 34.434223  0.013209 0.086975 0.996123  0.754883 0.014160 1 0 1.000000
0  3.369741 -20.034414 34.353489  -0.004707 0.055581 0.998443  0.755371 0.014160 1 0 1.000000
0  7.301379 -23.561234 34.609295  -0.008628 0.062767 0.997991  0.754883 0.014160 1 0 1.000000
interior
0  35.128490 -30.636070 59.122723  0.931883 0.182455 0.313533  0.766113 0.008789 1 0 1.000000
0  35.329453 -30.407143 58.392197  0.931874 0.182543 0.313510  0.766113 0.008789 1 0 1.000000
0  35.010098 -30.206627 59.224697  0.931876 0.182518 0.313519  0.766113 0.008789 1 0 1.000000
interior
0  35.051327 -29.877441 58.910439  0.931869 0.182583 0.313501  0.766113 0.008789 1 0 1.000000
0  35.010098 -30.206627 59.224697  0.931876 0.182518 0.313519  0.766113 0.008789 1 0 1.000000
0  35.329453 -30.407143 58.392197  0.931874 0.182543 0.313510  0.766113 0.008789 1 0 1.000000
interior
0  35.329453 -30.407143 58.392197  0.931874 0.182543 0.313510  0.766113 0.008789 1 0 1.000000
0  35.211021 -29.977745 58.494164  0.931871 0.182592 0.313492  0.766113 0.008789 1 0 1.000000
0  35.051327 -29.877441 58.910439  0.931869 0.182583 0.313501  0.766113 0.008789 1 0 1.000000
interior
0  -43.190918 -15.083858 38.485600  -0.992947 -0.118561 -0.000003  0.850586 0.149414 1 0 1.000000
0  -42.066845 -20.601936 26.319511  -0.929866 -0.367899 -0.000006  0.850586 0.149414 1 0 1.000000
0  -42.066845 -20.601936 38.824345  -0.929883 -0.367854 0.000009  0.850586 0.149414 1 0 1.000000
interior
0  -43.190918 -15.083858 26.307610  -0.992796 -0.119810 0.001568  0.850586 0.149414 1 0 1.000000
0  -42.066845 -20.601936 26.319511  -0.929867 -0.367897 -0.000007  0.850586 0.149414 1 0 1.000000
0  -43.190918 -15.083858 38.485600  -0.992947 -0.118562 -0.000001  0.850586 0.149414 1 0 1.000000
interior
0  -43.631771 -2.990654 37.809868  -0.998463 0.054456 0.010311  0.850098 0.149414 1 0 1.000000
0  -43.190918 -15.083858 26.307610  -0.992796 -0.119810 0.001568  0.850586 0.149414 1 0 1.000000
0  -43.190918 -15.083858 38.485600  -0.992947 -0.118562 -0.000001  0.850586 0.149414 1 0 1.000000
interior
0  -44.188080 8.323540 26.283888  -0.996623 0.029178 0.076749  0.850098 0.149414 1 0 1.000000
0  -43.190918 -15.083858 26.307610  -0.992796 -0.119810 0.001568  0.850586 0.149414 1 0 1.000000
0  -43.631771 -2.990654 37.809868  -0.998463 0.054456 0.010311  0.850098 0.149414 1 0 1.000000
interior
0  -44.188080 8.323540 26.283888  -0.996623 0.029178 0.076749  0.850098 0.149414 1 0 1.000000
0  -43.631771 -2.990654 37.809868  -0.998463 0.054456 0.010311  0.850098 0.149414 1 0 1.000000
0  -42.665096 6.463525 37.809868  -0.970097 0.219803 -0.102946  0.850098 0.149414 1 0 1.000000
interior
0  -47.573555 -7.883169 26.937565  0.000005 -0.005202 0.999987  0.755859 0.014160 1 0 1.000000
0  -53.921646 -7.883169 26.937748  0.000029 0.001870 0.999998  0.755371 0.014160 1 0 1.000000
0  -53.927689 -16.084606 26.953081  0.000024 0.001873 0.999998  0.755371 0.014160 1 0 1.000000
interior
0  -53.927689 -16.084606 26.953081  0.000024 0.001873 0.999998  0.755371 0.014160 1 0 1.000000
0  -53.935177 -26.214470 26.972065  -0.000010 0.001883 0.999998  0.755371 0.014160 1 0 1.000000
0  -47.573555 -7.883169 26.937565  0.000005 -0.005202 0.999987  0.755859 0.014160 1 0 1.000000
interior
0  -47.593307 -34.501053 26.987764  -0.000001 0.017725 0.999843  0.755859 0.014160 1 0 1.000000
0  -47.573555 -7.883169 26.937565  0.000005 -0.005202 0.999987  0.755859 0.014160 1 0 1.000000
0  -53.935177 -26.214470 26.972065  -0.000010 0.001883 0.999998  0.755371 0.014160 1 0 1.000000
interior
0  -53.935177 -26.214470 26.972065  -0.000010 0.001883 0.999998  0.755371 0.014160 1 0 1.000000
0  -53.941269 -34.501144 26.987631  -0.000021 0.001878 0.999998  0.755371 0.014160 1 0 1.000000
0  -47.593307 -34.501053 26.987764  -0.000001 0.017725 0.999843  0.755859 0.014160 1 0 1.000000
interior
0  -44.544086 -43.659336 84.897690  -0.040006 -0.239713 -0.970019  0.766113 0.007813 1 0 1.000000
0  -47.584415 -37.370407 83.468918  0.124956 -0.050172 -0.990893  0.766113 0.008301 1 0 1.000000
0  -33.891331 -44.889839 84.906433  0.059131 -0.047335 -0.997127  0.764648 0.007813 1 0 1.000000
interior
0  -44.544086 -43.659336 84.897690  -0.040006 -0.239713 -0.970019  0.766113 0.007813 1 0 1.000000
0  -45.219013 -43.589157 84.917404  0.117096 -0.182821 -0.976148  0.766113 0.007813 1 0 1.000000
0  -47.584415 -37.370407 83.468918  0.124956 -0.050172 -0.990893  0.766113 0.008301 1 0 1.000000
interior
0  -45.219013 -43.589157 84.917404  0.117096 -0.182821 -0.976148  0.766113 0.007813 1 0 1.000000
0  -45.774731 -43.607918 84.753738  0.534026 -0.019162 -0.845251  0.766113 0.007813 1 0 1.000000
0  -47.584415 -37.370407 83.468918  0.124956 -0.050172 -0.990893  0.766113 0.008301 1 0 1.000000
interior
0  2.641292 -48.892326 83.817413  0.000000 0.918727 -0.394894  0.760742 0.007813 1 0 1.000000
0  2.629430 -56.923824 65.132034  0.171226 0.980141 -0.100022  0.760742 0.010254 1 0 1.000000
0  -2.641272 -48.892326 83.817413  0.000000 0.918727 -0.394894  0.761230 0.007813 1 0 1.000000
interior
0  2.629430 -56.923824 65.132034  0.171263 0.980140 -0.099970  0.760742 0.010254 1 0 1.000000
0  -2.629411 -56.923824 65.132034  -0.171250 0.980144 -0.099956  0.761230 0.010254 1 0 1.000000
0  -2.641272 -48.892326 83.817413  0.000000 0.918727 -0.394894  0.761230 0.007813 1 0 1.000000
interior
0  2.629430 -56.923824 65.132034  0.171263 0.980140 -0.099970  0.760742 0.010254 1 0 1.000000
0  0.000009 -55.253456 61.729687  0.000005 0.885103 0.465394  0.761230 0.010254 1 0 1.000000
0  -2.629411 -56.923824 65.132034  -0.171250 0.980144 -0.099956  0.761230 0.010254 1 0 1.000000
interior
0  -2.818966 -57.106480 64.575729  -0.516486 0.855103 0.045184  0.761230 0.010254 1 0 1.000000
0  -2.629411 -56.923824 65.132034  -0.171250 0.980144 -0.099956  0.761230 0.010254 1 0 1.000000
0  0.000009 -55.253456 61.729687  0.000005 0.885103 0.465394  0.761230 0.010254 1 0 1.000000
interior
0  -3.204392 -57.226852 64.186287  -0.288032 0.894226 0.342632  0.761230 0.010254 1 0 1.000000
0  -2.818966 -57.106480 64.575729  -0.516486 0.855103 0.045184  0.761230 0.010254 1 0 1.000000
0  0.000009 -55.253456 61.729687  0.000005 0.885103 0.465394  0.761230 0.010254 1 0 1.000000
interior
0  -3.785234 -57.231316 64.048462  0.001979 0.759244 0.650804  0.761719 0.010254 1 0 1.000000
0  -3.204392 -57.226852 64.186287  -0.288032 0.894226 0.342632  0.761230 0.010254 1 0 1.000000
0  0.000009 -55.253456 61.729687  0.000005 0.885103 0.465394  0.761230 0.010254 1 0 1.000000
interior
0  -4.473280 -57.148514 64.098434  0.096972 0.721093 0.686019  0.761719 0.010254 1 0 1.000000
0  -3.785234 -57.231316 64.048462  0.001979 0.759244 0.650804  0.761719 0.010254 1 0 1.000000
0  0.000009 -55.253456 61.729687  0.000005 0.885103 0.465394  0.761230 0.010254 1 0 1.000000
interior
0  -4.473280 -57.148514 64.098434  0.096972 0.721093 0.686019  0.761719 0.010254 1 0 1.000000
0  0.000009 -55.253456 61.729687  0.000005 0.885103 0.465394  0.761230 0.010254 1 0 1.000000
0  -44.693417 -50.946411 61.727211  0.329964 0.730846 0.597485  0.766113 0.010254 1 0 1.000000
interior
0  -44.693417 -50.946411 61.727211  0.329964 0.730846 0.597485  0.766113 0.010254 1 0 1.000000
0  -44.672810 -52.700165 64.112869  0.320425 0.634079 0.703756  0.766113 0.010254 1 0 1.000000
0  -4.473280 -57.148514 64.098434  0.096972 0.721093 0.686019  0.761719 0.010254 1 0 1.000000
interior
0  -44.693417 -50.946411 61.727211  0.329964 0.730846 0.597485  0.766113 0.010254 1 0 1.000000
0  -47.617298 -46.668404 61.684185  0.674066 0.466156 0.573005  0.766113 0.010254 1 0 1.000000
0  -44.672810 -52.700165 64.112869  0.320425 0.634079 0.703756  0.766113 0.010254 1 0 1.000000
interior
0  -44.672810 -52.700165 64.112869  0.320425 0.634079 0.703756  0.766113 0.010254 1 0 1.000000
0  -47.617298 -46.668404 61.684185  0.674066 0.466156 0.573005  0.766113 0.010254 1 0 1.000000
0  -45.328651 -52.653084 64.102310  0.188079 0.428924 0.883544  0.766113 0.010254 1 0 1.000000
interior
0  -47.617298 -46.668404 61.684185  0.674066 0.466156 0.573005  0.766113 0.010254 1 0 1.000000
0  -45.856506 -52.547729 64.274681  0.604651 0.465765 0.646112  0.766113 0.010254 1 0 1.000000
0  -45.328651 -52.653084 64.102310  0.188079 0.428924 0.883544  0.766113 0.010254 1 0 1.000000
interior
0  -45.856506 -52.547729 64.274681  0.604651 0.465765 0.646112  0.766113 0.010254 1 0 1.000000
0  -47.617298 -46.668404 61.684185  0.674066 0.466156 0.573005  0.766113 0.010254 1 0 1.000000
0  -46.142391 -52.376801 64.640762  0.938294 0.311084 0.151102  0.766113 0.010254 1 0 1.000000
interior
0  -47.617298 -46.668404 61.684185  0.674066 0.466156 0.573005  0.766113 0.010254 1 0 1.000000
0  -47.616348 -46.367184 62.610313  0.975298 0.217393 -0.039157  0.766113 0.010254 1 0 1.000000
0  -46.142391 -52.376801 64.640762  0.938294 0.311084 0.151102  0.766113 0.010254 1 0 1.000000
interior
0  -46.255589 -52.128662 65.145790  0.973230 0.229832 -0.000057  0.766113 0.010254 1 0 1.000000
0  -46.142391 -52.376801 64.640762  0.938294 0.311084 0.151102  0.766113 0.010254 1 0 1.000000
0  -47.616348 -46.367184 62.610313  0.975298 0.217393 -0.039157  0.766113 0.010254 1 0 1.000000
interior
0  -46.255589 -52.128662 65.145790  0.973230 0.229832 -0.000057  0.766113 0.010254 1 0 1.000000
0  -47.616348 -46.367184 62.610313  0.975298 0.217393 -0.039157  0.766113 0.010254 1 0 1.000000
0  -46.249187 -47.626961 75.408516  0.977241 0.194173 -0.085422  0.766113 0.008789 1 0 1.000000
interior
0  -47.584415 -37.370407 83.468918  0.952793 0.182959 -0.242304  0.766113 0.008301 1 0 1.000000
0  -46.249187 -47.626961 75.408516  0.977241 0.194173 -0.085422  0.766113 0.008789 1 0 1.000000
0  -47.616348 -46.367184 62.610313  0.975298 0.217393 -0.039157  0.766113 0.010254 1 0 1.000000
interior
0  -46.249187 -47.626961 75.408516  0.977241 0.194173 -0.085422  0.766113 0.008789 1 0 1.000000
0  -47.584415 -37.370407 83.468918  0.952793 0.182959 -0.242304  0.766113 0.008301 1 0 1.000000
0  -46.243862 -43.919472 83.860619  0.961247 0.184499 -0.204851  0.766113 0.007813 1 0 1.000000
interior
0  -46.100941 -43.722748 84.381027  0.853173 0.126582 -0.506036  0.766113 0.007813 1 0 1.000000
0  -46.243862 -43.919472 83.860619  0.961247 0.184499 -0.204851  0.766113 0.007813 1 0 1.000000
0  -47.584415 -37.370407 83.468918  0.952793 0.182959 -0.242304  0.766113 0.008301 1 0 1.000000
interior
0  -45.774731 -43.607918 84.753738  0.534165 -0.019097 -0.845164  0.766113 0.007813 1 0 1.000000
0  -46.100941 -43.722748 84.381027  0.853173 0.126582 -0.506036  0.766113 0.007813 1 0 1.000000
0  -47.584415 -37.370407 83.468918  0.952793 0.182959 -0.242304  0.766113 0.008301 1 0 1.000000
interior
0  45.774754 -43.607910 84.753738  -0.534170 -0.019108 -0.845161  0.756348 0.007813 1 0 1.000000
0  47.584431 -37.370399 83.468918  -0.917587 0.178288 -0.355312  0.755859 0.008301 1 0 1.000000
0  46.100964 -43.722740 84.381027  -0.853173 0.126584 -0.506035  0.756348 0.007813 1 0 1.000000
interior
0  47.584431 -37.370399 83.468918  -0.917587 0.178288 -0.355312  0.755859 0.008301 1 0 1.000000
0  46.243885 -43.919464 83.860619  -0.961246 0.184503 -0.204851  0.756348 0.007813 1 0 1.000000
0  46.100964 -43.722740 84.381027  -0.853173 0.126584 -0.506035  0.756348 0.007813 1 0 1.000000
interior
0  46.243885 -43.919464 83.860619  -0.961246 0.184503 -0.204851  0.756348 0.007813 1 0 1.000000
0  47.584431 -37.370399 83.468918  -0.917587 0.178288 -0.355312  0.755859 0.008301 1 0 1.000000
0  46.249203 -47.626953 75.408516  -0.977241 0.194173 -0.085422  0.756348 0.008789 1 0 1.000000
interior
0  47.584431 -37.370399 83.468918  -0.917587 0.178288 -0.355312  0.755859 0.008301 1 0 1.000000
0  47.616364 -46.367176 62.610306  -0.975299 0.217389 -0.039156  0.755859 0.010254 1 0 1.000000
0  46.249203 -47.626953 75.408516  -0.977241 0.194173 -0.085422  0.756348 0.008789 1 0 1.000000
interior
0  46.255604 -52.128654 65.145790  -0.973222 0.229868 0.000028  0.756348 0.010254 1 0 1.000000
0  46.249203 -47.626953 75.408516  -0.977241 0.194173 -0.085422  0.756348 0.008789 1 0 1.000000
0  47.616364 -46.367176 62.610306  -0.975299 0.217389 -0.039156  0.755859 0.010254 1 0 1.000000
interior
0  46.142406 -52.376793 64.640762  -0.938290 0.311094 0.151105  0.756348 0.010254 1 0 1.000000
0  46.255604 -52.128654 65.145790  -0.973222 0.229868 0.000028  0.756348 0.010254 1 0 1.000000
0  47.616364 -46.367176 62.610306  -0.975299 0.217389 -0.039156  0.755859 0.010254 1 0 1.000000
interior
0  47.616364 -46.367176 62.610306  -0.975299 0.217389 -0.039156  0.755859 0.010254 1 0 1.000000
0  47.617313 -46.668396 61.684177  -0.772819 0.433615 0.463389  0.755859 0.010254 1 0 1.000000
0  46.142406 -52.376793 64.640762  -0.938290 0.311094 0.151105  0.756348 0.010254 1 0 1.000000
interior
0  45.856522 -52.547722 64.274681  -0.604661 0.465762 0.646105  0.756348 0.010254 1 0 1.000000
0  46.142406 -52.376793 64.640762  -0.938290 0.311094 0.151105  0.756348 0.010254 1 0 1.000000
0  47.617313 -46.668396 61.684177  -0.772819 0.433615 0.463389  0.755859 0.010254 1 0 1.000000
interior
0  45.328667 -52.653076 64.102310  -0.389141 0.618164 0.682966  0.756348 0.010254 1 0 1.000000
0  45.856522 -52.547722 64.274681  -0.604661 0.465762 0.646105  0.756348 0.010254 1 0 1.000000
0  47.617313 -46.668396 61.684177  -0.772819 0.433615 0.463389  0.755859 0.010254 1 0 1.000000
interior
0  45.328667 -52.653076 64.102310  -0.389141 0.618164 0.682966  0.756348 0.010254 1 0 1.000000
0  47.617313 -46.668396 61.684177  -0.772819 0.433615 0.463389  0.755859 0.010254 1 0 1.000000
0  44.693432 -50.946404 61.727203  -0.237505 0.736082 0.633857  0.756348 0.010254 1 0 1.000000
interior
0  45.328667 -52.653076 64.102310  -0.389141 0.618164 0.682966  0.756348 0.010254 1 0 1.000000
0  44.693432 -50.946404 61.727203  -0.237505 0.736082 0.633857  0.756348 0.010254 1 0 1.000000
0  44.672825 -52.700157 64.112869  -0.068722 0.804094 0.590517  0.756348 0.010254 1 0 1.000000
interior
0  44.672825 -52.700157 64.112869  -0.068722 0.804094 0.590517  0.756348 0.010254 1 0 1.000000
0  44.693432 -50.946404 61.727203  -0.237505 0.736082 0.633857  0.756348 0.010254 1 0 1.000000
0  4.473298 -57.148514 64.098434  -0.096975 0.721092 0.686018  0.760742 0.010254 1 0 1.000000
interior
0  0.000009 -55.253456 61.729687  0.000005 0.885103 0.465394  0.761230 0.010254 1 0 1.000000
0  4.473298 -57.148514 64.098434  -0.096975 0.721092 0.686018  0.760742 0.010254 1 0 1.000000
0  44.693432 -50.946404 61.727203  -0.237505 0.736082 0.633857  0.756348 0.010254 1 0 1.000000
interior
0  4.473298 -57.148514 64.098434  -0.096975 0.721092 0.686018  0.760742 0.010254 1 0 1.000000
0  0.000009 -55.253456 61.729687  0.000005 0.885103 0.465394  0.761230 0.010254 1 0 1.000000
0  3.785253 -57.231316 64.048462  -0.001997 0.759216 0.650836  0.760742 0.010254 1 0 1.000000
interior
0  0.000009 -55.253456 61.729687  0.000005 0.885103 0.465394  0.761230 0.010254 1 0 1.000000
0  3.204410 -57.226852 64.186287  0.288029 0.894231 0.342622  0.760742 0.010254 1 0 1.000000
0  3.785253 -57.231316 64.048462  -0.001997 0.759216 0.650836  0.760742 0.010254 1 0 1.000000
interior
0  3.204410 -57.226852 64.186287  0.288029 0.894231 0.342622  0.760742 0.010254 1 0 1.000000
0  0.000009 -55.253456 61.729687  0.000005 0.885103 0.465394  0.761230 0.010254 1 0 1.000000
0  2.818985 -57.106480 64.575729  0.516484 0.855104 0.045180  0.760742 0.010254 1 0 1.000000
interior
0  0.000009 -55.253456 61.729687  0.000005 0.885103 0.465394  0.761230 0.010254 1 0 1.000000
0  2.629430 -56.923824 65.132034  0.171263 0.980140 -0.099970  0.760742 0.010254 1 0 1.000000
0  2.818985 -57.106480 64.575729  0.516484 0.855104 0.045180  0.760742 0.010254 1 0 1.000000
interior
0  20.922575 -30.867615 56.638531  0.036219 -0.312955 0.949077  0.768066 0.008789 1 0 1.000000
0  22.102390 -31.138666 56.504131  0.036195 -0.313029 0.949054  0.767578 0.008789 1 0 1.000000
0  20.978992 -30.725952 56.683090  0.036217 -0.312961 0.949075  0.768066 0.008789 1 0 1.000000
interior
0  22.158764 -30.997051 56.548691  0.036193 -0.313035 0.949052  0.767578 0.008789 1 0 1.000000
0  20.978992 -30.725952 56.683090  0.036217 -0.312961 0.949075  0.768066 0.008789 1 0 1.000000
0  22.102390 -31.138666 56.504131  0.036195 -0.313029 0.949054  0.767578 0.008789 1 0 1.000000
interior
0  22.420074 -31.112822 56.020073  0.757317 -0.450278 0.472991  0.767578 0.008789 1 0 1.000000
0  22.476448 -30.971207 56.064632  0.757317 -0.450282 0.472988  0.767578 0.008789 1 0 1.000000
0  22.102390 -31.138666 56.504131  0.757317 -0.450296 0.472974  0.767578 0.008789 1 0 1.000000
interior
0  22.158764 -30.997051 56.548691  0.757317 -0.450299 0.472971  0.767578 0.008789 1 0 1.000000
0  22.102390 -31.138666 56.504131  0.757317 -0.450296 0.472974  0.767578 0.008789 1 0 1.000000
0  22.476448 -30.971207 56.064632  0.757317 -0.450282 0.472988  0.767578 0.008789 1 0 1.000000
interior
0  20.813656 -30.459051 55.478016  -0.086794 0.330289 -0.939881  0.768066 0.009277 1 0 1.000000
0  20.870033 -30.317436 55.522575  -0.086794 0.330288 -0.939881  0.768066 0.009277 1 0 1.000000
0  21.987656 -30.708412 55.281967  -0.086791 0.330278 -0.939885  0.767578 0.009277 1 0 1.000000
interior
0  22.044029 -30.566799 55.326527  -0.086791 0.330277 -0.939885  0.767578 0.009277 1 0 1.000000
0  21.987656 -30.708412 55.281967  -0.086791 0.330278 -0.939885  0.767578 0.009277 1 0 1.000000
0  20.870033 -30.317436 55.522575  -0.086794 0.330288 -0.939881  0.768066 0.009277 1 0 1.000000
interior
0  22.382145 -30.970575 55.615978  0.640838 -0.013616 -0.767555  0.767578 0.009277 1 0 1.000000
0  21.987656 -30.708412 55.281967  0.640835 -0.013598 -0.767558  0.767578 0.009277 1 0 1.000000
0  22.438519 -30.828964 55.660534  0.640838 -0.013612 -0.767556  0.767578 0.009277 1 0 1.000000
interior
0  21.987656 -30.708412 55.281967  0.640835 -0.013598 -0.767558  0.767578 0.009277 1 0 1.000000
0  22.044029 -30.566799 55.326527  0.640834 -0.013595 -0.767559  0.767578 0.009277 1 0 1.000000
0  22.438519 -30.828964 55.660534  0.640838 -0.013612 -0.767556  0.767578 0.009277 1 0 1.000000
interior
0  23.192455 -30.994524 55.555408  0.244414 0.921623 0.301451  0.767578 0.009277 1 0 1.000000
0  22.438519 -30.828964 55.660534  0.300208 0.908235 0.291521  0.767578 0.009277 1 0 1.000000
0  23.230385 -31.136770 55.959553  0.244411 0.921622 0.301458  0.767578 0.008789 1 0 1.000000
interior
0  22.476448 -30.971207 56.064632  0.300282 0.908211 0.291521  0.767578 0.008789 1 0 1.000000
0  23.230385 -31.136770 55.959553  0.244411 0.921622 0.301458  0.767578 0.008789 1 0 1.000000
0  22.438519 -30.828964 55.660534  0.300208 0.908235 0.291521  0.767578 0.009277 1 0 1.000000
interior
0  22.438519 -30.828964 55.660534  0.300208 0.908235 0.291521  0.767578 0.009277 1 0 1.000000
0  22.044029 -30.566799 55.326527  0.301009 0.908012 0.291390  0.767578 0.009277 1 0 1.000000
0  22.476448 -30.971207 56.064632  0.300282 0.908211 0.291521  0.767578 0.008789 1 0 1.000000
interior
0  22.158764 -30.997051 56.548691  0.300986 0.908017 0.291397  0.767578 0.008789 1 0 1.000000
0  22.476448 -30.971207 56.064632  0.300282 0.908211 0.291521  0.767578 0.008789 1 0 1.000000
0  22.044029 -30.566799 55.326527  0.301009 0.908012 0.291390  0.767578 0.009277 1 0 1.000000
interior
0  22.044029 -30.566799 55.326527  0.301009 0.908012 0.291390  0.767578 0.009277 1 0 1.000000
0  20.870033 -30.317436 55.522575  0.246002 0.921276 0.301221  0.768066 0.009277 1 0 1.000000
0  22.158764 -30.997051 56.548691  0.300986 0.908017 0.291397  0.767578 0.008789 1 0 1.000000
interior
0  20.978992 -30.725952 56.683090  0.246015 0.921278 0.301203  0.768066 0.008789 1 0 1.000000
0  22.158764 -30.997051 56.548691  0.300986 0.908017 0.291397  0.767578 0.008789 1 0 1.000000
0  20.870033 -30.317436 55.522575  0.246002 0.921276 0.301221  0.768066 0.009277 1 0 1.000000
interior
0  23.136080 -31.136139 55.510849  -0.244430 -0.921612 -0.301473  0.767578 0.009277 1 0 1.000000
0  23.174011 -31.278387 55.914944  -0.244430 -0.921612 -0.301473  0.767578 0.008789 1 0 1.000000
0  22.382145 -30.970575 55.615978  -0.300137 -0.908252 -0.291542  0.767578 0.009277 1 0 1.000000
interior
0  22.420074 -31.112822 56.020073  -0.300272 -0.908215 -0.291517  0.767578 0.008789 1 0 1.000000
0  22.382145 -30.970575 55.615978  -0.300162 -0.908245 -0.291537  0.767578 0.009277 1 0 1.000000
0  23.174011 -31.278387 55.914944  -0.244418 -0.921615 -0.301474  0.767578 0.008789 1 0 1.000000
interior
0  22.382145 -30.970575 55.615978  -0.300162 -0.908245 -0.291537  0.767578 0.009277 1 0 1.000000
0  22.420074 -31.112822 56.020073  -0.300272 -0.908215 -0.291517  0.767578 0.008789 1 0 1.000000
0  21.987656 -30.708412 55.281967  -0.301055 -0.907998 -0.291386  0.767578 0.009277 1 0 1.000000
interior
0  22.420074 -31.112822 56.020073  -0.300272 -0.908215 -0.291517  0.767578 0.008789 1 0 1.000000
0  22.102390 -31.138666 56.504131  -0.300956 -0.908023 -0.291412  0.767578 0.008789 1 0 1.000000
0  21.987656 -30.708412 55.281967  -0.301055 -0.907998 -0.291386  0.767578 0.009277 1 0 1.000000
interior
0  21.987656 -30.708412 55.281967  -0.301055 -0.907998 -0.291386  0.767578 0.009277 1 0 1.000000
0  22.102390 -31.138666 56.504131  -0.300956 -0.908023 -0.291412  0.767578 0.008789 1 0 1.000000
0  20.813656 -30.459051 55.478016  -0.245980 -0.921275 -0.301242  0.768066 0.009277 1 0 1.000000
interior
0  22.102390 -31.138666 56.504131  -0.300956 -0.908023 -0.291412  0.767578 0.008789 1 0 1.000000
0  20.922575 -30.867615 56.638531  -0.245971 -0.921275 -0.301247  0.768066 0.008789 1 0 1.000000
0  20.813656 -30.459051 55.478016  -0.245980 -0.921275 -0.301242  0.768066 0.009277 1 0 1.000000
interior
0  0.989139 -28.626684 44.820389  0.010520 0.271222 0.962459  0.956055 0.005371 1 0 1.000000
0  10.488688 -28.190884 44.593719  0.010534 0.271145 0.962481  0.956055 0.005371 1 0 1.000000
0  0.628564 -28.121792 44.625832  0.005579 0.363033 0.931759  0.956055 0.005371 1 0 1.000000
interior
0  10.184082 -28.863323 44.719227  0.015376 0.176718 0.984141  0.956055 0.005371 1 0 1.000000
0  10.488688 -28.190884 44.593719  0.010534 0.271145 0.962481  0.956055 0.005371 1 0 1.000000
0  0.989139 -28.626684 44.820389  0.010520 0.271222 0.962459  0.956055 0.005371 1 0 1.000000
interior
0  -31.423735 -32.637520 56.878422  -0.013267 0.912424 0.409031  0.956543 0.004883 1 0 1.000000
0  -31.528595 -34.401966 60.591595  -0.021083 0.903243 0.428612  0.956543 0.004883 1 0 1.000000
0  -20.097591 -34.176239 60.678181  -0.013261 0.912429 0.409020  0.956543 0.004883 1 0 1.000000
interior
0  -20.097591 -34.176239 60.678181  -0.013261 0.912429 0.409020  0.956543 0.004883 1 0 1.000000
0  -20.011360 -32.570770 56.880310  -0.005452 0.921113 0.389257  0.956543 0.004883 1 0 1.000000
0  -31.423735 -32.637520 56.878422  -0.013267 0.912424 0.409031  0.956543 0.004883 1 0 1.000000
interior
0  -31.423735 -32.637520 56.878422  0.000203 0.002826 0.999996  0.956543 0.004883 1 0 1.000000
0  -19.640640 -31.341032 56.872372  0.000199 0.002855 0.999996  0.956543 0.004883 1 0 1.000000
0  -31.898277 -31.376888 56.879726  0.000602 -0.000808 1.000000  0.956543 0.004883 1 0 1.000000
interior
0  -20.011360 -32.570770 56.880310  -0.000205 0.006517 0.999979  0.956543 0.004883 1 0 1.000000
0  -19.640640 -31.341032 56.872372  0.000199 0.002855 0.999996  0.956543 0.004883 1 0 1.000000
0  -31.423735 -32.637520 56.878422  0.000203 0.002826 0.999996  0.956543 0.004883 1 0 1.000000
interior
0  23.222809 -32.126667 56.411224  0.297259 0.678574 0.671695  0.767578 0.008789 1 0 1.000000
0  23.188307 -31.851330 56.148335  0.297258 0.678572 0.671698  0.767578 0.008789 1 0 1.000000
0  21.020847 -31.204149 56.453754  0.297269 0.678582 0.671682  0.768066 0.008789 1 0 1.000000
interior
0  21.020847 -31.204149 56.453754  0.297269 0.678582 0.671682  0.768066 0.008789 1 0 1.000000
0  21.058641 -31.505871 56.741852  0.342511 0.676549 0.651896  0.768066 0.008789 1 0 1.000000
0  23.222809 -32.126667 56.411224  0.297259 0.678574 0.671695  0.767578 0.008789 1 0 1.000000
interior
0  16.163666 -45.178116 41.374294  0.005072 0.278163 -0.960521  0.956055 0.005371 1 0 1.000000
0  13.855719 -29.320234 48.363495  0.021042 0.405779 -0.913729  0.956055 0.005371 1 0 1.000000
0  47.583755 -29.320232 49.140198  0.010332 0.423203 -0.905976  0.955566 0.005371 1 0 1.000000
interior
0  47.583755 -29.320232 49.140198  0.010332 0.423203 -0.905976  0.955566 0.005371 1 0 1.000000
0  47.584339 -45.178112 41.361622  -0.000362 0.440390 -0.897806  0.955566 0.005371 1 0 1.000000
0  16.163666 -45.178116 41.374294  0.005072 0.278163 -0.960521  0.956055 0.005371 1 0 1.000000
interior
0  16.163666 -45.178116 41.374294  0.005061 0.277970 -0.960577  0.956055 0.005371 1 0 1.000000
0  0.000007 -45.178116 41.380833  -0.035900 0.121044 -0.991998  0.956055 0.005371 1 0 1.000000
0  13.613668 -27.878567 43.558720  0.000487 0.124530 -0.992216  0.956055 0.005371 1 0 1.000000
interior
0  0.688682 -27.770733 43.555649  0.003928 0.123819 -0.992297  0.956055 0.005371 1 0 1.000000
0  13.613668 -27.878567 43.558720  0.000487 0.124530 -0.992216  0.956055 0.005371 1 0 1.000000
0  0.000007 -45.178116 41.380833  -0.035900 0.121044 -0.991998  0.956055 0.005371 1 0 1.000000
interior
0  -4.668747 -27.783766 43.517769  -0.090628 0.097414 -0.991109  0.956543 0.005371 1 0 1.000000
0  0.688682 -27.770733 43.555649  0.003928 0.123819 -0.992297  0.956055 0.005371 1 0 1.000000
0  0.000007 -45.178116 41.380833  -0.035900 0.121044 -0.991998  0.956055 0.005371 1 0 1.000000
interior
0  -10.806452 -22.365723 45.077282  -0.069496 0.132375 -0.988760  0.956543 0.005371 1 0 1.000000
0  -4.668747 -27.783766 43.517769  -0.090628 0.097414 -0.991109  0.956543 0.005371 1 0 1.000000
0  0.000007 -45.178116 41.380833  -0.035900 0.121044 -0.991998  0.956055 0.005371 1 0 1.000000
interior
0  0.000007 -45.178116 41.380833  -0.035900 0.121044 -0.991998  0.956055 0.005371 1 0 1.000000
0  -16.163654 -45.178116 41.374294  -0.005366 0.370400 -0.928857  0.956543 0.005371 1 0 1.000000
0  -10.806452 -22.365723 45.077282  -0.069496 0.132375 -0.988760  0.956543 0.005371 1 0 1.000000
interior
0  -11.870224 -22.616119 45.057976  -0.020934 0.164980 -0.986075  0.956543 0.005371 1 0 1.000000
0  -10.806452 -22.365723 45.077282  -0.069496 0.132375 -0.988760  0.956543 0.005371 1 0 1.000000
0  -16.163654 -45.178116 41.374294  -0.005366 0.370400 -0.928857  0.956543 0.005371 1 0 1.000000
interior
0  -47.585949 -31.389515 50.757942  -0.001423 0.817990 -0.575230  0.956543 0.005371 1 0 1.000000
0  -16.163654 -45.178116 41.374294  -0.005351 0.370575 -0.928787  0.956543 0.005371 1 0 1.000000
0  -47.584324 -45.178120 41.361629  0.000333 0.563132 -0.826367  0.956543 0.005371 1 0 1.000000
interior
0  -14.837670 -31.339907 50.761593  -0.001170 0.815353 -0.578963  0.956543 0.005371 1 0 1.000000
0  -16.163654 -45.178116 41.374294  -0.005351 0.370575 -0.928787  0.956543 0.005371 1 0 1.000000
0  -47.585949 -31.389515 50.757942  -0.001423 0.817990 -0.575230  0.956543 0.005371 1 0 1.000000
interior
0  -14.963047 -30.292049 54.697784  -0.008187 0.996234 0.086316  0.956543 0.004883 1 0 1.000000
0  -14.837670 -31.339907 50.761593  -0.001170 0.815353 -0.578963  0.956543 0.005371 1 0 1.000000
0  -47.585949 -31.389515 50.757942  -0.001423 0.817990 -0.575230  0.956543 0.005371 1 0 1.000000
interior
0  -47.585949 -31.389515 50.757942  -0.001423 0.817990 -0.575230  0.956543 0.005371 1 0 1.000000
0  -47.583336 -30.414137 54.669106  -0.003802 0.995270 0.097075  0.956543 0.004883 1 0 1.000000
0  -14.963047 -30.292049 54.697784  -0.008187 0.996234 0.086316  0.956543 0.004883 1 0 1.000000
interior
0  -31.898277 -31.376888 56.879726  -0.000880 0.903047 0.429542  0.956543 0.004883 1 0 1.000000
0  -14.963047 -30.292049 54.697784  -0.008187 0.996234 0.086316  0.956543 0.004883 1 0 1.000000
0  -47.583336 -30.414137 54.669106  -0.003802 0.995270 0.097075  0.956543 0.004883 1 0 1.000000
interior
0  -47.583336 -30.414137 54.669106  -0.003802 0.995270 0.097075  0.956543 0.004883 1 0 1.000000
0  -47.588207 -34.068275 62.522865  -0.014597 0.805581 0.592306  0.956543 0.004883 1 0 1.000000
0  -31.898277 -31.376888 56.879726  -0.000880 0.903047 0.429542  0.956543 0.004883 1 0 1.000000
interior
0  -32.002998 -33.540470 61.230659  -0.008010 0.925155 0.379505  0.956543 0.004883 1 0 1.000000
0  -31.898277 -31.376888 56.879726  -0.000880 0.903047 0.429542  0.956543 0.004883 1 0 1.000000
0  -47.588207 -34.068275 62.522865  -0.014597 0.805581 0.592306  0.956543 0.004883 1 0 1.000000
interior
0  -32.002998 -33.540470 61.230659  -0.008010 0.925155 0.379505  0.956543 0.004883 1 0 1.000000
0  -47.588207 -34.068275 62.522865  -0.014597 0.805581 0.592306  0.956543 0.004883 1 0 1.000000
0  -15.072640 -34.204296 63.781651  -0.023399 0.813671 0.580855  0.956543 0.004883 1 0 1.000000
interior
0  -19.726913 -33.279472 61.339031  -0.023365 0.918930 0.393727  0.956543 0.004883 1 0 1.000000
0  -32.002998 -33.540470 61.230659  -0.008010 0.925155 0.379505  0.956543 0.004883 1 0 1.000000
0  -15.072640 -34.204296 63.781651  -0.023399 0.813671 0.580855  0.956543 0.004883 1 0 1.000000
interior
0  -19.726913 -33.279472 61.339031  -0.023365 0.918930 0.393727  0.956543 0.004883 1 0 1.000000
0  -15.072640 -34.204296 63.781651  -0.023399 0.813671 0.580855  0.956543 0.004883 1 0 1.000000
0  -14.963047 -30.292049 54.697784  -0.008187 0.996234 0.086316  0.956543 0.004883 1 0 1.000000
interior
0  -19.640640 -31.341032 56.872372  -0.011526 0.910101 0.414225  0.956543 0.004883 1 0 1.000000
0  -19.726913 -33.279472 61.339031  -0.023365 0.918930 0.393727  0.956543 0.004883 1 0 1.000000
0  -14.963047 -30.292049 54.697784  -0.008187 0.996234 0.086316  0.956543 0.004883 1 0 1.000000
interior
0  -19.640640 -31.341032 56.872372  -0.011526 0.910101 0.414225  0.956543 0.004883 1 0 1.000000
0  -14.963047 -30.292049 54.697784  -0.008187 0.996234 0.086316  0.956543 0.004883 1 0 1.000000
0  -31.898277 -31.376888 56.879726  -0.000880 0.903047 0.429542  0.956543 0.004883 1 0 1.000000
interior
0  -47.588207 -34.068275 62.522865  -0.014597 0.805581 0.592306  0.956543 0.004883 1 0 1.000000
0  -47.618782 -35.174442 63.458015  -0.026819 0.644924 0.763776  0.956543 0.004883 1 0 1.000000
0  -15.072640 -34.204296 63.781651  -0.023399 0.813671 0.580855  0.956543 0.004883 1 0 1.000000
interior
0  -14.996014 -35.316772 64.722252  -0.026807 0.644344 0.764265  0.956543 0.004883 1 0 1.000000
0  -15.072640 -34.204296 63.781651  -0.023399 0.813671 0.580855  0.956543 0.004883 1 0 1.000000
0  -47.618782 -35.174442 63.458015  -0.026819 0.644924 0.763776  0.956543 0.004883 1 0 1.000000
interior
0  47.613029 -46.665508 43.969166  0.999998 0.001992 -0.000356  0.955566 0.005371 1 0 1.000000
0  47.585201 -35.174435 63.458008  0.999998 0.001988 0.000255  0.955566 0.004883 1 0 1.000000
0  47.617313 -46.668396 61.684177  0.999996 0.002832 -0.000241  0.955566 0.004883 1 0 1.000000
interior
0  47.584122 -34.068268 62.522858  0.999999 0.001483 0.000550  0.955566 0.004883 1 0 1.000000
0  47.585201 -35.174435 63.458008  0.999998 0.001988 0.000255  0.955566 0.004883 1 0 1.000000
0  47.613029 -46.665508 43.969166  0.999998 0.001992 -0.000356  0.955566 0.005371 1 0 1.000000
interior
0  47.583755 -29.320232 49.140198  0.999986 0.003169 -0.004168  0.955566 0.005371 1 0 1.000000
0  47.584122 -34.068268 62.522858  0.999999 0.001483 0.000550  0.955566 0.004883 1 0 1.000000
0  47.613029 -46.665508 43.969166  0.999998 0.001992 -0.000356  0.955566 0.005371 1 0 1.000000
interior
0  47.611675 -46.378357 42.982201  0.999974 0.003843 -0.006110  0.955566 0.005371 1 0 1.000000
0  47.583755 -29.320232 49.140198  0.999986 0.003169 -0.004168  0.955566 0.005371 1 0 1.000000
0  47.613029 -46.665508 43.969166  0.999998 0.001992 -0.000356  0.955566 0.005371 1 0 1.000000
interior
0  47.584339 -45.178112 41.361622  0.999905 0.006097 -0.012352  0.955566 0.005371 1 0 1.000000
0  47.583755 -29.320232 49.140198  0.999986 0.003169 -0.004168  0.955566 0.005371 1 0 1.000000
0  47.611675 -46.378357 42.982201  0.999974 0.003843 -0.006110  0.955566 0.005371 1 0 1.000000
interior
0  22.382145 -30.970575 55.615978  -0.061101 0.321637 -0.944890  0.767578 0.009277 1 0 1.000000
0  22.438519 -30.828964 55.660534  -0.061101 0.321637 -0.944890  0.767578 0.009277 1 0 1.000000
0  23.136080 -31.136139 55.510849  -0.061101 0.321637 -0.944890  0.767578 0.009277 1 0 1.000000
interior
0  23.192455 -30.994524 55.555408  -0.061128 0.321635 -0.944889  0.767578 0.009277 1 0 1.000000
0  23.136080 -31.136139 55.510849  -0.061128 0.321635 -0.944889  0.767578 0.009277 1 0 1.000000
0  22.438519 -30.828964 55.660534  -0.061128 0.321635 -0.944889  0.767578 0.009277 1 0 1.000000
interior
0  20.870033 -30.317436 55.522575  -0.930694 0.308802 0.196089  0.768066 0.009277 1 0 1.000000
0  20.813656 -30.459051 55.478016  -0.930689 0.308814 0.196090  0.768066 0.009277 1 0 1.000000
0  20.978992 -30.725952 56.683090  -0.930643 0.308943 0.196104  0.768066 0.008789 1 0 1.000000
interior
0  20.922575 -30.867615 56.638531  -0.930639 0.308956 0.196106  0.768066 0.008789 1 0 1.000000
0  20.978992 -30.725952 56.683090  -0.930643 0.308943 0.196104  0.768066 0.008789 1 0 1.000000
0  20.813656 -30.459051 55.478016  -0.930689 0.308814 0.196090  0.768066 0.009277 1 0 1.000000
interior
0  5.379267 -44.795891 80.488312  0.000000 1.000000 0.000000  0.753418 0.012207 1 0 1.000000
0  5.199003 -44.795891 80.195702  0.000000 1.000000 0.000002  0.753418 0.012207 1 0 1.000000
0  5.379583 -44.795891 82.377373  0.000000 1.000000 -0.000000  0.753418 0.011719 1 0 1.000000
interior
0  5.379583 -44.795891 82.377373  0.000000 1.000000 -0.000000  0.753418 0.011719 1 0 1.000000
0  5.199003 -44.795891 80.195702  0.000000 1.000000 0.000002  0.753418 0.012207 1 0 1.000000
0  5.204234 -44.795891 82.706284  0.000000 1.000000 -0.000002  0.753418 0.011719 1 0 1.000000
interior
0  5.199003 -44.795891 80.195702  0.000000 1.000000 0.000002  0.753418 0.012207 1 0 1.000000
0  4.890158 -44.795891 80.027344  0.000000 1.000000 0.000001  0.753418 0.012207 1 0 1.000000
0  5.204234 -44.795891 82.706284  0.000000 1.000000 -0.000002  0.753418 0.011719 1 0 1.000000
interior
0  4.890203 -44.795891 82.901207  0.000000 1.000000 -0.000001  0.753418 0.011719 1 0 1.000000
0  5.204234 -44.795891 82.706284  0.000000 1.000000 -0.000002  0.753418 0.011719 1 0 1.000000
0  4.890158 -44.795891 80.027344  0.000000 1.000000 0.000001  0.753418 0.012207 1 0 1.000000
interior
0  4.890203 -44.795891 82.901207  0.000000 1.000000 -0.000001  0.753418 0.011719 1 0 1.000000
0  4.890158 -44.795891 80.027344  0.000000 1.000000 0.000001  0.753418 0.012207 1 0 1.000000
0  -4.689488 -44.795891 82.901207  0.000000 1.000000 0.000000  0.754883 0.011719 1 0 1.000000
interior
0  -4.689488 -44.795891 82.901207  0.000000 1.000000 0.000000  0.754883 0.011719 1 0 1.000000
0  4.890158 -44.795891 80.027344  0.000000 1.000000 0.000001  0.753418 0.012207 1 0 1.000000
0  -4.689488 -44.795891 80.027344  0.000000 1.000000 0.000001  0.754883 0.012207 1 0 1.000000
interior
0  -5.003565 -44.795891 82.706284  0.000000 1.000000 0.000000  0.754883 0.011719 1 0 1.000000
0  -4.689488 -44.795891 82.901207  0.000000 1.000000 0.000000  0.754883 0.011719 1 0 1.000000
0  -4.689488 -44.795891 80.027344  0.000000 1.000000 0.000001  0.754883 0.012207 1 0 1.000000
interior
0  -4.998333 -44.795891 80.195702  0.000000 1.000000 0.000002  0.754883 0.012207 1 0 1.000000
0  -5.003565 -44.795891 82.706284  0.000000 1.000000 0.000000  0.754883 0.011719 1 0 1.000000
0  -4.689488 -44.795891 80.027344  0.000000 1.000000 0.000001  0.754883 0.012207 1 0 1.000000
interior
0  -5.003565 -44.795891 82.706284  0.000000 1.000000 0.000000  0.754883 0.011719 1 0 1.000000
0  -4.998333 -44.795891 80.195702  0.000000 1.000000 0.000002  0.754883 0.012207 1 0 1.000000
0  -5.178914 -44.795891 82.377373  0.000000 1.000000 0.000000  0.754883 0.011719 1 0 1.000000
interior
0  -5.178598 -44.795891 80.488312  0.000000 1.000000 0.000000  0.754883 0.012207 1 0 1.000000
0  -5.178914 -44.795891 82.377373  0.000000 1.000000 0.000000  0.754883 0.011719 1 0 1.000000
0  -4.998333 -44.795891 80.195702  0.000000 1.000000 0.000002  0.754883 0.012207 1 0 1.000000
interior
0  -15.072640 -34.204296 63.781651  -0.860099 0.422446 0.285953  0.956543 0.004883 1 0 1.000000
0  -12.247124 -29.542984 65.209740  -0.580952 0.726420 0.367164  0.956543 0.004883 1 0 1.000000
0  -14.963047 -30.292049 54.697784  -0.897295 0.432331 0.089170  0.956543 0.004883 1 0 1.000000
interior
0  -11.870224 -22.616119 45.057976  -0.936637 0.348502 -0.035474  0.956543 0.005371 1 0 1.000000
0  -14.963047 -30.292049 54.697784  -0.897295 0.432331 0.089170  0.956543 0.004883 1 0 1.000000
0  -12.247124 -29.542984 65.209740  -0.580952 0.726420 0.367164  0.956543 0.004883 1 0 1.000000
interior
0  -14.837670 -31.339907 50.761593  -0.961695 0.236432 -0.138718  0.956543 0.005371 1 0 1.000000
0  -14.963047 -30.292049 54.697784  -0.897295 0.432331 0.089170  0.956543 0.004883 1 0 1.000000
0  -11.870224 -22.616119 45.057976  -0.936637 0.348502 -0.035474  0.956543 0.005371 1 0 1.000000
interior
0  -11.870224 -22.616119 45.057976  -0.936637 0.348502 -0.035474  0.956543 0.005371 1 0 1.000000
0  -16.163654 -45.178116 41.374294  -0.961296 0.211716 -0.176314  0.956543 0.005371 1 0 1.000000
0  -14.837670 -31.339907 50.761593  -0.961695 0.236432 -0.138718  0.956543 0.005371 1 0 1.000000
interior
0  -10.806452 -22.365723 45.077282  -0.225677 0.938636 0.260831  0.956543 0.005371 1 0 1.000000
0  -11.870224 -22.616119 45.057976  -0.241596 0.927433 0.285480  0.956543 0.005371 1 0 1.000000
0  -10.806452 -22.558571 45.771275  -0.254890 0.921710 0.292373  0.956543 0.005371 1 0 1.000000
interior
0  -11.870224 -22.616119 45.057976  -0.241596 0.927433 0.285480  0.956543 0.005371 1 0 1.000000
0  -12.247124 -29.542984 65.209740  -0.580952 0.726420 0.367164  0.956543 0.004883 1 0 1.000000
0  -10.806452 -22.558571 45.771275  -0.254890 0.921710 0.292373  0.956543 0.005371 1 0 1.000000
interior
0  -10.900890 -28.841904 64.362946  -0.231051 0.897474 0.375707  0.956543 0.004883 1 0 1.000000
0  -10.806452 -22.558571 45.771275  -0.254890 0.921710 0.292373  0.956543 0.005371 1 0 1.000000
0  -12.247124 -29.542984 65.209740  -0.580952 0.726420 0.367164  0.956543 0.004883 1 0 1.000000
interior
0  -10.941975 -29.383692 65.421707  0.228230 0.820917 0.523457  0.956543 0.004883 1 0 1.000000
0  -10.900890 -28.841904 64.362946  -0.231051 0.897474 0.375707  0.956543 0.004883 1 0 1.000000
0  -12.247124 -29.542984 65.209740  -0.580952 0.726420 0.367164  0.956543 0.004883 1 0 1.000000
interior
0  -12.250236 -30.236666 66.166496  -0.565666 0.639201 0.521003  0.956543 0.004883 1 0 1.000000
0  -10.941975 -29.383692 65.421707  0.228230 0.820917 0.523457  0.956543 0.004883 1 0 1.000000
0  -12.247124 -29.542984 65.209740  -0.580952 0.726420 0.367164  0.956543 0.004883 1 0 1.000000
interior
0  -12.250236 -30.236666 66.166496  -0.565666 0.639201 0.521003  0.956543 0.004883 1 0 1.000000
0  -12.247124 -29.542984 65.209740  -0.580952 0.726420 0.367164  0.956543 0.004883 1 0 1.000000
0  -15.072640 -34.204296 63.781651  -0.860099 0.422446 0.285953  0.956543 0.004883 1 0 1.000000
interior
0  -15.072640 -34.204296 63.781651  -0.860099 0.422446 0.285953  0.956543 0.004883 1 0 1.000000
0  -14.996014 -35.316772 64.722252  -0.833099 0.322542 0.449348  0.956543 0.004883 1 0 1.000000
0  -12.250236 -30.236666 66.166496  -0.565666 0.639201 0.521003  0.956543 0.004883 1 0 1.000000
interior
0  28.649420 -26.252119 53.673157  0.000000 0.282763 -0.959190  0.956543 0.003906 1 0 1.000000
0  24.174822 -26.252119 53.673161  -0.000001 0.282763 -0.959190  0.954102 0.003906 1 0 1.000000
0  28.179075 -22.566328 54.759705  -0.000001 0.282763 -0.959190  0.956055 0.004395 1 0 1.000000
interior
0  24.645174 -22.566328 54.759708  -0.000002 0.282764 -0.959190  0.954102 0.004395 1 0 1.000000
0  28.179075 -22.566328 54.759705  -0.000001 0.282763 -0.959190  0.956055 0.004395 1 0 1.000000
0  24.174822 -26.252119 53.673161  -0.000001 0.282763 -0.959190  0.954102 0.003906 1 0 1.000000
interior
0  28.649420 -26.252119 53.673157  0.000000 -0.885396 -0.464837  0.956543 0.003906 1 0 1.000000
0  29.911860 -28.495846 57.946880  0.017225 -0.887127 -0.461204  0.957520 0.006348 1 0 1.000000
0  24.174822 -26.252119 53.673161  0.000000 -0.885396 -0.464838  0.954102 0.003906 1 0 1.000000
interior
0  22.912386 -28.495846 57.946884  -0.017318 -0.887136 -0.461184  0.953125 0.006348 1 0 1.000000
0  24.174822 -26.252119 53.673161  0.000000 -0.885396 -0.464838  0.954102 0.003906 1 0 1.000000
0  29.911860 -28.495846 57.946880  0.017225 -0.887127 -0.461204  0.957520 0.006348 1 0 1.000000
interior
0  -18.429844 6.779949 43.444927  0.949079 0.258621 -0.179902  0.149292 0.406250 1 0 1.000000
0  -18.429842 -1.764292 43.444927  0.980423 0.050686 -0.190268  0.149292 0.406250 1 0 1.000000
0  -19.948767 6.463526 37.809864  0.970389 0.220258 -0.099151  0.141968 0.375000 1 0 1.000000
interior
0  -18.429842 -1.764292 43.444927  0.980423 0.050686 -0.190268  0.149292 0.406250 1 0 1.000000
0  -18.982140 -2.990652 37.809864  0.998202 0.057418 0.017203  0.146606 0.375000 1 0 1.000000
0  -19.948767 6.463526 37.809864  0.970389 0.220258 -0.099151  0.141968 0.375000 1 0 1.000000
interior
0  -47.582390 -8.627995 85.992271  1.000000 0.000060 -0.000417  0.766113 0.007813 1 0 1.000000
0  -47.582794 -7.773713 85.145294  1.000000 0.000061 0.000292  0.766113 0.007813 1 0 1.000000
0  -47.584328 19.120413 85.319511  1.000000 0.000056 0.000077  0.766113 0.007813 1 0 1.000000
interior
0  -47.584328 22.431520 83.074844  1.000000 0.000127 0.000104  0.766113 0.008301 1 0 1.000000
0  -47.584328 19.120413 85.319511  1.000000 0.000056 0.000077  0.766113 0.007813 1 0 1.000000
0  -47.582794 -7.773713 85.145294  1.000000 0.000061 0.000292  0.766113 0.007813 1 0 1.000000
interior
0  -47.582794 -7.773713 85.145294  1.000000 0.000061 0.000292  0.766113 0.007813 1 0 1.000000
0  -47.573555 -7.883169 26.937565  1.000000 0.000262 0.000051  0.766113 0.014160 1 0 1.000000
0  -47.584328 22.431520 83.074844  1.000000 0.000127 0.000104  0.766113 0.008301 1 0 1.000000
interior
0  -47.584332 22.431520 27.685371  1.000000 0.000355 -0.000000  0.766113 0.014160 1 0 1.000000
0  -47.584328 22.431520 83.074844  1.000000 0.000127 0.000104  0.766113 0.008301 1 0 1.000000
0  -47.573555 -7.883169 26.937565  1.000000 0.000262 0.000051  0.766113 0.014160 1 0 1.000000
interior
0  10.184082 -28.863323 44.719227  0.027859 0.951457 0.306519  0.956055 0.005371 1 0 1.000000
0  0.989139 -28.626684 44.820389  0.015064 0.949763 0.312606  0.956055 0.005371 1 0 1.000000
0  10.050318 -34.501003 62.231152  0.015008 0.949756 0.312632  0.956055 0.004883 1 0 1.000000
interior
0  1.002445 -34.443459 62.124043  0.002256 0.947875 0.318634  0.956055 0.004883 1 0 1.000000
0  10.050318 -34.501003 62.231152  0.015008 0.949756 0.312632  0.956055 0.004883 1 0 1.000000
0  0.989139 -28.626684 44.820389  0.015064 0.949763 0.312606  0.956055 0.005371 1 0 1.000000
interior
0  1.002445 -34.443459 62.124043  0.780091 0.593236 0.198821  0.956055 0.004883 1 0 1.000000
0  0.989139 -28.626684 44.820389  0.768618 0.606766 0.202634  0.956055 0.005371 1 0 1.000000
0  0.546800 -34.048561 62.733524  0.768622 0.606762 0.202632  0.956055 0.004883 1 0 1.000000
interior
0  0.989139 -28.626684 44.820389  0.768618 0.606766 0.202634  0.956055 0.005371 1 0 1.000000
0  0.628564 -28.121792 44.625832  0.756910 0.620078 0.206374  0.956055 0.005371 1 0 1.000000
0  0.546800 -34.048561 62.733524  0.768622 0.606762 0.202632  0.956055 0.004883 1 0 1.000000
interior
0  0.546800 -34.048561 62.733524  -0.001120 0.838857 -0.544352  0.956055 0.004883 1 0 1.000000
0  10.473626 -33.951778 62.862240  0.005758 0.796617 -0.604457  0.956055 0.004883 1 0 1.000000
0  1.002445 -34.443459 62.124043  0.005750 0.796658 -0.604402  0.956055 0.004883 1 0 1.000000
interior
0  10.050318 -34.501003 62.231152  0.012598 0.750079 -0.661228  0.956055 0.004883 1 0 1.000000
0  1.002445 -34.443459 62.124043  0.005750 0.796658 -0.604402  0.956055 0.004883 1 0 1.000000
0  10.473626 -33.951778 62.862240  0.005758 0.796617 -0.604457  0.956055 0.004883 1 0 1.000000
interior
0  10.184082 -28.863323 44.719227  -0.893560 0.429290 0.131378  0.956055 0.005371 1 0 1.000000
0  10.050318 -34.501003 62.231152  -0.877246 0.458488 0.142228  0.956055 0.004883 1 0 1.000000
0  10.488688 -28.190884 44.593719  -0.877272 0.458443 0.142211  0.956055 0.005371 1 0 1.000000
interior
0  10.050318 -34.501003 62.231152  -0.877246 0.458488 0.142228  0.956055 0.004883 1 0 1.000000
0  10.473626 -33.951778 62.862240  -0.859878 0.487069 0.152886  0.956055 0.004883 1 0 1.000000
0  10.488688 -28.190884 44.593719  -0.877272 0.458443 0.142211  0.956055 0.005371 1 0 1.000000
interior
0  -31.528595 -34.401966 60.591595  0.913119 0.357635 0.195730  0.956543 0.004883 1 0 1.000000
0  -31.423735 -32.637520 56.878422  0.915670 0.351564 0.194809  0.956543 0.004883 1 0 1.000000
0  -32.002998 -33.540470 61.230659  0.915659 0.351589 0.194814  0.956543 0.004883 1 0 1.000000
interior
0  -31.898277 -31.376888 56.879726  0.918196 0.345440 0.193876  0.956543 0.004883 1 0 1.000000
0  -32.002998 -33.540470 61.230659  0.915659 0.351589 0.194814  0.956543 0.004883 1 0 1.000000
0  -31.423735 -32.637520 56.878422  0.915670 0.351564 0.194809  0.956543 0.004883 1 0 1.000000
interior
0  -32.002998 -33.540470 61.230659  -0.005521 0.593810 -0.804587  0.956543 0.004883 1 0 1.000000
0  -19.726913 -33.279472 61.339031  -0.005645 0.594681 -0.803942  0.956543 0.004883 1 0 1.000000
0  -31.528595 -34.401966 60.591595  -0.005528 0.593854 -0.804554  0.956543 0.004883 1 0 1.000000
interior
0  -20.097591 -34.176239 60.678181  -0.005655 0.594751 -0.803890  0.956543 0.004883 1 0 1.000000
0  -31.528595 -34.401966 60.591595  -0.005528 0.593854 -0.804554  0.956543 0.004883 1 0 1.000000
0  -19.726913 -33.279472 61.339031  -0.005645 0.594681 -0.803942  0.956543 0.004883 1 0 1.000000
interior
0  -20.097591 -34.176239 60.678181  -0.944502 0.309725 0.109486  0.956543 0.004883 1 0 1.000000
0  -19.726913 -33.279472 61.339031  -0.948219 0.298704 0.107971  0.956543 0.004883 1 0 1.000000
0  -20.011360 -32.570770 56.880310  -0.948227 0.298679 0.107967  0.956543 0.004883 1 0 1.000000
interior
0  -19.640640 -31.341032 56.872372  -0.951811 0.287623 0.106438  0.956543 0.004883 1 0 1.000000
0  -20.011360 -32.570770 56.880310  -0.948227 0.298679 0.107967  0.956543 0.004883 1 0 1.000000
0  -19.726913 -33.279472 61.339031  -0.948219 0.298704 0.107971  0.956543 0.004883 1 0 1.000000
interior
0  20.538322 -31.689604 56.057869  -0.074506 0.249791 -0.965429  0.768066 0.008789 1 0 1.000000
0  20.646877 -31.296066 56.151314  -0.074506 0.249791 -0.965429  0.768066 0.008789 1 0 1.000000
0  22.955681 -32.294399 55.714836  -0.074506 0.249791 -0.965429  0.767578 0.009277 1 0 1.000000
interior
0  23.054722 -31.935173 55.800121  -0.074526 0.249756 -0.965437  0.767578 0.009277 1 0 1.000000
0  22.955681 -32.294399 55.714836  -0.074526 0.249756 -0.965437  0.767578 0.009277 1 0 1.000000
0  20.646877 -31.296066 56.151314  -0.074526 0.249756 -0.965437  0.768066 0.008789 1 0 1.000000
interior
0  21.058641 -31.505871 56.741852  0.075703 -0.250158 0.965241  0.768066 0.008789 1 0 1.000000
0  20.950087 -31.899456 56.648361  0.075703 -0.250158 0.965241  0.768066 0.008789 1 0 1.000000
0  23.222809 -32.126667 56.411224  0.075703 -0.250158 0.965241  0.767578 0.008789 1 0 1.000000
interior
0  23.123772 -32.485889 56.325897  0.075704 -0.250149 0.965243  0.767578 0.008789 1 0 1.000000
0  23.222809 -32.126667 56.411224  0.075704 -0.250149 0.965243  0.767578 0.008789 1 0 1.000000
0  20.950087 -31.899456 56.648361  0.075704 -0.250149 0.965243  0.768066 0.008789 1 0 1.000000
interior
0  44.544109 -43.659328 84.897690  0.040051 -0.239728 -0.970014  0.756348 0.007813 1 0 1.000000
0  33.891354 -44.889832 84.906433  -0.060435 -0.045714 -0.997125  0.757324 0.007813 1 0 1.000000
0  47.584431 -37.370399 83.468918  -0.139886 -0.111240 -0.983899  0.755859 0.008301 1 0 1.000000
interior
0  44.544109 -43.659328 84.897690  0.040051 -0.239728 -0.970014  0.756348 0.007813 1 0 1.000000
0  47.584431 -37.370399 83.468918  -0.139886 -0.111240 -0.983899  0.755859 0.008301 1 0 1.000000
0  45.219036 -43.589149 84.917404  -0.117140 -0.182799 -0.976147  0.756348 0.007813 1 0 1.000000
interior
0  47.584431 -37.370399 83.468918  -0.139886 -0.111240 -0.983899  0.755859 0.008301 1 0 1.000000
0  45.774754 -43.607910 84.753738  -0.534040 -0.019184 -0.845241  0.756348 0.007813 1 0 1.000000
0  45.219036 -43.589149 84.917404  -0.117140 -0.182799 -0.976147  0.756348 0.007813 1 0 1.000000
interior
0  29.339272 -21.738516 53.144039  -0.689213 -0.181085 -0.701565  0.957031 0.003418 1 0 1.000000
0  29.899908 -23.184467 52.894638  -0.718980 -0.014044 -0.694889  0.957520 0.003418 1 0 1.000000
0  28.461760 -22.364639 54.366070  -0.772093 0.009923 -0.635432  0.956543 0.004395 1 0 1.000000
interior
0  28.965031 -24.128632 53.539570  -0.738186 0.106216 -0.666183  0.956543 0.003906 1 0 1.000000
0  28.461760 -22.364639 54.366070  -0.772093 0.009923 -0.635432  0.956543 0.004395 1 0 1.000000
0  29.899908 -23.184467 52.894638  -0.718980 -0.014044 -0.694889  0.957520 0.003418 1 0 1.000000
interior
0  28.461760 -22.364639 54.366070  -0.772093 0.009923 -0.635432  0.956543 0.004395 1 0 1.000000
0  28.965031 -24.128632 53.539570  -0.738186 0.106216 -0.666183  0.956543 0.003906 1 0 1.000000
0  28.179075 -22.566328 54.759705  -0.804914 0.056410 -0.590705  0.956055 0.004395 1 0 1.000000
interior
0  28.965031 -24.128632 53.539570  -0.738186 0.106216 -0.666183  0.956543 0.003906 1 0 1.000000
0  28.649420 -26.252119 53.673157  -0.788996 0.078935 -0.609307  0.956543 0.003906 1 0 1.000000
0  28.179075 -22.566328 54.759705  -0.804914 0.056410 -0.590705  0.956055 0.004395 1 0 1.000000
interior
0  16.731386 -29.676931 61.423145  0.104543 -0.257093 0.960715  0.768555 0.008301 1 0 1.000000
0  16.632076 -30.036871 61.337631  0.104546 -0.257076 0.960719  0.768555 0.008301 1 0 1.000000
0  17.984625 -30.165680 61.155972  0.135044 -0.264086 0.954998  0.768555 0.008301 1 0 1.000000
interior
0  17.847612 -30.662451 61.037987  -0.223621 -0.781218 0.582831  0.768555 0.008301 1 0 1.000000
0  17.984625 -30.165680 61.155972  0.135044 -0.264086 0.954998  0.768555 0.008301 1 0 1.000000
0  16.632076 -30.036871 61.337631  0.104546 -0.257076 0.960719  0.768555 0.008301 1 0 1.000000
interior
0  17.984625 -30.165680 61.155972  0.135044 -0.264086 0.954998  0.768555 0.008301 1 0 1.000000
0  17.847612 -30.662451 61.037987  -0.223621 -0.781218 0.582831  0.768555 0.008301 1 0 1.000000
0  19.719219 -31.185570 60.494762  0.334925 -0.304173 0.891798  0.768066 0.008301 1 0 1.000000
interior
0  19.601192 -31.613565 60.393108  0.004018 -0.853024 0.521857  0.768066 0.008301 1 0 1.000000
0  19.719219 -31.185570 60.494762  0.334925 -0.304173 0.891798  0.768066 0.008301 1 0 1.000000
0  17.847612 -30.662451 61.037987  -0.223621 -0.781218 0.582831  0.768555 0.008301 1 0 1.000000
interior
0  19.719219 -31.185570 60.494762  0.334925 -0.304173 0.891798  0.768066 0.008301 1 0 1.000000
0  19.601192 -31.613565 60.393108  0.004018 -0.853024 0.521857  0.768066 0.008301 1 0 1.000000
0  20.236288 -31.352934 60.001003  0.728279 -0.341828 0.593938  0.768066 0.008301 1 0 1.000000
interior
0  20.123041 -31.763748 59.903450  0.329680 -0.902798 0.276163  0.768066 0.008301 1 0 1.000000
0  20.236288 -31.352934 60.001003  0.728279 -0.341828 0.593938  0.768066 0.008301 1 0 1.000000
0  19.601192 -31.613565 60.393108  0.004018 -0.853024 0.521857  0.768066 0.008301 1 0 1.000000
interior
0  20.236288 -31.352934 60.001003  0.728279 -0.341828 0.593938  0.768066 0.008301 1 0 1.000000
0  20.123041 -31.763748 59.903450  0.329680 -0.902798 0.276163  0.768066 0.008301 1 0 1.000000
0  21.058641 -31.505871 56.741852  0.917774 -0.311588 0.246178  0.768066 0.008789 1 0 1.000000
interior
0  20.950087 -31.899456 56.648361  0.917771 -0.311597 0.246176  0.768066 0.008789 1 0 1.000000
0  21.058641 -31.505871 56.741852  0.917774 -0.311588 0.246178  0.768066 0.008789 1 0 1.000000
0  20.123041 -31.763748 59.903450  0.329680 -0.902798 0.276163  0.768066 0.008301 1 0 1.000000
interior
0  16.632076 -30.036871 61.337631  -0.480073 -0.866095 -0.139320  0.768555 0.008301 1 0 1.000000
0  16.463673 -29.845016 60.725269  -0.486849 -0.866485 -0.110369  0.768555 0.008301 1 0 1.000000
0  17.847612 -30.662451 61.037987  -0.223621 -0.781218 0.582831  0.768555 0.008301 1 0 1.000000
interior
0  17.615166 -30.450710 60.192860  -0.498296 -0.864840 -0.061260  0.768555 0.008301 1 0 1.000000
0  17.847612 -30.662451 61.037987  -0.223621 -0.781218 0.582831  0.768555 0.008301 1 0 1.000000
0  16.463673 -29.845016 60.725269  -0.486849 -0.866485 -0.110369  0.768555 0.008301 1 0 1.000000
interior
0  17.847612 -30.662451 61.037987  -0.223621 -0.781218 0.582831  0.768555 0.008301 1 0 1.000000
0  17.615166 -30.450710 60.192860  -0.498296 -0.864840 -0.061260  0.768555 0.008301 1 0 1.000000
0  19.601192 -31.613565 60.393108  0.004018 -0.853024 0.521857  0.768066 0.008301 1 0 1.000000
interior
0  19.307003 -31.422838 59.664967  -0.422322 -0.906196 -0.021293  0.768066 0.008301 1 0 1.000000
0  19.601192 -31.613565 60.393108  0.004018 -0.853024 0.521857  0.768066 0.008301 1 0 1.000000
0  17.615166 -30.450710 60.192860  -0.498296 -0.864840 -0.061260  0.768555 0.008301 1 0 1.000000
interior
0  19.601192 -31.613565 60.393108  0.004018 -0.853024 0.521857  0.768066 0.008301 1 0 1.000000
0  19.307003 -31.422838 59.664967  -0.422322 -0.906196 -0.021293  0.768066 0.008301 1 0 1.000000
0  20.123041 -31.763748 59.903450  0.329680 -0.902798 0.276163  0.768066 0.008301 1 0 1.000000
interior
0  19.679169 -31.605131 59.345253  -0.355527 -0.934513 -0.016913  0.768066 0.008789 1 0 1.000000
0  20.123041 -31.763748 59.903450  0.329680 -0.902798 0.276163  0.768066 0.008301 1 0 1.000000
0  19.307003 -31.422838 59.664967  -0.422322 -0.906196 -0.021293  0.768066 0.008301 1 0 1.000000
interior
0  20.123041 -31.763748 59.903450  0.329680 -0.902798 0.276163  0.768066 0.008301 1 0 1.000000
0  19.679169 -31.605131 59.345253  -0.355527 -0.934513 -0.016913  0.768066 0.008789 1 0 1.000000
0  20.950087 -31.899456 56.648361  -0.303372 -0.945250 -0.120283  0.768066 0.008789 1 0 1.000000
interior
0  20.538322 -31.689604 56.057869  -0.315223 -0.942028 -0.114972  0.768066 0.008789 1 0 1.000000
0  20.950087 -31.899456 56.648361  -0.303372 -0.945250 -0.120283  0.768066 0.008789 1 0 1.000000
0  19.679169 -31.605131 59.345253  -0.355527 -0.934513 -0.016913  0.768066 0.008789 1 0 1.000000
interior
0  20.950087 -31.899456 56.648361  -0.303372 -0.945250 -0.120283  0.768066 0.008789 1 0 1.000000
0  20.538322 -31.689604 56.057869  -0.315223 -0.942028 -0.114972  0.768066 0.008789 1 0 1.000000
0  22.955681 -32.294399 55.714836  -0.272421 -0.944052 -0.185883  0.767578 0.009277 1 0 1.000000
interior
0  22.955681 -32.294399 55.714836  -0.272421 -0.944052 -0.185883  0.767578 0.009277 1 0 1.000000
0  23.123772 -32.485889 56.325897  -0.283963 -0.934483 -0.214723  0.767578 0.008789 1 0 1.000000
0  20.950087 -31.899456 56.648361  -0.303372 -0.945250 -0.120283  0.768066 0.008789 1 0 1.000000
interior
0  22.694284 -25.190653 58.552074  0.010159 0.412955 -0.910695  0.953125 0.006836 1 0 1.000000
0  23.042770 -25.132067 58.390259  -0.435808 0.134198 -0.889979  0.953125 0.006836 1 0 1.000000
0  22.912386 -28.495846 57.946884  -0.097836 0.172970 -0.980056  0.953125 0.006348 1 0 1.000000
interior
0  19.623783 -25.292440 57.717411  0.345021 0.315732 -0.883897  0.951172 0.006348 1 0 1.000000
0  22.694284 -25.190653 58.552074  0.010159 0.412955 -0.910695  0.953125 0.006836 1 0 1.000000
0  22.912386 -28.495846 57.946884  -0.097836 0.172970 -0.980056  0.953125 0.006348 1 0 1.000000
interior
0  22.694284 -25.190653 58.552074  0.010159 0.412955 -0.910695  0.953125 0.006836 1 0 1.000000
0  19.623783 -25.292440 57.717411  0.345021 0.315732 -0.883897  0.951172 0.006348 1 0 1.000000
0  19.767561 -24.296766 58.229023  0.393737 0.624138 -0.674850  0.951172 0.006836 1 0 1.000000
interior
0  19.767561 -24.296766 58.229023  0.393737 0.624138 -0.674850  0.951172 0.006836 1 0 1.000000
0  19.913595 -23.983456 58.955402  0.261894 0.788967 -0.555826  0.951172 0.007324 1 0 1.000000
0  22.694284 -25.190653 58.552074  0.010159 0.412955 -0.910695  0.953125 0.006836 1 0 1.000000
interior
0  22.859755 -24.452814 59.385166  -0.190229 0.753382 -0.629466  0.953125 0.007324 1 0 1.000000
0  22.694284 -25.190653 58.552074  0.010159 0.412955 -0.910695  0.953125 0.006836 1 0 1.000000
0  19.913595 -23.983456 58.955402  0.261894 0.788967 -0.555826  0.951172 0.007324 1 0 1.000000
interior
0  23.215818 -24.424450 59.012459  -0.700834 0.578353 -0.417540  0.953125 0.007324 1 0 1.000000
0  22.694284 -25.190653 58.552074  0.010159 0.412955 -0.910695  0.953125 0.006836 1 0 1.000000
0  22.859755 -24.452814 59.385166  -0.190229 0.753382 -0.629466  0.953125 0.007324 1 0 1.000000
interior
0  23.042770 -25.132067 58.390259  -0.947064 0.255264 -0.194707  0.953125 0.006836 1 0 1.000000
0  22.694284 -25.190653 58.552074  0.010159 0.412955 -0.910695  0.953125 0.006836 1 0 1.000000
0  23.215818 -24.424450 59.012459  -0.700834 0.578353 -0.417540  0.953125 0.007324 1 0 1.000000
interior
0  23.215818 -24.424450 59.012459  -0.700834 0.578353 -0.417540  0.953125 0.007324 1 0 1.000000
0  23.725132 -22.961359 55.692692  -0.941684 0.161902 0.294990  0.953613 0.004883 1 0 1.000000
0  23.042770 -25.132067 58.390259  -0.947064 0.255264 -0.194707  0.953125 0.006836 1 0 1.000000
interior
0  23.491514 -23.783167 55.469585  -0.998838 -0.046340 0.013211  0.953613 0.004883 1 0 1.000000
0  23.042770 -25.132067 58.390259  -0.947064 0.255264 -0.194707  0.953125 0.006836 1 0 1.000000
0  23.725132 -22.961359 55.692692  -0.941684 0.161902 0.294990  0.953613 0.004883 1 0 1.000000
interior
0  23.491514 -23.783167 55.469585  -0.998838 -0.046340 0.013211  0.953613 0.004883 1 0 1.000000
0  23.725132 -22.961359 55.692692  -0.941684 0.161902 0.294990  0.953613 0.004883 1 0 1.000000
0  23.133057 -23.291351 54.884457  -0.878120 -0.249098 0.408479  0.953125 0.004395 1 0 1.000000
interior
0  23.333216 -22.473330 55.170025  -0.735641 -0.070102 0.673734  0.953125 0.004883 1 0 1.000000
0  23.133057 -23.291351 54.884457  -0.878120 -0.249098 0.408479  0.953125 0.004395 1 0 1.000000
0  23.725132 -22.961359 55.692692  -0.941684 0.161902 0.294990  0.953613 0.004883 1 0 1.000000
interior
0  23.133057 -23.291351 54.884457  -0.878120 -0.249098 0.408479  0.953125 0.004395 1 0 1.000000
0  23.333216 -22.473330 55.170025  -0.735641 -0.070102 0.673734  0.953125 0.004883 1 0 1.000000
0  22.027254 -22.284721 53.914448  -0.692111 -0.276150 0.666876  0.952637 0.003906 1 0 1.000000
interior
0  22.015932 -21.380241 54.057816  -0.432775 -0.165246 0.886227  0.952637 0.003906 1 0 1.000000
0  22.027254 -22.284721 53.914448  -0.692111 -0.276150 0.666876  0.952637 0.003906 1 0 1.000000
0  23.333216 -22.473330 55.170025  -0.735641 -0.070102 0.673734  0.953125 0.004883 1 0 1.000000
interior
0  23.042770 -25.132067 58.390259  -0.947064 0.255264 -0.194707  0.953125 0.006836 1 0 1.000000
0  23.491514 -23.783167 55.469585  -0.998838 -0.046340 0.013211  0.953613 0.004883 1 0 1.000000
0  22.912386 -28.495846 57.946884  -0.975675 -0.027949 -0.217433  0.953125 0.006348 1 0 1.000000
interior
0  23.491514 -23.783167 55.469585  -0.998838 -0.046340 0.013211  0.953613 0.004883 1 0 1.000000
0  24.174822 -26.252119 53.673161  -0.962467 -0.205439 -0.177347  0.954102 0.003906 1 0 1.000000
0  22.912386 -28.495846 57.946884  -0.975675 -0.027949 -0.217433  0.953125 0.006348 1 0 1.000000
interior
0  23.491514 -23.783167 55.469585  -0.998838 -0.046340 0.013211  0.953613 0.004883 1 0 1.000000
0  23.133057 -23.291351 54.884457  -0.909297 -0.412348 0.056110  0.953125 0.004395 1 0 1.000000
0  24.174822 -26.252119 53.673161  -0.962467 -0.205439 -0.177347  0.954102 0.003906 1 0 1.000000
interior
0  23.133057 -23.291351 54.884457  -0.909297 -0.412348 0.056110  0.953125 0.004395 1 0 1.000000
0  23.859215 -24.128632 53.539574  -0.903090 -0.298483 -0.308765  0.953613 0.003906 1 0 1.000000
0  24.174822 -26.252119 53.673161  -0.962467 -0.205439 -0.177347  0.954102 0.003906 1 0 1.000000
interior
0  22.924337 -23.184467 52.894642  -0.709672 -0.704527 -0.002688  0.953125 0.003418 1 0 1.000000
0  23.859215 -24.128632 53.539574  -0.788697 -0.610890 -0.069071  0.953613 0.003906 1 0 1.000000
0  22.027254 -22.284721 53.914448  -0.644521 -0.697039 0.314213  0.952637 0.003906 1 0 1.000000
interior
0  23.133057 -23.291351 54.884457  -0.909264 -0.412420 0.056108  0.953125 0.004395 1 0 1.000000
0  22.027254 -22.284721 53.914448  -0.644521 -0.697039 0.314213  0.952637 0.003906 1 0 1.000000
0  23.859215 -24.128632 53.539574  -0.788697 -0.610890 -0.069071  0.953613 0.003906 1 0 1.000000
interior
0  23.484928 -21.738516 53.144043  0.689276 -0.181078 -0.701506  0.953613 0.003418 1 0 1.000000
0  22.587397 -22.797056 52.662243  0.097552 -0.876867 -0.470731  0.953125 0.003418 1 0 1.000000
0  23.233452 -21.559061 52.793800  0.698132 -0.294979 -0.652380  0.953125 0.003418 1 0 1.000000
interior
0  22.587397 -22.797056 52.662243  0.097552 -0.876867 -0.470731  0.953125 0.003418 1 0 1.000000
0  23.484928 -21.738516 53.144043  0.689276 -0.181078 -0.701506  0.953613 0.003418 1 0 1.000000
0  22.924337 -23.184467 52.894642  -0.181520 -0.617168 -0.765607  0.953125 0.003418 1 0 1.000000
interior
0  22.924337 -23.184467 52.894642  -0.181520 -0.617168 -0.765607  0.953125 0.003418 1 0 1.000000
0  22.027254 -22.284721 53.914448  -0.644470 -0.697025 0.314347  0.952637 0.003906 1 0 1.000000
0  22.587397 -22.797056 52.662243  0.097552 -0.876867 -0.470731  0.953125 0.003418 1 0 1.000000
interior
0  21.480553 -22.143557 53.840393  -0.197012 -0.501998 0.842131  0.952148 0.003906 1 0 1.000000
0  22.587397 -22.797056 52.662243  0.097552 -0.876867 -0.470731  0.953125 0.003418 1 0 1.000000
0  22.027254 -22.284721 53.914448  -0.644470 -0.697025 0.314347  0.952637 0.003906 1 0 1.000000
interior
0  21.480553 -22.143557 53.840393  -0.197012 -0.501998 0.842131  0.952148 0.003906 1 0 1.000000
0  22.027254 -22.284721 53.914448  -0.644470 -0.697025 0.314347  0.952637 0.003906 1 0 1.000000
0  22.015932 -21.380241 54.057816  -0.432590 -0.165271 0.886313  0.952637 0.003906 1 0 1.000000
interior
0  21.534626 -21.424034 54.013485  -0.068654 -0.228459 0.971130  0.952148 0.003906 1 0 1.000000
0  21.480553 -22.143557 53.840393  -0.197012 -0.501998 0.842131  0.952148 0.003906 1 0 1.000000
0  22.015932 -21.380241 54.057816  -0.432590 -0.165271 0.886313  0.952637 0.003906 1 0 1.000000
interior
0  23.484928 -21.738516 53.144043  0.689277 -0.181073 -0.701505  0.953613 0.003418 1 0 1.000000
0  24.362486 -22.364639 54.366074  0.772121 0.009906 -0.635399  0.954102 0.004395 1 0 1.000000
0  22.924337 -23.184467 52.894642  0.718977 -0.014034 -0.694892  0.953125 0.003418 1 0 1.000000
interior
0  23.859215 -24.128632 53.539574  0.738184 0.106208 -0.666187  0.953613 0.003906 1 0 1.000000
0  22.924337 -23.184467 52.894642  0.718977 -0.014034 -0.694892  0.953125 0.003418 1 0 1.000000
0  24.362486 -22.364639 54.366074  0.772121 0.009906 -0.635399  0.954102 0.004395 1 0 1.000000
interior
0  24.645174 -22.566328 54.759708  0.804914 0.056407 -0.590704  0.954102 0.004395 1 0 1.000000
0  23.859215 -24.128632 53.539574  0.738184 0.106208 -0.666187  0.953613 0.003906 1 0 1.000000
0  24.362486 -22.364639 54.366074  0.772121 0.009906 -0.635399  0.954102 0.004395 1 0 1.000000
interior
0  23.859215 -24.128632 53.539574  0.738184 0.106208 -0.666187  0.953613 0.003906 1 0 1.000000
0  24.645174 -22.566328 54.759708  0.804914 0.056407 -0.590704  0.954102 0.004395 1 0 1.000000
0  24.174822 -26.252119 53.673161  0.788993 0.078935 -0.609311  0.954102 0.003906 1 0 1.000000
interior
0  -5.119472 -44.539772 79.602142  -0.283670 0.000000 -0.958922  0.756348 0.007813 1 0 1.000000
0  5.320141 -45.296501 79.602142  0.199893 -0.166911 -0.965496  0.754883 0.007813 1 0 1.000000
0  -5.119472 -45.296501 79.602142  -0.196940 -0.168768 -0.965780  0.756348 0.007813 1 0 1.000000
interior
0  5.320141 -44.539772 79.602142  0.289183 -0.003024 -0.957269  0.754883 0.007813 1 0 1.000000
0  5.320141 -45.296501 79.602142  0.199893 -0.166911 -0.965496  0.754883 0.007813 1 0 1.000000
0  -5.119472 -44.539772 79.602142  -0.283670 0.000000 -0.958922  0.756348 0.007813 1 0 1.000000
interior
0  5.656723 -45.296501 79.830887  0.742441 -0.004645 -0.669895  0.754883 0.007813 1 0 1.000000
0  5.320141 -45.296501 79.602142  0.199893 -0.166911 -0.965496  0.754883 0.007813 1 0 1.000000
0  5.320141 -44.539772 79.602142  0.289183 -0.003024 -0.957269  0.754883 0.007813 1 0 1.000000
interior
0  5.656723 -44.539772 79.820381  0.740439 -0.009325 -0.672059  0.754883 0.007813 1 0 1.000000
0  5.656723 -45.296501 79.830887  0.742441 -0.004645 -0.669895  0.754883 0.007813 1 0 1.000000
0  5.320141 -44.539772 79.602142  0.289183 -0.003024 -0.957269  0.754883 0.007813 1 0 1.000000
interior
0  5.656723 -44.539772 79.820381  0.740439 -0.009325 -0.672059  0.754883 0.007813 1 0 1.000000
0  5.853179 -44.539772 80.199852  0.970877 -0.001558 -0.239572  0.754883 0.007813 1 0 1.000000
0  5.656723 -45.296501 79.830887  0.742441 -0.004645 -0.669895  0.754883 0.007813 1 0 1.000000
interior
0  5.853179 -45.296501 80.199852  0.970211 0.000000 -0.242261  0.754883 0.007813 1 0 1.000000
0  5.656723 -45.296501 79.830887  0.742441 -0.004645 -0.669895  0.754883 0.007813 1 0 1.000000
0  5.853179 -44.539772 80.199852  0.970877 -0.001558 -0.239572  0.754883 0.007813 1 0 1.000000
interior
0  -5.119472 -45.296501 79.602142  -0.196940 -0.168768 -0.965780  0.756348 0.007813 1 0 1.000000
0  5.320141 -45.296501 79.602142  0.199893 -0.166911 -0.965496  0.754883 0.007813 1 0 1.000000
0  -4.149777 -46.036549 79.947021  0.000000 -0.422408 -0.906406  0.756348 0.007813 1 0 1.000000
interior
0  4.350446 -46.036549 79.947021  0.000000 -0.422405 -0.906407  0.754883 0.007813 1 0 1.000000
0  -4.149777 -46.036549 79.947021  0.000000 -0.422408 -0.906406  0.756348 0.007813 1 0 1.000000
0  5.320141 -45.296501 79.602142  0.199893 -0.166911 -0.965496  0.754883 0.007813 1 0 1.000000
interior
0  5.853179 -44.539772 80.199852  0.970877 -0.001558 -0.239572  0.754883 0.007813 1 0 1.000000
0  5.853494 -45.296501 82.649414  0.976849 0.000000 0.213928  0.754883 0.007324 1 0 1.000000
0  5.853179 -45.296501 80.199852  0.970211 0.000000 -0.242261  0.754883 0.007813 1 0 1.000000
interior
0  5.853494 -44.539772 82.649414  0.977368 -0.001592 0.211541  0.754883 0.007324 1 0 1.000000
0  5.853494 -45.296501 82.649414  0.976849 0.000000 0.213928  0.754883 0.007324 1 0 1.000000
0  5.853179 -44.539772 80.199852  0.970877 -0.001558 -0.239572  0.754883 0.007813 1 0 1.000000
interior
0  5.662404 -45.296501 83.064651  0.780536 -0.004736 0.625093  0.754883 0.007324 1 0 1.000000
0  5.853494 -45.296501 82.649414  0.976849 0.000000 0.213928  0.754883 0.007324 1 0 1.000000
0  5.853494 -44.539772 82.649414  0.977368 -0.001592 0.211541  0.754883 0.007324 1 0 1.000000
interior
0  5.662404 -44.539772 83.075966  0.778889 -0.009373 0.627092  0.754883 0.007324 1 0 1.000000
0  5.662404 -45.296501 83.064651  0.780536 -0.004736 0.625093  0.754883 0.007324 1 0 1.000000
0  5.853494 -44.539772 82.649414  0.977368 -0.001592 0.211541  0.754883 0.007324 1 0 1.000000
interior
0  5.320186 -44.539772 83.328751  0.318167 -0.003140 0.948029  0.754883 0.007324 1 0 1.000000
0  5.662404 -45.296501 83.064651  0.780536 -0.004736 0.625093  0.754883 0.007324 1 0 1.000000
0  5.662404 -44.539772 83.075966  0.778889 -0.009373 0.627092  0.754883 0.007324 1 0 1.000000
interior
0  5.662404 -45.296501 83.064651  0.780536 -0.004736 0.625093  0.754883 0.007324 1 0 1.000000
0  5.320186 -44.539772 83.328751  0.318167 -0.003140 0.948029  0.754883 0.007324 1 0 1.000000
0  5.320186 -45.296501 83.328751  0.228552 -0.194273 0.953951  0.754883 0.007324 1 0 1.000000
interior
0  5.320186 -44.539772 83.328751  0.318167 -0.003140 0.948029  0.754883 0.007324 1 0 1.000000
0  -5.119472 -44.539772 83.328751  -0.317801 -0.003112 0.948152  0.756348 0.007324 1 0 1.000000
0  5.320186 -45.296501 83.328751  0.228552 -0.194273 0.953951  0.754883 0.007324 1 0 1.000000
interior
0  -5.119472 -45.296501 83.328751  -0.228516 -0.194577 0.953897  0.756348 0.007324 1 0 1.000000
0  5.320186 -45.296501 83.328751  0.228552 -0.194273 0.953951  0.754883 0.007324 1 0 1.000000
0  -5.119472 -44.539772 83.328751  -0.317801 -0.003112 0.948152  0.756348 0.007324 1 0 1.000000
interior
0  -5.461737 -45.296501 83.064651  -0.780575 -0.004689 0.625045  0.756348 0.007324 1 0 1.000000
0  -5.119472 -45.296501 83.328751  -0.228516 -0.194577 0.953897  0.756348 0.007324 1 0 1.000000
0  -5.119472 -44.539772 83.328751  -0.317801 -0.003112 0.948152  0.756348 0.007324 1 0 1.000000
interior
0  -5.461737 -44.539772 83.075966  -0.778936 -0.009368 0.627033  0.756348 0.007324 1 0 1.000000
0  -5.461737 -45.296501 83.064651  -0.780575 -0.004689 0.625045  0.756348 0.007324 1 0 1.000000
0  -5.119472 -44.539772 83.328751  -0.317801 -0.003112 0.948152  0.756348 0.007324 1 0 1.000000
interior
0  -5.652825 -44.539772 82.649414  -0.977349 -0.001432 0.211631  0.756348 0.007324 1 0 1.000000
0  -5.461737 -45.296501 83.064651  -0.780575 -0.004689 0.625045  0.756348 0.007324 1 0 1.000000
0  -5.461737 -44.539772 83.075966  -0.778936 -0.009368 0.627033  0.756348 0.007324 1 0 1.000000
interior
0  -5.461737 -45.296501 83.064651  -0.780575 -0.004689 0.625045  0.756348 0.007324 1 0 1.000000
0  -5.652825 -44.539772 82.649414  -0.977349 -0.001432 0.211631  0.756348 0.007324 1 0 1.000000
0  -5.652825 -45.296501 82.649414  -0.976853 0.000000 0.213911  0.756348 0.007324 1 0 1.000000
interior
0  -5.652825 -44.539772 82.649414  -0.977349 -0.001432 0.211631  0.756348 0.007324 1 0 1.000000
0  -5.652464 -45.296501 80.199852  -0.970220 0.000000 -0.242227  0.756348 0.007813 1 0 1.000000
0  -5.652825 -45.296501 82.649414  -0.976853 0.000000 0.213911  0.756348 0.007324 1 0 1.000000
interior
0  -5.652464 -44.539772 80.199852  -0.970881 -0.001640 -0.239558  0.756348 0.007813 1 0 1.000000
0  -5.652464 -45.296501 80.199852  -0.970220 0.000000 -0.242227  0.756348 0.007813 1 0 1.000000
0  -5.652825 -44.539772 82.649414  -0.977349 -0.001432 0.211631  0.756348 0.007324 1 0 1.000000
interior
0  -5.456054 -45.296501 79.830887  -0.746036 -0.007863 -0.665859  0.756348 0.007813 1 0 1.000000
0  -5.652464 -45.296501 80.199852  -0.970220 0.000000 -0.242227  0.756348 0.007813 1 0 1.000000
0  -5.652464 -44.539772 80.199852  -0.970881 -0.001640 -0.239558  0.756348 0.007813 1 0 1.000000
interior
0  -5.456054 -44.539772 79.820381  -0.744275 -0.006265 -0.667844  0.756348 0.007813 1 0 1.000000
0  -5.456054 -45.296501 79.830887  -0.746036 -0.007863 -0.665859  0.756348 0.007813 1 0 1.000000
0  -5.652464 -44.539772 80.199852  -0.970881 -0.001640 -0.239558  0.756348 0.007813 1 0 1.000000
interior
0  -5.119472 -45.296501 79.602142  -0.196940 -0.168768 -0.965780  0.756348 0.007813 1 0 1.000000
0  -5.456054 -45.296501 79.830887  -0.746036 -0.007863 -0.665859  0.756348 0.007813 1 0 1.000000
0  -5.456054 -44.539772 79.820381  -0.744275 -0.006265 -0.667844  0.756348 0.007813 1 0 1.000000
interior
0  -5.119472 -44.539772 79.602142  -0.283670 0.000000 -0.958922  0.756348 0.007813 1 0 1.000000
0  -5.119472 -45.296501 79.602142  -0.196940 -0.168768 -0.965780  0.756348 0.007813 1 0 1.000000
0  -5.456054 -44.539772 79.820381  -0.744275 -0.006265 -0.667844  0.756348 0.007813 1 0 1.000000
interior
0  -4.149777 -46.036549 82.981308  -0.136515 -0.596770 0.790714  0.756348 0.007324 1 0 1.000000
0  4.350446 -46.036549 82.981308  0.136502 -0.596726 0.790750  0.754883 0.007324 1 0 1.000000
0  -5.119472 -45.296501 83.328751  -0.228516 -0.194577 0.953897  0.756348 0.007324 1 0 1.000000
interior
0  4.350446 -46.036549 82.981308  0.136502 -0.596726 0.790750  0.754883 0.007324 1 0 1.000000
0  5.320186 -45.296501 83.328751  0.228552 -0.194273 0.953951  0.754883 0.007324 1 0 1.000000
0  -5.119472 -45.296501 83.328751  -0.228516 -0.194577 0.953897  0.756348 0.007324 1 0 1.000000
interior
0  10.419189 -33.110168 59.279045  0.002690 0.946809 0.321785  0.956055 0.004883 1 0 1.000000
0  10.426452 -32.858643 58.538910  0.002919 0.945632 0.325226  0.956055 0.004883 1 0 1.000000
0  0.508419 -33.034264 59.138561  0.002929 0.945585 0.325361  0.956055 0.004883 1 0 1.000000
interior
0  0.511982 -32.810883 58.496605  0.003147 0.944443 0.328659  0.956055 0.004883 1 0 1.000000
0  0.508419 -33.034264 59.138561  0.002926 0.945602 0.325313  0.956055 0.004883 1 0 1.000000
0  10.426452 -32.858643 58.538910  0.002919 0.945633 0.325223  0.956055 0.004883 1 0 1.000000
interior
0  0.505758 -33.657089 59.160522  -0.008195 0.035273 0.999344  0.956055 0.004883 1 0 1.000000
0  10.079497 -33.734215 59.241749  -0.011387 -0.008280 0.999901  0.956055 0.004883 1 0 1.000000
0  0.508419 -33.034264 59.138561  -0.011378 -0.008243 0.999901  0.956055 0.004883 1 0 1.000000
interior
0  10.419189 -33.110168 59.279045  -0.014552 -0.051759 0.998554  0.956055 0.004883 1 0 1.000000
0  0.508419 -33.034264 59.138561  -0.011378 -0.008243 0.999901  0.956055 0.004883 1 0 1.000000
0  10.079497 -33.734215 59.241749  -0.011387 -0.008280 0.999901  0.956055 0.004883 1 0 1.000000
interior
0  10.523461 -30.756351 52.107738  0.010049 0.946733 0.321861  0.956055 0.005371 1 0 1.000000
0  0.442753 -30.642927 52.088840  0.009725 0.945484 0.325524  0.956055 0.005371 1 0 1.000000
0  10.516201 -31.007877 52.847828  0.009754 0.945584 0.325233  0.956055 0.005371 1 0 1.000000
interior
0  0.439235 -30.866352 52.730747  0.009443 0.944368 0.328754  0.956055 0.005371 1 0 1.000000
0  10.516201 -31.007877 52.847828  0.009754 0.945584 0.325233  0.956055 0.005371 1 0 1.000000
0  0.442753 -30.642927 52.088840  0.009725 0.945484 0.325524  0.956055 0.005371 1 0 1.000000
interior
0  0.576926 -31.103262 51.638248  0.006456 0.700453 -0.713669  0.956055 0.005371 1 0 1.000000
0  0.442753 -30.642927 52.088840  0.007968 0.714464 -0.699627  0.956055 0.005371 1 0 1.000000
0  10.338731 -31.227018 51.605099  0.007969 0.714430 -0.699661  0.956055 0.005371 1 0 1.000000
interior
0  10.523461 -30.756351 52.107738  0.009478 0.728167 -0.685334  0.956055 0.005371 1 0 1.000000
0  10.338731 -31.227018 51.605099  0.007969 0.714439 -0.699653  0.956055 0.005371 1 0 1.000000
0  0.442753 -30.642927 52.088840  0.007969 0.714472 -0.699618  0.956055 0.005371 1 0 1.000000
interior
0  0.570882 -31.487831 52.750954  -0.012639 0.029819 0.999475  0.956055 0.005371 1 0 1.000000
0  10.175424 -31.775116 52.880978  -0.011787 0.038931 0.999172  0.956055 0.005371 1 0 1.000000
0  0.439235 -30.866352 52.730747  -0.011787 0.038905 0.999173  0.956055 0.005371 1 0 1.000000
interior
0  10.516201 -31.007877 52.847828  -0.010931 0.048009 0.998787  0.956055 0.005371 1 0 1.000000
0  0.439235 -30.866352 52.730747  -0.011787 0.038905 0.999173  0.956055 0.005371 1 0 1.000000
0  10.175424 -31.775116 52.880978  -0.011787 0.038931 0.999172  0.956055 0.005371 1 0 1.000000
interior
0  53.921654 -7.883161 26.937740  -0.000000 -0.999990 0.004441  0.755371 0.014160 1 0 1.000000
0  53.926167 -7.856822 32.868385  0.000534 -0.999992 0.003869  0.755371 0.012695 1 0 1.000000
0  47.573563 -7.883161 26.937557  0.002466 -0.999991 0.003342  0.755859 0.014160 1 0 1.000000
interior
0  53.926167 -7.856822 32.868385  0.000534 -0.999992 0.003869  0.755371 0.012695 1 0 1.000000
0  53.934147 -7.805590 46.838066  0.002702 -0.999992 0.003034  0.755371 0.011719 1 0 1.000000
0  47.573563 -7.883161 26.937557  0.002466 -0.999991 0.003342  0.755859 0.014160 1 0 1.000000
interior
0  53.934147 -7.805590 46.838066  0.002702 -0.999992 0.003034  0.755371 0.011719 1 0 1.000000
0  53.938072 -7.772486 60.536793  0.004181 -0.999990 0.001434  0.755371 0.011230 1 0 1.000000
0  47.573563 -7.883161 26.937557  0.002466 -0.999991 0.003342  0.755859 0.014160 1 0 1.000000
interior
0  47.582809 -7.773705 85.145294  0.010811 -0.980477 -0.196336  0.755859 0.007813 1 0 1.000000
0  47.573563 -7.883161 26.937557  0.002466 -0.999991 0.003342  0.755859 0.014160 1 0 1.000000
0  53.938072 -7.772486 60.536793  0.004181 -0.999990 0.001434  0.755371 0.011230 1 0 1.000000
interior
0  53.933659 -7.773208 75.738319  -0.001437 -0.999998 -0.001023  0.755371 0.009277 1 0 1.000000
0  47.582809 -7.773705 85.145294  0.010811 -0.980477 -0.196336  0.755859 0.007813 1 0 1.000000
0  53.938072 -7.772486 60.536793  0.004181 -0.999990 0.001434  0.755371 0.011230 1 0 1.000000
interior
0  53.930904 -7.792150 85.476898  0.043462 -0.923714 -0.380610  0.755371 0.007813 1 0 1.000000
0  47.582809 -7.773705 85.145294  0.010811 -0.980477 -0.196336  0.755859 0.007813 1 0 1.000000
0  53.933659 -7.773208 75.738319  -0.001437 -0.999998 -0.001023  0.755371 0.009277 1 0 1.000000
interior
0  47.582809 -7.773705 85.145294  0.010811 -0.980477 -0.196336  0.755859 0.007813 1 0 1.000000
0  53.930904 -7.792150 85.476898  0.043462 -0.923714 -0.380610  0.755371 0.007813 1 0 1.000000
0  47.582405 -8.627988 85.992271  0.043397 -0.605144 -0.794932  0.755859 0.007813 1 0 1.000000
interior
0  53.941818 -7.934575 85.833061  0.056791 -0.687143 -0.724299  0.755371 0.007813 1 0 1.000000
0  47.582405 -8.627988 85.992271  0.043397 -0.605144 -0.794932  0.755859 0.007813 1 0 1.000000
0  53.930904 -7.792150 85.476898  0.043462 -0.923714 -0.380610  0.755371 0.007813 1 0 1.000000
interior
0  53.930546 -8.358786 85.979279  0.003579 -0.132292 -0.991204  0.755371 0.007813 1 0 1.000000
0  47.582405 -8.627988 85.992271  0.043397 -0.605144 -0.794932  0.755859 0.007813 1 0 1.000000
0  53.941818 -7.934575 85.833061  0.056791 -0.687143 -0.724299  0.755371 0.007813 1 0 1.000000
interior
0  -47.618782 -35.174442 63.458015  -0.999606 0.004157 -0.027766  0.956543 0.004883 1 0 1.000000
0  -47.588207 -34.068275 62.522865  -0.999901 0.003219 -0.013658  0.956543 0.004883 1 0 1.000000
0  -47.617298 -46.668404 61.684185  -0.999973 0.002617 -0.006832  0.956543 0.004883 1 0 1.000000
interior
0  -47.583336 -30.414137 54.669106  -0.999998 0.002186 0.000224  0.956543 0.004883 1 0 1.000000
0  -47.617298 -46.668404 61.684185  -0.999973 0.002617 -0.006832  0.956543 0.004883 1 0 1.000000
0  -47.588207 -34.068275 62.522865  -0.999901 0.003219 -0.013658  0.956543 0.004883 1 0 1.000000
interior
0  -47.583336 -30.414137 54.669106  -0.999998 0.002186 0.000224  0.956543 0.004883 1 0 1.000000
0  -47.585949 -31.389515 50.757942  -0.999990 0.003391 -0.002964  0.956543 0.005371 1 0 1.000000
0  -47.617298 -46.668404 61.684185  -0.999973 0.002617 -0.006832  0.956543 0.004883 1 0 1.000000
interior
0  -47.617298 -46.668404 61.684185  -0.999973 0.002617 -0.006832  0.956543 0.004883 1 0 1.000000
0  -47.585949 -31.389515 50.757942  -0.999990 0.003391 -0.002964  0.956543 0.005371 1 0 1.000000
0  -47.613014 -46.665516 43.969173  -0.999998 0.002018 -0.000550  0.956543 0.005371 1 0 1.000000
interior
0  -47.613014 -46.665516 43.969173  -0.999998 0.002018 -0.000550  0.956543 0.005371 1 0 1.000000
0  -47.585949 -31.389515 50.757942  -0.999990 0.003391 -0.002964  0.956543 0.005371 1 0 1.000000
0  -47.611660 -46.378365 42.982208  -0.999970 0.004871 -0.006082  0.956543 0.005371 1 0 1.000000
interior
0  -47.611660 -46.378365 42.982208  -0.999970 0.004871 -0.006082  0.956543 0.005371 1 0 1.000000
0  -47.585949 -31.389515 50.757942  -0.999990 0.003391 -0.002964  0.956543 0.005371 1 0 1.000000
0  -47.584324 -45.178120 41.361629  -0.999908 0.007560 -0.011267  0.956543 0.005371 1 0 1.000000
interior
0  29.337336 -38.490776 63.258255  -0.083742 0.406085 -0.909990  0.956055 0.004883 1 0 1.000000
0  28.940092 -34.345722 65.150391  -0.079988 0.407576 -0.909661  0.956055 0.004883 1 0 1.000000
0  31.244568 -34.420452 64.826530  -0.140882 0.396504 -0.907159  0.956055 0.004883 1 0 1.000000
interior
0  28.940092 -34.345722 65.150391  -0.079988 0.407576 -0.909661  0.956055 0.004883 1 0 1.000000
0  29.337336 -38.490776 63.258255  -0.083742 0.406085 -0.909990  0.956055 0.004883 1 0 1.000000
0  25.983650 -34.344009 65.298676  -0.021997 0.403910 -0.914534  0.956055 0.004883 1 0 1.000000
interior
0  25.983650 -34.344009 65.298676  -0.021997 0.403910 -0.914534  0.956055 0.004883 1 0 1.000000
0  29.337336 -38.490776 63.258255  -0.083742 0.406085 -0.909990  0.956055 0.004883 1 0 1.000000
0  25.511003 -38.539124 63.472122  0.016252 0.404246 -0.914506  0.956055 0.004883 1 0 1.000000
interior
0  25.983650 -34.344009 65.298676  -0.021997 0.403910 -0.914534  0.956055 0.004883 1 0 1.000000
0  25.511003 -38.539124 63.472122  0.016252 0.404246 -0.914506  0.956055 0.004883 1 0 1.000000
0  23.057245 -34.351227 65.181915  0.092682 0.397861 -0.912752  0.956055 0.004883 1 0 1.000000
interior
0  23.057245 -34.351227 65.181915  0.092682 0.397861 -0.912752  0.956055 0.004883 1 0 1.000000
0  25.511003 -38.539124 63.472122  0.016252 0.404246 -0.914506  0.956055 0.004883 1 0 1.000000
0  22.018372 -38.439682 63.251320  0.140998 0.394489 -0.908019  0.956055 0.004883 1 0 1.000000
interior
0  22.018372 -38.439682 63.251320  0.140998 0.394489 -0.908019  0.956055 0.004883 1 0 1.000000
0  20.738434 -34.348118 64.741470  0.190865 0.380689 -0.904791  0.956055 0.004883 1 0 1.000000
0  23.057245 -34.351227 65.181915  0.092682 0.397861 -0.912752  0.956055 0.004883 1 0 1.000000
interior
0  22.018372 -38.439682 63.251320  0.140998 0.394489 -0.908019  0.956055 0.004883 1 0 1.000000
0  19.429495 -38.269020 62.807579  0.318983 0.393001 -0.862438  0.956055 0.004883 1 0 1.000000
0  20.738434 -34.348118 64.741470  0.190865 0.380689 -0.904791  0.956055 0.004883 1 0 1.000000
interior
0  18.379791 -34.356731 64.166214  0.458112 0.391644 -0.797965  0.956055 0.004883 1 0 1.000000
0  20.738434 -34.348118 64.741470  0.190865 0.380689 -0.904791  0.956055 0.004883 1 0 1.000000
0  19.429495 -38.269020 62.807579  0.318983 0.393001 -0.862438  0.956055 0.004883 1 0 1.000000
interior
0  19.429495 -38.269020 62.807579  0.318983 0.393001 -0.862438  0.956055 0.004883 1 0 1.000000
0  18.008619 -37.967300 61.928177  0.752485 0.411125 -0.514531  0.956055 0.004883 1 0 1.000000
0  18.379791 -34.356731 64.166214  0.458112 0.391644 -0.797965  0.956055 0.004883 1 0 1.000000
interior
0  16.547516 -34.116661 62.777496  0.906148 0.359696 -0.222518  0.956055 0.004883 1 0 1.000000
0  18.379791 -34.356731 64.166214  0.458112 0.391644 -0.797965  0.956055 0.004883 1 0 1.000000
0  18.008619 -37.967300 61.928177  0.752485 0.411125 -0.514531  0.956055 0.004883 1 0 1.000000
interior
0  18.008619 -37.967300 61.928177  0.752485 0.411125 -0.514531  0.956055 0.004883 1 0 1.000000
0  17.549908 -36.175751 56.340961  0.926098 0.238551 0.292294  0.956055 0.004883 1 0 1.000000
0  16.547516 -34.116661 62.777496  0.906148 0.359696 -0.222518  0.956055 0.004883 1 0 1.000000
interior
0  16.435261 -32.228325 57.083260  0.873932 0.209667 0.438500  0.956055 0.004883 1 0 1.000000
0  16.547516 -34.116661 62.777496  0.906148 0.359696 -0.222518  0.956055 0.004883 1 0 1.000000
0  17.549908 -36.175751 56.340961  0.926098 0.238551 0.292294  0.956055 0.004883 1 0 1.000000
interior
0  17.549908 -36.175751 56.340961  0.926098 0.238551 0.292294  0.956055 0.004883 1 0 1.000000
0  18.653910 -35.799343 55.237991  0.636964 0.220620 0.738650  0.956055 0.004883 1 0 1.000000
0  16.435261 -32.228325 57.083260  0.873932 0.209667 0.438500  0.956055 0.004883 1 0 1.000000
interior
0  17.777615 -31.098932 54.023720  0.531157 0.339385 0.776331  0.956055 0.004883 1 0 1.000000
0  16.435261 -32.228325 57.083260  0.873932 0.209667 0.438500  0.956055 0.004883 1 0 1.000000
0  18.653910 -35.799343 55.237991  0.636964 0.220620 0.738650  0.956055 0.004883 1 0 1.000000
interior
0  18.653910 -35.799343 55.237991  0.636964 0.220620 0.738650  0.956055 0.004883 1 0 1.000000
0  21.984455 -35.340271 54.070713  0.228772 0.371723 0.899714  0.956055 0.004883 1 0 1.000000
0  17.777615 -31.098932 54.023720  0.531157 0.339385 0.776331  0.956055 0.004883 1 0 1.000000
interior
0  21.579500 -30.264940 51.805027  0.139976 0.421832 0.895804  0.956055 0.005371 1 0 1.000000
0  17.777615 -31.098932 54.023720  0.531157 0.339385 0.776331  0.956055 0.004883 1 0 1.000000
0  21.984455 -35.340271 54.070713  0.228772 0.371723 0.899714  0.956055 0.004883 1 0 1.000000
interior
0  21.984455 -35.340271 54.070713  0.228772 0.371723 0.899714  0.956055 0.004883 1 0 1.000000
0  30.547459 -35.330387 54.070618  -0.132541 0.397821 0.907839  0.956055 0.004883 1 0 1.000000
0  21.579500 -30.264940 51.805027  0.139976 0.421832 0.895804  0.956055 0.005371 1 0 1.000000
interior
0  30.971800 -30.261150 51.612041  -0.134506 0.583897 0.800607  0.956055 0.005371 1 0 1.000000
0  21.579500 -30.264940 51.805027  0.139976 0.421832 0.895804  0.956055 0.005371 1 0 1.000000
0  30.547459 -35.330387 54.070618  -0.132541 0.397821 0.907839  0.956055 0.004883 1 0 1.000000
interior
0  30.971800 -30.261150 51.612041  -0.134506 0.583897 0.800607  0.956055 0.005371 1 0 1.000000
0  30.547459 -35.330387 54.070618  -0.132541 0.397821 0.907839  0.956055 0.004883 1 0 1.000000
0  34.796734 -31.098164 53.630039  -0.483844 0.362544 0.796528  0.956055 0.004883 1 0 1.000000
interior
0  33.860233 -35.784775 54.909977  -0.599755 0.232860 0.765552  0.956055 0.004883 1 0 1.000000
0  34.796734 -31.098164 53.630039  -0.483844 0.362544 0.796528  0.956055 0.004883 1 0 1.000000
0  30.547459 -35.330387 54.070618  -0.132541 0.397821 0.907839  0.956055 0.004883 1 0 1.000000
interior
0  34.796734 -31.098164 53.630039  -0.483844 0.362544 0.796528  0.956055 0.004883 1 0 1.000000
0  33.860233 -35.784775 54.909977  -0.599755 0.232860 0.765552  0.956055 0.004883 1 0 1.000000
0  36.203445 -32.187012 56.712353  -0.860498 0.218173 0.460374  0.956055 0.004883 1 0 1.000000
interior
0  35.051414 -36.183094 56.021961  -0.917484 0.233091 0.322321  0.956055 0.004883 1 0 1.000000
0  36.203445 -32.187012 56.712353  -0.860498 0.218173 0.460374  0.956055 0.004883 1 0 1.000000
0  33.860233 -35.784775 54.909977  -0.599755 0.232860 0.765552  0.956055 0.004883 1 0 1.000000
interior
0  36.203445 -32.187012 56.712353  -0.860498 0.218173 0.460374  0.956055 0.004883 1 0 1.000000
0  35.051414 -36.183094 56.021961  -0.917484 0.233091 0.322321  0.956055 0.004883 1 0 1.000000
0  36.269562 -34.104393 62.756435  -0.903207 0.362666 -0.229544  0.956055 0.004883 1 0 1.000000
interior
0  34.832497 -38.028229 61.777939  -0.713810 0.418566 -0.561496  0.956055 0.004883 1 0 1.000000
0  36.269562 -34.104393 62.756435  -0.903207 0.362666 -0.229544  0.956055 0.004883 1 0 1.000000
0  35.051414 -36.183094 56.021961  -0.917484 0.233091 0.322321  0.956055 0.004883 1 0 1.000000
interior
0  36.269562 -34.104393 62.756435  -0.903207 0.362666 -0.229544  0.956055 0.004883 1 0 1.000000
0  34.832497 -38.028229 61.777939  -0.713810 0.418566 -0.561496  0.956055 0.004883 1 0 1.000000
0  33.644924 -34.343872 64.358391  -0.387299 0.394002 -0.833524  0.956055 0.004883 1 0 1.000000
interior
0  34.832497 -38.028229 61.777939  -0.713810 0.418566 -0.561496  0.956055 0.004883 1 0 1.000000
0  32.579842 -38.380909 62.883026  -0.256411 0.402986 -0.878553  0.956055 0.004883 1 0 1.000000
0  33.644924 -34.343872 64.358391  -0.387299 0.394002 -0.833524  0.956055 0.004883 1 0 1.000000
interior
0  32.579842 -38.380909 62.883026  -0.256411 0.402986 -0.878553  0.956055 0.004883 1 0 1.000000
0  31.244568 -34.420452 64.826530  -0.140882 0.396504 -0.907159  0.956055 0.004883 1 0 1.000000
0  33.644924 -34.343872 64.358391  -0.387299 0.394002 -0.833524  0.956055 0.004883 1 0 1.000000
interior
0  32.579842 -38.380909 62.883026  -0.256411 0.402986 -0.878553  0.956055 0.004883 1 0 1.000000
0  29.337336 -38.490776 63.258255  -0.083742 0.406085 -0.909990  0.956055 0.004883 1 0 1.000000
0  31.244568 -34.420452 64.826530  -0.140882 0.396504 -0.907159  0.956055 0.004883 1 0 1.000000
interior
0  18.850861 -22.450329 56.998158  -0.007767 0.910826 0.412717  0.950684 0.005859 1 0 1.000000
0  19.375013 -21.868494 55.776623  -0.003107 0.900262 0.435337  0.951172 0.005371 1 0 1.000000
0  18.280706 -22.620897 56.737206  -0.802383 0.595244 0.043190  0.950195 0.005859 1 0 1.000000
interior
0  18.280706 -22.620897 56.737206  -0.802383 0.595244 0.043190  0.950195 0.005859 1 0 1.000000
0  17.993959 -23.280483 58.122002  -0.762535 0.615479 0.199312  0.950195 0.006348 1 0 1.000000
0  18.850861 -22.450329 56.998158  -0.007767 0.910826 0.412717  0.950684 0.005859 1 0 1.000000
interior
0  17.993959 -23.280483 58.122002  -0.762535 0.615479 0.199312  0.950195 0.006348 1 0 1.000000
0  18.280706 -22.620897 56.737206  -0.802383 0.595244 0.043190  0.950195 0.005859 1 0 1.000000
0  17.972582 -23.997616 57.778248  -0.995414 0.063815 -0.071262  0.950195 0.006348 1 0 1.000000
interior
0  17.993959 -23.280483 58.122002  -0.762535 0.615479 0.199312  0.950195 0.006348 1 0 1.000000
0  17.972582 -23.997616 57.778248  -0.995414 0.063815 -0.071262  0.950195 0.006348 1 0 1.000000
0  17.993959 -23.853165 59.324371  -0.926440 0.289399 0.240743  0.950195 0.007324 1 0 1.000000
interior
0  17.973801 -24.575169 58.982193  -0.977007 -0.207970 -0.046966  0.950195 0.007324 1 0 1.000000
0  17.993959 -23.853165 59.324371  -0.926440 0.289399 0.240743  0.950195 0.007324 1 0 1.000000
0  17.972582 -23.997616 57.778248  -0.995414 0.063815 -0.071262  0.950195 0.006348 1 0 1.000000
interior
0  17.993959 -23.853165 59.324371  -0.926440 0.289399 0.240743  0.950195 0.007324 1 0 1.000000
0  17.973801 -24.575169 58.982193  -0.977007 -0.207970 -0.046966  0.950195 0.007324 1 0 1.000000
0  18.212198 -24.453533 60.584778  -0.977618 -0.068319 0.198989  0.950195 0.008301 1 0 1.000000
interior
0  18.193844 -25.180506 60.243595  -0.900045 -0.426815 0.088020  0.950195 0.007813 1 0 1.000000
0  18.212198 -24.453533 60.584778  -0.977618 -0.068319 0.198989  0.950195 0.008301 1 0 1.000000
0  17.973801 -24.575169 58.982193  -0.977007 -0.207970 -0.046966  0.950195 0.007324 1 0 1.000000
interior
0  18.657154 -25.028967 61.792919  -0.927955 -0.140080 0.345364  0.950684 0.008789 1 0 1.000000
0  18.212198 -24.453533 60.584778  -0.977618 -0.068319 0.198989  0.950195 0.008301 1 0 1.000000
0  18.193844 -25.180506 60.243595  -0.900045 -0.426815 0.088020  0.950195 0.007813 1 0 1.000000
interior
0  18.657154 -25.028967 61.792919  -0.927955 -0.140080 0.345364  0.950684 0.008789 1 0 1.000000
0  18.193844 -25.180506 60.243595  -0.900045 -0.426815 0.088020  0.950195 0.007813 1 0 1.000000
0  18.641054 -25.760622 61.452053  -0.861810 -0.455467 0.223232  0.950684 0.008789 1 0 1.000000
interior
0  19.513111 -25.701181 63.204235  -0.835546 -0.218252 0.504212  0.951172 0.009766 1 0 1.000000
0  18.657154 -25.028967 61.792919  -0.927955 -0.140080 0.345364  0.950684 0.008789 1 0 1.000000
0  18.641054 -25.760622 61.452053  -0.861810 -0.455467 0.223232  0.950684 0.008789 1 0 1.000000
interior
0  19.513111 -25.701181 63.204235  -0.835546 -0.218252 0.504212  0.951172 0.009766 1 0 1.000000
0  18.641054 -25.760622 61.452053  -0.861810 -0.455467 0.223232  0.950684 0.008789 1 0 1.000000
0  19.500526 -26.439240 62.863186  -0.716806 -0.625462 0.308199  0.951172 0.009277 1 0 1.000000
interior
0  19.513111 -25.701181 63.204235  -0.835546 -0.218252 0.504212  0.951172 0.009766 1 0 1.000000
0  19.500526 -26.439240 62.863186  -0.716806 -0.625462 0.308199  0.951172 0.009277 1 0 1.000000
0  20.912745 -26.358198 64.583572  -0.680050 -0.299213 0.669331  0.951660 0.010742 1 0 1.000000
interior
0  20.903454 -27.100815 64.241760  -0.552501 -0.703945 0.446323  0.951660 0.010254 1 0 1.000000
0  20.912745 -26.358198 64.583572  -0.680050 -0.299213 0.669331  0.951660 0.010742 1 0 1.000000
0  19.500526 -26.439240 62.863186  -0.716806 -0.625462 0.308199  0.951172 0.009277 1 0 1.000000
interior
0  20.912745 -26.358198 64.583572  -0.680050 -0.299213 0.669331  0.951660 0.010742 1 0 1.000000
0  20.903454 -27.100815 64.241760  -0.552501 -0.703945 0.446323  0.951660 0.010254 1 0 1.000000
0  22.660728 -26.857098 65.630974  -0.482237 -0.362265 0.797629  0.953125 0.011230 1 0 1.000000
interior
0  22.660728 -26.857098 65.630974  -0.482237 -0.362265 0.797629  0.953125 0.011230 1 0 1.000000
0  20.903454 -27.100815 64.241760  -0.552501 -0.703945 0.446323  0.951660 0.010254 1 0 1.000000
0  22.655001 -27.603815 65.288078  -0.368557 -0.756521 0.540224  0.953125 0.010742 1 0 1.000000
interior
0  22.660728 -26.857098 65.630974  -0.482237 -0.362265 0.797629  0.953125 0.011230 1 0 1.000000
0  22.655001 -27.603815 65.288078  -0.368557 -0.756521 0.540224  0.953125 0.010742 1 0 1.000000
0  24.639988 -27.156288 66.259125  -0.258783 -0.402000 0.878309  0.954102 0.011719 1 0 1.000000
interior
0  24.637461 -27.905489 65.915283  -0.169355 -0.773740 0.610447  0.954102 0.011230 1 0 1.000000
0  24.639988 -27.156288 66.259125  -0.258783 -0.402000 0.878309  0.954102 0.011719 1 0 1.000000
0  22.655001 -27.603815 65.288078  -0.368557 -0.756521 0.540224  0.953125 0.010742 1 0 1.000000
interior
0  24.639988 -27.156288 66.259125  -0.258783 -0.402000 0.878309  0.954102 0.011719 1 0 1.000000
0  24.637461 -27.905489 65.915283  -0.169355 -0.773740 0.610447  0.954102 0.011230 1 0 1.000000
0  26.412100 -27.239904 66.434700  -0.000001 -0.416986 0.908913  0.955078 0.011719 1 0 1.000000
interior
0  26.412100 -27.239904 66.434700  -0.000001 -0.416986 0.908913  0.955078 0.011719 1 0 1.000000
0  24.637461 -27.905489 65.915283  -0.169355 -0.773740 0.610447  0.954102 0.011230 1 0 1.000000
0  26.412100 -27.989916 66.090546  0.000001 -0.775143 0.631786  0.955078 0.011230 1 0 1.000000
interior
0  26.412100 -27.989916 66.090546  0.000001 -0.775143 0.631786  0.955078 0.011230 1 0 1.000000
0  28.186787 -27.905489 65.915283  0.169355 -0.773742 0.610444  0.956543 0.011230 1 0 1.000000
0  26.412100 -27.239904 66.434700  -0.000001 -0.416986 0.908913  0.955078 0.011719 1 0 1.000000
interior
0  26.412100 -28.209419 65.148407  -0.000001 -0.977700 0.210005  0.955078 0.010742 1 0 1.000000
0  28.186787 -27.905489 65.915283  0.169355 -0.773742 0.610444  0.956543 0.011230 1 0 1.000000
0  26.412100 -27.989916 66.090546  0.000001 -0.775143 0.631786  0.955078 0.011230 1 0 1.000000
interior
0  28.090679 -28.106951 64.933273  0.167133 -0.971973 0.165336  0.956055 0.010742 1 0 1.000000
0  28.186787 -27.905489 65.915283  0.169355 -0.773742 0.610444  0.956543 0.011230 1 0 1.000000
0  26.412100 -28.209419 65.148407  -0.000001 -0.977700 0.210005  0.955078 0.010742 1 0 1.000000
interior
0  28.186787 -27.905489 65.915283  0.169355 -0.773742 0.610444  0.956543 0.011230 1 0 1.000000
0  28.090679 -28.106951 64.933273  0.167133 -0.971973 0.165336  0.956055 0.010742 1 0 1.000000
0  30.169249 -27.603815 65.288078  0.368556 -0.756523 0.540222  0.957520 0.010742 1 0 1.000000
interior
0  29.903658 -27.757788 64.546951  0.286239 -0.951713 0.110951  0.957520 0.010254 1 0 1.000000
0  30.169249 -27.603815 65.288078  0.368556 -0.756523 0.540222  0.957520 0.010742 1 0 1.000000
0  28.090679 -28.106951 64.933273  0.167133 -0.971973 0.165336  0.956055 0.010742 1 0 1.000000
interior
0  30.169249 -27.603815 65.288078  0.368556 -0.756523 0.540222  0.957520 0.010742 1 0 1.000000
0  29.903658 -27.757788 64.546951  0.286239 -0.951713 0.110951  0.957520 0.010254 1 0 1.000000
0  31.920795 -27.100815 64.241760  0.552507 -0.703944 0.446317  0.958496 0.010254 1 0 1.000000
interior
0  31.370445 -27.399471 63.435905  0.402921 -0.914405 0.038973  0.958008 0.009766 1 0 1.000000
0  31.920795 -27.100815 64.241760  0.552507 -0.703944 0.446317  0.958496 0.010254 1 0 1.000000
0  29.903658 -27.757788 64.546951  0.286239 -0.951713 0.110951  0.957520 0.010254 1 0 1.000000
interior
0  31.920795 -27.100815 64.241760  0.552507 -0.703944 0.446317  0.958496 0.010254 1 0 1.000000
0  31.370445 -27.399471 63.435905  0.402921 -0.914405 0.038973  0.958008 0.009766 1 0 1.000000
0  33.323681 -26.439240 62.863182  0.716831 -0.625453 0.308160  0.959473 0.009277 1 0 1.000000
interior
0  33.381271 -26.342955 61.118671  -0.002356 -0.953404 -0.301688  0.959473 0.008301 1 0 1.000000
0  33.323681 -26.439240 62.863182  0.716831 -0.625453 0.308160  0.959473 0.009277 1 0 1.000000
0  31.370445 -27.399471 63.435905  0.402921 -0.914405 0.038973  0.958008 0.009766 1 0 1.000000
interior
0  33.381271 -26.342955 61.118671  -0.002356 -0.953404 -0.301688  0.959473 0.008301 1 0 1.000000
0  34.183193 -25.760622 61.452049  0.861804 -0.455493 0.223204  0.959961 0.008789 1 0 1.000000
0  33.323681 -26.439240 62.863182  0.716831 -0.625453 0.308160  0.959473 0.009277 1 0 1.000000
interior
0  34.183193 -25.760622 61.452049  0.861804 -0.455493 0.223204  0.959961 0.008789 1 0 1.000000
0  33.381271 -26.342955 61.118671  -0.002356 -0.953404 -0.301688  0.959473 0.008301 1 0 1.000000
0  34.630360 -25.180506 60.243591  0.900048 -0.426806 0.088036  0.960449 0.007813 1 0 1.000000
interior
0  34.183193 -25.760622 61.452049  0.861804 -0.455493 0.223204  0.959961 0.008789 1 0 1.000000
0  34.630360 -25.180506 60.243591  0.900048 -0.426806 0.088036  0.960449 0.007813 1 0 1.000000
0  34.167049 -25.028967 61.792915  0.927957 -0.139805 0.345472  0.959961 0.008789 1 0 1.000000
interior
0  34.630360 -25.180506 60.243591  0.900048 -0.426806 0.088036  0.960449 0.007813 1 0 1.000000
0  34.612007 -24.453533 60.584774  0.977609 -0.068093 0.199109  0.959961 0.008301 1 0 1.000000
0  34.167049 -25.028967 61.792915  0.927957 -0.139805 0.345472  0.959961 0.008789 1 0 1.000000
interior
0  34.630360 -25.180506 60.243591  0.900048 -0.426806 0.088036  0.960449 0.007813 1 0 1.000000
0  34.850445 -24.575169 58.982189  0.977003 -0.207986 -0.046980  0.960449 0.007324 1 0 1.000000
0  34.612007 -24.453533 60.584774  0.977609 -0.068093 0.199109  0.959961 0.008301 1 0 1.000000
interior
0  34.830238 -23.853165 59.324368  0.926433 0.289419 0.240747  0.960449 0.007324 1 0 1.000000
0  34.612007 -24.453533 60.584774  0.977609 -0.068093 0.199109  0.959961 0.008301 1 0 1.000000
0  34.850445 -24.575169 58.982189  0.977003 -0.207986 -0.046980  0.960449 0.007324 1 0 1.000000
interior
0  34.850445 -24.575169 58.982189  0.977003 -0.207986 -0.046980  0.960449 0.007324 1 0 1.000000
0  34.851620 -23.997616 57.778244  0.995415 0.063821 -0.071247  0.960449 0.006348 1 0 1.000000
0  34.830238 -23.853165 59.324368  0.926433 0.289419 0.240747  0.960449 0.007324 1 0 1.000000
interior
0  34.830238 -23.280483 58.121998  0.762546 0.615466 0.199314  0.960449 0.006348 1 0 1.000000
0  34.830238 -23.853165 59.324368  0.926433 0.289419 0.240747  0.960449 0.007324 1 0 1.000000
0  34.851620 -23.997616 57.778244  0.995415 0.063821 -0.071247  0.960449 0.006348 1 0 1.000000
interior
0  34.183193 -25.760622 61.452049  0.861804 -0.455493 0.223204  0.959961 0.008789 1 0 1.000000
0  34.167049 -25.028967 61.792915  0.927957 -0.139805 0.345472  0.959961 0.008789 1 0 1.000000
0  33.311142 -25.701181 63.204231  0.835536 -0.217938 0.504364  0.959473 0.009766 1 0 1.000000
interior
0  33.323681 -26.439240 62.863182  0.716831 -0.625453 0.308160  0.959473 0.009277 1 0 1.000000
0  34.183193 -25.760622 61.452049  0.861804 -0.455493 0.223204  0.959961 0.008789 1 0 1.000000
0  33.311142 -25.701181 63.204231  0.835536 -0.217938 0.504364  0.959473 0.009766 1 0 1.000000
interior
0  31.911509 -26.358198 64.583572  0.680048 -0.298906 0.669470  0.958496 0.010742 1 0 1.000000
0  33.323681 -26.439240 62.863182  0.716831 -0.625453 0.308160  0.959473 0.009277 1 0 1.000000
0  33.311142 -25.701181 63.204231  0.835536 -0.217938 0.504364  0.959473 0.009766 1 0 1.000000
interior
0  31.920795 -27.100815 64.241760  0.552507 -0.703944 0.446317  0.958496 0.010254 1 0 1.000000
0  33.323681 -26.439240 62.863182  0.716831 -0.625453 0.308160  0.959473 0.009277 1 0 1.000000
0  31.911509 -26.358198 64.583572  0.680048 -0.298906 0.669470  0.958496 0.010742 1 0 1.000000
interior
0  31.920795 -27.100815 64.241760  0.552507 -0.703944 0.446317  0.958496 0.010254 1 0 1.000000
0  31.911509 -26.358198 64.583572  0.680048 -0.298906 0.669470  0.958496 0.010742 1 0 1.000000
0  30.163523 -26.857098 65.630974  0.482233 -0.362010 0.797746  0.957520 0.011230 1 0 1.000000
interior
0  30.163523 -26.857098 65.630974  0.482233 -0.362010 0.797746  0.957520 0.011230 1 0 1.000000
0  30.169249 -27.603815 65.288078  0.368556 -0.756523 0.540222  0.957520 0.010742 1 0 1.000000
0  31.920795 -27.100815 64.241760  0.552507 -0.703944 0.446317  0.958496 0.010254 1 0 1.000000
interior
0  30.163523 -26.857098 65.630974  0.482233 -0.362010 0.797746  0.957520 0.011230 1 0 1.000000
0  28.184261 -27.156288 66.259125  0.258780 -0.401849 0.878379  0.956055 0.011719 1 0 1.000000
0  30.169249 -27.603815 65.288078  0.368556 -0.756523 0.540222  0.957520 0.010742 1 0 1.000000
interior
0  28.186787 -27.905489 65.915283  0.169355 -0.773742 0.610444  0.956543 0.011230 1 0 1.000000
0  30.169249 -27.603815 65.288078  0.368556 -0.756523 0.540222  0.957520 0.010742 1 0 1.000000
0  28.184261 -27.156288 66.259125  0.258780 -0.401849 0.878379  0.956055 0.011719 1 0 1.000000
interior
0  28.184261 -27.156288 66.259125  0.258780 -0.401849 0.878379  0.956055 0.011719 1 0 1.000000
0  26.412100 -27.239904 66.434700  -0.000001 -0.416986 0.908913  0.955078 0.011719 1 0 1.000000
0  28.186787 -27.905489 65.915283  0.169355 -0.773742 0.610444  0.956543 0.011230 1 0 1.000000
interior
0  -5.456054 -44.539772 79.820381  0.000000 1.000000 0.000000  0.756348 0.007813 1 0 1.000000
0  -5.652464 -44.539772 80.199852  0.000000 1.000000 -0.000000  0.756348 0.007813 1 0 1.000000
0  -5.150591 -44.539772 80.087646  0.000000 1.000000 0.000000  0.756348 0.007813 1 0 1.000000
interior
0  -5.336223 -44.539772 80.405197  0.000000 1.000000 -0.000000  0.756348 0.007813 1 0 1.000000
0  -5.150591 -44.539772 80.087646  0.000000 1.000000 0.000000  0.756348 0.007813 1 0 1.000000
0  -5.652464 -44.539772 80.199852  0.000000 1.000000 -0.000000  0.756348 0.007813 1 0 1.000000
interior
0  -5.336223 -44.539772 80.405197  0.000000 1.000000 -0.000000  0.756348 0.007813 1 0 1.000000
0  -5.652464 -44.539772 80.199852  0.000000 1.000000 -0.000000  0.756348 0.007813 1 0 1.000000
0  -5.652825 -44.539772 82.649414  0.000000 1.000000 -0.000000  0.756348 0.007324 1 0 1.000000
interior
0  -5.336538 -44.539772 82.455116  0.000000 1.000000 0.000000  0.756348 0.007324 1 0 1.000000
0  -5.336223 -44.539772 80.405197  0.000000 1.000000 -0.000000  0.756348 0.007813 1 0 1.000000
0  -5.652825 -44.539772 82.649414  0.000000 1.000000 -0.000000  0.756348 0.007324 1 0 1.000000
interior
0  -5.336538 -44.539772 82.455116  0.000000 1.000000 0.000000  0.756348 0.007324 1 0 1.000000
0  -5.652825 -44.539772 82.649414  0.000000 1.000000 -0.000000  0.756348 0.007324 1 0 1.000000
0  -5.155958 -44.539772 82.812050  0.000000 1.000000 0.000000  0.756348 0.007324 1 0 1.000000
interior
0  -5.461737 -44.539772 83.075966  0.000000 1.000000 0.000001  0.756348 0.007324 1 0 1.000000
0  -5.155958 -44.539772 82.812050  0.000000 1.000000 0.000000  0.756348 0.007324 1 0 1.000000
0  -5.652825 -44.539772 82.649414  0.000000 1.000000 -0.000000  0.756348 0.007324 1 0 1.000000
interior
0  -5.461737 -44.539772 83.075966  0.000000 1.000000 0.000001  0.756348 0.007324 1 0 1.000000
0  -5.119472 -44.539772 83.328751  0.000000 1.000000 -0.000006  0.756348 0.007324 1 0 1.000000
0  -5.155958 -44.539772 82.812050  0.000000 1.000000 0.000000  0.756348 0.007324 1 0 1.000000
interior
0  -5.119472 -44.539772 83.328751  0.000000 1.000000 -0.000006  0.756348 0.007324 1 0 1.000000
0  -4.832546 -44.539772 83.023567  0.000000 1.000000 -0.000011  0.756348 0.007324 1 0 1.000000
0  -5.155958 -44.539772 82.812050  0.000000 1.000000 0.000000  0.756348 0.007324 1 0 1.000000
interior
0  -5.119472 -44.539772 83.328751  0.000000 1.000000 -0.000006  0.756348 0.007324 1 0 1.000000
0  5.320186 -44.539772 83.328751  0.000000 1.000000 0.000012  0.754883 0.007324 1 0 1.000000
0  -4.832546 -44.539772 83.023567  0.000000 1.000000 -0.000011  0.756348 0.007324 1 0 1.000000
interior
0  5.033215 -44.539772 83.023567  0.000000 1.000000 0.000022  0.754883 0.007324 1 0 1.000000
0  -4.832546 -44.539772 83.023567  0.000000 1.000000 -0.000011  0.756348 0.007324 1 0 1.000000
0  5.320186 -44.539772 83.328751  0.000000 1.000000 0.000012  0.754883 0.007324 1 0 1.000000
interior
0  5.033215 -44.539772 83.023567  0.000000 1.000000 0.000022  0.754883 0.007324 1 0 1.000000
0  5.320186 -44.539772 83.328751  0.000000 1.000000 0.000012  0.754883 0.007324 1 0 1.000000
0  5.356627 -44.539772 82.812050  0.000000 1.000000 -0.000006  0.754883 0.007324 1 0 1.000000
interior
0  5.662404 -44.539772 83.075966  0.000000 1.000000 0.000004  0.754883 0.007324 1 0 1.000000
0  5.356627 -44.539772 82.812050  0.000000 1.000000 -0.000006  0.754883 0.007324 1 0 1.000000
0  5.320186 -44.539772 83.328751  0.000000 1.000000 0.000012  0.754883 0.007324 1 0 1.000000
interior
0  5.662404 -44.539772 83.075966  0.000000 1.000000 0.000004  0.754883 0.007324 1 0 1.000000
0  5.853494 -44.539772 82.649414  0.000000 1.000000 -0.000008  0.754883 0.007324 1 0 1.000000
0  5.356627 -44.539772 82.812050  0.000000 1.000000 -0.000006  0.754883 0.007324 1 0 1.000000
interior
0  5.537207 -44.539772 82.455116  0.000000 1.000000 -0.000011  0.754883 0.007324 1 0 1.000000
0  5.356627 -44.539772 82.812050  0.000000 1.000000 -0.000006  0.754883 0.007324 1 0 1.000000
0  5.853494 -44.539772 82.649414  0.000000 1.000000 -0.000008  0.754883 0.007324 1 0 1.000000
interior
0  5.537207 -44.539772 82.455116  0.000000 1.000000 -0.000011  0.754883 0.007324 1 0 1.000000
0  5.853494 -44.539772 82.649414  0.000000 1.000000 -0.000008  0.754883 0.007324 1 0 1.000000
0  5.536891 -44.539772 80.405197  0.000000 1.000000 0.000001  0.754883 0.007813 1 0 1.000000
interior
0  5.536891 -44.539772 80.405197  0.000000 1.000000 0.000001  0.754883 0.007813 1 0 1.000000
0  5.853494 -44.539772 82.649414  0.000000 1.000000 -0.000008  0.754883 0.007324 1 0 1.000000
0  5.853179 -44.539772 80.199852  0.000000 1.000000 0.000001  0.754883 0.007813 1 0 1.000000
interior
0  5.351260 -44.539772 80.087646  0.000000 1.000000 -0.000000  0.754883 0.007813 1 0 1.000000
0  5.536891 -44.539772 80.405197  0.000000 1.000000 0.000001  0.754883 0.007813 1 0 1.000000
0  5.853179 -44.539772 80.199852  0.000000 1.000000 0.000001  0.754883 0.007813 1 0 1.000000
interior
0  5.656723 -44.539772 79.820381  0.000000 1.000000 0.000002  0.754883 0.007813 1 0 1.000000
0  5.351260 -44.539772 80.087646  0.000000 1.000000 -0.000000  0.754883 0.007813 1 0 1.000000
0  5.853179 -44.539772 80.199852  0.000000 1.000000 0.000001  0.754883 0.007813 1 0 1.000000
interior
0  5.656723 -44.539772 79.820381  0.000000 1.000000 0.000002  0.754883 0.007813 1 0 1.000000
0  5.320141 -44.539772 79.602142  0.000000 1.000000 -0.000006  0.754883 0.007813 1 0 1.000000
0  5.351260 -44.539772 80.087646  0.000000 1.000000 -0.000000  0.754883 0.007813 1 0 1.000000
interior
0  5.033215 -44.539772 79.905037  0.000000 1.000000 -0.000013  0.754883 0.007813 1 0 1.000000
0  5.351260 -44.539772 80.087646  0.000000 1.000000 -0.000000  0.754883 0.007813 1 0 1.000000
0  5.320141 -44.539772 79.602142  0.000000 1.000000 -0.000006  0.754883 0.007813 1 0 1.000000
interior
0  5.320141 -44.539772 79.602142  0.000000 1.000000 -0.000006  0.754883 0.007813 1 0 1.000000
0  -5.119472 -44.539772 79.602142  0.000000 1.000000 -0.000000  0.756348 0.007813 1 0 1.000000
0  5.033215 -44.539772 79.905037  0.000000 1.000000 -0.000013  0.754883 0.007813 1 0 1.000000
interior
0  -4.832501 -44.539772 79.905037  0.000000 1.000000 0.000000  0.756348 0.007813 1 0 1.000000
0  5.033215 -44.539772 79.905037  0.000000 1.000000 -0.000013  0.754883 0.007813 1 0 1.000000
0  -5.119472 -44.539772 79.602142  0.000000 1.000000 -0.000000  0.756348 0.007813 1 0 1.000000
interior
0  -5.119472 -44.539772 79.602142  0.000000 1.000000 -0.000000  0.756348 0.007813 1 0 1.000000
0  -5.150591 -44.539772 80.087646  0.000000 1.000000 0.000000  0.756348 0.007813 1 0 1.000000
0  -4.832501 -44.539772 79.905037  0.000000 1.000000 0.000000  0.756348 0.007813 1 0 1.000000
interior
0  -5.119472 -44.539772 79.602142  0.000000 1.000000 -0.000000  0.756348 0.007813 1 0 1.000000
0  -5.456054 -44.539772 79.820381  0.000000 1.000000 0.000000  0.756348 0.007813 1 0 1.000000
0  -5.150591 -44.539772 80.087646  0.000000 1.000000 0.000000  0.756348 0.007813 1 0 1.000000
interior
0  -0.180030 -45.828140 81.754898  -1.000000 -0.000001 0.000000  0.755859 0.007813 1 0 1.000000
0  -0.180030 -45.828140 81.173424  -1.000000 -0.000001 0.000000  0.755859 0.007813 1 0 1.000000
0  -0.180029 -46.940037 81.754898  -1.000000 -0.000001 0.000000  0.755859 0.007813 1 0 1.000000
interior
0  -0.180029 -47.521420 81.173424  -1.000000 -0.000000 0.000000  0.755859 0.007813 1 0 1.000000
0  -0.180029 -46.940037 81.754898  -1.000000 -0.000000 0.000000  0.755859 0.007813 1 0 1.000000
0  -0.180030 -45.828140 81.173424  -1.000000 -0.000001 0.000001  0.755859 0.007813 1 0 1.000000
interior
0  -0.180029 -46.940037 81.754898  -1.000000 -0.000000 0.000000  0.755859 0.007813 1 0 1.000000
0  -0.180029 -47.521420 81.173424  -1.000000 -0.000000 0.000000  0.755859 0.007813 1 0 1.000000
0  -0.180029 -47.339439 81.996132  -1.000000 0.000000 0.000000  0.755859 0.007324 1 0 1.000000
interior
0  -0.180029 -47.920826 81.414703  -1.000000 0.000000 0.000000  0.755859 0.007813 1 0 1.000000
0  -0.180029 -47.339439 81.996132  -1.000000 0.000000 0.000000  0.755859 0.007324 1 0 1.000000
0  -0.180029 -47.521420 81.173424  -1.000000 -0.000000 0.000000  0.755859 0.007813 1 0 1.000000
interior
0  -0.180029 -47.920826 81.414703  -1.000000 0.000000 0.000000  0.755859 0.007813 1 0 1.000000
0  -0.180029 -48.102848 81.754898  -1.000000 0.000000 0.000000  0.755859 0.007813 1 0 1.000000
0  -0.180029 -47.339439 81.996132  -1.000000 0.000000 0.000000  0.755859 0.007324 1 0 1.000000
interior
0  -0.180029 -47.521420 82.336288  -1.000000 0.000000 0.000000  0.755859 0.007324 1 0 1.000000
0  -0.180029 -47.339439 81.996132  -1.000000 0.000000 0.000000  0.755859 0.007324 1 0 1.000000
0  -0.180029 -48.102848 81.754898  -1.000000 0.000000 0.000000  0.755859 0.007813 1 0 1.000000
interior
0  -0.180029 -47.521420 82.336288  -1.000000 0.000000 0.000000  0.755859 0.007324 1 0 1.000000
0  -0.180029 -48.102848 81.754898  -1.000000 0.000000 0.000000  0.755859 0.007813 1 0 1.000000
0  -0.180029 -48.160080 85.781464  -1.000000 0.000000 0.000000  0.755859 0.006836 1 0 1.000000
interior
0  -0.180029 -47.521420 85.781464  -1.000000 0.000000 0.000000  0.755859 0.006836 1 0 1.000000
0  -0.180029 -47.521420 82.336288  -1.000000 0.000000 0.000000  0.755859 0.007324 1 0 1.000000
0  -0.180029 -48.160080 85.781464  -1.000000 0.000000 0.000000  0.755859 0.006836 1 0 1.000000
interior
0  -0.180030 -45.828140 81.173424  0.000000 0.000000 -1.000000  0.755859 0.007813 1 0 1.000000
0  0.380699 -45.828140 81.173424  0.000000 0.000000 -1.000000  0.755859 0.007813 1 0 1.000000
0  -0.180029 -47.521420 81.173424  0.000003 -0.267414 -0.963582  0.755859 0.007813 1 0 1.000000
interior
0  0.380699 -47.521420 81.173424  0.000000 -0.356310 -0.934368  0.755859 0.007813 1 0 1.000000
0  -0.180029 -47.521420 81.173424  0.000003 -0.267519 -0.963552  0.755859 0.007813 1 0 1.000000
0  0.380699 -45.828140 81.173424  0.000000 0.000000 -1.000000  0.755859 0.007813 1 0 1.000000
interior
0  0.380699 -47.521420 81.173424  0.000000 -0.356310 -0.934368  0.755859 0.007813 1 0 1.000000
0  -0.180029 -47.920826 81.414703  0.000000 -0.659549 -0.751661  0.755859 0.007813 1 0 1.000000
0  -0.180029 -47.521420 81.173424  0.000003 -0.267519 -0.963552  0.755859 0.007813 1 0 1.000000
interior
0  0.380699 -47.521420 81.173424  0.000000 -0.356310 -0.934368  0.755859 0.007813 1 0 1.000000
0  0.380699 -47.920826 81.414703  0.000000 -0.785014 -0.619478  0.755859 0.007813 1 0 1.000000
0  -0.180029 -47.920826 81.414703  0.000000 -0.659549 -0.751661  0.755859 0.007813 1 0 1.000000
interior
0  0.380699 -47.920826 81.414703  0.000000 -0.785014 -0.619478  0.755859 0.007813 1 0 1.000000
0  -0.180029 -48.102848 81.754898  0.000000 -0.968228 -0.250071  0.755859 0.007813 1 0 1.000000
0  -0.180029 -47.920826 81.414703  0.000000 -0.659549 -0.751661  0.755859 0.007813 1 0 1.000000
interior
0  0.380699 -47.920826 81.414703  0.000000 -0.785014 -0.619478  0.755859 0.007813 1 0 1.000000
0  0.380699 -48.102848 81.754898  0.000000 -0.968227 -0.250073  0.755859 0.007813 1 0 1.000000
0  -0.180029 -48.102848 81.754898  0.000000 -0.968228 -0.250071  0.755859 0.007813 1 0 1.000000
interior
0  0.380699 -48.102848 81.754898  0.000000 -0.968227 -0.250073  0.755859 0.007813 1 0 1.000000
0  0.380699 -48.160080 85.781464  0.000000 -0.999899 -0.014213  0.755859 0.006836 1 0 1.000000
0  -0.180029 -48.102848 81.754898  0.000000 -0.968228 -0.250071  0.755859 0.007813 1 0 1.000000
interior
0  0.380699 -48.160080 85.781464  0.000000 -0.999899 -0.014213  0.755859 0.006836 1 0 1.000000
0  -0.180029 -48.160080 85.781464  0.000000 -0.999899 -0.014213  0.755859 0.006836 1 0 1.000000
0  -0.180029 -48.102848 81.754898  0.000000 -0.968228 -0.250071  0.755859 0.007813 1 0 1.000000
interior
0  9.609148 -37.389210 35.212376  0.978039 0.168572 0.122573  0.754395 0.014160 1 0 1.000000
0  10.325650 -33.569782 24.242477  0.977201 0.181959 0.109404  0.754395 0.015625 1 0 1.000000
0  7.301379 -23.561234 34.609295  0.918658 0.382583 0.098477  0.754883 0.014160 1 0 1.000000
interior
0  8.410073 -23.507696 23.306065  0.887151 0.456030 0.070710  0.754395 0.015625 1 0 1.000000
0  7.301379 -23.561234 34.609295  0.918658 0.382583 0.098477  0.754883 0.014160 1 0 1.000000
0  10.325650 -33.569782 24.242477  0.977201 0.181959 0.109404  0.754395 0.015625 1 0 1.000000
interior
0  7.301379 -23.561234 34.609295  0.918658 0.382583 0.098477  0.754883 0.014160 1 0 1.000000
0  8.410073 -23.507696 23.306065  0.887151 0.456030 0.070710  0.754395 0.015625 1 0 1.000000
0  5.770414 -21.323643 34.434223  0.610167 0.792045 0.018987  0.754883 0.014160 1 0 1.000000
interior
0  5.592359 -21.253647 23.306608  0.560773 0.827969 -0.000902  0.754883 0.015625 1 0 1.000000
0  5.770414 -21.323643 34.434223  0.610167 0.792045 0.018987  0.754883 0.014160 1 0 1.000000
0  8.410073 -23.507696 23.306065  0.887151 0.456030 0.070710  0.754395 0.015625 1 0 1.000000
interior
0  5.770414 -21.323643 34.434223  0.610167 0.792045 0.018987  0.754883 0.014160 1 0 1.000000
0  5.592359 -21.253647 23.306608  0.560773 0.827969 -0.000902  0.754883 0.015625 1 0 1.000000
0  3.369741 -20.034414 34.353489  0.253990 0.967183 0.006751  0.755371 0.014160 1 0 1.000000
interior
0  5.592359 -21.253647 23.306608  0.560773 0.827969 -0.000902  0.754883 0.015625 1 0 1.000000
0  3.377002 -19.928654 23.306694  0.265969 0.963935 0.009505  0.755371 0.015625 1 0 1.000000
0  3.369741 -20.034414 34.353489  0.253990 0.967183 0.006751  0.755371 0.014160 1 0 1.000000
interior
0  3.377002 -19.928654 23.306694  0.265969 0.963935 0.009505  0.755371 0.015625 1 0 1.000000
0  -7.523489 -19.953098 23.304619  -0.269102 0.963067 0.009287  0.756836 0.015625 1 0 1.000000
0  3.369741 -20.034414 34.353489  0.253990 0.967183 0.006751  0.755371 0.014160 1 0 1.000000
interior
0  -7.530704 -20.062691 34.351910  -0.268409 0.963267 0.008511  0.756836 0.014160 1 0 1.000000
0  3.369741 -20.034414 34.353489  0.253990 0.967183 0.006751  0.755371 0.014160 1 0 1.000000
0  -7.523489 -19.953098 23.304619  -0.269102 0.963067 0.009287  0.756836 0.015625 1 0 1.000000
interior
0  -9.731946 -21.287428 23.302774  -0.699057 0.715052 0.004549  0.757324 0.015625 1 0 1.000000
0  -7.530704 -20.062691 34.351910  -0.268409 0.963267 0.008511  0.756836 0.014160 1 0 1.000000
0  -7.523489 -19.953098 23.304619  -0.269102 0.963067 0.009287  0.756836 0.015625 1 0 1.000000
interior
0  -7.530704 -20.062691 34.351910  -0.268409 0.963267 0.008511  0.756836 0.014160 1 0 1.000000
0  -9.731946 -21.287428 23.302774  -0.699057 0.715052 0.004549  0.757324 0.015625 1 0 1.000000
0  -9.789449 -21.399096 34.430023  -0.701807 0.712349 0.005083  0.757324 0.014160 1 0 1.000000
interior
0  -9.731946 -21.287428 23.302774  -0.699057 0.715052 0.004549  0.757324 0.015625 1 0 1.000000
0  -11.154535 -23.547161 23.299978  -0.908209 0.418493 0.004439  0.757324 0.015625 1 0 1.000000
0  -9.789449 -21.399096 34.430023  -0.701807 0.712349 0.005083  0.757324 0.014160 1 0 1.000000
interior
0  -11.129007 -23.651974 34.602261  -0.928731 0.366616 0.055248  0.757324 0.014160 1 0 1.000000
0  -9.789449 -21.399096 34.430023  -0.701807 0.712349 0.005083  0.757324 0.014160 1 0 1.000000
0  -11.154535 -23.547161 23.299978  -0.908209 0.418493 0.004439  0.757324 0.015625 1 0 1.000000
interior
0  -11.154535 -23.547161 23.299978  -0.908209 0.418493 0.004439  0.757324 0.015625 1 0 1.000000
0  -14.332641 -33.346672 24.214243  -0.971984 0.211653 0.102229  0.757813 0.015625 1 0 1.000000
0  -11.129007 -23.651974 34.602261  -0.928731 0.366616 0.055248  0.757324 0.014160 1 0 1.000000
interior
0  -12.575003 -37.464527 35.185631  -0.974086 0.110314 0.197454  0.757324 0.014160 1 0 1.000000
0  -11.129007 -23.651974 34.602261  -0.928731 0.366616 0.055248  0.757324 0.014160 1 0 1.000000
0  -14.332641 -33.346672 24.214243  -0.971984 0.211653 0.102229  0.757813 0.015625 1 0 1.000000
interior
0  0.380699 -45.828140 81.754898  1.000000 0.000000 0.000000  0.755859 0.007813 1 0 1.000000
0  0.380699 -46.940037 81.754898  1.000000 0.000000 0.000000  0.755859 0.007813 1 0 1.000000
0  0.380699 -45.828140 81.173424  1.000000 0.000000 0.000000  0.755859 0.007813 1 0 1.000000
interior
0  0.380699 -46.940037 81.754898  1.000000 0.000000 0.000000  0.755859 0.007813 1 0 1.000000
0  0.380699 -47.521420 81.173424  1.000000 0.000000 0.000000  0.755859 0.007813 1 0 1.000000
0  0.380699 -45.828140 81.173424  1.000000 0.000000 0.000000  0.755859 0.007813 1 0 1.000000
interior
0  0.380699 -47.339439 81.996132  1.000000 0.000000 0.000000  0.755859 0.007324 1 0 1.000000
0  0.380699 -47.521420 81.173424  1.000000 0.000000 0.000000  0.755859 0.007813 1 0 1.000000
0  0.380699 -46.940037 81.754898  1.000000 0.000000 0.000000  0.755859 0.007813 1 0 1.000000
interior
0  0.380699 -47.521420 81.173424  1.000000 0.000000 0.000000  0.755859 0.007813 1 0 1.000000
0  0.380699 -47.339439 81.996132  1.000000 0.000000 0.000000  0.755859 0.007324 1 0 1.000000
0  0.380699 -47.920826 81.414703  1.000000 0.000000 0.000000  0.755859 0.007813 1 0 1.000000
interior
0  0.380699 -47.920826 81.414703  1.000000 0.000000 0.000000  0.755859 0.007813 1 0 1.000000
0  0.380699 -47.339439 81.996132  1.000000 0.000000 0.000000  0.755859 0.007324 1 0 1.000000
0  0.380699 -48.102848 81.754898  1.000000 0.000000 0.000000  0.755859 0.007813 1 0 1.000000
interior
0  0.380699 -47.521420 82.336288  1.000000 0.000000 0.000000  0.755859 0.007324 1 0 1.000000
0  0.380699 -48.102848 81.754898  1.000000 0.000000 0.000000  0.755859 0.007813 1 0 1.000000
0  0.380699 -47.339439 81.996132  1.000000 0.000000 0.000000  0.755859 0.007324 1 0 1.000000
interior
0  0.380699 -48.102848 81.754898  1.000000 0.000000 0.000000  0.755859 0.007813 1 0 1.000000
0  0.380699 -47.521420 82.336288  1.000000 0.000000 0.000000  0.755859 0.007324 1 0 1.000000
0  0.380699 -48.160080 85.781464  1.000000 0.000000 0.000000  0.755859 0.006836 1 0 1.000000
interior
0  0.380699 -47.521420 85.781464  1.000000 0.000000 0.000000  0.755859 0.006836 1 0 1.000000
0  0.380699 -48.160080 85.781464  1.000000 0.000000 0.000000  0.755859 0.006836 1 0 1.000000
0  0.380699 -47.521420 82.336288  1.000000 0.000000 0.000000  0.755859 0.007324 1 0 1.000000
interior
0  37.770264 6.463531 37.809860  0.969941 0.220349 -0.103248  0.850098 0.149414 1 0 1.000000
0  38.736938 -2.990647 37.809860  0.998458 0.054542 0.010313  0.850098 0.149414 1 0 1.000000
0  39.293240 8.323545 26.283880  0.996581 0.029580 0.077142  0.850098 0.149414 1 0 1.000000
interior
0  38.736938 -2.990647 37.809860  0.998461 0.054495 0.010306  0.850098 0.149414 1 0 1.000000
0  38.296085 -15.083853 26.307602  0.992796 -0.119811 0.001568  0.850586 0.149414 1 0 1.000000
0  39.293240 8.323545 26.283880  0.996593 0.029464 0.077028  0.850098 0.149414 1 0 1.000000
interior
0  38.296085 -15.083853 38.485592  0.992950 -0.118535 -0.000003  0.850586 0.149414 1 0 1.000000
0  38.296085 -15.083853 26.307602  0.992796 -0.119811 0.001568  0.850586 0.149414 1 0 1.000000
0  38.736938 -2.990647 37.809860  0.998461 0.054495 0.010306  0.850098 0.149414 1 0 1.000000
interior
0  38.296085 -15.083853 26.307602  0.992796 -0.119811 0.001568  0.850586 0.149414 1 0 1.000000
0  38.296085 -15.083853 38.485592  0.992950 -0.118535 -0.000003  0.850586 0.149414 1 0 1.000000
0  37.172012 -20.601931 26.319506  0.929866 -0.367899 0.000006  0.850586 0.149414 1 0 1.000000
interior
0  37.172012 -20.601931 38.824337  0.929866 -0.367897 0.000002  0.850586 0.149414 1 0 1.000000
0  37.172012 -20.601931 26.319506  0.929866 -0.367899 0.000006  0.850586 0.149414 1 0 1.000000
0  38.296085 -15.083853 38.485592  0.992950 -0.118535 -0.000003  0.850586 0.149414 1 0 1.000000
interior
0  -0.180030 -45.828140 81.754898  0.000000 0.000000 1.000000  0.755859 0.007813 1 0 1.000000
0  -0.180029 -46.940037 81.754898  0.000000 0.268353 0.963321  0.755859 0.007813 1 0 1.000000
0  0.380699 -45.828140 81.754898  0.000000 0.000000 1.000000  0.755859 0.007813 1 0 1.000000
interior
0  -0.180029 -46.940037 81.754898  0.000000 0.268353 0.963321  0.755859 0.007813 1 0 1.000000
0  0.380699 -46.940037 81.754898  0.000000 0.268339 0.963325  0.755859 0.007813 1 0 1.000000
0  0.380699 -45.828140 81.754898  0.000000 0.000000 1.000000  0.755859 0.007813 1 0 1.000000
interior
0  0.380699 -46.940037 81.754898  0.000000 0.268339 0.963325  0.755859 0.007813 1 0 1.000000
0  -0.180029 -46.940037 81.754898  0.000000 0.268353 0.963321  0.755859 0.007813 1 0 1.000000
0  0.380699 -47.339439 81.996132  0.000000 0.659775 0.751463  0.755859 0.007324 1 0 1.000000
interior
0  -0.180029 -47.339439 81.996132  -0.000012 0.784815 0.619730  0.755859 0.007324 1 0 1.000000
0  0.380699 -47.339439 81.996132  0.000000 0.659775 0.751463  0.755859 0.007324 1 0 1.000000
0  -0.180029 -46.940037 81.754898  0.000000 0.268353 0.963321  0.755859 0.007813 1 0 1.000000
interior
0  0.380699 -47.521420 82.336288  0.000000 0.969985 0.243163  0.755859 0.007324 1 0 1.000000
0  0.380699 -47.339439 81.996132  0.000000 0.659775 0.751463  0.755859 0.007324 1 0 1.000000
0  -0.180029 -47.339439 81.996132  -0.000012 0.784815 0.619730  0.755859 0.007324 1 0 1.000000
interior
0  0.380699 -47.521420 82.336288  0.000000 0.969985 0.243163  0.755859 0.007324 1 0 1.000000
0  -0.180029 -47.339439 81.996132  -0.000012 0.784815 0.619730  0.755859 0.007324 1 0 1.000000
0  -0.180029 -47.521420 82.336288  0.000000 0.969985 0.243164  0.755859 0.007324 1 0 1.000000
interior
0  0.380699 -47.521420 82.336288  0.000000 0.969985 0.243163  0.755859 0.007324 1 0 1.000000
0  -0.180029 -47.521420 82.336288  0.000000 0.969985 0.243164  0.755859 0.007324 1 0 1.000000
0  -0.180029 -47.521420 85.781464  0.000000 1.000000 0.000000  0.755859 0.006836 1 0 1.000000
interior
0  0.380699 -47.521420 85.781464  0.000000 1.000000 0.000000  0.755859 0.006836 1 0 1.000000
0  0.380699 -47.521420 82.336288  0.000000 0.969985 0.243163  0.755859 0.007324 1 0 1.000000
0  -0.180029 -47.521420 85.781464  0.000000 1.000000 0.000000  0.755859 0.006836 1 0 1.000000
interior
0  30.127487 -39.105804 45.968273  0.999999 0.000777 0.001414  0.956055 0.006348 1 0 1.000000
0  30.106064 -26.484430 54.178860  0.999999 0.000143 -0.001535  0.956055 0.005859 1 0 1.000000
0  30.112921 -40.968071 57.292252  0.999999 0.000181 -0.001360  0.956055 0.005859 1 0 1.000000
interior
0  30.121489 -28.385128 58.143154  0.999992 -0.000405 -0.004085  0.956055 0.005859 1 0 1.000000
0  30.112921 -40.968071 57.292252  0.999999 0.000181 -0.001360  0.956055 0.005859 1 0 1.000000
0  30.106064 -26.484430 54.178860  0.999999 0.000143 -0.001535  0.956055 0.005859 1 0 1.000000
interior
0  22.559793 -40.968075 57.292255  -0.000001 -0.067469 0.997721  0.956543 0.005859 1 0 1.000000
0  30.112921 -40.968071 57.292252  -0.000001 -0.067469 0.997721  0.956055 0.005859 1 0 1.000000
0  22.556637 -28.385128 58.143158  -0.000001 -0.067469 0.997721  0.956543 0.005859 1 0 1.000000
interior
0  30.121489 -28.385128 58.143154  0.000000 -0.067469 0.997721  0.956055 0.005859 1 0 1.000000
0  22.556637 -28.385128 58.143158  0.000000 -0.067469 0.997721  0.956543 0.005859 1 0 1.000000
0  30.112921 -40.968071 57.292252  0.000000 -0.067469 0.997721  0.956055 0.005859 1 0 1.000000
interior
0  30.121489 -28.385128 58.143154  0.000000 0.901715 0.432330  0.956055 0.005859 1 0 1.000000
0  30.106064 -26.484430 54.178860  0.000000 0.901715 0.432331  0.956055 0.005859 1 0 1.000000
0  22.556637 -28.385128 58.143158  0.000000 0.901715 0.432331  0.956543 0.005859 1 0 1.000000
interior
0  22.561913 -26.484430 54.178864  0.000000 0.901715 0.432331  0.956543 0.005859 1 0 1.000000
0  22.556637 -28.385128 58.143158  0.000000 0.901715 0.432331  0.956543 0.005859 1 0 1.000000
0  30.106064 -26.484430 54.178860  0.000000 0.901715 0.432331  0.956055 0.005859 1 0 1.000000
interior
0  30.127487 -39.105804 45.968273  -0.000001 0.545301 -0.838240  0.956055 0.006348 1 0 1.000000
0  22.552576 -39.105808 45.968277  -0.000001 0.545301 -0.838240  0.956543 0.006348 1 0 1.000000
0  30.106064 -26.484430 54.178860  -0.000001 0.545301 -0.838240  0.956055 0.005859 1 0 1.000000
interior
0  22.561913 -26.484430 54.178864  0.000000 0.545301 -0.838241  0.956543 0.005859 1 0 1.000000
0  30.106064 -26.484430 54.178860  0.000000 0.545301 -0.838241  0.956055 0.005859 1 0 1.000000
0  22.552576 -39.105808 45.968277  0.000000 0.545301 -0.838241  0.956543 0.006348 1 0 1.000000
misc
0  1.367939 -16.822874 47.330135  0.547646 -0.593944 -0.589334  0.601027 0.410224 1 0 1.000000
0  0.835760 -16.245594 46.757366  0.000000 0.000000 1.000000  0.600902 0.407899 1 0 1.000000
0  0.835760 -16.245594 46.757366  0.644427 -0.699041 0.309928  0.601027 0.407899 1 0 1.000000
misc
0  10.342838 3.251136 45.611824  -0.010610 -0.041588 0.999078  0.698002 0.397774 1 0 1.000000
0  10.333818 2.840728 45.611824  -0.010606 -0.041609 0.999078  0.677977 0.397774 1 0 1.000000
0  10.730699 2.840728 45.611824  -0.010610 -0.041581 0.999079  0.677977 0.377249 1 0 1.000000
misc
0  10.730699 2.840728 45.611824  -0.010610 -0.041581 0.999079  0.677977 0.377249 1 0 1.000000
0  10.726188 3.251136 45.634377  -0.010614 -0.041603 0.999078  0.698002 0.377249 1 0 1.000000
0  10.342838 3.251136 45.611824  -0.010610 -0.041588 0.999078  0.698002 0.397774 1 0 1.000000
misc
0  0.709479 -10.671234 44.727867  -0.998659 0.009399 0.050903  0.677977 0.377249 1 0 1.000000
0  0.745559 -10.572015 45.124744  -0.998602 0.009367 0.052018  0.677977 0.397774 1 0 1.000000
0  0.727519 -10.188664 44.993954  -0.998496 0.009506 0.053997  0.698002 0.397774 1 0 1.000000
misc
0  0.727519 -10.188664 44.993954  -0.998496 0.009506 0.053997  0.698002 0.397774 1 0 1.000000
0  0.704969 -10.278864 44.642174  -0.998554 0.009484 0.052916  0.698002 0.377249 1 0 1.000000
0  0.709479 -10.671234 44.727867  -0.998659 0.009399 0.050903  0.677977 0.377249 1 0 1.000000
misc
0  0.492998 -5.583954 44.222744  -0.997629 0.009905 0.068109  0.698002 0.397774 1 0 1.000000
0  0.470448 -5.579444 43.825871  -0.997629 0.009901 0.068105  0.698002 0.377249 1 0 1.000000
0  0.470448 -5.985344 43.825871  -0.997631 0.009883 0.068075  0.677977 0.377249 1 0 1.000000
misc
0  0.470448 -5.985344 43.825871  -0.997631 0.009883 0.068075  0.677977 0.377249 1 0 1.000000
0  0.492998 -5.985344 44.245293  -0.997629 0.009906 0.068111  0.677977 0.397774 1 0 1.000000
0  0.492998 -5.583954 44.222744  -0.997629 0.009905 0.068109  0.698002 0.397774 1 0 1.000000
misc
0  0.750069 -14.401005 45.720066  -0.999454 0.008956 0.031794  0.677977 0.377249 1 0 1.000000
0  0.799679 -14.310804 46.094398  -0.999420 0.008946 0.032871  0.677977 0.397774 1 0 1.000000
0  0.799679 -13.918434 46.008705  -0.999358 0.009014 0.034665  0.698002 0.397774 1 0 1.000000
misc
0  0.799679 -13.918434 46.008705  -0.999358 0.009014 0.034665  0.698002 0.397774 1 0 1.000000
0  0.750069 -14.008636 45.634377  -0.999390 0.008930 0.033753  0.698002 0.377249 1 0 1.000000
0  0.750069 -14.401005 45.720066  -0.999454 0.008956 0.031794  0.677977 0.377249 1 0 1.000000
misc
0  10.829919 5.979689 45.697517  -0.011051 -0.041850 0.999063  0.596202 0.403624 1 0 1.000000
0  1.241658 6.024787 45.589275  -0.010886 -0.041752 0.999069  0.603027 0.403574 1 0 1.000000
0  1.268718 -2.336754 45.237495  -0.010885 -0.041753 0.999069  0.603027 0.412949 1 0 1.000000
misc
0  1.268718 -2.336754 45.237495  -0.010782 -0.041667 0.999073  0.603027 0.412949 1 0 1.000000
0  10.852469 -2.305183 45.345737  -0.010628 -0.041642 0.999076  0.596002 0.412949 1 0 1.000000
0  10.829919 5.979689 45.697517  -0.010903 -0.041824 0.999066  0.596202 0.403624 1 0 1.000000
misc
0  -9.189971 -15.118094 56.489948  -0.793866 -0.568438 -0.215996  0.748052 0.477349 1 0 1.000000
0  -8.901332 -15.172215 55.763836  -0.793911 -0.568411 -0.215902  0.747927 0.477299 1 0 1.000000
0  -8.373660 -15.744986 55.321854  -0.793913 -0.568402 -0.215920  0.747927 0.477224 1 0 1.000000
misc
0  -9.189971 -15.118094 56.489948  -0.793866 -0.568438 -0.215996  0.748052 0.477349 1 0 1.000000
0  -8.373660 -15.744986 55.321854  -0.793913 -0.568402 -0.215920  0.747927 0.477224 1 0 1.000000
0  -7.142430 -17.413683 55.168522  -0.793908 -0.568402 -0.215938  0.747802 0.476949 1 0 1.000000
misc
0  -9.189971 -15.118094 56.489948  -0.793866 -0.568438 -0.215996  0.748052 0.477349 1 0 1.000000
0  -7.142430 -17.413683 55.168522  -0.793908 -0.568402 -0.215938  0.747802 0.476949 1 0 1.000000
0  -2.542230 -23.804356 55.078316  -0.793913 -0.568406 -0.215907  0.747802 0.475949 1 0 1.000000
misc
0  -2.542230 -23.804356 55.078316  -0.793913 -0.568406 -0.215907  0.747802 0.475949 1 0 1.000000
0  -0.999810 -26.501337 56.359154  -0.793894 -0.568404 -0.215983  0.748052 0.475574 1 0 1.000000
0  -9.189971 -15.118094 56.489948  -0.793866 -0.568438 -0.215996  0.748052 0.477349 1 0 1.000000
misc
0  -1.595129 -25.157356 55.168522  -0.793911 -0.568401 -0.215928  0.747802 0.475749 1 0 1.000000
0  -0.999810 -26.501337 56.359154  -0.793894 -0.568404 -0.215983  0.748052 0.475574 1 0 1.000000
0  -2.542230 -23.804356 55.078316  -0.793913 -0.568406 -0.215907  0.747802 0.475949 1 0 1.000000
misc
0  -1.595129 -25.157356 55.168522  -0.793911 -0.568401 -0.215928  0.747802 0.475749 1 0 1.000000
0  -1.031379 -26.036804 55.412056  -0.793907 -0.568413 -0.215913  0.747927 0.475624 1 0 1.000000
0  -0.999810 -26.501337 56.359154  -0.793894 -0.568404 -0.215983  0.748052 0.475574 1 0 1.000000
misc
0  0.010431 -25.874445 54.771637  0.811639 0.584160 0.000012  0.748902 0.477274 1 0 1.000000
0  -8.441312 -14.134915 54.771637  0.811670 0.584116 0.000003  0.748902 0.479874 1 0 1.000000
0  -8.581120 -14.238646 55.037724  0.000060 0.000026 1.000000  0.748902 0.479874 1 0 1.000000
misc
0  -8.581120 -14.238646 55.037724  0.000060 0.000026 1.000000  0.748902 0.479874 1 0 1.000000
0  -0.138399 -25.982687 55.037724  0.000093 0.000012 1.000000  0.748902 0.477274 1 0 1.000000
0  0.010431 -25.874445 54.771637  0.811639 0.584160 0.000012  0.748902 0.477274 1 0 1.000000
misc
0  -0.169969 -26.181128 55.037724  0.000104 0.000003 1.000000  0.748902 0.477249 1 0 1.000000
0  -0.138399 -25.982687 55.037724  0.000093 0.000012 1.000000  0.748902 0.477274 1 0 1.000000
0  -1.960440 -27.470985 55.037724  0.000050 0.000049 1.000000  0.748427 0.477249 1 0 1.000000
misc
0  -10.574540 -15.496936 55.037724  -0.000066 0.000002 1.000000  0.748427 0.479899 1 0 1.000000
0  -10.827099 -15.451837 54.749092  -0.875537 0.483151 0.000001  0.748427 0.479924 1 0 1.000000
0  -16.822294 -15.952446 54.749092  -0.483453 -0.875370 0.000023  0.748427 0.479874 1 0 1.000000
misc
0  -8.892311 -14.058247 54.749092  -0.875515 0.483191 -0.000143  0.748902 0.479924 1 0 1.000000
0  -10.827099 -15.451837 54.749092  -0.875537 0.483151 0.000001  0.748427 0.479924 1 0 1.000000
0  -10.574540 -15.496936 55.037724  -0.000066 0.000002 1.000000  0.748427 0.479899 1 0 1.000000
misc
0  -10.574540 -15.496936 55.037724  -0.000066 0.000002 1.000000  0.748427 0.479899 1 0 1.000000
0  -8.793094 -14.207075 55.037724  -0.000024 0.000092 1.000000  0.748902 0.479899 1 0 1.000000
0  -8.892311 -14.058247 54.749092  -0.875515 0.483191 -0.000143  0.748902 0.479924 1 0 1.000000
misc
0  -8.581120 -14.238646 55.037724  0.000060 0.000026 1.000000  0.748902 0.479874 1 0 1.000000
0  -8.793094 -14.207075 55.037724  -0.000024 0.000092 1.000000  0.748902 0.479899 1 0 1.000000
0  -10.574540 -15.496936 55.037724  -0.000066 0.000002 1.000000  0.748427 0.479899 1 0 1.000000
misc
0  -8.581120 -14.238646 55.037724  0.000060 0.000026 1.000000  0.748902 0.479874 1 0 1.000000
0  -10.574540 -15.496936 55.037724  -0.000066 0.000002 1.000000  0.748427 0.479899 1 0 1.000000
0  -10.651212 -15.993035 55.037724  -0.000002 -0.000000 1.000000  0.748427 0.479849 1 0 1.000000
misc
0  -0.138399 -25.982687 55.037724  0.000093 0.000012 1.000000  0.748902 0.477274 1 0 1.000000
0  -8.581120 -14.238646 55.037724  0.000060 0.000026 1.000000  0.748902 0.479874 1 0 1.000000
0  -10.651212 -15.993035 55.037724  -0.000002 -0.000000 1.000000  0.748427 0.479849 1 0 1.000000
misc
0  -10.651212 -15.993035 55.037724  -0.000002 -0.000000 1.000000  0.748427 0.479849 1 0 1.000000
0  -2.456539 -27.394314 55.037724  -0.000033 0.000032 1.000000  0.748427 0.477299 1 0 1.000000
0  -0.138399 -25.982687 55.037724  0.000093 0.000012 1.000000  0.748902 0.477274 1 0 1.000000
misc
0  -2.456539 -27.394314 55.037724  -0.000033 0.000032 1.000000  0.748427 0.477299 1 0 1.000000
0  -1.960440 -27.470985 55.037724  0.000050 0.000049 1.000000  0.748427 0.477249 1 0 1.000000
0  -0.138399 -25.982687 55.037724  0.000093 0.000012 1.000000  0.748902 0.477274 1 0 1.000000
misc
0  -1.996520 -27.723545 54.749092  0.875363 -0.483467 0.000027  0.748427 0.477224 1 0 1.000000
0  -1.960440 -27.470985 55.037724  0.000050 0.000049 1.000000  0.748427 0.477249 1 0 1.000000
0  -2.456539 -27.394314 55.037724  -0.000033 0.000032 1.000000  0.748427 0.477299 1 0 1.000000
misc
0  -1.960440 -27.470985 55.037724  0.000050 0.000049 1.000000  0.748427 0.477249 1 0 1.000000
0  -1.996520 -27.723545 54.749092  0.875363 -0.483467 0.000027  0.748427 0.477224 1 0 1.000000
0  -0.169969 -26.181128 55.037724  0.000104 0.000003 1.000000  0.748902 0.477249 1 0 1.000000
misc
0  -0.061729 -26.325443 54.749092  0.875311 -0.483561 0.000460  0.748902 0.477224 1 0 1.000000
0  -0.169969 -26.181128 55.037724  0.000104 0.000003 1.000000  0.748902 0.477249 1 0 1.000000
0  -1.996520 -27.723545 54.749092  0.875363 -0.483467 0.000027  0.748427 0.477224 1 0 1.000000
misc
0  -2.456539 -27.394314 55.037724  -0.000033 0.000032 1.000000  0.748427 0.477299 1 0 1.000000
0  -2.497129 -27.646875 54.749092  -0.483474 -0.875359 0.000329  0.748427 0.477274 1 0 1.000000
0  -1.996520 -27.723545 54.749092  0.875363 -0.483467 0.000027  0.748427 0.477224 1 0 1.000000
misc
0  -2.497129 -27.646875 54.749092  -0.483474 -0.875359 0.000329  0.748427 0.477274 1 0 1.000000
0  -2.456539 -27.394314 55.037724  -0.000033 0.000032 1.000000  0.748427 0.477299 1 0 1.000000
0  -16.822294 -15.952446 54.749092  -0.483453 -0.875370 0.000023  0.748427 0.479874 1 0 1.000000
misc
0  -10.651212 -15.993035 55.037724  -0.000002 -0.000000 1.000000  0.748427 0.479849 1 0 1.000000
0  -16.822294 -15.952446 54.749092  -0.483453 -0.875370 0.000023  0.748427 0.479874 1 0 1.000000
0  -2.456539 -27.394314 55.037724  -0.000033 0.000032 1.000000  0.748427 0.477299 1 0 1.000000
misc
0  -10.651212 -15.993035 55.037724  -0.000002 -0.000000 1.000000  0.748427 0.479849 1 0 1.000000
0  -10.574540 -15.496936 55.037724  -0.000066 0.000002 1.000000  0.748427 0.479899 1 0 1.000000
0  -16.822294 -15.952446 54.749092  -0.483453 -0.875370 0.000023  0.748427 0.479874 1 0 1.000000
misc
0  -10.651212 -16.277164 64.901100  -0.793900 -0.568179 -0.216554  0.746577 0.477349 1 0 1.000000
0  -9.189971 -15.118094 56.489948  -0.793866 -0.568438 -0.215996  0.745477 0.477349 1 0 1.000000
0  -0.999810 -26.501337 56.359154  -0.793894 -0.568404 -0.215983  0.745477 0.475574 1 0 1.000000
misc
0  -0.999810 -26.501337 56.359154  -0.793894 -0.568404 -0.215983  0.745477 0.475574 1 0 1.000000
0  -2.470069 -27.655895 64.770309  -0.793912 -0.568403 -0.215923  0.746577 0.475574 1 0 1.000000
0  -10.651212 -16.277164 64.901100  -0.793900 -0.568179 -0.216554  0.746577 0.477349 1 0 1.000000
misc
0  1.119889 -6.706944 52.020538  0.102842 0.185963 -0.977160  0.743527 0.479924 1 0 1.000000
0  1.507749 -6.828714 52.061127  0.102831 0.185986 -0.977157  0.743402 0.479874 1 0 1.000000
0  -0.941181 -8.339564 51.578556  0.102857 0.185964 -0.977158  0.743902 0.479924 1 0 1.000000
misc
0  -0.941181 -8.339564 51.578556  0.102857 0.185964 -0.977158  0.743902 0.479924 1 0 1.000000
0  1.507749 -6.828714 52.061127  0.102831 0.185986 -0.977157  0.743402 0.479874 1 0 1.000000
0  9.950471 -18.771194 52.020538  0.102916 0.185753 -0.977192  0.743402 0.477249 1 0 1.000000
misc
0  9.950471 -18.771194 52.020538  0.102916 0.185753 -0.977192  0.743402 0.477249 1 0 1.000000
0  7.889400 -20.611275 51.578556  0.102881 0.185695 -0.977207  0.743902 0.477224 1 0 1.000000
0  -0.941181 -8.339564 51.578556  0.102857 0.185964 -0.977158  0.743902 0.479924 1 0 1.000000
misc
0  -2.154370 -26.920767 60.873665  -0.793918 -0.568399 -0.215910  0.742552 0.473474 1 0 1.000000
0  -2.803809 -27.425884 64.571869  -0.793924 -0.568396 -0.215895  0.693477 0.473499 1 0 1.000000
0  -3.038328 -27.029005 64.526772  -0.793916 -0.568404 -0.215902  0.694227 0.480699 1 0 1.000000
misc
0  -3.038328 -27.029005 64.526772  -0.793916 -0.568404 -0.215902  0.694227 0.480699 1 0 1.000000
0  -2.659489 -26.117987 60.914257  -0.793936 -0.568376 -0.215902  0.742552 0.487374 1 0 1.000000
0  -2.154370 -26.920767 60.873665  -0.793918 -0.568399 -0.215910  0.742552 0.473474 1 0 1.000000
misc
0  -2.154370 -26.920767 60.873665  -0.793918 -0.568399 -0.215910  0.742552 0.473474 1 0 1.000000
0  -2.659489 -26.117987 60.914257  -0.793936 -0.568376 -0.215902  0.742552 0.487374 1 0 1.000000
0  -1.762000 -26.027786 57.261158  -0.793917 -0.568391 -0.215935  0.694102 0.480624 1 0 1.000000
misc
0  -1.762000 -26.027786 57.261158  -0.793917 -0.568391 -0.215935  0.694102 0.480624 1 0 1.000000
0  -1.504928 -26.411137 57.193508  -0.793920 -0.568396 -0.215911  0.693002 0.473424 1 0 1.000000
0  -2.154370 -26.920767 60.873665  -0.793918 -0.568399 -0.215910  0.742552 0.473474 1 0 1.000000
misc
0  -8.869762 -14.040206 52.877438  -0.875348 0.483493 0.000055  0.748177 0.477049 1 0 1.000000
0  -9.740192 -14.671606 51.578556  -0.875135 0.483878 0.000045  0.747927 0.476849 1 0 1.000000
0  -10.664742 -15.456346 51.997990  -0.885744 0.463672 -0.021594  0.747927 0.476674 1 0 1.000000
misc
0  -8.869762 -14.040206 52.877438  -0.875348 0.483493 0.000055  0.748177 0.477049 1 0 1.000000
0  -0.941181 -8.339564 51.578556  -0.875323 0.483538 -0.000012  0.747927 0.478799 1 0 1.000000
0  -9.740192 -14.671606 51.578556  -0.875135 0.483878 0.000045  0.747927 0.476849 1 0 1.000000
misc
0  -0.941181 -8.339564 51.578556  -0.875323 0.483538 -0.000012  0.747927 0.478799 1 0 1.000000
0  -8.869762 -14.040206 52.877438  -0.875348 0.483493 0.000055  0.748177 0.477049 1 0 1.000000
0  1.110869 -6.711453 52.809792  -0.875345 0.483500 -0.000028  0.748177 0.479174 1 0 1.000000
misc
0  1.110869 -6.711453 52.809792  -0.875345 0.483500 -0.000028  0.748177 0.479174 1 0 1.000000
0  1.119889 -6.706944 52.020538  -0.875576 0.483080 -0.000016  0.748052 0.479174 1 0 1.000000
0  -0.941181 -8.339564 51.578556  -0.875323 0.483538 -0.000012  0.747927 0.478799 1 0 1.000000
misc
0  1.507749 -6.828714 52.061127  0.483767 0.875197 0.000024  0.748052 0.479224 1 0 1.000000
0  1.119889 -6.706944 52.020538  -0.875576 0.483080 -0.000016  0.748052 0.479174 1 0 1.000000
0  1.110869 -6.711453 52.809792  -0.875345 0.483500 -0.000028  0.748177 0.479174 1 0 1.000000
misc
0  1.110869 -6.711453 52.809792  -0.875345 0.483500 -0.000028  0.748177 0.479174 1 0 1.000000
0  1.507749 -6.828714 52.809792  0.483654 0.875259 0.000250  0.748177 0.479224 1 0 1.000000
0  1.507749 -6.828714 52.061127  0.483767 0.875197 0.000024  0.748052 0.479224 1 0 1.000000
misc
0  -16.822294 -15.952446 52.435459  -0.480266 -0.869458 -0.115705  0.748052 0.476549 1 0 1.000000
0  -16.822294 -15.952446 54.749092  -0.483453 -0.875370 0.000023  0.748527 0.476549 1 0 1.000000
0  -10.827099 -15.451837 54.749092  -0.875537 0.483151 0.000001  0.748527 0.476599 1 0 1.000000
misc
0  -10.827099 -15.451837 54.749092  -0.875537 0.483151 0.000001  0.748527 0.476599 1 0 1.000000
0  -10.664742 -15.456346 51.997990  -0.885744 0.463672 -0.021594  0.747927 0.476674 1 0 1.000000
0  -16.822294 -15.952446 52.435459  -0.480266 -0.869458 -0.115705  0.748052 0.476549 1 0 1.000000
misc
0  -8.869762 -14.040206 52.877438  -0.875348 0.483493 0.000055  0.748177 0.477049 1 0 1.000000
0  -10.664742 -15.456346 51.997990  -0.885744 0.463672 -0.021594  0.747927 0.476674 1 0 1.000000
0  -10.827099 -15.451837 54.749092  -0.875537 0.483151 0.000001  0.748527 0.476599 1 0 1.000000
misc
0  -10.827099 -15.451837 54.749092  -0.875537 0.483151 0.000001  0.748527 0.476599 1 0 1.000000
0  -8.892311 -14.058247 54.749092  -0.875515 0.483191 -0.000143  0.748527 0.477024 1 0 1.000000
0  -8.869762 -14.040206 52.877438  -0.875348 0.483493 0.000055  0.748177 0.477049 1 0 1.000000
misc
0  -8.441312 -14.134915 53.166080  0.483474 0.875359 0.000010  0.748177 0.477099 1 0 1.000000
0  -8.869762 -14.040206 52.877438  -0.875348 0.483493 0.000055  0.748177 0.477049 1 0 1.000000
0  -8.892311 -14.058247 54.749092  -0.875515 0.483191 -0.000143  0.748527 0.477024 1 0 1.000000
misc
0  -8.892311 -14.058247 54.749092  -0.875515 0.483191 -0.000143  0.748527 0.477024 1 0 1.000000
0  -8.441312 -14.134915 54.771637  0.811670 0.584116 0.000003  0.748527 0.477099 1 0 1.000000
0  -8.441312 -14.134915 53.166080  0.483474 0.875359 0.000010  0.748177 0.477099 1 0 1.000000
misc
0  -8.892311 -14.058247 54.749092  -0.875515 0.483191 -0.000143  0.748527 0.477024 1 0 1.000000
0  -8.581120 -14.238646 55.037724  0.000060 0.000026 1.000000  0.748527 0.477074 1 0 1.000000
0  -8.441312 -14.134915 54.771637  0.811670 0.584116 0.000003  0.748527 0.477099 1 0 1.000000
misc
0  -8.892311 -14.058247 54.749092  -0.875515 0.483191 -0.000143  0.748527 0.477024 1 0 1.000000
0  -8.793094 -14.207075 55.037724  -0.000024 0.000092 1.000000  0.748527 0.477024 1 0 1.000000
0  -8.581120 -14.238646 55.037724  0.000060 0.000026 1.000000  0.748527 0.477074 1 0 1.000000
misc
0  -9.253110 -16.971704 66.001541  -0.125898 -0.187004 0.974258  0.749027 0.475899 1 0 1.000000
0  -9.496650 -16.507175 65.938400  0.795464 0.576312 0.187355  0.749027 0.475824 1 0 1.000000
0  -9.564298 -16.543255 65.978996  -0.252226 -0.113390 0.961002  0.749027 0.475824 1 0 1.000000
misc
0  -1.992009 -26.875664 65.649757  0.795481 0.576310 0.187288  0.748902 0.477074 1 0 1.000000
0  -2.307709 -26.501337 65.803101  0.795474 0.576348 0.187200  0.749027 0.477024 1 0 1.000000
0  -2.357319 -26.555454 65.848198  0.073732 -0.293115 0.953230  0.749027 0.477024 1 0 1.000000
misc
0  -2.668509 -26.127007 65.870750  -0.055038 -0.225700 0.972641  0.749027 0.476999 1 0 1.000000
0  -2.357319 -26.555454 65.848198  0.073732 -0.293115 0.953230  0.749027 0.477024 1 0 1.000000
0  -2.307709 -26.501337 65.803101  0.795474 0.576348 0.187200  0.749027 0.477024 1 0 1.000000
misc
0  -2.307709 -26.501337 65.803101  0.795474 0.576348 0.187200  0.749027 0.477024 1 0 1.000000
0  -2.614389 -26.081907 65.825653  0.795464 0.576315 0.187347  0.749027 0.476999 1 0 1.000000
0  -2.668509 -26.127007 65.870750  -0.055038 -0.225700 0.972641  0.749027 0.476999 1 0 1.000000
misc
0  -9.253110 -16.971704 66.001541  -0.125898 -0.187004 0.974258  0.749027 0.475899 1 0 1.000000
0  -2.668509 -26.127007 65.870750  -0.055038 -0.225700 0.972641  0.749027 0.476999 1 0 1.000000
0  -2.614389 -26.081907 65.825653  0.795464 0.576315 0.187347  0.749027 0.476999 1 0 1.000000
misc
0  -2.614389 -26.081907 65.825653  0.795464 0.576315 0.187347  0.749027 0.476999 1 0 1.000000
0  -9.198989 -16.926605 65.938400  0.795427 0.576246 0.187714  0.749027 0.475899 1 0 1.000000
0  -9.253110 -16.971704 66.001541  -0.125898 -0.187004 0.974258  0.749027 0.475899 1 0 1.000000
misc
0  -9.496650 -16.507175 65.938400  0.795464 0.576312 0.187355  0.749027 0.475824 1 0 1.000000
0  -9.253110 -16.971704 66.001541  -0.125898 -0.187004 0.974258  0.749027 0.475899 1 0 1.000000
0  -9.198989 -16.926605 65.938400  0.795427 0.576246 0.187714  0.749027 0.475899 1 0 1.000000
misc
0  -9.749210 -16.092255 65.780556  0.795473 0.576323 0.187281  0.749027 0.475774 1 0 1.000000
0  -9.496650 -16.507175 65.938400  0.795464 0.576312 0.187355  0.749027 0.475824 1 0 1.000000
0  -9.198989 -16.926605 65.938400  0.795427 0.576246 0.187714  0.749027 0.475899 1 0 1.000000
misc
0  -9.749210 -16.092255 65.780556  0.795473 0.576323 0.187281  0.749027 0.475774 1 0 1.000000
0  -9.564298 -16.543255 65.978996  -0.252226 -0.113390 0.961002  0.749027 0.475824 1 0 1.000000
0  -9.496650 -16.507175 65.938400  0.795464 0.576312 0.187355  0.749027 0.475824 1 0 1.000000
misc
0  -9.564298 -16.543255 65.978996  -0.252226 -0.113390 0.961002  0.749027 0.475824 1 0 1.000000
0  -9.749210 -16.092255 65.780556  0.795473 0.576323 0.187281  0.749027 0.475774 1 0 1.000000
0  -9.825879 -16.101274 65.803101  -0.552423 0.088297 0.828874  0.749027 0.475774 1 0 1.000000
misc
0  -9.749210 -16.092255 65.780556  0.795473 0.576323 0.187281  0.749027 0.475774 1 0 1.000000
0  -9.198989 -16.926605 65.938400  0.795427 0.576246 0.187714  0.749027 0.475899 1 0 1.000000
0  -2.614389 -26.081907 65.825653  0.795464 0.576315 0.187347  0.749027 0.476999 1 0 1.000000
misc
0  -9.749210 -16.092255 65.780556  0.795473 0.576323 0.187281  0.749027 0.475774 1 0 1.000000
0  -2.614389 -26.081907 65.825653  0.795464 0.576315 0.187347  0.749027 0.476999 1 0 1.000000
0  -1.992009 -26.875664 65.649757  0.795481 0.576310 0.187288  0.748902 0.477074 1 0 1.000000
misc
0  -2.614389 -26.081907 65.825653  0.795464 0.576315 0.187347  0.749027 0.476999 1 0 1.000000
0  -2.307709 -26.501337 65.803101  0.795474 0.576348 0.187200  0.748902 0.477024 1 0 1.000000
0  -1.992009 -26.875664 65.649757  0.795481 0.576310 0.187288  0.748902 0.477074 1 0 1.000000
misc
0  -10.642190 -16.331285 65.275421  -0.504540 0.551838 0.664014  0.749027 0.475674 1 0 1.000000
0  -10.529440 -16.606396 65.627213  -0.453339 -0.304025 0.837886  0.749152 0.475724 1 0 1.000000
0  -9.825879 -16.101274 65.803101  -0.552423 0.088297 0.828874  0.749027 0.475774 1 0 1.000000
misc
0  -9.564298 -16.543255 65.978996  -0.252226 -0.113390 0.961002  0.749027 0.475824 1 0 1.000000
0  -9.825879 -16.101274 65.803101  -0.552423 0.088297 0.828874  0.749027 0.475774 1 0 1.000000
0  -10.529440 -16.606396 65.627213  -0.453339 -0.304025 0.837886  0.749152 0.475724 1 0 1.000000
misc
0  -10.529440 -16.606396 65.627213  -0.453339 -0.304025 0.837886  0.749152 0.475724 1 0 1.000000
0  -10.267859 -17.043865 65.780556  -0.094068 -0.160748 0.982503  0.749152 0.475824 1 0 1.000000
0  -9.564298 -16.543255 65.978996  -0.252226 -0.113390 0.961002  0.749027 0.475824 1 0 1.000000
misc
0  -9.253110 -16.971704 66.001541  -0.125898 -0.187004 0.974258  0.749027 0.475899 1 0 1.000000
0  -9.564298 -16.543255 65.978996  -0.252226 -0.113390 0.961002  0.749027 0.475824 1 0 1.000000
0  -10.267859 -17.043865 65.780556  -0.094068 -0.160748 0.982503  0.749152 0.475824 1 0 1.000000
misc
0  -10.267859 -17.043865 65.780556  -0.094068 -0.160748 0.982503  0.749152 0.475824 1 0 1.000000
0  -9.961179 -17.476824 65.803101  -0.044342 -0.019953 0.998817  0.749152 0.475899 1 0 1.000000
0  -9.253110 -16.971704 66.001541  -0.125898 -0.187004 0.974258  0.749027 0.475899 1 0 1.000000
misc
0  -9.253110 -16.971704 66.001541  -0.125898 -0.187004 0.974258  0.749027 0.475899 1 0 1.000000
0  -9.961179 -17.476824 65.803101  -0.044342 -0.019953 0.998817  0.749152 0.475899 1 0 1.000000
0  -3.376579 -26.632126 65.694855  -0.698647 0.127624 0.703992  0.749027 0.476999 1 0 1.000000
misc
0  -3.376579 -26.632126 65.694855  -0.698647 0.127624 0.703992  0.749027 0.476999 1 0 1.000000
0  -2.668509 -26.127007 65.870750  -0.055038 -0.225700 0.972641  0.749027 0.476999 1 0 1.000000
0  -9.253110 -16.971704 66.001541  -0.125898 -0.187004 0.974258  0.749027 0.475899 1 0 1.000000
misc
0  -2.668509 -26.127007 65.870750  -0.055038 -0.225700 0.972641  0.749027 0.476999 1 0 1.000000
0  -3.376579 -26.632126 65.694855  -0.698647 0.127624 0.703992  0.749027 0.476999 1 0 1.000000
0  -3.065389 -27.060575 65.649757  -0.115680 0.094278 0.988802  0.749027 0.477074 1 0 1.000000
misc
0  -3.065389 -27.060575 65.649757  -0.115680 0.094278 0.988802  0.749027 0.477074 1 0 1.000000
0  -2.357319 -26.555454 65.848198  0.073732 -0.293115 0.953230  0.749027 0.477024 1 0 1.000000
0  -2.668509 -26.127007 65.870750  -0.055038 -0.225700 0.972641  0.749027 0.476999 1 0 1.000000
misc
0  -2.357319 -26.555454 65.848198  0.073732 -0.293115 0.953230  0.749027 0.477024 1 0 1.000000
0  -3.065389 -27.060575 65.649757  -0.115680 0.094278 0.988802  0.749027 0.477074 1 0 1.000000
0  -2.736159 -27.448435 65.473869  -0.092374 -0.184620 0.978459  0.749027 0.477149 1 0 1.000000
misc
0  -2.736159 -27.448435 65.473869  -0.092374 -0.184620 0.978459  0.749027 0.477149 1 0 1.000000
0  -2.032599 -26.943314 65.672310  0.398719 -0.437804 0.805823  0.748902 0.477074 1 0 1.000000
0  -2.357319 -26.555454 65.848198  0.073732 -0.293115 0.953230  0.749027 0.477024 1 0 1.000000
misc
0  -2.357319 -26.555454 65.848198  0.073732 -0.293115 0.953230  0.749027 0.477024 1 0 1.000000
0  -2.032599 -26.943314 65.672310  0.398719 -0.437804 0.805823  0.748902 0.477074 1 0 1.000000
0  -1.992009 -26.875664 65.649757  0.795481 0.576310 0.187288  0.748902 0.477074 1 0 1.000000
misc
0  -1.784549 -27.051556 65.320534  0.795519 0.576256 0.187291  0.748902 0.477099 1 0 1.000000
0  -1.992009 -26.875664 65.649757  0.795481 0.576310 0.187288  0.748902 0.477074 1 0 1.000000
0  -2.032599 -26.943314 65.672310  0.398719 -0.437804 0.805823  0.748902 0.477074 1 0 1.000000
misc
0  -9.749210 -16.092255 65.780556  0.795473 0.576323 0.187281  0.749027 0.475774 1 0 1.000000
0  -1.992009 -26.875664 65.649757  0.795481 0.576310 0.187288  0.748902 0.477074 1 0 1.000000
0  -1.784549 -27.051556 65.320534  0.795519 0.576256 0.187291  0.748902 0.477099 1 0 1.000000
misc
0  -9.848431 -15.830676 65.451317  0.795455 0.576336 0.187316  0.749027 0.475749 1 0 1.000000
0  -9.749210 -16.092255 65.780556  0.795473 0.576323 0.187281  0.749027 0.475774 1 0 1.000000
0  -1.784549 -27.051556 65.320534  0.795519 0.576256 0.187291  0.748902 0.477099 1 0 1.000000
misc
0  -9.825879 -16.101274 65.803101  -0.552423 0.088297 0.828874  0.749027 0.475774 1 0 1.000000
0  -9.749210 -16.092255 65.780556  0.795473 0.576323 0.187281  0.749027 0.475774 1 0 1.000000
0  -9.848431 -15.830676 65.451317  0.795455 0.576336 0.187316  0.749027 0.475749 1 0 1.000000
misc
0  -9.848431 -15.830676 65.451317  0.795455 0.576336 0.187316  0.749027 0.475749 1 0 1.000000
0  -9.938632 -15.826167 65.473869  -0.812257 0.322313 0.486162  0.749027 0.475749 1 0 1.000000
0  -9.825879 -16.101274 65.803101  -0.552423 0.088297 0.828874  0.749027 0.475774 1 0 1.000000
misc
0  -10.299432 -17.079945 65.717407  -0.701741 -0.685131 -0.195331  0.749152 0.475824 1 0 1.000000
0  -10.001771 -17.503885 65.717407  -0.237644 -0.944876 0.225243  0.749152 0.475899 1 0 1.000000
0  -9.961179 -17.476824 65.803101  -0.044342 -0.019953 0.998817  0.749152 0.475899 1 0 1.000000
misc
0  -9.961179 -17.476824 65.803101  -0.044342 -0.019953 0.998817  0.749152 0.475899 1 0 1.000000
0  -10.001771 -17.503885 65.717407  -0.237644 -0.944876 0.225243  0.749152 0.475899 1 0 1.000000
0  -3.376579 -26.632126 65.694855  -0.698647 0.127624 0.703992  0.749027 0.476999 1 0 1.000000
misc
0  -3.412659 -26.654675 65.604660  -0.690164 -0.680278 -0.246770  0.749027 0.476999 1 0 1.000000
0  -3.376579 -26.632126 65.694855  -0.698647 0.127624 0.703992  0.749027 0.476999 1 0 1.000000
0  -10.001771 -17.503885 65.717407  -0.237644 -0.944876 0.225243  0.749152 0.475899 1 0 1.000000
misc
0  -3.065389 -27.060575 65.649757  -0.115680 0.094278 0.988802  0.749027 0.477074 1 0 1.000000
0  -3.376579 -26.632126 65.694855  -0.698647 0.127624 0.703992  0.749027 0.476999 1 0 1.000000
0  -3.412659 -26.654675 65.604660  -0.690164 -0.680278 -0.246770  0.749027 0.476999 1 0 1.000000
misc
0  -3.412659 -26.654675 65.604660  -0.690164 -0.680278 -0.246770  0.749027 0.476999 1 0 1.000000
0  -3.110489 -27.074104 65.582115  -0.786111 -0.563271 -0.254472  0.749027 0.477074 1 0 1.000000
0  -3.065389 -27.060575 65.649757  -0.115680 0.094278 0.988802  0.749027 0.477074 1 0 1.000000
misc
0  -3.065389 -27.060575 65.649757  -0.115680 0.094278 0.988802  0.749027 0.477074 1 0 1.000000
0  -3.110489 -27.074104 65.582115  -0.786111 -0.563271 -0.254472  0.749027 0.477074 1 0 1.000000
0  -2.794789 -27.448435 65.428772  -0.808170 -0.522461 -0.271836  0.749027 0.477149 1 0 1.000000
misc
0  -3.065389 -27.060575 65.649757  -0.115680 0.094278 0.988802  0.749027 0.477074 1 0 1.000000
0  -2.794789 -27.448435 65.428772  -0.808170 -0.522461 -0.271836  0.749027 0.477149 1 0 1.000000
0  -2.736159 -27.448435 65.473869  -0.092374 -0.184620 0.978459  0.749027 0.477149 1 0 1.000000
misc
0  -2.510659 -27.633347 65.144638  0.533664 -0.308403 0.787458  0.748902 0.477174 1 0 1.000000
0  -2.736159 -27.448435 65.473869  -0.092374 -0.184620 0.978459  0.749027 0.477149 1 0 1.000000
0  -2.794789 -27.448435 65.428772  -0.808170 -0.522461 -0.271836  0.749027 0.477149 1 0 1.000000
misc
0  -2.032599 -26.943314 65.672310  0.398719 -0.437804 0.805823  0.748902 0.477074 1 0 1.000000
0  -2.736159 -27.448435 65.473869  -0.092374 -0.184620 0.978459  0.749027 0.477149 1 0 1.000000
0  -2.510659 -27.633347 65.144638  0.533664 -0.308403 0.787458  0.748902 0.477174 1 0 1.000000
misc
0  -2.510659 -27.633347 65.144638  0.533664 -0.308403 0.787458  0.748902 0.477174 1 0 1.000000
0  -1.807100 -27.128225 65.343079  0.722227 -0.525932 0.449205  0.748902 0.477099 1 0 1.000000
0  -2.032599 -26.943314 65.672310  0.398719 -0.437804 0.805823  0.748902 0.477074 1 0 1.000000
misc
0  -1.807100 -27.128225 65.343079  0.722227 -0.525932 0.449205  0.748902 0.477099 1 0 1.000000
0  -1.784549 -27.051556 65.320534  0.795519 0.576256 0.187291  0.748902 0.477099 1 0 1.000000
0  -2.032599 -26.943314 65.672310  0.398719 -0.437804 0.805823  0.748902 0.477074 1 0 1.000000
misc
0  -1.667289 -27.083126 64.991295  0.795482 0.576304 0.187304  0.748902 0.477099 1 0 1.000000
0  -1.784549 -27.051556 65.320534  0.795519 0.576256 0.187291  0.748902 0.477099 1 0 1.000000
0  -1.807100 -27.128225 65.343079  0.722227 -0.525932 0.449205  0.748902 0.477099 1 0 1.000000
misc
0  -9.848431 -15.830676 65.451317  0.795455 0.576336 0.187316  0.749027 0.475749 1 0 1.000000
0  -1.784549 -27.051556 65.320534  0.795519 0.576256 0.187291  0.748902 0.477099 1 0 1.000000
0  -1.667289 -27.083126 64.991295  0.795482 0.576304 0.187304  0.748902 0.477099 1 0 1.000000
misc
0  -9.848431 -15.704395 65.122093  0.795475 0.576316 0.187295  0.748902 0.475749 1 0 1.000000
0  -9.848431 -15.830676 65.451317  0.795455 0.576336 0.187316  0.749027 0.475749 1 0 1.000000
0  -1.667289 -27.083126 64.991295  0.795482 0.576304 0.187304  0.748902 0.477099 1 0 1.000000
misc
0  -9.848431 -15.830676 65.451317  0.795455 0.576336 0.187316  0.749027 0.475749 1 0 1.000000
0  -9.848431 -15.704395 65.122093  0.795475 0.576316 0.187295  0.748902 0.475749 1 0 1.000000
0  -9.938632 -15.695376 65.122093  -0.878322 0.435935 0.196239  0.748902 0.475724 1 0 1.000000
misc
0  -9.938632 -15.695376 65.122093  -0.878322 0.435935 0.196239  0.748902 0.475724 1 0 1.000000
0  -9.938632 -15.826167 65.473869  -0.812257 0.322313 0.486162  0.749027 0.475749 1 0 1.000000
0  -9.848431 -15.830676 65.451317  0.795455 0.576336 0.187316  0.749027 0.475749 1 0 1.000000
misc
0  -10.642190 -16.331285 65.275421  -0.504540 0.551838 0.664014  0.749027 0.475674 1 0 1.000000
0  -9.938632 -15.826167 65.473869  -0.812257 0.322313 0.486162  0.749027 0.475749 1 0 1.000000
0  -9.938632 -15.695376 65.122093  -0.878322 0.435935 0.196239  0.748902 0.475724 1 0 1.000000
misc
0  -9.825879 -16.101274 65.803101  -0.552423 0.088297 0.828874  0.749027 0.475774 1 0 1.000000
0  -9.938632 -15.826167 65.473869  -0.812257 0.322313 0.486162  0.749027 0.475749 1 0 1.000000
0  -10.642190 -16.331285 65.275421  -0.504540 0.551838 0.664014  0.749027 0.475674 1 0 1.000000
misc
0  -0.192518 -25.960138 56.575638  0.795164 0.576739 0.187315  0.748052 0.477074 1 0 1.000000
0  -9.848431 -15.704395 65.122093  0.795475 0.576316 0.187295  0.748902 0.475749 1 0 1.000000
0  -1.667289 -27.083126 64.991295  0.795482 0.576304 0.187304  0.748902 0.477099 1 0 1.000000
misc
0  -1.667289 -27.083126 64.991295  0.795482 0.576304 0.187304  0.748902 0.477099 1 0 1.000000
0  -1.685328 -27.159796 64.991295  0.842739 -0.515616 0.154697  0.748902 0.477099 1 0 1.000000
0  -0.192518 -25.960138 56.575638  0.795164 0.576739 0.187315  0.748052 0.477074 1 0 1.000000
misc
0  -1.685328 -27.159796 64.991295  0.842739 -0.515616 0.154697  0.748902 0.477099 1 0 1.000000
0  -1.667289 -27.083126 64.991295  0.795482 0.576304 0.187304  0.748902 0.477099 1 0 1.000000
0  -1.807100 -27.128225 65.343079  0.722227 -0.525932 0.449205  0.748902 0.477099 1 0 1.000000
misc
0  -2.388889 -27.669426 64.792854  0.639007 -0.452427 0.622077  0.748902 0.477199 1 0 1.000000
0  -1.685328 -27.159796 64.991295  0.842739 -0.515616 0.154697  0.748902 0.477099 1 0 1.000000
0  -1.807100 -27.128225 65.343079  0.722227 -0.525932 0.449205  0.748902 0.477099 1 0 1.000000
misc
0  -1.807100 -27.128225 65.343079  0.722227 -0.525932 0.449205  0.748902 0.477099 1 0 1.000000
0  -2.510659 -27.633347 65.144638  0.533664 -0.308403 0.787458  0.748902 0.477174 1 0 1.000000
0  -2.388889 -27.669426 64.792854  0.639007 -0.452427 0.622077  0.748902 0.477199 1 0 1.000000
misc
0  -2.388889 -27.669426 64.792854  0.639007 -0.452427 0.622077  0.748902 0.477199 1 0 1.000000
0  -2.510659 -27.633347 65.144638  0.533664 -0.308403 0.787458  0.748902 0.477174 1 0 1.000000
0  -2.587329 -27.624325 65.099541  -0.745921 -0.556058 -0.366608  0.748902 0.477199 1 0 1.000000
misc
0  -2.794789 -27.448435 65.428772  -0.808170 -0.522461 -0.271836  0.749027 0.477149 1 0 1.000000
0  -2.587329 -27.624325 65.099541  -0.745921 -0.556058 -0.366608  0.748902 0.477199 1 0 1.000000
0  -2.510659 -27.633347 65.144638  0.533664 -0.308403 0.787458  0.748902 0.477174 1 0 1.000000
misc
0  -0.192518 -25.960138 56.575638  0.795164 0.576739 0.187315  0.748052 0.477074 1 0 1.000000
0  -0.260169 -25.500116 55.651089  0.795255 0.576457 0.187792  0.747927 0.477024 1 0 1.000000
0  -0.837450 -24.607136 55.366962  0.795380 0.576291 0.187774  0.747927 0.476924 1 0 1.000000
misc
0  -0.260169 -25.500116 55.651089  0.795255 0.576457 0.187792  0.747927 0.477024 1 0 1.000000
0  -0.192518 -25.960138 56.575638  0.795164 0.576739 0.187315  0.748052 0.477074 1 0 1.000000
0  -0.914119 -26.510357 56.359154  0.550136 -0.336970 -0.764069  0.748052 0.477174 1 0 1.000000
misc
0  -0.914119 -26.510357 56.359154  0.550136 -0.336970 -0.764069  0.748052 0.477174 1 0 1.000000
0  -0.192518 -25.960138 56.575638  0.795164 0.576739 0.187315  0.748052 0.477074 1 0 1.000000
0  -2.388889 -27.669426 64.792854  0.639007 -0.452427 0.622077  0.748902 0.477199 1 0 1.000000
misc
0  -1.685328 -27.159796 64.991295  0.842739 -0.515616 0.154697  0.748902 0.477099 1 0 1.000000
0  -2.388889 -27.669426 64.792854  0.639007 -0.452427 0.622077  0.748902 0.477199 1 0 1.000000
0  -0.192518 -25.960138 56.575638  0.795164 0.576739 0.187315  0.748052 0.477074 1 0 1.000000
misc
0  -0.914119 -26.510357 56.359154  0.550136 -0.336970 -0.764069  0.748052 0.477174 1 0 1.000000
0  -0.999810 -26.501337 56.359154  -0.600294 -0.389215 -0.698684  0.748052 0.477174 1 0 1.000000
0  -1.031379 -26.036804 55.412056  -0.794161 -0.568149 -0.215672  0.747927 0.477099 1 0 1.000000
misc
0  -0.999810 -26.501337 56.359154  -0.600294 -0.389215 -0.698684  0.748052 0.477174 1 0 1.000000
0  -0.914119 -26.510357 56.359154  0.550136 -0.336970 -0.764069  0.748052 0.477174 1 0 1.000000
0  -2.388889 -27.669426 64.792854  0.639007 -0.452427 0.622077  0.748902 0.477199 1 0 1.000000
misc
0  -2.388889 -27.669426 64.792854  0.639007 -0.452427 0.622077  0.748902 0.477199 1 0 1.000000
0  -2.470069 -27.655895 64.770309  -0.814648 -0.536258 -0.220855  0.748902 0.477199 1 0 1.000000
0  -0.999810 -26.501337 56.359154  -0.600294 -0.389215 -0.698684  0.748052 0.477174 1 0 1.000000
misc
0  -2.587329 -27.624325 65.099541  -0.745921 -0.556058 -0.366608  0.748902 0.477199 1 0 1.000000
0  -2.470069 -27.655895 64.770309  -0.814648 -0.536258 -0.220855  0.748902 0.477199 1 0 1.000000
0  -2.388889 -27.669426 64.792854  0.639007 -0.452427 0.622077  0.748902 0.477199 1 0 1.000000
misc
0  -0.914119 -26.510357 56.359154  0.550136 -0.336970 -0.764069  0.748052 0.477174 1 0 1.000000
0  -1.031379 -26.036804 55.412056  0.150780 0.170922 -0.973679  0.747927 0.477099 1 0 1.000000
0  -0.260169 -25.500116 55.651089  0.795255 0.576457 0.187792  0.747927 0.477024 1 0 1.000000
misc
0  -0.260169 -25.500116 55.651089  0.795255 0.576457 0.187792  0.747927 0.477024 1 0 1.000000
0  -1.031379 -26.036804 55.412056  0.150780 0.170922 -0.973679  0.747927 0.477099 1 0 1.000000
0  -1.595129 -25.157356 55.168522  0.151336 0.170149 -0.973728  0.747802 0.476949 1 0 1.000000
misc
0  -1.595129 -25.157356 55.168522  0.151336 0.170149 -0.973728  0.747802 0.476949 1 0 1.000000
0  -0.837450 -24.607136 55.366962  0.795380 0.576291 0.187774  0.747927 0.476924 1 0 1.000000
0  -0.260169 -25.500116 55.651089  0.795255 0.576457 0.187792  0.747927 0.477024 1 0 1.000000
misc
0  -0.837450 -24.607136 55.366962  0.795380 0.576291 0.187774  0.747927 0.476924 1 0 1.000000
0  -1.595129 -25.157356 55.168522  0.151336 0.170149 -0.973728  0.747802 0.476949 1 0 1.000000
0  -2.542230 -23.804356 55.078316  0.094729 0.202232 -0.974745  0.747802 0.476774 1 0 1.000000
misc
0  -2.542230 -23.804356 55.078316  0.094729 0.202232 -0.974745  0.747802 0.476774 1 0 1.000000
0  -1.780040 -23.254135 55.299305  0.795405 0.576261 0.187759  0.747927 0.476774 1 0 1.000000
0  -0.837450 -24.607136 55.366962  0.795380 0.576291 0.187774  0.747927 0.476924 1 0 1.000000
misc
0  -0.837450 -24.607136 55.366962  0.795380 0.576291 0.187774  0.747927 0.476924 1 0 1.000000
0  -1.780040 -23.254135 55.299305  0.795405 0.576261 0.187759  0.747927 0.476774 1 0 1.000000
0  -0.192518 -25.960138 56.575638  0.795164 0.576739 0.187315  0.748052 0.477074 1 0 1.000000
misc
0  -0.192518 -25.960138 56.575638  0.795164 0.576739 0.187315  0.748052 0.477074 1 0 1.000000
0  -1.780040 -23.254135 55.299305  0.795405 0.576261 0.187759  0.747927 0.476774 1 0 1.000000
0  -8.373660 -14.531795 56.733486  0.795477 0.576325 0.187260  0.748177 0.475724 1 0 1.000000
misc
0  -8.373660 -14.531795 56.733486  0.795477 0.576325 0.187260  0.748177 0.475724 1 0 1.000000
0  -9.848431 -15.704395 65.122093  0.795475 0.576316 0.187295  0.748902 0.475749 1 0 1.000000
0  -0.192518 -25.960138 56.575638  0.795164 0.576739 0.187315  0.748052 0.477074 1 0 1.000000
misc
0  -9.848431 -15.704395 65.122093  0.795475 0.576316 0.187295  0.748902 0.475749 1 0 1.000000
0  -8.373660 -14.531795 56.733486  0.795477 0.576325 0.187260  0.748177 0.475724 1 0 1.000000
0  -8.459351 -14.522776 56.710938  -0.861649 0.500182 -0.085898  0.748177 0.475699 1 0 1.000000
misc
0  -8.459351 -14.522776 56.710938  -0.861649 0.500182 -0.085898  0.748177 0.475699 1 0 1.000000
0  -9.938632 -15.695376 65.122093  -0.878322 0.435935 0.196239  0.748902 0.475724 1 0 1.000000
0  -9.848431 -15.704395 65.122093  0.795475 0.576316 0.187295  0.748902 0.475749 1 0 1.000000
misc
0  -10.642190 -16.200493 64.923653  -0.813497 0.317827 0.487041  0.749027 0.475649 1 0 1.000000
0  -9.938632 -15.695376 65.122093  -0.878322 0.435935 0.196239  0.748902 0.475724 1 0 1.000000
0  -8.459351 -14.522776 56.710938  -0.861649 0.500182 -0.085898  0.748177 0.475699 1 0 1.000000
misc
0  -10.642190 -16.200493 64.923653  -0.813497 0.317827 0.487041  0.749027 0.475649 1 0 1.000000
0  -10.642190 -16.331285 65.275421  -0.504540 0.551838 0.664014  0.749027 0.475674 1 0 1.000000
0  -9.938632 -15.695376 65.122093  -0.878322 0.435935 0.196239  0.748902 0.475724 1 0 1.000000
misc
0  -10.651212 -16.403444 65.230331  -0.741738 -0.624177 -0.245414  0.749027 0.475649 1 0 1.000000
0  -10.642190 -16.331285 65.275421  -0.504540 0.551838 0.664014  0.749027 0.475674 1 0 1.000000
0  -10.642190 -16.200493 64.923653  -0.813497 0.317827 0.487041  0.749027 0.475649 1 0 1.000000
misc
0  -10.642190 -16.331285 65.275421  -0.504540 0.551838 0.664014  0.749027 0.475674 1 0 1.000000
0  -10.651212 -16.403444 65.230331  -0.741738 -0.624177 -0.245414  0.749027 0.475649 1 0 1.000000
0  -10.529440 -16.606396 65.627213  -0.453339 -0.304025 0.837886  0.749152 0.475724 1 0 1.000000
misc
0  -10.551991 -16.665026 65.564072  -0.672344 -0.712901 -0.199313  0.749152 0.475724 1 0 1.000000
0  -10.529440 -16.606396 65.627213  -0.453339 -0.304025 0.837886  0.749152 0.475724 1 0 1.000000
0  -10.651212 -16.403444 65.230331  -0.741738 -0.624177 -0.245414  0.749027 0.475649 1 0 1.000000
misc
0  -10.529440 -16.606396 65.627213  -0.453339 -0.304025 0.837886  0.749152 0.475724 1 0 1.000000
0  -10.551991 -16.665026 65.564072  -0.672344 -0.712901 -0.199313  0.749152 0.475724 1 0 1.000000
0  -10.267859 -17.043865 65.780556  -0.094068 -0.160748 0.982503  0.749152 0.475824 1 0 1.000000
misc
0  -10.551991 -16.665026 65.564072  -0.672344 -0.712901 -0.199313  0.749152 0.475724 1 0 1.000000
0  -10.299432 -17.079945 65.717407  -0.701741 -0.685131 -0.195331  0.749152 0.475824 1 0 1.000000
0  -10.267859 -17.043865 65.780556  -0.094068 -0.160748 0.982503  0.749152 0.475824 1 0 1.000000
misc
0  -10.267859 -17.043865 65.780556  -0.094068 -0.160748 0.982503  0.749152 0.475824 1 0 1.000000
0  -10.299432 -17.079945 65.717407  -0.701741 -0.685131 -0.195331  0.749152 0.475824 1 0 1.000000
0  -9.961179 -17.476824 65.803101  -0.044342 -0.019953 0.998817  0.749152 0.475899 1 0 1.000000
misc
0  -6.371221 -16.867975 55.366962  0.795407 0.576259 0.187758  0.747927 0.475999 1 0 1.000000
0  -7.611470 -15.199275 55.542854  0.795547 0.576068 0.187751  0.748052 0.475799 1 0 1.000000
0  -8.373660 -14.531795 56.733486  0.795477 0.576325 0.187260  0.748177 0.475724 1 0 1.000000
misc
0  -7.611470 -15.199275 55.542854  0.795547 0.576068 0.187751  0.748052 0.475799 1 0 1.000000
0  -8.143649 -14.621996 55.962276  0.795535 0.576232 0.187297  0.748052 0.475724 1 0 1.000000
0  -8.373660 -14.531795 56.733486  0.795477 0.576325 0.187260  0.748177 0.475724 1 0 1.000000
misc
0  -8.459351 -14.522776 56.710938  -0.861649 0.500182 -0.085898  0.748177 0.475699 1 0 1.000000
0  -8.373660 -14.531795 56.733486  0.795477 0.576325 0.187260  0.748177 0.475724 1 0 1.000000
0  -8.143649 -14.621996 55.962276  0.795535 0.576232 0.187297  0.748052 0.475724 1 0 1.000000
misc
0  -1.780040 -23.254135 55.299305  0.795405 0.576261 0.187759  0.747927 0.476774 1 0 1.000000
0  -6.371221 -16.867975 55.366962  0.795407 0.576259 0.187758  0.747927 0.475999 1 0 1.000000
0  -8.373660 -14.531795 56.733486  0.795477 0.576325 0.187260  0.748177 0.475724 1 0 1.000000
misc
0  -1.780040 -23.254135 55.299305  0.795405 0.576261 0.187759  0.747927 0.476774 1 0 1.000000
0  -2.542230 -23.804356 55.078316  0.094729 0.202232 -0.974745  0.747802 0.476774 1 0 1.000000
0  -6.371221 -16.867975 55.366962  0.795407 0.576259 0.187758  0.747927 0.475999 1 0 1.000000
misc
0  -2.542230 -23.804356 55.078316  0.094729 0.202232 -0.974745  0.747802 0.476774 1 0 1.000000
0  -7.142430 -17.413683 55.168522  0.085243 0.207580 -0.974497  0.747927 0.475999 1 0 1.000000
0  -6.371221 -16.867975 55.366962  0.795407 0.576259 0.187758  0.747927 0.475999 1 0 1.000000
misc
0  -6.371221 -16.867975 55.366962  0.795407 0.576259 0.187758  0.747927 0.475999 1 0 1.000000
0  -7.142430 -17.413683 55.168522  0.085243 0.207580 -0.974497  0.747927 0.475999 1 0 1.000000
0  -7.611470 -15.199275 55.542854  0.795547 0.576068 0.187751  0.748052 0.475799 1 0 1.000000
misc
0  -7.142430 -17.413683 55.168522  0.085243 0.207580 -0.974497  0.747927 0.475999 1 0 1.000000
0  -8.373660 -15.744986 55.321854  -0.087718 0.298656 -0.950321  0.747927 0.475749 1 0 1.000000
0  -7.611470 -15.199275 55.542854  0.795547 0.576068 0.187751  0.748052 0.475799 1 0 1.000000
misc
0  -8.143649 -14.621996 55.962276  0.795535 0.576232 0.187297  0.748052 0.475724 1 0 1.000000
0  -7.611470 -15.199275 55.542854  0.795547 0.576068 0.187751  0.748052 0.475799 1 0 1.000000
0  -8.373660 -15.744986 55.321854  -0.087718 0.298656 -0.950321  0.747927 0.475749 1 0 1.000000
misc
0  -8.373660 -15.744986 55.321854  -0.087718 0.298656 -0.950321  0.747927 0.475749 1 0 1.000000
0  -8.901332 -15.172215 55.763836  -0.881590 -0.450350 -0.141362  0.748052 0.475649 1 0 1.000000
0  -8.143649 -14.621996 55.962276  0.795535 0.576232 0.187297  0.748052 0.475724 1 0 1.000000
misc
0  -8.459351 -14.522776 56.710938  -0.861649 0.500182 -0.085898  0.748177 0.475699 1 0 1.000000
0  -8.143649 -14.621996 55.962276  0.795535 0.576232 0.187297  0.748052 0.475724 1 0 1.000000
0  -8.901332 -15.172215 55.763836  -0.881590 -0.450350 -0.141362  0.748052 0.475649 1 0 1.000000
misc
0  -8.901332 -15.172215 55.763836  -0.881590 -0.450350 -0.141362  0.748052 0.475649 1 0 1.000000
0  -9.167420 -15.027896 56.512497  -0.822519 0.533240 0.197779  0.748177 0.475624 1 0 1.000000
0  -8.459351 -14.522776 56.710938  -0.861649 0.500182 -0.085898  0.748177 0.475699 1 0 1.000000
misc
0  -8.459351 -14.522776 56.710938  -0.861649 0.500182 -0.085898  0.748177 0.475699 1 0 1.000000
0  -9.167420 -15.027896 56.512497  -0.822519 0.533240 0.197779  0.748177 0.475624 1 0 1.000000
0  -10.642190 -16.200493 64.923653  -0.813497 0.317827 0.487041  0.749027 0.475649 1 0 1.000000
misc
0  -10.651212 -16.277164 64.901100  -0.763523 -0.567361 0.308439  0.749027 0.475649 1 0 1.000000
0  -10.642190 -16.200493 64.923653  -0.813497 0.317827 0.487041  0.749027 0.475649 1 0 1.000000
0  -9.167420 -15.027896 56.512497  -0.822519 0.533240 0.197779  0.748177 0.475624 1 0 1.000000
misc
0  -10.642190 -16.200493 64.923653  -0.813497 0.317827 0.487041  0.749027 0.475649 1 0 1.000000
0  -10.651212 -16.277164 64.901100  -0.763523 -0.567361 0.308439  0.749027 0.475649 1 0 1.000000
0  -10.651212 -16.403444 65.230331  -0.741738 -0.624177 -0.245414  0.749027 0.475649 1 0 1.000000
misc
0  -9.167420 -15.027896 56.512497  -0.822519 0.533240 0.197779  0.748177 0.475624 1 0 1.000000
0  -9.189971 -15.118094 56.489948  -0.764905 -0.611986 -0.200979  0.748177 0.475624 1 0 1.000000
0  -10.651212 -16.277164 64.901100  -0.763523 -0.567361 0.308439  0.749027 0.475649 1 0 1.000000
misc
0  -9.189971 -15.118094 56.489948  -0.764905 -0.611986 -0.200979  0.748177 0.475624 1 0 1.000000
0  -9.167420 -15.027896 56.512497  -0.822519 0.533240 0.197779  0.748177 0.475624 1 0 1.000000
0  -8.901332 -15.172215 55.763836  -0.881590 -0.450350 -0.141362  0.748052 0.475649 1 0 1.000000
misc
0  1.110869 -6.711453 52.809792  -0.875345 0.483500 -0.000028  0.748302 0.479924 1 0 1.000000
0  -8.869762 -14.040206 52.877438  -0.875348 0.483493 0.000055  0.746227 0.479924 1 0 1.000000
0  -8.441312 -14.134915 53.166080  -0.000133 -0.000046 1.000000  0.746227 0.479874 1 0 1.000000
misc
0  -8.441312 -14.134915 53.166080  -0.000133 -0.000046 1.000000  0.746227 0.479874 1 0 1.000000
0  1.300289 -6.973034 53.143528  -0.000041 -0.000004 1.000000  0.748302 0.479874 1 0 1.000000
0  1.110869 -6.711453 52.809792  -0.875345 0.483500 -0.000028  0.748302 0.479924 1 0 1.000000
misc
0  1.507749 -6.828714 52.809792  0.483654 0.875259 0.000250  0.748302 0.479874 1 0 1.000000
0  1.110869 -6.711453 52.809792  -0.875345 0.483500 -0.000028  0.748302 0.479924 1 0 1.000000
0  1.300289 -6.973034 53.143528  -0.000041 -0.000004 1.000000  0.748302 0.479874 1 0 1.000000
misc
0  9.950471 -18.775703 52.809792  0.483635 0.875270 -0.000229  0.748302 0.477249 1 0 1.000000
0  1.507749 -6.828714 52.809792  0.483654 0.875259 0.000250  0.748302 0.479874 1 0 1.000000
0  1.300289 -6.973034 53.143528  -0.000041 -0.000004 1.000000  0.748302 0.479874 1 0 1.000000
misc
0  1.300289 -6.973034 53.143528  -0.000041 -0.000004 1.000000  0.748302 0.479874 1 0 1.000000
0  9.752031 -18.717075 53.120979  -0.000515 0.000096 1.000000  0.748302 0.477274 1 0 1.000000
0  9.950471 -18.775703 52.809792  0.483635 0.875270 -0.000229  0.748302 0.477249 1 0 1.000000
misc
0  9.752031 -18.717075 53.120979  -0.000515 0.000096 1.000000  0.748302 0.477274 1 0 1.000000
0  1.300289 -6.973034 53.143528  -0.000041 -0.000004 1.000000  0.748302 0.479874 1 0 1.000000
0  -8.441312 -14.134915 53.166080  -0.000133 -0.000046 1.000000  0.746227 0.479874 1 0 1.000000
misc
0  -8.441312 -14.134915 53.166080  -0.000133 -0.000046 1.000000  0.746227 0.479874 1 0 1.000000
0  0.010431 -25.874445 53.166080  -0.000014 -0.000062 1.000000  0.746227 0.477274 1 0 1.000000
0  9.752031 -18.717075 53.120979  -0.000515 0.000096 1.000000  0.748302 0.477274 1 0 1.000000
misc
0  9.752031 -18.717075 53.120979  -0.000515 0.000096 1.000000  0.748302 0.477274 1 0 1.000000
0  0.010431 -25.874445 53.166080  -0.000014 -0.000062 1.000000  0.746227 0.477274 1 0 1.000000
0  -0.039179 -26.311916 52.877438  0.875165 -0.483825 0.000065  0.746227 0.477224 1 0 1.000000
misc
0  -0.039179 -26.311916 52.877438  0.875165 -0.483825 0.000065  0.746227 0.477224 1 0 1.000000
0  9.950471 -18.775703 52.809792  0.875301 -0.483579 0.000032  0.748302 0.477249 1 0 1.000000
0  9.752031 -18.717075 53.120979  -0.000515 0.000096 1.000000  0.748302 0.477274 1 0 1.000000
misc
0  3.609410 -24.025345 52.151329  0.841817 -0.446344 0.303514  0.746952 0.481999 1 0 1.000000
0  3.447050 -23.804356 52.525658  0.847756 -0.449531 0.281482  0.746577 0.481974 1 0 1.000000
0  2.914870 -24.539486 52.151329  0.841502 -0.446142 0.304683  0.746952 0.481174 1 0 1.000000
misc
0  2.748000 -24.323006 52.525658  0.848125 -0.449594 0.280267  0.746577 0.481324 1 0 1.000000
0  2.914870 -24.539486 52.151329  0.841502 -0.446142 0.304683  0.746952 0.481174 1 0 1.000000
0  3.447050 -23.804356 52.525658  0.847756 -0.449531 0.281482  0.746577 0.481974 1 0 1.000000
misc
0  2.748000 -24.323006 52.525658  0.848125 -0.449594 0.280267  0.746577 0.481324 1 0 1.000000
0  3.447050 -23.804356 52.525658  0.847756 -0.449531 0.281482  0.746577 0.481974 1 0 1.000000
0  3.361360 -23.682587 53.184120  0.882092 -0.467730 0.056047  0.747077 0.481849 1 0 1.000000
misc
0  3.361360 -23.682587 53.184120  0.882095 -0.467727 0.056038  0.747077 0.481849 1 0 1.000000
0  2.653291 -24.210255 53.166080  0.882085 -0.467773 0.055813  0.747077 0.481399 1 0 1.000000
0  2.748000 -24.323006 52.525658  0.848128 -0.449556 0.280318  0.746577 0.481324 1 0 1.000000
misc
0  -7.318319 -17.526434 55.475197  -0.475994 -0.850865 -0.222395  0.748652 0.476624 1 0 1.000000
0  -7.228120 -17.463293 55.321854  -0.103779 -0.134640 -0.985445  0.748652 0.476624 1 0 1.000000
0  -2.614390 -23.881027 55.254208  -0.095191 -0.139450 -0.985643  0.748652 0.477574 1 0 1.000000
misc
0  -2.614390 -23.881027 55.254208  -0.095191 -0.139450 -0.985643  0.748652 0.477574 1 0 1.000000
0  -2.709100 -23.935144 55.389507  -0.475985 -0.850882 -0.222349  0.748652 0.477574 1 0 1.000000
0  -7.318319 -17.526434 55.475197  -0.475994 -0.850865 -0.222395  0.748652 0.476624 1 0 1.000000
misc
0  -2.709100 -23.935144 55.389507  -0.475985 -0.850882 -0.222349  0.748652 0.477574 1 0 1.000000
0  -2.614390 -23.881027 55.254208  -0.095191 -0.139450 -0.985643  0.748652 0.477574 1 0 1.000000
0  -1.680819 -25.211477 55.321854  0.054135 -0.227775 -0.972208  0.748652 0.477774 1 0 1.000000
misc
0  -1.680819 -25.211477 55.321854  0.054135 -0.227775 -0.972208  0.748652 0.477774 1 0 1.000000
0  -1.784550 -25.256575 55.475197  -0.475971 -0.850871 -0.222418  0.748527 0.477774 1 0 1.000000
0  -2.709100 -23.935144 55.389507  -0.475985 -0.850882 -0.222349  0.748652 0.477574 1 0 1.000000
misc
0  -1.261390 -26.117987 55.804424  -0.476022 -0.850731 -0.222845  0.748527 0.477899 1 0 1.000000
0  -1.784550 -25.256575 55.475197  -0.475971 -0.850871 -0.222418  0.748527 0.477774 1 0 1.000000
0  -1.680819 -25.211477 55.321854  0.054135 -0.227775 -0.972208  0.748652 0.477774 1 0 1.000000
misc
0  -1.108049 -26.158575 55.718735  0.591845 -0.678356 -0.435378  0.748527 0.477924 1 0 1.000000
0  -1.261390 -26.117987 55.804424  -0.476022 -0.850731 -0.222845  0.748527 0.477899 1 0 1.000000
0  -1.680819 -25.211477 55.321854  0.054135 -0.227775 -0.972208  0.748652 0.477774 1 0 1.000000
misc
0  -1.261390 -26.117987 55.804424  -0.476022 -0.850731 -0.222845  0.748527 0.477899 1 0 1.000000
0  -1.108049 -26.158575 55.718735  0.591845 -0.678356 -0.435378  0.748527 0.477924 1 0 1.000000
0  -1.108049 -26.402117 56.359154  0.630474 -0.752678 -0.189681  0.748427 0.477949 1 0 1.000000
misc
0  -1.108049 -26.402117 56.359154  0.630474 -0.752678 -0.189681  0.748427 0.477949 1 0 1.000000
0  -1.265900 -26.311916 56.359154  -0.476199 -0.850773 -0.222306  0.748427 0.477924 1 0 1.000000
0  -1.261390 -26.117987 55.804424  -0.476022 -0.850731 -0.222845  0.748527 0.477899 1 0 1.000000
misc
0  -2.578309 -27.556675 64.770309  0.597465 -0.800774 0.042395  0.747077 0.477924 1 0 1.000000
0  -1.265900 -26.311916 56.359154  -0.476199 -0.850773 -0.222306  0.748427 0.477924 1 0 1.000000
0  -1.108049 -26.402117 56.359154  0.630474 -0.752678 -0.189681  0.748427 0.477949 1 0 1.000000
misc
0  -1.265900 -26.311916 56.359154  -0.476199 -0.850773 -0.222306  0.748427 0.477924 1 0 1.000000
0  -2.578309 -27.556675 64.770309  0.597465 -0.800774 0.042395  0.747077 0.477924 1 0 1.000000
0  -2.736159 -27.470985 64.725212  -0.476084 -0.850923 -0.221979  0.747077 0.477899 1 0 1.000000
misc
0  -2.812829 -27.448435 64.946198  -0.476106 -0.850918 -0.221951  0.747077 0.477899 1 0 1.000000
0  -2.736159 -27.470985 64.725212  -0.476084 -0.850923 -0.221979  0.747077 0.477899 1 0 1.000000
0  -2.578309 -27.556675 64.770309  0.597465 -0.800774 0.042395  0.747077 0.477924 1 0 1.000000
misc
0  -2.578309 -27.556675 64.770309  0.597465 -0.800774 0.042395  0.747077 0.477924 1 0 1.000000
0  -2.677528 -27.534126 65.031891  0.481366 -0.814210 0.324575  0.747077 0.477924 1 0 1.000000
0  -2.812829 -27.448435 64.946198  -0.476106 -0.850918 -0.221951  0.747077 0.477899 1 0 1.000000
misc
0  -2.812829 -27.448435 64.946198  -0.476106 -0.850918 -0.221951  0.747077 0.477899 1 0 1.000000
0  -2.677528 -27.534126 65.031891  0.481366 -0.814210 0.324575  0.747077 0.477924 1 0 1.000000
0  -2.939109 -27.340197 65.144638  -0.475990 -0.850983 -0.221949  0.747077 0.477874 1 0 1.000000
misc
0  -2.844398 -27.394314 65.297981  0.164442 -0.731270 0.661969  0.746952 0.477899 1 0 1.000000
0  -2.939109 -27.340197 65.144638  -0.475990 -0.850983 -0.221949  0.747077 0.477874 1 0 1.000000
0  -2.677528 -27.534126 65.031891  0.481366 -0.814210 0.324575  0.747077 0.477924 1 0 1.000000
misc
0  -2.939109 -27.340197 65.144638  -0.475990 -0.850983 -0.221949  0.747077 0.477874 1 0 1.000000
0  -2.844398 -27.394314 65.297981  0.164442 -0.731270 0.661969  0.746952 0.477899 1 0 1.000000
0  -3.169119 -27.060575 65.252876  -0.475987 -0.850870 -0.222390  0.746952 0.477824 1 0 1.000000
misc
0  -3.114999 -27.074104 65.428772  -0.125707 -0.590705 0.797035  0.746952 0.477849 1 0 1.000000
0  -3.169119 -27.060575 65.252876  -0.475987 -0.850870 -0.222390  0.746952 0.477824 1 0 1.000000
0  -2.844398 -27.394314 65.297981  0.164442 -0.731270 0.661969  0.746952 0.477899 1 0 1.000000
misc
0  -3.169119 -27.060575 65.252876  -0.475987 -0.850870 -0.222390  0.746952 0.477824 1 0 1.000000
0  -3.114999 -27.074104 65.428772  -0.125707 -0.590705 0.797035  0.746952 0.477849 1 0 1.000000
0  -3.439718 -26.686245 65.275421  -0.475960 -0.850881 -0.222405  0.746952 0.477774 1 0 1.000000
misc
0  -3.403639 -26.677225 65.451317  -0.235538 -0.531289 0.813790  0.746952 0.477774 1 0 1.000000
0  -3.439718 -26.686245 65.275421  -0.475960 -0.850881 -0.222405  0.746952 0.477774 1 0 1.000000
0  -3.114999 -27.074104 65.428772  -0.125707 -0.590705 0.797035  0.746952 0.477849 1 0 1.000000
misc
0  -3.439718 -26.686245 65.275421  -0.475960 -0.850881 -0.222405  0.746952 0.477774 1 0 1.000000
0  -3.403639 -26.677225 65.451317  -0.235538 -0.531289 0.813790  0.746952 0.477774 1 0 1.000000
0  -10.046870 -17.512903 65.388176  -0.475730 -0.850927 -0.222721  0.746952 0.476424 1 0 1.000000
misc
0  -10.015300 -17.481333 65.582115  -0.294381 -0.498944 0.815104  0.746952 0.476424 1 0 1.000000
0  -10.046870 -17.512903 65.388176  -0.475730 -0.850927 -0.222721  0.746952 0.476424 1 0 1.000000
0  -3.403639 -26.677225 65.451317  -0.235538 -0.531289 0.813790  0.746952 0.477774 1 0 1.000000
misc
0  -10.299432 -17.143084 65.388176  -0.475670 -0.850969 -0.222690  0.746952 0.476374 1 0 1.000000
0  -10.046870 -17.512903 65.388176  -0.475730 -0.850927 -0.222721  0.746952 0.476424 1 0 1.000000
0  -10.015300 -17.481333 65.582115  -0.294381 -0.498944 0.815104  0.746952 0.476424 1 0 1.000000
misc
0  -10.015300 -17.481333 65.582115  -0.294381 -0.498944 0.815104  0.746952 0.476424 1 0 1.000000
0  -10.290410 -17.088966 65.564072  -0.403441 -0.437071 0.803868  0.746952 0.476374 1 0 1.000000
0  -10.299432 -17.143084 65.388176  -0.475670 -0.850969 -0.222690  0.746952 0.476374 1 0 1.000000
misc
0  -10.497869 -16.831894 65.275421  -0.475740 -0.850854 -0.222977  0.747077 0.476324 1 0 1.000000
0  -10.299432 -17.143084 65.388176  -0.475670 -0.850969 -0.222690  0.746952 0.476374 1 0 1.000000
0  -10.290410 -17.088966 65.564072  -0.403441 -0.437071 0.803868  0.746952 0.476374 1 0 1.000000
misc
0  -10.290410 -17.088966 65.564072  -0.403441 -0.437071 0.803868  0.746952 0.476374 1 0 1.000000
0  -10.520421 -16.723656 65.428772  -0.681682 -0.262973 0.682756  0.746952 0.476299 1 0 1.000000
0  -10.497869 -16.831894 65.275421  -0.475740 -0.850854 -0.222977  0.747077 0.476324 1 0 1.000000
misc
0  -10.597091 -16.516195 65.189735  -0.932816 -0.031510 0.358972  0.747077 0.476274 1 0 1.000000
0  -10.497869 -16.831894 65.275421  -0.475740 -0.850854 -0.222977  0.747077 0.476324 1 0 1.000000
0  -10.520421 -16.723656 65.428772  -0.681682 -0.262973 0.682756  0.746952 0.476299 1 0 1.000000
misc
0  -10.497869 -16.831894 65.275421  -0.475740 -0.850854 -0.222977  0.747077 0.476324 1 0 1.000000
0  -10.597091 -16.516195 65.189735  -0.932816 -0.031510 0.358972  0.747077 0.476274 1 0 1.000000
0  -10.551991 -16.674046 65.076996  -0.475587 -0.851080 -0.222441  0.747077 0.476299 1 0 1.000000
misc
0  -10.551991 -16.674046 65.076996  -0.475587 -0.851080 -0.222441  0.747077 0.476299 1 0 1.000000
0  -10.597091 -16.516195 65.189735  -0.932816 -0.031510 0.358972  0.747077 0.476274 1 0 1.000000
0  -10.597091 -16.407955 64.901100  -0.993576 0.079266 0.080764  0.747077 0.476249 1 0 1.000000
misc
0  -10.597091 -16.407955 64.901100  -0.993576 0.079266 0.080764  0.747077 0.476249 1 0 1.000000
0  -10.551991 -16.583845 64.856003  -0.475613 -0.851076 -0.222401  0.747077 0.476274 1 0 1.000000
0  -10.551991 -16.674046 65.076996  -0.475587 -0.851080 -0.222441  0.747077 0.476299 1 0 1.000000
misc
0  -9.099770 -15.429285 56.489948  -0.475453 -0.851123 -0.222564  0.748427 0.476274 1 0 1.000000
0  -10.551991 -16.583845 64.856003  -0.475613 -0.851076 -0.222401  0.747077 0.476274 1 0 1.000000
0  -10.597091 -16.407955 64.901100  -0.993576 0.079266 0.080764  0.747077 0.476249 1 0 1.000000
misc
0  -10.597091 -16.407955 64.901100  -0.993576 0.079266 0.080764  0.747077 0.476249 1 0 1.000000
0  -9.131339 -15.244375 56.489948  -0.978950 0.137616 -0.150730  0.748427 0.476249 1 0 1.000000
0  -9.099770 -15.429285 56.489948  -0.475453 -0.851123 -0.222564  0.748427 0.476274 1 0 1.000000
misc
0  -8.914862 -15.474385 55.939724  -0.475646 -0.851120 -0.222164  0.748527 0.476299 1 0 1.000000
0  -9.099770 -15.429285 56.489948  -0.475453 -0.851123 -0.222564  0.748427 0.476274 1 0 1.000000
0  -9.131339 -15.244375 56.489948  -0.978950 0.137616 -0.150730  0.748427 0.476249 1 0 1.000000
misc
0  -9.131339 -15.244375 56.489948  -0.978950 0.137616 -0.150730  0.748427 0.476249 1 0 1.000000
0  -8.901332 -15.312025 55.849529  -0.904625 0.149239 -0.399226  0.748527 0.476274 1 0 1.000000
0  -8.914862 -15.474385 55.939724  -0.475646 -0.851120 -0.222164  0.748527 0.476299 1 0 1.000000
misc
0  -8.450330 -15.817145 55.497746  -0.257154 -0.055544 -0.964773  0.748527 0.476374 1 0 1.000000
0  -8.914862 -15.474385 55.939724  -0.475646 -0.851120 -0.222164  0.748527 0.476299 1 0 1.000000
0  -8.901332 -15.312025 55.849529  -0.904625 0.149239 -0.399226  0.748527 0.476274 1 0 1.000000
misc
0  -8.914862 -15.474385 55.939724  -0.475646 -0.851120 -0.222164  0.748527 0.476299 1 0 1.000000
0  -8.450330 -15.817145 55.497746  -0.257154 -0.055544 -0.964773  0.748527 0.476374 1 0 1.000000
0  -8.517980 -15.916366 55.628540  -0.475744 -0.851090 -0.222064  0.748527 0.476374 1 0 1.000000
misc
0  -8.517980 -15.916366 55.628540  -0.475744 -0.851090 -0.222064  0.748527 0.476374 1 0 1.000000
0  -8.450330 -15.817145 55.497746  -0.257154 -0.055544 -0.964773  0.748527 0.476374 1 0 1.000000
0  -7.228120 -17.463293 55.321854  -0.103779 -0.134640 -0.985445  0.748652 0.476624 1 0 1.000000
misc
0  -7.228120 -17.463293 55.321854  -0.103779 -0.134640 -0.985445  0.748652 0.476624 1 0 1.000000
0  -7.318319 -17.526434 55.475197  -0.475994 -0.850865 -0.222395  0.748652 0.476624 1 0 1.000000
0  -8.517980 -15.916366 55.628540  -0.475744 -0.851090 -0.222064  0.748527 0.476374 1 0 1.000000
misc
0  1.381469 -16.358345 47.285038  0.020654 0.245043 0.969292  0.599302 0.403574 1 0 1.000000
0  1.367939 -16.822874 47.330135  0.001151 -0.071916 0.997410  0.599727 0.403574 1 0 1.000000
0  10.748740 -16.876995 47.330135  0.001717 -0.072078 0.997397  0.599802 0.412949 1 0 1.000000
misc
0  10.748740 -16.876995 47.330135  0.001717 -0.072078 0.997397  0.599802 0.412949 1 0 1.000000
0  10.748740 -16.416975 47.285038  -0.022091 0.231208 0.972654  0.599377 0.412949 1 0 1.000000
0  1.381469 -16.358345 47.285038  0.020654 0.245043 0.969292  0.599302 0.403574 1 0 1.000000
misc
0  11.136600 -16.872484 46.933254  0.999699 0.008862 0.022877  0.601077 0.410224 1 0 1.000000
0  10.762270 -20.854816 47.172287  0.002110 -0.072010 0.997402  0.601502 0.407899 1 0 1.000000
0  11.141110 -20.994625 46.820507  0.999692 0.008877 0.023191  0.601502 0.410224 1 0 1.000000
misc
0  11.136600 -16.872484 46.933254  0.999699 0.008862 0.022877  0.601077 0.410224 1 0 1.000000
0  10.748740 -16.876995 47.330135  0.001717 -0.072078 0.997397  0.601077 0.407899 1 0 1.000000
0  10.762270 -20.854816 47.172287  0.002110 -0.072010 0.997402  0.601502 0.407899 1 0 1.000000
misc
0  11.136600 -16.872484 46.933254  0.999699 0.008862 0.022877  0.601077 0.410224 1 0 1.000000
0  10.748740 -16.416975 47.285038  -0.022091 0.231208 0.972654  0.600952 0.407899 1 0 1.000000
0  10.748740 -16.876995 47.330135  0.001717 -0.072078 0.997397  0.601077 0.407899 1 0 1.000000
misc
0  11.136600 -16.407955 46.888157  0.999699 0.008856 0.022897  0.600952 0.410224 1 0 1.000000
0  10.748740 -16.416975 47.285038  -0.022091 0.231208 0.972654  0.600952 0.407899 1 0 1.000000
0  11.136600 -16.872484 46.933254  0.999699 0.008862 0.022877  0.601077 0.410224 1 0 1.000000
misc
0  10.865998 -7.405993 45.147293  -0.010606 -0.041533 0.999081  0.598402 0.407899 1 0 1.000000
0  10.748740 -16.416975 47.285038  -0.022091 0.231208 0.972654  0.600952 0.407899 1 0 1.000000
0  11.136600 -16.407955 46.888157  0.999699 0.008856 0.022897  0.600952 0.410224 1 0 1.000000
misc
0  11.136600 -16.407955 46.888157  0.999699 0.008856 0.022897  0.600952 0.410224 1 0 1.000000
0  11.253860 -7.302263 44.772964  0.999441 0.007719 0.032535  0.598402 0.410224 1 0 1.000000
0  10.865998 -7.405993 45.147293  -0.010606 -0.041533 0.999081  0.598402 0.407899 1 0 1.000000
misc
0  10.865998 -7.405993 45.147293  -0.010681 -0.041571 0.999078  0.598402 0.407899 1 0 1.000000
0  11.253860 -7.302263 44.772964  0.999440 0.007716 0.032554  0.598402 0.410224 1 0 1.000000
0  10.829919 5.979689 45.697517  -0.010999 -0.041593 0.999074  0.594602 0.407899 1 0 1.000000
misc
0  11.226798 5.979689 45.300636  0.999434 0.007669 0.032751  0.594602 0.410224 1 0 1.000000
0  10.829919 5.979689 45.697517  -0.010999 -0.041593 0.999074  0.594602 0.407899 1 0 1.000000
0  11.253860 -7.302263 44.772964  0.999440 0.007716 0.032554  0.598402 0.410224 1 0 1.000000
misc
0  10.500690 -11.852854 46.031254  -0.010604 -0.041150 0.999097  0.596002 0.412949 1 0 1.000000
0  10.626969 -8.961944 45.323189  -0.010601 -0.041156 0.999097  0.596202 0.403624 1 0 1.000000
0  1.724229 -8.989004 45.237495  -0.010595 -0.041186 0.999095  0.603027 0.403574 1 0 1.000000
misc
0  1.724229 -8.989004 45.237495  -0.010595 -0.041186 0.999095  0.603027 0.403574 1 0 1.000000
0  1.548339 -11.839325 45.986156  -0.010607 -0.041176 0.999096  0.603027 0.412949 1 0 1.000000
0  10.500690 -11.852854 46.031254  -0.010604 -0.041150 0.999097  0.596002 0.412949 1 0 1.000000
misc
0  10.387939 -8.091514 45.282593  -0.010629 -0.041182 0.999095  0.698002 0.397774 1 0 1.000000
0  10.374409 -8.501924 45.390835  -0.010581 -0.041166 0.999096  0.677977 0.397774 1 0 1.000000
0  10.771289 -8.501924 45.390835  -0.010637 -0.041163 0.999096  0.677977 0.377249 1 0 1.000000
misc
0  10.771289 -8.501924 45.390835  -0.010637 -0.041163 0.999096  0.677977 0.377249 1 0 1.000000
0  10.771289 -8.091514 45.300636  -0.010666 -0.041188 0.999094  0.698002 0.377249 1 0 1.000000
0  10.387939 -8.091514 45.282593  -0.010629 -0.041182 0.999095  0.698002 0.397774 1 0 1.000000
misc
0  1.818939 -7.960724 45.147293  -0.010646 -0.041164 0.999096  0.698002 0.397774 1 0 1.000000
0  1.435588 -7.960724 45.147293  -0.010567 -0.041188 0.999096  0.698002 0.377249 1 0 1.000000
0  1.431078 -8.371134 45.260044  -0.010663 -0.041184 0.999095  0.677977 0.377249 1 0 1.000000
misc
0  1.431078 -8.371134 45.260044  -0.010663 -0.041184 0.999095  0.677977 0.377249 1 0 1.000000
0  1.823449 -8.371134 45.282593  -0.010696 -0.041164 0.999095  0.677977 0.397774 1 0 1.000000
0  1.818939 -7.960724 45.147293  -0.010646 -0.041164 0.999096  0.698002 0.397774 1 0 1.000000
misc
0  1.873059 -12.060314 46.207146  0.002963 0.968144 -0.250378  0.599127 0.417124 1 0 1.000000
0  1.548339 -11.839325 45.986156  0.003072 0.968068 -0.250667  0.599127 0.414174 1 0 1.000000
0  1.372449 -12.060314 46.207146  -0.005174 0.343295 0.939214  0.600827 0.414174 1 0 1.000000
misc
0  10.500690 -11.852854 46.031254  0.003089 0.968058 -0.250707  0.597477 0.414174 1 0 1.000000
0  1.548339 -11.839325 45.986156  0.003072 0.968068 -0.250667  0.599127 0.414174 1 0 1.000000
0  1.873059 -12.060314 46.207146  0.002963 0.968144 -0.250378  0.599127 0.417124 1 0 1.000000
misc
0  1.873059 -12.060314 46.207146  0.002963 0.968144 -0.250378  0.599127 0.417124 1 0 1.000000
0  10.203031 -12.037764 46.247738  0.003173 0.968156 -0.250327  0.597477 0.417124 1 0 1.000000
0  10.500690 -11.852854 46.031254  0.003089 0.968058 -0.250707  0.597477 0.414174 1 0 1.000000
misc
0  10.654030 -12.033255 46.247738  -0.004203 0.235064 0.971971  0.595777 0.414174 1 0 1.000000
0  10.500690 -11.852854 46.031254  0.003089 0.968058 -0.250707  0.597477 0.414174 1 0 1.000000
0  10.203031 -12.037764 46.247738  0.003173 0.968156 -0.250327  0.597477 0.417124 1 0 1.000000
misc
0  10.338330 -12.159534 46.337936  0.032320 0.305948 0.951499  0.595777 0.417124 1 0 1.000000
0  10.654030 -12.033255 46.247738  -0.004203 0.235064 0.971971  0.595777 0.414174 1 0 1.000000
0  10.203031 -12.037764 46.247738  0.003173 0.968156 -0.250327  0.597477 0.417124 1 0 1.000000
misc
0  10.383430 -15.916364 47.172287  0.003395 0.249448 0.968382  0.594352 0.417124 1 0 1.000000
0  10.748740 -16.416975 47.285038  -0.001801 0.239404 0.970918  0.594252 0.414174 1 0 1.000000
0  10.654030 -12.033255 46.247738  -0.004203 0.235064 0.971971  0.605777 0.414174 1 0 1.000000
misc
0  10.654030 -12.033255 46.247738  -0.004203 0.235064 0.971971  0.605777 0.414174 1 0 1.000000
0  10.338330 -12.159534 46.337936  0.032320 0.305948 0.951499  0.605777 0.417124 1 0 1.000000
0  10.383430 -15.916364 47.172287  0.003395 0.249448 0.968382  0.594352 0.417124 1 0 1.000000
misc
0  9.846740 -9.052143 45.832817  -0.004456 0.276445 0.961020  0.504652 0.252199 1 0 1.000000
0  2.396218 -9.088224 45.742619  -0.003919 0.276544 0.960993  0.616877 0.252199 1 0 1.000000
0  2.342099 -11.347734 46.405586  -0.003945 0.277163 0.960815  0.616877 0.286499 1 0 1.000000
misc
0  2.342099 -11.347734 46.405586  -0.003945 0.277163 0.960815  0.616877 0.286499 1 0 1.000000
0  9.941450 -11.379303 46.405586  -0.004230 0.277208 0.960800  0.504652 0.286499 1 0 1.000000
0  9.846740 -9.052143 45.832817  -0.004456 0.276445 0.961020  0.504652 0.252199 1 0 1.000000
misc
0  2.450340 -23.926123 53.166080  -0.152960 -0.094899 0.983665  0.747077 0.481424 1 0 1.000000
0  3.361360 -23.682587 53.184120  -0.049305 0.026698 0.998427  0.747077 0.481849 1 0 1.000000
0  3.158411 -23.407476 53.184120  -0.049285 0.026682 0.998428  0.747202 0.481824 1 0 1.000000
misc
0  2.653291 -24.210255 53.166080  -0.152953 -0.094882 0.983668  0.747077 0.481399 1 0 1.000000
0  3.361360 -23.682587 53.184120  -0.049305 0.026698 0.998427  0.747077 0.481849 1 0 1.000000
0  2.450340 -23.926123 53.166080  -0.152960 -0.094899 0.983665  0.747077 0.481424 1 0 1.000000
misc
0  3.604900 -24.011818 51.357567  0.882107 -0.467711 0.055974  0.708002 0.423574 1 0 1.000000
0  3.609410 -24.025345 52.151329  0.841817 -0.446344 0.303514  0.708002 0.440999 1 0 1.000000
0  2.914870 -24.539486 52.151329  0.841502 -0.446142 0.304683  0.689202 0.440999 1 0 1.000000
misc
0  2.914870 -24.539486 52.151329  0.841502 -0.446142 0.304683  0.689202 0.440999 1 0 1.000000
0  2.910361 -24.530468 51.357567  0.882124 -0.467697 0.055819  0.689202 0.423574 1 0 1.000000
0  3.604900 -24.011818 51.357567  0.882107 -0.467711 0.055974  0.708002 0.423574 1 0 1.000000
misc
0  -4.991161 -11.735594 53.206669  -0.000260 0.000348 1.000000  0.747077 0.481824 1 0 1.000000
0  -5.252741 -11.379304 53.098427  -0.000271 0.000339 1.000000  0.747077 0.481849 1 0 1.000000
0  -5.960811 -11.893445 53.098427  -0.044491 -0.153607 0.987130  0.747077 0.481399 1 0 1.000000
misc
0  -5.960811 -11.893445 53.098427  -0.044491 -0.153607 0.987130  0.747077 0.481399 1 0 1.000000
0  -5.708252 -12.254244 53.206669  -0.044540 -0.153615 0.987126  0.747077 0.481424 1 0 1.000000
0  -4.991161 -11.735594 53.206669  -0.000260 0.000348 1.000000  0.747077 0.481824 1 0 1.000000
misc
0  -5.401570 -11.194394 51.930340  -0.847630 0.468207 0.249610  0.708002 0.440999 1 0 1.000000
0  -5.401570 -11.194394 51.136578  -0.875315 0.483553 0.000000  0.708002 0.423574 1 0 1.000000
0  -6.096112 -11.699513 51.136578  -0.875309 0.483563 -0.000010  0.689202 0.423574 1 0 1.000000
misc
0  -6.096112 -11.699513 51.136578  -0.875309 0.483563 -0.000010  0.689202 0.423574 1 0 1.000000
0  -6.096112 -11.704024 51.930340  -0.847146 0.468329 0.251020  0.689202 0.440999 1 0 1.000000
0  -5.401570 -11.194394 51.930340  -0.847630 0.468207 0.249610  0.708002 0.440999 1 0 1.000000
misc
0  5.562240 -19.560444 47.835258  0.086071 0.503288 0.859821  0.526027 0.343024 1 0 1.000000
0  5.720090 -19.727316 47.812710  0.475666 0.076496 0.876293  0.538727 0.343024 1 0 1.000000
0  5.769701 -19.713785 47.591721  0.920928 0.194596 0.337676  0.540252 0.351074 1 0 1.000000
misc
0  5.769701 -19.713785 47.591721  0.920928 0.194596 0.337676  0.540252 0.351074 1 0 1.000000
0  5.575770 -19.501816 47.591721  0.264389 0.913206 0.310084  0.524502 0.351074 1 0 1.000000
0  5.562240 -19.560444 47.835258  0.086071 0.503288 0.859821  0.526027 0.343024 1 0 1.000000
misc
0  5.769701 -19.713785 47.591721  0.920928 0.194596 0.337676  0.540077 0.351074 1 0 1.000000
0  5.647930 -19.948305 47.812710  0.454045 -0.606380 0.652799  0.525827 0.343024 1 0 1.000000
0  5.684010 -19.984385 47.591721  0.632821 -0.731493 0.253883  0.524302 0.351074 1 0 1.000000
misc
0  5.769701 -19.713785 47.591721  0.920928 0.194596 0.337676  0.540077 0.351074 1 0 1.000000
0  5.720090 -19.727316 47.812710  0.475666 0.076496 0.876293  0.538577 0.343024 1 0 1.000000
0  5.647930 -19.948305 47.812710  0.454045 -0.606380 0.652799  0.525827 0.343024 1 0 1.000000
misc
0  5.408900 -20.047525 47.591721  -0.320330 -0.937940 0.132877  0.539552 0.351074 1 0 1.000000
0  5.684010 -19.984385 47.591721  0.632821 -0.731493 0.253883  0.523877 0.351074 1 0 1.000000
0  5.647930 -19.948305 47.812710  0.454045 -0.606380 0.652799  0.525277 0.343024 1 0 1.000000
misc
0  5.647930 -19.948305 47.812710  0.454045 -0.606380 0.652799  0.525277 0.343024 1 0 1.000000
0  5.426940 -19.993404 47.812710  -0.261789 -0.596342 0.758844  0.538152 0.343024 1 0 1.000000
0  5.408900 -20.047525 47.591721  -0.320330 -0.937940 0.132877  0.539552 0.351074 1 0 1.000000
misc
0  5.219480 -19.835554 47.591721  -0.971044 -0.217805 0.098154  0.524477 0.351074 1 0 1.000000
0  5.408900 -20.047525 47.591721  -0.320330 -0.937940 0.132877  0.540252 0.351074 1 0 1.000000
0  5.426940 -19.993404 47.812710  -0.261789 -0.596342 0.758844  0.538727 0.343024 1 0 1.000000
misc
0  5.426940 -19.993404 47.812710  -0.261789 -0.596342 0.758844  0.538727 0.343024 1 0 1.000000
0  5.269090 -19.826536 47.812710  -0.653882 -0.169793 0.737298  0.525977 0.343024 1 0 1.000000
0  5.219480 -19.835554 47.591721  -0.971044 -0.217805 0.098154  0.524477 0.351074 1 0 1.000000
misc
0  5.336740 -19.610054 47.812710  -0.590896 0.531823 0.606636  0.538852 0.343024 1 0 1.000000
0  5.562240 -19.560444 47.835258  0.086071 0.503288 0.859821  0.526102 0.343024 1 0 1.000000
0  5.575770 -19.501816 47.591721  0.264389 0.913206 0.310084  0.524577 0.351074 1 0 1.000000
misc
0  5.575770 -19.501816 47.591721  0.264389 0.913206 0.310084  0.524577 0.351074 1 0 1.000000
0  5.300660 -19.564955 47.591721  -0.684496 0.702991 0.193049  0.540352 0.351074 1 0 1.000000
0  5.336740 -19.610054 47.812710  -0.590896 0.531823 0.606636  0.538852 0.343024 1 0 1.000000
misc
0  5.269090 -19.826536 47.812710  -0.653882 -0.169793 0.737298  0.538402 0.371949 1 0 1.000000
0  5.562240 -19.560444 47.835258  0.086071 0.503288 0.859821  0.538402 0.351324 1 0 1.000000
0  5.336740 -19.610054 47.812710  -0.590896 0.531823 0.606636  0.544552 0.361449 1 0 1.000000
misc
0  5.269090 -19.826536 47.812710  -0.653882 -0.169793 0.737298  0.538402 0.371949 1 0 1.000000
0  5.426940 -19.993404 47.812710  -0.261789 -0.596342 0.758844  0.526502 0.371949 1 0 1.000000
0  5.562240 -19.560444 47.835258  0.086071 0.503288 0.859821  0.538402 0.351324 1 0 1.000000
misc
0  5.426940 -19.993404 47.812710  -0.261789 -0.596342 0.758844  0.526502 0.371949 1 0 1.000000
0  5.720090 -19.727316 47.812710  0.475666 0.076496 0.876293  0.526502 0.351324 1 0 1.000000
0  5.562240 -19.560444 47.835258  0.086071 0.503288 0.859821  0.538402 0.351324 1 0 1.000000
misc
0  5.426940 -19.993404 47.812710  -0.261789 -0.596342 0.758844  0.526502 0.371949 1 0 1.000000
0  5.647930 -19.948305 47.812710  0.454045 -0.606380 0.652799  0.520477 0.361449 1 0 1.000000
0  5.720090 -19.727316 47.812710  0.475666 0.076496 0.876293  0.526502 0.351324 1 0 1.000000
misc
0  3.171940 -19.619076 47.790157  0.459944 0.647071 0.608071  0.539227 0.342149 1 0 1.000000
0  3.208019 -19.569466 47.546619  0.614214 0.765021 0.193607  0.540652 0.350099 1 0 1.000000
0  2.932910 -19.524366 47.546619  -0.336105 0.935469 0.109232  0.524977 0.350099 1 0 1.000000
misc
0  2.932910 -19.524366 47.546619  -0.336105 0.935469 0.109232  0.524977 0.350099 1 0 1.000000
0  2.946440 -19.573977 47.790157  -0.242780 0.621114 0.745167  0.526377 0.342149 1 0 1.000000
0  3.171940 -19.619076 47.790157  0.459944 0.647071 0.608071  0.539227 0.342149 1 0 1.000000
misc
0  3.302730 -19.840065 47.546619  0.942050 -0.150996 0.299569  0.524477 0.350099 1 0 1.000000
0  3.099780 -20.006935 47.790157  0.143974 -0.470040 0.870824  0.538727 0.342149 1 0 1.000000
0  3.122329 -20.061054 47.546619  0.311299 -0.892289 0.326975  0.540252 0.350099 1 0 1.000000
misc
0  3.302730 -19.840065 47.546619  0.942050 -0.150996 0.299569  0.524477 0.350099 1 0 1.000000
0  3.248610 -19.835554 47.790157  0.518329 -0.029973 0.854656  0.526002 0.342149 1 0 1.000000
0  3.099780 -20.006935 47.790157  0.143974 -0.470040 0.870824  0.538727 0.342149 1 0 1.000000
misc
0  2.874280 -19.970854 47.790157  -0.538483 -0.531677 0.653724  0.525877 0.342149 1 0 1.000000
0  3.122329 -20.061054 47.546619  0.311299 -0.892289 0.326975  0.540127 0.350099 1 0 1.000000
0  3.099780 -20.006935 47.790157  0.143974 -0.470040 0.870824  0.538627 0.342149 1 0 1.000000
misc
0  2.842710 -20.006935 47.546619  -0.644515 -0.721222 0.253849  0.524377 0.350099 1 0 1.000000
0  3.122329 -20.061054 47.546619  0.311299 -0.892289 0.326975  0.540127 0.350099 1 0 1.000000
0  2.874280 -19.970854 47.790157  -0.538483 -0.531677 0.653724  0.525877 0.342149 1 0 1.000000
misc
0  2.747999 -19.740845 47.546619  -0.969207 0.199492 0.144361  0.539827 0.350099 1 0 1.000000
0  2.842710 -20.006935 47.546619  -0.644515 -0.721222 0.253849  0.524127 0.350099 1 0 1.000000
0  2.874280 -19.970854 47.790157  -0.538483 -0.531677 0.653724  0.525552 0.342149 1 0 1.000000
misc
0  2.874280 -19.970854 47.790157  -0.538483 -0.531677 0.653724  0.525552 0.342149 1 0 1.000000
0  2.797609 -19.749865 47.790157  -0.616810 0.178586 0.766585  0.538402 0.342149 1 0 1.000000
0  2.747999 -19.740845 47.546619  -0.969207 0.199492 0.144361  0.539827 0.350099 1 0 1.000000
misc
0  3.171940 -19.619076 47.790157  0.459944 0.647071 0.608071  0.538802 0.342149 1 0 1.000000
0  3.248610 -19.835554 47.790157  0.518329 -0.029973 0.854656  0.526027 0.342149 1 0 1.000000
0  3.302730 -19.840065 47.546619  0.942050 -0.150996 0.299569  0.524527 0.350099 1 0 1.000000
misc
0  3.302730 -19.840065 47.546619  0.942050 -0.150996 0.299569  0.524527 0.350099 1 0 1.000000
0  3.208019 -19.569466 47.546619  0.614214 0.765021 0.193607  0.540277 0.350099 1 0 1.000000
0  3.171940 -19.619076 47.790157  0.459944 0.647071 0.608071  0.538802 0.342149 1 0 1.000000
misc
0  2.946440 -19.573977 47.790157  -0.242780 0.621114 0.745167  0.538402 0.371949 1 0 1.000000
0  3.248610 -19.835554 47.790157  0.518329 -0.029973 0.854656  0.538402 0.351324 1 0 1.000000
0  3.171940 -19.619076 47.790157  0.459944 0.647071 0.608071  0.544552 0.361449 1 0 1.000000
misc
0  3.248610 -19.835554 47.790157  0.518329 -0.029973 0.854656  0.538402 0.351324 1 0 1.000000
0  2.946440 -19.573977 47.790157  -0.242780 0.621114 0.745167  0.538402 0.371949 1 0 1.000000
0  2.797609 -19.749865 47.790157  -0.616810 0.178586 0.766585  0.526502 0.371949 1 0 1.000000
misc
0  2.797609 -19.749865 47.790157  -0.616810 0.178586 0.766585  0.526502 0.371949 1 0 1.000000
0  3.099780 -20.006935 47.790157  0.143974 -0.470040 0.870824  0.526502 0.351324 1 0 1.000000
0  3.248610 -19.835554 47.790157  0.518329 -0.029973 0.854656  0.538402 0.351324 1 0 1.000000
misc
0  2.797609 -19.749865 47.790157  -0.616810 0.178586 0.766585  0.526502 0.371949 1 0 1.000000
0  2.874280 -19.970854 47.790157  -0.538483 -0.531677 0.653724  0.520477 0.361449 1 0 1.000000
0  3.099780 -20.006935 47.790157  0.143974 -0.470040 0.870824  0.526502 0.351324 1 0 1.000000
misc
0  3.289200 -17.346035 47.569168  0.974173 0.201310 0.102275  0.525052 0.350349 1 0 1.000000
0  3.167429 -17.571535 47.812710  0.582624 -0.552631 0.595943  0.539302 0.342399 1 0 1.000000
0  3.203510 -17.616634 47.569168  0.673890 -0.716862 0.178832  0.540702 0.350349 1 0 1.000000
misc
0  3.289200 -17.346035 47.569168  0.974173 0.201310 0.102275  0.525052 0.350349 1 0 1.000000
0  3.235079 -17.355055 47.812710  0.656138 0.145217 0.740537  0.526452 0.342399 1 0 1.000000
0  3.167429 -17.571535 47.812710  0.582624 -0.552631 0.595943  0.539302 0.342399 1 0 1.000000
misc
0  2.734469 -17.454275 47.569168  -0.923871 -0.187511 0.333621  0.540252 0.350349 1 0 1.000000
0  2.928400 -17.670755 47.569168  -0.278099 -0.915113 0.291940  0.524477 0.350349 1 0 1.000000
0  2.941930 -17.621145 47.812710  -0.093622 -0.518796 0.849756  0.526002 0.342399 1 0 1.000000
misc
0  2.941930 -17.621145 47.812710  -0.093622 -0.518796 0.849756  0.526002 0.342399 1 0 1.000000
0  2.784080 -17.449764 47.812710  -0.476813 -0.086821 0.874707  0.538727 0.342399 1 0 1.000000
0  2.734469 -17.454275 47.569168  -0.923871 -0.187511 0.333621  0.540252 0.350349 1 0 1.000000
misc
0  2.856240 -17.228775 47.812710  -0.444971 0.599962 0.664866  0.525477 0.342399 1 0 1.000000
0  3.081740 -17.188185 47.812710  0.270495 0.577237 0.770474  0.538327 0.342399 1 0 1.000000
0  3.099780 -17.129555 47.569168  0.334214 0.930239 0.151510  0.539727 0.350349 1 0 1.000000
misc
0  3.099780 -17.129555 47.569168  0.334214 0.930239 0.151510  0.539727 0.350349 1 0 1.000000
0  2.824669 -17.188185 47.569168  -0.621582 0.735866 0.268584  0.524077 0.350349 1 0 1.000000
0  2.856240 -17.228775 47.812710  -0.444971 0.599962 0.664866  0.525477 0.342399 1 0 1.000000
misc
0  3.081740 -17.188185 47.812710  0.270495 0.577237 0.770474  0.538727 0.342399 1 0 1.000000
0  3.235079 -17.355055 47.812710  0.656138 0.145217 0.740537  0.525977 0.342399 1 0 1.000000
0  3.289200 -17.346035 47.569168  0.974173 0.201310 0.102275  0.524452 0.350349 1 0 1.000000
misc
0  3.289200 -17.346035 47.569168  0.974173 0.201310 0.102275  0.524452 0.350349 1 0 1.000000
0  3.099780 -17.129555 47.569168  0.334214 0.930239 0.151510  0.540227 0.350349 1 0 1.000000
0  3.081740 -17.188185 47.812710  0.270495 0.577237 0.770474  0.538727 0.342399 1 0 1.000000
misc
0  2.928400 -17.670755 47.569168  -0.278099 -0.915113 0.291940  0.524527 0.350349 1 0 1.000000
0  3.203510 -17.616634 47.569168  0.673890 -0.716862 0.178832  0.540327 0.350349 1 0 1.000000
0  3.167429 -17.571535 47.812710  0.582624 -0.552631 0.595943  0.538802 0.342399 1 0 1.000000
misc
0  3.167429 -17.571535 47.812710  0.582624 -0.552631 0.595943  0.538802 0.342399 1 0 1.000000
0  2.941930 -17.621145 47.812710  -0.093622 -0.518796 0.849756  0.526052 0.342399 1 0 1.000000
0  2.928400 -17.670755 47.569168  -0.278099 -0.915113 0.291940  0.524527 0.350349 1 0 1.000000
misc
0  3.235079 -17.355055 47.812710  0.656138 0.145217 0.740537  0.538402 0.371949 1 0 1.000000
0  2.941930 -17.621145 47.812710  -0.093622 -0.518796 0.849756  0.538402 0.351324 1 0 1.000000
0  3.167429 -17.571535 47.812710  0.582624 -0.552631 0.595943  0.544552 0.361449 1 0 1.000000
misc
0  2.941930 -17.621145 47.812710  -0.093622 -0.518796 0.849756  0.538402 0.351324 1 0 1.000000
0  3.235079 -17.355055 47.812710  0.656138 0.145217 0.740537  0.538402 0.371949 1 0 1.000000
0  3.081740 -17.188185 47.812710  0.270495 0.577237 0.770474  0.526502 0.371949 1 0 1.000000
misc
0  3.081740 -17.188185 47.812710  0.270495 0.577237 0.770474  0.526502 0.371949 1 0 1.000000
0  2.784080 -17.449764 47.812710  -0.476813 -0.086821 0.874707  0.526502 0.351324 1 0 1.000000
0  2.941930 -17.621145 47.812710  -0.093622 -0.518796 0.849756  0.538402 0.351324 1 0 1.000000
misc
0  3.081740 -17.188185 47.812710  0.270495 0.577237 0.770474  0.526502 0.371949 1 0 1.000000
0  2.856240 -17.228775 47.812710  -0.444971 0.599962 0.664866  0.520477 0.361449 1 0 1.000000
0  2.784080 -17.449764 47.812710  -0.476813 -0.086821 0.874707  0.526502 0.351324 1 0 1.000000
misc
0  5.233009 -17.521925 47.835258  -0.551756 -0.583796 0.595607  0.539502 0.342899 1 0 1.000000
0  5.454000 -17.643694 47.591721  0.193290 -0.976976 0.090316  0.525202 0.350824 1 0 1.000000
0  5.449490 -17.594084 47.835258  0.146694 -0.665008 0.732287  0.526602 0.342899 1 0 1.000000
misc
0  5.187910 -17.553495 47.591721  -0.721317 -0.668986 0.179331  0.540902 0.350824 1 0 1.000000
0  5.454000 -17.643694 47.591721  0.193290 -0.976976 0.090316  0.525202 0.350824 1 0 1.000000
0  5.233009 -17.521925 47.835258  -0.551756 -0.583796 0.595607  0.539502 0.342899 1 0 1.000000
misc
0  5.187910 -17.296425 47.835258  -0.509639 0.089714 0.855698  0.526002 0.342899 1 0 1.000000
0  5.359290 -17.143084 47.835258  -0.073822 0.468868 0.880178  0.538727 0.342899 1 0 1.000000
0  5.350269 -17.088966 47.591721  -0.175762 0.922139 0.344627  0.540252 0.350824 1 0 1.000000
misc
0  5.350269 -17.088966 47.591721  -0.175762 0.922139 0.344627  0.540252 0.350824 1 0 1.000000
0  5.133790 -17.273874 47.591721  -0.909582 0.283406 0.303877  0.524502 0.350824 1 0 1.000000
0  5.187910 -17.296425 47.835258  -0.509639 0.089714 0.855698  0.526002 0.342899 1 0 1.000000
misc
0  5.575770 -17.215244 47.835258  0.610371 0.433172 0.663181  0.525827 0.342899 1 0 1.000000
0  5.616360 -17.179165 47.591721  0.744125 0.612345 0.267045  0.524327 0.350824 1 0 1.000000
0  5.350269 -17.088966 47.591721  -0.175762 0.922139 0.344627  0.540102 0.350824 1 0 1.000000
misc
0  5.350269 -17.088966 47.591721  -0.175762 0.922139 0.344627  0.540102 0.350824 1 0 1.000000
0  5.359290 -17.143084 47.835258  -0.073822 0.468868 0.880178  0.538577 0.342899 1 0 1.000000
0  5.575770 -17.215244 47.835258  0.610371 0.433172 0.663181  0.525827 0.342899 1 0 1.000000
misc
0  5.575770 -17.215244 47.835258  0.610371 0.433172 0.663181  0.525352 0.342899 1 0 1.000000
0  5.620869 -17.440744 47.835258  0.582622 -0.283268 0.761781  0.538177 0.342899 1 0 1.000000
0  5.670479 -17.454275 47.591721  0.928634 -0.344020 0.138885  0.539602 0.350824 1 0 1.000000
misc
0  5.670479 -17.454275 47.591721  0.928634 -0.344020 0.138885  0.539602 0.350824 1 0 1.000000
0  5.616360 -17.179165 47.591721  0.744125 0.612345 0.267045  0.523927 0.350824 1 0 1.000000
0  5.575770 -17.215244 47.835258  0.610371 0.433172 0.663181  0.525352 0.342899 1 0 1.000000
misc
0  5.620869 -17.440744 47.835258  0.582622 -0.283268 0.761781  0.538727 0.342899 1 0 1.000000
0  5.449490 -17.594084 47.835258  0.146694 -0.665008 0.732287  0.525977 0.342899 1 0 1.000000
0  5.454000 -17.643694 47.591721  0.193290 -0.976976 0.090316  0.524477 0.350824 1 0 1.000000
misc
0  5.454000 -17.643694 47.591721  0.193290 -0.976976 0.090316  0.524477 0.350824 1 0 1.000000
0  5.670479 -17.454275 47.591721  0.928634 -0.344020 0.138885  0.540227 0.350824 1 0 1.000000
0  5.620869 -17.440744 47.835258  0.582622 -0.283268 0.761781  0.538727 0.342899 1 0 1.000000
misc
0  5.133790 -17.273874 47.591721  -0.909582 0.283406 0.303877  0.524577 0.350824 1 0 1.000000
0  5.187910 -17.553495 47.591721  -0.721317 -0.668986 0.179331  0.540352 0.350824 1 0 1.000000
0  5.233009 -17.521925 47.835258  -0.551756 -0.583796 0.595607  0.538827 0.342774 1 0 1.000000
misc
0  5.233009 -17.521925 47.835258  -0.551756 -0.583796 0.595607  0.538827 0.342774 1 0 1.000000
0  5.187910 -17.296425 47.835258  -0.509639 0.089714 0.855698  0.526077 0.342899 1 0 1.000000
0  5.133790 -17.273874 47.591721  -0.909582 0.283406 0.303877  0.524577 0.350824 1 0 1.000000
misc
0  -9.574721 -41.358425 80.830276  -0.000000 0.996207 0.087011  0.601327 0.307749 1 0 1.000000
0  -9.574721 -41.241165 79.423157  -0.000000 0.996207 0.087011  0.601327 0.288074 1 0 1.000000
0  -11.306561 -41.241165 79.423157  0.000000 0.996216 0.086916  0.624202 0.288074 1 0 1.000000
misc
0  -11.306561 -41.241165 79.423157  0.000000 0.996216 0.086916  0.624202 0.288074 1 0 1.000000
0  -11.306561 -41.358425 80.830276  0.000000 0.996207 0.087011  0.624202 0.307749 1 0 1.000000
0  -9.574721 -41.358425 80.830276  -0.000000 0.996207 0.087011  0.601327 0.307749 1 0 1.000000
misc
0  -9.696491 -47.483002 77.966423  0.482885 -0.872289 -0.077028  0.618652 0.406549 1 0 1.000000
0  -9.696491 -47.392803 77.880737  0.600561 0.069271 -0.796573  0.618727 0.406374 1 0 1.000000
0  -9.470991 -47.284565 78.056625  0.600866 0.069347 -0.796336  0.618902 0.406549 1 0 1.000000
misc
0  -9.854342 -47.415356 77.835632  -0.000037 0.087044 -0.996205  0.618477 0.406299 1 0 1.000000
0  -9.696491 -47.392803 77.880737  0.600561 0.069271 -0.796573  0.618727 0.406374 1 0 1.000000
0  -9.696491 -47.483002 77.966423  0.482885 -0.872289 -0.077028  0.618652 0.406549 1 0 1.000000
misc
0  -9.854342 -47.528103 77.921326  0.000023 -0.996206 -0.087031  0.618477 0.406499 1 0 1.000000
0  -9.854342 -47.415356 77.835632  -0.000037 0.087044 -0.996205  0.618477 0.406299 1 0 1.000000
0  -9.696491 -47.483002 77.966423  0.482885 -0.872289 -0.077028  0.618652 0.406549 1 0 1.000000
misc
0  -11.838740 -47.528103 77.921326  -0.000051 -0.996208 -0.087000  0.616827 0.406424 1 0 1.000000
0  -9.854342 -47.415356 77.835632  -0.000037 0.087044 -0.996205  0.618477 0.406299 1 0 1.000000
0  -9.854342 -47.528103 77.921326  0.000023 -0.996206 -0.087031  0.618477 0.406499 1 0 1.000000
misc
0  -11.838740 -47.528103 77.921326  -0.000051 -0.996208 -0.087000  0.616827 0.406424 1 0 1.000000
0  -9.854342 -47.528103 77.921326  0.000023 -0.996206 -0.087031  0.618477 0.406499 1 0 1.000000
0  -11.838740 -47.744579 80.564186  -0.000190 -0.996244 -0.086595  0.616752 0.408699 1 0 1.000000
misc
0  -11.838740 -47.744579 80.564186  -0.000190 -0.996244 -0.086595  0.616752 0.408699 1 0 1.000000
0  -11.992081 -47.483002 77.966423  -0.486829 -0.870133 -0.076586  0.616702 0.406499 1 0 1.000000
0  -11.838740 -47.528103 77.921326  -0.000051 -0.996208 -0.087000  0.616827 0.406424 1 0 1.000000
misc
0  -11.838740 -47.744579 80.564186  -0.000190 -0.996244 -0.086595  0.616752 0.408699 1 0 1.000000
0  -11.992081 -47.703995 80.523598  -0.486954 -0.870148 -0.075619  0.616652 0.408624 1 0 1.000000
0  -11.992081 -47.483002 77.966423  -0.486829 -0.870133 -0.076586  0.616702 0.406499 1 0 1.000000
misc
0  -11.992081 -47.703995 80.523598  -0.486954 -0.870148 -0.075619  0.616652 0.408624 1 0 1.000000
0  -12.213072 -47.370255 78.142319  -0.487185 -0.869960 -0.076290  0.616452 0.406624 1 0 1.000000
0  -11.992081 -47.483002 77.966423  -0.486829 -0.870133 -0.076586  0.616702 0.406499 1 0 1.000000
misc
0  -11.992081 -47.483002 77.966423  -0.486829 -0.870133 -0.076586  0.616702 0.406499 1 0 1.000000
0  -12.213072 -47.370255 78.142319  -0.487185 -0.869960 -0.076290  0.616452 0.406624 1 0 1.000000
0  -12.213072 -47.284565 78.056625  -0.600881 0.069399 -0.796320  0.616402 0.406499 1 0 1.000000
misc
0  -12.213072 -47.284565 78.056625  -0.600881 0.069399 -0.796320  0.616402 0.406499 1 0 1.000000
0  -11.992081 -47.392803 77.880737  -0.600566 0.069294 -0.796567  0.616652 0.406374 1 0 1.000000
0  -11.992081 -47.483002 77.966423  -0.486829 -0.870133 -0.076586  0.616702 0.406499 1 0 1.000000
misc
0  -11.992081 -47.483002 77.966423  -0.486829 -0.870133 -0.076586  0.616702 0.406499 1 0 1.000000
0  -11.992081 -47.392803 77.880737  -0.600566 0.069294 -0.796567  0.616652 0.406374 1 0 1.000000
0  -11.838740 -47.415356 77.835632  -0.000119 0.087033 -0.996205  0.616827 0.406299 1 0 1.000000
misc
0  -11.838740 -47.415356 77.835632  -0.000119 0.087033 -0.996205  0.616827 0.406299 1 0 1.000000
0  -11.838740 -47.528103 77.921326  -0.000051 -0.996208 -0.087000  0.616827 0.406424 1 0 1.000000
0  -11.992081 -47.483002 77.966423  -0.486829 -0.870133 -0.076586  0.616702 0.406499 1 0 1.000000
misc
0  -9.854342 -47.415356 77.835632  -0.000037 0.087044 -0.996205  0.618477 0.406299 1 0 1.000000
0  -11.838740 -47.528103 77.921326  -0.000051 -0.996208 -0.087000  0.616827 0.406424 1 0 1.000000
0  -11.838740 -47.415356 77.835632  -0.000119 0.087033 -0.996205  0.616827 0.406299 1 0 1.000000
misc
0  -9.470991 -47.568695 80.388298  0.486819 -0.870180 -0.076114  0.618777 0.408499 1 0 1.000000
0  -9.696491 -47.703995 80.523598  0.486804 -0.870231 -0.075624  0.618602 0.408699 1 0 1.000000
0  -9.470991 -47.370255 78.142319  0.487139 -0.869984 -0.076316  0.618827 0.406674 1 0 1.000000
misc
0  -9.696491 -47.483002 77.966423  0.482885 -0.872289 -0.077028  0.618652 0.406549 1 0 1.000000
0  -9.470991 -47.370255 78.142319  0.487139 -0.869984 -0.076316  0.618827 0.406674 1 0 1.000000
0  -9.696491 -47.703995 80.523598  0.486804 -0.870231 -0.075624  0.618602 0.408699 1 0 1.000000
misc
0  -9.696491 -47.483002 77.966423  0.482885 -0.872289 -0.077028  0.618652 0.406549 1 0 1.000000
0  -9.696491 -47.703995 80.523598  0.486804 -0.870231 -0.075624  0.618602 0.408699 1 0 1.000000
0  -9.854342 -47.744579 80.564186  0.000206 -0.996248 -0.086548  0.618477 0.408699 1 0 1.000000
misc
0  -9.854342 -47.744579 80.564186  0.000206 -0.996248 -0.086548  0.618477 0.408699 1 0 1.000000
0  -9.854342 -47.528103 77.921326  0.000023 -0.996206 -0.087031  0.618477 0.406499 1 0 1.000000
0  -9.696491 -47.483002 77.966423  0.482885 -0.872289 -0.077028  0.618652 0.406549 1 0 1.000000
misc
0  -11.838740 -47.744579 80.564186  -0.000190 -0.996244 -0.086595  0.616752 0.408699 1 0 1.000000
0  -9.854342 -47.528103 77.921326  0.000023 -0.996206 -0.087031  0.618477 0.406499 1 0 1.000000
0  -9.854342 -47.744579 80.564186  0.000206 -0.996248 -0.086548  0.618477 0.408699 1 0 1.000000
misc
0  -12.213072 -47.284565 78.056625  -0.600881 0.069399 -0.796320  0.616402 0.406499 1 0 1.000000
0  -12.213072 -47.370255 78.142319  -0.487185 -0.869960 -0.076290  0.616452 0.406624 1 0 1.000000
0  -12.276212 -47.252995 78.187416  -1.000000 -0.000074 -0.000300  0.616327 0.406674 1 0 1.000000
misc
0  -12.213072 -47.568695 80.388298  -0.486832 -0.870176 -0.076077  0.616452 0.408499 1 0 1.000000
0  -12.276212 -47.252995 78.187416  -1.000000 -0.000074 -0.000300  0.616327 0.406674 1 0 1.000000
0  -12.213072 -47.370255 78.142319  -0.487185 -0.869960 -0.076290  0.616452 0.406624 1 0 1.000000
misc
0  -11.992081 -47.703995 80.523598  -0.486954 -0.870148 -0.075619  0.616652 0.408624 1 0 1.000000
0  -12.213072 -47.568695 80.388298  -0.486832 -0.870176 -0.076077  0.616452 0.408499 1 0 1.000000
0  -12.213072 -47.370255 78.142319  -0.487185 -0.869960 -0.076290  0.616452 0.406624 1 0 1.000000
misc
0  -12.213072 -47.483002 80.478500  -0.600955 -0.069809 0.796229  0.616327 0.408624 1 0 1.000000
0  -12.213072 -47.568695 80.388298  -0.486832 -0.870176 -0.076077  0.616452 0.408499 1 0 1.000000
0  -11.992081 -47.703995 80.523598  -0.486954 -0.870148 -0.075619  0.616652 0.408624 1 0 1.000000
misc
0  -11.992081 -47.703995 80.523598  -0.486954 -0.870148 -0.075619  0.616652 0.408624 1 0 1.000000
0  -11.992081 -47.636345 80.609291  -0.598844 -0.070024 0.797799  0.616577 0.408749 1 0 1.000000
0  -12.213072 -47.483002 80.478500  -0.600955 -0.069809 0.796229  0.616327 0.408624 1 0 1.000000
misc
0  -11.992081 -47.636345 80.609291  -0.598844 -0.070024 0.797799  0.616577 0.408749 1 0 1.000000
0  -11.992081 -47.703995 80.523598  -0.486954 -0.870148 -0.075619  0.616652 0.408624 1 0 1.000000
0  -11.838740 -47.744579 80.564186  -0.000190 -0.996244 -0.086595  0.616752 0.408699 1 0 1.000000
misc
0  -11.838740 -47.744579 80.564186  -0.000190 -0.996244 -0.086595  0.616752 0.408699 1 0 1.000000
0  -11.838740 -47.658894 80.699478  -0.000014 -0.085645 0.996326  0.616752 0.408799 1 0 1.000000
0  -11.992081 -47.636345 80.609291  -0.598844 -0.070024 0.797799  0.616577 0.408749 1 0 1.000000
misc
0  -11.838740 -47.658894 80.699478  -0.000014 -0.085645 0.996326  0.616752 0.408799 1 0 1.000000
0  -11.838740 -47.744579 80.564186  -0.000190 -0.996244 -0.086595  0.616752 0.408699 1 0 1.000000
0  -9.854342 -47.658894 80.699478  0.000055 -0.087006 0.996208  0.618477 0.408874 1 0 1.000000
misc
0  -11.838740 -47.744579 80.564186  -0.000190 -0.996244 -0.086595  0.616752 0.408699 1 0 1.000000
0  -9.854342 -47.744579 80.564186  0.000206 -0.996248 -0.086548  0.618477 0.408699 1 0 1.000000
0  -9.854342 -47.658894 80.699478  0.000055 -0.087006 0.996208  0.618477 0.408874 1 0 1.000000
misc
0  -9.854342 -47.658894 80.699478  0.000055 -0.087006 0.996208  0.618477 0.408874 1 0 1.000000
0  -9.854342 -47.744579 80.564186  0.000206 -0.996248 -0.086548  0.618477 0.408699 1 0 1.000000
0  -9.696491 -47.636345 80.609291  0.600574 -0.069943 0.796504  0.618652 0.408799 1 0 1.000000
misc
0  -9.854342 -47.744579 80.564186  0.000206 -0.996248 -0.086548  0.618477 0.408699 1 0 1.000000
0  -9.696491 -47.703995 80.523598  0.486804 -0.870231 -0.075624  0.618602 0.408699 1 0 1.000000
0  -9.696491 -47.636345 80.609291  0.600574 -0.069943 0.796504  0.618652 0.408799 1 0 1.000000
misc
0  -9.470991 -47.483002 80.478500  0.600961 -0.069852 0.796220  0.618902 0.408699 1 0 1.000000
0  -9.696491 -47.636345 80.609291  0.600574 -0.069943 0.796504  0.618652 0.408799 1 0 1.000000
0  -9.696491 -47.703995 80.523598  0.486804 -0.870231 -0.075624  0.618602 0.408699 1 0 1.000000
misc
0  -9.696491 -47.703995 80.523598  0.486804 -0.870231 -0.075624  0.618602 0.408699 1 0 1.000000
0  -9.470991 -47.568695 80.388298  0.486819 -0.870180 -0.076114  0.618777 0.408499 1 0 1.000000
0  -9.470991 -47.483002 80.478500  0.600961 -0.069852 0.796220  0.618902 0.408699 1 0 1.000000
misc
0  -9.470991 -47.483002 80.478500  0.600961 -0.069852 0.796220  0.618902 0.408699 1 0 1.000000
0  -9.470991 -47.568695 80.388298  0.486819 -0.870180 -0.076114  0.618777 0.408499 1 0 1.000000
0  -9.407851 -47.437904 80.347710  1.000000 -0.000315 0.000242  0.618952 0.408499 1 0 1.000000
misc
0  -9.407851 -47.252995 78.187416  1.000000 -0.000231 -0.000298  0.618952 0.406724 1 0 1.000000
0  -9.407851 -47.437904 80.347710  1.000000 -0.000315 0.000242  0.618952 0.408499 1 0 1.000000
0  -9.470991 -47.568695 80.388298  0.486819 -0.870180 -0.076114  0.618777 0.408499 1 0 1.000000
misc
0  -9.470991 -47.568695 80.388298  0.486819 -0.870180 -0.076114  0.618777 0.408499 1 0 1.000000
0  -9.470991 -47.370255 78.142319  0.487139 -0.869984 -0.076316  0.618827 0.406674 1 0 1.000000
0  -9.407851 -47.252995 78.187416  1.000000 -0.000231 -0.000298  0.618952 0.406724 1 0 1.000000
misc
0  -9.407851 -47.252995 78.187416  1.000000 -0.000231 -0.000298  0.618952 0.406724 1 0 1.000000
0  -9.470991 -47.370255 78.142319  0.487139 -0.869984 -0.076316  0.618827 0.406674 1 0 1.000000
0  -9.470991 -47.284565 78.056625  0.600866 0.069347 -0.796336  0.618902 0.406549 1 0 1.000000
misc
0  -9.470991 -47.370255 78.142319  0.487139 -0.869984 -0.076316  0.618827 0.406674 1 0 1.000000
0  -9.696491 -47.483002 77.966423  0.482885 -0.872289 -0.077028  0.618652 0.406549 1 0 1.000000
0  -9.470991 -47.284565 78.056625  0.600866 0.069347 -0.796336  0.618902 0.406549 1 0 1.000000
misc
0  -12.276212 -47.252995 78.187416  -1.000000 -0.000074 -0.000300  0.616327 0.406674 1 0 1.000000
0  -12.213072 -47.568695 80.388298  -0.486832 -0.870176 -0.076077  0.616452 0.408499 1 0 1.000000
0  -12.276212 -47.437904 80.347710  -1.000000 -0.000304 0.000342  0.616277 0.408449 1 0 1.000000
misc
0  -12.276212 -47.437904 80.347710  -1.000000 -0.000304 0.000342  0.616277 0.408449 1 0 1.000000
0  -12.213072 -47.568695 80.388298  -0.486832 -0.870176 -0.076077  0.616452 0.408499 1 0 1.000000
0  -12.213072 -47.483002 80.478500  -0.600955 -0.069809 0.796229  0.616327 0.408624 1 0 1.000000
misc
0  1.507749 -6.828714 52.061127  0.483767 0.875197 0.000024  0.746352 0.479149 1 0 1.000000
0  1.507749 -6.828714 52.809792  0.483654 0.875259 0.000250  0.746227 0.479149 1 0 1.000000
0  9.950471 -18.775703 52.809792  0.483635 0.875270 -0.000229  0.746227 0.476549 1 0 1.000000
misc
0  9.950471 -18.775703 52.809792  0.483635 0.875270 -0.000229  0.746227 0.476549 1 0 1.000000
0  9.950471 -18.771194 52.020538  0.483512 0.875328 0.004178  0.746352 0.476549 1 0 1.000000
0  1.507749 -6.828714 52.061127  0.483767 0.875197 0.000024  0.746352 0.479149 1 0 1.000000
misc
0  -8.441312 -14.134915 53.166080  0.483474 0.875359 0.000010  0.746702 0.479149 1 0 1.000000
0  -8.441312 -14.134915 54.771637  0.811670 0.584116 0.000003  0.746352 0.479149 1 0 1.000000
0  0.010431 -25.874445 54.771637  0.811639 0.584160 0.000012  0.746352 0.476549 1 0 1.000000
misc
0  0.010431 -25.874445 54.771637  0.811639 0.584160 0.000012  0.746352 0.476549 1 0 1.000000
0  0.010431 -25.874445 53.166080  -0.000014 -0.000062 1.000000  0.746702 0.476549 1 0 1.000000
0  -8.441312 -14.134915 53.166080  0.483474 0.875359 0.000010  0.746702 0.479149 1 0 1.000000
misc
0  -8.008352 -14.423555 54.528103  -0.483467 -0.875363 0.000014  0.743652 0.480374 1 0 1.000000
0  -8.008352 -14.419045 53.166080  -0.483079 -0.875576 -0.000739  0.743277 0.480374 1 0 1.000000
0  -0.151929 -25.333246 53.166080  -0.483519 -0.875334 0.000001  0.743277 0.476524 1 0 1.000000
misc
0  -8.008352 -14.419045 53.166080  -0.483079 -0.875576 -0.000739  0.743277 0.480374 1 0 1.000000
0  -8.008352 -14.423555 54.528103  -0.483467 -0.875363 0.000014  0.743652 0.480374 1 0 1.000000
0  -7.900113 -13.760585 54.528103  -0.875376 0.483426 0.003994  0.743652 0.480499 1 0 1.000000
misc
0  -7.900113 -13.760585 54.528103  -0.875376 0.483426 0.003994  0.743652 0.480499 1 0 1.000000
0  -7.900113 -13.756075 53.166080  -0.875331 0.483509 0.003806  0.743277 0.480524 1 0 1.000000
0  -8.008352 -14.419045 53.166080  -0.483079 -0.875576 -0.000739  0.743277 0.480374 1 0 1.000000
misc
0  -0.151929 -25.333246 53.166080  -0.483519 -0.875334 0.000001  0.743277 0.476524 1 0 1.000000
0  0.502020 -25.445995 53.166080  0.875518 -0.483185 0.000204  0.743277 0.476374 1 0 1.000000
0  0.502020 -25.445995 54.528103  0.875313 -0.483542 0.003834  0.743652 0.476374 1 0 1.000000
misc
0  0.502020 -25.445995 54.528103  0.875313 -0.483542 0.003834  0.743652 0.476374 1 0 1.000000
0  -0.160949 -25.333246 54.528103  -0.483586 -0.875297 0.000077  0.743652 0.476524 1 0 1.000000
0  -0.151929 -25.333246 53.166080  -0.483519 -0.875334 0.000001  0.743277 0.476524 1 0 1.000000
misc
0  -8.008352 -14.423555 54.528103  -0.483467 -0.875363 0.000014  0.743652 0.480374 1 0 1.000000
0  -0.151929 -25.333246 53.166080  -0.483519 -0.875334 0.000001  0.743277 0.476524 1 0 1.000000
0  -0.160949 -25.333246 54.528103  -0.483586 -0.875297 0.000077  0.743652 0.476524 1 0 1.000000
misc
0  -0.160949 -25.333246 54.528103  -0.483586 -0.875297 0.000077  0.743652 0.476524 1 0 1.000000
0  -0.111339 -25.013037 54.771637  -0.000010 0.000015 1.000000  0.743777 0.476574 1 0 1.000000
0  -8.008352 -14.423555 54.528103  -0.483467 -0.875363 0.000014  0.743652 0.480374 1 0 1.000000
misc
0  -0.111339 -25.013037 54.771637  -0.000010 0.000015 1.000000  0.743777 0.476574 1 0 1.000000
0  -7.692650 -14.473166 54.771637  0.000033 0.000031 1.000000  0.743777 0.480299 1 0 1.000000
0  -8.008352 -14.423555 54.528103  -0.483467 -0.875363 0.000014  0.743652 0.480374 1 0 1.000000
misc
0  1.710699 -7.775814 53.166080  0.483839 0.875157 0.000232  0.745127 0.479949 1 0 1.000000
0  9.228871 -18.225485 54.528103  0.483459 0.875367 0.000048  0.744752 0.483699 1 0 1.000000
0  9.233381 -18.225485 53.166080  0.483179 0.875515 0.003245  0.745127 0.483699 1 0 1.000000
misc
0  1.710699 -7.775814 53.166080  0.483839 0.875157 0.000232  0.745127 0.479949 1 0 1.000000
0  1.715209 -7.780324 54.528103  0.483530 0.875328 0.000021  0.744752 0.479949 1 0 1.000000
0  9.228871 -18.225485 54.528103  0.483459 0.875367 0.000048  0.744752 0.483699 1 0 1.000000
misc
0  9.228871 -18.225485 54.528103  0.483459 0.875367 0.000048  0.744752 0.483699 1 0 1.000000
0  1.715209 -7.780324 54.528103  0.483530 0.875328 0.000021  0.744752 0.479949 1 0 1.000000
0  1.656579 -8.082494 54.771637  0.000002 -0.000011 1.000000  0.744627 0.479999 1 0 1.000000
misc
0  1.656579 -8.082494 54.771637  0.000002 -0.000011 1.000000  0.744627 0.479999 1 0 1.000000
0  8.922192 -18.180384 54.771637  -0.000042 -0.000026 1.000000  0.744627 0.483649 1 0 1.000000
0  9.228871 -18.225485 54.528103  0.483459 0.875367 0.000048  0.744752 0.483699 1 0 1.000000
misc
0  -5.960811 -11.893445 53.098427  -0.875332 0.483523 0.000058  0.747077 0.481399 1 0 1.000000
0  -5.252741 -11.379304 53.098427  -0.875297 0.483586 -0.000157  0.747077 0.481849 1 0 1.000000
0  -5.329412 -11.280084 52.196426  -0.852351 0.470965 0.227354  0.746702 0.481974 1 0 1.000000
misc
0  -5.329412 -11.280084 52.196426  -0.852348 0.470959 0.227376  0.746702 0.481974 1 0 1.000000
0  -6.028461 -11.789715 52.218987  -0.852393 0.471523 0.226035  0.746577 0.481324 1 0 1.000000
0  -5.960811 -11.893445 53.098427  -0.875312 0.483559 0.000054  0.747077 0.481399 1 0 1.000000
misc
0  -6.028461 -11.789715 52.218987  -0.852393 0.471523 0.226035  0.746577 0.481324 1 0 1.000000
0  -5.329412 -11.280084 52.196426  -0.852348 0.470959 0.227376  0.746702 0.481974 1 0 1.000000
0  -5.401570 -11.194394 51.930340  -0.847630 0.468207 0.249610  0.746952 0.481974 1 0 1.000000
misc
0  -5.401570 -11.194394 51.930340  -0.847630 0.468207 0.249610  0.746952 0.481974 1 0 1.000000
0  -6.096112 -11.704024 51.930340  -0.847146 0.468329 0.251020  0.746952 0.481149 1 0 1.000000
0  -6.028461 -11.789715 52.218987  -0.852393 0.471523 0.226035  0.746577 0.481324 1 0 1.000000
misc
0  1.223619 -7.460114 54.528103  -0.349813 0.936815 0.002929  0.747202 0.480374 1 0 1.000000
0  1.710699 -7.775814 53.166080  0.483839 0.875157 0.000232  0.747677 0.480224 1 0 1.000000
0  1.219109 -7.455604 53.166080  -0.350607 0.936519 0.002744  0.747677 0.480374 1 0 1.000000
misc
0  1.223619 -7.460114 54.528103  -0.349813 0.936815 0.002929  0.747202 0.480374 1 0 1.000000
0  1.715209 -7.780324 54.528103  0.483530 0.875328 0.000021  0.747202 0.480224 1 0 1.000000
0  1.710699 -7.775814 53.166080  0.483839 0.875157 0.000232  0.747677 0.480224 1 0 1.000000
misc
0  1.715209 -7.780324 54.528103  0.483530 0.875328 0.000021  0.747202 0.480224 1 0 1.000000
0  1.223619 -7.460114 54.528103  -0.349813 0.936815 0.002929  0.747202 0.480374 1 0 1.000000
0  1.174009 -7.775814 54.771637  0.000064 0.000311 1.000000  0.747202 0.480324 1 0 1.000000
misc
0  1.174009 -7.775814 54.771637  0.000064 0.000311 1.000000  0.747202 0.480324 1 0 1.000000
0  1.656579 -8.082494 54.771637  0.000002 -0.000011 1.000000  0.747202 0.480149 1 0 1.000000
0  1.715209 -7.780324 54.528103  0.483530 0.875328 0.000021  0.747202 0.480224 1 0 1.000000
misc
0  5.269090 -19.826536 47.812710  -0.653882 -0.169793 0.737298  0.526702 0.343024 1 0 1.000000
0  5.336740 -19.610054 47.812710  -0.590896 0.531823 0.606636  0.539552 0.343024 1 0 1.000000
0  5.219480 -19.835554 47.591721  -0.971044 -0.217805 0.098154  0.525277 0.351074 1 0 1.000000
misc
0  5.336740 -19.610054 47.812710  -0.590896 0.531823 0.606636  0.539552 0.343024 1 0 1.000000
0  5.300660 -19.564955 47.591721  -0.684496 0.702991 0.193049  0.540952 0.351074 1 0 1.000000
0  5.219480 -19.835554 47.591721  -0.971044 -0.217805 0.098154  0.525277 0.351074 1 0 1.000000
misc
0  2.797609 -19.749865 47.790157  -0.616810 0.178586 0.766585  0.538727 0.342149 1 0 1.000000
0  2.946440 -19.573977 47.790157  -0.242780 0.621114 0.745167  0.525977 0.342149 1 0 1.000000
0  2.747999 -19.740845 47.546619  -0.969207 0.199492 0.144361  0.540227 0.350099 1 0 1.000000
misc
0  2.946440 -19.573977 47.790157  -0.242780 0.621114 0.745167  0.525977 0.342149 1 0 1.000000
0  2.932910 -19.524366 47.546619  -0.336105 0.935469 0.109232  0.524452 0.350099 1 0 1.000000
0  2.747999 -19.740845 47.546619  -0.969207 0.199492 0.144361  0.540227 0.350099 1 0 1.000000
misc
0  2.784080 -17.449764 47.812710  -0.476813 -0.086821 0.874707  0.538602 0.342399 1 0 1.000000
0  2.856240 -17.228775 47.812710  -0.444971 0.599962 0.664866  0.525877 0.342399 1 0 1.000000
0  2.734469 -17.454275 47.569168  -0.923871 -0.187511 0.333621  0.540127 0.350349 1 0 1.000000
misc
0  2.856240 -17.228775 47.812710  -0.444971 0.599962 0.664866  0.525877 0.342399 1 0 1.000000
0  2.824669 -17.188185 47.569168  -0.621582 0.735866 0.268584  0.524352 0.350349 1 0 1.000000
0  2.734469 -17.454275 47.569168  -0.923871 -0.187511 0.333621  0.540127 0.350349 1 0 1.000000
misc
0  -12.298761 -46.878662 78.805290  -1.000000 -0.000000 0.000000  0.590152 0.405999 1 0 1.000000
0  -12.298761 -46.955334 79.639641  -1.000000 -0.000000 0.000000  0.590202 0.414724 1 0 1.000000
0  -12.298761 -41.755302 79.242760  -1.000000 -0.000000 0.000000  0.538477 0.405999 1 0 1.000000
misc
0  -12.298761 -41.831974 80.126717  -1.000000 -0.000000 0.000000  0.538477 0.414724 1 0 1.000000
0  -12.298761 -41.755302 79.242760  -1.000000 -0.000000 0.000000  0.538477 0.405999 1 0 1.000000
0  -12.298761 -46.955334 79.639641  -1.000000 -0.000000 0.000000  0.590202 0.414724 1 0 1.000000
misc
0  -7.900113 -13.756075 53.166080  -0.875331 0.483509 0.003806  0.661127 0.485674 1 0 1.000000
0  -7.900113 -13.760585 54.528103  -0.875376 0.483426 0.003994  0.661127 0.500224 1 0 1.000000
0  0.533589 -7.690124 53.166080  -0.875342 0.483497 0.002688  0.749277 0.485674 1 0 1.000000
misc
0  -7.900113 -13.760585 54.528103  -0.875376 0.483426 0.003994  0.661127 0.500224 1 0 1.000000
0  0.533589 -7.694634 54.528103  -0.875486 0.483231 0.003474  0.749277 0.500224 1 0 1.000000
0  0.533589 -7.690124 53.166080  -0.875342 0.483497 0.002688  0.749277 0.485674 1 0 1.000000
misc
0  4.506899 -11.555194 54.464962  0.483527 0.875330 -0.000000  0.625727 0.495599 1 0 1.000000
0  4.506899 -11.555194 53.229221  0.483547 0.875318 -0.000130  0.645502 0.495574 1 0 1.000000
0  1.913649 -7.951704 54.464962  0.483538 0.875323 0.000011  0.625727 0.424624 1 0 1.000000
misc
0  1.909139 -7.947194 53.229221  0.483572 0.875304 -0.000015  0.645502 0.424549 1 0 1.000000
0  1.913649 -7.951704 54.464962  0.483538 0.875323 0.000011  0.625727 0.424624 1 0 1.000000
0  4.506899 -11.555194 53.229221  0.483547 0.875318 -0.000130  0.645502 0.495574 1 0 1.000000
misc
0  -9.854342 -41.173515 78.363304  -0.000002 0.996221 0.086851  0.616277 0.408499 1 0 1.000000
0  -11.838741 -41.173515 78.363304  0.000002 0.996199 0.087110  0.616277 0.406624 1 0 1.000000
0  -12.001101 -41.173515 78.408409  -0.000002 0.996206 0.087022  0.616277 0.406549 1 0 1.000000
misc
0  -9.687472 -41.173515 78.408409  0.000000 0.996211 0.086967  0.616277 0.408624 1 0 1.000000
0  -9.854342 -41.173515 78.363304  -0.000002 0.996221 0.086851  0.616277 0.408499 1 0 1.000000
0  -12.001101 -41.173515 78.408409  -0.000002 0.996206 0.087022  0.616277 0.406549 1 0 1.000000
misc
0  -9.470992 -41.196064 78.584297  -0.000000 0.996209 0.086991  0.616452 0.408874 1 0 1.000000
0  -9.687472 -41.173515 78.408409  0.000000 0.996211 0.086967  0.616277 0.408624 1 0 1.000000
0  -12.001101 -41.173515 78.408409  -0.000002 0.996206 0.087022  0.616277 0.406549 1 0 1.000000
misc
0  -9.470992 -41.196064 78.584297  -0.000000 0.996209 0.086991  0.616452 0.408874 1 0 1.000000
0  -12.001101 -41.173515 78.408409  -0.000002 0.996206 0.087022  0.616277 0.406549 1 0 1.000000
0  -12.213073 -41.196064 78.584297  -0.000000 0.996211 0.086963  0.616452 0.406374 1 0 1.000000
misc
0  -12.213073 -41.196064 78.584297  -0.000000 0.996211 0.086963  0.616452 0.406374 1 0 1.000000
0  -12.276213 -41.205082 78.715088  0.000000 0.996208 0.087003  0.616527 0.406249 1 0 1.000000
0  -9.470992 -41.196064 78.584297  -0.000000 0.996209 0.086991  0.616452 0.408874 1 0 1.000000
misc
0  -12.276213 -41.205082 78.715088  0.000000 0.996208 0.087003  0.616527 0.406249 1 0 1.000000
0  -9.407852 -41.205082 78.715088  0.000000 0.996208 0.087003  0.616527 0.408924 1 0 1.000000
0  -9.470992 -41.196064 78.584297  -0.000000 0.996209 0.086991  0.616452 0.408874 1 0 1.000000
misc
0  -12.276213 -41.205082 78.715088  0.000000 0.996208 0.087003  0.616527 0.406249 1 0 1.000000
0  -9.407851 -41.394505 80.875374  -0.000002 0.996208 0.087009  0.618777 0.408924 1 0 1.000000
0  -9.407852 -41.205082 78.715088  0.000000 0.996208 0.087003  0.616527 0.408924 1 0 1.000000
misc
0  -12.276212 -41.394505 80.875374  0.000000 0.996209 0.086989  0.618777 0.406249 1 0 1.000000
0  -9.407851 -41.394505 80.875374  -0.000002 0.996208 0.087009  0.618777 0.408924 1 0 1.000000
0  -12.276213 -41.205082 78.715088  0.000000 0.996208 0.087003  0.616527 0.406249 1 0 1.000000
misc
0  -12.276212 -41.394505 80.875374  0.000000 0.996209 0.086989  0.618777 0.406249 1 0 1.000000
0  -9.470991 -41.403522 81.006172  -0.000001 0.996206 0.087028  0.618827 0.408799 1 0 1.000000
0  -9.407851 -41.394505 80.875374  -0.000002 0.996208 0.087009  0.618777 0.408924 1 0 1.000000
misc
0  -12.276212 -41.394505 80.875374  0.000000 0.996209 0.086989  0.618777 0.406249 1 0 1.000000
0  -12.213072 -41.403522 81.006172  -0.000001 0.996212 0.086958  0.618827 0.406299 1 0 1.000000
0  -9.470991 -41.403522 81.006172  -0.000001 0.996206 0.087028  0.618827 0.408799 1 0 1.000000
misc
0  -12.213072 -41.403522 81.006172  -0.000001 0.996212 0.086958  0.618827 0.406299 1 0 1.000000
0  -12.001101 -41.417053 81.182053  -0.000000 0.996184 0.087281  0.618902 0.406424 1 0 1.000000
0  -9.470991 -41.403522 81.006172  -0.000001 0.996206 0.087028  0.618827 0.408799 1 0 1.000000
misc
0  -12.001101 -41.417053 81.182053  -0.000000 0.996184 0.087281  0.618902 0.406424 1 0 1.000000
0  -9.687471 -41.417053 81.182053  -0.000000 0.996207 0.087019  0.618952 0.408624 1 0 1.000000
0  -9.470991 -41.403522 81.006172  -0.000001 0.996206 0.087028  0.618827 0.408799 1 0 1.000000
misc
0  -9.854342 -41.426075 81.227158  0.000002 0.996179 0.087340  0.618952 0.408499 1 0 1.000000
0  -9.687471 -41.417053 81.182053  -0.000000 0.996207 0.087019  0.618952 0.408624 1 0 1.000000
0  -12.001101 -41.417053 81.182053  -0.000000 0.996184 0.087281  0.618902 0.406424 1 0 1.000000
misc
0  -12.001101 -41.417053 81.182053  -0.000000 0.996184 0.087281  0.618902 0.406424 1 0 1.000000
0  -11.838740 -41.426075 81.227158  -0.000003 0.996157 0.087590  0.618952 0.406549 1 0 1.000000
0  -9.854342 -41.426075 81.227158  0.000002 0.996179 0.087340  0.618952 0.408499 1 0 1.000000
misc
0  -8.008352 -14.423555 54.528103  -0.483467 -0.875363 0.000014  0.747202 0.477774 1 0 1.000000
0  -7.692650 -14.473166 54.771637  0.000033 0.000031 1.000000  0.747327 0.477724 1 0 1.000000
0  -7.593433 -13.814705 54.771637  0.000047 0.000024 1.000000  0.747427 0.477849 1 0 1.000000
misc
0  -7.593433 -13.814705 54.771637  0.000047 0.000024 1.000000  0.747427 0.477849 1 0 1.000000
0  -7.900113 -13.760585 54.528103  -0.875376 0.483426 0.003994  0.747327 0.477924 1 0 1.000000
0  -8.008352 -14.423555 54.528103  -0.483467 -0.875363 0.000014  0.747202 0.477774 1 0 1.000000
misc
0  8.935720 -19.371025 54.528103  0.875351 -0.483473 0.003817  0.749277 0.500224 1 0 1.000000
0  0.502020 -25.445995 54.528103  0.875313 -0.483542 0.003834  0.661127 0.500224 1 0 1.000000
0  0.502020 -25.445995 53.166080  0.875518 -0.483185 0.000204  0.661127 0.485674 1 0 1.000000
misc
0  0.502020 -25.445995 53.166080  0.875518 -0.483185 0.000204  0.661127 0.485674 1 0 1.000000
0  8.940231 -19.375534 53.166080  0.875340 -0.483487 0.004494  0.749277 0.485674 1 0 1.000000
0  8.935720 -19.371025 54.528103  0.875351 -0.483473 0.003817  0.749277 0.500224 1 0 1.000000
misc
0  0.700459 -9.119794 54.839291  0.000000 0.000000 1.000000  0.708002 0.423574 1 0 1.000000
0  1.345389 -8.655264 54.839291  0.000000 0.000000 1.000000  0.708002 0.440999 1 0 1.000000
0  0.844780 -7.956214 54.839291  0.000000 0.000000 1.000000  0.689202 0.440999 1 0 1.000000
misc
0  0.844780 -7.956214 54.839291  0.000000 0.000000 1.000000  0.689202 0.440999 1 0 1.000000
0  0.199849 -8.420744 54.839291  0.000000 0.000000 1.000000  0.689202 0.423574 1 0 1.000000
0  0.700459 -9.119794 54.839291  0.000000 0.000000 1.000000  0.708002 0.423574 1 0 1.000000
misc
0  8.773360 -18.942574 54.839291  0.000003 0.000000 1.000000  0.708002 0.440999 1 0 1.000000
0  8.295300 -18.252544 54.839291  0.000000 0.000000 1.000000  0.689202 0.440999 1 0 1.000000
0  7.632331 -18.753155 54.839291  0.000003 0.000000 1.000000  0.689202 0.423574 1 0 1.000000
misc
0  7.632331 -18.753155 54.839291  0.000003 0.000000 1.000000  0.689202 0.423574 1 0 1.000000
0  8.132940 -19.452206 54.839291  0.000005 0.000000 1.000000  0.708002 0.423574 1 0 1.000000
0  8.773360 -18.942574 54.839291  0.000003 0.000000 1.000000  0.708002 0.440999 1 0 1.000000
misc
0  4.619649 -11.708535 54.528103  0.483532 0.875327 -0.000023  0.661002 0.424124 1 0 1.000000
0  6.500320 -14.319823 54.528103  0.483537 0.875324 -0.000000  0.661002 0.458299 1 0 1.000000
0  6.500320 -14.319823 53.143528  0.483519 0.875334 0.000445  0.685552 0.458299 1 0 1.000000
misc
0  6.500320 -14.319823 53.143528  0.483519 0.875334 0.000445  0.685552 0.458299 1 0 1.000000
0  4.619649 -11.704024 53.143528  0.483545 0.875320 0.000029  0.685552 0.424124 1 0 1.000000
0  4.619649 -11.708535 54.528103  0.483532 0.875327 -0.000023  0.661002 0.424124 1 0 1.000000
misc
0  6.613070 -14.486693 53.427654  0.483538 0.875323 -0.000003  0.660527 0.424624 1 0 1.000000
0  6.613070 -14.486693 54.397305  0.483536 0.875324 -0.000020  0.646602 0.424624 1 0 1.000000
0  9.183771 -18.067635 54.397305  0.483524 0.875331 -0.000003  0.646602 0.488249 1 0 1.000000
misc
0  9.183771 -18.067635 54.397305  0.483524 0.875331 -0.000003  0.646602 0.488249 1 0 1.000000
0  9.188281 -18.067635 53.427654  0.483517 0.875328 0.003411  0.660527 0.488299 1 0 1.000000
0  6.613070 -14.486693 53.427654  0.483538 0.875323 -0.000003  0.660527 0.424624 1 0 1.000000
misc
0  4.718870 -15.717924 54.992626  0.000000 0.000000 1.000000  0.711427 0.437424 1 0 1.000000
0  2.657800 -12.849564 54.992626  0.000000 0.000000 1.000000  0.748427 0.437424 1 0 1.000000
0  0.064550 -14.802394 54.992626  0.000000 0.000000 1.000000  0.747552 0.471399 1 0 1.000000
misc
0  0.064550 -14.802394 54.992626  0.000000 0.000000 1.000000  0.747552 0.471399 1 0 1.000000
0  2.044440 -17.553495 54.992626  0.000000 0.000000 1.000000  0.712152 0.471399 1 0 1.000000
0  4.718870 -15.717924 54.992626  0.000000 0.000000 1.000000  0.711427 0.437424 1 0 1.000000
misc
0  6.319920 -15.447324 54.771637  -0.000002 0.000000 1.000000  0.662977 0.459249 1 0 1.000000
0  8.128431 -17.954884 54.771637  0.000003 0.000000 1.000000  0.710827 0.459249 1 0 1.000000
0  8.520802 -17.661734 54.771637  0.000002 0.000000 1.000000  0.710702 0.467749 1 0 1.000000
misc
0  8.520802 -17.661734 54.771637  0.000002 0.000000 1.000000  0.710702 0.467749 1 0 1.000000
0  6.716800 -15.154174 54.771637  -0.000003 0.000000 1.000000  0.662852 0.467749 1 0 1.000000
0  6.319920 -15.447324 54.771637  -0.000002 0.000000 1.000000  0.662977 0.459249 1 0 1.000000
misc
0  4.439250 -21.535824 54.924984  -0.000078 -0.000345 1.000000  0.726452 0.461299 1 0 1.000000
0  -2.943620 -11.271065 54.924984  -0.000380 0.000047 1.000000  0.726452 0.461724 1 0 1.000000
0  -3.137551 -11.230474 54.839291  -0.600501 -0.432046 0.672855  0.725227 0.461724 1 0 1.000000
misc
0  -3.137551 -11.230474 54.839291  -0.600501 -0.432046 0.672855  0.725227 0.461724 1 0 1.000000
0  4.412190 -21.734264 54.839291  -0.600501 -0.432049 0.672853  0.725227 0.461299 1 0 1.000000
0  4.439250 -21.535824 54.924984  -0.000078 -0.000345 1.000000  0.726452 0.461299 1 0 1.000000
misc
0  -7.769319 -19.321415 61.356236  -0.793901 -0.568411 -0.215939  0.500652 0.415349 1 0 1.000000
0  -7.525779 -19.122974 59.967159  -0.793902 -0.568412 -0.215934  0.500627 0.406174 1 0 1.000000
0  -4.310149 -23.583366 59.904022  -0.793884 -0.568412 -0.215999  0.535977 0.406174 1 0 1.000000
misc
0  -4.310149 -23.583366 59.904022  -0.793884 -0.568412 -0.215999  0.535977 0.406174 1 0 1.000000
0  -4.558200 -23.781807 61.311138  -0.793910 -0.568408 -0.215913  0.535977 0.415274 1 0 1.000000
0  -7.769319 -19.321415 61.356236  -0.793901 -0.568411 -0.215939  0.500652 0.415349 1 0 1.000000
misc
0  -8.197770 -17.016804 63.931454  0.525687 0.789202 0.317512  0.655877 0.492899 1 0 1.000000
0  -5.388039 -20.931484 63.868309  0.919368 0.241294 0.310708  0.655877 0.499299 1 0 1.000000
0  -4.616830 -20.322636 59.507141  0.950002 0.251684 -0.184802  0.651377 0.499299 1 0 1.000000
misc
0  -4.616830 -20.322636 59.507141  0.950002 0.251684 -0.184802  0.651377 0.499299 1 0 1.000000
0  -7.426561 -16.407955 59.570278  0.539392 0.823112 -0.177603  0.651377 0.492899 1 0 1.000000
0  -8.197770 -17.016804 63.931454  0.525687 0.789202 0.317512  0.655877 0.492899 1 0 1.000000
misc
0  -5.284310 -21.093845 63.908897  -0.546905 -0.712691 -0.439280  0.655877 0.493999 1 0 1.000000
0  -2.497129 -24.958916 63.868309  -0.847242 -0.302995 -0.436319  0.655877 0.500399 1 0 1.000000
0  -1.730429 -24.354574 59.462044  -0.930393 -0.362297 -0.055767  0.651377 0.500399 1 0 1.000000
misc
0  -1.730429 -24.354574 59.462044  -0.930393 -0.362297 -0.055767  0.651377 0.500399 1 0 1.000000
0  -4.508590 -20.489504 59.507141  -0.624170 -0.778931 -0.060644  0.651377 0.493999 1 0 1.000000
0  -5.284310 -21.093845 63.908897  -0.546905 -0.712691 -0.439280  0.655877 0.493999 1 0 1.000000
misc
0  -9.505670 -16.092255 65.518974  0.795462 0.576317 0.187346  0.689827 0.459124 1 0 1.000000
0  -9.131338 -16.597374 65.518974  0.795402 0.576281 0.187711  0.707277 0.459124 1 0 1.000000
0  -8.978001 -16.475607 64.901100  0.795344 0.576413 0.187555  0.707277 0.441424 1 0 1.000000
misc
0  -8.978001 -16.475607 64.901100  0.795344 0.576413 0.187555  0.707277 0.441424 1 0 1.000000
0  -9.397430 -16.002056 64.901100  0.795254 0.576575 0.187435  0.689827 0.441424 1 0 1.000000
0  -9.505670 -16.092255 65.518974  0.795462 0.576317 0.187346  0.689827 0.459124 1 0 1.000000
misc
0  -2.357319 -26.018766 65.406219  0.795511 0.576244 0.187361  0.707277 0.459124 1 0 1.000000
0  -1.992009 -26.532906 65.406219  0.795500 0.576282 0.187297  0.689827 0.459124 1 0 1.000000
0  -1.883770 -26.447218 64.770309  0.795527 0.576201 0.187431  0.689827 0.441424 1 0 1.000000
misc
0  -1.883770 -26.447218 64.770309  0.795527 0.576201 0.187431  0.689827 0.441424 1 0 1.000000
0  -2.203979 -25.896997 64.792854  0.795601 0.576040 0.187610  0.707277 0.441424 1 0 1.000000
0  -2.357319 -26.018766 65.406219  0.795511 0.576244 0.187361  0.707277 0.459124 1 0 1.000000
misc
0  -10.529441 -16.822874 65.230331  -0.793925 -0.568409 -0.215858  0.689827 0.459124 1 0 1.000000
0  -10.421202 -16.741695 64.616974  -0.793844 -0.568299 -0.216444  0.689827 0.441424 1 0 1.000000
0  -10.100992 -17.278385 64.594429  -0.793932 -0.568392 -0.215878  0.707277 0.441424 1 0 1.000000
misc
0  -10.100992 -17.278385 64.594429  -0.793932 -0.568392 -0.215878  0.707277 0.441424 1 0 1.000000
0  -10.168641 -17.332504 65.230331  -0.793902 -0.568427 -0.215895  0.707277 0.459124 1 0 1.000000
0  -10.529441 -16.822874 65.230331  -0.793925 -0.568409 -0.215858  0.689827 0.459124 1 0 1.000000
misc
0  -0.810390 -24.796556 56.819176  0.795504 0.576274 0.187302  0.689827 0.459124 1 0 1.000000
0  -0.463119 -25.333246 56.796627  0.795515 0.576264 0.187283  0.707277 0.459124 1 0 1.000000
0  -0.350369 -25.247555 56.160717  0.795501 0.576280 0.187298  0.707277 0.441424 1 0 1.000000
misc
0  -0.350369 -25.247555 56.160717  0.795501 0.576280 0.187298  0.707277 0.441424 1 0 1.000000
0  -0.720190 -24.728909 56.183266  0.795492 0.576292 0.187295  0.689827 0.441424 1 0 1.000000
0  -0.810390 -24.796556 56.819176  0.795504 0.576274 0.187302  0.689827 0.459124 1 0 1.000000
misc
0  -1.694349 -23.218054 55.718735  0.795499 0.576283 0.187297  0.711052 0.423949 1 0 1.000000
0  -3.056370 -21.328363 55.741287  0.795496 0.576289 0.187287  0.748652 0.423899 1 0 1.000000
0  -3.164610 -21.414055 56.489948  0.795492 0.576293 0.187294  0.748777 0.436824 1 0 1.000000
misc
0  -3.164610 -21.414055 56.489948  0.795492 0.576293 0.187294  0.748777 0.436824 1 0 1.000000
0  -1.766511 -23.276686 56.268959  0.795498 0.576280 0.187309  0.711052 0.433274 1 0 1.000000
0  -1.694349 -23.218054 55.718735  0.795499 0.576283 0.187297  0.711052 0.423949 1 0 1.000000
misc
0  -6.380239 -16.867975 56.399746  0.795491 0.576295 0.187290  0.710952 0.434024 1 0 1.000000
0  -5.058811 -18.789234 56.512497  0.795486 0.576296 0.187308  0.748652 0.436649 1 0 1.000000
0  -4.941550 -18.694525 55.786392  0.795490 0.576294 0.187298  0.748652 0.423899 1 0 1.000000
misc
0  -4.941550 -18.694525 55.786392  0.795490 0.576294 0.187298  0.748652 0.423899 1 0 1.000000
0  -6.303570 -16.804834 55.804424  0.795490 0.576294 0.187300  0.711052 0.423949 1 0 1.000000
0  -6.380239 -16.867975 56.399746  0.795491 0.576295 0.187290  0.710952 0.434024 1 0 1.000000
misc
0  -7.954231 -14.861025 56.931927  0.795494 0.576285 0.187311  0.689827 0.459124 1 0 1.000000
0  -7.593433 -15.379675 56.931927  0.795487 0.576297 0.187301  0.707277 0.459124 1 0 1.000000
0  -7.480680 -15.293984 56.291508  0.795492 0.576293 0.187295  0.707277 0.441424 1 0 1.000000
misc
0  -7.480680 -15.293984 56.291508  0.795492 0.576293 0.187295  0.707277 0.441424 1 0 1.000000
0  -7.845992 -14.775334 56.314056  0.795494 0.576285 0.187308  0.689827 0.441424 1 0 1.000000
0  -7.954231 -14.861025 56.931927  0.795494 0.576285 0.187311  0.689827 0.459124 1 0 1.000000
misc
0  -9.442530 -15.826167 64.616974  0.795487 0.576288 0.187327  0.693477 0.473474 1 0 1.000000
0  -9.131339 -16.177944 64.549316  0.795488 0.576298 0.187296  0.694227 0.480649 1 0 1.000000
0  -8.206789 -16.024603 60.936806  0.795476 0.576310 0.187309  0.742552 0.486749 1 0 1.000000
misc
0  -8.206789 -16.024603 60.936806  0.795476 0.576310 0.187309  0.742552 0.486749 1 0 1.000000
0  -8.779560 -15.325556 60.914257  0.795478 0.576308 0.187306  0.742552 0.473424 1 0 1.000000
0  -9.442530 -15.826167 64.616974  0.795487 0.576288 0.187327  0.693477 0.473474 1 0 1.000000
misc
0  -8.779560 -15.325556 60.914257  0.795478 0.576308 0.187306  0.742552 0.473424 1 0 1.000000
0  -7.845992 -15.194765 57.306259  0.795483 0.576302 0.187303  0.694102 0.480599 1 0 1.000000
0  -8.130120 -14.824944 57.238609  0.795471 0.576318 0.187304  0.693002 0.473399 1 0 1.000000
misc
0  -7.845992 -15.194765 57.306259  0.795483 0.576302 0.187303  0.694102 0.480599 1 0 1.000000
0  -8.779560 -15.325556 60.914257  0.795478 0.576308 0.187306  0.742552 0.473424 1 0 1.000000
0  -8.206789 -16.024603 60.936806  0.795476 0.576310 0.187309  0.742677 0.486774 1 0 1.000000
misc
0  -9.077221 -15.659296 56.620735  -0.793917 -0.568401 -0.215908  0.689827 0.459124 1 0 1.000000
0  -8.955453 -15.573606 56.002869  -0.793923 -0.568403 -0.215881  0.689827 0.441424 1 0 1.000000
0  -8.594652 -16.092255 55.984825  -0.793916 -0.568403 -0.215907  0.707277 0.441424 1 0 1.000000
misc
0  -8.594652 -16.092255 55.984825  -0.793916 -0.568403 -0.215907  0.707277 0.441424 1 0 1.000000
0  -8.702891 -16.177944 56.620735  -0.793898 -0.568437 -0.215885  0.707277 0.459124 1 0 1.000000
0  -9.077221 -15.659296 56.620735  -0.793917 -0.568401 -0.215908  0.689827 0.459124 1 0 1.000000
misc
0  1.367939 -16.822874 47.330135  0.001151 -0.071916 0.997410  0.598877 0.403674 1 0 1.000000
0  1.246170 -20.854816 47.194832  0.001817 -0.070583 0.997504  0.600152 0.403574 1 0 1.000000
0  10.762270 -20.854816 47.172287  0.002110 -0.072010 0.997402  0.600152 0.412849 1 0 1.000000
misc
0  10.762270 -20.854816 47.172287  0.002110 -0.072010 0.997402  0.600152 0.412849 1 0 1.000000
0  10.748740 -16.876995 47.330135  0.001717 -0.072078 0.997397  0.598952 0.412949 1 0 1.000000
0  1.367939 -16.822874 47.330135  0.001151 -0.071916 0.997410  0.598877 0.403674 1 0 1.000000
misc
0  10.753249 -8.831153 45.458492  -0.015836 0.169602 0.985385  0.595402 0.403799 1 0 1.000000
0  10.748740 -16.416975 47.285038  -0.022091 0.231208 0.972654  0.594852 0.412949 1 0 1.000000
0  10.865998 -7.405993 45.147293  -0.010606 -0.041533 0.999081  0.595152 0.403574 1 0 1.000000
misc
0  10.654030 -12.033255 46.247738  -0.004294 0.234697 0.972059  0.595227 0.408374 1 0 1.000000
0  10.748740 -16.416975 47.285038  -0.022091 0.231208 0.972654  0.594852 0.412949 1 0 1.000000
0  10.753249 -8.831153 45.458492  -0.015836 0.169602 0.985385  0.595402 0.403799 1 0 1.000000
misc
0  10.753249 -8.831153 45.458492  -0.015836 0.169602 0.985385  0.595402 0.403799 1 0 1.000000
0  10.500690 -11.852854 46.031254  -0.999009 -0.043023 0.011410  0.595327 0.408274 1 0 1.000000
0  10.654030 -12.033255 46.247738  -0.004294 0.234697 0.972059  0.595227 0.408374 1 0 1.000000
misc
0  10.500690 -11.852854 46.031254  -0.999009 -0.043023 0.011410  0.595327 0.408274 1 0 1.000000
0  10.753249 -8.831153 45.458492  -0.015836 0.169602 0.985385  0.595402 0.403799 1 0 1.000000
0  10.626969 -8.961944 45.323189  -0.999007 -0.043062 0.011415  0.595577 0.403924 1 0 1.000000
misc
0  1.282249 -7.433054 45.039055  -0.010558 -0.041180 0.999096  0.604177 0.403574 1 0 1.000000
0  1.652068 -8.880764 45.345737  0.003005 0.177437 0.984128  0.603952 0.403799 1 0 1.000000
0  10.865998 -7.405993 45.147293  -0.010606 -0.041533 0.999081  0.595152 0.403574 1 0 1.000000
misc
0  10.753249 -8.831153 45.458492  -0.015836 0.169602 0.985385  0.595402 0.403799 1 0 1.000000
0  10.865998 -7.405993 45.147293  -0.010606 -0.041533 0.999081  0.595152 0.403574 1 0 1.000000
0  1.652068 -8.880764 45.345737  0.003005 0.177437 0.984128  0.603952 0.403799 1 0 1.000000
misc
0  1.652068 -8.880764 45.345737  0.003005 0.177437 0.984128  0.603952 0.403799 1 0 1.000000
0  10.626969 -8.961944 45.323189  -0.000207 -0.968066 0.250695  0.595577 0.403924 1 0 1.000000
0  10.753249 -8.831153 45.458492  -0.015836 0.169602 0.985385  0.595402 0.403799 1 0 1.000000
misc
0  1.652068 -8.880764 45.345737  0.003005 0.177437 0.984128  0.603952 0.403799 1 0 1.000000
0  1.724229 -8.989004 45.237495  -0.000095 -0.968102 0.250557  0.603877 0.403924 1 0 1.000000
0  10.626969 -8.961944 45.323189  -0.000207 -0.968066 0.250695  0.595577 0.403924 1 0 1.000000
misc
0  10.626969 -8.961944 45.323189  -0.000207 -0.968067 0.250691  0.595577 0.403924 1 0 1.000000
0  1.724229 -8.989004 45.237495  -0.000121 -0.968103 0.250553  0.603877 0.403924 1 0 1.000000
0  1.670108 -7.766794 44.908264  -0.000209 -0.968067 0.250692  0.603877 0.403924 1 0 1.000000
misc
0  1.724229 -8.989004 45.237495  0.999919 0.012246 -0.003531  0.603877 0.403924 1 0 1.000000
0  1.548339 -11.839325 45.986156  0.999921 0.012088 -0.003527  0.603702 0.408274 1 0 1.000000
0  1.670108 -7.766794 44.908264  0.999919 0.012271 -0.003531  0.603877 0.403924 1 0 1.000000
misc
0  1.548339 -11.839325 45.986156  0.999920 0.012058 -0.003712  0.603702 0.408274 1 0 1.000000
0  1.724229 -8.989004 45.237495  0.999918 0.012251 -0.003616  0.603877 0.403924 1 0 1.000000
0  1.652068 -8.880764 45.345737  0.003005 0.177437 0.984128  0.603952 0.403799 1 0 1.000000
misc
0  1.372449 -12.060314 46.207146  -0.005686 0.342853 0.939372  0.603877 0.408374 1 0 1.000000
0  1.548339 -11.839325 45.986156  0.999920 0.012058 -0.003712  0.603702 0.408274 1 0 1.000000
0  1.652068 -8.880764 45.345737  0.003005 0.177437 0.984128  0.603952 0.403799 1 0 1.000000
misc
0  1.372449 -12.060314 46.207146  -0.005686 0.342853 0.939372  0.603877 0.408374 1 0 1.000000
0  1.652068 -8.880764 45.345737  0.003005 0.177437 0.984128  0.603952 0.403799 1 0 1.000000
0  1.282249 -7.433054 45.039055  -0.010558 -0.041180 0.999096  0.604177 0.403574 1 0 1.000000
misc
0  1.372449 -12.060314 46.207146  -0.005686 0.342853 0.939372  0.603877 0.408374 1 0 1.000000
0  1.282249 -7.433054 45.039055  -0.010558 -0.041180 0.999096  0.604177 0.403574 1 0 1.000000
0  1.372449 -15.902835 47.154247  -0.000178 0.243540 0.969891  0.604077 0.412424 1 0 1.000000
misc
0  1.372449 -12.060314 46.207146  -0.005686 0.342853 0.939372  0.603877 0.408374 1 0 1.000000
0  1.372449 -15.902835 47.154247  -0.000178 0.243540 0.969891  0.604077 0.412424 1 0 1.000000
0  1.381469 -16.358345 47.285038  0.019904 0.245158 0.969279  0.604077 0.412899 1 0 1.000000
misc
0  5.693030 -15.248884 54.924984  0.000306 0.000222 1.000000  0.726327 0.462024 1 0 1.000000
0  3.415480 -12.078355 54.924984  0.000249 0.000207 1.000000  0.726077 0.462024 1 0 1.000000
0  1.909139 -10.369064 54.924984  0.000200 0.000259 1.000000  0.725952 0.462024 1 0 1.000000
misc
0  1.909139 -10.369064 54.924984  0.000200 0.000259 1.000000  0.725952 0.462024 1 0 1.000000
0  6.838570 -17.219755 54.924984  0.000319 0.000119 1.000000  0.726577 0.462024 1 0 1.000000
0  5.693030 -15.248884 54.924984  0.000306 0.000222 1.000000  0.726327 0.462024 1 0 1.000000
misc
0  7.122701 -18.220976 54.924984  0.000366 -0.000080 1.000000  0.726577 0.461999 1 0 1.000000
0  6.838570 -17.219755 54.924984  0.000319 0.000119 1.000000  0.726577 0.462024 1 0 1.000000
0  1.909139 -10.369064 54.924984  0.000200 0.000259 1.000000  0.725952 0.462024 1 0 1.000000
misc
0  1.909139 -10.369064 54.924984  0.000200 0.000259 1.000000  0.725952 0.462024 1 0 1.000000
0  1.047729 -9.778255 54.924984  0.000068 0.000349 1.000000  0.725827 0.461999 1 0 1.000000
0  7.122701 -18.220976 54.924984  0.000366 -0.000080 1.000000  0.726577 0.461999 1 0 1.000000
misc
0  7.122701 -18.220976 54.924984  0.000366 -0.000080 1.000000  0.726577 0.461999 1 0 1.000000
0  1.047729 -9.778255 54.924984  0.000068 0.000349 1.000000  0.725827 0.461999 1 0 1.000000
0  0.249460 -9.782764 54.924984  -0.000058 0.000356 1.000000  0.725827 0.461974 1 0 1.000000
misc
0  0.249460 -9.782764 54.924984  -0.000058 0.000356 1.000000  0.725827 0.461974 1 0 1.000000
0  6.865631 -18.978655 54.924984  0.000247 -0.000172 1.000000  0.726677 0.461974 1 0 1.000000
0  7.122701 -18.220976 54.924984  0.000366 -0.000080 1.000000  0.726577 0.461999 1 0 1.000000
misc
0  6.157561 -19.939285 54.924984  0.000270 -0.000238 1.000000  0.726677 0.461874 1 0 1.000000
0  6.865631 -18.978655 54.924984  0.000247 -0.000172 1.000000  0.726677 0.461974 1 0 1.000000
0  0.249460 -9.782764 54.924984  -0.000058 0.000356 1.000000  0.725827 0.461974 1 0 1.000000
misc
0  0.249460 -9.782764 54.924984  -0.000058 0.000356 1.000000  0.725827 0.461974 1 0 1.000000
0  -0.887061 -10.148074 54.924984  -0.000114 0.000321 1.000000  0.725827 0.461874 1 0 1.000000
0  6.157561 -19.939285 54.924984  0.000270 -0.000238 1.000000  0.726677 0.461874 1 0 1.000000
misc
0  6.157561 -19.939285 54.924984  0.000270 -0.000238 1.000000  0.726677 0.461874 1 0 1.000000
0  -0.887061 -10.148074 54.924984  -0.000114 0.000321 1.000000  0.725827 0.461874 1 0 1.000000
0  -2.109271 -10.738884 54.924984  -0.000170 0.000324 1.000000  0.725702 0.461799 1 0 1.000000
misc
0  -2.109271 -10.738884 54.924984  -0.000170 0.000324 1.000000  0.725702 0.461799 1 0 1.000000
0  5.205951 -20.908936 54.924984  0.000221 -0.000256 1.000000  0.726677 0.461799 1 0 1.000000
0  6.157561 -19.939285 54.924984  0.000270 -0.000238 1.000000  0.726677 0.461874 1 0 1.000000
misc
0  4.439250 -21.535824 54.924984  -0.000078 -0.000345 1.000000  0.726677 0.461699 1 0 1.000000
0  5.205951 -20.908936 54.924984  0.000221 -0.000256 1.000000  0.726677 0.461799 1 0 1.000000
0  -2.109271 -10.738884 54.924984  -0.000170 0.000324 1.000000  0.725702 0.461799 1 0 1.000000
misc
0  -2.109271 -10.738884 54.924984  -0.000170 0.000324 1.000000  0.725702 0.461799 1 0 1.000000
0  -2.943620 -11.271065 54.924984  -0.000380 0.000047 1.000000  0.725702 0.461699 1 0 1.000000
0  4.439250 -21.535824 54.924984  -0.000078 -0.000345 1.000000  0.726677 0.461699 1 0 1.000000
misc
0  0.835760 -20.963055 46.757366  -0.999705 0.008670 0.022709  0.601452 0.407899 1 0 1.000000
0  1.367939 -16.822874 47.330135  0.001151 -0.071916 0.997410  0.601027 0.410224 1 0 1.000000
0  0.835760 -16.245594 46.757366  -0.999700 0.008644 0.022914  0.601027 0.407899 1 0 1.000000
misc
0  0.835760 -20.963055 46.757366  -0.999705 0.008670 0.022709  0.601452 0.407899 1 0 1.000000
0  1.246170 -20.854816 47.194832  0.001817 -0.070583 0.997504  0.601452 0.410224 1 0 1.000000
0  1.367939 -16.822874 47.330135  0.001151 -0.071916 0.997410  0.601027 0.410224 1 0 1.000000
misc
0  1.381469 -16.358345 47.285038  0.020654 0.245043 0.969292  0.600902 0.410224 1 0 1.000000
0  0.835760 -16.245594 46.757366  -0.999700 0.008644 0.022914  0.600902 0.407899 1 0 1.000000
0  1.367939 -16.822874 47.330135  0.001151 -0.071916 0.997410  0.601027 0.410224 1 0 1.000000
misc
0  1.282249 -7.433054 45.039055  -0.010179 -0.041648 0.999080  0.598502 0.410224 1 0 1.000000
0  0.835760 -16.245594 46.757366  -0.999700 0.008644 0.022914  0.600902 0.407899 1 0 1.000000
0  1.381469 -16.358345 47.285038  0.020654 0.245043 0.969292  0.600902 0.410224 1 0 1.000000
misc
0  1.282249 -7.433054 45.039055  -0.010179 -0.041648 0.999080  0.598502 0.410224 1 0 1.000000
0  0.709478 -7.527764 44.511383  -0.997608 0.009944 0.068404  0.598502 0.407899 1 0 1.000000
0  0.835760 -16.245594 46.757366  -0.999700 0.008644 0.022914  0.600902 0.407899 1 0 1.000000
misc
0  0.741048 6.024787 45.084152  -0.997607 0.009855 0.068429  0.594852 0.407899 1 0 1.000000
0  0.709478 -7.527764 44.511383  -0.997608 0.009944 0.068404  0.598502 0.407899 1 0 1.000000
0  1.282249 -7.433054 45.039055  -0.010179 -0.041648 0.999080  0.598502 0.410224 1 0 1.000000
misc
0  1.282249 -7.433054 45.039055  -0.010179 -0.041648 0.999080  0.598502 0.410224 1 0 1.000000
0  1.241658 6.024787 45.589275  -0.010167 -0.041612 0.999082  0.594852 0.410224 1 0 1.000000
0  0.741048 6.024787 45.084152  -0.997607 0.009855 0.068429  0.594852 0.407899 1 0 1.000000
misc
0  1.390488 -1.488873 45.323189  -0.010614 -0.041588 0.999078  0.698002 0.397774 1 0 1.000000
0  1.381468 -1.890264 45.300636  -0.010601 -0.041594 0.999078  0.677977 0.397774 1 0 1.000000
0  1.778348 -1.890264 45.300636  -0.010618 -0.041594 0.999078  0.677977 0.377249 1 0 1.000000
misc
0  1.778348 -1.890264 45.300636  -0.010618 -0.041594 0.999078  0.677977 0.377249 1 0 1.000000
0  1.773838 -1.484363 45.323189  -0.010616 -0.041596 0.999078  0.698002 0.377249 1 0 1.000000
0  1.390488 -1.488873 45.323189  -0.010614 -0.041588 0.999078  0.698002 0.397774 1 0 1.000000
misc
0  1.746779 -13.747055 46.843056  -0.003389 0.300791 0.953684  0.698002 0.397774 1 0 1.000000
0  1.345389 -13.742544 46.843056  -0.002377 0.294467 0.955659  0.698002 0.377249 1 0 1.000000
0  1.345389 -14.134914 46.933254  -0.002178 0.289988 0.957028  0.677977 0.377249 1 0 1.000000
misc
0  1.345389 -14.134914 46.933254  -0.002178 0.289988 0.957028  0.677977 0.377249 1 0 1.000000
0  1.760309 -14.134914 46.955807  -0.003032 0.291084 0.956693  0.677977 0.397774 1 0 1.000000
0  1.746779 -13.747055 46.843056  -0.003389 0.300791 0.953684  0.698002 0.397774 1 0 1.000000
misc
0  2.157189 -10.066895 45.521626  -0.001609 0.267780 0.963479  0.698002 0.397774 1 0 1.000000
0  1.796389 -10.062384 45.521626  0.003319 0.047395 0.998871  0.698002 0.377249 1 0 1.000000
0  1.796389 -10.459265 45.634377  0.002505 0.061042 0.998132  0.677977 0.377249 1 0 1.000000
misc
0  1.796389 -10.459265 45.634377  0.002505 0.061042 0.998132  0.677977 0.377249 1 0 1.000000
0  2.170719 -10.459265 45.634377  -0.002294 0.282384 0.959299  0.677977 0.397774 1 0 1.000000
0  2.157189 -10.066895 45.521626  -0.001609 0.267780 0.963479  0.698002 0.397774 1 0 1.000000
misc
0  1.737758 3.251136 45.521626  -0.010603 -0.041603 0.999078  0.698002 0.397774 1 0 1.000000
0  1.349898 3.251136 45.521626  -0.010591 -0.041613 0.999078  0.698002 0.377249 1 0 1.000000
0  1.349898 2.840727 45.499077  -0.010601 -0.041605 0.999078  0.677977 0.377249 1 0 1.000000
misc
0  1.349898 2.840727 45.499077  -0.010601 -0.041605 0.999078  0.677977 0.377249 1 0 1.000000
0  1.746778 2.854257 45.499077  -0.010603 -0.041620 0.999077  0.677977 0.397774 1 0 1.000000
0  1.737758 3.251136 45.521626  -0.010603 -0.041603 0.999078  0.698002 0.397774 1 0 1.000000
misc
0  11.402690 -10.188663 45.214947  0.999538 0.008137 0.029299  0.698002 0.397774 1 0 1.000000
0  11.411710 -10.572014 45.323189  0.999548 0.008224 0.028914  0.677977 0.397774 1 0 1.000000
0  11.434258 -10.675743 44.926304  0.999554 0.008234 0.028707  0.677977 0.377249 1 0 1.000000
misc
0  11.434258 -10.675743 44.926304  0.999554 0.008234 0.028707  0.677977 0.377249 1 0 1.000000
0  11.420729 -10.283374 44.818066  0.999544 0.008099 0.029098  0.698002 0.377249 1 0 1.000000
0  11.402690 -10.188663 45.214947  0.999538 0.008137 0.029299  0.698002 0.397774 1 0 1.000000
misc
0  11.501908 -5.588463 44.421185  0.999444 0.007697 0.032426  0.698002 0.397774 1 0 1.000000
0  11.506419 -5.989852 44.421185  0.999444 0.007703 0.032428  0.677977 0.397774 1 0 1.000000
0  11.533479 -5.989852 44.024303  0.999445 0.007702 0.032399  0.677977 0.377249 1 0 1.000000
misc
0  11.533479 -5.989852 44.024303  0.999445 0.007702 0.032399  0.677977 0.377249 1 0 1.000000
0  11.524460 -5.583953 44.024303  0.999445 0.007717 0.032420  0.698002 0.377249 1 0 1.000000
0  11.501908 -5.588463 44.421185  0.999444 0.007697 0.032426  0.698002 0.397774 1 0 1.000000
misc
0  11.515441 -13.918433 46.207146  0.999640 0.008601 0.025401  0.698002 0.397774 1 0 1.000000
0  11.533480 -14.306293 46.315388  0.999649 0.008727 0.025002  0.677977 0.397774 1 0 1.000000
0  11.547010 -14.405513 45.918507  0.999652 0.008718 0.024902  0.677977 0.377249 1 0 1.000000
misc
0  11.547010 -14.405513 45.918507  0.999652 0.008718 0.024902  0.677977 0.377249 1 0 1.000000
0  11.537991 -14.008635 45.810265  0.999643 0.008594 0.025306  0.698002 0.377249 1 0 1.000000
0  11.515441 -13.918433 46.207146  0.999640 0.008601 0.025401  0.698002 0.397774 1 0 1.000000
misc
0  10.365390 -14.166484 46.843056  -0.003799 0.235613 0.971839  0.677977 0.397774 1 0 1.000000
0  10.762270 -14.161973 46.820507  -0.019258 0.165224 0.986068  0.677977 0.377249 1 0 1.000000
0  10.748740 -13.769604 46.734818  -0.018674 0.153571 0.987961  0.698002 0.377249 1 0 1.000000
misc
0  10.748740 -13.769604 46.734818  -0.018674 0.153571 0.987961  0.698002 0.377249 1 0 1.000000
0  10.360881 -13.774113 46.734818  -0.003919 0.235503 0.971866  0.698002 0.397774 1 0 1.000000
0  10.365390 -14.166484 46.843056  -0.003799 0.235613 0.971839  0.677977 0.397774 1 0 1.000000
misc
0  10.518729 -10.053364 45.611824  -0.014117 0.039704 0.999112  0.698002 0.377249 1 0 1.000000
0  10.121849 -10.445734 45.697517  -0.008304 0.211031 0.977444  0.677977 0.397774 1 0 1.000000
0  10.523239 -10.445734 45.720066  -0.014448 0.047828 0.998751  0.677977 0.377249 1 0 1.000000
misc
0  10.518729 -10.053364 45.611824  -0.014117 0.039704 0.999112  0.698002 0.377249 1 0 1.000000
0  10.103809 -10.053364 45.611824  -0.009297 0.205315 0.978652  0.698002 0.397774 1 0 1.000000
0  10.121849 -10.445734 45.697517  -0.008304 0.211031 0.977444  0.677977 0.397774 1 0 1.000000
misc
0  10.726189 -1.890263 45.413387  -0.010585 -0.041602 0.999078  0.677977 0.377249 1 0 1.000000
0  10.726189 -1.484363 45.435936  -0.010617 -0.041617 0.999077  0.698002 0.377249 1 0 1.000000
0  10.342839 -1.488873 45.413387  -0.010614 -0.041580 0.999079  0.698002 0.397774 1 0 1.000000
misc
0  10.342839 -1.488873 45.413387  -0.010614 -0.041580 0.999079  0.698002 0.397774 1 0 1.000000
0  10.329309 -1.890263 45.413387  -0.010606 -0.041609 0.999078  0.677977 0.397774 1 0 1.000000
0  10.726189 -1.890263 45.413387  -0.010585 -0.041602 0.999078  0.677977 0.377249 1 0 1.000000
misc
0  -3.286380 -20.963055 55.321854  0.795393 0.576265 0.187800  0.660402 0.469774 1 0 1.000000
0  -4.210929 -21.743286 55.100868  -0.793981 -0.568481 -0.215461  0.659902 0.469274 1 0 1.000000
0  -5.640601 -19.749865 55.123425  -0.794020 -0.568443 -0.215418  0.692502 0.469274 1 0 1.000000
misc
0  -5.640601 -19.749865 55.123425  -0.794020 -0.568443 -0.215418  0.692502 0.469274 1 0 1.000000
0  -4.716050 -18.969635 55.344406  0.795435 0.576201 0.187819  0.692877 0.469724 1 0 1.000000
0  -3.286380 -20.963055 55.321854  0.795393 0.576265 0.187800  0.660402 0.469774 1 0 1.000000
misc
0  -3.286380 -20.963055 55.321854  0.795393 0.576265 0.187800  0.660402 0.469774 1 0 1.000000
0  -4.716050 -18.969635 55.344406  0.795435 0.576201 0.187819  0.692877 0.469724 1 0 1.000000
0  -4.837820 -19.113956 56.575638  0.795492 0.576291 0.187300  0.692502 0.483824 1 0 1.000000
misc
0  -4.837820 -19.113956 56.575638  0.795492 0.576291 0.187300  0.692502 0.483824 1 0 1.000000
0  -3.381090 -21.138945 56.535046  0.795492 0.576291 0.187297  0.659902 0.483849 1 0 1.000000
0  -3.286380 -20.963055 55.321854  0.795393 0.576265 0.187800  0.660402 0.469774 1 0 1.000000
misc
0  7.889400 -20.611275 51.578556  0.875317 -0.483549 0.000001  0.746702 0.476974 1 0 1.000000
0  9.950471 -18.771194 52.020538  0.875132 -0.483884 0.000003  0.746827 0.476549 1 0 1.000000
0  9.950471 -18.775703 52.809792  0.875301 -0.483579 0.000032  0.746952 0.476549 1 0 1.000000
misc
0  -0.039179 -26.311916 52.877438  0.875165 -0.483825 0.000065  0.746952 0.478724 1 0 1.000000
0  7.889400 -20.611275 51.578556  0.875317 -0.483549 0.000001  0.746702 0.476974 1 0 1.000000
0  9.950471 -18.775703 52.809792  0.875301 -0.483579 0.000032  0.746952 0.476549 1 0 1.000000
misc
0  7.889400 -20.611275 51.578556  0.875317 -0.483549 0.000001  0.746702 0.476974 1 0 1.000000
0  -0.039179 -26.311916 52.877438  0.875165 -0.483825 0.000065  0.746952 0.478724 1 0 1.000000
0  -0.914120 -26.943314 51.578556  0.875323 -0.483537 0.001179  0.746702 0.478924 1 0 1.000000
misc
0  -0.914120 -26.943314 51.578556  0.875331 -0.483523 0.000027  0.746702 0.478924 1 0 1.000000
0  -0.039179 -26.311916 52.877438  0.875165 -0.483825 0.000065  0.746952 0.478724 1 0 1.000000
0  -2.055150 -27.579226 52.061127  0.864296 -0.502516 -0.021677  0.746702 0.479099 1 0 1.000000
misc
0  -1.996520 -27.723545 54.749092  0.875363 -0.483467 0.000027  0.747327 0.479149 1 0 1.000000
0  -2.055150 -27.579226 52.061127  0.864296 -0.502516 -0.021677  0.746702 0.479099 1 0 1.000000
0  -0.039179 -26.311916 52.877438  0.875165 -0.483825 0.000065  0.746952 0.478724 1 0 1.000000
misc
0  -0.039179 -26.311916 52.877438  0.875165 -0.483825 0.000065  0.746952 0.478724 1 0 1.000000
0  -0.061729 -26.325443 54.749092  0.875311 -0.483561 0.000460  0.747327 0.478724 1 0 1.000000
0  -1.996520 -27.723545 54.749092  0.875363 -0.483467 0.000027  0.747327 0.479149 1 0 1.000000
misc
0  -0.061729 -26.325443 54.749092  0.875311 -0.483561 0.000460  0.747327 0.478724 1 0 1.000000
0  -0.039179 -26.311916 52.877438  0.875165 -0.483825 0.000065  0.746952 0.478724 1 0 1.000000
0  0.010431 -25.874445 53.166080  -0.000014 -0.000062 1.000000  0.746952 0.478674 1 0 1.000000
misc
0  0.010431 -25.874445 53.166080  -0.000014 -0.000062 1.000000  0.746952 0.478674 1 0 1.000000
0  0.010431 -25.874445 54.771637  0.811639 0.584160 0.000012  0.747327 0.478674 1 0 1.000000
0  -0.061729 -26.325443 54.749092  0.875311 -0.483561 0.000460  0.747327 0.478724 1 0 1.000000
misc
0  -0.169969 -26.181128 55.037724  0.000104 0.000003 1.000000  0.747327 0.478724 1 0 1.000000
0  -0.061729 -26.325443 54.749092  0.875311 -0.483561 0.000460  0.747327 0.478724 1 0 1.000000
0  0.010431 -25.874445 54.771637  0.811639 0.584160 0.000012  0.747327 0.478674 1 0 1.000000
misc
0  0.010431 -25.874445 54.771637  0.811639 0.584160 0.000012  0.747327 0.478674 1 0 1.000000
0  -0.138399 -25.982687 55.037724  0.000093 0.000012 1.000000  0.747327 0.478699 1 0 1.000000
0  -0.169969 -26.181128 55.037724  0.000104 0.000003 1.000000  0.747327 0.478724 1 0 1.000000
misc
0  -9.740192 -14.671606 51.578556  -0.006529 -0.011728 -0.999910  0.745852 0.479924 1 0 1.000000
0  -0.941181 -8.339564 51.578556  0.000000 0.000000 -1.000000  0.743902 0.479924 1 0 1.000000
0  7.889400 -20.611275 51.578556  -0.000000 0.000000 -1.000000  0.743902 0.477224 1 0 1.000000
misc
0  7.889400 -20.611275 51.578556  -0.000000 0.000000 -1.000000  0.743902 0.477224 1 0 1.000000
0  -0.914120 -26.943314 51.578556  -0.006546 -0.011773 -0.999909  0.745852 0.477224 1 0 1.000000
0  -9.740192 -14.671606 51.578556  -0.006529 -0.011728 -0.999910  0.745852 0.479924 1 0 1.000000
misc
0  -0.914120 -26.943314 51.578556  -0.006577 -0.011853 -0.999908  0.745852 0.477224 1 0 1.000000
0  -16.822294 -15.952446 52.435459  -0.480266 -0.869458 -0.115705  0.746102 0.479874 1 0 1.000000
0  -9.740192 -14.671606 51.578556  -0.006598 -0.011776 -0.999909  0.745852 0.479924 1 0 1.000000
misc
0  -16.822294 -15.952446 52.435459  -0.480266 -0.869458 -0.115705  0.746102 0.479874 1 0 1.000000
0  -0.914120 -26.943314 51.578556  -0.006577 -0.011853 -0.999908  0.745852 0.477224 1 0 1.000000
0  -2.497129 -27.646875 52.435459  -0.479929 -0.869601 -0.116027  0.746102 0.477274 1 0 1.000000
misc
0  5.449490 -17.594084 47.835258  0.146694 -0.665008 0.732287  0.538402 0.371949 1 0 1.000000
0  5.187910 -17.296425 47.835258  -0.509639 0.089714 0.855698  0.538402 0.351324 1 0 1.000000
0  5.233009 -17.521925 47.835258  -0.551756 -0.583796 0.595607  0.544552 0.361449 1 0 1.000000
misc
0  5.449490 -17.594084 47.835258  0.146694 -0.665008 0.732287  0.538402 0.371949 1 0 1.000000
0  5.620869 -17.440744 47.835258  0.582622 -0.283268 0.761781  0.526502 0.371949 1 0 1.000000
0  5.187910 -17.296425 47.835258  -0.509639 0.089714 0.855698  0.538402 0.351324 1 0 1.000000
misc
0  5.359290 -17.143084 47.835258  -0.073822 0.468868 0.880178  0.526502 0.351324 1 0 1.000000
0  5.187910 -17.296425 47.835258  -0.509639 0.089714 0.855698  0.538402 0.351324 1 0 1.000000
0  5.620869 -17.440744 47.835258  0.582622 -0.283268 0.761781  0.526502 0.371949 1 0 1.000000
misc
0  5.620869 -17.440744 47.835258  0.582622 -0.283268 0.761781  0.526502 0.371949 1 0 1.000000
0  5.575770 -17.215244 47.835258  0.610371 0.433172 0.663181  0.520477 0.361449 1 0 1.000000
0  5.359290 -17.143084 47.835258  -0.073822 0.468868 0.880178  0.526502 0.351324 1 0 1.000000
misc
0  0.551630 -25.125784 54.771637  -0.000036 0.000039 1.000000  0.744027 0.476449 1 0 1.000000
0  -0.111339 -25.013037 54.771637  -0.000010 0.000015 1.000000  0.743902 0.476574 1 0 1.000000
0  -0.160949 -25.333246 54.528103  -0.483586 -0.875297 0.000077  0.743777 0.476524 1 0 1.000000
misc
0  0.502020 -25.445995 54.528103  0.875313 -0.483542 0.003834  0.743902 0.476374 1 0 1.000000
0  0.551630 -25.125784 54.771637  -0.000036 0.000039 1.000000  0.744027 0.476449 1 0 1.000000
0  -0.160949 -25.333246 54.528103  -0.483586 -0.875297 0.000077  0.743777 0.476524 1 0 1.000000
misc
0  0.551630 -25.125784 54.771637  -0.000036 0.000039 1.000000  0.744027 0.476449 1 0 1.000000
0  0.502020 -25.445995 54.528103  0.875313 -0.483542 0.003834  0.743902 0.476374 1 0 1.000000
0  8.935720 -19.371025 54.528103  0.875351 -0.483473 0.003817  0.746952 0.476374 1 0 1.000000
misc
0  8.935720 -19.371025 54.528103  0.875351 -0.483473 0.003817  0.746952 0.476374 1 0 1.000000
0  8.638062 -19.307884 54.771637  -0.000058 0.000022 1.000000  0.746827 0.476449 1 0 1.000000
0  0.551630 -25.125784 54.771637  -0.000036 0.000039 1.000000  0.744027 0.476449 1 0 1.000000
misc
0  8.922192 -18.180384 54.771637  -0.000042 -0.000026 1.000000  0.745602 0.477924 1 0 1.000000
0  8.638062 -19.307884 54.771637  -0.000058 0.000022 1.000000  0.746827 0.476449 1 0 1.000000
0  8.935720 -19.371025 54.528103  0.875351 -0.483473 0.003817  0.746952 0.476374 1 0 1.000000
misc
0  8.935720 -19.371025 54.528103  0.875351 -0.483473 0.003817  0.746952 0.476374 1 0 1.000000
0  9.228871 -18.225485 54.528103  0.483459 0.875367 0.000048  0.745602 0.477874 1 0 1.000000
0  8.922192 -18.180384 54.771637  -0.000042 -0.000026 1.000000  0.745602 0.477924 1 0 1.000000
misc
0  8.935720 -19.371025 54.528103  0.875351 -0.483473 0.003817  0.748777 0.476574 1 0 1.000000
0  8.940231 -19.375534 53.166080  0.875340 -0.483487 0.004494  0.748427 0.476574 1 0 1.000000
0  9.228871 -18.225485 54.528103  0.483459 0.875367 0.000048  0.745602 0.477874 1 0 1.000000
misc
0  8.940231 -19.375534 53.166080  0.875340 -0.483487 0.004494  0.748427 0.476574 1 0 1.000000
0  9.233381 -18.225485 53.166080  0.483179 0.875515 0.003245  0.746102 0.477874 1 0 1.000000
0  9.228871 -18.225485 54.528103  0.483459 0.875367 0.000048  0.745602 0.477874 1 0 1.000000
misc
0  8.638062 -19.307884 54.771637  -0.000058 0.000022 1.000000  0.746827 0.476449 1 0 1.000000
0  8.922192 -18.180384 54.771637  -0.000042 -0.000026 1.000000  0.747077 0.476649 1 0 1.000000
0  4.705340 -22.140165 54.771637  -0.000000 0.000000 1.000000  0.745477 0.476449 1 0 1.000000
misc
0  -3.430701 -10.824574 54.771637  -0.000000 0.000000 1.000000  0.745477 0.480424 1 0 1.000000
0  4.705340 -22.140165 54.771637  -0.000000 0.000000 1.000000  0.745477 0.476449 1 0 1.000000
0  8.922192 -18.180384 54.771637  -0.000042 -0.000026 1.000000  0.747077 0.476649 1 0 1.000000
misc
0  8.922192 -18.180384 54.771637  -0.000042 -0.000026 1.000000  0.747077 0.476649 1 0 1.000000
0  1.656579 -8.082494 54.771637  0.000002 -0.000011 1.000000  0.747077 0.480224 1 0 1.000000
0  -3.430701 -10.824574 54.771637  -0.000000 0.000000 1.000000  0.745477 0.480424 1 0 1.000000
misc
0  1.174009 -7.775814 54.771637  0.000064 0.000311 1.000000  0.747077 0.480374 1 0 1.000000
0  -3.430701 -10.824574 54.771637  -0.000000 0.000000 1.000000  0.745477 0.480424 1 0 1.000000
0  1.656579 -8.082494 54.771637  0.000002 -0.000011 1.000000  0.747077 0.480224 1 0 1.000000
misc
0  1.174009 -7.775814 54.771637  0.000064 0.000311 1.000000  0.747077 0.480374 1 0 1.000000
0  0.502019 -7.996804 54.771637  0.000030 -0.000053 1.000000  0.746827 0.480424 1 0 1.000000
0  -3.430701 -10.824574 54.771637  -0.000000 0.000000 1.000000  0.745477 0.480424 1 0 1.000000
misc
0  -12.213072 -41.403522 81.006172  -0.601043 -0.069564 0.796183  0.618227 0.408324 1 0 1.000000
0  -12.276212 -41.394505 80.875374  -1.000000 0.000045 0.000463  0.618177 0.408324 1 0 1.000000
0  -12.276212 -47.437904 80.347710  -1.000000 -0.000304 0.000342  0.618177 0.406799 1 0 1.000000
misc
0  -12.213072 -41.403522 81.006172  -0.601043 -0.069564 0.796183  0.618227 0.408324 1 0 1.000000
0  -12.276212 -47.437904 80.347710  -1.000000 -0.000304 0.000342  0.618177 0.406799 1 0 1.000000
0  -12.213072 -47.483002 80.478500  -0.600955 -0.069809 0.796229  0.618227 0.406799 1 0 1.000000
misc
0  -12.001101 -41.417053 81.182053  -0.600289 -0.069634 0.796746  0.618277 0.408324 1 0 1.000000
0  -12.213072 -41.403522 81.006172  -0.601043 -0.069564 0.796183  0.618227 0.408324 1 0 1.000000
0  -12.213072 -47.483002 80.478500  -0.600955 -0.069809 0.796229  0.618227 0.406799 1 0 1.000000
misc
0  -12.001101 -41.417053 81.182053  -0.600289 -0.069634 0.796746  0.618277 0.408324 1 0 1.000000
0  -12.213072 -47.483002 80.478500  -0.600955 -0.069809 0.796229  0.618227 0.406799 1 0 1.000000
0  -11.992081 -47.636345 80.609291  -0.598844 -0.070024 0.797799  0.618277 0.406799 1 0 1.000000
misc
0  -11.838740 -41.426075 81.227158  -0.000388 -0.087010 0.996207  0.618352 0.408324 1 0 1.000000
0  -12.001101 -41.417053 81.182053  -0.600289 -0.069634 0.796746  0.618277 0.408324 1 0 1.000000
0  -11.992081 -47.636345 80.609291  -0.598844 -0.070024 0.797799  0.618277 0.406799 1 0 1.000000
misc
0  -11.838740 -41.426075 81.227158  -0.000388 -0.087010 0.996207  0.618352 0.408324 1 0 1.000000
0  -11.992081 -47.636345 80.609291  -0.598844 -0.070024 0.797799  0.618277 0.406799 1 0 1.000000
0  -11.838740 -47.658894 80.699478  -0.000014 -0.085645 0.996326  0.618352 0.406799 1 0 1.000000
misc
0  -11.838740 -41.426075 81.227158  -0.000388 -0.087010 0.996207  0.618352 0.408324 1 0 1.000000
0  -11.838740 -47.658894 80.699478  -0.000014 -0.085645 0.996326  0.618352 0.406799 1 0 1.000000
0  -9.854342 -47.658894 80.699478  0.000055 -0.087006 0.996208  0.618777 0.406799 1 0 1.000000
misc
0  -9.854342 -47.658894 80.699478  0.000055 -0.087006 0.996208  0.618777 0.406799 1 0 1.000000
0  -9.854342 -41.426075 81.227158  0.000408 -0.088132 0.996109  0.618827 0.408324 1 0 1.000000
0  -11.838740 -41.426075 81.227158  -0.000388 -0.087010 0.996207  0.618352 0.408324 1 0 1.000000
misc
0  -9.854342 -41.426075 81.227158  0.000408 -0.088132 0.996109  0.618827 0.408324 1 0 1.000000
0  -9.854342 -47.658894 80.699478  0.000055 -0.087006 0.996208  0.618777 0.406799 1 0 1.000000
0  -9.696491 -47.636345 80.609291  0.600574 -0.069943 0.796504  0.618827 0.406799 1 0 1.000000
misc
0  -9.696491 -47.636345 80.609291  0.600574 -0.069943 0.796504  0.618827 0.406799 1 0 1.000000
0  -9.687471 -41.417053 81.182053  0.600309 -0.069634 0.796731  0.618902 0.408324 1 0 1.000000
0  -9.854342 -41.426075 81.227158  0.000408 -0.088132 0.996109  0.618827 0.408324 1 0 1.000000
misc
0  -9.687471 -41.417053 81.182053  0.600309 -0.069634 0.796731  0.618902 0.408324 1 0 1.000000
0  -9.696491 -47.636345 80.609291  0.600574 -0.069943 0.796504  0.618827 0.406799 1 0 1.000000
0  -9.470991 -47.483002 80.478500  0.600961 -0.069852 0.796220  0.618902 0.406799 1 0 1.000000
misc
0  -9.470991 -47.483002 80.478500  0.600961 -0.069852 0.796220  0.618902 0.406799 1 0 1.000000
0  -9.470991 -41.403522 81.006172  0.601039 -0.067620 0.796354  0.618952 0.408324 1 0 1.000000
0  -9.687471 -41.417053 81.182053  0.600309 -0.069634 0.796731  0.618902 0.408324 1 0 1.000000
misc
0  -9.470991 -41.403522 81.006172  0.601039 -0.067620 0.796354  0.618952 0.408324 1 0 1.000000
0  -9.470991 -47.483002 80.478500  0.600961 -0.069852 0.796220  0.618902 0.406799 1 0 1.000000
0  -9.407851 -47.437904 80.347710  1.000000 -0.000315 0.000242  0.618952 0.406799 1 0 1.000000
misc
0  -9.407851 -47.437904 80.347710  1.000000 -0.000315 0.000242  0.618952 0.406799 1 0 1.000000
0  -9.407851 -41.394505 80.875374  1.000000 -0.000012 0.000352  0.618952 0.408324 1 0 1.000000
0  -9.470991 -41.403522 81.006172  0.601039 -0.067620 0.796354  0.618952 0.408324 1 0 1.000000
misc
0  -9.407852 -41.205082 78.715088  1.000000 -0.000057 -0.000469  0.616827 0.408324 1 0 1.000000
0  -9.407851 -41.394505 80.875374  1.000000 -0.000012 0.000352  0.616277 0.408324 1 0 1.000000
0  -9.407851 -47.437904 80.347710  1.000000 -0.000315 0.000242  0.616327 0.406799 1 0 1.000000
misc
0  -9.407851 -47.437904 80.347710  1.000000 -0.000315 0.000242  0.616327 0.406799 1 0 1.000000
0  -9.407851 -47.252995 78.187416  1.000000 -0.000231 -0.000298  0.616827 0.406799 1 0 1.000000
0  -9.407852 -41.205082 78.715088  1.000000 -0.000057 -0.000469  0.616827 0.408324 1 0 1.000000
misc
0  -9.470992 -41.196064 78.584297  0.601047 0.069579 -0.796179  0.616877 0.408324 1 0 1.000000
0  -9.407852 -41.205082 78.715088  1.000000 -0.000057 -0.000469  0.616827 0.408324 1 0 1.000000
0  -9.407851 -47.252995 78.187416  1.000000 -0.000231 -0.000298  0.616827 0.406799 1 0 1.000000
misc
0  -9.470992 -41.196064 78.584297  0.601047 0.069579 -0.796179  0.616877 0.408324 1 0 1.000000
0  -9.407851 -47.252995 78.187416  1.000000 -0.000231 -0.000298  0.616827 0.406799 1 0 1.000000
0  -9.470991 -47.284565 78.056625  0.600866 0.069347 -0.796336  0.616877 0.406799 1 0 1.000000
misc
0  -9.687472 -41.173515 78.408409  0.600350 0.069619 -0.796701  0.616952 0.408324 1 0 1.000000
0  -9.470992 -41.196064 78.584297  0.601047 0.069579 -0.796179  0.616877 0.408324 1 0 1.000000
0  -9.470991 -47.284565 78.056625  0.600866 0.069347 -0.796336  0.616877 0.406799 1 0 1.000000
misc
0  -9.687472 -41.173515 78.408409  0.600350 0.069619 -0.796701  0.616952 0.408324 1 0 1.000000
0  -9.470991 -47.284565 78.056625  0.600866 0.069347 -0.796336  0.616877 0.406799 1 0 1.000000
0  -9.696491 -47.392803 77.880737  0.600561 0.069271 -0.796573  0.616952 0.406799 1 0 1.000000
misc
0  -9.854342 -41.173515 78.363304  0.000436 0.086994 -0.996209  0.617002 0.408324 1 0 1.000000
0  -9.687472 -41.173515 78.408409  0.600350 0.069619 -0.796701  0.616952 0.408324 1 0 1.000000
0  -9.696491 -47.392803 77.880737  0.600561 0.069271 -0.796573  0.616952 0.406799 1 0 1.000000
misc
0  -9.854342 -41.173515 78.363304  0.000436 0.086994 -0.996209  0.617002 0.408324 1 0 1.000000
0  -9.696491 -47.392803 77.880737  0.600561 0.069271 -0.796573  0.616952 0.406799 1 0 1.000000
0  -9.854342 -47.415356 77.835632  -0.000037 0.087044 -0.996205  0.617002 0.406799 1 0 1.000000
misc
0  -9.854342 -47.415356 77.835632  -0.000037 0.087044 -0.996205  0.617002 0.406799 1 0 1.000000
0  -11.838740 -47.415356 77.835632  -0.000119 0.087033 -0.996205  0.617502 0.406799 1 0 1.000000
0  -9.854342 -41.173515 78.363304  0.000436 0.086994 -0.996209  0.617002 0.408324 1 0 1.000000
misc
0  -11.838741 -41.173515 78.363304  -0.000441 0.086986 -0.996210  0.617502 0.408324 1 0 1.000000
0  -9.854342 -41.173515 78.363304  0.000436 0.086994 -0.996209  0.617002 0.408324 1 0 1.000000
0  -11.838740 -47.415356 77.835632  -0.000119 0.087033 -0.996205  0.617502 0.406799 1 0 1.000000
misc
0  -11.838741 -41.173515 78.363304  -0.000441 0.086986 -0.996210  0.617502 0.408324 1 0 1.000000
0  -11.838740 -47.415356 77.835632  -0.000119 0.087033 -0.996205  0.617502 0.406799 1 0 1.000000
0  -11.992081 -47.392803 77.880737  -0.600566 0.069294 -0.796567  0.617502 0.406799 1 0 1.000000
misc
0  -11.992081 -47.392803 77.880737  -0.600566 0.069294 -0.796567  0.617502 0.406799 1 0 1.000000
0  -12.001101 -41.173515 78.408409  -0.600335 0.069620 -0.796713  0.617552 0.408324 1 0 1.000000
0  -11.838741 -41.173515 78.363304  -0.000441 0.086986 -0.996210  0.617502 0.408324 1 0 1.000000
misc
0  -12.001101 -41.173515 78.408409  -0.600335 0.069620 -0.796713  0.617552 0.408324 1 0 1.000000
0  -11.992081 -47.392803 77.880737  -0.600566 0.069294 -0.796567  0.617502 0.406799 1 0 1.000000
0  -12.213072 -47.284565 78.056625  -0.600881 0.069399 -0.796320  0.617552 0.406799 1 0 1.000000
misc
0  -12.213072 -47.284565 78.056625  -0.600881 0.069399 -0.796320  0.617552 0.406799 1 0 1.000000
0  -12.213073 -41.196064 78.584297  -0.601032 0.069569 -0.796192  0.617627 0.408324 1 0 1.000000
0  -12.001101 -41.173515 78.408409  -0.600335 0.069620 -0.796713  0.617552 0.408324 1 0 1.000000
misc
0  -12.213073 -41.196064 78.584297  -0.601032 0.069569 -0.796192  0.617627 0.408324 1 0 1.000000
0  -12.213072 -47.284565 78.056625  -0.600881 0.069399 -0.796320  0.617552 0.406799 1 0 1.000000
0  -12.276212 -47.252995 78.187416  -1.000000 -0.000074 -0.000300  0.617627 0.406799 1 0 1.000000
misc
0  -12.276212 -47.252995 78.187416  -1.000000 -0.000074 -0.000300  0.617627 0.406799 1 0 1.000000
0  -12.276213 -41.205082 78.715088  -1.000000 0.000049 -0.000460  0.617627 0.408324 1 0 1.000000
0  -12.213073 -41.196064 78.584297  -0.601032 0.069569 -0.796192  0.617627 0.408324 1 0 1.000000
misc
0  -12.276212 -47.252995 78.187416  -1.000000 -0.000074 -0.000300  0.617627 0.406799 1 0 1.000000
0  -12.276212 -47.437904 80.347710  -1.000000 -0.000304 0.000342  0.618177 0.406799 1 0 1.000000
0  -12.276213 -41.205082 78.715088  -1.000000 0.000049 -0.000460  0.617627 0.408324 1 0 1.000000
misc
0  -12.276212 -41.394505 80.875374  -1.000000 0.000045 0.000463  0.618177 0.408324 1 0 1.000000
0  -12.276213 -41.205082 78.715088  -1.000000 0.000049 -0.000460  0.617627 0.408324 1 0 1.000000
0  -12.276212 -47.437904 80.347710  -1.000000 -0.000304 0.000342  0.618177 0.406799 1 0 1.000000
misc
0  -12.001101 -41.556862 78.363304  -0.600370 0.069420 -0.796704  0.614502 0.414724 1 0 1.000000
0  -11.838741 -41.556862 78.318207  -0.010375 0.086805 -0.996171  0.614577 0.414724 1 0 1.000000
0  -11.838741 -41.656082 78.318207  -0.010357 0.086805 -0.996171  0.614577 0.416799 1 0 1.000000
misc
0  -12.001101 -41.669613 78.363304  -0.600328 0.069413 -0.796736  0.614502 0.416799 1 0 1.000000
0  -12.001101 -41.556862 78.363304  -0.600370 0.069420 -0.796704  0.614502 0.414724 1 0 1.000000
0  -11.838741 -41.656082 78.318207  -0.010357 0.086805 -0.996171  0.614577 0.416799 1 0 1.000000
misc
0  -12.222091 -41.579414 78.539200  -0.601029 0.069439 -0.796205  0.614452 0.414724 1 0 1.000000
0  -12.001101 -41.556862 78.363304  -0.600370 0.069420 -0.796704  0.614502 0.414724 1 0 1.000000
0  -12.001101 -41.669613 78.363304  -0.600328 0.069413 -0.796736  0.614502 0.416799 1 0 1.000000
misc
0  -12.222091 -41.678635 78.539200  -0.601030 0.069459 -0.796203  0.614452 0.416799 1 0 1.000000
0  -12.222091 -41.579414 78.539200  -0.601029 0.069439 -0.796205  0.614452 0.414724 1 0 1.000000
0  -12.001101 -41.669613 78.363304  -0.600328 0.069413 -0.796736  0.614502 0.416799 1 0 1.000000
misc
0  -12.289742 -41.592945 78.669991  -0.999856 0.001402 -0.016899  0.614377 0.414724 1 0 1.000000
0  -12.222091 -41.579414 78.539200  -0.601029 0.069439 -0.796205  0.614452 0.414724 1 0 1.000000
0  -12.222091 -41.678635 78.539200  -0.601030 0.069459 -0.796203  0.614452 0.416799 1 0 1.000000
misc
0  -12.289742 -41.592945 78.669991  -0.999856 0.001402 -0.016899  0.614377 0.414724 1 0 1.000000
0  -12.222091 -41.678635 78.539200  -0.601030 0.069459 -0.796203  0.614452 0.416799 1 0 1.000000
0  -12.289742 -41.692165 78.669991  -0.999857 0.001392 -0.016879  0.614377 0.416799 1 0 1.000000
misc
0  -12.289742 -41.877075 80.830276  -0.999374 -0.002989 0.035257  0.613652 0.416799 1 0 1.000000
0  -12.289742 -41.592945 78.669991  -0.999856 0.001402 -0.016899  0.614377 0.414724 1 0 1.000000
0  -12.289742 -41.692165 78.669991  -0.999857 0.001392 -0.016879  0.614377 0.416799 1 0 1.000000
misc
0  -12.289742 -41.592945 78.669991  -0.999856 0.001402 -0.016899  0.614377 0.414724 1 0 1.000000
0  -12.289742 -41.877075 80.830276  -0.999374 -0.002989 0.035257  0.613652 0.416799 1 0 1.000000
0  -12.289742 -41.777855 80.830276  -0.999376 -0.002986 0.035196  0.613652 0.414724 1 0 1.000000
misc
0  -12.289742 -41.777855 80.830276  -0.999376 -0.002986 0.035196  0.613652 0.414724 1 0 1.000000
0  -12.289742 -41.877075 80.830276  -0.999374 -0.002989 0.035257  0.613652 0.416799 1 0 1.000000
0  -12.222091 -41.899624 80.961060  -0.601042 -0.069446 0.796194  0.613577 0.416799 1 0 1.000000
misc
0  -12.222091 -41.899624 80.961060  -0.601042 -0.069446 0.796194  0.613577 0.416799 1 0 1.000000
0  -12.222091 -41.791382 80.961060  -0.601072 -0.069453 0.796171  0.613577 0.414724 1 0 1.000000
0  -12.289742 -41.777855 80.830276  -0.999376 -0.002986 0.035196  0.613652 0.414724 1 0 1.000000
misc
0  -12.001101 -41.800404 81.136955  -0.600362 -0.069415 0.796710  0.613527 0.414724 1 0 1.000000
0  -12.222091 -41.791382 80.961060  -0.601072 -0.069453 0.796171  0.613577 0.414724 1 0 1.000000
0  -12.222091 -41.899624 80.961060  -0.601042 -0.069446 0.796194  0.613577 0.416799 1 0 1.000000
misc
0  -12.001101 -41.908646 81.136955  -0.600320 -0.069416 0.796742  0.613527 0.416799 1 0 1.000000
0  -12.001101 -41.800404 81.136955  -0.600362 -0.069415 0.796710  0.613527 0.414724 1 0 1.000000
0  -12.222091 -41.899624 80.961060  -0.601042 -0.069446 0.796194  0.613577 0.416799 1 0 1.000000
misc
0  -11.838740 -41.813934 81.182053  -0.006302 -0.086753 0.996210  0.613477 0.414724 1 0 1.000000
0  -12.001101 -41.800404 81.136955  -0.600362 -0.069415 0.796710  0.613527 0.414724 1 0 1.000000
0  -12.001101 -41.908646 81.136955  -0.600320 -0.069416 0.796742  0.613527 0.416799 1 0 1.000000
misc
0  -11.838740 -41.908646 81.182053  -0.006254 -0.086778 0.996208  0.613477 0.416799 1 0 1.000000
0  -11.838740 -41.813934 81.182053  -0.006302 -0.086753 0.996210  0.613477 0.414724 1 0 1.000000
0  -12.001101 -41.908646 81.136955  -0.600320 -0.069416 0.796742  0.613527 0.416799 1 0 1.000000
misc
0  -9.849832 -41.813934 81.182053  0.006266 -0.086771 0.996209  0.612802 0.414724 1 0 1.000000
0  -11.838740 -41.813934 81.182053  -0.006302 -0.086753 0.996210  0.613477 0.414724 1 0 1.000000
0  -11.838740 -41.908646 81.182053  -0.006254 -0.086778 0.996208  0.613477 0.416799 1 0 1.000000
misc
0  -9.849832 -41.908646 81.182053  0.006247 -0.086762 0.996210  0.612802 0.416799 1 0 1.000000
0  -9.849832 -41.813934 81.182053  0.006266 -0.086771 0.996209  0.612802 0.414724 1 0 1.000000
0  -11.838740 -41.908646 81.182053  -0.006254 -0.086778 0.996208  0.613477 0.416799 1 0 1.000000
misc
0  -9.849832 -41.813934 81.182053  0.006266 -0.086771 0.996209  0.612802 0.414724 1 0 1.000000
0  -9.849832 -41.908646 81.182053  0.006247 -0.086762 0.996210  0.612802 0.416799 1 0 1.000000
0  -9.682961 -41.908646 81.136955  0.600320 -0.069413 0.796742  0.612727 0.416799 1 0 1.000000
misc
0  -9.682961 -41.908646 81.136955  0.600320 -0.069413 0.796742  0.612727 0.416799 1 0 1.000000
0  -9.682961 -41.800404 81.136955  0.600326 -0.069417 0.796737  0.612727 0.414724 1 0 1.000000
0  -9.849832 -41.813934 81.182053  0.006266 -0.086771 0.996209  0.612802 0.414724 1 0 1.000000
misc
0  -9.682961 -41.800404 81.136955  0.600326 -0.069417 0.796737  0.612727 0.414724 1 0 1.000000
0  -9.682961 -41.908646 81.136955  0.600320 -0.069413 0.796742  0.612727 0.416799 1 0 1.000000
0  -9.461971 -41.899624 80.961060  0.601060 -0.069469 0.796179  0.612677 0.416799 1 0 1.000000
misc
0  -9.461971 -41.899624 80.961060  0.601060 -0.069469 0.796179  0.612677 0.416799 1 0 1.000000
0  -9.461971 -41.791382 80.961060  0.601015 -0.069465 0.796213  0.612677 0.414724 1 0 1.000000
0  -9.682961 -41.800404 81.136955  0.600326 -0.069417 0.796737  0.612727 0.414724 1 0 1.000000
misc
0  -9.403341 -41.777855 80.830276  0.999377 -0.002983 0.035173  0.612602 0.414724 1 0 1.000000
0  -9.461971 -41.791382 80.961060  0.601015 -0.069465 0.796213  0.612677 0.414724 1 0 1.000000
0  -9.461971 -41.899624 80.961060  0.601060 -0.069469 0.796179  0.612677 0.416799 1 0 1.000000
misc
0  -9.461971 -41.899624 80.961060  0.601060 -0.069469 0.796179  0.612677 0.416799 1 0 1.000000
0  -9.403341 -41.877075 80.830276  0.999375 -0.002996 0.035207  0.612602 0.416799 1 0 1.000000
0  -9.403341 -41.777855 80.830276  0.999377 -0.002983 0.035173  0.612602 0.414724 1 0 1.000000
misc
0  -9.403341 -41.592945 78.669991  0.999857 0.001398 -0.016861  0.611877 0.414724 1 0 1.000000
0  -9.403341 -41.777855 80.830276  0.999377 -0.002983 0.035173  0.612602 0.414724 1 0 1.000000
0  -9.403341 -41.877075 80.830276  0.999375 -0.002996 0.035207  0.612602 0.416799 1 0 1.000000
misc
0  -9.403341 -41.877075 80.830276  0.999375 -0.002996 0.035207  0.612602 0.416799 1 0 1.000000
0  -9.403341 -41.692165 78.669991  0.999856 0.001396 -0.016910  0.611877 0.416799 1 0 1.000000
0  -9.403341 -41.592945 78.669991  0.999857 0.001398 -0.016861  0.611877 0.414724 1 0 1.000000
misc
0  -9.403341 -41.592945 78.669991  0.999857 0.001398 -0.016861  0.611877 0.414724 1 0 1.000000
0  -9.403341 -41.692165 78.669991  0.999856 0.001396 -0.016910  0.611877 0.416799 1 0 1.000000
0  -9.461971 -41.678635 78.539200  0.601065 0.069476 -0.796175  0.611827 0.416799 1 0 1.000000
misc
0  -9.461971 -41.678635 78.539200  0.601065 0.069476 -0.796175  0.611827 0.416799 1 0 1.000000
0  -9.461971 -41.579414 78.539200  0.601068 0.069460 -0.796174  0.611827 0.414724 1 0 1.000000
0  -9.403341 -41.592945 78.669991  0.999857 0.001398 -0.016861  0.611877 0.414724 1 0 1.000000
misc
0  -9.461971 -41.579414 78.539200  0.601068 0.069460 -0.796174  0.611827 0.414724 1 0 1.000000
0  -9.461971 -41.678635 78.539200  0.601065 0.069476 -0.796175  0.611827 0.416799 1 0 1.000000
0  -9.682961 -41.669613 78.363304  0.600355 0.069435 -0.796714  0.611752 0.416799 1 0 1.000000
misc
0  -9.682961 -41.669613 78.363304  0.600355 0.069435 -0.796714  0.611752 0.416799 1 0 1.000000
0  -9.682961 -41.556862 78.363304  0.600332 0.069421 -0.796732  0.611752 0.414724 1 0 1.000000
0  -9.461971 -41.579414 78.539200  0.601068 0.069460 -0.796174  0.611827 0.414724 1 0 1.000000
misc
0  -9.682961 -41.556862 78.363304  0.600332 0.069421 -0.796732  0.611752 0.414724 1 0 1.000000
0  -9.682961 -41.669613 78.363304  0.600355 0.069435 -0.796714  0.611752 0.416799 1 0 1.000000
0  -9.849833 -41.656082 78.318207  0.010403 0.086743 -0.996176  0.611702 0.416799 1 0 1.000000
misc
0  -9.849833 -41.656082 78.318207  0.010403 0.086743 -0.996176  0.611702 0.416799 1 0 1.000000
0  -9.849833 -41.556862 78.318207  0.010420 0.086730 -0.996177  0.611702 0.414724 1 0 1.000000
0  -9.682961 -41.556862 78.363304  0.600332 0.069421 -0.796732  0.611752 0.414724 1 0 1.000000
misc
0  -9.849833 -41.556862 78.318207  0.010420 0.086730 -0.996177  0.611702 0.414724 1 0 1.000000
0  -9.849833 -41.656082 78.318207  0.010403 0.086743 -0.996176  0.611702 0.416799 1 0 1.000000
0  -11.838741 -41.656082 78.318207  -0.010357 0.086805 -0.996171  0.611027 0.416799 1 0 1.000000
misc
0  -11.838741 -41.656082 78.318207  -0.010357 0.086805 -0.996171  0.611027 0.416799 1 0 1.000000
0  -11.838741 -41.556862 78.318207  -0.010375 0.086805 -0.996171  0.611027 0.414724 1 0 1.000000
0  -9.849833 -41.556862 78.318207  0.010420 0.086730 -0.996177  0.611702 0.414724 1 0 1.000000
misc
0  -8.527001 -16.958176 64.504219  0.795491 0.576293 0.187297  0.621827 0.451974 1 0 1.000000
0  -2.483599 -25.364817 64.395988  0.795501 0.576274 0.187313  0.501127 0.451924 1 0 1.000000
0  -2.406929 -25.301676 63.976555  0.793563 0.567967 0.218337  0.501127 0.446899 1 0 1.000000
misc
0  -2.406929 -25.301676 63.976555  0.793563 0.567967 0.218337  0.501127 0.446899 1 0 1.000000
0  -8.450330 -16.899546 64.084793  0.793553 0.567948 0.218422  0.621827 0.446949 1 0 1.000000
0  -8.527001 -16.958176 64.504219  0.795491 0.576293 0.187297  0.621827 0.451974 1 0 1.000000
misc
0  -8.450330 -16.899546 64.084793  0.793553 0.567948 0.218422  0.621827 0.446949 1 0 1.000000
0  -2.406929 -25.301676 63.976555  0.793563 0.567967 0.218337  0.501127 0.446899 1 0 1.000000
0  -1.572579 -24.638706 59.218502  0.793763 0.567975 0.217589  0.501177 0.443599 1 0 1.000000
misc
0  -1.572579 -24.638706 59.218502  0.793763 0.567975 0.217589  0.501177 0.443599 1 0 1.000000
0  -7.611470 -16.241085 59.331249  0.793631 0.568009 0.217982  0.621827 0.443674 1 0 1.000000
0  -8.450330 -16.899546 64.084793  0.793553 0.567948 0.218422  0.621827 0.446949 1 0 1.000000
misc
0  -7.611470 -16.241085 59.331249  0.793631 0.568009 0.217982  0.621827 0.443674 1 0 1.000000
0  -1.572579 -24.638706 59.218502  0.793763 0.567975 0.217589  0.501177 0.443599 1 0 1.000000
0  -1.225310 -24.377123 57.261158  0.795493 0.576283 0.187319  0.501202 0.419374 1 0 1.000000
misc
0  -1.225310 -24.377123 57.261158  0.795493 0.576283 0.187319  0.501202 0.419374 1 0 1.000000
0  -7.273220 -15.970485 57.369400  0.795491 0.576275 0.187353  0.621827 0.419424 1 0 1.000000
0  -7.611470 -16.241085 59.331249  0.793631 0.568009 0.217982  0.621827 0.443674 1 0 1.000000
misc
0  -11.838740 -47.185345 80.740074  -0.004004 -0.086737 0.996223  0.612177 0.414674 1 0 1.000000
0  -11.838740 -47.072594 80.740074  -0.003944 -0.086753 0.996222  0.612177 0.416674 1 0 1.000000
0  -12.001101 -47.185345 80.699478  -0.600323 -0.069433 0.796738  0.612127 0.414674 1 0 1.000000
misc
0  -11.838740 -47.072594 80.740074  -0.003944 -0.086753 0.996222  0.612177 0.416674 1 0 1.000000
0  -12.001101 -47.072594 80.699478  -0.600308 -0.069433 0.796749  0.612127 0.416674 1 0 1.000000
0  -12.001101 -47.185345 80.699478  -0.600323 -0.069433 0.796738  0.612127 0.414674 1 0 1.000000
misc
0  -12.001101 -47.185345 80.699478  -0.600323 -0.069433 0.796738  0.612127 0.414674 1 0 1.000000
0  -12.001101 -47.072594 80.699478  -0.600308 -0.069433 0.796749  0.612127 0.416674 1 0 1.000000
0  -12.222091 -47.162796 80.523598  -0.601011 -0.069448 0.796218  0.612002 0.414674 1 0 1.000000
misc
0  -12.001101 -47.072594 80.699478  -0.600308 -0.069433 0.796749  0.612127 0.416674 1 0 1.000000
0  -12.222091 -47.063576 80.523598  -0.601051 -0.069473 0.796185  0.612002 0.416674 1 0 1.000000
0  -12.222091 -47.162796 80.523598  -0.601011 -0.069448 0.796218  0.612002 0.414674 1 0 1.000000
misc
0  -12.222091 -47.063576 80.523598  -0.601051 -0.069473 0.796185  0.612002 0.416674 1 0 1.000000
0  -12.289742 -47.153774 80.388298  -0.999508 -0.002687 0.031251  0.611952 0.414674 1 0 1.000000
0  -12.222091 -47.162796 80.523598  -0.601011 -0.069448 0.796218  0.612002 0.414674 1 0 1.000000
misc
0  -12.222091 -47.063576 80.523598  -0.601051 -0.069473 0.796185  0.612002 0.416674 1 0 1.000000
0  -12.289742 -47.054554 80.388298  -0.999509 -0.002693 0.031229  0.611952 0.416674 1 0 1.000000
0  -12.289742 -47.153774 80.388298  -0.999508 -0.002687 0.031251  0.611952 0.414674 1 0 1.000000
misc
0  -12.289742 -46.964355 78.232513  -0.999914 0.001086 -0.013089  0.611277 0.414674 1 0 1.000000
0  -12.289742 -47.153774 80.388298  -0.999508 -0.002687 0.031251  0.611952 0.414674 1 0 1.000000
0  -12.289742 -47.054554 80.388298  -0.999509 -0.002693 0.031229  0.611952 0.416674 1 0 1.000000
misc
0  -12.289742 -47.054554 80.388298  -0.999509 -0.002693 0.031229  0.611952 0.416674 1 0 1.000000
0  -12.289742 -46.865135 78.232513  -0.999914 0.001086 -0.013085  0.611277 0.416674 1 0 1.000000
0  -12.289742 -46.964355 78.232513  -0.999914 0.001086 -0.013089  0.611277 0.414674 1 0 1.000000
misc
0  -12.289742 -46.865135 78.232513  -0.999914 0.001086 -0.013085  0.611277 0.416674 1 0 1.000000
0  -12.222091 -46.955334 78.101723  -0.601041 0.069450 -0.796195  0.611202 0.414674 1 0 1.000000
0  -12.289742 -46.964355 78.232513  -0.999914 0.001086 -0.013089  0.611277 0.414674 1 0 1.000000
misc
0  -12.289742 -46.865135 78.232513  -0.999914 0.001086 -0.013085  0.611277 0.416674 1 0 1.000000
0  -12.222091 -46.842583 78.101723  -0.600994 0.069452 -0.796230  0.611202 0.416674 1 0 1.000000
0  -12.222091 -46.955334 78.101723  -0.601041 0.069450 -0.796195  0.611202 0.414674 1 0 1.000000
misc
0  -12.222091 -46.955334 78.101723  -0.601041 0.069450 -0.796195  0.611202 0.414674 1 0 1.000000
0  -12.222091 -46.842583 78.101723  -0.600994 0.069452 -0.796230  0.611202 0.416674 1 0 1.000000
0  -12.001101 -46.941807 77.921326  -0.600290 0.069435 -0.796763  0.611077 0.414674 1 0 1.000000
misc
0  -12.222091 -46.842583 78.101723  -0.600994 0.069452 -0.796230  0.611202 0.416674 1 0 1.000000
0  -12.001101 -46.833565 77.921326  -0.600288 0.069432 -0.796764  0.611077 0.416674 1 0 1.000000
0  -12.001101 -46.941807 77.921326  -0.600290 0.069435 -0.796763  0.611077 0.414674 1 0 1.000000
misc
0  -12.001101 -46.941807 77.921326  -0.600290 0.069435 -0.796763  0.611077 0.414674 1 0 1.000000
0  -12.001101 -46.833565 77.921326  -0.600288 0.069432 -0.796764  0.611077 0.416674 1 0 1.000000
0  -11.838740 -46.932785 77.880737  -0.007894 0.086769 -0.996197  0.611027 0.414674 1 0 1.000000
misc
0  -12.001101 -46.833565 77.921326  -0.600288 0.069432 -0.796764  0.611077 0.416674 1 0 1.000000
0  -11.838740 -46.833565 77.880737  -0.007918 0.086766 -0.996197  0.611027 0.416674 1 0 1.000000
0  -11.838740 -46.932785 77.880737  -0.007894 0.086769 -0.996197  0.611027 0.414674 1 0 1.000000
misc
0  -11.838740 -46.932785 77.880737  -0.007894 0.086769 -0.996197  0.614577 0.414674 1 0 1.000000
0  -11.838740 -46.833565 77.880737  -0.007918 0.086766 -0.996197  0.614577 0.416674 1 0 1.000000
0  -9.849832 -46.932785 77.880737  0.007962 0.086726 -0.996200  0.613952 0.414674 1 0 1.000000
misc
0  -11.838740 -46.833565 77.880737  -0.007918 0.086766 -0.996197  0.614577 0.416674 1 0 1.000000
0  -9.849832 -46.833565 77.880737  0.008033 0.086743 -0.996198  0.613952 0.416674 1 0 1.000000
0  -9.849832 -46.932785 77.880737  0.007962 0.086726 -0.996200  0.613952 0.414674 1 0 1.000000
misc
0  -9.849832 -46.932785 77.880737  0.007962 0.086726 -0.996200  0.613952 0.414674 1 0 1.000000
0  -9.849832 -46.833565 77.880737  0.008033 0.086743 -0.996198  0.613952 0.416674 1 0 1.000000
0  -9.682961 -46.833565 77.921326  0.600327 0.069435 -0.796735  0.613902 0.416674 1 0 1.000000
misc
0  -9.682961 -46.833565 77.921326  0.600327 0.069435 -0.796735  0.613902 0.416674 1 0 1.000000
0  -9.682961 -46.941807 77.921326  0.600315 0.069407 -0.796746  0.613902 0.414674 1 0 1.000000
0  -9.849832 -46.932785 77.880737  0.007962 0.086726 -0.996200  0.613952 0.414674 1 0 1.000000
misc
0  -9.682961 -46.941807 77.921326  0.600315 0.069407 -0.796746  0.613902 0.414674 1 0 1.000000
0  -9.682961 -46.833565 77.921326  0.600327 0.069435 -0.796735  0.613902 0.416674 1 0 1.000000
0  -9.461971 -46.842583 78.101723  0.601032 0.069475 -0.796199  0.613777 0.416674 1 0 1.000000
misc
0  -9.461971 -46.842583 78.101723  0.601032 0.069475 -0.796199  0.613777 0.416674 1 0 1.000000
0  -9.461971 -46.955334 78.101723  0.601055 0.069460 -0.796183  0.613777 0.414674 1 0 1.000000
0  -9.682961 -46.941807 77.921326  0.600315 0.069407 -0.796746  0.613902 0.414674 1 0 1.000000
misc
0  -9.461971 -46.955334 78.101723  0.601055 0.069460 -0.796183  0.613777 0.414674 1 0 1.000000
0  -9.461971 -46.842583 78.101723  0.601032 0.069475 -0.796199  0.613777 0.416674 1 0 1.000000
0  -9.403341 -46.865135 78.232513  0.999914 0.001093 -0.013076  0.613702 0.416674 1 0 1.000000
misc
0  -9.403341 -46.865135 78.232513  0.999914 0.001093 -0.013076  0.613702 0.416674 1 0 1.000000
0  -9.403341 -46.964355 78.232513  0.999914 0.001094 -0.013097  0.613702 0.414674 1 0 1.000000
0  -9.461971 -46.955334 78.101723  0.601055 0.069460 -0.796183  0.613777 0.414674 1 0 1.000000
misc
0  -9.403341 -46.964355 78.232513  0.999914 0.001094 -0.013097  0.613702 0.414674 1 0 1.000000
0  -9.403341 -46.865135 78.232513  0.999914 0.001093 -0.013076  0.613702 0.416674 1 0 1.000000
0  -9.403341 -47.054554 80.388298  0.999508 -0.002696 0.031248  0.613027 0.416674 1 0 1.000000
misc
0  -9.403341 -47.054554 80.388298  0.999508 -0.002696 0.031248  0.613027 0.416674 1 0 1.000000
0  -9.403341 -47.153774 80.388298  0.999507 -0.002689 0.031274  0.613027 0.414674 1 0 1.000000
0  -9.403341 -46.964355 78.232513  0.999914 0.001094 -0.013097  0.613702 0.414674 1 0 1.000000
misc
0  -9.403341 -47.153774 80.388298  0.999507 -0.002689 0.031274  0.613027 0.414674 1 0 1.000000
0  -9.403341 -47.054554 80.388298  0.999508 -0.002696 0.031248  0.613027 0.416674 1 0 1.000000
0  -9.461971 -47.063576 80.523598  0.601031 -0.069471 0.796200  0.612977 0.416674 1 0 1.000000
misc
0  -9.461971 -47.063576 80.523598  0.601031 -0.069471 0.796200  0.612977 0.416674 1 0 1.000000
0  -9.461971 -47.162796 80.523598  0.600996 -0.069471 0.796227  0.612977 0.414674 1 0 1.000000
0  -9.403341 -47.153774 80.388298  0.999507 -0.002689 0.031274  0.613027 0.414674 1 0 1.000000
misc
0  -9.461971 -47.162796 80.523598  0.600996 -0.069471 0.796227  0.612977 0.414674 1 0 1.000000
0  -9.461971 -47.063576 80.523598  0.601031 -0.069471 0.796200  0.612977 0.416674 1 0 1.000000
0  -9.682961 -47.072594 80.699478  0.600315 -0.069430 0.796744  0.612852 0.416674 1 0 1.000000
misc
0  -9.682961 -47.072594 80.699478  0.600315 -0.069430 0.796744  0.612852 0.416674 1 0 1.000000
0  -9.682961 -47.185345 80.699478  0.600329 -0.069440 0.796733  0.612852 0.414674 1 0 1.000000
0  -9.461971 -47.162796 80.523598  0.600996 -0.069471 0.796227  0.612977 0.414674 1 0 1.000000
misc
0  -9.682961 -47.185345 80.699478  0.600329 -0.069440 0.796733  0.612852 0.414674 1 0 1.000000
0  -9.682961 -47.072594 80.699478  0.600315 -0.069430 0.796744  0.612852 0.416674 1 0 1.000000
0  -9.849832 -47.072594 80.740074  0.003953 -0.086752 0.996222  0.612802 0.416674 1 0 1.000000
misc
0  -9.849832 -47.072594 80.740074  0.003953 -0.086752 0.996222  0.612802 0.416674 1 0 1.000000
0  -9.849832 -47.185345 80.740074  0.003998 -0.086746 0.996222  0.612802 0.414674 1 0 1.000000
0  -9.682961 -47.185345 80.699478  0.600329 -0.069440 0.796733  0.612852 0.414674 1 0 1.000000
misc
0  -9.849832 -47.185345 80.740074  0.003998 -0.086746 0.996222  0.612802 0.414674 1 0 1.000000
0  -9.849832 -47.072594 80.740074  0.003953 -0.086752 0.996222  0.612802 0.416674 1 0 1.000000
0  -11.838740 -47.185345 80.740074  -0.004004 -0.086737 0.996223  0.612177 0.414674 1 0 1.000000
misc
0  -9.849832 -47.072594 80.740074  0.003953 -0.086752 0.996222  0.612802 0.416674 1 0 1.000000
0  -11.838740 -47.072594 80.740074  -0.003944 -0.086753 0.996222  0.612177 0.416674 1 0 1.000000
0  -11.838740 -47.185345 80.740074  -0.004004 -0.086737 0.996223  0.612177 0.414674 1 0 1.000000
misc
0  -1.793569 -26.785465 64.991295  0.795486 0.576291 0.187323  0.746952 0.477999 1 0 1.000000
0  -1.870239 -26.767426 65.207779  0.795487 0.576289 0.187329  0.747077 0.477999 1 0 1.000000
0  -1.698858 -26.929785 65.013855  0.966201 -0.142403 0.214890  0.747077 0.478049 1 0 1.000000
misc
0  -1.698858 -26.929785 65.013855  0.966201 -0.142403 0.214890  0.747077 0.478049 1 0 1.000000
0  -1.870239 -26.767426 65.207779  0.795487 0.576289 0.187329  0.747077 0.477999 1 0 1.000000
0  -1.793569 -26.907234 65.275421  0.853491 -0.149480 0.499209  0.747077 0.477999 1 0 1.000000
misc
0  -1.793569 -26.907234 65.275421  0.853491 -0.149480 0.499209  0.747077 0.477999 1 0 1.000000
0  -1.870239 -26.767426 65.207779  0.795487 0.576289 0.187329  0.747077 0.477999 1 0 1.000000
0  -2.005539 -26.668207 65.406219  0.795481 0.576298 0.187324  0.747077 0.477974 1 0 1.000000
misc
0  -1.964949 -26.767426 65.541519  0.541498 -0.056908 0.838774  0.747077 0.477974 1 0 1.000000
0  -1.793569 -26.907234 65.275421  0.853491 -0.149480 0.499209  0.747077 0.477999 1 0 1.000000
0  -2.005539 -26.668207 65.406219  0.795481 0.576298 0.187324  0.747077 0.477974 1 0 1.000000
misc
0  -2.235549 -26.447218 65.672310  0.240608 0.064517 0.968476  0.747077 0.477924 1 0 1.000000
0  -1.964949 -26.767426 65.541519  0.541498 -0.056908 0.838774  0.747077 0.477974 1 0 1.000000
0  -2.005539 -26.668207 65.406219  0.795481 0.576298 0.187324  0.747077 0.477974 1 0 1.000000
misc
0  -2.005539 -26.668207 65.406219  0.795481 0.576298 0.187324  0.747077 0.477974 1 0 1.000000
0  -2.231039 -26.393095 65.518974  0.795469 0.576318 0.187312  0.747077 0.477924 1 0 1.000000
0  -2.235549 -26.447218 65.672310  0.240608 0.064517 0.968476  0.747077 0.477924 1 0 1.000000
misc
0  -2.519679 -26.050337 65.694855  0.129216 0.120599 0.984256  0.747077 0.477849 1 0 1.000000
0  -2.235549 -26.447218 65.672310  0.240608 0.064517 0.968476  0.747077 0.477924 1 0 1.000000
0  -2.231039 -26.393095 65.518974  0.795469 0.576318 0.187312  0.747077 0.477924 1 0 1.000000
misc
0  -2.231039 -26.393095 65.518974  0.795469 0.576318 0.187312  0.747077 0.477924 1 0 1.000000
0  -2.497128 -26.018766 65.541519  0.795514 0.576265 0.187289  0.747077 0.477849 1 0 1.000000
0  -2.519679 -26.050337 65.694855  0.129216 0.120599 0.984256  0.747077 0.477849 1 0 1.000000
misc
0  -9.131338 -16.854445 65.825653  0.070487 0.153003 0.985709  0.747077 0.476499 1 0 1.000000
0  -2.519679 -26.050337 65.694855  0.129216 0.120599 0.984256  0.747077 0.477849 1 0 1.000000
0  -2.497128 -26.018766 65.541519  0.795514 0.576265 0.187289  0.747077 0.477849 1 0 1.000000
misc
0  -2.497128 -26.018766 65.541519  0.795514 0.576265 0.187289  0.747077 0.477849 1 0 1.000000
0  -9.099769 -16.840916 65.649757  0.795358 0.576389 0.187568  0.747077 0.476499 1 0 1.000000
0  -9.131338 -16.854445 65.825653  0.070487 0.153003 0.985709  0.747077 0.476499 1 0 1.000000
misc
0  -9.419978 -16.457565 65.803101  -0.036971 0.218083 0.975230  0.747077 0.476449 1 0 1.000000
0  -9.131338 -16.854445 65.825653  0.070487 0.153003 0.985709  0.747077 0.476499 1 0 1.000000
0  -9.099769 -16.840916 65.649757  0.795358 0.576389 0.187568  0.747077 0.476499 1 0 1.000000
misc
0  -9.099769 -16.840916 65.649757  0.795358 0.576389 0.187568  0.747077 0.476499 1 0 1.000000
0  -9.365861 -16.466585 65.627213  0.795458 0.576330 0.187321  0.747077 0.476449 1 0 1.000000
0  -9.419978 -16.457565 65.803101  -0.036971 0.218083 0.975230  0.747077 0.476449 1 0 1.000000
misc
0  -9.640971 -16.096766 65.672310  -0.304558 0.411095 0.859212  0.747077 0.476374 1 0 1.000000
0  -9.419978 -16.457565 65.803101  -0.036971 0.218083 0.975230  0.747077 0.476449 1 0 1.000000
0  -9.365861 -16.466585 65.627213  0.795458 0.576330 0.187321  0.747077 0.476449 1 0 1.000000
misc
0  -9.365861 -16.466585 65.627213  0.795458 0.576330 0.187321  0.747077 0.476449 1 0 1.000000
0  -9.550769 -16.159904 65.541519  0.795490 0.576281 0.187341  0.747077 0.476399 1 0 1.000000
0  -9.640971 -16.096766 65.672310  -0.304558 0.411095 0.859212  0.747077 0.476374 1 0 1.000000
misc
0  -9.640971 -16.096766 65.672310  -0.304558 0.411095 0.859212  0.747077 0.476374 1 0 1.000000
0  -9.550769 -16.159904 65.541519  0.795490 0.576281 0.187341  0.747077 0.476399 1 0 1.000000
0  -9.717640 -15.884796 65.428772  -0.560998 0.633242 0.533185  0.747077 0.476349 1 0 1.000000
misc
0  -9.550769 -16.159904 65.541519  0.795490 0.576281 0.187341  0.747077 0.476399 1 0 1.000000
0  -9.618420 -15.997545 65.343079  0.795475 0.576313 0.187303  0.747077 0.476374 1 0 1.000000
0  -9.717640 -15.884796 65.428772  -0.560998 0.633242 0.533185  0.747077 0.476349 1 0 1.000000
misc
0  -9.717640 -15.884796 65.428772  -0.560998 0.633242 0.533185  0.747077 0.476349 1 0 1.000000
0  -9.618420 -15.997545 65.343079  0.795475 0.576313 0.187303  0.747077 0.476374 1 0 1.000000
0  -9.717640 -15.781066 65.144638  -0.624949 0.738294 0.253696  0.747077 0.476324 1 0 1.000000
misc
0  -9.618420 -15.916366 65.122093  0.795499 0.576279 0.187306  0.747077 0.476374 1 0 1.000000
0  -9.717640 -15.781066 65.144638  -0.624949 0.738294 0.253696  0.747077 0.476324 1 0 1.000000
0  -9.618420 -15.997545 65.343079  0.795475 0.576313 0.187303  0.747077 0.476374 1 0 1.000000
misc
0  -9.717640 -15.781066 65.144638  -0.624949 0.738294 0.253696  0.747077 0.476324 1 0 1.000000
0  -9.618420 -15.916366 65.122093  0.795499 0.576279 0.187306  0.747077 0.476374 1 0 1.000000
0  -8.152671 -14.748275 56.751530  0.795486 0.576301 0.187295  0.745727 0.476274 1 0 1.000000
misc
0  -8.152671 -14.748275 56.751530  0.795486 0.576301 0.187295  0.745727 0.476274 1 0 1.000000
0  -8.242870 -14.608466 56.733486  -0.615143 0.788169 0.019719  0.745727 0.476249 1 0 1.000000
0  -9.717640 -15.781066 65.144638  -0.624949 0.738294 0.253696  0.747077 0.476324 1 0 1.000000
misc
0  -8.242870 -14.608466 56.733486  -0.615143 0.788169 0.019719  0.745727 0.476249 1 0 1.000000
0  -8.152671 -14.748275 56.751530  0.795486 0.576301 0.187295  0.745727 0.476274 1 0 1.000000
0  -7.967761 -14.797886 56.201305  0.795492 0.576288 0.187311  0.745602 0.476299 1 0 1.000000
misc
0  -7.967761 -14.797886 56.201305  0.795492 0.576288 0.187311  0.745602 0.476299 1 0 1.000000
0  -8.021881 -14.680625 56.093067  -0.531242 0.816989 -0.224301  0.745602 0.476274 1 0 1.000000
0  -8.242870 -14.608466 56.733486  -0.615143 0.788169 0.019719  0.745727 0.476249 1 0 1.000000
misc
0  -8.021881 -14.680625 56.093067  -0.531242 0.816989 -0.224301  0.745602 0.476274 1 0 1.000000
0  -7.967761 -14.797886 56.201305  0.795492 0.576288 0.187311  0.745602 0.476299 1 0 1.000000
0  -7.570882 -15.235355 55.894627  0.795498 0.576284 0.187297  0.745477 0.476399 1 0 1.000000
misc
0  -7.570882 -15.235355 55.894627  0.795498 0.576284 0.187297  0.745477 0.476399 1 0 1.000000
0  -7.557352 -15.181234 55.741287  0.108990 0.599509 -0.792912  0.745477 0.476374 1 0 1.000000
0  -8.021881 -14.680625 56.093067  -0.531242 0.816989 -0.224301  0.745602 0.476274 1 0 1.000000
misc
0  -7.557352 -15.181234 55.741287  0.108990 0.599509 -0.792912  0.745477 0.476374 1 0 1.000000
0  -7.570882 -15.235355 55.894627  0.795498 0.576284 0.187297  0.745477 0.476399 1 0 1.000000
0  -6.348670 -16.822874 55.565403  0.261758 0.518597 -0.813965  0.745477 0.476699 1 0 1.000000
misc
0  -7.570882 -15.235355 55.894627  0.795498 0.576284 0.187297  0.745477 0.476399 1 0 1.000000
0  -6.371221 -16.849936 55.741287  0.795478 0.576304 0.187320  0.745477 0.476699 1 0 1.000000
0  -6.348670 -16.822874 55.565403  0.261758 0.518597 -0.813965  0.745477 0.476699 1 0 1.000000
misc
0  -1.730429 -23.240606 55.497746  0.270290 0.513814 -0.814210  0.745477 0.477949 1 0 1.000000
0  -6.348670 -16.822874 55.565403  0.261758 0.518597 -0.813965  0.745477 0.476699 1 0 1.000000
0  -6.371221 -16.849936 55.741287  0.795478 0.576304 0.187320  0.745477 0.476699 1 0 1.000000
misc
0  -6.371221 -16.849936 55.741287  0.795478 0.576304 0.187320  0.745477 0.476699 1 0 1.000000
0  -1.757490 -23.263157 55.651089  0.795509 0.576274 0.187280  0.745477 0.477949 1 0 1.000000
0  -1.730429 -23.240606 55.497746  0.270290 0.513814 -0.814210  0.745477 0.477949 1 0 1.000000
misc
0  -0.792349 -24.575563 55.565403  0.420595 0.427433 -0.800250  0.745477 0.478199 1 0 1.000000
0  -1.730429 -23.240606 55.497746  0.270290 0.513814 -0.814210  0.745477 0.477949 1 0 1.000000
0  -1.757490 -23.263157 55.651089  0.795509 0.576274 0.187280  0.745477 0.477949 1 0 1.000000
misc
0  -1.757490 -23.263157 55.651089  0.795509 0.576274 0.187280  0.745477 0.477949 1 0 1.000000
0  -0.837449 -24.575563 55.741287  0.795493 0.576288 0.187303  0.745477 0.478199 1 0 1.000000
0  -0.792349 -24.575563 55.565403  0.420595 0.427433 -0.800250  0.745477 0.478199 1 0 1.000000
misc
0  -0.269189 -25.387363 55.786392  0.703471 0.249451 -0.665510  0.745602 0.478349 1 0 1.000000
0  -0.792349 -24.575563 55.565403  0.420595 0.427433 -0.800250  0.745477 0.478199 1 0 1.000000
0  -0.837449 -24.575563 55.741287  0.795493 0.576288 0.187303  0.745477 0.478199 1 0 1.000000
misc
0  -0.837449 -24.575563 55.741287  0.795493 0.576288 0.187303  0.745477 0.478199 1 0 1.000000
0  -0.345859 -25.333246 55.917175  0.795490 0.576295 0.187297  0.745602 0.478324 1 0 1.000000
0  -0.269189 -25.387363 55.786392  0.703471 0.249451 -0.665510  0.745602 0.478349 1 0 1.000000
misc
0  -0.269189 -25.387363 55.786392  0.703471 0.249451 -0.665510  0.745602 0.478349 1 0 1.000000
0  -0.345859 -25.333246 55.917175  0.795490 0.576295 0.187297  0.745602 0.478324 1 0 1.000000
0  -0.219579 -25.775225 56.598186  0.994524 -0.102676 -0.019462  0.745727 0.478349 1 0 1.000000
misc
0  -0.345859 -25.333246 55.917175  0.795490 0.576295 0.187297  0.745602 0.478324 1 0 1.000000
0  -0.318799 -25.630907 56.598186  0.795494 0.576285 0.187308  0.745727 0.478349 1 0 1.000000
0  -0.219579 -25.775225 56.598186  0.994524 -0.102676 -0.019462  0.745727 0.478349 1 0 1.000000
misc
0  -0.219579 -25.775225 56.598186  0.994524 -0.102676 -0.019462  0.745727 0.478349 1 0 1.000000
0  -0.318799 -25.630907 56.598186  0.795494 0.576285 0.187308  0.745727 0.478349 1 0 1.000000
0  -1.793569 -26.785465 64.991295  0.795486 0.576291 0.187323  0.746952 0.477999 1 0 1.000000
misc
0  -1.793569 -26.785465 64.991295  0.795486 0.576291 0.187323  0.746952 0.477999 1 0 1.000000
0  -1.698858 -26.929785 65.013855  0.966201 -0.142403 0.214890  0.747077 0.478049 1 0 1.000000
0  -0.219579 -25.775225 56.598186  0.994524 -0.102676 -0.019462  0.745727 0.478349 1 0 1.000000
misc
0  -3.029309 -27.272545 65.122093  -0.793918 -0.568404 -0.215896  0.689827 0.459124 1 0 1.000000
0  -3.390109 -26.767426 65.122093  -0.793904 -0.568431 -0.215878  0.707277 0.459124 1 0 1.000000
0  -2.916558 -27.182344 64.481674  -0.793916 -0.568406 -0.215899  0.689827 0.441424 1 0 1.000000
misc
0  -3.390109 -26.767426 65.122093  -0.793904 -0.568431 -0.215878  0.707277 0.459124 1 0 1.000000
0  -3.331479 -26.708796 64.481674  -0.793772 -0.568704 -0.215643  0.707277 0.441424 1 0 1.000000
0  -2.916558 -27.182344 64.481674  -0.793916 -0.568406 -0.215899  0.689827 0.441424 1 0 1.000000
misc
0  -4.454470 -21.910156 56.268959  -0.793914 -0.568401 -0.215919  0.659902 0.483849 1 0 1.000000
0  -5.920219 -19.876146 56.314056  -0.793911 -0.568404 -0.215924  0.692502 0.483824 1 0 1.000000
0  -4.210929 -21.743286 55.100868  -0.793981 -0.568481 -0.215461  0.659902 0.469824 1 0 1.000000
misc
0  -5.920219 -19.876146 56.314056  -0.793911 -0.568404 -0.215924  0.692502 0.483824 1 0 1.000000
0  -5.640601 -19.749865 55.123425  -0.794020 -0.568443 -0.215418  0.692502 0.469824 1 0 1.000000
0  -4.210929 -21.743286 55.100868  -0.793981 -0.568481 -0.215461  0.659902 0.469824 1 0 1.000000
misc
0  -1.559049 -26.117987 56.512497  -0.793910 -0.568412 -0.215905  0.689827 0.459124 1 0 1.000000
0  -1.933380 -25.599337 56.512497  -0.793913 -0.568409 -0.215902  0.707277 0.459124 1 0 1.000000
0  -1.446300 -26.027786 55.872078  -0.793913 -0.568409 -0.215902  0.689827 0.441424 1 0 1.000000
misc
0  -1.933380 -25.599337 56.512497  -0.793913 -0.568409 -0.215902  0.707277 0.459124 1 0 1.000000
0  -1.820630 -25.509136 55.872078  -0.793915 -0.568408 -0.215898  0.707277 0.441424 1 0 1.000000
0  -1.446300 -26.027786 55.872078  -0.793913 -0.568409 -0.215902  0.689827 0.441424 1 0 1.000000
misc
0  -10.236290 -16.967194 64.616974  -0.793896 -0.568430 -0.215909  0.694227 0.480699 1 0 1.000000
0  -10.529441 -16.615416 64.680115  -0.793903 -0.568422 -0.215906  0.693477 0.473499 1 0 1.000000
0  -9.275662 -16.849936 61.004459  -0.793897 -0.568429 -0.215908  0.742552 0.487374 1 0 1.000000
misc
0  -10.529441 -16.615416 64.680115  -0.793903 -0.568422 -0.215906  0.693477 0.473499 1 0 1.000000
0  -9.880000 -16.110294 60.981915  -0.793916 -0.568403 -0.215904  0.742552 0.473474 1 0 1.000000
0  -9.275662 -16.849936 61.004459  -0.793897 -0.568429 -0.215908  0.742552 0.487374 1 0 1.000000
misc
0  -9.275662 -16.849936 61.004459  -0.793897 -0.568429 -0.215908  0.742552 0.487374 1 0 1.000000
0  -9.880000 -16.110294 60.981915  -0.793916 -0.568403 -0.215904  0.742552 0.473474 1 0 1.000000
0  -8.946431 -15.979506 57.369400  -0.793917 -0.568412 -0.215876  0.694102 0.480624 1 0 1.000000
misc
0  -9.221541 -15.609686 57.306259  -0.793892 -0.568438 -0.215902  0.693002 0.473424 1 0 1.000000
0  -8.946431 -15.979506 57.369400  -0.793917 -0.568412 -0.215876  0.694102 0.480624 1 0 1.000000
0  -9.880000 -16.110294 60.981915  -0.793916 -0.568403 -0.215904  0.742552 0.473474 1 0 1.000000
misc
0  10.383430 -15.916364 47.172287  0.003395 0.249448 0.968382  0.605777 0.417124 1 0 1.000000
0  10.162440 -16.173435 47.172287  -0.000265 0.242151 0.970239  0.604427 0.417124 1 0 1.000000
0  10.748740 -16.416975 47.285038  -0.001801 0.239404 0.970918  0.605277 0.414174 1 0 1.000000
misc
0  10.748740 -16.416975 47.285038  -0.001801 0.239404 0.970918  0.605277 0.414174 1 0 1.000000
0  10.162440 -16.173435 47.172287  -0.000265 0.242151 0.970239  0.604427 0.417124 1 0 1.000000
0  1.381469 -16.358345 47.285038  0.000026 0.240699 0.970600  0.600227 0.414174 1 0 1.000000
misc
0  10.162440 -16.173435 47.172287  -0.000265 0.242151 0.970239  0.604427 0.417124 1 0 1.000000
0  1.823449 -16.110294 47.154247  -0.000407 0.245332 0.969439  0.601077 0.417124 1 0 1.000000
0  1.381469 -16.358345 47.285038  0.000026 0.240699 0.970600  0.600227 0.414174 1 0 1.000000
misc
0  1.823449 -16.110294 47.154247  -0.000407 0.245332 0.969439  0.601077 0.417124 1 0 1.000000
0  1.647559 -15.871265 47.154247  -0.000773 0.255803 0.966729  0.599377 0.417124 1 0 1.000000
0  1.381469 -16.358345 47.285038  0.000026 0.240699 0.970600  0.600227 0.414174 1 0 1.000000
misc
0  1.381469 -16.358345 47.285038  0.000026 0.240699 0.970600  0.600227 0.414174 1 0 1.000000
0  1.647559 -15.871265 47.154247  -0.000773 0.255803 0.966729  0.599377 0.417124 1 0 1.000000
0  1.372449 -12.060314 46.207146  -0.005174 0.343295 0.939214  0.597727 0.414174 1 0 1.000000
misc
0  1.647559 -15.871265 47.154247  -0.000773 0.255803 0.966729  0.599377 0.417124 1 0 1.000000
0  1.706189 -12.218165 46.270287  -0.005107 0.343002 0.939321  0.597727 0.417124 1 0 1.000000
0  1.372449 -12.060314 46.207146  -0.005174 0.343295 0.939214  0.597727 0.414174 1 0 1.000000
misc
0  1.706189 -12.218165 46.270287  -0.005107 0.343002 0.939321  0.597727 0.417124 1 0 1.000000
0  1.873059 -12.060314 46.207146  0.002963 0.968144 -0.250378  0.596002 0.417124 1 0 1.000000
0  1.372449 -12.060314 46.207146  -0.005174 0.343295 0.939214  0.597727 0.414174 1 0 1.000000
misc
0  4.705340 -22.140165 54.771637  -0.000000 0.000000 1.000000  0.501002 0.454249 1 0 1.000000
0  -3.430701 -10.824574 54.771637  -0.000000 0.000000 1.000000  0.622677 0.454249 1 0 1.000000
0  -7.593433 -13.814705 54.771637  0.000047 0.000024 1.000000  0.622677 0.495849 1 0 1.000000
misc
0  -7.593433 -13.814705 54.771637  0.000047 0.000024 1.000000  0.622677 0.495849 1 0 1.000000
0  0.551630 -25.125784 54.771637  -0.000036 0.000039 1.000000  0.501002 0.495849 1 0 1.000000
0  4.705340 -22.140165 54.771637  -0.000000 0.000000 1.000000  0.501002 0.454249 1 0 1.000000
misc
0  -0.111339 -25.013037 54.771637  -0.000010 0.000015 1.000000  0.505127 0.500099 1 0 1.000000
0  0.551630 -25.125784 54.771637  -0.000036 0.000039 1.000000  0.501002 0.495849 1 0 1.000000
0  -7.593433 -13.814705 54.771637  0.000047 0.000024 1.000000  0.622677 0.495849 1 0 1.000000
misc
0  -7.593433 -13.814705 54.771637  0.000047 0.000024 1.000000  0.622677 0.495849 1 0 1.000000
0  -7.692650 -14.473166 54.771637  0.000033 0.000031 1.000000  0.618527 0.500099 1 0 1.000000
0  -0.111339 -25.013037 54.771637  -0.000010 0.000015 1.000000  0.505127 0.500099 1 0 1.000000
misc
0  11.141110 -20.994625 46.820507  0.999692 0.008877 0.023191  0.596552 0.406299 1 0 1.000000
0  12.385869 -21.084826 32.063789  0.999698 0.008893 0.022909  0.602727 0.407524 1 0 1.000000
0  11.136600 -16.872484 46.933254  0.999699 0.008862 0.022877  0.596552 0.406724 1 0 1.000000
misc
0  11.136600 -16.407955 46.888157  0.999699 0.008856 0.022897  0.596552 0.406849 1 0 1.000000
0  11.136600 -16.872484 46.933254  0.999699 0.008862 0.022877  0.596552 0.406724 1 0 1.000000
0  12.385869 -21.084826 32.063789  0.999698 0.008893 0.022909  0.602727 0.407524 1 0 1.000000
misc
0  12.385869 -21.084826 32.063789  0.999698 0.008893 0.022909  0.602727 0.407524 1 0 1.000000
0  11.253860 -7.302263 44.772964  0.999441 0.007719 0.032535  0.597102 0.409249 1 0 1.000000
0  11.136600 -16.407955 46.888157  0.999699 0.008856 0.022897  0.596552 0.406849 1 0 1.000000
misc
0  12.399397 6.191658 31.955547  0.999444 0.007700 0.032428  0.602727 0.412949 1 0 1.000000
0  11.253860 -7.302263 44.772964  0.999441 0.007719 0.032535  0.597102 0.409249 1 0 1.000000
0  12.385869 -21.084826 32.063789  0.999698 0.008893 0.022909  0.602727 0.407524 1 0 1.000000
misc
0  12.399397 6.191658 31.955547  0.999445 0.007700 0.032421  0.602727 0.412949 1 0 1.000000
0  11.226798 5.979689 45.300636  0.999434 0.007669 0.032751  0.596977 0.412899 1 0 1.000000
0  11.253860 -7.302263 44.772964  0.999440 0.007716 0.032554  0.597102 0.409249 1 0 1.000000
misc
0  -16.822294 -15.952446 54.749092  -0.483453 -0.875370 0.000023  0.747927 0.479199 1 0 1.000000
0  -16.822294 -15.952446 52.435459  -0.480266 -0.869458 -0.115705  0.747427 0.479199 1 0 1.000000
0  -2.497129 -27.646875 52.435459  -0.479929 -0.869601 -0.116027  0.747427 0.476599 1 0 1.000000
misc
0  -16.822294 -15.952446 54.749092  -0.483453 -0.875370 0.000023  0.747927 0.479199 1 0 1.000000
0  -2.497129 -27.646875 52.435459  -0.479929 -0.869601 -0.116027  0.747427 0.476599 1 0 1.000000
0  -2.497129 -27.646875 54.749092  -0.483474 -0.875359 0.000329  0.747927 0.476599 1 0 1.000000
misc
0  -1.996520 -27.723545 54.749092  0.875363 -0.483467 0.000027  0.747927 0.476549 1 0 1.000000
0  -2.497129 -27.646875 54.749092  -0.483474 -0.875359 0.000329  0.747927 0.476599 1 0 1.000000
0  -2.497129 -27.646875 52.435459  -0.479929 -0.869601 -0.116027  0.747427 0.476599 1 0 1.000000
misc
0  -2.497129 -27.646875 52.435459  -0.479929 -0.869601 -0.116027  0.747427 0.476599 1 0 1.000000
0  -2.055150 -27.579226 52.061127  0.864296 -0.502516 -0.021677  0.747327 0.476549 1 0 1.000000
0  -1.996520 -27.723545 54.749092  0.875363 -0.483467 0.000027  0.747927 0.476549 1 0 1.000000
misc
0  -12.298761 -47.018475 80.036514  -1.000000 -0.000000 0.000000  0.614027 0.416499 1 0 1.000000
0  -12.298761 -41.854523 80.478500  -1.000000 -0.000001 0.000000  0.611202 0.416499 1 0 1.000000
0  -12.298761 -41.800404 80.433395  -1.000000 -0.000001 0.000000  0.611202 0.415574 1 0 1.000000
misc
0  -12.298761 -47.072594 79.991417  -1.000000 0.000000 0.000000  0.614027 0.415574 1 0 1.000000
0  -12.298761 -47.018475 80.036514  -1.000000 -0.000000 0.000000  0.614027 0.416499 1 0 1.000000
0  -12.298761 -41.800404 80.433395  -1.000000 -0.000001 0.000000  0.611202 0.415574 1 0 1.000000
misc
0  -12.298761 -47.009453 79.905731  -1.000000 0.000000 0.000000  0.614027 0.414724 1 0 1.000000
0  -12.298761 -47.072594 79.991417  -1.000000 0.000000 0.000000  0.614027 0.415574 1 0 1.000000
0  -12.298761 -41.800404 80.433395  -1.000000 -0.000001 0.000000  0.611202 0.415574 1 0 1.000000
misc
0  -12.298761 -41.800404 80.433395  -1.000000 -0.000001 0.000000  0.611202 0.415574 1 0 1.000000
0  -12.298761 -41.845505 80.388298  -1.000000 0.000000 0.000000  0.611202 0.414724 1 0 1.000000
0  -12.298761 -47.009453 79.905731  -1.000000 0.000000 0.000000  0.614027 0.414724 1 0 1.000000
misc
0  10.762270 -20.854816 47.172287  0.002082 -0.848153 0.529747  0.601577 0.412899 1 0 1.000000
0  1.246170 -20.854816 47.194832  0.002102 -0.848142 0.529766  0.597302 0.412949 1 0 1.000000
0  0.835760 -20.963055 46.757366  0.002112 -0.847928 0.530107  0.597102 0.412774 1 0 1.000000
misc
0  0.835760 -20.963055 46.757366  0.002112 -0.847928 0.530107  0.597102 0.412774 1 0 1.000000
0  11.141110 -20.994625 46.820507  0.002133 -0.847945 0.530079  0.601752 0.412649 1 0 1.000000
0  10.762270 -20.854816 47.172287  0.002082 -0.848153 0.529747  0.601577 0.412899 1 0 1.000000
misc
0  11.141110 -20.994625 46.820507  0.002133 -0.847945 0.530079  0.601752 0.412649 1 0 1.000000
0  0.835760 -20.963055 46.757366  0.002112 -0.847928 0.530107  0.597102 0.412774 1 0 1.000000
0  -0.395471 -21.062275 32.230659  0.002140 -0.847927 0.530109  0.596752 0.403574 1 0 1.000000
misc
0  -0.395471 -21.062275 32.230659  0.002140 -0.847927 0.530109  0.596752 0.403574 1 0 1.000000
0  12.385869 -21.084826 32.063789  0.002086 -0.847925 0.530113  0.602302 0.403574 1 0 1.000000
0  11.141110 -20.994625 46.820507  0.002133 -0.847945 0.530079  0.601752 0.412649 1 0 1.000000
misc
0  -9.385302 -41.845505 80.478500  1.000000 0.000002 0.000000  0.611202 0.414724 1 0 1.000000
0  -9.385302 -47.018475 80.036514  1.000000 -0.000001 0.000000  0.614077 0.414724 1 0 1.000000
0  -9.385302 -47.054554 79.991417  1.000000 -0.000001 0.000000  0.614077 0.415649 1 0 1.000000
misc
0  -9.385302 -47.054554 79.991417  1.000000 -0.000001 0.000000  0.614077 0.415649 1 0 1.000000
0  -9.385302 -41.791382 80.433395  1.000000 -0.000001 0.000000  0.611202 0.415649 1 0 1.000000
0  -9.385302 -41.845505 80.478500  1.000000 0.000002 0.000000  0.611202 0.414724 1 0 1.000000
misc
0  -9.385302 -47.054554 79.991417  1.000000 -0.000001 0.000000  0.614077 0.415649 1 0 1.000000
0  -9.385302 -41.831974 80.388298  1.000000 -0.000003 0.000000  0.611202 0.416574 1 0 1.000000
0  -9.385302 -41.791382 80.433395  1.000000 -0.000001 0.000000  0.611202 0.415649 1 0 1.000000
misc
0  -9.385302 -47.054554 79.991417  1.000000 -0.000001 0.000000  0.614077 0.415649 1 0 1.000000
0  -9.385302 -47.009453 79.905731  1.000000 0.000000 0.000000  0.614077 0.416574 1 0 1.000000
0  -9.385302 -41.831974 80.388298  1.000000 -0.000003 0.000000  0.611202 0.416574 1 0 1.000000
misc
0  10.915608 -7.744244 45.282593  -0.010128 -0.041599 0.999083  0.594352 0.417299 1 0 1.000000
0  11.114050 -7.550313 45.102196  0.677757 -0.024391 0.734881  0.593577 0.415699 1 0 1.000000
0  10.911098 -7.401483 45.300636  -0.010098 -0.041599 0.999083  0.594052 0.414249 1 0 1.000000
misc
0  10.915608 -7.744244 45.282593  -0.010128 -0.041599 0.999083  0.594352 0.417299 1 0 1.000000
0  10.911098 -7.401483 45.300636  -0.010098 -0.041599 0.999083  0.594052 0.414249 1 0 1.000000
0  1.273229 -7.730714 45.192394  -0.011065 -0.041616 0.999072  0.605477 0.417174 1 0 1.000000
misc
0  10.911098 -7.401483 45.300636  -0.010098 -0.041599 0.999083  0.594052 0.414249 1 0 1.000000
0  1.273229 -7.342854 45.214947  -0.011100 -0.041602 0.999073  0.605102 0.414374 1 0 1.000000
0  1.273229 -7.730714 45.192394  -0.011065 -0.041616 0.999072  0.605477 0.417174 1 0 1.000000
misc
0  1.273229 -7.342854 45.214947  -0.011100 -0.041602 0.999073  0.605102 0.414374 1 0 1.000000
0  0.989098 -7.491684 44.908264  -0.698423 -0.021019 0.715377  0.606927 0.415399 1 0 1.000000
0  1.273229 -7.730714 45.192394  -0.011065 -0.041616 0.999072  0.605477 0.417174 1 0 1.000000
misc
0  4.439250 -21.535824 54.924984  -0.000078 -0.000345 1.000000  0.726452 0.461849 1 0 1.000000
0  4.412190 -21.734264 54.839291  0.467005 -0.573446 0.673102  0.725227 0.461849 1 0 1.000000
0  5.300661 -21.008156 54.839291  0.501699 -0.542704 0.673625  0.725227 0.461824 1 0 1.000000
misc
0  5.300661 -21.008156 54.839291  0.501699 -0.542704 0.673625  0.725227 0.461824 1 0 1.000000
0  5.205951 -20.908936 54.924984  0.000221 -0.000256 1.000000  0.726452 0.461824 1 0 1.000000
0  4.439250 -21.535824 54.924984  -0.000078 -0.000345 1.000000  0.726452 0.461849 1 0 1.000000
misc
0  5.205951 -20.908936 54.924984  0.000221 -0.000256 1.000000  0.726452 0.461824 1 0 1.000000
0  5.300661 -21.008156 54.839291  0.501699 -0.542704 0.673625  0.725227 0.461824 1 0 1.000000
0  6.157561 -19.939285 54.924984  0.000270 -0.000238 1.000000  0.726452 0.461749 1 0 1.000000
misc
0  6.261291 -20.024975 54.839291  0.560390 -0.481765 0.673696  0.725227 0.461749 1 0 1.000000
0  6.157561 -19.939285 54.924984  0.000270 -0.000238 1.000000  0.726452 0.461749 1 0 1.000000
0  5.300661 -21.008156 54.839291  0.501699 -0.542704 0.673625  0.725227 0.461824 1 0 1.000000
misc
0  6.157561 -19.939285 54.924984  0.000270 -0.000238 1.000000  0.726452 0.461749 1 0 1.000000
0  6.261291 -20.024975 54.839291  0.560390 -0.481765 0.673696  0.725227 0.461749 1 0 1.000000
0  6.865631 -18.978655 54.924984  0.000247 -0.000172 1.000000  0.726452 0.461724 1 0 1.000000
misc
0  6.982891 -19.050816 54.839291  0.644793 -0.361919 0.673244  0.725227 0.461724 1 0 1.000000
0  6.865631 -18.978655 54.924984  0.000247 -0.000172 1.000000  0.726452 0.461724 1 0 1.000000
0  6.261291 -20.024975 54.839291  0.560390 -0.481765 0.673696  0.725227 0.461749 1 0 1.000000
misc
0  7.122701 -18.220976 54.924984  0.000366 -0.000080 1.000000  0.726452 0.461699 1 0 1.000000
0  6.865631 -18.978655 54.924984  0.000247 -0.000172 1.000000  0.726452 0.461724 1 0 1.000000
0  6.982891 -19.050816 54.839291  0.644793 -0.361919 0.673244  0.725227 0.461724 1 0 1.000000
misc
0  6.982891 -19.050816 54.839291  0.644793 -0.361919 0.673244  0.725227 0.461724 1 0 1.000000
0  7.258000 -18.225485 54.839291  0.734548 0.007279 0.678517  0.725227 0.461699 1 0 1.000000
0  7.122701 -18.220976 54.924984  0.000366 -0.000080 1.000000  0.726452 0.461699 1 0 1.000000
misc
0  7.122701 -18.220976 54.924984  0.000366 -0.000080 1.000000  0.726452 0.461699 1 0 1.000000
0  7.258000 -18.225485 54.839291  0.734548 0.007279 0.678517  0.725227 0.461699 1 0 1.000000
0  6.960340 -17.156614 54.839291  0.668061 0.320355 0.671616  0.725227 0.461674 1 0 1.000000
misc
0  6.960340 -17.156614 54.839291  0.668061 0.320355 0.671616  0.725227 0.461674 1 0 1.000000
0  6.838570 -17.219755 54.924984  0.000319 0.000119 1.000000  0.726452 0.461674 1 0 1.000000
0  7.122701 -18.220976 54.924984  0.000366 -0.000080 1.000000  0.726452 0.461699 1 0 1.000000
misc
0  6.838570 -17.219755 54.924984  0.000319 0.000119 1.000000  0.726452 0.461674 1 0 1.000000
0  6.960340 -17.156614 54.839291  0.668061 0.320355 0.671616  0.725227 0.461674 1 0 1.000000
0  5.805780 -15.176724 54.839291  0.615949 0.409999 0.672687  0.725227 0.461574 1 0 1.000000
misc
0  5.805780 -15.176724 54.839291  0.615949 0.409999 0.672687  0.725227 0.461574 1 0 1.000000
0  5.693030 -15.248884 54.924984  0.000306 0.000222 1.000000  0.726452 0.461574 1 0 1.000000
0  6.838570 -17.219755 54.924984  0.000319 0.000119 1.000000  0.726452 0.461674 1 0 1.000000
misc
0  5.693030 -15.248884 54.924984  0.000306 0.000222 1.000000  0.726452 0.461574 1 0 1.000000
0  5.805780 -15.176724 54.839291  0.615949 0.409999 0.672687  0.725227 0.461574 1 0 1.000000
0  3.519209 -11.992664 54.839291  0.584401 0.453576 0.672863  0.725227 0.461449 1 0 1.000000
misc
0  3.519209 -11.992664 54.839291  0.584401 0.453576 0.672863  0.725227 0.461449 1 0 1.000000
0  3.415480 -12.078355 54.924984  0.000249 0.000207 1.000000  0.726452 0.461449 1 0 1.000000
0  5.693030 -15.248884 54.924984  0.000306 0.000222 1.000000  0.726452 0.461574 1 0 1.000000
misc
0  1.909139 -10.369064 54.924984  0.000200 0.000259 1.000000  0.726452 0.461374 1 0 1.000000
0  3.415480 -12.078355 54.924984  0.000249 0.000207 1.000000  0.726452 0.461449 1 0 1.000000
0  3.519209 -11.992664 54.839291  0.584401 0.453576 0.672863  0.725227 0.461449 1 0 1.000000
misc
0  2.003850 -10.269844 54.839291  0.516257 0.531390 0.671643  0.725227 0.461374 1 0 1.000000
0  1.909139 -10.369064 54.924984  0.000200 0.000259 1.000000  0.726452 0.461374 1 0 1.000000
0  3.519209 -11.992664 54.839291  0.584401 0.453576 0.672863  0.725227 0.461449 1 0 1.000000
misc
0  1.909139 -10.369064 54.924984  0.000200 0.000259 1.000000  0.726452 0.461374 1 0 1.000000
0  2.003850 -10.269844 54.839291  0.516257 0.531390 0.671643  0.725227 0.461374 1 0 1.000000
0  1.047729 -9.778255 54.924984  0.000068 0.000349 1.000000  0.726452 0.461324 1 0 1.000000
misc
0  1.083809 -9.647465 54.839291  0.240493 0.694065 0.678555  0.725227 0.461324 1 0 1.000000
0  1.047729 -9.778255 54.924984  0.000068 0.000349 1.000000  0.726452 0.461324 1 0 1.000000
0  2.003850 -10.269844 54.839291  0.516257 0.531390 0.671643  0.725227 0.461374 1 0 1.000000
misc
0  1.047729 -9.778255 54.924984  0.000068 0.000349 1.000000  0.726452 0.461324 1 0 1.000000
0  1.083809 -9.647465 54.839291  0.240493 0.694065 0.678555  0.725227 0.461324 1 0 1.000000
0  0.222399 -9.647465 54.839291  -0.138139 0.726412 0.673233  0.725227 0.461299 1 0 1.000000
misc
0  0.222399 -9.647465 54.839291  -0.138139 0.726412 0.673233  0.725227 0.461299 1 0 1.000000
0  0.249460 -9.782764 54.924984  -0.000058 0.000356 1.000000  0.726452 0.461299 1 0 1.000000
0  1.047729 -9.778255 54.924984  0.000068 0.000349 1.000000  0.726452 0.461324 1 0 1.000000
misc
0  0.249460 -9.782764 54.924984  -0.000058 0.000356 1.000000  0.726452 0.461299 1 0 1.000000
0  0.222399 -9.647465 54.839291  -0.138139 0.726412 0.673233  0.725227 0.461299 1 0 1.000000
0  -0.936671 -10.021794 54.839291  -0.278689 0.684438 0.673704  0.725227 0.461274 1 0 1.000000
misc
0  -0.936671 -10.021794 54.839291  -0.278689 0.684438 0.673704  0.725227 0.461274 1 0 1.000000
0  -0.887061 -10.148074 54.924984  -0.000114 0.000321 1.000000  0.726452 0.461274 1 0 1.000000
0  0.249460 -9.782764 54.924984  -0.000058 0.000356 1.000000  0.726452 0.461299 1 0 1.000000
misc
0  -0.887061 -10.148074 54.924984  -0.000114 0.000321 1.000000  0.726452 0.461274 1 0 1.000000
0  -0.936671 -10.021794 54.839291  -0.278689 0.684438 0.673704  0.725227 0.461274 1 0 1.000000
0  -2.172412 -10.621624 54.839291  -0.355073 0.648156 0.673659  0.725227 0.461199 1 0 1.000000
misc
0  -2.172412 -10.621624 54.839291  -0.355073 0.648156 0.673659  0.725227 0.461199 1 0 1.000000
0  -2.109271 -10.738884 54.924984  -0.000170 0.000324 1.000000  0.726452 0.461199 1 0 1.000000
0  -0.887061 -10.148074 54.924984  -0.000114 0.000321 1.000000  0.726452 0.461274 1 0 1.000000
misc
0  -2.943620 -11.271065 54.924984  -0.000380 0.000047 1.000000  0.726452 0.461174 1 0 1.000000
0  -2.109271 -10.738884 54.924984  -0.000170 0.000324 1.000000  0.726452 0.461199 1 0 1.000000
0  -2.172412 -10.621624 54.839291  -0.355073 0.648156 0.673659  0.725227 0.461199 1 0 1.000000
misc
0  -3.137551 -11.230474 54.839291  -0.395033 0.625185 0.673122  0.725227 0.461174 1 0 1.000000
0  -2.943620 -11.271065 54.924984  -0.000380 0.000047 1.000000  0.726452 0.461174 1 0 1.000000
0  -2.172412 -10.621624 54.839291  -0.355073 0.648156 0.673659  0.725227 0.461199 1 0 1.000000
misc
0  -10.111411 -47.726543 79.508850  0.318933 -0.946460 0.049957  0.670902 0.401549 1 0 1.000000
0  -10.652611 -47.767128 80.036514  0.132033 -0.962717 0.236101  0.678477 0.401499 1 0 1.000000
0  -11.031451 -47.879883 79.111969  0.000001 -0.996210 -0.086984  0.674552 0.410699 1 0 1.000000
misc
0  -10.652611 -47.767128 80.036514  0.132033 -0.962717 0.236101  0.678477 0.401499 1 0 1.000000
0  -11.419311 -47.767128 80.036514  -0.132039 -0.962707 0.236138  0.683852 0.406924 1 0 1.000000
0  -11.031451 -47.879883 79.111969  0.000001 -0.996210 -0.086984  0.674552 0.410699 1 0 1.000000
misc
0  -11.419311 -47.767128 80.036514  -0.132039 -0.962707 0.236138  0.683852 0.406924 1 0 1.000000
0  -11.955999 -47.726543 79.508850  -0.318943 -0.946456 0.049962  0.683727 0.414499 1 0 1.000000
0  -11.031451 -47.879883 79.111969  0.000001 -0.996210 -0.086984  0.674552 0.410699 1 0 1.000000
misc
0  -11.955999 -47.726543 79.508850  -0.318943 -0.946456 0.049962  0.683727 0.414499 1 0 1.000000
0  -11.955999 -47.658894 78.715088  -0.318935 -0.923450 -0.213353  0.678352 0.419799 1 0 1.000000
0  -11.031451 -47.879883 79.111969  0.000001 -0.996210 -0.086984  0.674552 0.410699 1 0 1.000000
misc
0  -11.955999 -47.658894 78.715088  -0.318935 -0.923450 -0.213353  0.678352 0.419799 1 0 1.000000
0  -11.419311 -47.613796 78.187416  -0.132147 -0.907193 -0.399421  0.670777 0.419849 1 0 1.000000
0  -11.031451 -47.879883 79.111969  0.000001 -0.996210 -0.086984  0.674552 0.410699 1 0 1.000000
misc
0  -11.419311 -47.613796 78.187416  -0.132147 -0.907193 -0.399421  0.670777 0.419849 1 0 1.000000
0  -10.652611 -47.613796 78.187416  0.132138 -0.907176 -0.399463  0.665402 0.414499 1 0 1.000000
0  -11.031451 -47.879883 79.111969  0.000001 -0.996210 -0.086984  0.674552 0.410699 1 0 1.000000
misc
0  -10.652611 -47.613796 78.187416  0.132138 -0.907176 -0.399463  0.665402 0.414499 1 0 1.000000
0  -10.111411 -47.658894 78.715088  0.318908 -0.923457 -0.213364  0.665402 0.406849 1 0 1.000000
0  -11.031451 -47.879883 79.111969  0.000001 -0.996210 -0.086984  0.674552 0.410699 1 0 1.000000
misc
0  -10.111411 -47.658894 78.715088  0.318908 -0.923457 -0.213364  0.665402 0.406849 1 0 1.000000
0  -10.111411 -47.726543 79.508850  0.318933 -0.946460 0.049957  0.670902 0.401549 1 0 1.000000
0  -11.031451 -47.879883 79.111969  0.000001 -0.996210 -0.086984  0.674552 0.410699 1 0 1.000000
misc
0  -0.409004 6.245777 31.955547  -0.002096 0.847915 0.530127  0.602302 0.403574 1 0 1.000000
0  0.741048 6.024787 45.084152  -0.002110 0.847927 0.530109  0.601752 0.412649 1 0 1.000000
0  12.399397 6.191658 31.955547  -0.002067 0.847930 0.530104  0.596752 0.403574 1 0 1.000000
misc
0  0.741048 6.024787 45.084152  -0.002110 0.847927 0.530109  0.601752 0.412649 1 0 1.000000
0  11.226798 5.979689 45.300636  -0.002125 0.847912 0.530133  0.597102 0.412774 1 0 1.000000
0  12.399397 6.191658 31.955547  -0.002067 0.847930 0.530104  0.596752 0.403574 1 0 1.000000
misc
0  11.226798 5.979689 45.300636  -0.002125 0.847912 0.530133  0.597102 0.412774 1 0 1.000000
0  0.741048 6.024787 45.084152  -0.002110 0.847927 0.530109  0.601752 0.412649 1 0 1.000000
0  1.241658 6.024787 45.589275  -0.002083 0.847910 0.530137  0.601577 0.412899 1 0 1.000000
misc
0  1.241658 6.024787 45.589275  -0.002083 0.847910 0.530137  0.601577 0.412899 1 0 1.000000
0  10.829919 5.979689 45.697517  -0.002085 0.847926 0.530110  0.597302 0.412949 1 0 1.000000
0  11.226798 5.979689 45.300636  -0.002125 0.847912 0.530133  0.597102 0.412774 1 0 1.000000
misc
0  10.203031 -12.037764 46.247738  0.003173 0.968156 -0.250327  0.508527 0.287849 1 0 1.000000
0  1.873059 -12.060314 46.207146  0.002963 0.968144 -0.250378  0.598027 0.288449 1 0 1.000000
0  1.706189 -12.218165 46.270287  -0.005107 0.343002 0.939321  0.599802 0.290149 1 0 1.000000
misc
0  1.706189 -12.218165 46.270287  -0.005107 0.343002 0.939321  0.599802 0.290149 1 0 1.000000
0  10.338330 -12.159534 46.337936  0.032320 0.305948 0.951499  0.507052 0.289424 1 0 1.000000
0  10.203031 -12.037764 46.247738  0.003173 0.968156 -0.250327  0.508527 0.287849 1 0 1.000000
misc
0  10.383430 -15.916364 47.172287  -0.003203 0.114008 0.993475  0.506427 0.329599 1 0 1.000000
0  10.338330 -12.159534 46.337936  0.032320 0.305948 0.951499  0.507052 0.289424 1 0 1.000000
0  1.706189 -12.218165 46.270287  -0.005107 0.343002 0.939321  0.599802 0.290149 1 0 1.000000
misc
0  1.706189 -12.218165 46.270287  -0.005107 0.343002 0.939321  0.599802 0.290149 1 0 1.000000
0  1.647559 -15.871265 47.154247  -0.003200 0.114025 0.993473  0.600277 0.329474 1 0 1.000000
0  10.383430 -15.916364 47.172287  -0.003203 0.114008 0.993475  0.506427 0.329599 1 0 1.000000
misc
0  10.162440 -16.173435 47.172287  -0.000265 0.242151 0.970239  0.508802 0.332149 1 0 1.000000
0  10.383430 -15.916364 47.172287  -0.003203 0.114008 0.993475  0.506427 0.329599 1 0 1.000000
0  1.647559 -15.871265 47.154247  -0.003200 0.114025 0.993473  0.600277 0.329474 1 0 1.000000
misc
0  1.647559 -15.871265 47.154247  -0.003200 0.114025 0.993473  0.600277 0.329474 1 0 1.000000
0  1.823449 -16.110294 47.154247  -0.000407 0.245332 0.969439  0.598402 0.331774 1 0 1.000000
0  10.162440 -16.173435 47.172287  -0.000265 0.242151 0.970239  0.508802 0.332149 1 0 1.000000
misc
0  -7.900113 -13.760585 54.528103  -0.875376 0.483426 0.003994  0.748177 0.476374 1 0 1.000000
0  -7.593433 -13.814705 54.771637  0.000047 0.000024 1.000000  0.748302 0.476449 1 0 1.000000
0  0.533589 -7.694634 54.528103  -0.875486 0.483231 0.003474  0.748177 0.479349 1 0 1.000000
misc
0  0.502019 -7.996804 54.771637  0.000030 -0.000053 1.000000  0.748302 0.479299 1 0 1.000000
0  0.533589 -7.694634 54.528103  -0.875486 0.483231 0.003474  0.748177 0.479349 1 0 1.000000
0  -7.593433 -13.814705 54.771637  0.000047 0.000024 1.000000  0.748302 0.476449 1 0 1.000000
misc
0  0.533589 -7.694634 54.528103  -0.875486 0.483231 0.003474  0.748177 0.479349 1 0 1.000000
0  0.502019 -7.996804 54.771637  0.000030 -0.000053 1.000000  0.748302 0.479299 1 0 1.000000
0  1.174009 -7.775814 54.771637  0.000064 0.000311 1.000000  0.748302 0.479499 1 0 1.000000
misc
0  1.174009 -7.775814 54.771637  0.000064 0.000311 1.000000  0.748302 0.479499 1 0 1.000000
0  1.223619 -7.460114 54.528103  -0.349813 0.936815 0.002929  0.748177 0.479549 1 0 1.000000
0  0.533589 -7.694634 54.528103  -0.875486 0.483231 0.003474  0.748177 0.479349 1 0 1.000000
misc
0  0.533589 -7.694634 54.528103  -0.875486 0.483231 0.003474  0.748177 0.479349 1 0 1.000000
0  1.223619 -7.460114 54.528103  -0.349813 0.936815 0.002929  0.748177 0.479549 1 0 1.000000
0  1.219109 -7.455604 53.166080  -0.350607 0.936519 0.002744  0.747802 0.479549 1 0 1.000000
misc
0  0.533589 -7.694634 54.528103  -0.875486 0.483231 0.003474  0.748177 0.479349 1 0 1.000000
0  1.219109 -7.455604 53.166080  -0.350607 0.936519 0.002744  0.747802 0.479549 1 0 1.000000
0  0.533589 -7.690124 53.166080  -0.875342 0.483497 0.002688  0.747802 0.479349 1 0 1.000000
misc
0  10.856979 0.008447 45.458492  -0.006398 -0.041515 0.999117  0.594352 0.417299 1 0 1.000000
0  11.055419 0.197867 45.282593  0.721604 -0.022173 0.691951  0.593577 0.415699 1 0 1.000000
0  10.852469 0.346697 45.458492  -0.007646 -0.041471 0.999111  0.594052 0.414249 1 0 1.000000
misc
0  10.856979 0.008447 45.458492  -0.006398 -0.041515 0.999117  0.594352 0.417299 1 0 1.000000
0  10.852469 0.346697 45.458492  -0.007646 -0.041471 0.999111  0.594052 0.414249 1 0 1.000000
0  1.273228 0.021977 45.390835  -0.011089 -0.041519 0.999076  0.605477 0.417174 1 0 1.000000
misc
0  10.852469 0.346697 45.458492  -0.007646 -0.041471 0.999111  0.594052 0.414249 1 0 1.000000
0  1.273228 0.409836 45.390835  -0.011084 -0.041533 0.999076  0.605102 0.414374 1 0 1.000000
0  1.273228 0.021977 45.390835  -0.011089 -0.041519 0.999076  0.605477 0.417174 1 0 1.000000
misc
0  1.273228 0.409836 45.390835  -0.011084 -0.041533 0.999076  0.605102 0.414374 1 0 1.000000
0  0.989098 0.261007 45.084152  -0.699315 -0.021012 0.714505  0.606927 0.415399 1 0 1.000000
0  1.273228 0.021977 45.390835  -0.011089 -0.041519 0.999076  0.605477 0.417174 1 0 1.000000
misc
0  0.835760 -20.963055 46.757366  -0.999705 0.008670 0.022709  0.597477 0.405324 1 0 1.000000
0  0.835760 -16.245594 46.757366  -0.999700 0.008644 0.022914  0.598027 0.405324 1 0 1.000000
0  -0.395471 -21.062275 32.230659  -0.999701 0.008690 0.022847  0.599802 0.411374 1 0 1.000000
misc
0  0.835760 -16.245594 46.757366  -0.999700 0.008644 0.022914  0.598027 0.405324 1 0 1.000000
0  0.709478 -7.527764 44.511383  -0.997608 0.009944 0.068404  0.600352 0.405949 1 0 1.000000
0  -0.395471 -21.062275 32.230659  -0.999701 0.008690 0.022847  0.599802 0.411374 1 0 1.000000
misc
0  -0.409004 6.245777 31.955547  -0.997630 0.009906 0.068091  0.604177 0.411499 1 0 1.000000
0  -0.395471 -21.062275 32.230659  -0.999701 0.008695 0.022830  0.599802 0.411374 1 0 1.000000
0  0.709478 -7.527764 44.511383  -0.997608 0.009944 0.068404  0.600352 0.405949 1 0 1.000000
misc
0  0.709478 -7.527764 44.511383  -0.997608 0.009944 0.068404  0.600352 0.405949 1 0 1.000000
0  0.741048 6.024787 45.084152  -0.997607 0.009855 0.068429  0.603877 0.405824 1 0 1.000000
0  -0.409004 6.245777 31.955547  -0.997630 0.009906 0.068091  0.604177 0.411499 1 0 1.000000
misc
0  -10.551991 -16.665026 65.564072  -0.793898 -0.568419 -0.215930  0.749152 0.477299 1 0 1.000000
0  -10.651212 -16.403444 65.230331  -0.793583 -0.568603 -0.216604  0.749152 0.477324 1 0 1.000000
0  -10.299432 -17.079945 65.717407  -0.793897 -0.568425 -0.215918  0.749277 0.477224 1 0 1.000000
misc
0  -10.299432 -17.079945 65.717407  -0.793897 -0.568425 -0.215918  0.749277 0.477224 1 0 1.000000
0  -10.651212 -16.403444 65.230331  -0.793583 -0.568603 -0.216604  0.749152 0.477324 1 0 1.000000
0  -10.651212 -16.277164 64.901100  -0.793900 -0.568179 -0.216554  0.749152 0.477349 1 0 1.000000
misc
0  -10.001771 -17.503885 65.717407  -0.793916 -0.568386 -0.215951  0.749277 0.477174 1 0 1.000000
0  -10.299432 -17.079945 65.717407  -0.793897 -0.568425 -0.215918  0.749277 0.477224 1 0 1.000000
0  -10.651212 -16.277164 64.901100  -0.793900 -0.568179 -0.216554  0.749152 0.477349 1 0 1.000000
misc
0  -10.001771 -17.503885 65.717407  -0.793916 -0.568386 -0.215951  0.749277 0.477174 1 0 1.000000
0  -10.651212 -16.277164 64.901100  -0.793900 -0.568179 -0.216554  0.749152 0.477349 1 0 1.000000
0  -2.470069 -27.655895 64.770309  -0.793912 -0.568403 -0.215923  0.749152 0.475574 1 0 1.000000
misc
0  -2.470069 -27.655895 64.770309  -0.793912 -0.568403 -0.215923  0.749152 0.475574 1 0 1.000000
0  -3.412659 -26.654675 65.604660  -0.794007 -0.568266 -0.215933  0.749277 0.475724 1 0 1.000000
0  -10.001771 -17.503885 65.717407  -0.793916 -0.568386 -0.215951  0.749277 0.477174 1 0 1.000000
misc
0  -2.470069 -27.655895 64.770309  -0.793912 -0.568403 -0.215923  0.749152 0.475574 1 0 1.000000
0  -3.110489 -27.074104 65.582115  -0.793909 -0.568411 -0.215912  0.749277 0.475674 1 0 1.000000
0  -3.412659 -26.654675 65.604660  -0.794007 -0.568266 -0.215933  0.749277 0.475724 1 0 1.000000
misc
0  -2.470069 -27.655895 64.770309  -0.793912 -0.568403 -0.215923  0.749152 0.475574 1 0 1.000000
0  -2.587329 -27.624325 65.099541  -0.793918 -0.568388 -0.215941  0.749152 0.475574 1 0 1.000000
0  -3.110489 -27.074104 65.582115  -0.793909 -0.568411 -0.215912  0.749277 0.475674 1 0 1.000000
misc
0  -2.794789 -27.448435 65.428772  -0.793919 -0.568428 -0.215829  0.749152 0.475624 1 0 1.000000
0  -3.110489 -27.074104 65.582115  -0.793909 -0.568411 -0.215912  0.749277 0.475674 1 0 1.000000
0  -2.587329 -27.624325 65.099541  -0.793918 -0.568388 -0.215941  0.749152 0.475574 1 0 1.000000
misc
0  -0.408999 -25.621885 57.125858  0.795509 0.576262 0.187319  0.693002 0.473399 1 0 1.000000
0  -0.666069 -25.234026 57.193508  0.795498 0.576282 0.187305  0.694102 0.480599 1 0 1.000000
0  -1.058439 -26.136024 60.806019  0.795577 0.576164 0.187331  0.742552 0.473424 1 0 1.000000
misc
0  -0.666069 -25.234026 57.193508  0.795498 0.576282 0.187305  0.694102 0.480599 1 0 1.000000
0  -1.509438 -25.400896 60.851116  0.795569 0.576169 0.187347  0.742552 0.486124 1 0 1.000000
0  -1.058439 -26.136024 60.806019  0.795577 0.576164 0.187331  0.742552 0.473424 1 0 1.000000
misc
0  -1.058439 -26.136024 60.806019  0.795577 0.576164 0.187331  0.742552 0.473424 1 0 1.000000
0  -1.509438 -25.400896 60.851116  0.795569 0.576169 0.187347  0.742552 0.486124 1 0 1.000000
0  -1.942399 -26.235245 64.459122  0.795495 0.576287 0.187301  0.694227 0.480649 1 0 1.000000
misc
0  -1.942399 -26.235245 64.459122  0.795495 0.576287 0.187301  0.694227 0.480649 1 0 1.000000
0  -1.707879 -26.645657 64.504219  0.795574 0.576175 0.187308  0.693477 0.473474 1 0 1.000000
0  -1.058439 -26.136024 60.806019  0.795577 0.576164 0.187331  0.742552 0.473424 1 0 1.000000
misc
0  -8.693872 -16.804834 64.725212  0.795479 0.576306 0.187309  0.744377 0.480399 1 0 1.000000
0  -8.527001 -16.958176 64.504219  0.795491 0.576293 0.187297  0.744377 0.477799 1 0 1.000000
0  -7.273220 -15.970485 57.369400  0.795491 0.576275 0.187353  0.744877 0.477799 1 0 1.000000
misc
0  -7.273220 -15.970485 57.369400  0.795491 0.576275 0.187353  0.744877 0.477799 1 0 1.000000
0  -7.358911 -15.754005 57.148411  0.795490 0.576292 0.187304  0.744877 0.480399 1 0 1.000000
0  -8.693872 -16.804834 64.725212  0.795479 0.576306 0.187309  0.744377 0.480399 1 0 1.000000
misc
0  -7.358911 -15.754005 57.148411  0.795490 0.576292 0.187304  0.744877 0.480399 1 0 1.000000
0  -7.273220 -15.970485 57.369400  0.795491 0.576275 0.187353  0.744877 0.477799 1 0 1.000000
0  -1.058439 -24.530468 57.040169  0.795490 0.576294 0.187301  0.745477 0.480399 1 0 1.000000
misc
0  -1.225310 -24.377123 57.261158  0.795493 0.576283 0.187319  0.745477 0.477799 1 0 1.000000
0  -1.058439 -24.530468 57.040169  0.795490 0.576294 0.187301  0.745477 0.480399 1 0 1.000000
0  -7.273220 -15.970485 57.369400  0.795491 0.576275 0.187353  0.744877 0.477799 1 0 1.000000
misc
0  -1.058439 -24.530468 57.040169  0.795490 0.576294 0.187301  0.745477 0.480399 1 0 1.000000
0  -1.225310 -24.377123 57.261158  0.795493 0.576283 0.187319  0.745477 0.477799 1 0 1.000000
0  -2.483599 -25.364817 64.395988  0.795501 0.576274 0.187313  0.745852 0.477799 1 0 1.000000
misc
0  -2.483599 -25.364817 64.395988  0.795501 0.576274 0.187313  0.745852 0.477799 1 0 1.000000
0  -2.388889 -25.576784 64.616974  0.795507 0.576271 0.187295  0.745852 0.480399 1 0 1.000000
0  -1.058439 -24.530468 57.040169  0.795490 0.576294 0.187301  0.745477 0.480399 1 0 1.000000
misc
0  -2.388889 -25.576784 64.616974  0.795507 0.576271 0.187295  0.745852 0.480399 1 0 1.000000
0  -2.483599 -25.364817 64.395988  0.795501 0.576274 0.187313  0.745852 0.477799 1 0 1.000000
0  -8.693872 -16.804834 64.725212  0.795479 0.576306 0.187309  0.746702 0.480399 1 0 1.000000
misc
0  -2.483599 -25.364817 64.395988  0.795501 0.576274 0.187313  0.745852 0.477799 1 0 1.000000
0  -8.527001 -16.958176 64.504219  0.795491 0.576293 0.187297  0.746577 0.477799 1 0 1.000000
0  -8.693872 -16.804834 64.725212  0.795479 0.576306 0.187309  0.746702 0.480399 1 0 1.000000
aluminium
0  -12.397982 -42.580635 84.925362  -0.645856 0.005814 -0.763437  0.016443 0.993293 1 0 1.000000
0  -11.716971 -40.984097 84.131599  -0.672037 0.020172 -0.740243  0.016443 0.993293 1 0 1.000000
0  -11.541080 -43.762257 83.870018  -0.687292 0.028737 -0.725812  0.016443 0.993293 1 0 1.000000
aluminium
0  -12.429552 -45.025055 83.955704  -0.088464 -0.415681 0.905198  0.016443 0.993293 1 0 1.000000
0  -9.750611 -43.013596 85.191444  -0.088495 -0.415684 0.905193  0.016443 0.993293 1 0 1.000000
0  -12.407001 -42.657307 85.101242  -0.088501 -0.415689 0.905191  0.016443 0.993293 1 0 1.000000
aluminium
0  -12.307782 -45.223495 83.870018  -0.088456 -0.415689 0.905195  0.016443 0.993293 1 0 1.000000
0  -9.750611 -43.013596 85.191444  -0.088495 -0.415684 0.905193  0.016443 0.993293 1 0 1.000000
0  -12.429552 -45.025055 83.955704  -0.088464 -0.415681 0.905198  0.016443 0.993293 1 0 1.000000
aluminium
0  -12.014631 -45.322712 83.870018  -0.088511 -0.415682 0.905193  0.016443 0.993293 1 0 1.000000
0  -9.750611 -43.013596 85.191444  -0.088495 -0.415684 0.905193  0.016443 0.993293 1 0 1.000000
0  -12.307782 -45.223495 83.870018  -0.088456 -0.415689 0.905195  0.016443 0.993293 1 0 1.000000
aluminium
0  -12.014631 -45.322712 83.870018  -0.088511 -0.415682 0.905193  0.016443 0.993293 1 0 1.000000
0  -9.732571 -45.070152 84.221786  -0.088466 -0.415689 0.905194  0.016443 0.993293 1 0 1.000000
0  -9.750611 -43.013596 85.191444  -0.088495 -0.415684 0.905193  0.016443 0.993293 1 0 1.000000
aluminium
0  -10.079841 -45.336243 84.045906  -0.088529 -0.415738 0.905165  0.016443 0.993293 1 0 1.000000
0  -9.732571 -45.070152 84.221786  -0.088466 -0.415689 0.905194  0.016443 0.993293 1 0 1.000000
0  -12.014631 -45.322712 83.870018  -0.088511 -0.415682 0.905193  0.016443 0.993293 1 0 1.000000
aluminium
0  -9.732571 -45.070152 84.221786  -0.088466 -0.415689 0.905194  0.016443 0.993293 1 0 1.000000
0  -10.079841 -45.336243 84.045906  -0.088529 -0.415738 0.905165  0.016443 0.993293 1 0 1.000000
0  -9.831791 -45.268593 84.091003  -0.088245 -0.416075 0.905038  0.016443 0.993293 1 0 1.000000
aluminium
0  -9.985131 -47.681442 79.553947  0.923837 -0.033293 0.381336  0.016443 0.993293 1 0 1.000000
0  -10.233181 -47.703995 79.905731  0.707028 -0.061478 0.704508  0.016443 0.993293 1 0 1.000000
0  -9.985131 -47.943020 79.508850  0.923840 -0.033272 0.381330  0.016443 0.993293 1 0 1.000000
aluminium
0  -10.233181 -47.988125 79.905731  0.707061 -0.061523 0.704471  0.016443 0.993293 1 0 1.000000
0  -10.233181 -47.703995 79.905731  0.707028 -0.061478 0.704508  0.016443 0.993293 1 0 1.000000
0  -10.598491 -47.726543 80.171814  0.382610 -0.080427 0.920403  0.016443 0.993293 1 0 1.000000
aluminium
0  -9.985131 -47.943020 79.508850  0.923840 -0.033272 0.381330  0.016443 0.993293 1 0 1.000000
0  -10.233181 -47.703995 79.905731  0.707028 -0.061478 0.704508  0.016443 0.993293 1 0 1.000000
0  -10.233181 -47.988125 79.905731  0.707061 -0.061523 0.704471  0.016443 0.993293 1 0 1.000000
aluminium
0  -9.985131 -47.943020 79.508850  0.923840 -0.033272 0.381330  0.016443 0.993293 1 0 1.000000
0  -10.233181 -47.988125 79.905731  0.707061 -0.061523 0.704471  0.016443 0.993293 1 0 1.000000
0  -10.278281 -48.010674 79.860626  -0.000334 -0.996172 -0.087416  0.016443 0.993293 1 0 1.000000
aluminium
0  -10.625551 -48.033226 80.081619  -0.000266 -0.996168 -0.087460  0.016443 0.993293 1 0 1.000000
0  -10.278281 -48.010674 79.860626  -0.000334 -0.996172 -0.087416  0.016443 0.993293 1 0 1.000000
0  -10.233181 -47.988125 79.905731  0.707061 -0.061523 0.704471  0.016443 0.993293 1 0 1.000000
aluminium
0  -10.233181 -47.988125 79.905731  0.707061 -0.061523 0.704471  0.016443 0.993293 1 0 1.000000
0  -10.598491 -48.010674 80.126717  0.382650 -0.080381 0.920390  0.016443 0.993293 1 0 1.000000
0  -10.625551 -48.033226 80.081619  -0.000266 -0.996168 -0.087460  0.016443 0.993293 1 0 1.000000
aluminium
0  -10.598491 -47.726543 80.171814  0.382610 -0.080427 0.920403  0.016443 0.993293 1 0 1.000000
0  -10.598491 -48.010674 80.126717  0.382650 -0.080381 0.920390  0.016443 0.993293 1 0 1.000000
0  -10.233181 -47.988125 79.905731  0.707061 -0.061523 0.704471  0.016443 0.993293 1 0 1.000000
aluminium
0  -10.598491 -48.010674 80.126717  0.382650 -0.080381 0.920390  0.016443 0.993293 1 0 1.000000
0  -10.598491 -47.726543 80.171814  0.382610 -0.080427 0.920403  0.016443 0.993293 1 0 1.000000
0  -11.031451 -47.726543 80.257507  -0.000004 -0.087003 0.996208  0.016443 0.993293 1 0 1.000000
aluminium
0  -10.625551 -48.033226 80.081619  -0.000266 -0.996168 -0.087460  0.016443 0.993293 1 0 1.000000
0  -10.648101 -47.879883 80.036514  -0.382616 0.080031 -0.920435  0.016443 0.993293 1 0 1.000000
0  -10.323381 -47.857334 79.815521  -0.707028 0.061461 -0.704510  0.016443 0.993293 1 0 1.000000
aluminium
0  -10.323381 -47.857334 79.815521  -0.707028 0.061461 -0.704510  0.016443 0.993293 1 0 1.000000
0  -10.278281 -48.010674 79.860626  -0.000334 -0.996172 -0.087416  0.016443 0.993293 1 0 1.000000
0  -10.625551 -48.033226 80.081619  -0.000266 -0.996168 -0.087460  0.016443 0.993293 1 0 1.000000
aluminium
0  -10.278281 -48.010674 79.860626  -0.000334 -0.996172 -0.087416  0.016443 0.993293 1 0 1.000000
0  -10.323381 -47.857334 79.815521  -0.707028 0.061461 -0.704510  0.016443 0.993293 1 0 1.000000
0  -10.048271 -47.965569 79.508850  -0.000472 -0.996200 -0.087098  0.016443 0.993293 1 0 1.000000
aluminium
0  -10.278281 -48.010674 79.860626  -0.000334 -0.996172 -0.087416  0.016443 0.993293 1 0 1.000000
0  -10.048271 -47.965569 79.508850  -0.000472 -0.996200 -0.087098  0.016443 0.993293 1 0 1.000000
0  -9.985131 -47.943020 79.508850  0.923840 -0.033272 0.381330  0.016443 0.993293 1 0 1.000000
aluminium
0  -9.985131 -47.943020 79.508850  0.923840 -0.033272 0.381330  0.016443 0.993293 1 0 1.000000
0  -10.048271 -47.965569 79.508850  -0.000472 -0.996200 -0.087098  0.016443 0.993293 1 0 1.000000
0  -9.899441 -47.920471 79.111969  1.000000 0.000005 0.000002  0.016443 0.993293 1 0 1.000000
aluminium
0  -9.985131 -47.681442 79.553947  0.923837 -0.033293 0.381336  0.016443 0.993293 1 0 1.000000
0  -9.985131 -47.943020 79.508850  0.923840 -0.033272 0.381330  0.016443 0.993293 1 0 1.000000
0  -9.899441 -47.920471 79.111969  1.000000 0.000005 0.000002  0.016443 0.993293 1 0 1.000000
aluminium
0  -9.899441 -47.920471 79.111969  1.000000 0.000005 0.000002  0.016443 0.993293 1 0 1.000000
0  -9.899441 -47.636345 79.111969  1.000000 -0.000000 0.000015  0.016443 0.993293 1 0 1.000000
0  -9.985131 -47.681442 79.553947  0.923837 -0.033293 0.381336  0.016443 0.993293 1 0 1.000000
aluminium
0  -9.985131 -47.591248 78.669991  0.923845 0.033279 -0.381316  0.016443 0.993293 1 0 1.000000
0  -9.899441 -47.636345 79.111969  1.000000 -0.000000 0.000015  0.016443 0.993293 1 0 1.000000
0  -9.899441 -47.920471 79.111969  1.000000 0.000005 0.000002  0.016443 0.993293 1 0 1.000000
aluminium
0  -9.985131 -47.879883 78.669991  0.923851 0.033308 -0.381301  0.016443 0.993293 1 0 1.000000
0  -9.985131 -47.591248 78.669991  0.923845 0.033279 -0.381316  0.016443 0.993293 1 0 1.000000
0  -9.899441 -47.920471 79.111969  1.000000 0.000005 0.000002  0.016443 0.993293 1 0 1.000000
aluminium
0  -10.233181 -47.568695 78.318207  0.707011 0.061498 -0.704524  0.016443 0.993293 1 0 1.000000
0  -9.985131 -47.591248 78.669991  0.923845 0.033279 -0.381316  0.016443 0.993293 1 0 1.000000
0  -9.985131 -47.879883 78.669991  0.923851 0.033308 -0.381301  0.016443 0.993293 1 0 1.000000
aluminium
0  -10.233181 -47.834785 78.318207  0.707001 0.061523 -0.704531  0.016443 0.993293 1 0 1.000000
0  -10.233181 -47.568695 78.318207  0.707011 0.061498 -0.704524  0.016443 0.993293 1 0 1.000000
0  -9.985131 -47.879883 78.669991  0.923851 0.033308 -0.381301  0.016443 0.993293 1 0 1.000000
aluminium
0  -10.233181 -47.568695 78.318207  0.707011 0.061498 -0.704524  0.016443 0.993293 1 0 1.000000
0  -10.233181 -47.834785 78.318207  0.707001 0.061523 -0.704531  0.016443 0.993293 1 0 1.000000
0  -10.598491 -47.812229 78.056625  0.382625 0.080371 -0.920401  0.016443 0.993293 1 0 1.000000
aluminium
0  -10.598491 -47.812229 78.056625  0.382625 0.080371 -0.920401  0.016443 0.993293 1 0 1.000000
0  -10.233181 -47.834785 78.318207  0.707001 0.061523 -0.704531  0.016443 0.993293 1 0 1.000000
0  -10.278281 -47.879883 78.363304  -0.000366 -0.996237 -0.086676  0.016443 0.993293 1 0 1.000000
aluminium
0  -10.278281 -47.879883 78.363304  -0.000366 -0.996237 -0.086676  0.016443 0.993293 1 0 1.000000
0  -10.625551 -47.857334 78.101723  -0.000177 -0.996248 -0.086546  0.016443 0.993293 1 0 1.000000
0  -10.598491 -47.812229 78.056625  0.382625 0.080371 -0.920401  0.016443 0.993293 1 0 1.000000
aluminium
0  -10.278281 -47.879883 78.363304  -0.000366 -0.996237 -0.086676  0.016443 0.993293 1 0 1.000000
0  -10.323381 -47.726543 78.408409  -0.707007 -0.061911 0.704491  0.016443 0.993293 1 0 1.000000
0  -10.625551 -47.857334 78.101723  -0.000177 -0.996248 -0.086546  0.016443 0.993293 1 0 1.000000
aluminium
0  -10.323381 -47.726543 78.408409  -0.707007 -0.061911 0.704491  0.016443 0.993293 1 0 1.000000
0  -10.648101 -47.703995 78.187416  -0.382602 -0.080436 0.920405  0.016443 0.993293 1 0 1.000000
0  -10.625551 -47.857334 78.101723  -0.000177 -0.996248 -0.086546  0.016443 0.993293 1 0 1.000000
aluminium
0  -10.625551 -47.857334 78.101723  -0.000177 -0.996248 -0.086546  0.016443 0.993293 1 0 1.000000
0  -10.648101 -47.703995 78.187416  -0.382602 -0.080436 0.920405  0.016443 0.993293 1 0 1.000000
0  -11.031451 -47.834785 78.011528  0.000027 -0.996243 -0.086601  0.016443 0.993293 1 0 1.000000
aluminium
0  -10.648101 -47.703995 78.187416  -0.382602 -0.080436 0.920405  0.016443 0.993293 1 0 1.000000
0  -11.031451 -47.703995 78.101723  0.000031 -0.087060 0.996203  0.016443 0.993293 1 0 1.000000
0  -11.031451 -47.834785 78.011528  0.000027 -0.996243 -0.086601  0.016443 0.993293 1 0 1.000000
aluminium
0  -9.962581 -47.943020 79.111969  -0.000509 -0.996122 -0.087981  0.016443 0.993293 1 0 1.000000
0  -9.899441 -47.920471 79.111969  1.000000 0.000005 0.000002  0.016443 0.993293 1 0 1.000000
0  -10.048271 -47.965569 79.508850  -0.000472 -0.996200 -0.087098  0.016443 0.993293 1 0 1.000000
aluminium
0  -9.899441 -47.920471 79.111969  1.000000 0.000005 0.000002  0.016443 0.993293 1 0 1.000000
0  -9.962581 -47.943020 79.111969  -0.000509 -0.996122 -0.087981  0.016443 0.993293 1 0 1.000000
0  -9.985131 -47.879883 78.669991  0.923851 0.033308 -0.381301  0.016443 0.993293 1 0 1.000000
aluminium
0  -9.962581 -47.943020 79.111969  -0.000509 -0.996122 -0.087981  0.016443 0.993293 1 0 1.000000
0  -10.048271 -47.902431 78.669991  -0.000451 -0.996221 -0.086852  0.016443 0.993293 1 0 1.000000
0  -9.985131 -47.879883 78.669991  0.923851 0.033308 -0.381301  0.016443 0.993293 1 0 1.000000
aluminium
0  -9.985131 -47.879883 78.669991  0.923851 0.033308 -0.381301  0.016443 0.993293 1 0 1.000000
0  -10.048271 -47.902431 78.669991  -0.000451 -0.996221 -0.086852  0.016443 0.993293 1 0 1.000000
0  -10.233181 -47.834785 78.318207  0.707001 0.061523 -0.704531  0.016443 0.993293 1 0 1.000000
aluminium
0  -10.048271 -47.902431 78.669991  -0.000451 -0.996221 -0.086852  0.016443 0.993293 1 0 1.000000
0  -10.278281 -47.879883 78.363304  -0.000366 -0.996237 -0.086676  0.016443 0.993293 1 0 1.000000
0  -10.233181 -47.834785 78.318207  0.707001 0.061523 -0.704531  0.016443 0.993293 1 0 1.000000
aluminium
0  -10.323381 -47.726543 78.408409  -0.707007 -0.061911 0.704491  0.016443 0.993293 1 0 1.000000
0  -10.278281 -47.879883 78.363304  -0.000366 -0.996237 -0.086676  0.016443 0.993293 1 0 1.000000
0  -10.048271 -47.902431 78.669991  -0.000451 -0.996221 -0.086852  0.016443 0.993293 1 0 1.000000
aluminium
0  -10.048271 -47.902431 78.669991  -0.000451 -0.996221 -0.086852  0.016443 0.993293 1 0 1.000000
0  -10.102390 -47.767128 78.715088  -0.923829 -0.033645 0.381324  0.016443 0.993293 1 0 1.000000
0  -10.323381 -47.726543 78.408409  -0.707007 -0.061911 0.704491  0.016443 0.993293 1 0 1.000000
aluminium
0  -10.102390 -47.767128 78.715088  -0.923829 -0.033645 0.381324  0.016443 0.993293 1 0 1.000000
0  -10.048271 -47.902431 78.669991  -0.000451 -0.996221 -0.086852  0.016443 0.993293 1 0 1.000000
0  -9.962581 -47.943020 79.111969  -0.000509 -0.996122 -0.087981  0.016443 0.993293 1 0 1.000000
aluminium
0  -9.962581 -47.943020 79.111969  -0.000509 -0.996122 -0.087981  0.016443 0.993293 1 0 1.000000
0  -10.030231 -47.789684 79.111969  -1.000000 -0.000406 0.000004  0.016443 0.993293 1 0 1.000000
0  -10.102390 -47.767128 78.715088  -0.923829 -0.033645 0.381324  0.016443 0.993293 1 0 1.000000
aluminium
0  -10.102390 -47.834785 79.508850  -0.923836 0.032925 -0.381369  0.016443 0.993293 1 0 1.000000
0  -10.030231 -47.789684 79.111969  -1.000000 -0.000406 0.000004  0.016443 0.993293 1 0 1.000000
0  -9.962581 -47.943020 79.111969  -0.000509 -0.996122 -0.087981  0.016443 0.993293 1 0 1.000000
aluminium
0  -10.048271 -47.965569 79.508850  -0.000472 -0.996200 -0.087098  0.016443 0.993293 1 0 1.000000
0  -10.102390 -47.834785 79.508850  -0.923836 0.032925 -0.381369  0.016443 0.993293 1 0 1.000000
0  -9.962581 -47.943020 79.111969  -0.000509 -0.996122 -0.087981  0.016443 0.993293 1 0 1.000000
aluminium
0  -10.323381 -47.857334 79.815521  -0.707028 0.061461 -0.704510  0.016443 0.993293 1 0 1.000000
0  -10.102390 -47.834785 79.508850  -0.923836 0.032925 -0.381369  0.016443 0.993293 1 0 1.000000
0  -10.048271 -47.965569 79.508850  -0.000472 -0.996200 -0.087098  0.016443 0.993293 1 0 1.000000
aluminium
0  -11.031451 -47.812229 77.966423  0.000186 0.087081 -0.996201  0.016443 0.993293 1 0 1.000000
0  -11.031451 -47.528103 78.011528  0.000003 0.087019 -0.996207  0.016443 0.993293 1 0 1.000000
0  -10.598491 -47.546139 78.101723  0.382585 0.080451 -0.920411  0.016443 0.993293 1 0 1.000000
aluminium
0  -11.464412 -47.546139 78.101723  -0.382589 0.080434 -0.920411  0.016443 0.993293 1 0 1.000000
0  -11.031451 -47.528103 78.011528  0.000003 0.087019 -0.996207  0.016443 0.993293 1 0 1.000000
0  -11.031451 -47.812229 77.966423  0.000186 0.087081 -0.996201  0.016443 0.993293 1 0 1.000000
aluminium
0  -11.464412 -47.812229 78.056625  -0.382584 0.080388 -0.920417  0.016443 0.993293 1 0 1.000000
0  -11.464412 -47.546139 78.101723  -0.382589 0.080434 -0.920411  0.016443 0.993293 1 0 1.000000
0  -11.031451 -47.812229 77.966423  0.000186 0.087081 -0.996201  0.016443 0.993293 1 0 1.000000
aluminium
0  -11.838740 -47.568695 78.318207  -0.712793 0.061114 -0.698707  0.016443 0.993293 1 0 1.000000
0  -11.464412 -47.546139 78.101723  -0.382589 0.080434 -0.920411  0.016443 0.993293 1 0 1.000000
0  -11.464412 -47.812229 78.056625  -0.382584 0.080388 -0.920417  0.016443 0.993293 1 0 1.000000
aluminium
0  -11.838740 -47.834785 78.318207  -0.715277 0.060818 -0.696190  0.016443 0.993293 1 0 1.000000
0  -11.838740 -47.568695 78.318207  -0.712793 0.061114 -0.698707  0.016443 0.993293 1 0 1.000000
0  -11.464412 -47.812229 78.056625  -0.382584 0.080388 -0.920417  0.016443 0.993293 1 0 1.000000
aluminium
0  -11.780110 -47.879883 78.363304  0.000376 -0.996240 -0.086639  0.016443 0.993293 1 0 1.000000
0  -11.838740 -47.834785 78.318207  -0.715277 0.060818 -0.696190  0.016443 0.993293 1 0 1.000000
0  -11.464412 -47.812229 78.056625  -0.382584 0.080388 -0.920417  0.016443 0.993293 1 0 1.000000
aluminium
0  -11.464412 -47.812229 78.056625  -0.382584 0.080388 -0.920417  0.016443 0.993293 1 0 1.000000
0  -11.441860 -47.857334 78.101723  0.000191 -0.996247 -0.086561  0.016443 0.993293 1 0 1.000000
0  -11.780110 -47.879883 78.363304  0.000376 -0.996240 -0.086639  0.016443 0.993293 1 0 1.000000
aluminium
0  -11.441860 -47.857334 78.101723  0.000191 -0.996247 -0.086561  0.016443 0.993293 1 0 1.000000
0  -11.464412 -47.812229 78.056625  -0.382584 0.080388 -0.920417  0.016443 0.993293 1 0 1.000000
0  -11.031451 -47.812229 77.966423  0.000186 0.087081 -0.996201  0.016443 0.993293 1 0 1.000000
aluminium
0  -11.031451 -47.812229 77.966423  0.000186 0.087081 -0.996201  0.016443 0.993293 1 0 1.000000
0  -11.031451 -47.834785 78.011528  0.000027 -0.996243 -0.086601  0.016443 0.993293 1 0 1.000000
0  -11.441860 -47.857334 78.101723  0.000191 -0.996247 -0.086561  0.016443 0.993293 1 0 1.000000
aluminium
0  -10.625551 -47.857334 78.101723  -0.000177 -0.996248 -0.086546  0.016443 0.993293 1 0 1.000000
0  -11.031451 -47.834785 78.011528  0.000027 -0.996243 -0.086601  0.016443 0.993293 1 0 1.000000
0  -11.031451 -47.812229 77.966423  0.000186 0.087081 -0.996201  0.016443 0.993293 1 0 1.000000
aluminium
0  -11.031451 -47.812229 77.966423  0.000186 0.087081 -0.996201  0.016443 0.993293 1 0 1.000000
0  -10.598491 -47.812229 78.056625  0.382625 0.080371 -0.920401  0.016443 0.993293 1 0 1.000000
0  -10.625551 -47.857334 78.101723  -0.000177 -0.996248 -0.086546  0.016443 0.993293 1 0 1.000000
aluminium
0  -10.598491 -47.546139 78.101723  0.382585 0.080451 -0.920411  0.016443 0.993293 1 0 1.000000
0  -10.598491 -47.812229 78.056625  0.382625 0.080371 -0.920401  0.016443 0.993293 1 0 1.000000
0  -11.031451 -47.812229 77.966423  0.000186 0.087081 -0.996201  0.016443 0.993293 1 0 1.000000
aluminium
0  -10.598491 -47.812229 78.056625  0.382625 0.080371 -0.920401  0.016443 0.993293 1 0 1.000000
0  -10.598491 -47.546139 78.101723  0.382585 0.080451 -0.920411  0.016443 0.993293 1 0 1.000000
0  -10.233181 -47.568695 78.318207  0.707011 0.061498 -0.704524  0.016443 0.993293 1 0 1.000000
aluminium
0  -11.031451 -47.834785 78.011528  0.000027 -0.996243 -0.086601  0.016443 0.993293 1 0 1.000000
0  -11.031451 -47.703995 78.101723  0.000031 -0.087060 0.996203  0.016443 0.993293 1 0 1.000000
0  -11.419311 -47.703995 78.187416  0.382606 -0.080417 0.920405  0.016443 0.993293 1 0 1.000000
aluminium
0  -11.419311 -47.703995 78.187416  0.382606 -0.080417 0.920405  0.016443 0.993293 1 0 1.000000
0  -11.441860 -47.857334 78.101723  0.000191 -0.996247 -0.086561  0.016443 0.993293 1 0 1.000000
0  -11.031451 -47.834785 78.011528  0.000027 -0.996243 -0.086601  0.016443 0.993293 1 0 1.000000
aluminium
0  -11.441860 -47.857334 78.101723  0.000191 -0.996247 -0.086561  0.016443 0.993293 1 0 1.000000
0  -11.419311 -47.703995 78.187416  0.382606 -0.080417 0.920405  0.016443 0.993293 1 0 1.000000
0  -11.748540 -47.726543 78.408409  0.707020 -0.061888 0.704480  0.016443 0.993293 1 0 1.000000
aluminium
0  -11.748540 -47.726543 78.408409  0.707020 -0.061888 0.704480  0.016443 0.993293 1 0 1.000000
0  -11.780110 -47.879883 78.363304  0.000376 -0.996240 -0.086639  0.016443 0.993293 1 0 1.000000
0  -11.441860 -47.857334 78.101723  0.000191 -0.996247 -0.086561  0.016443 0.993293 1 0 1.000000
aluminium
0  -12.014631 -47.902431 78.669991  0.000478 -0.996220 -0.086870  0.016443 0.993293 1 0 1.000000
0  -11.780110 -47.879883 78.363304  0.000376 -0.996240 -0.086639  0.016443 0.993293 1 0 1.000000
0  -11.748540 -47.726543 78.408409  0.707020 -0.061888 0.704480  0.016443 0.993293 1 0 1.000000
aluminium
0  -11.748540 -47.726543 78.408409  0.707020 -0.061888 0.704480  0.016443 0.993293 1 0 1.000000
0  -11.955999 -47.767128 78.715088  0.923837 -0.033316 0.381334  0.016443 0.993293 1 0 1.000000
0  -12.014631 -47.902431 78.669991  0.000478 -0.996220 -0.086870  0.016443 0.993293 1 0 1.000000
aluminium
0  -12.100320 -47.943020 79.111969  0.000467 -0.996208 -0.087005  0.016443 0.993293 1 0 1.000000
0  -12.014631 -47.902431 78.669991  0.000478 -0.996220 -0.086870  0.016443 0.993293 1 0 1.000000
0  -11.955999 -47.767128 78.715088  0.923837 -0.033316 0.381334  0.016443 0.993293 1 0 1.000000
aluminium
0  -11.955999 -47.767128 78.715088  0.923837 -0.033316 0.381334  0.016443 0.993293 1 0 1.000000
0  -12.032672 -47.789684 79.111969  1.000000 -0.000414 -0.000016  0.016443 0.993293 1 0 1.000000
0  -12.100320 -47.943020 79.111969  0.000467 -0.996208 -0.087005  0.016443 0.993293 1 0 1.000000
aluminium
0  -12.100320 -47.943020 79.111969  0.000467 -0.996208 -0.087005  0.016443 0.993293 1 0 1.000000
0  -12.032672 -47.789684 79.111969  1.000000 -0.000414 -0.000016  0.016443 0.993293 1 0 1.000000
0  -11.955999 -47.834785 79.508850  0.923826 0.032935 -0.381393  0.016443 0.993293 1 0 1.000000
aluminium
0  -11.955999 -47.834785 79.508850  0.923826 0.032935 -0.381393  0.016443 0.993293 1 0 1.000000
0  -12.014631 -47.965569 79.508850  0.000488 -0.996199 -0.087106  0.016443 0.993293 1 0 1.000000
0  -12.100320 -47.943020 79.111969  0.000467 -0.996208 -0.087005  0.016443 0.993293 1 0 1.000000
aluminium
0  -12.014631 -47.965569 79.508850  0.000488 -0.996199 -0.087106  0.016443 0.993293 1 0 1.000000
0  -11.955999 -47.834785 79.508850  0.923826 0.032935 -0.381393  0.016443 0.993293 1 0 1.000000
0  -11.748540 -47.857334 79.815521  0.706999 0.061105 -0.704570  0.016443 0.993293 1 0 1.000000
aluminium
0  -11.748540 -47.857334 79.815521  0.706999 0.061105 -0.704570  0.016443 0.993293 1 0 1.000000
0  -11.780110 -48.010674 79.860626  0.000323 -0.996179 -0.087336  0.016443 0.993293 1 0 1.000000
0  -12.014631 -47.965569 79.508850  0.000488 -0.996199 -0.087106  0.016443 0.993293 1 0 1.000000
aluminium
0  -11.441860 -48.033226 80.081619  0.000222 -0.996166 -0.087483  0.016443 0.993293 1 0 1.000000
0  -11.780110 -48.010674 79.860626  0.000323 -0.996179 -0.087336  0.016443 0.993293 1 0 1.000000
0  -11.748540 -47.857334 79.815521  0.706999 0.061105 -0.704570  0.016443 0.993293 1 0 1.000000
aluminium
0  -11.838740 -47.988125 79.905731  -0.716737 -0.060704 0.694697  0.016443 0.993293 1 0 1.000000
0  -11.780110 -48.010674 79.860626  0.000323 -0.996179 -0.087336  0.016443 0.993293 1 0 1.000000
0  -11.441860 -48.033226 80.081619  0.000222 -0.996166 -0.087483  0.016443 0.993293 1 0 1.000000
aluminium
0  -11.441860 -48.033226 80.081619  0.000222 -0.996166 -0.087483  0.016443 0.993293 1 0 1.000000
0  -11.464412 -48.010674 80.126717  -0.382654 -0.080389 0.920388  0.016443 0.993293 1 0 1.000000
0  -11.838740 -47.988125 79.905731  -0.716737 -0.060704 0.694697  0.016443 0.993293 1 0 1.000000
aluminium
0  -11.464412 -48.010674 80.126717  -0.382654 -0.080389 0.920388  0.016443 0.993293 1 0 1.000000
0  -11.441860 -48.033226 80.081619  0.000222 -0.996166 -0.087483  0.016443 0.993293 1 0 1.000000
0  -11.031451 -48.033226 80.171814  -0.000023 -0.996172 -0.087412  0.016443 0.993293 1 0 1.000000
aluminium
0  -11.031451 -48.033226 80.171814  -0.000023 -0.996172 -0.087412  0.016443 0.993293 1 0 1.000000
0  -11.031451 -48.010674 80.212402  -0.000028 -0.086976 0.996210  0.016443 0.993293 1 0 1.000000
0  -11.464412 -48.010674 80.126717  -0.382654 -0.080389 0.920388  0.016443 0.993293 1 0 1.000000
aluminium
0  -11.780110 -48.010674 79.860626  0.000323 -0.996179 -0.087336  0.016443 0.993293 1 0 1.000000
0  -11.838740 -47.988125 79.905731  -0.716737 -0.060704 0.694697  0.016443 0.993293 1 0 1.000000
0  -12.077771 -47.943020 79.508850  -0.931520 -0.031716 0.362305  0.016443 0.993293 1 0 1.000000
aluminium
0  -12.077771 -47.943020 79.508850  -0.931520 -0.031716 0.362305  0.016443 0.993293 1 0 1.000000
0  -12.014631 -47.965569 79.508850  0.000488 -0.996199 -0.087106  0.016443 0.993293 1 0 1.000000
0  -11.780110 -48.010674 79.860626  0.000323 -0.996179 -0.087336  0.016443 0.993293 1 0 1.000000
aluminium
0  -12.014631 -47.965569 79.508850  0.000488 -0.996199 -0.087106  0.016443 0.993293 1 0 1.000000
0  -12.077771 -47.943020 79.508850  -0.931520 -0.031716 0.362305  0.016443 0.993293 1 0 1.000000
0  -12.167972 -47.920471 79.111969  -1.000000 0.000127 -0.000776  0.016443 0.993293 1 0 1.000000
aluminium
0  -12.167972 -47.920471 79.111969  -1.000000 0.000127 -0.000776  0.016443 0.993293 1 0 1.000000
0  -12.100320 -47.943020 79.111969  0.000467 -0.996208 -0.087005  0.016443 0.993293 1 0 1.000000
0  -12.014631 -47.965569 79.508850  0.000488 -0.996199 -0.087106  0.016443 0.993293 1 0 1.000000
aluminium
0  -12.100320 -47.943020 79.111969  0.000467 -0.996208 -0.087005  0.016443 0.993293 1 0 1.000000
0  -12.167972 -47.920471 79.111969  -1.000000 0.000127 -0.000776  0.016443 0.993293 1 0 1.000000
0  -12.077771 -47.879883 78.669991  -0.932409 0.031531 -0.360027  0.016443 0.993293 1 0 1.000000
aluminium
0  -12.077771 -47.879883 78.669991  -0.932409 0.031531 -0.360027  0.016443 0.993293 1 0 1.000000
0  -12.014631 -47.902431 78.669991  0.000478 -0.996220 -0.086870  0.016443 0.993293 1 0 1.000000
0  -12.100320 -47.943020 79.111969  0.000467 -0.996208 -0.087005  0.016443 0.993293 1 0 1.000000
aluminium
0  -11.748540 -47.857334 79.815521  0.706999 0.061105 -0.704570  0.016443 0.993293 1 0 1.000000
0  -11.419311 -47.879883 80.036514  0.382597 0.079992 -0.920446  0.016443 0.993293 1 0 1.000000
0  -11.441860 -48.033226 80.081619  0.000222 -0.996166 -0.087483  0.016443 0.993293 1 0 1.000000
aluminium
0  -11.031451 -48.033226 80.171814  -0.000023 -0.996172 -0.087412  0.016443 0.993293 1 0 1.000000
0  -11.441860 -48.033226 80.081619  0.000222 -0.996166 -0.087483  0.016443 0.993293 1 0 1.000000
0  -11.419311 -47.879883 80.036514  0.382597 0.079992 -0.920446  0.016443 0.993293 1 0 1.000000
aluminium
0  -11.419311 -47.879883 80.036514  0.382597 0.079992 -0.920446  0.016443 0.993293 1 0 1.000000
0  -11.031451 -47.879883 80.126717  -0.000025 0.086624 -0.996241  0.016443 0.993293 1 0 1.000000
0  -11.031451 -48.033226 80.171814  -0.000023 -0.996172 -0.087412  0.016443 0.993293 1 0 1.000000
aluminium
0  -11.031451 -48.033226 80.171814  -0.000023 -0.996172 -0.087412  0.016443 0.993293 1 0 1.000000
0  -11.031451 -47.879883 80.126717  -0.000025 0.086624 -0.996241  0.016443 0.993293 1 0 1.000000
0  -10.648101 -47.879883 80.036514  -0.382616 0.080031 -0.920435  0.016443 0.993293 1 0 1.000000
aluminium
0  -11.838740 -47.834785 78.318207  -0.715277 0.060818 -0.696190  0.016443 0.993293 1 0 1.000000
0  -11.780110 -47.879883 78.363304  0.000376 -0.996240 -0.086639  0.016443 0.993293 1 0 1.000000
0  -12.014631 -47.902431 78.669991  0.000478 -0.996220 -0.086870  0.016443 0.993293 1 0 1.000000
aluminium
0  -12.014631 -47.902431 78.669991  0.000478 -0.996220 -0.086870  0.016443 0.993293 1 0 1.000000
0  -12.077771 -47.879883 78.669991  -0.932409 0.031531 -0.360027  0.016443 0.993293 1 0 1.000000
0  -11.838740 -47.834785 78.318207  -0.715277 0.060818 -0.696190  0.016443 0.993293 1 0 1.000000
aluminium
0  -11.838740 -47.568695 78.318207  -0.712793 0.061114 -0.698707  0.016443 0.993293 1 0 1.000000
0  -11.838740 -47.834785 78.318207  -0.715277 0.060818 -0.696190  0.016443 0.993293 1 0 1.000000
0  -12.077771 -47.879883 78.669991  -0.932409 0.031531 -0.360027  0.016443 0.993293 1 0 1.000000
aluminium
0  -12.077771 -47.879883 78.669991  -0.932409 0.031531 -0.360027  0.016443 0.993293 1 0 1.000000
0  -12.077771 -47.505554 78.715088  -0.940216 0.029598 -0.339289  0.016443 0.993293 1 0 1.000000
0  -11.838740 -47.568695 78.318207  -0.712793 0.061114 -0.698707  0.016443 0.993293 1 0 1.000000
aluminium
0  -12.077771 -47.505554 78.715088  -0.940216 0.029598 -0.339289  0.016443 0.993293 1 0 1.000000
0  -12.077771 -47.879883 78.669991  -0.932409 0.031531 -0.360027  0.016443 0.993293 1 0 1.000000
0  -12.167972 -47.920471 79.111969  -1.000000 0.000127 -0.000776  0.016443 0.993293 1 0 1.000000
aluminium
0  -12.167972 -47.920471 79.111969  -1.000000 0.000127 -0.000776  0.016443 0.993293 1 0 1.000000
0  -12.167972 -47.505554 79.111969  -0.999999 0.000098 -0.001391  0.016443 0.993293 1 0 1.000000
0  -12.077771 -47.505554 78.715088  -0.940216 0.029598 -0.339289  0.016443 0.993293 1 0 1.000000
aluminium
0  -12.077771 -47.591248 79.553947  -0.937960 -0.030211 0.345426  0.016443 0.993293 1 0 1.000000
0  -12.167972 -47.505554 79.111969  -0.999999 0.000098 -0.001391  0.016443 0.993293 1 0 1.000000
0  -12.167972 -47.920471 79.111969  -1.000000 0.000127 -0.000776  0.016443 0.993293 1 0 1.000000
aluminium
0  -12.077771 -47.943020 79.508850  -0.931520 -0.031716 0.362305  0.016443 0.993293 1 0 1.000000
0  -12.077771 -47.591248 79.553947  -0.937960 -0.030211 0.345426  0.016443 0.993293 1 0 1.000000
0  -12.167972 -47.920471 79.111969  -1.000000 0.000127 -0.000776  0.016443 0.993293 1 0 1.000000
aluminium
0  -11.838740 -47.703995 79.905731  -0.716212 -0.060797 0.695230  0.016443 0.993293 1 0 1.000000
0  -12.077771 -47.591248 79.553947  -0.937960 -0.030211 0.345426  0.016443 0.993293 1 0 1.000000
0  -12.077771 -47.943020 79.508850  -0.931520 -0.031716 0.362305  0.016443 0.993293 1 0 1.000000
aluminium
0  -11.838740 -47.988125 79.905731  -0.716737 -0.060704 0.694697  0.016443 0.993293 1 0 1.000000
0  -11.838740 -47.703995 79.905731  -0.716212 -0.060797 0.695230  0.016443 0.993293 1 0 1.000000
0  -12.077771 -47.943020 79.508850  -0.931520 -0.031716 0.362305  0.016443 0.993293 1 0 1.000000
aluminium
0  -11.464412 -47.726543 80.171814  -0.382621 -0.080404 0.920400  0.016443 0.993293 1 0 1.000000
0  -11.838740 -47.703995 79.905731  -0.716212 -0.060797 0.695230  0.016443 0.993293 1 0 1.000000
0  -11.838740 -47.988125 79.905731  -0.716737 -0.060704 0.694697  0.016443 0.993293 1 0 1.000000
aluminium
0  -11.464412 -48.010674 80.126717  -0.382654 -0.080389 0.920388  0.016443 0.993293 1 0 1.000000
0  -11.464412 -47.726543 80.171814  -0.382621 -0.080404 0.920400  0.016443 0.993293 1 0 1.000000
0  -11.838740 -47.988125 79.905731  -0.716737 -0.060704 0.694697  0.016443 0.993293 1 0 1.000000
aluminium
0  -11.031451 -47.726543 80.257507  -0.000004 -0.087003 0.996208  0.016443 0.993293 1 0 1.000000
0  -11.464412 -47.726543 80.171814  -0.382621 -0.080404 0.920400  0.016443 0.993293 1 0 1.000000
0  -11.464412 -48.010674 80.126717  -0.382654 -0.080389 0.920388  0.016443 0.993293 1 0 1.000000
aluminium
0  -11.031451 -48.010674 80.212402  -0.000028 -0.086976 0.996210  0.016443 0.993293 1 0 1.000000
0  -11.031451 -47.726543 80.257507  -0.000004 -0.087003 0.996208  0.016443 0.993293 1 0 1.000000
0  -11.464412 -48.010674 80.126717  -0.382654 -0.080389 0.920388  0.016443 0.993293 1 0 1.000000
aluminium
0  -11.031451 -47.726543 80.257507  -0.000004 -0.087003 0.996208  0.016443 0.993293 1 0 1.000000
0  -11.031451 -48.010674 80.212402  -0.000028 -0.086976 0.996210  0.016443 0.993293 1 0 1.000000
0  -10.598491 -48.010674 80.126717  0.382650 -0.080381 0.920390  0.016443 0.993293 1 0 1.000000
aluminium
0  -11.031451 -48.010674 80.212402  -0.000028 -0.086976 0.996210  0.016443 0.993293 1 0 1.000000
0  -11.031451 -48.033226 80.171814  -0.000023 -0.996172 -0.087412  0.016443 0.993293 1 0 1.000000
0  -10.598491 -48.010674 80.126717  0.382650 -0.080381 0.920390  0.016443 0.993293 1 0 1.000000
aluminium
0  -11.031451 -48.033226 80.171814  -0.000023 -0.996172 -0.087412  0.016443 0.993293 1 0 1.000000
0  -10.625551 -48.033226 80.081619  -0.000266 -0.996168 -0.087460  0.016443 0.993293 1 0 1.000000
0  -10.598491 -48.010674 80.126717  0.382650 -0.080381 0.920390  0.016443 0.993293 1 0 1.000000
aluminium
0  -10.648101 -47.879883 80.036514  -0.382616 0.080031 -0.920435  0.016443 0.993293 1 0 1.000000
0  -10.625551 -48.033226 80.081619  -0.000266 -0.996168 -0.087460  0.016443 0.993293 1 0 1.000000
0  -11.031451 -48.033226 80.171814  -0.000023 -0.996172 -0.087412  0.016443 0.993293 1 0 1.000000
aluminium
0  -10.476722 -44.519932 83.649025  0.091210 0.417790 -0.903954  0.016443 0.993293 1 0 1.000000
0  -10.603001 -44.718372 83.518234  0.087093 0.419497 -0.903569  0.016443 0.993293 1 0 1.000000
0  -11.351661 -44.718372 83.473137  0.087275 0.418820 -0.903865  0.016443 0.993293 1 0 1.000000
aluminium
0  -11.351661 -44.718372 83.473137  0.087275 0.418820 -0.903865  0.016443 0.993293 1 0 1.000000
0  -11.505000 -44.519932 83.518234  0.091307 0.417809 -0.903935  0.016443 0.993293 1 0 1.000000
0  -10.476722 -44.519932 83.649025  0.091210 0.417790 -0.903954  0.016443 0.993293 1 0 1.000000
aluminium
0  -10.503781 -43.870495 83.915115  0.091795 0.417203 -0.904165  0.016443 0.993293 1 0 1.000000
0  -10.476722 -44.519932 83.649025  0.091210 0.417790 -0.903954  0.016443 0.993293 1 0 1.000000
0  -11.505000 -44.519932 83.518234  0.091307 0.417809 -0.903935  0.016443 0.993293 1 0 1.000000
aluminium
0  -11.505000 -44.519932 83.518234  0.091307 0.417809 -0.903935  0.016443 0.993293 1 0 1.000000
0  -11.541080 -43.762257 83.870018  0.091791 0.417194 -0.904170  0.016443 0.993293 1 0 1.000000
0  -10.503781 -43.870495 83.915115  0.091795 0.417203 -0.904165  0.016443 0.993293 1 0 1.000000
aluminium
0  -4.639381 -10.716334 51.005787  0.809211 0.587507 -0.003756  0.016443 0.993293 1 0 1.000000
0  -4.648401 -10.702805 51.907791  0.809205 0.587516 -0.003522  0.016443 0.993293 1 0 1.000000
0  -4.562712 -10.811045 52.020538  0.809632 0.586930 -0.002902  0.016443 0.993293 1 0 1.000000
aluminium
0  -4.639381 -10.716334 51.005787  0.809211 0.587507 -0.003756  0.016443 0.993293 1 0 1.000000
0  -4.562712 -10.811045 52.020538  0.809632 0.586930 -0.002902  0.016443 0.993293 1 0 1.000000
0  -4.486041 -10.919285 51.975437  0.809626 0.586937 -0.003292  0.016443 0.993293 1 0 1.000000
aluminium
0  -4.486041 -10.919285 51.975437  0.809627 0.586936 -0.003292  0.016443 0.993293 1 0 1.000000
0  -4.499571 -10.910264 51.005787  0.809661 0.586888 -0.003439  0.016443 0.993293 1 0 1.000000
0  -4.639381 -10.716334 51.005787  0.809248 0.587455 -0.003796  0.016443 0.993293 1 0 1.000000
aluminium
0  -11.428331 -41.281754 79.423157  0.499973 -0.075393 0.862753  0.016443 0.993293 1 0 1.000000
0  -11.428331 -40.785656 79.463745  0.499963 -0.075370 0.862761  0.016443 0.993293 1 0 1.000000
0  -11.802660 -41.281754 79.423157  -0.499936 -0.075376 0.862776  0.016443 0.993293 1 0 1.000000
aluminium
0  -11.428331 -40.785656 79.463745  0.499963 -0.075370 0.862761  0.016443 0.993293 1 0 1.000000
0  -11.428331 -41.281754 79.423157  0.499973 -0.075393 0.862753  0.016443 0.993293 1 0 1.000000
0  -11.234402 -41.259205 79.111969  1.000000 0.000014 -0.000014  0.016443 0.993293 1 0 1.000000
aluminium
0  -11.234402 -41.259205 79.111969  1.000000 0.000014 -0.000014  0.016443 0.993293 1 0 1.000000
0  -11.234403 -40.754086 79.157066  1.000000 -0.000004 0.000001  0.016443 0.993293 1 0 1.000000
0  -11.428331 -40.785656 79.463745  0.499963 -0.075370 0.862761  0.016443 0.993293 1 0 1.000000
aluminium
0  -11.234403 -40.754086 79.157066  1.000000 -0.000004 0.000001  0.016443 0.993293 1 0 1.000000
0  -11.234402 -41.259205 79.111969  1.000000 0.000014 -0.000014  0.016443 0.993293 1 0 1.000000
0  -11.428331 -41.227634 78.805290  0.499950 0.075403 -0.862766  0.016443 0.993293 1 0 1.000000
aluminium
0  -11.428331 -41.227634 78.805290  0.499950 0.075403 -0.862766  0.016443 0.993293 1 0 1.000000
0  -11.428332 -40.731533 78.850388  0.499967 0.075434 -0.862753  0.016443 0.993293 1 0 1.000000
0  -11.234403 -40.754086 79.157066  1.000000 -0.000004 0.000001  0.016443 0.993293 1 0 1.000000
aluminium
0  -11.802661 -40.731533 78.850388  -0.499972 0.075409 -0.862752  0.016443 0.993293 1 0 1.000000
0  -11.428332 -40.731533 78.850388  0.499967 0.075434 -0.862753  0.016443 0.993293 1 0 1.000000
0  -11.428331 -41.227634 78.805290  0.499950 0.075403 -0.862766  0.016443 0.993293 1 0 1.000000
aluminium
0  -11.748541 -39.919731 78.981178  -0.487517 0.294843 -0.821824  0.016443 0.993293 1 0 1.000000
0  -11.428332 -40.731533 78.850388  0.499967 0.075434 -0.862753  0.016443 0.993293 1 0 1.000000
0  -11.802661 -40.731533 78.850388  -0.499972 0.075409 -0.862752  0.016443 0.993293 1 0 1.000000
aluminium
0  -11.748541 -39.919731 78.981178  -0.487517 0.294843 -0.821824  0.016443 0.993293 1 0 1.000000
0  -11.802661 -40.731533 78.850388  -0.499972 0.075409 -0.862752  0.016443 0.993293 1 0 1.000000
0  -11.992082 -40.754086 79.157066  -1.000000 0.000031 -0.000011  0.016443 0.993293 1 0 1.000000
aluminium
0  -11.992082 -40.754086 79.157066  -1.000000 0.000031 -0.000011  0.016443 0.993293 1 0 1.000000
0  -11.879332 -39.937775 79.242760  -0.974969 0.221496 0.019377  0.016443 0.993293 1 0 1.000000
0  -11.748541 -39.919731 78.981178  -0.487517 0.294843 -0.821824  0.016443 0.993293 1 0 1.000000
aluminium
0  -11.748541 -39.960323 79.463745  -0.487631 0.147760 0.860455  0.016443 0.993293 1 0 1.000000
0  -11.879332 -39.937775 79.242760  -0.974969 0.221496 0.019377  0.016443 0.993293 1 0 1.000000
0  -11.992082 -40.754086 79.157066  -1.000000 0.000031 -0.000011  0.016443 0.993293 1 0 1.000000
aluminium
0  -11.992082 -40.754086 79.157066  -1.000000 0.000031 -0.000011  0.016443 0.993293 1 0 1.000000
0  -11.802660 -40.785656 79.463745  -0.499968 -0.075370 0.862758  0.016443 0.993293 1 0 1.000000
0  -11.748541 -39.960323 79.463745  -0.487631 0.147760 0.860455  0.016443 0.993293 1 0 1.000000
aluminium
0  -11.748541 -39.960323 79.463745  -0.487631 0.147760 0.860455  0.016443 0.993293 1 0 1.000000
0  -11.802660 -40.785656 79.463745  -0.499968 -0.075370 0.862758  0.016443 0.993293 1 0 1.000000
0  -11.428331 -40.785656 79.463745  0.499963 -0.075370 0.862761  0.016443 0.993293 1 0 1.000000
aluminium
0  -11.428331 -40.785656 79.463745  0.499963 -0.075370 0.862761  0.016443 0.993293 1 0 1.000000
0  -11.802660 -40.785656 79.463745  -0.499968 -0.075370 0.862758  0.016443 0.993293 1 0 1.000000
0  -11.802660 -41.281754 79.423157  -0.499936 -0.075376 0.862776  0.016443 0.993293 1 0 1.000000
aluminium
0  -11.992081 -41.259205 79.111969  -1.000000 -0.000021 0.000040  0.016443 0.993293 1 0 1.000000
0  -11.802660 -41.281754 79.423157  -0.499936 -0.075376 0.862776  0.016443 0.993293 1 0 1.000000
0  -11.802660 -40.785656 79.463745  -0.499968 -0.075370 0.862758  0.016443 0.993293 1 0 1.000000
aluminium
0  -11.802660 -40.785656 79.463745  -0.499968 -0.075370 0.862758  0.016443 0.993293 1 0 1.000000
0  -11.992082 -40.754086 79.157066  -1.000000 0.000031 -0.000011  0.016443 0.993293 1 0 1.000000
0  -11.992081 -41.259205 79.111969  -1.000000 -0.000021 0.000040  0.016443 0.993293 1 0 1.000000
aluminium
0  -11.992081 -41.259205 79.111969  -1.000000 -0.000021 0.000040  0.016443 0.993293 1 0 1.000000
0  -11.992082 -40.754086 79.157066  -1.000000 0.000031 -0.000011  0.016443 0.993293 1 0 1.000000
0  -11.802661 -40.731533 78.850388  -0.499972 0.075409 -0.862752  0.016443 0.993293 1 0 1.000000
aluminium
0  -11.802661 -40.731533 78.850388  -0.499972 0.075409 -0.862752  0.016443 0.993293 1 0 1.000000
0  -11.802660 -41.227634 78.805290  -0.499980 0.075396 -0.862749  0.016443 0.993293 1 0 1.000000
0  -11.992081 -41.259205 79.111969  -1.000000 -0.000021 0.000040  0.016443 0.993293 1 0 1.000000
aluminium
0  -11.802660 -41.227634 78.805290  -0.499980 0.075396 -0.862749  0.016443 0.993293 1 0 1.000000
0  -11.802661 -40.731533 78.850388  -0.499972 0.075409 -0.862752  0.016443 0.993293 1 0 1.000000
0  -11.428331 -41.227634 78.805290  0.499950 0.075403 -0.862766  0.016443 0.993293 1 0 1.000000
aluminium
0  -11.748541 -39.919731 78.981178  -0.487517 0.294843 -0.821824  0.016443 0.993293 1 0 1.000000
0  -11.482452 -39.919731 78.981178  0.487512 0.294867 -0.821819  0.016443 0.993293 1 0 1.000000
0  -11.428332 -40.731533 78.850388  0.499967 0.075434 -0.862753  0.016443 0.993293 1 0 1.000000
aluminium
0  -11.482452 -39.919731 78.981178  0.487512 0.294867 -0.821819  0.016443 0.993293 1 0 1.000000
0  -11.234403 -40.754086 79.157066  1.000000 -0.000004 0.000001  0.016443 0.993293 1 0 1.000000
0  -11.428332 -40.731533 78.850388  0.499967 0.075434 -0.862753  0.016443 0.993293 1 0 1.000000
aluminium
0  -11.482452 -39.919731 78.981178  0.487512 0.294867 -0.821819  0.016443 0.993293 1 0 1.000000
0  -11.351662 -39.937775 79.242760  0.974979 0.221460 0.019279  0.016443 0.993293 1 0 1.000000
0  -11.234403 -40.754086 79.157066  1.000000 -0.000004 0.000001  0.016443 0.993293 1 0 1.000000
aluminium
0  -11.234403 -40.754086 79.157066  1.000000 -0.000004 0.000001  0.016443 0.993293 1 0 1.000000
0  -11.351662 -39.937775 79.242760  0.974979 0.221460 0.019279  0.016443 0.993293 1 0 1.000000
0  -11.482452 -39.960323 79.463745  0.487617 0.147994 0.860423  0.016443 0.993293 1 0 1.000000
aluminium
0  -11.482452 -39.960323 79.463745  0.487617 0.147994 0.860423  0.016443 0.993293 1 0 1.000000
0  -11.428331 -40.785656 79.463745  0.499963 -0.075370 0.862761  0.016443 0.993293 1 0 1.000000
0  -11.234403 -40.754086 79.157066  1.000000 -0.000004 0.000001  0.016443 0.993293 1 0 1.000000
aluminium
0  -11.428331 -40.785656 79.463745  0.499963 -0.075370 0.862761  0.016443 0.993293 1 0 1.000000
0  -11.482452 -39.960323 79.463745  0.487617 0.147994 0.860423  0.016443 0.993293 1 0 1.000000
0  -11.748541 -39.960323 79.463745  -0.487631 0.147760 0.860455  0.016443 0.993293 1 0 1.000000
aluminium
0  -10.503781 -43.870495 83.915115  0.789448 -0.142700 -0.596999  0.016443 0.993293 1 0 1.000000
0  -9.795712 -41.218613 84.221786  0.778669 -0.146579 -0.610073  0.016443 0.993293 1 0 1.000000
0  -9.732571 -42.936924 85.015549  0.751817 -0.155458 -0.640784  0.016443 0.993293 1 0 1.000000
aluminium
0  10.861489 -2.296163 42.725430  -0.008294 0.250810 0.968001  0.016443 0.993293 1 0 1.000000
0  10.852469 -2.305183 45.345737  -0.000676 -0.958018 0.286707  0.016443 0.993293 1 0 1.000000
0  1.268718 -2.336754 45.237495  -0.000685 -0.958025 0.286685  0.016443 0.993293 1 0 1.000000
aluminium
0  1.268718 -2.336754 45.237495  -0.000685 -0.958025 0.286685  0.016443 0.993293 1 0 1.000000
0  1.246168 -2.323224 42.617188  -0.008262 0.250943 0.967967  0.016443 0.993293 1 0 1.000000
0  10.861489 -2.296163 42.725430  -0.008294 0.250810 0.968001  0.016443 0.993293 1 0 1.000000
aluminium
0  10.847960 -7.478153 42.540520  -0.007803 0.250761 0.968018  0.016443 0.993293 1 0 1.000000
0  10.861489 -2.296163 42.725430  -0.008294 0.250810 0.968001  0.016443 0.993293 1 0 1.000000
0  1.246168 -2.323224 42.617188  -0.008262 0.250943 0.967967  0.016443 0.993293 1 0 1.000000
aluminium
0  10.847960 -7.478153 42.540520  -0.007803 0.250761 0.968018  0.016443 0.993293 1 0 1.000000
0  10.865998 -7.405993 45.147293  -0.998980 -0.042769 0.014490  0.016443 0.993293 1 0 1.000000
0  10.861489 -2.296163 42.725430  -0.008294 0.250810 0.968001  0.016443 0.993293 1 0 1.000000
aluminium
0  10.852469 -2.305183 45.345737  -0.998979 -0.042788 0.014496  0.016443 0.993293 1 0 1.000000
0  10.861489 -2.296163 42.725430  -0.008294 0.250810 0.968001  0.016443 0.993293 1 0 1.000000
0  10.865998 -7.405993 45.147293  -0.998980 -0.042769 0.014490  0.016443 0.993293 1 0 1.000000
aluminium
0  1.282249 -7.433054 45.039055  0.003083 0.968166 -0.250289  0.016443 0.993293 1 0 1.000000
0  10.865998 -7.405993 45.147293  0.003072 0.968175 -0.250257  0.016443 0.993293 1 0 1.000000
0  10.847960 -7.478153 42.540520  -0.007803 0.250761 0.968018  0.016443 0.993293 1 0 1.000000
aluminium
0  1.264208 -7.505214 42.441299  -0.008601 0.250738 0.968017  0.016443 0.993293 1 0 1.000000
0  1.282249 -7.433054 45.039055  0.003083 0.968166 -0.250289  0.016443 0.993293 1 0 1.000000
0  10.847960 -7.478153 42.540520  -0.007803 0.250761 0.968018  0.016443 0.993293 1 0 1.000000
aluminium
0  1.246168 -2.323224 42.617188  -0.008262 0.250943 0.967967  0.016443 0.993293 1 0 1.000000
0  1.264208 -7.505214 42.441299  -0.008601 0.250738 0.968017  0.016443 0.993293 1 0 1.000000
0  10.847960 -7.478153 42.540520  -0.007803 0.250761 0.968018  0.016443 0.993293 1 0 1.000000
aluminium
0  1.282249 -7.433054 45.039055  0.999502 0.029758 -0.010496  0.016443 0.993293 1 0 1.000000
0  1.264208 -7.505214 42.441299  -0.008601 0.250738 0.968017  0.016443 0.993293 1 0 1.000000
0  1.246168 -2.323224 42.617188  -0.008262 0.250943 0.967967  0.016443 0.993293 1 0 1.000000
aluminium
0  1.246168 -2.323224 42.617188  -0.008255 0.250944 0.967966  0.016443 0.993293 1 0 1.000000
0  1.268718 -2.336754 45.237495  0.999500 0.029810 -0.010500  0.016443 0.993293 1 0 1.000000
0  1.282249 -7.433054 45.039055  0.999502 0.029762 -0.010500  0.016443 0.993293 1 0 1.000000
aluminium
0  10.234599 -9.164893 44.840614  0.920901 0.130203 0.367407  0.016443 0.993293 1 0 1.000000
0  9.846740 -9.052143 45.832817  -0.004456 0.276445 0.961020  0.016443 0.993293 1 0 1.000000
0  9.941450 -11.379303 46.405586  -0.004230 0.277208 0.960800  0.016443 0.993293 1 0 1.000000
aluminium
0  9.941450 -11.379303 46.405586  -0.004135 0.277120 0.960826  0.016443 0.993293 1 0 1.000000
0  10.338330 -11.884424 45.544178  0.920915 0.130195 0.367376  0.016443 0.993293 1 0 1.000000
0  10.234599 -9.164893 44.840614  0.920896 0.130205 0.367419  0.016443 0.993293 1 0 1.000000
aluminium
0  2.342099 -11.347734 46.405586  -0.003945 0.277163 0.960815  0.016443 0.993293 1 0 1.000000
0  1.940709 -11.843835 45.544178  -0.003201 -0.860117 0.510087  0.016443 0.993293 1 0 1.000000
0  9.941450 -11.379303 46.405586  -0.004230 0.277208 0.960800  0.016443 0.993293 1 0 1.000000
aluminium
0  1.940709 -11.843835 45.544178  -0.003201 -0.860117 0.510087  0.016443 0.993293 1 0 1.000000
0  10.338330 -11.884424 45.544178  -0.003203 -0.860118 0.510085  0.016443 0.993293 1 0 1.000000
0  9.941450 -11.379303 46.405586  -0.004230 0.277208 0.960800  0.016443 0.993293 1 0 1.000000
aluminium
0  2.396218 -9.088224 45.742619  -0.003919 0.276544 0.960993  0.016443 0.993293 1 0 1.000000
0  1.999339 -9.200974 44.750416  -0.919427 0.132102 0.370408  0.016443 0.993293 1 0 1.000000
0  2.342099 -11.347734 46.405586  -0.003945 0.277163 0.960815  0.016443 0.993293 1 0 1.000000
aluminium
0  1.999339 -9.200974 44.750416  -0.919427 0.132102 0.370408  0.016443 0.993293 1 0 1.000000
0  1.940709 -11.843835 45.544178  -0.919437 0.132097 0.370387  0.016443 0.993293 1 0 1.000000
0  2.342099 -11.347734 46.405586  -0.003945 0.277163 0.960815  0.016443 0.993293 1 0 1.000000
aluminium
0  1.999339 -9.200974 44.750416  -0.003001 0.993366 -0.114957  0.016443 0.993293 1 0 1.000000
0  2.396218 -9.088224 45.742619  -0.003919 0.276544 0.960993  0.016443 0.993293 1 0 1.000000
0  10.234599 -9.164893 44.840614  -0.003003 0.993363 -0.114987  0.016443 0.993293 1 0 1.000000
aluminium
0  2.396218 -9.088224 45.742619  -0.003919 0.276544 0.960993  0.016443 0.993293 1 0 1.000000
0  9.846740 -9.052143 45.832817  -0.004456 0.276445 0.961020  0.016443 0.993293 1 0 1.000000
0  10.234599 -9.164893 44.840614  -0.003003 0.993363 -0.114987  0.016443 0.993293 1 0 1.000000
aluminium
0  12.255077 -1.935363 33.809158  -0.999139 -0.013804 -0.039128  0.016443 0.993293 1 0 1.000000
0  11.389159 -5.146482 49.332581  -0.999139 -0.013798 -0.039117  0.016443 0.993293 1 0 1.000000
0  11.348569 -2.287143 49.576115  -0.999140 -0.013802 -0.039090  0.016443 0.993293 1 0 1.000000
aluminium
0  11.389159 -5.146482 49.332581  -0.999139 -0.013798 -0.039117  0.016443 0.993293 1 0 1.000000
0  12.255077 -1.935363 33.809158  -0.999139 -0.013804 -0.039128  0.016443 0.993293 1 0 1.000000
0  12.304688 -4.794703 33.795624  -0.999139 -0.013811 -0.039110  0.016443 0.993293 1 0 1.000000
aluminium
0  11.574070 -5.349433 50.234577  0.091860 -0.091401 0.991568  0.016443 0.993293 1 0 1.000000
0  11.790549 -5.565913 50.013588  0.000443 -0.993439 0.114365  0.016443 0.993293 1 0 1.000000
0  11.799568 -5.119422 50.257126  0.096031 -0.083050 0.991908  0.016443 0.993293 1 0 1.000000
aluminium
0  11.790549 -5.565913 50.013588  0.000443 -0.993439 0.114365  0.016443 0.993293 1 0 1.000000
0  11.574070 -5.349433 50.234577  0.091860 -0.091401 0.991568  0.016443 0.993293 1 0 1.000000
0  0.601239 -5.353944 50.234577  -0.092452 -0.088946 0.991737  0.016443 0.993293 1 0 1.000000
aluminium
0  0.601239 -5.353944 50.234577  -0.092452 -0.088946 0.991737  0.016443 0.993293 1 0 1.000000
0  0.375739 -5.570424 50.013588  0.000384 -0.993431 0.114435  0.016443 0.993293 1 0 1.000000
0  11.790549 -5.565913 50.013588  0.000443 -0.993439 0.114365  0.016443 0.993293 1 0 1.000000
aluminium
0  0.375739 -5.570424 50.013588  0.000384 -0.993431 0.114435  0.016443 0.993293 1 0 1.000000
0  0.601239 -5.353944 50.234577  -0.092452 -0.088946 0.991737  0.016443 0.993293 1 0 1.000000
0  0.353189 -5.096873 50.257126  -0.096897 -0.079614 0.992105  0.016443 0.993293 1 0 1.000000
aluminium
0  0.353189 -5.096873 50.257126  -0.096897 -0.079614 0.992105  0.016443 0.993293 1 0 1.000000
0  0.127688 -5.313354 50.036137  -0.846595 -0.015203 0.532020  0.016443 0.993293 1 0 1.000000
0  0.375739 -5.570424 50.013588  0.000384 -0.993431 0.114435  0.016443 0.993293 1 0 1.000000
aluminium
0  11.777020 -1.984973 50.189480  -0.004033 0.975452 0.220177  0.016443 0.993293 1 0 1.000000
0  12.025068 -2.323223 50.166927  0.847412 -0.025708 0.530313  0.016443 0.993293 1 0 1.000000
0  12.025068 -2.273612 49.224339  0.845786 0.025069 -0.532933  0.016443 0.993293 1 0 1.000000
aluminium
0  12.025068 -2.273612 49.224339  0.845786 0.025069 -0.532933  0.016443 0.993293 1 0 1.000000
0  11.772510 -1.935363 49.242382  -0.003693 0.993657 -0.112395  0.016443 0.993293 1 0 1.000000
0  11.777020 -1.984973 50.189480  -0.004033 0.975452 0.220177  0.016443 0.993293 1 0 1.000000
aluminium
0  0.375738 -2.034584 50.166927  -0.003968 0.975440 0.220229  0.016443 0.993293 1 0 1.000000
0  11.777020 -1.984973 50.189480  -0.004033 0.975452 0.220177  0.016443 0.993293 1 0 1.000000
0  11.772510 -1.935363 49.242382  -0.003693 0.993657 -0.112395  0.016443 0.993293 1 0 1.000000
aluminium
0  11.772510 -1.935363 49.242382  -0.003693 0.993657 -0.112395  0.016443 0.993293 1 0 1.000000
0  0.375738 -1.984974 49.242382  -0.003746 0.993658 -0.112382  0.016443 0.993293 1 0 1.000000
0  0.375738 -2.034584 50.166927  -0.003968 0.975440 0.220229  0.016443 0.993293 1 0 1.000000
aluminium
0  0.375738 -2.034584 50.166927  -0.003968 0.975440 0.220229  0.016443 0.993293 1 0 1.000000
0  0.375738 -1.984974 49.242382  -0.003746 0.993658 -0.112382  0.016443 0.993293 1 0 1.000000
0  0.154748 -2.201454 49.224339  -0.847578 0.031893 -0.529711  0.016443 0.993293 1 0 1.000000
aluminium
0  0.159259 -2.255574 50.166927  -0.846588 -0.014176 0.532059  0.016443 0.993293 1 0 1.000000
0  0.375738 -2.034584 50.166927  -0.003968 0.975440 0.220229  0.016443 0.993293 1 0 1.000000
0  0.154748 -2.201454 49.224339  -0.847578 0.031893 -0.529711  0.016443 0.993293 1 0 1.000000
aluminium
0  0.159259 -2.255574 50.166927  -0.846588 -0.014176 0.532059  0.016443 0.993293 1 0 1.000000
0  0.154748 -2.201454 49.224339  -0.847578 0.031893 -0.529711  0.016443 0.993293 1 0 1.000000
0  0.127688 -5.259233 49.089035  -0.847566 0.032561 -0.529691  0.016443 0.993293 1 0 1.000000
aluminium
0  0.159259 -2.255574 50.166927  -0.846588 -0.014176 0.532059  0.016443 0.993293 1 0 1.000000
0  0.127688 -5.259233 49.089035  -0.847566 0.032561 -0.529691  0.016443 0.993293 1 0 1.000000
0  0.127688 -5.313354 50.036137  -0.846595 -0.015203 0.532020  0.016443 0.993293 1 0 1.000000
aluminium
0  0.127688 -5.313354 50.036137  -0.846595 -0.015203 0.532020  0.016443 0.993293 1 0 1.000000
0  0.127688 -5.259233 49.089035  -0.847566 0.032561 -0.529691  0.016443 0.993293 1 0 1.000000
0  0.375739 -5.516304 49.066486  0.000273 -0.975025 -0.222096  0.016443 0.993293 1 0 1.000000
aluminium
0  0.375739 -5.570424 50.013588  0.000384 -0.993431 0.114435  0.016443 0.993293 1 0 1.000000
0  0.127688 -5.313354 50.036137  -0.846595 -0.015203 0.532020  0.016443 0.993293 1 0 1.000000
0  0.375739 -5.516304 49.066486  0.000273 -0.975025 -0.222096  0.016443 0.993293 1 0 1.000000
aluminium
0  0.375739 -5.570424 50.013588  0.000384 -0.993431 0.114435  0.016443 0.993293 1 0 1.000000
0  0.375739 -5.516304 49.066486  0.000273 -0.975025 -0.222096  0.016443 0.993293 1 0 1.000000
0  11.790549 -5.511793 49.066486  0.000333 -0.975026 -0.222090  0.016443 0.993293 1 0 1.000000
aluminium
0  11.790549 -5.511793 49.066486  0.000333 -0.975026 -0.222090  0.016443 0.993293 1 0 1.000000
0  11.790549 -5.565913 50.013588  0.000443 -0.993439 0.114365  0.016443 0.993293 1 0 1.000000
0  0.375739 -5.570424 50.013588  0.000384 -0.993431 0.114435  0.016443 0.993293 1 0 1.000000
aluminium
0  12.025068 -5.331393 50.036137  0.847386 -0.026730 0.530304  0.016443 0.993293 1 0 1.000000
0  11.790549 -5.565913 50.013588  0.000443 -0.993439 0.114365  0.016443 0.993293 1 0 1.000000
0  11.790549 -5.511793 49.066486  0.000333 -0.975026 -0.222090  0.016443 0.993293 1 0 1.000000
aluminium
0  11.790549 -5.565913 50.013588  0.000443 -0.993439 0.114365  0.016443 0.993293 1 0 1.000000
0  12.025068 -5.331393 50.036137  0.847386 -0.026730 0.530304  0.016443 0.993293 1 0 1.000000
0  11.799568 -5.119422 50.257126  0.096031 -0.083050 0.991908  0.016443 0.993293 1 0 1.000000
aluminium
0  11.804079 -2.557743 50.365368  0.095577 0.006678 0.995400  0.016443 0.993293 1 0 1.000000
0  11.799568 -5.119422 50.257126  0.096031 -0.083050 0.991908  0.016443 0.993293 1 0 1.000000
0  12.025068 -5.331393 50.036137  0.847386 -0.026730 0.530304  0.016443 0.993293 1 0 1.000000
aluminium
0  11.574070 -5.349433 50.234577  0.091860 -0.091401 0.991568  0.016443 0.993293 1 0 1.000000
0  11.799568 -5.119422 50.257126  0.096031 -0.083050 0.991908  0.016443 0.993293 1 0 1.000000
0  11.804079 -2.557743 50.365368  0.095577 0.006678 0.995400  0.016443 0.993293 1 0 1.000000
aluminium
0  11.804079 -2.557743 50.365368  0.095577 0.006678 0.995400  0.016443 0.993293 1 0 1.000000
0  11.551519 -2.224002 50.387917  0.090985 0.018867 0.995673  0.016443 0.993293 1 0 1.000000
0  11.574070 -5.349433 50.234577  0.091860 -0.091401 0.991568  0.016443 0.993293 1 0 1.000000
aluminium
0  0.601239 -5.353944 50.234577  -0.092452 -0.088946 0.991737  0.016443 0.993293 1 0 1.000000
0  11.574070 -5.349433 50.234577  0.091860 -0.091401 0.991568  0.016443 0.993293 1 0 1.000000
0  11.551519 -2.224002 50.387917  0.090985 0.018867 0.995673  0.016443 0.993293 1 0 1.000000
aluminium
0  12.020558 -5.281783 49.089035  0.845788 0.025585 -0.532905  0.016443 0.993293 1 0 1.000000
0  12.025068 -2.273612 49.224339  0.845786 0.025069 -0.532933  0.016443 0.993293 1 0 1.000000
0  12.025068 -2.323223 50.166927  0.847412 -0.025708 0.530313  0.016443 0.993293 1 0 1.000000
aluminium
0  11.551519 -2.224002 50.387917  0.090985 0.018867 0.995673  0.016443 0.993293 1 0 1.000000
0  0.596729 -2.273613 50.387917  -0.091945 0.019569 0.995572  0.016443 0.993293 1 0 1.000000
0  0.601239 -5.353944 50.234577  -0.092452 -0.088946 0.991737  0.016443 0.993293 1 0 1.000000
aluminium
0  0.596729 -2.273613 50.387917  -0.091945 0.019569 0.995572  0.016443 0.993293 1 0 1.000000
0  0.353189 -5.096873 50.257126  -0.096897 -0.079614 0.992105  0.016443 0.993293 1 0 1.000000
0  0.601239 -5.353944 50.234577  -0.092452 -0.088946 0.991737  0.016443 0.993293 1 0 1.000000
aluminium
0  0.596729 -2.273613 50.387917  -0.091945 0.019569 0.995572  0.016443 0.993293 1 0 1.000000
0  0.375739 -2.490094 50.365368  -0.095966 0.011691 0.995316  0.016443 0.993293 1 0 1.000000
0  0.353189 -5.096873 50.257126  -0.096897 -0.079614 0.992105  0.016443 0.993293 1 0 1.000000
aluminium
0  0.127688 -5.313354 50.036137  -0.846595 -0.015203 0.532020  0.016443 0.993293 1 0 1.000000
0  0.353189 -5.096873 50.257126  -0.096897 -0.079614 0.992105  0.016443 0.993293 1 0 1.000000
0  0.375739 -2.490094 50.365368  -0.095966 0.011691 0.995316  0.016443 0.993293 1 0 1.000000
aluminium
0  0.127688 -5.313354 50.036137  -0.846595 -0.015203 0.532020  0.016443 0.993293 1 0 1.000000
0  0.375739 -2.490094 50.365368  -0.095966 0.011691 0.995316  0.016443 0.993293 1 0 1.000000
0  0.159259 -2.255574 50.166927  -0.846588 -0.014176 0.532059  0.016443 0.993293 1 0 1.000000
aluminium
0  0.159259 -2.255574 50.166927  -0.846588 -0.014176 0.532059  0.016443 0.993293 1 0 1.000000
0  0.375739 -2.490094 50.365368  -0.095966 0.011691 0.995316  0.016443 0.993293 1 0 1.000000
0  0.596729 -2.273613 50.387917  -0.091945 0.019569 0.995572  0.016443 0.993293 1 0 1.000000
aluminium
0  0.596729 -2.273613 50.387917  -0.091945 0.019569 0.995572  0.016443 0.993293 1 0 1.000000
0  0.375738 -2.034584 50.166927  -0.003968 0.975440 0.220229  0.016443 0.993293 1 0 1.000000
0  0.159259 -2.255574 50.166927  -0.846588 -0.014176 0.532059  0.016443 0.993293 1 0 1.000000
aluminium
0  0.375738 -2.034584 50.166927  -0.003968 0.975440 0.220229  0.016443 0.993293 1 0 1.000000
0  0.596729 -2.273613 50.387917  -0.091945 0.019569 0.995572  0.016443 0.993293 1 0 1.000000
0  11.551519 -2.224002 50.387917  0.090985 0.018867 0.995673  0.016443 0.993293 1 0 1.000000
aluminium
0  11.551519 -2.224002 50.387917  0.090985 0.018867 0.995673  0.016443 0.993293 1 0 1.000000
0  11.777020 -1.984973 50.189480  -0.004033 0.975452 0.220177  0.016443 0.993293 1 0 1.000000
0  0.375738 -2.034584 50.166927  -0.003968 0.975440 0.220229  0.016443 0.993293 1 0 1.000000
aluminium
0  12.025068 -2.323223 50.166927  0.847412 -0.025708 0.530313  0.016443 0.993293 1 0 1.000000
0  11.777020 -1.984973 50.189480  -0.004033 0.975452 0.220177  0.016443 0.993293 1 0 1.000000
0  11.551519 -2.224002 50.387917  0.090985 0.018867 0.995673  0.016443 0.993293 1 0 1.000000
aluminium
0  11.551519 -2.224002 50.387917  0.090985 0.018867 0.995673  0.016443 0.993293 1 0 1.000000
0  11.804079 -2.557743 50.365368  0.095577 0.006678 0.995400  0.016443 0.993293 1 0 1.000000
0  12.025068 -2.323223 50.166927  0.847412 -0.025708 0.530313  0.016443 0.993293 1 0 1.000000
aluminium
0  12.025068 -5.331393 50.036137  0.847386 -0.026730 0.530304  0.016443 0.993293 1 0 1.000000
0  12.025068 -2.323223 50.166927  0.847412 -0.025708 0.530313  0.016443 0.993293 1 0 1.000000
0  11.804079 -2.557743 50.365368  0.095577 0.006678 0.995400  0.016443 0.993293 1 0 1.000000
aluminium
0  12.025068 -2.323223 50.166927  0.847412 -0.025708 0.530313  0.016443 0.993293 1 0 1.000000
0  12.025068 -5.331393 50.036137  0.847386 -0.026730 0.530304  0.016443 0.993293 1 0 1.000000
0  12.020558 -5.281783 49.089035  0.845788 0.025585 -0.532905  0.016443 0.993293 1 0 1.000000
aluminium
0  12.025068 -5.331393 50.036137  0.847386 -0.026730 0.530304  0.016443 0.993293 1 0 1.000000
0  11.790549 -5.511793 49.066486  0.000333 -0.975026 -0.222090  0.016443 0.993293 1 0 1.000000
0  12.020558 -5.281783 49.089035  0.845788 0.025585 -0.532905  0.016443 0.993293 1 0 1.000000
aluminium
0  -10.061801 -45.259571 83.915115  0.211315 -0.395810 -0.893689  0.016443 0.993293 1 0 1.000000
0  -10.603001 -44.718372 83.518234  0.109517 -0.500183 -0.858966  0.016443 0.993293 1 0 1.000000
0  -10.476722 -44.519932 83.649025  0.616580 0.334986 -0.712470  0.016443 0.993293 1 0 1.000000
aluminium
0  -11.351661 -44.718372 83.473137  0.048082 -0.493589 -0.868365  0.016443 0.993293 1 0 1.000000
0  -10.603001 -44.718372 83.518234  0.109517 -0.500183 -0.858966  0.016443 0.993293 1 0 1.000000
0  -10.061801 -45.259571 83.915115  0.211315 -0.395810 -0.893689  0.016443 0.993293 1 0 1.000000
aluminium
0  -10.061801 -45.259571 83.915115  0.211315 -0.395810 -0.893689  0.016443 0.993293 1 0 1.000000
0  -11.992081 -45.259571 83.739220  -0.064662 -0.370729 -0.926487  0.016443 0.993293 1 0 1.000000
0  -11.351661 -44.718372 83.473137  0.048082 -0.493589 -0.868365  0.016443 0.993293 1 0 1.000000
aluminium
0  -11.505000 -44.519932 83.518234  -0.320775 0.026784 -0.946777  0.016443 0.993293 1 0 1.000000
0  -11.351661 -44.718372 83.473137  0.048082 -0.493589 -0.868365  0.016443 0.993293 1 0 1.000000
0  -11.992081 -45.259571 83.739220  -0.064662 -0.370729 -0.926487  0.016443 0.993293 1 0 1.000000
aluminium
0  -12.307782 -45.223495 83.870018  -0.601993 -0.700229 -0.383774  0.016443 0.993293 1 0 1.000000
0  -12.298761 -45.160358 83.739220  -0.312531 0.009320 -0.949862  0.016443 0.993293 1 0 1.000000
0  -12.014631 -45.322712 83.870018  -0.010613 -0.906675 -0.421695  0.016443 0.993293 1 0 1.000000
aluminium
0  -12.298761 -45.160358 83.739220  -0.312531 0.009320 -0.949862  0.016443 0.993293 1 0 1.000000
0  -12.307782 -45.223495 83.870018  -0.601993 -0.700229 -0.383774  0.016443 0.993293 1 0 1.000000
0  -12.429552 -45.025055 83.955704  -0.995337 0.002672 -0.096422  0.016443 0.993293 1 0 1.000000
aluminium
0  -12.429552 -45.025055 83.955704  -0.995337 0.002672 -0.096422  0.016443 0.993293 1 0 1.000000
0  -12.407001 -44.948383 83.824921  -0.438315 0.294516 -0.849200  0.016443 0.993293 1 0 1.000000
0  -12.298761 -45.160358 83.739220  -0.312531 0.009320 -0.949862  0.016443 0.993293 1 0 1.000000
aluminium
0  -12.407001 -44.948383 83.824921  -0.438315 0.294516 -0.849200  0.016443 0.993293 1 0 1.000000
0  -12.429552 -45.025055 83.955704  -0.995337 0.002672 -0.096422  0.016443 0.993293 1 0 1.000000
0  -12.397982 -42.580635 84.925362  -0.470498 0.373354 -0.799524  0.016443 0.993293 1 0 1.000000
aluminium
0  -12.407001 -44.948383 83.824921  -0.438315 0.294516 -0.849200  0.016443 0.993293 1 0 1.000000
0  -12.397982 -42.580635 84.925362  -0.470498 0.373354 -0.799524  0.016443 0.993293 1 0 1.000000
0  -11.541080 -43.762257 83.870018  -0.470574 0.373382 -0.799466  0.016443 0.993293 1 0 1.000000
aluminium
0  -11.541080 -43.762257 83.870018  -0.470574 0.373382 -0.799466  0.016443 0.993293 1 0 1.000000
0  -11.505000 -44.519932 83.518234  -0.320775 0.026784 -0.946777  0.016443 0.993293 1 0 1.000000
0  -12.407001 -44.948383 83.824921  -0.438315 0.294516 -0.849200  0.016443 0.993293 1 0 1.000000
aluminium
0  -11.505000 -44.519932 83.518234  -0.320775 0.026784 -0.946777  0.016443 0.993293 1 0 1.000000
0  -12.298761 -45.160358 83.739220  -0.312531 0.009320 -0.949862  0.016443 0.993293 1 0 1.000000
0  -12.407001 -44.948383 83.824921  -0.438315 0.294516 -0.849200  0.016443 0.993293 1 0 1.000000
aluminium
0  -11.992081 -45.259571 83.739220  -0.064662 -0.370729 -0.926487  0.016443 0.993293 1 0 1.000000
0  -12.298761 -45.160358 83.739220  -0.312531 0.009320 -0.949862  0.016443 0.993293 1 0 1.000000
0  -11.505000 -44.519932 83.518234  -0.320775 0.026784 -0.946777  0.016443 0.993293 1 0 1.000000
aluminium
0  -12.298761 -45.160358 83.739220  -0.312531 0.009320 -0.949862  0.016443 0.993293 1 0 1.000000
0  -11.992081 -45.259571 83.739220  -0.064662 -0.370729 -0.926487  0.016443 0.993293 1 0 1.000000
0  -12.014631 -45.322712 83.870018  -0.010613 -0.906675 -0.421695  0.016443 0.993293 1 0 1.000000
aluminium
0  -10.079841 -45.336243 84.045906  0.062678 -0.907544 -0.415254  0.016443 0.993293 1 0 1.000000
0  -12.014631 -45.322712 83.870018  -0.010613 -0.906675 -0.421695  0.016443 0.993293 1 0 1.000000
0  -11.992081 -45.259571 83.739220  -0.064662 -0.370729 -0.926487  0.016443 0.993293 1 0 1.000000
aluminium
0  -11.992081 -45.259571 83.739220  -0.064662 -0.370729 -0.926487  0.016443 0.993293 1 0 1.000000
0  -10.061801 -45.259571 83.915115  0.211315 -0.395810 -0.893689  0.016443 0.993293 1 0 1.000000
0  -10.079841 -45.336243 84.045906  0.062678 -0.907544 -0.415254  0.016443 0.993293 1 0 1.000000
aluminium
0  -10.079841 -45.336243 84.045906  0.062678 -0.907544 -0.415254  0.016443 0.993293 1 0 1.000000
0  -10.061801 -45.259571 83.915115  0.211315 -0.395810 -0.893689  0.016443 0.993293 1 0 1.000000
0  -9.818261 -45.200943 83.955704  0.489548 0.002024 -0.871974  0.016443 0.993293 1 0 1.000000
aluminium
0  -9.818261 -45.200943 83.955704  0.489548 0.002024 -0.871974  0.016443 0.993293 1 0 1.000000
0  -10.061801 -45.259571 83.915115  0.211315 -0.395810 -0.893689  0.016443 0.993293 1 0 1.000000
0  -10.476722 -44.519932 83.649025  0.616580 0.334986 -0.712470  0.016443 0.993293 1 0 1.000000
aluminium
0  -10.476722 -44.519932 83.649025  0.616580 0.334986 -0.712470  0.016443 0.993293 1 0 1.000000
0  -9.719041 -44.993484 84.091003  0.610811 0.299817 -0.732817  0.016443 0.993293 1 0 1.000000
0  -9.818261 -45.200943 83.955704  0.489548 0.002024 -0.871974  0.016443 0.993293 1 0 1.000000
aluminium
0  -9.719041 -44.993484 84.091003  0.610811 0.299817 -0.732817  0.016443 0.993293 1 0 1.000000
0  -10.476722 -44.519932 83.649025  0.616580 0.334986 -0.712470  0.016443 0.993293 1 0 1.000000
0  -10.503781 -43.870495 83.915115  0.618106 0.345683 -0.706009  0.016443 0.993293 1 0 1.000000
aluminium
0  -9.719041 -44.993484 84.091003  0.610811 0.299817 -0.732817  0.016443 0.993293 1 0 1.000000
0  -10.503781 -43.870495 83.915115  0.618106 0.345683 -0.706009  0.016443 0.993293 1 0 1.000000
0  -9.732571 -42.936924 85.015549  0.617750 0.345805 -0.706260  0.016443 0.993293 1 0 1.000000
aluminium
0  -9.732571 -42.936924 85.015549  0.617750 0.345805 -0.706260  0.016443 0.993293 1 0 1.000000
0  -9.750611 -43.013596 85.191444  0.996043 -0.030321 0.083535  0.016443 0.993293 1 0 1.000000
0  -9.719041 -44.993484 84.091003  0.610811 0.299817 -0.732817  0.016443 0.993293 1 0 1.000000
aluminium
0  -9.750611 -43.013596 85.191444  0.996039 -0.030353 0.083577  0.016443 0.993293 1 0 1.000000
0  -9.732571 -45.070152 84.221786  0.995919 -0.053408 0.072751  0.016443 0.993293 1 0 1.000000
0  -9.719041 -44.993484 84.091003  0.610811 0.299817 -0.732817  0.016443 0.993293 1 0 1.000000
aluminium
0  -9.719041 -44.993484 84.091003  0.610811 0.299817 -0.732817  0.016443 0.993293 1 0 1.000000
0  -9.732571 -45.070152 84.221786  0.995919 -0.053408 0.072751  0.016443 0.993293 1 0 1.000000
0  -9.831791 -45.268593 84.091003  0.656775 -0.706583 -0.263414  0.016443 0.993293 1 0 1.000000
aluminium
0  -9.831791 -45.268593 84.091003  0.656775 -0.706583 -0.263414  0.016443 0.993293 1 0 1.000000
0  -9.818261 -45.200943 83.955704  0.489548 0.002024 -0.871974  0.016443 0.993293 1 0 1.000000
0  -9.719041 -44.993484 84.091003  0.610811 0.299817 -0.732817  0.016443 0.993293 1 0 1.000000
aluminium
0  -9.818261 -45.200943 83.955704  0.489548 0.002024 -0.871974  0.016443 0.993293 1 0 1.000000
0  -9.831791 -45.268593 84.091003  0.656775 -0.706583 -0.263414  0.016443 0.993293 1 0 1.000000
0  -10.079841 -45.336243 84.045906  0.062678 -0.907544 -0.415254  0.016443 0.993293 1 0 1.000000
aluminium
0  -12.429552 -45.025055 83.955704  -0.995342 0.002719 -0.096364  0.016443 0.993293 1 0 1.000000
0  -12.407001 -42.657307 85.101242  -0.996061 0.041600 -0.078307  0.016443 0.993293 1 0 1.000000
0  -12.397982 -42.580635 84.925362  -0.470500 0.373271 -0.799561  0.016443 0.993293 1 0 1.000000
aluminium
0  -0.039183 -1.948893 33.885830  0.003702 0.999478 0.032086  0.016443 0.993293 1 0 1.000000
0  0.529078 -2.287144 49.576115  -0.999111 0.015581 0.039164  0.016443 0.993293 1 0 1.000000
0  0.822229 -2.287144 49.576115  0.003697 0.999478 0.032089  0.016443 0.993293 1 0 1.000000
aluminium
0  0.529078 -2.287144 49.576115  -0.999111 0.015581 0.039164  0.016443 0.993293 1 0 1.000000
0  -0.039183 -1.948893 33.885830  0.003702 0.999478 0.032086  0.016443 0.993293 1 0 1.000000
0  -0.341352 -1.939874 33.885830  -0.999110 0.015594 0.039208  0.016443 0.993293 1 0 1.000000
aluminium
0  -0.341352 -1.939874 33.885830  -0.999110 0.015594 0.039208  0.016443 0.993293 1 0 1.000000
0  0.483978 -5.141973 49.332581  -0.999099 0.016180 0.039224  0.016443 0.993293 1 0 1.000000
0  0.529078 -2.287144 49.576115  -0.999111 0.015581 0.039164  0.016443 0.993293 1 0 1.000000
aluminium
0  0.483978 -5.141973 49.332581  -0.999099 0.016180 0.039224  0.016443 0.993293 1 0 1.000000
0  -0.341352 -1.939874 33.885830  -0.999110 0.015594 0.039208  0.016443 0.993293 1 0 1.000000
0  -0.390962 -4.799213 33.872299  -0.999092 0.016657 0.039205  0.016443 0.993293 1 0 1.000000
aluminium
0  0.483978 -5.141973 49.332581  -0.999099 0.016180 0.039224  0.016443 0.993293 1 0 1.000000
0  -0.390962 -4.799213 33.872299  -0.999092 0.016657 0.039205  0.016443 0.993293 1 0 1.000000
0  -0.088793 -4.803723 33.872299  -0.003684 -0.999478 -0.032110  0.016443 0.993293 1 0 1.000000
aluminium
0  -0.088793 -4.803723 33.872299  -0.003692 -0.999478 -0.032104  0.016443 0.993293 1 0 1.000000
0  0.777129 -5.146483 49.332581  -0.003694 -0.999478 -0.032106  0.016443 0.993293 1 0 1.000000
0  0.483978 -5.141973 49.332581  -0.999098 0.016116 0.039291  0.016443 0.993293 1 0 1.000000
aluminium
0  3.424500 -18.018024 47.880360  -0.866101 0.499869 0.000468  0.016443 0.993293 1 0 1.000000
0  3.478620 -18.049593 47.943501  -0.137162 0.079141 0.987382  0.016443 0.993293 1 0 1.000000
0  3.803340 -17.639185 47.880360  -0.499876 0.866097 0.000537  0.016443 0.993293 1 0 1.000000
aluminium
0  3.478620 -18.049593 47.943501  -0.137162 0.079141 0.987382  0.016443 0.993293 1 0 1.000000
0  3.424500 -18.018024 47.880360  -0.866101 0.499869 0.000468  0.016443 0.993293 1 0 1.000000
0  3.284689 -18.541185 47.880360  -1.000000 0.000026 0.000494  0.016443 0.993293 1 0 1.000000
aluminium
0  3.284689 -18.541185 47.528576  -0.999999 -0.001083 0.000000  0.016443 0.993293 1 0 1.000000
0  3.284689 -18.541185 47.880360  -1.000000 0.000026 0.000494  0.016443 0.993293 1 0 1.000000
0  3.424500 -18.018024 47.880360  -0.866101 0.499869 0.000468  0.016443 0.993293 1 0 1.000000
aluminium
0  3.424500 -18.018024 47.880360  -0.866101 0.499869 0.000468  0.016443 0.993293 1 0 1.000000
0  3.424500 -18.018024 47.528576  -0.866190 0.499715 0.000000  0.016443 0.993293 1 0 1.000000
0  3.284689 -18.541185 47.528576  -0.999999 -0.001083 0.000000  0.016443 0.993293 1 0 1.000000
aluminium
0  3.424500 -18.018024 47.528576  -0.866190 0.499715 0.000000  0.016443 0.993293 1 0 1.000000
0  3.424500 -18.018024 47.880360  -0.866101 0.499869 0.000468  0.016443 0.993293 1 0 1.000000
0  3.803340 -17.639185 47.880360  -0.499876 0.866097 0.000537  0.016443 0.993293 1 0 1.000000
aluminium
0  3.803340 -17.639185 47.880360  -0.499876 0.866097 0.000537  0.016443 0.993293 1 0 1.000000
0  3.803340 -17.639185 47.528576  -0.499715 0.866190 0.000000  0.016443 0.993293 1 0 1.000000
0  3.424500 -18.018024 47.528576  -0.866190 0.499715 0.000000  0.016443 0.993293 1 0 1.000000
aluminium
0  3.803340 -17.639185 47.880360  -0.499876 0.866097 0.000537  0.016443 0.993293 1 0 1.000000
0  4.326499 -17.499374 47.528576  -0.000316 1.000000 0.000000  0.016443 0.993293 1 0 1.000000
0  3.803340 -17.639185 47.528576  -0.499715 0.866190 0.000000  0.016443 0.993293 1 0 1.000000
aluminium
0  3.803340 -17.639185 47.880360  -0.499876 0.866097 0.000537  0.016443 0.993293 1 0 1.000000
0  4.326499 -17.499374 47.880360  0.001058 0.999999 0.000417  0.016443 0.993293 1 0 1.000000
0  4.326499 -17.499374 47.528576  -0.000316 1.000000 0.000000  0.016443 0.993293 1 0 1.000000
aluminium
0  4.326499 -17.499374 47.528576  -0.000316 1.000000 0.000000  0.016443 0.993293 1 0 1.000000
0  4.326499 -17.499374 47.880360  0.001058 0.999999 0.000417  0.016443 0.993293 1 0 1.000000
0  4.845150 -17.639185 47.880360  0.499887 0.866091 0.000470  0.016443 0.993293 1 0 1.000000
aluminium
0  4.813580 -17.693304 47.943501  0.079174 0.137087 0.987390  0.016443 0.993293 1 0 1.000000
0  4.845150 -17.639185 47.880360  0.499887 0.866091 0.000470  0.016443 0.993293 1 0 1.000000
0  4.326499 -17.499374 47.880360  0.001058 0.999999 0.000417  0.016443 0.993293 1 0 1.000000
aluminium
0  4.845150 -17.639185 47.880360  0.499887 0.866091 0.000470  0.016443 0.993293 1 0 1.000000
0  4.813580 -17.693304 47.943501  0.079174 0.137087 0.987390  0.016443 0.993293 1 0 1.000000
0  5.223989 -18.018024 47.880360  0.866095 0.499879 0.000485  0.016443 0.993293 1 0 1.000000
aluminium
0  4.813580 -17.693304 47.943501  0.079174 0.137087 0.987390  0.016443 0.993293 1 0 1.000000
0  5.169870 -18.049593 47.943501  0.137100 0.079161 0.987389  0.016443 0.993293 1 0 1.000000
0  5.223989 -18.018024 47.880360  0.866095 0.499879 0.000485  0.016443 0.993293 1 0 1.000000
aluminium
0  5.223989 -18.018024 47.880360  0.866095 0.499879 0.000485  0.016443 0.993293 1 0 1.000000
0  5.169870 -18.049593 47.943501  0.137100 0.079161 0.987389  0.016443 0.993293 1 0 1.000000
0  5.363800 -18.541185 47.880360  0.999999 -0.001028 0.000489  0.016443 0.993293 1 0 1.000000
aluminium
0  5.169870 -18.049593 47.943501  0.137100 0.079161 0.987389  0.016443 0.993293 1 0 1.000000
0  5.300660 -18.541185 47.943501  0.158394 0.000031 0.987376  0.016443 0.993293 1 0 1.000000
0  5.363800 -18.541185 47.880360  0.999999 -0.001028 0.000489  0.016443 0.993293 1 0 1.000000
aluminium
0  5.300660 -18.541185 47.943501  0.158394 0.000031 0.987376  0.016443 0.993293 1 0 1.000000
0  5.169870 -18.049593 47.943501  0.137100 0.079161 0.987389  0.016443 0.993293 1 0 1.000000
0  3.478620 -18.049593 47.943501  -0.137162 0.079141 0.987382  0.016443 0.993293 1 0 1.000000
aluminium
0  5.169870 -18.049593 47.943501  0.137100 0.079161 0.987389  0.016443 0.993293 1 0 1.000000
0  3.834909 -17.693304 47.943501  -0.079138 0.137082 0.987393  0.016443 0.993293 1 0 1.000000
0  3.478620 -18.049593 47.943501  -0.137162 0.079141 0.987382  0.016443 0.993293 1 0 1.000000
aluminium
0  3.478620 -18.049593 47.943501  -0.137162 0.079141 0.987382  0.016443 0.993293 1 0 1.000000
0  3.834909 -17.693304 47.943501  -0.079138 0.137082 0.987393  0.016443 0.993293 1 0 1.000000
0  3.803340 -17.639185 47.880360  -0.499876 0.866097 0.000537  0.016443 0.993293 1 0 1.000000
aluminium
0  3.803340 -17.639185 47.880360  -0.499876 0.866097 0.000537  0.016443 0.993293 1 0 1.000000
0  3.834909 -17.693304 47.943501  -0.079138 0.137082 0.987393  0.016443 0.993293 1 0 1.000000
0  4.326499 -17.499374 47.880360  0.001058 0.999999 0.000417  0.016443 0.993293 1 0 1.000000
aluminium
0  3.834909 -17.693304 47.943501  -0.079138 0.137082 0.987393  0.016443 0.993293 1 0 1.000000
0  4.326499 -17.562513 47.943501  0.000017 0.158393 0.987376  0.016443 0.993293 1 0 1.000000
0  4.326499 -17.499374 47.880360  0.001058 0.999999 0.000417  0.016443 0.993293 1 0 1.000000
aluminium
0  4.326499 -17.499374 47.880360  0.001058 0.999999 0.000417  0.016443 0.993293 1 0 1.000000
0  4.326499 -17.562513 47.943501  0.000017 0.158393 0.987376  0.016443 0.993293 1 0 1.000000
0  4.813580 -17.693304 47.943501  0.079174 0.137087 0.987390  0.016443 0.993293 1 0 1.000000
aluminium
0  5.169870 -18.049593 47.943501  0.137100 0.079161 0.987389  0.016443 0.993293 1 0 1.000000
0  4.813580 -17.693304 47.943501  0.079174 0.137087 0.987390  0.016443 0.993293 1 0 1.000000
0  4.326499 -17.562513 47.943501  0.000017 0.158393 0.987376  0.016443 0.993293 1 0 1.000000
aluminium
0  5.169870 -18.049593 47.943501  0.137100 0.079161 0.987389  0.016443 0.993293 1 0 1.000000
0  4.326499 -17.562513 47.943501  0.000017 0.158393 0.987376  0.016443 0.993293 1 0 1.000000
0  3.834909 -17.693304 47.943501  -0.079138 0.137082 0.987393  0.016443 0.993293 1 0 1.000000
aluminium
0  3.284689 -18.541185 47.880360  -1.000000 0.000026 0.000494  0.016443 0.993293 1 0 1.000000
0  3.284689 -18.541185 47.528576  -0.999999 -0.001083 0.000000  0.016443 0.993293 1 0 1.000000
0  3.424500 -19.059835 47.528576  -0.866079 -0.499907 -0.000000  0.016443 0.993293 1 0 1.000000
aluminium
0  5.363800 -18.541185 47.528576  1.000000 -0.000332 0.000000  0.016443 0.993293 1 0 1.000000
0  5.363800 -18.541185 47.880360  0.999999 -0.001028 0.000489  0.016443 0.993293 1 0 1.000000
0  5.223990 -19.059835 47.528576  0.865891 -0.500233 0.000000  0.016443 0.993293 1 0 1.000000
aluminium
0  5.363800 -18.541185 47.528576  1.000000 -0.000332 0.000000  0.016443 0.993293 1 0 1.000000
0  5.223989 -18.018024 47.880360  0.866095 0.499879 0.000485  0.016443 0.993293 1 0 1.000000
0  5.363800 -18.541185 47.880360  0.999999 -0.001028 0.000489  0.016443 0.993293 1 0 1.000000
aluminium
0  5.223989 -18.018024 47.528576  0.866190 0.499714 0.000000  0.016443 0.993293 1 0 1.000000
0  5.223989 -18.018024 47.880360  0.866095 0.499879 0.000485  0.016443 0.993293 1 0 1.000000
0  5.363800 -18.541185 47.528576  1.000000 -0.000332 0.000000  0.016443 0.993293 1 0 1.000000
aluminium
0  5.223989 -18.018024 47.528576  0.866190 0.499714 0.000000  0.016443 0.993293 1 0 1.000000
0  4.845150 -17.639185 47.880360  0.499887 0.866091 0.000470  0.016443 0.993293 1 0 1.000000
0  5.223989 -18.018024 47.880360  0.866095 0.499879 0.000485  0.016443 0.993293 1 0 1.000000
aluminium
0  4.845150 -17.639185 47.528576  0.500054 0.865994 0.000000  0.016443 0.993293 1 0 1.000000
0  4.845150 -17.639185 47.880360  0.499887 0.866091 0.000470  0.016443 0.993293 1 0 1.000000
0  5.223989 -18.018024 47.528576  0.866190 0.499714 0.000000  0.016443 0.993293 1 0 1.000000
aluminium
0  4.845150 -17.639185 47.880360  0.499887 0.866091 0.000470  0.016443 0.993293 1 0 1.000000
0  4.845150 -17.639185 47.528576  0.500054 0.865994 0.000000  0.016443 0.993293 1 0 1.000000
0  4.326499 -17.499374 47.528576  -0.000316 1.000000 0.000000  0.016443 0.993293 1 0 1.000000
aluminium
0  5.169870 -19.028265 47.943501  0.137112 -0.079137 0.987389  0.016443 0.993293 1 0 1.000000
0  5.300660 -18.541185 47.943501  0.158394 0.000031 0.987376  0.016443 0.993293 1 0 1.000000
0  3.478620 -18.049593 47.943501  -0.137162 0.079141 0.987382  0.016443 0.993293 1 0 1.000000
aluminium
0  5.363800 -18.541185 47.880360  0.999999 -0.001028 0.000489  0.016443 0.993293 1 0 1.000000
0  5.300660 -18.541185 47.943501  0.158394 0.000031 0.987376  0.016443 0.993293 1 0 1.000000
0  5.169870 -19.028265 47.943501  0.137112 -0.079137 0.987389  0.016443 0.993293 1 0 1.000000
aluminium
0  5.169870 -19.028265 47.943501  0.137112 -0.079137 0.987389  0.016443 0.993293 1 0 1.000000
0  5.223990 -19.059835 47.880360  0.865603 -0.500730 0.000523  0.016443 0.993293 1 0 1.000000
0  5.363800 -18.541185 47.880360  0.999999 -0.001028 0.000489  0.016443 0.993293 1 0 1.000000
aluminium
0  5.223990 -19.059835 47.528576  0.865891 -0.500233 0.000000  0.016443 0.993293 1 0 1.000000
0  5.363800 -18.541185 47.880360  0.999999 -0.001028 0.000489  0.016443 0.993293 1 0 1.000000
0  5.223990 -19.059835 47.880360  0.865603 -0.500730 0.000523  0.016443 0.993293 1 0 1.000000
aluminium
0  5.223990 -19.059835 47.528576  0.865891 -0.500233 0.000000  0.016443 0.993293 1 0 1.000000
0  5.223990 -19.059835 47.880360  0.865603 -0.500730 0.000523  0.016443 0.993293 1 0 1.000000
0  4.845150 -19.438677 47.528576  0.499894 -0.866087 -0.000000  0.016443 0.993293 1 0 1.000000
aluminium
0  4.845150 -19.438677 47.528576  0.499894 -0.866087 -0.000000  0.016443 0.993293 1 0 1.000000
0  5.223990 -19.059835 47.880360  0.865603 -0.500730 0.000523  0.016443 0.993293 1 0 1.000000
0  4.845150 -19.438677 47.880360  0.499911 -0.866077 0.000479  0.016443 0.993293 1 0 1.000000
aluminium
0  4.326500 -19.582996 47.528576  0.000041 -1.000000 -0.000000  0.016443 0.993293 1 0 1.000000
0  4.845150 -19.438677 47.528576  0.499894 -0.866087 -0.000000  0.016443 0.993293 1 0 1.000000
0  4.845150 -19.438677 47.880360  0.499911 -0.866077 0.000479  0.016443 0.993293 1 0 1.000000
aluminium
0  4.326500 -19.582996 47.880360  0.001079 -0.999999 0.000482  0.016443 0.993293 1 0 1.000000
0  4.326500 -19.582996 47.528576  0.000041 -1.000000 -0.000000  0.016443 0.993293 1 0 1.000000
0  4.845150 -19.438677 47.880360  0.499911 -0.866077 0.000479  0.016443 0.993293 1 0 1.000000
aluminium
0  3.803340 -19.438677 47.528576  -0.499899 -0.866084 0.000000  0.016443 0.993293 1 0 1.000000
0  4.326500 -19.582996 47.528576  0.000041 -1.000000 -0.000000  0.016443 0.993293 1 0 1.000000
0  4.326500 -19.582996 47.880360  0.001079 -0.999999 0.000482  0.016443 0.993293 1 0 1.000000
aluminium
0  3.803340 -19.438677 47.880360  -0.499913 -0.866076 0.000480  0.016443 0.993293 1 0 1.000000
0  3.803340 -19.438677 47.528576  -0.499899 -0.866084 0.000000  0.016443 0.993293 1 0 1.000000
0  4.326500 -19.582996 47.880360  0.001079 -0.999999 0.000482  0.016443 0.993293 1 0 1.000000
aluminium
0  3.424500 -19.059835 47.528576  -0.866079 -0.499907 -0.000000  0.016443 0.993293 1 0 1.000000
0  3.803340 -19.438677 47.528576  -0.499899 -0.866084 0.000000  0.016443 0.993293 1 0 1.000000
0  3.803340 -19.438677 47.880360  -0.499913 -0.866076 0.000480  0.016443 0.993293 1 0 1.000000
aluminium
0  3.424500 -19.059835 47.880360  -0.865579 -0.500773 0.000506  0.016443 0.993293 1 0 1.000000
0  3.424500 -19.059835 47.528576  -0.866079 -0.499907 -0.000000  0.016443 0.993293 1 0 1.000000
0  3.803340 -19.438677 47.880360  -0.499913 -0.866076 0.000480  0.016443 0.993293 1 0 1.000000
aluminium
0  3.424500 -19.059835 47.528576  -0.866079 -0.499907 -0.000000  0.016443 0.993293 1 0 1.000000
0  3.424500 -19.059835 47.880360  -0.865579 -0.500773 0.000506  0.016443 0.993293 1 0 1.000000
0  3.284689 -18.541185 47.880360  -1.000000 0.000026 0.000494  0.016443 0.993293 1 0 1.000000
aluminium
0  3.424500 -19.059835 47.880360  -0.865579 -0.500773 0.000506  0.016443 0.993293 1 0 1.000000
0  3.478620 -19.028265 47.943501  -0.137124 -0.079132 0.987388  0.016443 0.993293 1 0 1.000000
0  3.284689 -18.541185 47.880360  -1.000000 0.000026 0.000494  0.016443 0.993293 1 0 1.000000
aluminium
0  3.347830 -18.541185 47.943501  -0.158389 0.000032 0.987377  0.016443 0.993293 1 0 1.000000
0  3.284689 -18.541185 47.880360  -1.000000 0.000026 0.000494  0.016443 0.993293 1 0 1.000000
0  3.478620 -19.028265 47.943501  -0.137124 -0.079132 0.987388  0.016443 0.993293 1 0 1.000000
aluminium
0  3.347830 -18.541185 47.943501  -0.158389 0.000032 0.987377  0.016443 0.993293 1 0 1.000000
0  3.478620 -19.028265 47.943501  -0.137124 -0.079132 0.987388  0.016443 0.993293 1 0 1.000000
0  5.169870 -19.028265 47.943501  0.137112 -0.079137 0.987389  0.016443 0.993293 1 0 1.000000
aluminium
0  3.478620 -18.049593 47.943501  -0.137162 0.079141 0.987382  0.016443 0.993293 1 0 1.000000
0  3.347830 -18.541185 47.943501  -0.158389 0.000032 0.987377  0.016443 0.993293 1 0 1.000000
0  5.169870 -19.028265 47.943501  0.137112 -0.079137 0.987389  0.016443 0.993293 1 0 1.000000
aluminium
0  3.284689 -18.541185 47.880360  -1.000000 0.000026 0.000494  0.016443 0.993293 1 0 1.000000
0  3.347830 -18.541185 47.943501  -0.158389 0.000032 0.987377  0.016443 0.993293 1 0 1.000000
0  3.478620 -18.049593 47.943501  -0.137162 0.079141 0.987382  0.016443 0.993293 1 0 1.000000
aluminium
0  3.834909 -19.389067 47.943501  -0.079153 -0.137103 0.987389  0.016443 0.993293 1 0 1.000000
0  3.803340 -19.438677 47.880360  -0.499913 -0.866076 0.000480  0.016443 0.993293 1 0 1.000000
0  4.326500 -19.582996 47.880360  0.001079 -0.999999 0.000482  0.016443 0.993293 1 0 1.000000
aluminium
0  3.803340 -19.438677 47.880360  -0.499913 -0.866076 0.000480  0.016443 0.993293 1 0 1.000000
0  3.834909 -19.389067 47.943501  -0.079153 -0.137103 0.987389  0.016443 0.993293 1 0 1.000000
0  3.478620 -19.028265 47.943501  -0.137124 -0.079132 0.987388  0.016443 0.993293 1 0 1.000000
aluminium
0  3.803340 -19.438677 47.880360  -0.499913 -0.866076 0.000480  0.016443 0.993293 1 0 1.000000
0  3.478620 -19.028265 47.943501  -0.137124 -0.079132 0.987388  0.016443 0.993293 1 0 1.000000
0  3.424500 -19.059835 47.880360  -0.865579 -0.500773 0.000506  0.016443 0.993293 1 0 1.000000
aluminium
0  5.223990 -19.059835 47.880360  0.865603 -0.500730 0.000523  0.016443 0.993293 1 0 1.000000
0  5.169870 -19.028265 47.943501  0.137112 -0.079137 0.987389  0.016443 0.993293 1 0 1.000000
0  4.845150 -19.438677 47.880360  0.499911 -0.866077 0.000479  0.016443 0.993293 1 0 1.000000
aluminium
0  4.813580 -19.389067 47.943501  0.079169 -0.137097 0.987389  0.016443 0.993293 1 0 1.000000
0  4.845150 -19.438677 47.880360  0.499911 -0.866077 0.000479  0.016443 0.993293 1 0 1.000000
0  5.169870 -19.028265 47.943501  0.137112 -0.079137 0.987389  0.016443 0.993293 1 0 1.000000
aluminium
0  4.326500 -19.582996 47.880360  0.001079 -0.999999 0.000482  0.016443 0.993293 1 0 1.000000
0  4.845150 -19.438677 47.880360  0.499911 -0.866077 0.000479  0.016443 0.993293 1 0 1.000000
0  4.813580 -19.389067 47.943501  0.079169 -0.137097 0.987389  0.016443 0.993293 1 0 1.000000
aluminium
0  4.326500 -19.519855 47.943501  -0.000037 -0.158375 0.987379  0.016443 0.993293 1 0 1.000000
0  4.326500 -19.582996 47.880360  0.001079 -0.999999 0.000482  0.016443 0.993293 1 0 1.000000
0  4.813580 -19.389067 47.943501  0.079169 -0.137097 0.987389  0.016443 0.993293 1 0 1.000000
aluminium
0  4.326500 -19.582996 47.880360  0.001079 -0.999999 0.000482  0.016443 0.993293 1 0 1.000000
0  4.326500 -19.519855 47.943501  -0.000037 -0.158375 0.987379  0.016443 0.993293 1 0 1.000000
0  3.834909 -19.389067 47.943501  -0.079153 -0.137103 0.987389  0.016443 0.993293 1 0 1.000000
aluminium
0  3.834909 -19.389067 47.943501  -0.079153 -0.137103 0.987389  0.016443 0.993293 1 0 1.000000
0  4.326500 -19.519855 47.943501  -0.000037 -0.158375 0.987379  0.016443 0.993293 1 0 1.000000
0  4.813580 -19.389067 47.943501  0.079169 -0.137097 0.987389  0.016443 0.993293 1 0 1.000000
aluminium
0  3.478620 -19.028265 47.943501  -0.137124 -0.079132 0.987388  0.016443 0.993293 1 0 1.000000
0  3.834909 -19.389067 47.943501  -0.079153 -0.137103 0.987389  0.016443 0.993293 1 0 1.000000
0  4.813580 -19.389067 47.943501  0.079169 -0.137097 0.987389  0.016443 0.993293 1 0 1.000000
aluminium
0  3.478620 -19.028265 47.943501  -0.137124 -0.079132 0.987388  0.016443 0.993293 1 0 1.000000
0  4.813580 -19.389067 47.943501  0.079169 -0.137097 0.987389  0.016443 0.993293 1 0 1.000000
0  5.169870 -19.028265 47.943501  0.137112 -0.079137 0.987389  0.016443 0.993293 1 0 1.000000
aluminium
0  0.777129 -5.146483 49.332581  0.999139 -0.013795 -0.039127  0.016443 0.993293 1 0 1.000000
0  -0.088793 -4.803723 33.872299  0.999139 -0.013805 -0.039125  0.016443 0.993293 1 0 1.000000
0  -0.039183 -1.948893 33.885830  0.999139 -0.013806 -0.039125  0.016443 0.993293 1 0 1.000000
aluminium
0  -0.039183 -1.948893 33.885830  0.999138 -0.013801 -0.039148  0.016443 0.993293 1 0 1.000000
0  0.822229 -2.287144 49.576115  0.999140 -0.013797 -0.039099  0.016443 0.993293 1 0 1.000000
0  0.777129 -5.146483 49.332581  0.999138 -0.013791 -0.039147  0.016443 0.993293 1 0 1.000000
aluminium
0  -11.671871 -44.289921 81.136955  -0.710211 -0.185904 0.678999  0.016443 0.993293 1 0 1.000000
0  -11.559121 -44.411697 81.136955  -0.109961 -0.647530 0.754065  0.016443 0.993293 1 0 1.000000
0  -11.559121 -44.276394 81.182053  -0.000386 -0.087269 0.996185  0.016443 0.993293 1 0 1.000000
aluminium
0  -11.671871 -44.289921 81.136955  -0.710211 -0.185904 0.678999  0.016443 0.993293 1 0 1.000000
0  -11.559121 -44.276394 81.182053  -0.000386 -0.087269 0.996185  0.016443 0.993293 1 0 1.000000
0  -11.559121 -42.562595 81.357941  -0.000369 -0.086648 0.996239  0.016443 0.993293 1 0 1.000000
aluminium
0  -10.598491 -42.562595 81.357941  0.000337 -0.086627 0.996241  0.016443 0.993293 1 0 1.000000
0  -11.559121 -42.562595 81.357941  -0.000369 -0.086648 0.996239  0.016443 0.993293 1 0 1.000000
0  -11.559121 -44.276394 81.182053  -0.000386 -0.087269 0.996185  0.016443 0.993293 1 0 1.000000
aluminium
0  -10.598491 -42.562595 81.357941  0.000337 -0.086627 0.996241  0.016443 0.993293 1 0 1.000000
0  -11.559121 -44.276394 81.182053  -0.000386 -0.087269 0.996185  0.016443 0.993293 1 0 1.000000
0  -10.598491 -44.276394 81.182053  0.000332 -0.087278 0.996184  0.016443 0.993293 1 0 1.000000
aluminium
0  -10.598491 -44.276394 81.182053  0.000332 -0.087278 0.996184  0.016443 0.993293 1 0 1.000000
0  -10.481232 -44.289921 81.136955  0.710173 -0.185891 0.679042  0.016443 0.993293 1 0 1.000000
0  -10.598491 -42.562595 81.357941  0.000337 -0.086627 0.996241  0.016443 0.993293 1 0 1.000000
aluminium
0  -10.481232 -42.540043 81.312843  0.710142 0.065505 0.701004  0.016443 0.993293 1 0 1.000000
0  -10.598491 -42.562595 81.357941  0.000337 -0.086627 0.996241  0.016443 0.993293 1 0 1.000000
0  -10.481232 -44.289921 81.136955  0.710173 -0.185891 0.679042  0.016443 0.993293 1 0 1.000000
aluminium
0  -10.593981 -44.411697 81.136955  0.109910 -0.647553 0.754052  0.016443 0.993293 1 0 1.000000
0  -10.467702 -44.610130 80.961060  0.110212 -0.647643 0.753931  0.016443 0.993293 1 0 1.000000
0  -10.350441 -44.497383 80.961060  0.710252 -0.186171 0.678883  0.016443 0.993293 1 0 1.000000
aluminium
0  -10.467702 -44.610130 80.961060  0.110212 -0.647643 0.753931  0.016443 0.993293 1 0 1.000000
0  -10.593981 -44.411697 81.136955  0.109910 -0.647553 0.754052  0.016443 0.993293 1 0 1.000000
0  -11.559121 -44.411697 81.136955  -0.109961 -0.647530 0.754065  0.016443 0.993293 1 0 1.000000
aluminium
0  -10.467702 -44.610130 80.961060  0.110212 -0.647643 0.753931  0.016443 0.993293 1 0 1.000000
0  -11.559121 -44.411697 81.136955  -0.109961 -0.647530 0.754065  0.016443 0.993293 1 0 1.000000
0  -11.694421 -44.610130 80.961060  -0.110180 -0.647659 0.753922  0.016443 0.993293 1 0 1.000000
aluminium
0  -11.802660 -44.497383 80.961060  -0.710254 -0.186165 0.678883  0.016443 0.993293 1 0 1.000000
0  -11.694421 -44.610130 80.961060  -0.110180 -0.647659 0.753922  0.016443 0.993293 1 0 1.000000
0  -11.559121 -44.411697 81.136955  -0.109961 -0.647530 0.754065  0.016443 0.993293 1 0 1.000000
aluminium
0  -11.559121 -44.411697 81.136955  -0.109961 -0.647530 0.754065  0.016443 0.993293 1 0 1.000000
0  -11.671871 -44.289921 81.136955  -0.710211 -0.185904 0.678999  0.016443 0.993293 1 0 1.000000
0  -11.802660 -44.497383 80.961060  -0.710254 -0.186165 0.678883  0.016443 0.993293 1 0 1.000000
aluminium
0  -11.802660 -44.497383 80.961060  -0.710254 -0.186165 0.678883  0.016443 0.993293 1 0 1.000000
0  -11.671871 -44.289921 81.136955  -0.710211 -0.185904 0.678999  0.016443 0.993293 1 0 1.000000
0  -11.671871 -42.540043 81.312843  -0.710154 0.065496 0.700993  0.016443 0.993293 1 0 1.000000
aluminium
0  -11.559121 -42.562595 81.357941  -0.000369 -0.086648 0.996239  0.016443 0.993293 1 0 1.000000
0  -11.671871 -42.540043 81.312843  -0.710154 0.065496 0.700993  0.016443 0.993293 1 0 1.000000
0  -11.671871 -44.289921 81.136955  -0.710211 -0.185904 0.678999  0.016443 0.993293 1 0 1.000000
aluminium
0  -11.559121 -42.427296 81.312843  -0.109808 0.507169 0.854823  0.016443 0.993293 1 0 1.000000
0  -11.671871 -42.540043 81.312843  -0.710154 0.065496 0.700993  0.016443 0.993293 1 0 1.000000
0  -11.559121 -42.562595 81.357941  -0.000369 -0.086648 0.996239  0.016443 0.993293 1 0 1.000000
aluminium
0  -11.559121 -42.427296 81.312843  -0.109808 0.507169 0.854823  0.016443 0.993293 1 0 1.000000
0  -11.559121 -42.562595 81.357941  -0.000369 -0.086648 0.996239  0.016443 0.993293 1 0 1.000000
0  -10.598491 -42.562595 81.357941  0.000337 -0.086627 0.996241  0.016443 0.993293 1 0 1.000000
aluminium
0  -10.598491 -42.562595 81.357941  0.000337 -0.086627 0.996241  0.016443 0.993293 1 0 1.000000
0  -10.593981 -42.427296 81.312843  0.109806 0.507182 0.854815  0.016443 0.993293 1 0 1.000000
0  -11.559121 -42.427296 81.312843  -0.109808 0.507169 0.854823  0.016443 0.993293 1 0 1.000000
aluminium
0  -10.481232 -42.540043 81.312843  0.710142 0.065505 0.701004  0.016443 0.993293 1 0 1.000000
0  -10.593981 -42.427296 81.312843  0.109806 0.507182 0.854815  0.016443 0.993293 1 0 1.000000
0  -10.598491 -42.562595 81.357941  0.000337 -0.086627 0.996241  0.016443 0.993293 1 0 1.000000
aluminium
0  -10.481232 -42.540043 81.312843  0.710142 0.065505 0.701004  0.016443 0.993293 1 0 1.000000
0  -10.350441 -42.305523 81.136955  0.710233 0.065787 0.700886  0.016443 0.993293 1 0 1.000000
0  -10.593981 -42.427296 81.312843  0.109806 0.507182 0.854815  0.016443 0.993293 1 0 1.000000
aluminium
0  -10.350441 -44.497383 80.961060  0.710252 -0.186171 0.678883  0.016443 0.993293 1 0 1.000000
0  -10.350441 -42.305523 81.136955  0.710233 0.065787 0.700886  0.016443 0.993293 1 0 1.000000
0  -10.481232 -42.540043 81.312843  0.710142 0.065505 0.701004  0.016443 0.993293 1 0 1.000000
aluminium
0  -10.481232 -42.540043 81.312843  0.710142 0.065505 0.701004  0.016443 0.993293 1 0 1.000000
0  -10.481232 -44.289921 81.136955  0.710173 -0.185891 0.679042  0.016443 0.993293 1 0 1.000000
0  -10.350441 -44.497383 80.961060  0.710252 -0.186171 0.678883  0.016443 0.993293 1 0 1.000000
aluminium
0  -10.350441 -44.497383 80.961060  0.710252 -0.186171 0.678883  0.016443 0.993293 1 0 1.000000
0  -10.481232 -44.289921 81.136955  0.710173 -0.185891 0.679042  0.016443 0.993293 1 0 1.000000
0  -10.593981 -44.411697 81.136955  0.109910 -0.647553 0.754052  0.016443 0.993293 1 0 1.000000
aluminium
0  -10.593981 -44.411697 81.136955  0.109910 -0.647553 0.754052  0.016443 0.993293 1 0 1.000000
0  -10.481232 -44.289921 81.136955  0.710173 -0.185891 0.679042  0.016443 0.993293 1 0 1.000000
0  -10.598491 -44.276394 81.182053  0.000332 -0.087278 0.996184  0.016443 0.993293 1 0 1.000000
aluminium
0  -10.593981 -44.411697 81.136955  0.109910 -0.647553 0.754052  0.016443 0.993293 1 0 1.000000
0  -10.598491 -44.276394 81.182053  0.000332 -0.087278 0.996184  0.016443 0.993293 1 0 1.000000
0  -11.559121 -44.411697 81.136955  -0.109961 -0.647530 0.754065  0.016443 0.993293 1 0 1.000000
aluminium
0  -10.598491 -44.276394 81.182053  0.000332 -0.087278 0.996184  0.016443 0.993293 1 0 1.000000
0  -11.559121 -44.276394 81.182053  -0.000386 -0.087269 0.996185  0.016443 0.993293 1 0 1.000000
0  -11.559121 -44.411697 81.136955  -0.109961 -0.647530 0.754065  0.016443 0.993293 1 0 1.000000
aluminium
0  -11.802660 -44.497383 80.961060  -0.710254 -0.186165 0.678883  0.016443 0.993293 1 0 1.000000
0  -11.671871 -42.540043 81.312843  -0.710154 0.065496 0.700993  0.016443 0.993293 1 0 1.000000
0  -11.802660 -42.305523 81.136955  -0.710230 0.065782 0.700890  0.016443 0.993293 1 0 1.000000
aluminium
0  -11.802660 -42.305523 81.136955  -0.710230 0.065782 0.700890  0.016443 0.993293 1 0 1.000000
0  -11.671871 -42.540043 81.312843  -0.710154 0.065496 0.700993  0.016443 0.993293 1 0 1.000000
0  -11.559121 -42.427296 81.312843  -0.109808 0.507169 0.854823  0.016443 0.993293 1 0 1.000000
aluminium
0  -11.559121 -42.427296 81.312843  -0.109808 0.507169 0.854823  0.016443 0.993293 1 0 1.000000
0  -11.694421 -42.197285 81.136955  -0.110219 0.507133 0.854791  0.016443 0.993293 1 0 1.000000
0  -11.802660 -42.305523 81.136955  -0.710230 0.065782 0.700890  0.016443 0.993293 1 0 1.000000
aluminium
0  -11.694421 -42.197285 81.136955  -0.110219 0.507133 0.854791  0.016443 0.993293 1 0 1.000000
0  -11.559121 -42.427296 81.312843  -0.109808 0.507169 0.854823  0.016443 0.993293 1 0 1.000000
0  -10.593981 -42.427296 81.312843  0.109806 0.507182 0.854815  0.016443 0.993293 1 0 1.000000
aluminium
0  -10.593981 -42.427296 81.312843  0.109806 0.507182 0.854815  0.016443 0.993293 1 0 1.000000
0  -10.467702 -42.197285 81.136955  0.110241 0.507315 0.854680  0.016443 0.993293 1 0 1.000000
0  -11.694421 -42.197285 81.136955  -0.110219 0.507133 0.854791  0.016443 0.993293 1 0 1.000000
aluminium
0  -10.593981 -42.427296 81.312843  0.109806 0.507182 0.854815  0.016443 0.993293 1 0 1.000000
0  -10.350441 -42.305523 81.136955  0.710233 0.065787 0.700886  0.016443 0.993293 1 0 1.000000
0  -10.467702 -42.197285 81.136955  0.110241 0.507315 0.854680  0.016443 0.993293 1 0 1.000000
aluminium
0  3.501170 -18.541185 47.348179  -1.000000 -0.000005 0.000000  0.016443 0.993293 1 0 1.000000
0  3.501170 -18.541185 51.731899  -1.000000 0.000006 0.000000  0.016443 0.993293 1 0 1.000000
0  3.911580 -17.824095 51.731899  -0.500097 0.865969 0.000000  0.016443 0.993293 1 0 1.000000
aluminium
0  3.501170 -18.541185 51.731899  -1.000000 0.000006 0.000000  0.016443 0.993293 1 0 1.000000
0  3.501170 -18.541185 47.348179  -1.000000 -0.000005 0.000000  0.016443 0.993293 1 0 1.000000
0  3.911579 -19.258276 47.348179  -0.500338 -0.865830 0.000000  0.016443 0.993293 1 0 1.000000
aluminium
0  3.911579 -19.258276 47.348179  -0.500338 -0.865830 0.000000  0.016443 0.993293 1 0 1.000000
0  3.911580 -19.258276 51.731899  -0.500061 -0.865990 0.000001  0.016443 0.993293 1 0 1.000000
0  3.501170 -18.541185 51.731899  -1.000000 0.000006 0.000000  0.016443 0.993293 1 0 1.000000
aluminium
0  3.911579 -19.258276 47.348179  -0.500338 -0.865830 0.000000  0.016443 0.993293 1 0 1.000000
0  4.736910 -19.258276 51.731899  0.499873 -0.866099 0.000000  0.016443 0.993293 1 0 1.000000
0  3.911580 -19.258276 51.731899  -0.500061 -0.865990 0.000001  0.016443 0.993293 1 0 1.000000
aluminium
0  3.911579 -19.258276 47.348179  -0.500338 -0.865830 0.000000  0.016443 0.993293 1 0 1.000000
0  4.736910 -19.258276 47.348179  0.500158 -0.865934 -0.000000  0.016443 0.993293 1 0 1.000000
0  4.736910 -19.258276 51.731899  0.499873 -0.866099 0.000000  0.016443 0.993293 1 0 1.000000
aluminium
0  5.147320 -18.541185 51.731899  1.000000 0.000005 0.000000  0.016443 0.993293 1 0 1.000000
0  4.736910 -19.258276 51.731899  0.499873 -0.866099 0.000000  0.016443 0.993293 1 0 1.000000
0  4.736910 -19.258276 47.348179  0.500158 -0.865934 -0.000000  0.016443 0.993293 1 0 1.000000
aluminium
0  4.736910 -19.258276 47.348179  0.500158 -0.865934 -0.000000  0.016443 0.993293 1 0 1.000000
0  5.147320 -18.541185 47.348179  1.000000 -0.000005 0.000000  0.016443 0.993293 1 0 1.000000
0  5.147320 -18.541185 51.731899  1.000000 0.000005 0.000000  0.016443 0.993293 1 0 1.000000
aluminium
0  4.736910 -17.824095 51.731899  0.500158 0.865934 0.000000  0.016443 0.993293 1 0 1.000000
0  5.147320 -18.541185 51.731899  1.000000 0.000005 0.000000  0.016443 0.993293 1 0 1.000000
0  5.147320 -18.541185 47.348179  1.000000 -0.000005 0.000000  0.016443 0.993293 1 0 1.000000
aluminium
0  5.147320 -18.541185 47.348179  1.000000 -0.000005 0.000000  0.016443 0.993293 1 0 1.000000
0  4.736910 -17.824095 47.348179  0.499873 0.866099 0.000000  0.016443 0.993293 1 0 1.000000
0  4.736910 -17.824095 51.731899  0.500158 0.865934 0.000000  0.016443 0.993293 1 0 1.000000
aluminium
0  3.911580 -17.824095 51.731899  -0.500097 0.865969 0.000000  0.016443 0.993293 1 0 1.000000
0  4.736910 -17.824095 51.731899  0.500158 0.865934 0.000000  0.016443 0.993293 1 0 1.000000
0  4.736910 -17.824095 47.348179  0.499873 0.866099 0.000000  0.016443 0.993293 1 0 1.000000
aluminium
0  3.911580 -17.824095 51.731899  -0.500097 0.865969 0.000000  0.016443 0.993293 1 0 1.000000
0  4.736910 -17.824095 47.348179  0.499873 0.866099 0.000000  0.016443 0.993293 1 0 1.000000
0  3.911579 -17.824095 47.348179  -0.500062 0.865990 0.000000  0.016443 0.993293 1 0 1.000000
aluminium
0  3.911580 -17.824095 51.731899  -0.500097 0.865969 0.000000  0.016443 0.993293 1 0 1.000000
0  3.911579 -17.824095 47.348179  -0.500062 0.865990 0.000000  0.016443 0.993293 1 0 1.000000
0  3.501170 -18.541185 47.348179  -1.000000 -0.000005 0.000000  0.016443 0.993293 1 0 1.000000
aluminium
0  -4.404860 -19.240234 54.550652  0.571267 0.499473 -0.651291  0.016443 0.993293 1 0 1.000000
0  -4.454470 -19.601036 54.595745  0.212594 0.285252 -0.934577  0.016443 0.993293 1 0 1.000000
0  -4.305640 -19.501816 54.861839  -0.778672 0.440606 0.446695  0.016443 0.993293 1 0 1.000000
aluminium
0  -4.305640 -19.501816 54.861839  -0.778672 0.440606 0.446695  0.016443 0.993293 1 0 1.000000
0  -4.454470 -19.601036 54.595745  0.212594 0.285252 -0.934577  0.016443 0.993293 1 0 1.000000
0  -4.431920 -19.840065 55.100868  0.017050 0.152635 -0.988136  0.016443 0.993293 1 0 1.000000
aluminium
0  -4.431920 -19.840065 55.100868  0.017050 0.152635 -0.988136  0.016443 0.993293 1 0 1.000000
0  -4.454470 -19.601036 54.595745  0.212594 0.285252 -0.934577  0.016443 0.993293 1 0 1.000000
0  -3.782480 -20.557156 54.595745  0.210823 0.281723 -0.936048  0.016443 0.993293 1 0 1.000000
aluminium
0  -3.989940 -20.457935 55.100868  0.017853 0.151222 -0.988339  0.016443 0.993293 1 0 1.000000
0  -4.431920 -19.840065 55.100868  0.017050 0.152635 -0.988136  0.016443 0.993293 1 0 1.000000
0  -3.782480 -20.557156 54.595745  0.210823 0.281723 -0.936048  0.016443 0.993293 1 0 1.000000
aluminium
0  -3.363050 -20.214396 55.055767  0.765368 0.582590 -0.273497  0.016443 0.993293 1 0 1.000000
0  -3.989940 -20.457935 55.100868  0.017853 0.151222 -0.988339  0.016443 0.993293 1 0 1.000000
0  -3.782480 -20.557156 54.595745  0.210823 0.281723 -0.936048  0.016443 0.993293 1 0 1.000000
aluminium
0  -3.782480 -20.557156 54.595745  0.210823 0.281723 -0.936048  0.016443 0.993293 1 0 1.000000
0  -3.426190 -20.611275 54.550652  0.568014 0.496776 -0.656181  0.016443 0.993293 1 0 1.000000
0  -3.363050 -20.214396 55.055767  0.765368 0.582590 -0.273497  0.016443 0.993293 1 0 1.000000
aluminium
0  -3.363050 -20.214396 55.055767  0.765368 0.582590 -0.273497  0.016443 0.993293 1 0 1.000000
0  -3.426190 -20.611275 54.550652  0.568014 0.496776 -0.656181  0.016443 0.993293 1 0 1.000000
0  -4.404860 -19.240234 54.550652  0.571267 0.499473 -0.651291  0.016443 0.993293 1 0 1.000000
aluminium
0  -4.404860 -19.240234 54.550652  0.571267 0.499473 -0.651291  0.016443 0.993293 1 0 1.000000
0  -4.003470 -19.321415 55.078316  0.766149 0.581949 -0.272673  0.016443 0.993293 1 0 1.000000
0  -3.363050 -20.214396 55.055767  0.765368 0.582590 -0.273497  0.016443 0.993293 1 0 1.000000
aluminium
0  -4.404860 -19.240234 54.550652  0.571267 0.499473 -0.651291  0.016443 0.993293 1 0 1.000000
0  -4.305640 -19.501816 54.861839  -0.778672 0.440606 0.446695  0.016443 0.993293 1 0 1.000000
0  -4.003470 -19.321415 55.078316  0.766149 0.581949 -0.272673  0.016443 0.993293 1 0 1.000000
aluminium
0  -4.305640 -19.501816 54.861839  -0.778672 0.440606 0.446695  0.016443 0.993293 1 0 1.000000
0  -4.431920 -19.840065 55.100868  0.017050 0.152635 -0.988136  0.016443 0.993293 1 0 1.000000
0  -4.003470 -19.321415 55.078316  0.766149 0.581949 -0.272673  0.016443 0.993293 1 0 1.000000
aluminium
0  -11.031451 -47.879883 80.036514  -0.000272 -0.996211 -0.086967  0.016443 0.993293 1 0 1.000000
0  -11.031451 -47.767128 80.036514  -0.000007 0.086618 -0.996242  0.016443 0.993293 1 0 1.000000
0  -10.684181 -47.767128 79.950829  -0.382718 0.080045 -0.920391  0.016443 0.993293 1 0 1.000000
aluminium
0  -11.383231 -47.767128 79.950829  0.382535 0.080037 -0.920468  0.016443 0.993293 1 0 1.000000
0  -11.031451 -47.767128 80.036514  -0.000007 0.086618 -0.996242  0.016443 0.993293 1 0 1.000000
0  -11.031451 -47.879883 80.036514  -0.000272 -0.996211 -0.086967  0.016443 0.993293 1 0 1.000000
aluminium
0  -11.396761 -47.879883 79.991417  0.000169 -0.996170 -0.087441  0.016443 0.993293 1 0 1.000000
0  -11.383231 -47.767128 79.950829  0.382535 0.080037 -0.920468  0.016443 0.993293 1 0 1.000000
0  -11.031451 -47.879883 80.036514  -0.000272 -0.996211 -0.086967  0.016443 0.993293 1 0 1.000000
aluminium
0  -11.671871 -47.744579 79.774940  0.707024 0.061120 -0.704543  0.016443 0.993293 1 0 1.000000
0  -11.383231 -47.767128 79.950829  0.382535 0.080037 -0.920468  0.016443 0.993293 1 0 1.000000
0  -11.396761 -47.879883 79.991417  0.000169 -0.996170 -0.087441  0.016443 0.993293 1 0 1.000000
aluminium
0  -11.870311 -47.658894 78.760185  0.923825 -0.033694 0.381329  0.016443 0.993293 1 0 1.000000
0  -11.901880 -47.767128 78.760185  0.000010 -0.996211 -0.086974  0.016443 0.993293 1 0 1.000000
0  -11.671871 -47.636345 78.494095  0.707033 -0.061875 0.704469  0.016443 0.993293 1 0 1.000000
aluminium
0  -11.901880 -47.767128 78.760185  0.000010 -0.996211 -0.086974  0.016443 0.993293 1 0 1.000000
0  -11.870311 -47.658894 78.760185  0.923825 -0.033694 0.381329  0.016443 0.993293 1 0 1.000000
0  -11.978551 -47.789684 79.111969  0.000018 -0.996207 -0.087014  0.016443 0.993293 1 0 1.000000
aluminium
0  -11.870311 -47.658894 78.760185  0.923825 -0.033694 0.381329  0.016443 0.993293 1 0 1.000000
0  -11.933452 -47.703995 79.111969  1.000000 0.000014 -0.000006  0.016443 0.993293 1 0 1.000000
0  -11.978551 -47.789684 79.111969  0.000018 -0.996207 -0.087014  0.016443 0.993293 1 0 1.000000
aluminium
0  -11.978551 -47.789684 79.111969  0.000018 -0.996207 -0.087014  0.016443 0.993293 1 0 1.000000
0  -11.933452 -47.703995 79.111969  1.000000 0.000014 -0.000006  0.016443 0.993293 1 0 1.000000
0  -11.870311 -47.726543 79.463745  0.923853 0.032910 -0.381331  0.016443 0.993293 1 0 1.000000
aluminium
0  -11.870311 -47.726543 79.463745  0.923853 0.032910 -0.381331  0.016443 0.993293 1 0 1.000000
0  -11.901880 -47.834785 79.463745  -0.000007 -0.996209 -0.086989  0.016443 0.993293 1 0 1.000000
0  -11.978551 -47.789684 79.111969  0.000018 -0.996207 -0.087014  0.016443 0.993293 1 0 1.000000
aluminium
0  -11.901880 -47.834785 79.463745  -0.000007 -0.996209 -0.086989  0.016443 0.993293 1 0 1.000000
0  -11.870311 -47.726543 79.463745  0.923853 0.032910 -0.381331  0.016443 0.993293 1 0 1.000000
0  -11.671871 -47.744579 79.774940  0.707024 0.061120 -0.704543  0.016443 0.993293 1 0 1.000000
aluminium
0  -11.671871 -47.744579 79.774940  0.707024 0.061120 -0.704543  0.016443 0.993293 1 0 1.000000
0  -11.703441 -47.857334 79.774940  -0.000004 -0.996210 -0.086986  0.016443 0.993293 1 0 1.000000
0  -11.901880 -47.834785 79.463745  -0.000007 -0.996209 -0.086989  0.016443 0.993293 1 0 1.000000
aluminium
0  -11.703441 -47.857334 79.774940  -0.000004 -0.996210 -0.086986  0.016443 0.993293 1 0 1.000000
0  -11.671871 -47.744579 79.774940  0.707024 0.061120 -0.704543  0.016443 0.993293 1 0 1.000000
0  -11.396761 -47.879883 79.991417  0.000169 -0.996170 -0.087441  0.016443 0.993293 1 0 1.000000
aluminium
0  -11.816191 -47.857334 79.905731  -0.000066 -0.996209 -0.086993  0.016443 0.993293 1 0 1.000000
0  -11.703441 -47.857334 79.774940  -0.000004 -0.996210 -0.086986  0.016443 0.993293 1 0 1.000000
0  -11.396761 -47.879883 79.991417  0.000169 -0.996170 -0.087441  0.016443 0.993293 1 0 1.000000
aluminium
0  -11.031451 -47.879883 80.212402  -0.000064 -0.996245 -0.086576  0.016443 0.993293 1 0 1.000000
0  -11.816191 -47.857334 79.905731  -0.000066 -0.996209 -0.086993  0.016443 0.993293 1 0 1.000000
0  -11.396761 -47.879883 79.991417  0.000169 -0.996170 -0.087441  0.016443 0.993293 1 0 1.000000
aluminium
0  -11.031451 -47.879883 80.036514  -0.000272 -0.996211 -0.086967  0.016443 0.993293 1 0 1.000000
0  -11.031451 -47.879883 80.212402  -0.000064 -0.996245 -0.086576  0.016443 0.993293 1 0 1.000000
0  -11.396761 -47.879883 79.991417  0.000169 -0.996170 -0.087441  0.016443 0.993293 1 0 1.000000
aluminium
0  -11.031451 -47.879883 80.212402  -0.000064 -0.996245 -0.086576  0.016443 0.993293 1 0 1.000000
0  -11.031451 -47.879883 80.036514  -0.000272 -0.996211 -0.086967  0.016443 0.993293 1 0 1.000000
0  -10.670650 -47.879883 79.991417  -0.000109 -0.996168 -0.087460  0.016443 0.993293 1 0 1.000000
aluminium
0  -10.684181 -47.767128 79.950829  -0.382718 0.080045 -0.920391  0.016443 0.993293 1 0 1.000000
0  -10.670650 -47.879883 79.991417  -0.000109 -0.996168 -0.087460  0.016443 0.993293 1 0 1.000000
0  -11.031451 -47.879883 80.036514  -0.000272 -0.996211 -0.086967  0.016443 0.993293 1 0 1.000000
aluminium
0  -10.670650 -47.879883 79.991417  -0.000109 -0.996168 -0.087460  0.016443 0.993293 1 0 1.000000
0  -10.684181 -47.767128 79.950829  -0.382718 0.080045 -0.920391  0.016443 0.993293 1 0 1.000000
0  -10.386521 -47.744579 79.774940  -0.707050 0.061128 -0.704517  0.016443 0.993293 1 0 1.000000
aluminium
0  -10.386521 -47.744579 79.774940  -0.707050 0.061128 -0.704517  0.016443 0.993293 1 0 1.000000
0  -10.368481 -47.857334 79.774940  -0.000004 -0.996211 -0.086969  0.016443 0.993293 1 0 1.000000
0  -10.670650 -47.879883 79.991417  -0.000109 -0.996168 -0.087460  0.016443 0.993293 1 0 1.000000
aluminium
0  -10.161021 -47.834785 79.463745  -0.000024 -0.996210 -0.086985  0.016443 0.993293 1 0 1.000000
0  -10.368481 -47.857334 79.774940  -0.000004 -0.996211 -0.086969  0.016443 0.993293 1 0 1.000000
0  -10.386521 -47.744579 79.774940  -0.707050 0.061128 -0.704517  0.016443 0.993293 1 0 1.000000
aluminium
0  -10.255732 -47.857334 79.905731  -0.000013 -0.996215 -0.086922  0.016443 0.993293 1 0 1.000000
0  -10.368481 -47.857334 79.774940  -0.000004 -0.996211 -0.086969  0.016443 0.993293 1 0 1.000000
0  -10.161021 -47.834785 79.463745  -0.000024 -0.996210 -0.086985  0.016443 0.993293 1 0 1.000000
aluminium
0  -9.931011 -47.789684 79.111969  -0.000012 -0.996207 -0.087015  0.016443 0.993293 1 0 1.000000
0  -10.255732 -47.857334 79.905731  -0.000013 -0.996215 -0.086922  0.016443 0.993293 1 0 1.000000
0  -10.161021 -47.834785 79.463745  -0.000024 -0.996210 -0.086985  0.016443 0.993293 1 0 1.000000
aluminium
0  -10.368481 -47.857334 79.774940  -0.000004 -0.996211 -0.086969  0.016443 0.993293 1 0 1.000000
0  -10.255732 -47.857334 79.905731  -0.000013 -0.996215 -0.086922  0.016443 0.993293 1 0 1.000000
0  -10.670650 -47.879883 79.991417  -0.000109 -0.996168 -0.087460  0.016443 0.993293 1 0 1.000000
aluminium
0  -10.255732 -47.857334 79.905731  -0.000013 -0.996215 -0.086922  0.016443 0.993293 1 0 1.000000
0  -11.031451 -47.879883 80.212402  -0.000064 -0.996245 -0.086576  0.016443 0.993293 1 0 1.000000
0  -10.670650 -47.879883 79.991417  -0.000109 -0.996168 -0.087460  0.016443 0.993293 1 0 1.000000
aluminium
0  -10.093371 -47.789684 79.111969  -0.000014 -0.996209 -0.086996  0.016443 0.993293 1 0 1.000000
0  -9.931011 -47.789684 79.111969  -0.000012 -0.996207 -0.087015  0.016443 0.993293 1 0 1.000000
0  -10.161021 -47.834785 79.463745  -0.000024 -0.996210 -0.086985  0.016443 0.993293 1 0 1.000000
aluminium
0  -9.931011 -47.789684 79.111969  -0.000012 -0.996207 -0.087015  0.016443 0.993293 1 0 1.000000
0  -10.093371 -47.789684 79.111969  -0.000014 -0.996209 -0.086996  0.016443 0.993293 1 0 1.000000
0  -10.161021 -47.767128 78.760185  -0.000034 -0.996207 -0.087010  0.016443 0.993293 1 0 1.000000
aluminium
0  -10.197101 -47.658894 78.760185  -0.923835 -0.033713 0.381304  0.016443 0.993293 1 0 1.000000
0  -10.161021 -47.767128 78.760185  -0.000034 -0.996207 -0.087010  0.016443 0.993293 1 0 1.000000
0  -10.093371 -47.789684 79.111969  -0.000014 -0.996209 -0.086996  0.016443 0.993293 1 0 1.000000
aluminium
0  -10.161021 -47.767128 78.760185  -0.000034 -0.996207 -0.087010  0.016443 0.993293 1 0 1.000000
0  -10.197101 -47.658894 78.760185  -0.923835 -0.033713 0.381304  0.016443 0.993293 1 0 1.000000
0  -10.386521 -47.636345 78.494095  -0.707044 -0.061904 0.704455  0.016443 0.993293 1 0 1.000000
aluminium
0  -10.386521 -47.636345 78.494095  -0.707044 -0.061904 0.704455  0.016443 0.993293 1 0 1.000000
0  -10.368481 -47.726543 78.453506  -0.000023 -0.996206 -0.087028  0.016443 0.993293 1 0 1.000000
0  -10.161021 -47.767128 78.760185  -0.000034 -0.996207 -0.087010  0.016443 0.993293 1 0 1.000000
aluminium
0  -10.368481 -47.726543 78.453506  -0.000023 -0.996206 -0.087028  0.016443 0.993293 1 0 1.000000
0  -10.386521 -47.636345 78.494095  -0.707044 -0.061904 0.704455  0.016443 0.993293 1 0 1.000000
0  -10.670650 -47.726543 78.232513  -0.000019 -0.996208 -0.086999  0.016443 0.993293 1 0 1.000000
aluminium
0  -10.255732 -47.726543 78.318207  -0.000020 -0.996212 -0.086957  0.016443 0.993293 1 0 1.000000
0  -10.368481 -47.726543 78.453506  -0.000023 -0.996206 -0.087028  0.016443 0.993293 1 0 1.000000
0  -10.670650 -47.726543 78.232513  -0.000019 -0.996208 -0.086999  0.016443 0.993293 1 0 1.000000
aluminium
0  -11.031451 -47.703995 78.011528  -0.000005 -0.996209 -0.086999  0.016443 0.993293 1 0 1.000000
0  -10.255732 -47.726543 78.318207  -0.000020 -0.996212 -0.086957  0.016443 0.993293 1 0 1.000000
0  -10.670650 -47.726543 78.232513  -0.000019 -0.996208 -0.086999  0.016443 0.993293 1 0 1.000000
aluminium
0  -11.031451 -47.703995 78.187416  -0.000808 -0.996174 -0.087387  0.016443 0.993293 1 0 1.000000
0  -11.031451 -47.703995 78.011528  -0.000005 -0.996209 -0.086999  0.016443 0.993293 1 0 1.000000
0  -10.670650 -47.726543 78.232513  -0.000019 -0.996208 -0.086999  0.016443 0.993293 1 0 1.000000
aluminium
0  -11.031451 -47.703995 78.011528  -0.000005 -0.996209 -0.086999  0.016443 0.993293 1 0 1.000000
0  -11.031451 -47.703995 78.187416  -0.000808 -0.996174 -0.087387  0.016443 0.993293 1 0 1.000000
0  -11.396761 -47.726543 78.232513  -0.000008 -0.996212 -0.086959  0.016443 0.993293 1 0 1.000000
aluminium
0  -11.383231 -47.613796 78.277618  0.382640 -0.080767 0.920360  0.016443 0.993293 1 0 1.000000
0  -11.396761 -47.726543 78.232513  -0.000008 -0.996212 -0.086959  0.016443 0.993293 1 0 1.000000
0  -11.031451 -47.703995 78.187416  -0.000808 -0.996174 -0.087387  0.016443 0.993293 1 0 1.000000
aluminium
0  -11.396761 -47.726543 78.232513  -0.000008 -0.996212 -0.086959  0.016443 0.993293 1 0 1.000000
0  -11.383231 -47.613796 78.277618  0.382640 -0.080767 0.920360  0.016443 0.993293 1 0 1.000000
0  -11.671871 -47.636345 78.494095  0.707033 -0.061875 0.704469  0.016443 0.993293 1 0 1.000000
aluminium
0  -11.671871 -47.636345 78.494095  0.707033 -0.061875 0.704469  0.016443 0.993293 1 0 1.000000
0  -11.703441 -47.726543 78.453506  -0.000010 -0.996206 -0.087023  0.016443 0.993293 1 0 1.000000
0  -11.396761 -47.726543 78.232513  -0.000008 -0.996212 -0.086959  0.016443 0.993293 1 0 1.000000
aluminium
0  -11.703441 -47.726543 78.453506  -0.000010 -0.996206 -0.087023  0.016443 0.993293 1 0 1.000000
0  -11.671871 -47.636345 78.494095  0.707033 -0.061875 0.704469  0.016443 0.993293 1 0 1.000000
0  -11.901880 -47.767128 78.760185  0.000010 -0.996211 -0.086974  0.016443 0.993293 1 0 1.000000
aluminium
0  -11.816191 -47.726543 78.318207  -0.000007 -0.996209 -0.086994  0.016443 0.993293 1 0 1.000000
0  -11.703441 -47.726543 78.453506  -0.000010 -0.996206 -0.087023  0.016443 0.993293 1 0 1.000000
0  -11.901880 -47.767128 78.760185  0.000010 -0.996211 -0.086974  0.016443 0.993293 1 0 1.000000
aluminium
0  -12.131891 -47.789684 79.111969  -0.000020 -0.996207 -0.087010  0.016443 0.993293 1 0 1.000000
0  -11.816191 -47.726543 78.318207  -0.000007 -0.996209 -0.086994  0.016443 0.993293 1 0 1.000000
0  -11.901880 -47.767128 78.760185  0.000010 -0.996211 -0.086974  0.016443 0.993293 1 0 1.000000
aluminium
0  -11.978551 -47.789684 79.111969  0.000018 -0.996207 -0.087014  0.016443 0.993293 1 0 1.000000
0  -12.131891 -47.789684 79.111969  -0.000020 -0.996207 -0.087010  0.016443 0.993293 1 0 1.000000
0  -11.901880 -47.767128 78.760185  0.000010 -0.996211 -0.086974  0.016443 0.993293 1 0 1.000000
aluminium
0  -12.131891 -47.789684 79.111969  -0.000020 -0.996207 -0.087010  0.016443 0.993293 1 0 1.000000
0  -11.978551 -47.789684 79.111969  0.000018 -0.996207 -0.087014  0.016443 0.993293 1 0 1.000000
0  -11.901880 -47.834785 79.463745  -0.000007 -0.996209 -0.086989  0.016443 0.993293 1 0 1.000000
aluminium
0  -11.816191 -47.857334 79.905731  -0.000066 -0.996209 -0.086993  0.016443 0.993293 1 0 1.000000
0  -12.131891 -47.789684 79.111969  -0.000020 -0.996207 -0.087010  0.016443 0.993293 1 0 1.000000
0  -11.901880 -47.834785 79.463745  -0.000007 -0.996209 -0.086989  0.016443 0.993293 1 0 1.000000
aluminium
0  -11.703441 -47.857334 79.774940  -0.000004 -0.996210 -0.086986  0.016443 0.993293 1 0 1.000000
0  -11.816191 -47.857334 79.905731  -0.000066 -0.996209 -0.086993  0.016443 0.993293 1 0 1.000000
0  -11.901880 -47.834785 79.463745  -0.000007 -0.996209 -0.086989  0.016443 0.993293 1 0 1.000000
aluminium
0  -11.703441 -47.726543 78.453506  -0.000010 -0.996206 -0.087023  0.016443 0.993293 1 0 1.000000
0  -11.816191 -47.726543 78.318207  -0.000007 -0.996209 -0.086994  0.016443 0.993293 1 0 1.000000
0  -11.396761 -47.726543 78.232513  -0.000008 -0.996212 -0.086959  0.016443 0.993293 1 0 1.000000
aluminium
0  -11.816191 -47.726543 78.318207  -0.000007 -0.996209 -0.086994  0.016443 0.993293 1 0 1.000000
0  -11.031451 -47.703995 78.011528  -0.000005 -0.996209 -0.086999  0.016443 0.993293 1 0 1.000000
0  -11.396761 -47.726543 78.232513  -0.000008 -0.996212 -0.086959  0.016443 0.993293 1 0 1.000000
aluminium
0  -10.386521 -47.636345 78.494095  -0.707044 -0.061904 0.704455  0.016443 0.993293 1 0 1.000000
0  -10.684181 -47.613796 78.277618  -0.382543 -0.080790 0.920399  0.016443 0.993293 1 0 1.000000
0  -10.670650 -47.726543 78.232513  -0.000019 -0.996208 -0.086999  0.016443 0.993293 1 0 1.000000
aluminium
0  -10.670650 -47.726543 78.232513  -0.000019 -0.996208 -0.086999  0.016443 0.993293 1 0 1.000000
0  -10.684181 -47.613796 78.277618  -0.382543 -0.080790 0.920399  0.016443 0.993293 1 0 1.000000
0  -11.031451 -47.703995 78.187416  -0.000808 -0.996174 -0.087387  0.016443 0.993293 1 0 1.000000
aluminium
0  -10.684181 -47.613796 78.277618  -0.382543 -0.080790 0.920399  0.016443 0.993293 1 0 1.000000
0  -11.031451 -47.613796 78.232513  0.000032 -0.087343 0.996178  0.016443 0.993293 1 0 1.000000
0  -11.031451 -47.703995 78.187416  -0.000808 -0.996174 -0.087387  0.016443 0.993293 1 0 1.000000
aluminium
0  -11.031451 -47.703995 78.187416  -0.000808 -0.996174 -0.087387  0.016443 0.993293 1 0 1.000000
0  -11.031451 -47.613796 78.232513  0.000032 -0.087343 0.996178  0.016443 0.993293 1 0 1.000000
0  -11.383231 -47.613796 78.277618  0.382640 -0.080767 0.920360  0.016443 0.993293 1 0 1.000000
aluminium
0  -10.368481 -47.726543 78.453506  -0.000023 -0.996206 -0.087028  0.016443 0.993293 1 0 1.000000
0  -10.255732 -47.726543 78.318207  -0.000020 -0.996212 -0.086957  0.016443 0.993293 1 0 1.000000
0  -10.161021 -47.767128 78.760185  -0.000034 -0.996207 -0.087010  0.016443 0.993293 1 0 1.000000
aluminium
0  -10.255732 -47.726543 78.318207  -0.000020 -0.996212 -0.086957  0.016443 0.993293 1 0 1.000000
0  -9.931011 -47.789684 79.111969  -0.000012 -0.996207 -0.087015  0.016443 0.993293 1 0 1.000000
0  -10.161021 -47.767128 78.760185  -0.000034 -0.996207 -0.087010  0.016443 0.993293 1 0 1.000000
aluminium
0  -11.541080 -43.762257 83.870018  0.058780 0.100962 -0.993152  0.016443 0.993293 1 0 1.000000
0  -11.716971 -40.984097 84.131599  0.058792 0.100961 -0.993152  0.016443 0.993293 1 0 1.000000
0  -9.795712 -41.218613 84.221786  0.058790 0.100961 -0.993152  0.016443 0.993293 1 0 1.000000
aluminium
0  -9.795712 -41.218613 84.221786  0.058746 0.100958 -0.993155  0.016443 0.993293 1 0 1.000000
0  -10.503781 -43.870495 83.915115  0.058790 0.101000 -0.993148  0.016443 0.993293 1 0 1.000000
0  -11.541080 -43.762257 83.870018  0.058794 0.100963 -0.993151  0.016443 0.993293 1 0 1.000000
aluminium
0  -10.896152 -43.153400 81.403038  0.000015 -0.086972 0.996211  0.016443 0.993293 1 0 1.000000
0  -11.252441 -43.153400 81.403038  0.000001 -0.086994 0.996209  0.016443 0.993293 1 0 1.000000
0  -11.428331 -43.464596 81.403038  0.000018 -0.086997 0.996208  0.016443 0.993293 1 0 1.000000
aluminium
0  -10.896152 -43.153400 81.403038  0.000015 -0.086972 0.996211  0.016443 0.993293 1 0 1.000000
0  -11.428331 -43.464596 81.403038  0.000018 -0.086997 0.996208  0.016443 0.993293 1 0 1.000000
0  -11.252441 -43.771275 81.357941  0.000022 -0.087019 0.996207  0.016443 0.993293 1 0 1.000000
aluminium
0  -11.252441 -43.771275 81.357941  0.000022 -0.087019 0.996207  0.016443 0.993293 1 0 1.000000
0  -10.711241 -43.464596 81.403038  -0.000005 -0.086999 0.996208  0.016443 0.993293 1 0 1.000000
0  -10.896152 -43.153400 81.403038  0.000015 -0.086972 0.996211  0.016443 0.993293 1 0 1.000000
aluminium
0  -11.252441 -43.771275 81.357941  0.000022 -0.087019 0.996207  0.016443 0.993293 1 0 1.000000
0  -10.896152 -43.771275 81.357941  -0.000000 -0.087027 0.996206  0.016443 0.993293 1 0 1.000000
0  -10.711241 -43.464596 81.403038  -0.000005 -0.086999 0.996208  0.016443 0.993293 1 0 1.000000
aluminium
0  11.700350 -5.141973 49.332581  0.999094 0.016636 0.039181  0.016443 0.993293 1 0 1.000000
0  11.389159 -5.146482 49.332581  0.003712 -0.999478 -0.032086  0.016443 0.993293 1 0 1.000000
0  12.304688 -4.794703 33.795624  0.003709 -0.999478 -0.032092  0.016443 0.993293 1 0 1.000000
aluminium
0  12.304688 -4.794703 33.795624  0.003709 -0.999478 -0.032092  0.016443 0.993293 1 0 1.000000
0  12.620388 -4.790193 33.795624  0.999105 0.016659 0.038877  0.016443 0.993293 1 0 1.000000
0  11.700350 -5.141973 49.332581  0.999094 0.016636 0.039181  0.016443 0.993293 1 0 1.000000
aluminium
0  11.700350 -5.141973 49.332581  0.999094 0.016636 0.039181  0.016443 0.993293 1 0 1.000000
0  12.620388 -4.790193 33.795624  0.999105 0.016659 0.038877  0.016443 0.993293 1 0 1.000000
0  12.575287 -1.935363 33.795624  0.999111 0.015558 0.039171  0.016443 0.993293 1 0 1.000000
aluminium
0  12.575287 -1.935363 33.795624  0.999111 0.015558 0.039171  0.016443 0.993293 1 0 1.000000
0  11.655250 -2.287143 49.576115  0.999103 0.015978 0.039212  0.016443 0.993293 1 0 1.000000
0  11.700350 -5.141973 49.332581  0.999094 0.016636 0.039181  0.016443 0.993293 1 0 1.000000
aluminium
0  11.655250 -2.287143 49.576115  0.999103 0.015978 0.039212  0.016443 0.993293 1 0 1.000000
0  12.575287 -1.935363 33.795624  0.999111 0.015558 0.039171  0.016443 0.993293 1 0 1.000000
0  12.255077 -1.935363 33.809158  -0.003689 0.999479 0.032078  0.016443 0.993293 1 0 1.000000
aluminium
0  12.255077 -1.935363 33.809158  -0.003689 0.999479 0.032079  0.016443 0.993293 1 0 1.000000
0  11.348569 -2.287143 49.576115  -0.003711 0.999477 0.032122  0.016443 0.993293 1 0 1.000000
0  11.655250 -2.287143 49.576115  0.999104 0.015955 0.039210  0.016443 0.993293 1 0 1.000000
aluminium
0  -10.386521 -47.744579 79.774940  -0.707050 0.061128 -0.704517  0.016443 0.993293 1 0 1.000000
0  -10.197101 -47.726543 79.463745  -0.923869 0.032913 -0.381292  0.016443 0.993293 1 0 1.000000
0  -10.161021 -47.834785 79.463745  -0.000024 -0.996210 -0.086985  0.016443 0.993293 1 0 1.000000
aluminium
0  -10.161021 -47.834785 79.463745  -0.000024 -0.996210 -0.086985  0.016443 0.993293 1 0 1.000000
0  -10.197101 -47.726543 79.463745  -0.923869 0.032913 -0.381292  0.016443 0.993293 1 0 1.000000
0  -10.093371 -47.789684 79.111969  -0.000014 -0.996209 -0.086996  0.016443 0.993293 1 0 1.000000
aluminium
0  -10.197101 -47.726543 79.463745  -0.923869 0.032913 -0.381292  0.016443 0.993293 1 0 1.000000
0  -10.124940 -47.703995 79.111969  -1.000000 -0.000379 -0.000021  0.016443 0.993293 1 0 1.000000
0  -10.093371 -47.789684 79.111969  -0.000014 -0.996209 -0.086996  0.016443 0.993293 1 0 1.000000
aluminium
0  -10.093371 -47.789684 79.111969  -0.000014 -0.996209 -0.086996  0.016443 0.993293 1 0 1.000000
0  -10.124940 -47.703995 79.111969  -1.000000 -0.000379 -0.000021  0.016443 0.993293 1 0 1.000000
0  -10.197101 -47.658894 78.760185  -0.923835 -0.033713 0.381304  0.016443 0.993293 1 0 1.000000
aluminium
0  12.025068 -2.273612 49.224339  0.002435 0.048804 -0.998805  0.016443 0.993293 1 0 1.000000
0  12.020558 -5.281783 49.089035  0.002523 0.048802 -0.998805  0.016443 0.993293 1 0 1.000000
0  11.790549 -5.511793 49.066486  0.001800 0.048218 -0.998835  0.016443 0.993293 1 0 1.000000
aluminium
0  11.772510 -1.935363 49.242382  0.001183 0.047605 -0.998865  0.016443 0.993293 1 0 1.000000
0  12.025068 -2.273612 49.224339  0.002435 0.048804 -0.998805  0.016443 0.993293 1 0 1.000000
0  11.790549 -5.511793 49.066486  0.001800 0.048218 -0.998835  0.016443 0.993293 1 0 1.000000
aluminium
0  0.375739 -5.516304 49.066486  0.000252 0.046298 -0.998928  0.016443 0.993293 1 0 1.000000
0  11.772510 -1.935363 49.242382  0.001183 0.047605 -0.998865  0.016443 0.993293 1 0 1.000000
0  11.790549 -5.511793 49.066486  0.001800 0.048218 -0.998835  0.016443 0.993293 1 0 1.000000
aluminium
0  11.772510 -1.935363 49.242382  0.001183 0.047605 -0.998865  0.016443 0.993293 1 0 1.000000
0  0.375739 -5.516304 49.066486  0.000252 0.046298 -0.998928  0.016443 0.993293 1 0 1.000000
0  0.375738 -1.984974 49.242382  0.000024 0.045498 -0.998964  0.016443 0.993293 1 0 1.000000
aluminium
0  0.375738 -1.984974 49.242382  0.000024 0.045498 -0.998964  0.016443 0.993293 1 0 1.000000
0  0.375739 -5.516304 49.066486  0.000252 0.046298 -0.998928  0.016443 0.993293 1 0 1.000000
0  0.127688 -5.259233 49.089035  -0.000158 0.044727 -0.998999  0.016443 0.993293 1 0 1.000000
aluminium
0  0.127688 -5.259233 49.089035  -0.000158 0.044727 -0.998999  0.016443 0.993293 1 0 1.000000
0  0.154748 -2.201454 49.224339  -0.000047 0.044700 -0.999000  0.016443 0.993293 1 0 1.000000
0  0.375738 -1.984974 49.242382  0.000024 0.045498 -0.998964  0.016443 0.993293 1 0 1.000000
aluminium
0  -4.648401 -10.702805 51.907791  -0.570036 0.821582 -0.007945  0.016443 0.993293 1 0 1.000000
0  -4.639381 -10.716334 51.005787  -0.573787 0.818968 -0.007787  0.016443 0.993293 1 0 1.000000
0  -6.876339 -12.272285 51.028339  -0.573789 0.818968 -0.007587  0.016443 0.993293 1 0 1.000000
aluminium
0  -6.876339 -12.272285 51.028339  -0.573784 0.818971 -0.007606  0.016443 0.993293 1 0 1.000000
0  -6.876339 -12.276796 51.930340  -0.574115 0.818740 -0.007571  0.016443 0.993293 1 0 1.000000
0  -4.648401 -10.702805 51.907791  -0.570014 0.821596 -0.008034  0.016443 0.993293 1 0 1.000000
aluminium
0  -4.648401 -10.702805 51.907791  -0.570014 0.821596 -0.008034  0.016443 0.993293 1 0 1.000000
0  -6.876339 -12.276796 51.930340  -0.574115 0.818740 -0.007571  0.016443 0.993293 1 0 1.000000
0  -6.799670 -12.380525 52.043095  0.064323 -0.084392 0.994354  0.016443 0.993293 1 0 1.000000
aluminium
0  -6.799670 -12.380525 52.043095  0.064323 -0.084392 0.994354  0.016443 0.993293 1 0 1.000000
0  -4.562712 -10.811045 52.020538  0.069505 -0.090784 0.993442  0.016443 0.993293 1 0 1.000000
0  -4.648401 -10.702805 51.907791  -0.570014 0.821596 -0.008034  0.016443 0.993293 1 0 1.000000
aluminium
0  -4.562712 -10.811045 52.020538  0.069505 -0.090784 0.993442  0.016443 0.993293 1 0 1.000000
0  -6.799670 -12.380525 52.043095  0.064323 -0.084392 0.994354  0.016443 0.993293 1 0 1.000000
0  -6.723001 -12.493276 51.975437  0.297575 -0.414980 0.859792  0.016443 0.993293 1 0 1.000000
aluminium
0  -6.723001 -12.493276 51.975437  0.297575 -0.414980 0.859792  0.016443 0.993293 1 0 1.000000
0  -4.486041 -10.919285 51.975437  0.297367 -0.414686 0.860005  0.016443 0.993293 1 0 1.000000
0  -4.562712 -10.811045 52.020538  0.069505 -0.090784 0.993442  0.016443 0.993293 1 0 1.000000
aluminium
0  -10.869092 -44.344044 83.031158  0.499917 -0.808034 -0.311711  0.016443 0.993293 1 0 1.000000
0  -10.869092 -43.847946 81.799919  0.499921 -0.808029 -0.311718  0.016443 0.993293 1 0 1.000000
0  -10.652611 -43.505184 81.930717  1.000000 -0.000005 0.000002  0.016443 0.993293 1 0 1.000000
aluminium
0  -11.297541 -43.847946 81.799919  -0.499923 -0.808030 -0.311711  0.016443 0.993293 1 0 1.000000
0  -10.869092 -43.847946 81.799919  0.499921 -0.808029 -0.311718  0.016443 0.993293 1 0 1.000000
0  -10.869092 -44.344044 83.031158  0.499917 -0.808034 -0.311711  0.016443 0.993293 1 0 1.000000
aluminium
0  -11.297541 -43.847946 81.799919  -0.499923 -0.808030 -0.311711  0.016443 0.993293 1 0 1.000000
0  -10.869092 -44.344044 83.031158  0.499917 -0.808034 -0.311711  0.016443 0.993293 1 0 1.000000
0  -11.297541 -44.344044 83.031158  -0.499930 -0.808017 -0.311735  0.016443 0.993293 1 0 1.000000
aluminium
0  -11.505000 -43.505184 81.930717  -1.000000 0.000010 0.000003  0.016443 0.993293 1 0 1.000000
0  -11.297541 -43.847946 81.799919  -0.499923 -0.808030 -0.311711  0.016443 0.993293 1 0 1.000000
0  -11.297541 -44.344044 83.031158  -0.499930 -0.808017 -0.311735  0.016443 0.993293 1 0 1.000000
aluminium
0  -11.297541 -44.344044 83.031158  -0.499930 -0.808017 -0.311735  0.016443 0.993293 1 0 1.000000
0  -11.505000 -43.992264 83.166458  -1.000000 0.000021 0.000010  0.016443 0.993293 1 0 1.000000
0  -11.505000 -43.505184 81.930717  -1.000000 0.000010 0.000003  0.016443 0.993293 1 0 1.000000
aluminium
0  -11.505000 -43.505184 81.930717  -1.000000 0.000010 0.000003  0.016443 0.993293 1 0 1.000000
0  -11.505000 -43.992264 83.166458  -1.000000 0.000021 0.000010  0.016443 0.993293 1 0 1.000000
0  -11.297541 -43.649502 83.297241  -0.499943 0.808012 0.311726  0.016443 0.993293 1 0 1.000000
aluminium
0  -11.297541 -43.649502 83.297241  -0.499943 0.808012 0.311726  0.016443 0.993293 1 0 1.000000
0  -11.297541 -43.166935 82.061501  -0.499924 0.808023 0.311727  0.016443 0.993293 1 0 1.000000
0  -11.505000 -43.505184 81.930717  -1.000000 0.000010 0.000003  0.016443 0.993293 1 0 1.000000
aluminium
0  -11.297541 -43.649502 83.297241  -0.499943 0.808012 0.311726  0.016443 0.993293 1 0 1.000000
0  -10.869092 -43.166935 82.061501  0.499917 0.808035 0.311708  0.016443 0.993293 1 0 1.000000
0  -11.297541 -43.166935 82.061501  -0.499924 0.808023 0.311727  0.016443 0.993293 1 0 1.000000
aluminium
0  -11.297541 -43.649502 83.297241  -0.499943 0.808012 0.311726  0.016443 0.993293 1 0 1.000000
0  -10.869092 -43.649502 83.297241  0.499831 0.808038 0.311839  0.016443 0.993293 1 0 1.000000
0  -10.869092 -43.166935 82.061501  0.499917 0.808035 0.311708  0.016443 0.993293 1 0 1.000000
aluminium
0  -10.869092 -43.649502 83.297241  0.499831 0.808038 0.311839  0.016443 0.993293 1 0 1.000000
0  -10.652611 -43.505184 81.930717  1.000000 -0.000005 0.000002  0.016443 0.993293 1 0 1.000000
0  -10.869092 -43.166935 82.061501  0.499917 0.808035 0.311708  0.016443 0.993293 1 0 1.000000
aluminium
0  -10.869092 -43.649502 83.297241  0.499831 0.808038 0.311839  0.016443 0.993293 1 0 1.000000
0  -10.652611 -43.992264 83.166458  1.000000 0.000019 0.000034  0.016443 0.993293 1 0 1.000000
0  -10.652611 -43.505184 81.930717  1.000000 -0.000005 0.000002  0.016443 0.993293 1 0 1.000000
aluminium
0  -10.652611 -43.505184 81.930717  1.000000 -0.000005 0.000002  0.016443 0.993293 1 0 1.000000
0  -10.652611 -43.992264 83.166458  1.000000 0.000019 0.000034  0.016443 0.993293 1 0 1.000000
0  -10.869092 -44.344044 83.031158  0.499917 -0.808034 -0.311711  0.016443 0.993293 1 0 1.000000
aluminium
0  -6.799670 -12.380525 52.043095  -0.809584 -0.587001 -0.001902  0.016443 0.993293 1 0 1.000000
0  -6.876339 -12.276796 51.930340  -0.808997 -0.587809 -0.001802  0.016443 0.993293 1 0 1.000000
0  -6.876339 -12.272285 51.028339  -0.809003 -0.587802 -0.001801  0.016443 0.993293 1 0 1.000000
aluminium
0  -6.723001 -12.493276 51.975437  -0.809607 -0.586970 -0.001897  0.016443 0.993293 1 0 1.000000
0  -6.799670 -12.380525 52.043095  -0.809584 -0.587001 -0.001902  0.016443 0.993293 1 0 1.000000
0  -6.876339 -12.272285 51.028339  -0.809003 -0.587802 -0.001801  0.016443 0.993293 1 0 1.000000
aluminium
0  -6.876339 -12.272285 51.028339  -0.809008 -0.587796 -0.001799  0.016443 0.993293 1 0 1.000000
0  -6.745552 -12.461705 51.028339  -0.809602 -0.586977 -0.001795  0.016443 0.993293 1 0 1.000000
0  -6.723001 -12.493276 51.975437  -0.809608 -0.586968 -0.001897  0.016443 0.993293 1 0 1.000000
aluminium
0  -10.652611 -43.992264 83.166458  0.997359 -0.037319 0.062306  0.016443 0.993293 1 0 1.000000
0  -10.810461 -44.145607 83.382927  0.699877 -0.433929 0.567343  0.016443 0.993293 1 0 1.000000
0  -10.941252 -44.321495 83.252144  0.349824 -0.915323 0.199517  0.016443 0.993293 1 0 1.000000
aluminium
0  -10.941252 -43.978733 83.518234  0.350035 0.047563 0.935528  0.016443 0.993293 1 0 1.000000
0  -10.810461 -44.145607 83.382927  0.699877 -0.433929 0.567343  0.016443 0.993293 1 0 1.000000
0  -10.652611 -43.992264 83.166458  0.997359 -0.037319 0.062306  0.016443 0.993293 1 0 1.000000
aluminium
0  -10.652611 -43.992264 83.166458  0.997359 -0.037319 0.062306  0.016443 0.993293 1 0 1.000000
0  -10.869092 -43.649502 83.297241  0.492102 0.656057 0.572211  0.016443 0.993293 1 0 1.000000
0  -10.941252 -43.978733 83.518234  0.350035 0.047563 0.935528  0.016443 0.993293 1 0 1.000000
aluminium
0  -11.198321 -43.978733 83.518234  -0.350255 0.047539 0.935447  0.016443 0.993293 1 0 1.000000
0  -10.941252 -43.978733 83.518234  0.350035 0.047563 0.935528  0.016443 0.993293 1 0 1.000000
0  -10.869092 -43.649502 83.297241  0.492102 0.656057 0.572211  0.016443 0.993293 1 0 1.000000
aluminium
0  -10.869092 -43.649502 83.297241  0.492102 0.656057 0.572211  0.016443 0.993293 1 0 1.000000
0  -11.297541 -43.649502 83.297241  -0.479104 0.614452 0.626824  0.016443 0.993293 1 0 1.000000
0  -11.198321 -43.978733 83.518234  -0.350255 0.047539 0.935447  0.016443 0.993293 1 0 1.000000
aluminium
0  -11.505000 -43.992264 83.166458  -0.968064 -0.114526 0.223015  0.016443 0.993293 1 0 1.000000
0  -11.198321 -43.978733 83.518234  -0.350255 0.047539 0.935447  0.016443 0.993293 1 0 1.000000
0  -11.297541 -43.649502 83.297241  -0.479104 0.614452 0.626824  0.016443 0.993293 1 0 1.000000
aluminium
0  -11.505000 -43.992264 83.166458  -0.968064 -0.114526 0.223015  0.016443 0.993293 1 0 1.000000
0  -11.320090 -44.145607 83.382927  -0.689715 -0.426426 0.585195  0.016443 0.993293 1 0 1.000000
0  -11.198321 -43.978733 83.518234  -0.350255 0.047539 0.935447  0.016443 0.993293 1 0 1.000000
aluminium
0  -11.198321 -44.321495 83.252144  -0.344516 -0.912223 0.221717  0.016443 0.993293 1 0 1.000000
0  -11.320090 -44.145607 83.382927  -0.689715 -0.426426 0.585195  0.016443 0.993293 1 0 1.000000
0  -11.505000 -43.992264 83.166458  -0.968064 -0.114526 0.223015  0.016443 0.993293 1 0 1.000000
aluminium
0  -11.505000 -43.992264 83.166458  -0.968064 -0.114526 0.223015  0.016443 0.993293 1 0 1.000000
0  -11.297541 -44.344044 83.031158  -0.558235 -0.819417 0.130113  0.016443 0.993293 1 0 1.000000
0  -11.198321 -44.321495 83.252144  -0.344516 -0.912223 0.221717  0.016443 0.993293 1 0 1.000000
aluminium
0  -10.869092 -44.344044 83.031158  0.576850 -0.815455 0.047715  0.016443 0.993293 1 0 1.000000
0  -11.198321 -44.321495 83.252144  -0.344516 -0.912223 0.221717  0.016443 0.993293 1 0 1.000000
0  -11.297541 -44.344044 83.031158  -0.558235 -0.819417 0.130113  0.016443 0.993293 1 0 1.000000
aluminium
0  -10.869092 -44.344044 83.031158  0.576850 -0.815455 0.047715  0.016443 0.993293 1 0 1.000000
0  -10.941252 -44.321495 83.252144  0.349824 -0.915323 0.199517  0.016443 0.993293 1 0 1.000000
0  -11.198321 -44.321495 83.252144  -0.344516 -0.912223 0.221717  0.016443 0.993293 1 0 1.000000
aluminium
0  -10.941252 -44.321495 83.252144  0.349824 -0.915323 0.199517  0.016443 0.993293 1 0 1.000000
0  -10.869092 -44.344044 83.031158  0.576850 -0.815455 0.047715  0.016443 0.993293 1 0 1.000000
0  -10.652611 -43.992264 83.166458  0.997359 -0.037319 0.062306  0.016443 0.993293 1 0 1.000000
aluminium
0  -10.819481 -43.518715 81.669136  1.000000 0.000014 -0.000005  0.016443 0.993293 1 0 1.000000
0  -10.819481 -43.473614 81.357941  1.000000 -0.000007 -0.000000  0.016443 0.993293 1 0 1.000000
0  -10.945762 -43.252621 81.403038  0.499941 0.866059 0.000516  0.016443 0.993293 1 0 1.000000
aluminium
0  -10.819481 -43.518715 81.669136  1.000000 0.000014 -0.000005  0.016443 0.993293 1 0 1.000000
0  -10.945762 -43.694607 81.312843  0.499891 -0.866088 -0.000489  0.016443 0.993293 1 0 1.000000
0  -10.819481 -43.473614 81.357941  1.000000 -0.000007 -0.000000  0.016443 0.993293 1 0 1.000000
aluminium
0  -10.945762 -43.694607 81.312843  0.499891 -0.866088 -0.000489  0.016443 0.993293 1 0 1.000000
0  -10.819481 -43.518715 81.669136  1.000000 0.000014 -0.000005  0.016443 0.993293 1 0 1.000000
0  -10.945762 -43.739704 81.624039  0.499976 -0.866039 -0.000499  0.016443 0.993293 1 0 1.000000
aluminium
0  -11.198321 -43.694607 81.312843  -0.499872 -0.866099 -0.000520  0.016443 0.993293 1 0 1.000000
0  -10.945762 -43.694607 81.312843  0.499891 -0.866088 -0.000489  0.016443 0.993293 1 0 1.000000
0  -10.945762 -43.739704 81.624039  0.499976 -0.866039 -0.000499  0.016443 0.993293 1 0 1.000000
aluminium
0  -11.198321 -43.739704 81.624039  -0.499935 -0.866063 -0.000492  0.016443 0.993293 1 0 1.000000
0  -11.198321 -43.694607 81.312843  -0.499872 -0.866099 -0.000520  0.016443 0.993293 1 0 1.000000
0  -10.945762 -43.739704 81.624039  0.499976 -0.866039 -0.000499  0.016443 0.993293 1 0 1.000000
aluminium
0  -11.198321 -43.694607 81.312843  -0.499872 -0.866099 -0.000520  0.016443 0.993293 1 0 1.000000
0  -11.198321 -43.739704 81.624039  -0.499935 -0.866063 -0.000492  0.016443 0.993293 1 0 1.000000
0  -11.329110 -43.518715 81.669136  -1.000000 -0.000031 0.000005  0.016443 0.993293 1 0 1.000000
aluminium
0  -11.329110 -43.518715 81.669136  -1.000000 -0.000031 0.000005  0.016443 0.993293 1 0 1.000000
0  -11.329110 -43.473614 81.357941  -1.000000 0.000017 0.000004  0.016443 0.993293 1 0 1.000000
0  -11.198321 -43.694607 81.312843  -0.499872 -0.866099 -0.000520  0.016443 0.993293 1 0 1.000000
aluminium
0  -11.198321 -43.252621 81.403038  -0.499905 0.866080 0.000497  0.016443 0.993293 1 0 1.000000
0  -11.329110 -43.473614 81.357941  -1.000000 0.000017 0.000004  0.016443 0.993293 1 0 1.000000
0  -11.329110 -43.518715 81.669136  -1.000000 -0.000031 0.000005  0.016443 0.993293 1 0 1.000000
aluminium
0  -11.329110 -43.518715 81.669136  -1.000000 -0.000031 0.000005  0.016443 0.993293 1 0 1.000000
0  -11.198321 -43.297726 81.669136  -0.499964 0.866046 0.000481  0.016443 0.993293 1 0 1.000000
0  -11.198321 -43.252621 81.403038  -0.499905 0.866080 0.000497  0.016443 0.993293 1 0 1.000000
aluminium
0  -11.198321 -43.297726 81.669136  -0.499964 0.866046 0.000481  0.016443 0.993293 1 0 1.000000
0  -10.945762 -43.252621 81.403038  0.499941 0.866059 0.000516  0.016443 0.993293 1 0 1.000000
0  -11.198321 -43.252621 81.403038  -0.499905 0.866080 0.000497  0.016443 0.993293 1 0 1.000000
aluminium
0  -11.198321 -43.297726 81.669136  -0.499964 0.866046 0.000481  0.016443 0.993293 1 0 1.000000
0  -10.945762 -43.297726 81.669136  0.499958 0.866050 0.000477  0.016443 0.993293 1 0 1.000000
0  -10.945762 -43.252621 81.403038  0.499941 0.866059 0.000516  0.016443 0.993293 1 0 1.000000
aluminium
0  -10.945762 -43.252621 81.403038  0.499941 0.866059 0.000516  0.016443 0.993293 1 0 1.000000
0  -10.945762 -43.297726 81.669136  0.499958 0.866050 0.000477  0.016443 0.993293 1 0 1.000000
0  -10.819481 -43.518715 81.669136  1.000000 0.000014 -0.000005  0.016443 0.993293 1 0 1.000000
aluminium
0  2.256410 -24.981466 51.271877  0.588361 -0.808563 -0.007511  0.016443 0.993293 1 0 1.000000
0  4.385130 -23.430027 51.271877  0.588380 -0.808547 -0.007766  0.016443 0.993293 1 0 1.000000
0  4.394151 -23.430027 52.151329  0.588360 -0.808560 -0.007901  0.016443 0.993293 1 0 1.000000
aluminium
0  4.394151 -23.430027 52.151329  0.588360 -0.808560 -0.007901  0.016443 0.993293 1 0 1.000000
0  2.256410 -24.981466 52.173878  0.590623 -0.806912 -0.007604  0.016443 0.993293 1 0 1.000000
0  2.256410 -24.981466 51.271877  0.588361 -0.808563 -0.007511  0.016443 0.993293 1 0 1.000000
aluminium
0  4.394151 -23.430027 52.151329  0.588360 -0.808560 -0.007901  0.016443 0.993293 1 0 1.000000
0  2.179740 -24.873224 52.282124  -0.058516 0.088536 0.994353  0.016443 0.993293 1 0 1.000000
0  2.256410 -24.981466 52.173878  0.590623 -0.806912 -0.007604  0.016443 0.993293 1 0 1.000000
aluminium
0  2.179740 -24.873224 52.282124  -0.058516 0.088536 0.994353  0.016443 0.993293 1 0 1.000000
0  4.394151 -23.430027 52.151329  0.588360 -0.808560 -0.007901  0.016443 0.993293 1 0 1.000000
0  4.317480 -23.330807 52.259571  -0.063845 0.095781 0.993353  0.016443 0.993293 1 0 1.000000
aluminium
0  2.098560 -24.760477 52.237022  -0.295922 0.415907 0.859914  0.016443 0.993293 1 0 1.000000
0  2.179740 -24.873224 52.282124  -0.058516 0.088536 0.994353  0.016443 0.993293 1 0 1.000000
0  4.317480 -23.330807 52.259571  -0.063845 0.095781 0.993353  0.016443 0.993293 1 0 1.000000
aluminium
0  4.317480 -23.330807 52.259571  -0.063845 0.095778 0.993353  0.016443 0.993293 1 0 1.000000
0  4.240810 -23.209036 52.218987  -0.295939 0.415890 0.859916  0.016443 0.993293 1 0 1.000000
0  2.098560 -24.760477 52.237022  -0.295911 0.415915 0.859914  0.016443 0.993293 1 0 1.000000
aluminium
0  -10.156511 -41.426075 81.448151  -0.927804 -0.289075 -0.235830  0.016443 0.993293 1 0 1.000000
0  -9.912971 -42.242382 82.020912  -0.860476 -0.476845 -0.179442  0.016443 0.993293 1 0 1.000000
0  -9.831791 -42.052963 82.061501  -0.307089 0.662612 0.683112  0.016443 0.993293 1 0 1.000000
aluminium
0  -9.912971 -42.242382 82.020912  -0.860476 -0.476845 -0.179442  0.016443 0.993293 1 0 1.000000
0  -10.156511 -41.426075 81.448151  -0.927804 -0.289075 -0.235830  0.016443 0.993293 1 0 1.000000
0  -9.994151 -41.435093 81.312843  0.134876 -0.387196 -0.912079  0.016443 0.993293 1 0 1.000000
aluminium
0  -9.994151 -41.435093 81.312843  0.134876 -0.387196 -0.912079  0.016443 0.993293 1 0 1.000000
0  -9.732571 -42.296505 81.930717  0.178550 -0.742605 -0.645490  0.016443 0.993293 1 0 1.000000
0  -9.912971 -42.242382 82.020912  -0.860476 -0.476845 -0.179442  0.016443 0.993293 1 0 1.000000
aluminium
0  -9.994151 -41.435093 81.312843  0.134876 -0.387196 -0.912079  0.016443 0.993293 1 0 1.000000
0  -9.651391 -42.098064 81.975815  0.971182 0.231098 -0.058298  0.016443 0.993293 1 0 1.000000
0  -9.732571 -42.296505 81.930717  0.178550 -0.742605 -0.645490  0.016443 0.993293 1 0 1.000000
aluminium
0  -9.507071 -42.373173 82.679375  0.949214 0.265897 -0.168200  0.016443 0.993293 1 0 1.000000
0  -9.732571 -42.296505 81.930717  0.178550 -0.742605 -0.645490  0.016443 0.993293 1 0 1.000000
0  -9.651391 -42.098064 81.975815  0.971182 0.231098 -0.058298  0.016443 0.993293 1 0 1.000000
aluminium
0  -9.732571 -42.296505 81.930717  0.178550 -0.742605 -0.645490  0.016443 0.993293 1 0 1.000000
0  -9.507071 -42.373173 82.679375  0.949214 0.265897 -0.168200  0.016443 0.993293 1 0 1.000000
0  -9.570211 -42.571613 82.724480  0.338128 -0.939940 -0.046724  0.016443 0.993293 1 0 1.000000
aluminium
0  -9.570211 -42.571613 82.724480  0.338128 -0.939940 -0.046724  0.016443 0.993293 1 0 1.000000
0  -9.507071 -42.373173 82.679375  0.949214 0.265897 -0.168200  0.016443 0.993293 1 0 1.000000
0  -9.394321 -42.206306 83.382927  0.906225 0.314200 -0.282905  0.016443 0.993293 1 0 1.000000
aluminium
0  -9.394321 -42.206306 83.382927  0.906225 0.314200 -0.282905  0.016443 0.993293 1 0 1.000000
0  -9.507071 -42.373173 82.679375  0.949214 0.265897 -0.168200  0.016443 0.993293 1 0 1.000000
0  -9.588251 -42.143166 83.382927  -0.463402 0.803689 -0.373286  0.016443 0.993293 1 0 1.000000
aluminium
0  -9.484522 -41.340382 84.487885  -0.568291 0.686506 -0.453601  0.016443 0.993293 1 0 1.000000
0  -9.394321 -42.206306 83.382927  0.906225 0.314200 -0.282905  0.016443 0.993293 1 0 1.000000
0  -9.588251 -42.143166 83.382927  -0.463402 0.803689 -0.373286  0.016443 0.993293 1 0 1.000000
aluminium
0  -9.484522 -41.340382 84.487885  -0.568291 0.686506 -0.453601  0.016443 0.993293 1 0 1.000000
0  -9.588251 -42.143166 83.382927  -0.463402 0.803689 -0.373286  0.016443 0.993293 1 0 1.000000
0  -9.637861 -42.273956 83.558823  -0.833648 -0.438533 0.335739  0.016443 0.993293 1 0 1.000000
aluminium
0  -9.637861 -42.273956 83.558823  -0.833648 -0.438533 0.335739  0.016443 0.993293 1 0 1.000000
0  -9.529622 -41.448624 84.663780  -0.815216 -0.421781 0.396893  0.016443 0.993293 1 0 1.000000
0  -9.484522 -41.340382 84.487885  -0.568291 0.686506 -0.453601  0.016443 0.993293 1 0 1.000000
aluminium
0  -9.529622 -41.448624 84.663780  -0.815216 -0.421781 0.396893  0.016443 0.993293 1 0 1.000000
0  -9.637861 -42.273956 83.558823  -0.833648 -0.438533 0.335739  0.016443 0.993293 1 0 1.000000
0  -9.448441 -42.341606 83.558823  0.455273 -0.796250 0.398386  0.016443 0.993293 1 0 1.000000
aluminium
0  -9.448441 -42.341606 83.558823  0.455273 -0.796250 0.398386  0.016443 0.993293 1 0 1.000000
0  -9.335691 -41.502743 84.663780  0.355113 -0.763284 0.539715  0.016443 0.993293 1 0 1.000000
0  -9.529622 -41.448624 84.663780  -0.815216 -0.421781 0.396893  0.016443 0.993293 1 0 1.000000
aluminium
0  -9.448441 -42.341606 83.558823  0.455273 -0.796250 0.398386  0.016443 0.993293 1 0 1.000000
0  -9.295101 -41.403522 84.487885  0.902941 0.300830 -0.306919  0.016443 0.993293 1 0 1.000000
0  -9.335691 -41.502743 84.663780  0.355113 -0.763284 0.539715  0.016443 0.993293 1 0 1.000000
aluminium
0  -9.701001 -42.296505 82.724480  -0.426191 0.897278 0.115120  0.016443 0.993293 1 0 1.000000
0  -9.831791 -42.052963 82.061501  -0.307089 0.662612 0.683112  0.016443 0.993293 1 0 1.000000
0  -9.912971 -42.242382 82.020912  -0.860476 -0.476845 -0.179442  0.016443 0.993293 1 0 1.000000
aluminium
0  -9.912971 -42.242382 82.020912  -0.860476 -0.476845 -0.179442  0.016443 0.993293 1 0 1.000000
0  -9.759631 -42.494946 82.769577  -0.811567 -0.568876 0.133190  0.016443 0.993293 1 0 1.000000
0  -9.701001 -42.296505 82.724480  -0.426191 0.897278 0.115120  0.016443 0.993293 1 0 1.000000
aluminium
0  -9.912971 -42.242382 82.020912  -0.860476 -0.476845 -0.179442  0.016443 0.993293 1 0 1.000000
0  -9.570211 -42.571613 82.724480  0.338128 -0.939940 -0.046724  0.016443 0.993293 1 0 1.000000
0  -9.759631 -42.494946 82.769577  -0.811567 -0.568876 0.133190  0.016443 0.993293 1 0 1.000000
aluminium
0  -9.570211 -42.571613 82.724480  0.338128 -0.939940 -0.046724  0.016443 0.993293 1 0 1.000000
0  -9.912971 -42.242382 82.020912  -0.860476 -0.476845 -0.179442  0.016443 0.993293 1 0 1.000000
0  -9.732571 -42.296505 81.930717  0.178550 -0.742605 -0.645490  0.016443 0.993293 1 0 1.000000
aluminium
0  -9.295101 -41.403522 84.487885  0.902941 0.300830 -0.306919  0.016443 0.993293 1 0 1.000000
0  -9.394321 -42.206306 83.382927  0.906225 0.314200 -0.282905  0.016443 0.993293 1 0 1.000000
0  -9.484522 -41.340382 84.487885  -0.568291 0.686506 -0.453601  0.016443 0.993293 1 0 1.000000
aluminium
0  -9.448441 -42.341606 83.558823  0.455273 -0.796250 0.398386  0.016443 0.993293 1 0 1.000000
0  -9.394321 -42.206306 83.382927  0.906225 0.314200 -0.282905  0.016443 0.993293 1 0 1.000000
0  -9.295101 -41.403522 84.487885  0.902941 0.300830 -0.306919  0.016443 0.993293 1 0 1.000000
aluminium
0  -9.570211 -42.571613 82.724480  0.338128 -0.939940 -0.046724  0.016443 0.993293 1 0 1.000000
0  -9.394321 -42.206306 83.382927  0.906225 0.314200 -0.282905  0.016443 0.993293 1 0 1.000000
0  -9.448441 -42.341606 83.558823  0.455273 -0.796250 0.398386  0.016443 0.993293 1 0 1.000000
aluminium
0  -9.570211 -42.571613 82.724480  0.338128 -0.939940 -0.046724  0.016443 0.993293 1 0 1.000000
0  -9.448441 -42.341606 83.558823  0.455273 -0.796250 0.398386  0.016443 0.993293 1 0 1.000000
0  -9.637861 -42.273956 83.558823  -0.833648 -0.438533 0.335739  0.016443 0.993293 1 0 1.000000
aluminium
0  -9.637861 -42.273956 83.558823  -0.833648 -0.438533 0.335739  0.016443 0.993293 1 0 1.000000
0  -9.759631 -42.494946 82.769577  -0.811567 -0.568876 0.133190  0.016443 0.993293 1 0 1.000000
0  -9.570211 -42.571613 82.724480  0.338128 -0.939940 -0.046724  0.016443 0.993293 1 0 1.000000
aluminium
0  -9.759631 -42.494946 82.769577  -0.811567 -0.568876 0.133190  0.016443 0.993293 1 0 1.000000
0  -9.637861 -42.273956 83.558823  -0.833648 -0.438533 0.335739  0.016443 0.993293 1 0 1.000000
0  -9.588251 -42.143166 83.382927  -0.463402 0.803689 -0.373286  0.016443 0.993293 1 0 1.000000
aluminium
0  -9.588251 -42.143166 83.382927  -0.463402 0.803689 -0.373286  0.016443 0.993293 1 0 1.000000
0  -9.701001 -42.296505 82.724480  -0.426191 0.897278 0.115120  0.016443 0.993293 1 0 1.000000
0  -9.759631 -42.494946 82.769577  -0.811567 -0.568876 0.133190  0.016443 0.993293 1 0 1.000000
aluminium
0  -9.588251 -42.143166 83.382927  -0.463402 0.803689 -0.373286  0.016443 0.993293 1 0 1.000000
0  -9.507071 -42.373173 82.679375  0.949214 0.265897 -0.168200  0.016443 0.993293 1 0 1.000000
0  -9.701001 -42.296505 82.724480  -0.426191 0.897278 0.115120  0.016443 0.993293 1 0 1.000000
aluminium
0  -9.831791 -42.052963 82.061501  -0.307089 0.662612 0.683112  0.016443 0.993293 1 0 1.000000
0  -9.701001 -42.296505 82.724480  -0.426191 0.897278 0.115120  0.016443 0.993293 1 0 1.000000
0  -9.507071 -42.373173 82.679375  0.949214 0.265897 -0.168200  0.016443 0.993293 1 0 1.000000
aluminium
0  -9.507071 -42.373173 82.679375  0.949214 0.265897 -0.168200  0.016443 0.993293 1 0 1.000000
0  -9.651391 -42.098064 81.975815  0.971182 0.231098 -0.058298  0.016443 0.993293 1 0 1.000000
0  -9.831791 -42.052963 82.061501  -0.307089 0.662612 0.683112  0.016443 0.993293 1 0 1.000000
aluminium
0  -9.899441 -41.295284 81.448151  0.972014 0.228771 0.053417  0.016443 0.993293 1 0 1.000000
0  -9.831791 -42.052963 82.061501  -0.307089 0.662612 0.683112  0.016443 0.993293 1 0 1.000000
0  -9.651391 -42.098064 81.975815  0.971182 0.231098 -0.058298  0.016443 0.993293 1 0 1.000000
aluminium
0  -9.651391 -42.098064 81.975815  0.971182 0.231098 -0.058298  0.016443 0.993293 1 0 1.000000
0  -9.994151 -41.435093 81.312843  0.134876 -0.387196 -0.912079  0.016443 0.993293 1 0 1.000000
0  -9.899441 -41.295284 81.448151  0.972014 0.228771 0.053417  0.016443 0.993293 1 0 1.000000
aluminium
0  -10.693202 -39.410103 80.388298  0.245831 -0.170014 -0.954286  0.016443 0.993293 1 0 1.000000
0  -9.899441 -41.295284 81.448151  0.972014 0.228771 0.053417  0.016443 0.993293 1 0 1.000000
0  -9.994151 -41.435093 81.312843  0.134876 -0.387196 -0.912079  0.016443 0.993293 1 0 1.000000
aluminium
0  -9.994151 -41.435093 81.312843  0.134876 -0.387196 -0.912079  0.016443 0.993293 1 0 1.000000
0  -10.156511 -41.426075 81.448151  -0.927804 -0.289075 -0.235830  0.016443 0.993293 1 0 1.000000
0  -10.693202 -39.410103 80.388298  0.245831 -0.170014 -0.954286  0.016443 0.993293 1 0 1.000000
aluminium
0  -10.846542 -39.446186 80.523598  -0.931175 -0.364555 -0.003700  0.016443 0.993293 1 0 1.000000
0  -10.693202 -39.410103 80.388298  0.245831 -0.170014 -0.954286  0.016443 0.993293 1 0 1.000000
0  -10.156511 -41.426075 81.448151  -0.927804 -0.289075 -0.235830  0.016443 0.993293 1 0 1.000000
aluminium
0  -10.846542 -39.446186 80.523598  -0.931175 -0.364555 -0.003700  0.016443 0.993293 1 0 1.000000
0  -10.156511 -41.426075 81.448151  -0.927804 -0.289075 -0.235830  0.016443 0.993293 1 0 1.000000
0  -10.061801 -41.281754 81.533836  -0.178103 0.348098 0.920384  0.016443 0.993293 1 0 1.000000
aluminium
0  -10.061801 -41.281754 81.533836  -0.178103 0.348098 0.920384  0.016443 0.993293 1 0 1.000000
0  -10.774383 -39.288334 80.654381  0.016413 0.298311 0.954328  0.016443 0.993293 1 0 1.000000
0  -10.846542 -39.446186 80.523598  -0.931175 -0.364555 -0.003700  0.016443 0.993293 1 0 1.000000
aluminium
0  -10.061801 -41.281754 81.533836  -0.178103 0.348098 0.920384  0.016443 0.993293 1 0 1.000000
0  -10.621041 -39.256767 80.523598  0.863559 0.445142 0.236886  0.016443 0.993293 1 0 1.000000
0  -10.774383 -39.288334 80.654381  0.016413 0.298311 0.954328  0.016443 0.993293 1 0 1.000000
aluminium
0  -11.099102 -39.080872 80.171814  -0.724635 -0.642617 0.248892  0.016443 0.993293 1 0 1.000000
0  -10.846542 -39.446186 80.523598  -0.931175 -0.364555 -0.003700  0.016443 0.993293 1 0 1.000000
0  -10.774383 -39.288334 80.654381  0.016413 0.298311 0.954328  0.016443 0.993293 1 0 1.000000
aluminium
0  -10.774383 -39.288334 80.654381  0.016413 0.298311 0.954328  0.016443 0.993293 1 0 1.000000
0  -11.103613 -38.859886 80.212402  -0.282445 0.698448 0.657567  0.016443 0.993293 1 0 1.000000
0  -11.099102 -39.080872 80.171814  -0.724635 -0.642617 0.248892  0.016443 0.993293 1 0 1.000000
aluminium
0  -11.405782 -39.026756 79.774940  -0.446125 -0.670048 0.593303  0.016443 0.993293 1 0 1.000000
0  -11.099102 -39.080872 80.171814  -0.724635 -0.642617 0.248892  0.016443 0.993293 1 0 1.000000
0  -11.103613 -38.859886 80.212402  -0.282445 0.698448 0.657567  0.016443 0.993293 1 0 1.000000
aluminium
0  -11.103613 -38.859886 80.212402  -0.282445 0.698448 0.657567  0.016443 0.993293 1 0 1.000000
0  -11.518532 -38.859886 79.684738  -0.687685 0.697021 0.203102  0.016443 0.993293 1 0 1.000000
0  -11.405782 -39.026756 79.774940  -0.446125 -0.670048 0.593303  0.016443 0.993293 1 0 1.000000
aluminium
0  -11.748541 -39.270294 79.287857  -0.947940 0.308596 -0.078600  0.016443 0.993293 1 0 1.000000
0  -11.405782 -39.026756 79.774940  -0.446125 -0.670048 0.593303  0.016443 0.993293 1 0 1.000000
0  -11.518532 -38.859886 79.684738  -0.687685 0.697021 0.203102  0.016443 0.993293 1 0 1.000000
aluminium
0  -11.748541 -39.270294 79.287857  -0.947940 0.308596 -0.078600  0.016443 0.993293 1 0 1.000000
0  -11.604221 -39.355988 79.423157  -0.169775 -0.382600 0.908181  0.016443 0.993293 1 0 1.000000
0  -11.405782 -39.026756 79.774940  -0.446125 -0.670048 0.593303  0.016443 0.993293 1 0 1.000000
aluminium
0  -11.405782 -39.026756 79.774940  -0.446125 -0.670048 0.593303  0.016443 0.993293 1 0 1.000000
0  -11.604221 -39.355988 79.423157  -0.169775 -0.382600 0.908181  0.016443 0.993293 1 0 1.000000
0  -11.247932 -39.004204 79.599045  0.781324 -0.434066 -0.448463  0.016443 0.993293 1 0 1.000000
aluminium
0  -11.247932 -39.004204 79.599045  0.781324 -0.434066 -0.448463  0.016443 0.993293 1 0 1.000000
0  -11.604221 -39.355988 79.423157  -0.169775 -0.382600 0.908181  0.016443 0.993293 1 0 1.000000
0  -11.450882 -39.301861 79.287857  0.972333 -0.163003 -0.167325  0.016443 0.993293 1 0 1.000000
aluminium
0  -11.247932 -39.004204 79.599045  0.781324 -0.434066 -0.448463  0.016443 0.993293 1 0 1.000000
0  -11.450882 -39.301861 79.287857  0.972333 -0.163003 -0.167325  0.016443 0.993293 1 0 1.000000
0  -11.595201 -39.211662 79.157066  -0.046084 0.415625 -0.908368  0.016443 0.993293 1 0 1.000000
aluminium
0  -11.595201 -39.211662 79.157066  -0.046084 0.415625 -0.908368  0.016443 0.993293 1 0 1.000000
0  -11.351662 -38.828316 79.508850  0.128510 0.848027 -0.514135  0.016443 0.993293 1 0 1.000000
0  -11.247932 -39.004204 79.599045  0.781324 -0.434066 -0.448463  0.016443 0.993293 1 0 1.000000
aluminium
0  -11.247932 -39.004204 79.599045  0.781324 -0.434066 -0.448463  0.016443 0.993293 1 0 1.000000
0  -11.351662 -38.828316 79.508850  0.128510 0.848027 -0.514135  0.016443 0.993293 1 0 1.000000
0  -10.945763 -38.828316 80.081619  0.526797 0.848442 -0.051303  0.016443 0.993293 1 0 1.000000
aluminium
0  -10.945763 -38.828316 80.081619  0.526797 0.848442 -0.051303  0.016443 0.993293 1 0 1.000000
0  -10.941253 -39.049305 80.036514  0.500768 -0.420621 -0.756512  0.016443 0.993293 1 0 1.000000
0  -11.247932 -39.004204 79.599045  0.781324 -0.434066 -0.448463  0.016443 0.993293 1 0 1.000000
aluminium
0  -10.621041 -39.256767 80.523598  0.863559 0.445142 0.236886  0.016443 0.993293 1 0 1.000000
0  -10.941253 -39.049305 80.036514  0.500768 -0.420621 -0.756512  0.016443 0.993293 1 0 1.000000
0  -10.945763 -38.828316 80.081619  0.526797 0.848442 -0.051303  0.016443 0.993293 1 0 1.000000
aluminium
0  -10.693202 -39.410103 80.388298  0.245831 -0.170014 -0.954286  0.016443 0.993293 1 0 1.000000
0  -10.941253 -39.049305 80.036514  0.500768 -0.420621 -0.756512  0.016443 0.993293 1 0 1.000000
0  -10.621041 -39.256767 80.523598  0.863559 0.445142 0.236886  0.016443 0.993293 1 0 1.000000
aluminium
0  -9.899441 -41.295284 81.448151  0.972014 0.228771 0.053417  0.016443 0.993293 1 0 1.000000
0  -10.693202 -39.410103 80.388298  0.245831 -0.170014 -0.954286  0.016443 0.993293 1 0 1.000000
0  -10.621041 -39.256767 80.523598  0.863559 0.445142 0.236886  0.016443 0.993293 1 0 1.000000
aluminium
0  -10.621041 -39.256767 80.523598  0.863559 0.445142 0.236886  0.016443 0.993293 1 0 1.000000
0  -10.061801 -41.281754 81.533836  -0.178103 0.348098 0.920384  0.016443 0.993293 1 0 1.000000
0  -9.899441 -41.295284 81.448151  0.972014 0.228771 0.053417  0.016443 0.993293 1 0 1.000000
aluminium
0  -9.899441 -41.295284 81.448151  0.972014 0.228771 0.053417  0.016443 0.993293 1 0 1.000000
0  -10.061801 -41.281754 81.533836  -0.178103 0.348098 0.920384  0.016443 0.993293 1 0 1.000000
0  -9.831791 -42.052963 82.061501  -0.307089 0.662612 0.683112  0.016443 0.993293 1 0 1.000000
aluminium
0  -9.831791 -42.052963 82.061501  -0.307089 0.662612 0.683112  0.016443 0.993293 1 0 1.000000
0  -10.061801 -41.281754 81.533836  -0.178103 0.348098 0.920384  0.016443 0.993293 1 0 1.000000
0  -10.156511 -41.426075 81.448151  -0.927804 -0.289075 -0.235830  0.016443 0.993293 1 0 1.000000
aluminium
0  -10.846542 -39.446186 80.523598  -0.931175 -0.364555 -0.003700  0.016443 0.993293 1 0 1.000000
0  -11.099102 -39.080872 80.171814  -0.724635 -0.642617 0.248892  0.016443 0.993293 1 0 1.000000
0  -10.693202 -39.410103 80.388298  0.245831 -0.170014 -0.954286  0.016443 0.993293 1 0 1.000000
aluminium
0  -10.693202 -39.410103 80.388298  0.245831 -0.170014 -0.954286  0.016443 0.993293 1 0 1.000000
0  -11.099102 -39.080872 80.171814  -0.724635 -0.642617 0.248892  0.016443 0.993293 1 0 1.000000
0  -10.941253 -39.049305 80.036514  0.500768 -0.420621 -0.756512  0.016443 0.993293 1 0 1.000000
aluminium
0  -11.405782 -39.026756 79.774940  -0.446125 -0.670048 0.593303  0.016443 0.993293 1 0 1.000000
0  -10.941253 -39.049305 80.036514  0.500768 -0.420621 -0.756512  0.016443 0.993293 1 0 1.000000
0  -11.099102 -39.080872 80.171814  -0.724635 -0.642617 0.248892  0.016443 0.993293 1 0 1.000000
aluminium
0  -10.941253 -39.049305 80.036514  0.500768 -0.420621 -0.756512  0.016443 0.993293 1 0 1.000000
0  -11.405782 -39.026756 79.774940  -0.446125 -0.670048 0.593303  0.016443 0.993293 1 0 1.000000
0  -11.247932 -39.004204 79.599045  0.781324 -0.434066 -0.448463  0.016443 0.993293 1 0 1.000000
aluminium
0  -11.103613 -38.859886 80.212402  -0.282445 0.698448 0.657567  0.016443 0.993293 1 0 1.000000
0  -10.774383 -39.288334 80.654381  0.016413 0.298311 0.954328  0.016443 0.993293 1 0 1.000000
0  -10.621041 -39.256767 80.523598  0.863559 0.445142 0.236886  0.016443 0.993293 1 0 1.000000
aluminium
0  -10.621041 -39.256767 80.523598  0.863559 0.445142 0.236886  0.016443 0.993293 1 0 1.000000
0  -10.945763 -38.828316 80.081619  0.526797 0.848442 -0.051303  0.016443 0.993293 1 0 1.000000
0  -11.103613 -38.859886 80.212402  -0.282445 0.698448 0.657567  0.016443 0.993293 1 0 1.000000
aluminium
0  -11.518532 -38.859886 79.684738  -0.687685 0.697021 0.203102  0.016443 0.993293 1 0 1.000000
0  -11.103613 -38.859886 80.212402  -0.282445 0.698448 0.657567  0.016443 0.993293 1 0 1.000000
0  -10.945763 -38.828316 80.081619  0.526797 0.848442 -0.051303  0.016443 0.993293 1 0 1.000000
aluminium
0  -10.945763 -38.828316 80.081619  0.526797 0.848442 -0.051303  0.016443 0.993293 1 0 1.000000
0  -11.351662 -38.828316 79.508850  0.128510 0.848027 -0.514135  0.016443 0.993293 1 0 1.000000
0  -11.518532 -38.859886 79.684738  -0.687685 0.697021 0.203102  0.016443 0.993293 1 0 1.000000
aluminium
0  -11.748541 -39.270294 79.287857  -0.947940 0.308596 -0.078600  0.016443 0.993293 1 0 1.000000
0  -11.518532 -38.859886 79.684738  -0.687685 0.697021 0.203102  0.016443 0.993293 1 0 1.000000
0  -11.351662 -38.828316 79.508850  0.128510 0.848027 -0.514135  0.016443 0.993293 1 0 1.000000
aluminium
0  -11.351662 -38.828316 79.508850  0.128510 0.848027 -0.514135  0.016443 0.993293 1 0 1.000000
0  -11.595201 -39.211662 79.157066  -0.046084 0.415625 -0.908368  0.016443 0.993293 1 0 1.000000
0  -11.748541 -39.270294 79.287857  -0.947940 0.308596 -0.078600  0.016443 0.993293 1 0 1.000000
aluminium
0  -11.748541 -39.270294 79.287857  -0.947940 0.308596 -0.078600  0.016443 0.993293 1 0 1.000000
0  -11.595201 -39.211662 79.157066  -0.046084 0.415625 -0.908368  0.016443 0.993293 1 0 1.000000
0  -11.640301 -39.996407 79.026276  -0.046905 0.218071 -0.974805  0.016443 0.993293 1 0 1.000000
aluminium
0  -11.640301 -39.996407 79.026276  -0.046905 0.218071 -0.974805  0.016443 0.993293 1 0 1.000000
0  -11.595201 -39.211662 79.157066  -0.046084 0.415625 -0.908368  0.016443 0.993293 1 0 1.000000
0  -11.450882 -39.301861 79.287857  0.972333 -0.163003 -0.167325  0.016443 0.993293 1 0 1.000000
aluminium
0  -11.450882 -39.301861 79.287857  0.972333 -0.163003 -0.167325  0.016443 0.993293 1 0 1.000000
0  -11.473433 -39.996407 79.202164  0.992650 -0.052799 -0.108897  0.016443 0.993293 1 0 1.000000
0  -11.640301 -39.996407 79.026276  -0.046905 0.218071 -0.974805  0.016443 0.993293 1 0 1.000000
aluminium
0  -11.473433 -39.996407 79.202164  0.992650 -0.052799 -0.108897  0.016443 0.993293 1 0 1.000000
0  -11.450882 -39.301861 79.287857  0.972333 -0.163003 -0.167325  0.016443 0.993293 1 0 1.000000
0  -11.604221 -39.355988 79.423157  -0.169775 -0.382600 0.908181  0.016443 0.993293 1 0 1.000000
aluminium
0  -11.604221 -39.355988 79.423157  -0.169775 -0.382600 0.908181  0.016443 0.993293 1 0 1.000000
0  -11.640301 -39.996407 79.378059  -0.060291 -0.182449 0.981365  0.016443 0.993293 1 0 1.000000
0  -11.473433 -39.996407 79.202164  0.992650 -0.052799 -0.108897  0.016443 0.993293 1 0 1.000000
aluminium
0  -11.604221 -39.355988 79.423157  -0.169775 -0.382600 0.908181  0.016443 0.993293 1 0 1.000000
0  -11.793641 -39.996407 79.202164  -0.985235 0.125686 -0.116252  0.016443 0.993293 1 0 1.000000
0  -11.640301 -39.996407 79.378059  -0.060291 -0.182449 0.981365  0.016443 0.993293 1 0 1.000000
aluminium
0  -11.604221 -39.355988 79.423157  -0.169775 -0.382600 0.908181  0.016443 0.993293 1 0 1.000000
0  -11.748541 -39.270294 79.287857  -0.947940 0.308596 -0.078600  0.016443 0.993293 1 0 1.000000
0  -11.793641 -39.996407 79.202164  -0.985235 0.125686 -0.116252  0.016443 0.993293 1 0 1.000000
aluminium
0  -11.748541 -39.270294 79.287857  -0.947940 0.308596 -0.078600  0.016443 0.993293 1 0 1.000000
0  -11.640301 -39.996407 79.026276  -0.046905 0.218071 -0.974805  0.016443 0.993293 1 0 1.000000
0  -11.793641 -39.996407 79.202164  -0.985235 0.125686 -0.116252  0.016443 0.993293 1 0 1.000000
aluminium
0  5.959120 -20.268515 47.348179  0.999999 0.000290 -0.001064  0.016443 0.993293 1 0 1.000000
0  5.959120 -16.854445 47.348179  0.999999 0.000290 -0.001064  0.016443 0.993293 1 0 1.000000
0  5.959120 -16.854445 47.569168  -0.006971 0.001517 0.999975  0.016443 0.993293 1 0 1.000000
aluminium
0  5.959120 -16.854445 47.569168  -0.006971 0.001517 0.999975  0.016443 0.993293 1 0 1.000000
0  5.959120 -20.268515 47.591721  -0.006934 0.001564 0.999975  0.016443 0.993293 1 0 1.000000
0  5.959120 -20.268515 47.348179  0.999999 0.000290 -0.001064  0.016443 0.993293 1 0 1.000000
aluminium
0  5.959120 -20.268515 47.591721  -0.006934 0.001564 0.999975  0.016443 0.993293 1 0 1.000000
0  5.959120 -16.854445 47.569168  -0.006971 0.001517 0.999975  0.016443 0.993293 1 0 1.000000
0  2.572109 -20.236944 47.546619  -0.006620 0.001509 0.999977  0.016443 0.993293 1 0 1.000000
aluminium
0  5.959120 -20.268515 47.348179  -0.009645 -0.999953 0.001203  0.016443 0.993293 1 0 1.000000
0  5.959120 -20.268515 47.591721  -0.006934 0.001564 0.999975  0.016443 0.993293 1 0 1.000000
0  2.572109 -20.236944 47.546619  -0.006620 0.001509 0.999977  0.016443 0.993293 1 0 1.000000
aluminium
0  2.572109 -20.236944 47.546619  -0.006671 0.001500 0.999977  0.016443 0.993293 1 0 1.000000
0  2.572109 -20.236944 47.330135  -0.009759 -0.999951 0.001620  0.016443 0.993293 1 0 1.000000
0  5.959120 -20.268515 47.348179  -0.009670 -0.999952 0.001296  0.016443 0.993293 1 0 1.000000
aluminium
0  2.572109 -20.236944 47.330135  -0.999964 -0.008405 0.000818  0.016443 0.993293 1 0 1.000000
0  2.572109 -20.236944 47.546619  -0.006620 0.001509 0.999977  0.016443 0.993293 1 0 1.000000
0  2.545049 -16.908566 47.330135  -0.999962 -0.008604 0.001408  0.016443 0.993293 1 0 1.000000
aluminium
0  2.545049 -16.908566 47.546619  -0.006991 0.001470 0.999974  0.016443 0.993293 1 0 1.000000
0  2.545049 -16.908566 47.330135  -0.999962 -0.008604 0.001408  0.016443 0.993293 1 0 1.000000
0  2.572109 -20.236944 47.546619  -0.006620 0.001509 0.999977  0.016443 0.993293 1 0 1.000000
aluminium
0  5.959120 -16.854445 47.569168  -0.006971 0.001517 0.999975  0.016443 0.993293 1 0 1.000000
0  2.545049 -16.908566 47.546619  -0.006991 0.001470 0.999974  0.016443 0.993293 1 0 1.000000
0  2.572109 -20.236944 47.546619  -0.006620 0.001509 0.999977  0.016443 0.993293 1 0 1.000000
aluminium
0  2.545049 -16.908566 47.546619  -0.006991 0.001470 0.999974  0.016443 0.993293 1 0 1.000000
0  5.959120 -16.854445 47.569168  -0.006971 0.001517 0.999975  0.016443 0.993293 1 0 1.000000
0  5.959120 -16.854445 47.348179  -0.014967 0.999888 -0.001074  0.016443 0.993293 1 0 1.000000
aluminium
0  2.545049 -16.908566 47.330135  -0.014907 0.999888 -0.001148  0.016443 0.993293 1 0 1.000000
0  2.545049 -16.908566 47.546619  -0.006991 0.001470 0.999974  0.016443 0.993293 1 0 1.000000
0  5.959120 -16.854445 47.348179  -0.014967 0.999888 -0.001074  0.016443 0.993293 1 0 1.000000
aluminium
0  4.394151 -23.430027 52.151329  0.818361 0.574693 -0.003491  0.016443 0.993293 1 0 1.000000
0  4.385130 -23.430027 51.271877  0.818367 0.574685 -0.003616  0.016443 0.993293 1 0 1.000000
0  4.227281 -23.186485 51.271877  0.817959 0.575266 -0.003402  0.016443 0.993293 1 0 1.000000
aluminium
0  4.227281 -23.186485 51.271877  0.817959 0.575266 -0.003402  0.016443 0.993293 1 0 1.000000
0  4.317480 -23.330807 52.259571  0.817971 0.575252 -0.002894  0.016443 0.993293 1 0 1.000000
0  4.394151 -23.430027 52.151329  0.818361 0.574693 -0.003491  0.016443 0.993293 1 0 1.000000
aluminium
0  4.227281 -23.186485 51.271877  0.817959 0.575266 -0.003402  0.016443 0.993293 1 0 1.000000
0  4.240810 -23.209036 52.218987  0.817956 0.575272 -0.003307  0.016443 0.993293 1 0 1.000000
0  4.317480 -23.330807 52.259571  0.817971 0.575252 -0.002894  0.016443 0.993293 1 0 1.000000
aluminium
0  -11.252441 -43.771275 81.357941  -0.499997 -0.862782 -0.074902  0.016443 0.993293 1 0 1.000000
0  -11.265971 -43.784805 81.227158  -0.499930 -0.862824 -0.074863  0.016443 0.993293 1 0 1.000000
0  -10.896152 -43.771275 81.357941  0.499982 -0.862798 -0.074820  0.016443 0.993293 1 0 1.000000
aluminium
0  -11.265971 -43.784805 81.227158  -0.499930 -0.862824 -0.074863  0.016443 0.993293 1 0 1.000000
0  -10.882622 -43.784805 81.227158  0.499955 -0.862815 -0.074801  0.016443 0.993293 1 0 1.000000
0  -10.896152 -43.771275 81.357941  0.499982 -0.862798 -0.074820  0.016443 0.993293 1 0 1.000000
aluminium
0  -10.896152 -43.771275 81.357941  0.499982 -0.862798 -0.074820  0.016443 0.993293 1 0 1.000000
0  -10.882622 -43.784805 81.227158  0.499955 -0.862815 -0.074801  0.016443 0.993293 1 0 1.000000
0  -10.697711 -43.451061 81.272255  1.000000 -0.000059 0.000536  0.016443 0.993293 1 0 1.000000
aluminium
0  -10.697711 -43.451061 81.272255  1.000000 -0.000059 0.000536  0.016443 0.993293 1 0 1.000000
0  -10.711241 -43.464596 81.403038  1.000000 0.000004 0.000019  0.016443 0.993293 1 0 1.000000
0  -10.896152 -43.771275 81.357941  0.499982 -0.862798 -0.074820  0.016443 0.993293 1 0 1.000000
aluminium
0  -10.711241 -43.464596 81.403038  1.000000 0.000004 0.000019  0.016443 0.993293 1 0 1.000000
0  -10.697711 -43.451061 81.272255  1.000000 -0.000059 0.000536  0.016443 0.993293 1 0 1.000000
0  -10.896152 -43.153400 81.403038  0.499981 0.862707 0.075868  0.016443 0.993293 1 0 1.000000
aluminium
0  -10.882622 -43.121834 81.312843  0.499972 0.862710 0.075893  0.016443 0.993293 1 0 1.000000
0  -10.896152 -43.153400 81.403038  0.499981 0.862707 0.075868  0.016443 0.993293 1 0 1.000000
0  -10.697711 -43.451061 81.272255  1.000000 -0.000059 0.000536  0.016443 0.993293 1 0 1.000000
aluminium
0  -11.252441 -43.153400 81.403038  -0.499997 0.862694 0.075902  0.016443 0.993293 1 0 1.000000
0  -10.896152 -43.153400 81.403038  0.499981 0.862707 0.075868  0.016443 0.993293 1 0 1.000000
0  -10.882622 -43.121834 81.312843  0.499972 0.862710 0.075893  0.016443 0.993293 1 0 1.000000
aluminium
0  -11.265971 -43.121834 81.312843  -0.499993 0.862695 0.075915  0.016443 0.993293 1 0 1.000000
0  -11.252441 -43.153400 81.403038  -0.499997 0.862694 0.075902  0.016443 0.993293 1 0 1.000000
0  -10.882622 -43.121834 81.312843  0.499972 0.862710 0.075893  0.016443 0.993293 1 0 1.000000
aluminium
0  -11.252441 -43.153400 81.403038  -0.499997 0.862694 0.075902  0.016443 0.993293 1 0 1.000000
0  -11.265971 -43.121834 81.312843  -0.499993 0.862695 0.075915  0.016443 0.993293 1 0 1.000000
0  -11.450881 -43.451061 81.272255  -1.000000 -0.000066 0.000497  0.016443 0.993293 1 0 1.000000
aluminium
0  -11.450881 -43.451061 81.272255  -1.000000 -0.000066 0.000497  0.016443 0.993293 1 0 1.000000
0  -11.428331 -43.464596 81.403038  -1.000000 -0.000058 0.000474  0.016443 0.993293 1 0 1.000000
0  -11.252441 -43.153400 81.403038  -0.499997 0.862694 0.075902  0.016443 0.993293 1 0 1.000000
aluminium
0  -11.252441 -43.771275 81.357941  -0.499997 -0.862782 -0.074902  0.016443 0.993293 1 0 1.000000
0  -11.428331 -43.464596 81.403038  -1.000000 -0.000058 0.000474  0.016443 0.993293 1 0 1.000000
0  -11.450881 -43.451061 81.272255  -1.000000 -0.000066 0.000497  0.016443 0.993293 1 0 1.000000
aluminium
0  -11.450881 -43.451061 81.272255  -1.000000 -0.000066 0.000497  0.016443 0.993293 1 0 1.000000
0  -11.265971 -43.784805 81.227158  -0.499930 -0.862824 -0.074863  0.016443 0.993293 1 0 1.000000
0  -11.252441 -43.771275 81.357941  -0.499997 -0.862782 -0.074902  0.016443 0.993293 1 0 1.000000
aluminium
0  2.179740 -24.873224 52.282124  -0.817694 -0.575649 -0.001890  0.016443 0.993293 1 0 1.000000
0  2.098560 -24.760477 52.237022  -0.817728 -0.575602 -0.001901  0.016443 0.993293 1 0 1.000000
0  2.125620 -24.796556 51.271877  -0.817544 -0.575864 -0.001631  0.016443 0.993293 1 0 1.000000
aluminium
0  2.256410 -24.981466 52.173878  -0.818598 -0.574364 -0.001804  0.016443 0.993293 1 0 1.000000
0  2.179740 -24.873224 52.282124  -0.817694 -0.575649 -0.001890  0.016443 0.993293 1 0 1.000000
0  2.125620 -24.796556 51.271877  -0.817544 -0.575864 -0.001631  0.016443 0.993293 1 0 1.000000
aluminium
0  2.125620 -24.796556 51.271877  -0.817544 -0.575864 -0.001631  0.016443 0.993293 1 0 1.000000
0  2.256410 -24.981466 51.271877  -0.818580 -0.574390 -0.001801  0.016443 0.993293 1 0 1.000000
0  2.256410 -24.981466 52.173878  -0.818598 -0.574364 -0.001804  0.016443 0.993293 1 0 1.000000
aluminium
0  -11.748541 -39.919731 78.981178  -0.000002 0.996211 0.086971  0.016443 0.993293 1 0 1.000000
0  -11.879332 -39.937775 79.242760  -0.000000 0.996216 0.086910  0.016443 0.993293 1 0 1.000000
0  -11.482452 -39.919731 78.981178  0.000000 0.996207 0.087015  0.016443 0.993293 1 0 1.000000
aluminium
0  -11.879332 -39.937775 79.242760  -0.000000 0.996216 0.086910  0.016443 0.993293 1 0 1.000000
0  -11.351662 -39.937775 79.242760  0.000000 0.996229 0.086758  0.016443 0.993293 1 0 1.000000
0  -11.482452 -39.919731 78.981178  0.000000 0.996207 0.087015  0.016443 0.993293 1 0 1.000000
aluminium
0  -11.351662 -39.937775 79.242760  0.000000 0.996229 0.086758  0.016443 0.993293 1 0 1.000000
0  -11.879332 -39.937775 79.242760  -0.000000 0.996216 0.086910  0.016443 0.993293 1 0 1.000000
0  -11.748541 -39.960323 79.463745  0.000000 0.996207 0.087017  0.016443 0.993293 1 0 1.000000
aluminium
0  -11.748541 -39.960323 79.463745  0.000000 0.996207 0.087017  0.016443 0.993293 1 0 1.000000
0  -11.482452 -39.960323 79.463745  -0.000000 0.996209 0.086995  0.016443 0.993293 1 0 1.000000
0  -11.351662 -39.937775 79.242760  0.000000 0.996229 0.086758  0.016443 0.993293 1 0 1.000000
aluminium
0  -10.945762 -43.739704 81.624039  0.333380 -0.513537 -0.790656  0.016443 0.993293 1 0 1.000000
0  -10.819481 -43.518715 81.669136  0.675763 0.039116 -0.736081  0.016443 0.993293 1 0 1.000000
0  -10.652611 -43.505184 81.930717  0.994658 0.013300 -0.102366  0.016443 0.993293 1 0 1.000000
aluminium
0  -10.652611 -43.505184 81.930717  0.994658 0.013300 -0.102366  0.016443 0.993293 1 0 1.000000
0  -10.819481 -43.518715 81.669136  0.675763 0.039116 -0.736081  0.016443 0.993293 1 0 1.000000
0  -10.945762 -43.297726 81.669136  0.350157 0.606049 -0.714209  0.016443 0.993293 1 0 1.000000
aluminium
0  -10.945762 -43.297726 81.669136  0.350157 0.606049 -0.714209  0.016443 0.993293 1 0 1.000000
0  -10.869092 -43.166935 82.061501  0.484249 0.871790 -0.074061  0.016443 0.993293 1 0 1.000000
0  -10.652611 -43.505184 81.930717  0.994658 0.013300 -0.102366  0.016443 0.993293 1 0 1.000000
aluminium
0  -10.869092 -43.166935 82.061501  0.484249 0.871790 -0.074061  0.016443 0.993293 1 0 1.000000
0  -10.945762 -43.297726 81.669136  0.350157 0.606049 -0.714209  0.016443 0.993293 1 0 1.000000
0  -11.198321 -43.297726 81.669136  -0.350121 0.606045 -0.714230  0.016443 0.993293 1 0 1.000000
aluminium
0  -11.198321 -43.297726 81.669136  -0.350121 0.606045 -0.714230  0.016443 0.993293 1 0 1.000000
0  -11.297541 -43.166935 82.061501  -0.473548 0.875621 -0.095078  0.016443 0.993293 1 0 1.000000
0  -10.869092 -43.166935 82.061501  0.484249 0.871790 -0.074061  0.016443 0.993293 1 0 1.000000
aluminium
0  -11.505000 -43.505184 81.930717  -0.976384 0.053932 -0.209202  0.016443 0.993293 1 0 1.000000
0  -11.297541 -43.166935 82.061501  -0.473548 0.875621 -0.095078  0.016443 0.993293 1 0 1.000000
0  -11.198321 -43.297726 81.669136  -0.350121 0.606045 -0.714230  0.016443 0.993293 1 0 1.000000
aluminium
0  -11.198321 -43.297726 81.669136  -0.350121 0.606045 -0.714230  0.016443 0.993293 1 0 1.000000
0  -11.329110 -43.518715 81.669136  -0.668718 0.050087 -0.741827  0.016443 0.993293 1 0 1.000000
0  -11.505000 -43.505184 81.930717  -0.976384 0.053932 -0.209202  0.016443 0.993293 1 0 1.000000
aluminium
0  -11.505000 -43.505184 81.930717  -0.976384 0.053932 -0.209202  0.016443 0.993293 1 0 1.000000
0  -11.329110 -43.518715 81.669136  -0.668718 0.050087 -0.741827  0.016443 0.993293 1 0 1.000000
0  -11.198321 -43.739704 81.624039  -0.329050 -0.502372 -0.799593  0.016443 0.993293 1 0 1.000000
aluminium
0  -11.198321 -43.739704 81.624039  -0.329050 -0.502372 -0.799593  0.016443 0.993293 1 0 1.000000
0  -11.297541 -43.847946 81.799919  -0.555708 -0.519638 -0.648972  0.016443 0.993293 1 0 1.000000
0  -11.505000 -43.505184 81.930717  -0.976384 0.053932 -0.209202  0.016443 0.993293 1 0 1.000000
aluminium
0  -11.297541 -43.847946 81.799919  -0.555708 -0.519638 -0.648972  0.016443 0.993293 1 0 1.000000
0  -11.198321 -43.739704 81.624039  -0.329050 -0.502372 -0.799593  0.016443 0.993293 1 0 1.000000
0  -10.869092 -43.847946 81.799919  0.570395 -0.561237 -0.599720  0.016443 0.993293 1 0 1.000000
aluminium
0  -11.198321 -43.739704 81.624039  -0.329050 -0.502372 -0.799593  0.016443 0.993293 1 0 1.000000
0  -10.945762 -43.739704 81.624039  0.333380 -0.513537 -0.790656  0.016443 0.993293 1 0 1.000000
0  -10.869092 -43.847946 81.799919  0.570395 -0.561237 -0.599720  0.016443 0.993293 1 0 1.000000
aluminium
0  -10.652611 -43.505184 81.930717  0.994658 0.013300 -0.102366  0.016443 0.993293 1 0 1.000000
0  -10.869092 -43.847946 81.799919  0.570395 -0.561237 -0.599720  0.016443 0.993293 1 0 1.000000
0  -10.945762 -43.739704 81.624039  0.333380 -0.513537 -0.790656  0.016443 0.993293 1 0 1.000000
aluminium
0  -10.941252 -43.978733 83.518234  0.499784 0.687484 0.526860  0.016443 0.993293 1 0 1.000000
0  -11.198321 -43.978733 83.518234  -0.499932 0.687424 0.526797  0.016443 0.993293 1 0 1.000000
0  -11.198321 -44.199722 83.824921  -0.499939 0.687419 0.526798  0.016443 0.993293 1 0 1.000000
aluminium
0  -11.198321 -44.199722 83.824921  -0.499939 0.687419 0.526798  0.016443 0.993293 1 0 1.000000
0  -11.198321 -43.978733 83.518234  -0.499932 0.687424 0.526797  0.016443 0.993293 1 0 1.000000
0  -11.320090 -44.145607 83.382927  -1.000000 -0.000079 0.000175  0.016443 0.993293 1 0 1.000000
aluminium
0  -11.320090 -44.145607 83.382927  -1.000000 -0.000079 0.000175  0.016443 0.993293 1 0 1.000000
0  -11.320090 -44.398163 83.694122  -1.000000 -0.000108 0.000178  0.016443 0.993293 1 0 1.000000
0  -11.198321 -44.199722 83.824921  -0.499939 0.687419 0.526798  0.016443 0.993293 1 0 1.000000
aluminium
0  -11.320090 -44.398163 83.694122  -1.000000 -0.000108 0.000178  0.016443 0.993293 1 0 1.000000
0  -11.320090 -44.145607 83.382927  -1.000000 -0.000079 0.000175  0.016443 0.993293 1 0 1.000000
0  -11.198321 -44.321495 83.252144  -0.499813 -0.688117 -0.526006  0.016443 0.993293 1 0 1.000000
aluminium
0  -11.198321 -44.321495 83.252144  -0.499813 -0.688117 -0.526006  0.016443 0.993293 1 0 1.000000
0  -11.198321 -44.587582 83.558823  -0.499800 -0.688118 -0.526016  0.016443 0.993293 1 0 1.000000
0  -11.320090 -44.398163 83.694122  -1.000000 -0.000108 0.000178  0.016443 0.993293 1 0 1.000000
aluminium
0  -11.198321 -44.321495 83.252144  -0.499813 -0.688117 -0.526006  0.016443 0.993293 1 0 1.000000
0  -10.941252 -44.321495 83.252144  0.499812 -0.688094 -0.526036  0.016443 0.993293 1 0 1.000000
0  -11.198321 -44.587582 83.558823  -0.499800 -0.688118 -0.526016  0.016443 0.993293 1 0 1.000000
aluminium
0  -11.198321 -44.587582 83.558823  -0.499800 -0.688118 -0.526016  0.016443 0.993293 1 0 1.000000
0  -10.941252 -44.321495 83.252144  0.499812 -0.688094 -0.526036  0.016443 0.993293 1 0 1.000000
0  -10.941252 -44.587582 83.558823  0.499799 -0.688110 -0.526028  0.016443 0.993293 1 0 1.000000
aluminium
0  -10.810461 -44.389141 83.694122  1.000000 -0.000208 0.000176  0.016443 0.993293 1 0 1.000000
0  -10.941252 -44.587582 83.558823  0.499799 -0.688110 -0.526028  0.016443 0.993293 1 0 1.000000
0  -10.941252 -44.321495 83.252144  0.499812 -0.688094 -0.526036  0.016443 0.993293 1 0 1.000000
aluminium
0  -10.941252 -44.321495 83.252144  0.499812 -0.688094 -0.526036  0.016443 0.993293 1 0 1.000000
0  -10.810461 -44.145607 83.382927  1.000000 -0.000192 0.000183  0.016443 0.993293 1 0 1.000000
0  -10.810461 -44.389141 83.694122  1.000000 -0.000208 0.000176  0.016443 0.993293 1 0 1.000000
aluminium
0  -10.941252 -44.199722 83.824921  0.499779 0.687477 0.526874  0.016443 0.993293 1 0 1.000000
0  -10.810461 -44.389141 83.694122  1.000000 -0.000208 0.000176  0.016443 0.993293 1 0 1.000000
0  -10.810461 -44.145607 83.382927  1.000000 -0.000192 0.000183  0.016443 0.993293 1 0 1.000000
aluminium
0  -10.810461 -44.145607 83.382927  1.000000 -0.000192 0.000183  0.016443 0.993293 1 0 1.000000
0  -10.941252 -43.978733 83.518234  0.499784 0.687484 0.526860  0.016443 0.993293 1 0 1.000000
0  -10.941252 -44.199722 83.824921  0.499779 0.687477 0.526874  0.016443 0.993293 1 0 1.000000
aluminium
0  -11.198321 -44.199722 83.824921  -0.499939 0.687419 0.526798  0.016443 0.993293 1 0 1.000000
0  -10.941252 -44.199722 83.824921  0.499779 0.687477 0.526874  0.016443 0.993293 1 0 1.000000
0  -10.941252 -43.978733 83.518234  0.499784 0.687484 0.526860  0.016443 0.993293 1 0 1.000000
end
