version 1
nodes
0 "root" -1
end
skeleton
time 0
0  0.000000 0.000000 0.000000  0.000000 -0.000000 0.000000
end
triangles
driverswat
0  26.908417 -5.148724 69.050674  0.609039 -0.792556 -0.030436  0.606464 0.828120 1 0 1.000000
0  26.481737 -5.451529 69.078201  0.365916 -0.834628 0.411705  0.596698 0.829096 1 0 1.000000
0  26.536793 -5.602930 68.734108  0.363314 -0.805920 0.467435  0.596698 0.823237 1 0 1.000000
driverswat
0  26.481737 -5.451529 69.078201  0.365916 -0.834628 0.411705  0.596698 0.829096 1 0 1.000000
0  26.000002 -5.547874 69.091965  -0.000001 -0.831563 0.555431  0.588885 0.830073 1 0 1.000000
0  26.536793 -5.602930 68.734108  0.363314 -0.805920 0.467435  0.596698 0.823237 1 0 1.000000
driverswat
0  26.536793 -5.602930 68.734108  0.363314 -0.805920 0.467435  0.596698 0.823237 1 0 1.000000
0  26.000002 -5.547874 69.091965  -0.000001 -0.831563 0.555431  0.588885 0.830073 1 0 1.000000
0  26.000002 -5.809389 68.761635  -0.000001 -0.773917 0.633287  0.588885 0.824213 1 0 1.000000
driverswat
0  25.463211 -5.602930 68.734108  -0.363319 -0.805943 0.467392  0.582049 0.824213 1 0 1.000000
0  26.000002 -5.809389 68.761635  -0.000001 -0.773917 0.633287  0.588885 0.824213 1 0 1.000000
0  26.000002 -5.547874 69.091965  -0.000001 -0.831563 0.555431  0.588885 0.830073 1 0 1.000000
driverswat
0  25.518269 -5.451529 69.078201  -0.365916 -0.834629 0.411703  0.581072 0.829096 1 0 1.000000
0  25.463211 -5.602930 68.734108  -0.363319 -0.805943 0.467392  0.582049 0.824213 1 0 1.000000
0  26.000002 -5.547874 69.091965  -0.000001 -0.831563 0.555431  0.588885 0.830073 1 0 1.000000
driverswat
0  25.091587 -5.148724 69.050674  -0.609027 -0.792563 -0.030481  0.572283 0.828120 1 0 1.000000
0  25.463211 -5.602930 68.734108  -0.363319 -0.805943 0.467392  0.582049 0.824213 1 0 1.000000
0  25.518269 -5.451529 69.078201  -0.365916 -0.834629 0.411703  0.581072 0.829096 1 0 1.000000
driverswat
0  23.990480 -4.570642 71.844734  -0.767532 -0.640754 0.018122  0.547868 0.877926 1 0 1.000000
0  23.371107 -3.194258 72.064957  -0.955230 -0.295767 -0.007574  0.519547 0.878903 1 0 1.000000
0  23.632620 -4.006325 70.358246  -0.908753 -0.392172 -0.142721  0.537126 0.848628 1 0 1.000000
driverswat
0  23.632620 -4.006325 70.358246  -0.908753 -0.392172 -0.142721  0.537126 0.848628 1 0 1.000000
0  24.417160 -5.093669 70.427063  -0.629328 -0.776188 -0.038456  0.560564 0.852535 1 0 1.000000
0  23.990480 -4.570642 71.844734  -0.767532 -0.640754 0.018122  0.547868 0.877926 1 0 1.000000
driverswat
0  24.733728 -4.873446 68.720345  -0.760158 -0.620309 -0.193332  0.565447 0.821284 1 0 1.000000
0  24.417160 -5.093669 70.427063  -0.629328 -0.776188 -0.038456  0.560564 0.852535 1 0 1.000000
0  23.632620 -4.006325 70.358246  -0.908753 -0.392172 -0.142721  0.537126 0.848628 1 0 1.000000
driverswat
0  24.417160 -5.093669 70.427063  -0.629328 -0.776188 -0.038456  0.560564 0.852535 1 0 1.000000
0  24.733728 -4.873446 68.720345  -0.760158 -0.620309 -0.193332  0.565447 0.821284 1 0 1.000000
0  25.091587 -5.148724 69.050674  -0.609052 -0.792543 -0.030518  0.572283 0.828120 1 0 1.000000
driverswat
0  24.733728 -4.873446 68.720345  -0.760158 -0.620309 -0.193332  0.565447 0.821284 1 0 1.000000
0  25.463211 -5.602930 68.734108  -0.485783 -0.838341 -0.247387  0.582049 0.824213 1 0 1.000000
0  25.091587 -5.148724 69.050674  -0.609052 -0.792543 -0.030518  0.572283 0.828120 1 0 1.000000
driverswat
0  23.027012 -1.735290 72.945847  -0.989401 -0.137281 0.047331  0.491226 0.891598 1 0 1.000000
0  22.958191 -1.377430 72.243889  -0.947489 -0.278570 0.157047  0.485366 0.876949 1 0 1.000000
0  23.371107 -3.194258 72.064957  -0.955230 -0.295767 -0.007574  0.519547 0.878903 1 0 1.000000
driverswat
0  22.958191 -1.377430 72.243889  -0.947489 -0.278570 0.157047  0.485366 0.876949 1 0 1.000000
0  23.164650 -1.845400 71.376770  -0.955205 -0.276608 -0.105226  0.496109 0.863277 1 0 1.000000
0  23.371107 -3.194258 72.064957  -0.955230 -0.295767 -0.007574  0.519547 0.878903 1 0 1.000000
driverswat
0  23.632620 -4.006325 70.358246  -0.908753 -0.392172 -0.142721  0.537126 0.848628 1 0 1.000000
0  23.371107 -3.194258 72.064957  -0.955230 -0.295767 -0.007574  0.519547 0.878903 1 0 1.000000
0  23.164650 -1.845400 71.376770  -0.955205 -0.276608 -0.105226  0.496109 0.863277 1 0 1.000000
driverswat
0  23.632620 -4.006325 70.358246  -0.908753 -0.392172 -0.142721  0.537126 0.848628 1 0 1.000000
0  23.164650 -1.845400 71.376770  -0.955205 -0.276608 -0.105226  0.496109 0.863277 1 0 1.000000
0  23.343580 -2.079386 69.972855  -0.963690 -0.097073 -0.248752  0.500015 0.836909 1 0 1.000000
driverswat
0  23.123358 -1.239791 70.096733  -0.815655 -0.000983 -0.578538  0.483413 0.840815 1 0 1.000000
0  23.343580 -2.079386 69.972855  -0.963690 -0.097073 -0.248752  0.500015 0.836909 1 0 1.000000
0  23.164650 -1.845400 71.376770  -0.955205 -0.276608 -0.105226  0.496109 0.863277 1 0 1.000000
driverswat
0  26.000002 -5.644221 68.445068  0.000029 -0.918354 -0.395760  0.588885 0.819330 1 0 1.000000
0  26.536793 -5.602930 68.734108  0.485781 -0.838342 -0.247386  0.596698 0.823237 1 0 1.000000
0  26.000002 -5.809389 68.761635  0.000001 -0.882344 -0.470605  0.588885 0.824213 1 0 1.000000
driverswat
0  26.000002 -5.644221 68.445068  0.000029 -0.918354 -0.395760  0.588885 0.819330 1 0 1.000000
0  26.000002 -5.809389 68.761635  0.000001 -0.882344 -0.470605  0.588885 0.824213 1 0 1.000000
0  25.463211 -5.602930 68.734108  -0.485783 -0.838341 -0.247387  0.582049 0.824213 1 0 1.000000
driverswat
0  25.463211 -5.602930 68.734108  -0.485783 -0.838341 -0.247387  0.582049 0.824213 1 0 1.000000
0  25.119116 -5.024849 67.550415  -0.597906 -0.527453 -0.603573  0.575213 0.803705 1 0 1.000000
0  26.000002 -5.644221 68.445068  0.000029 -0.918354 -0.395760  0.588885 0.819330 1 0 1.000000
driverswat
0  24.733728 -4.873446 68.720345  -0.760158 -0.620309 -0.193332  0.565447 0.821284 1 0 1.000000
0  25.119116 -5.024849 67.550415  -0.597906 -0.527453 -0.603573  0.575213 0.803705 1 0 1.000000
0  25.463211 -5.602930 68.734108  -0.485783 -0.838341 -0.247387  0.582049 0.824213 1 0 1.000000
driverswat
0  25.119116 -5.024849 67.550415  -0.597906 -0.527453 -0.603573  0.575213 0.803705 1 0 1.000000
0  24.733728 -4.873446 68.720345  -0.760158 -0.620309 -0.193332  0.565447 0.821284 1 0 1.000000
0  24.320812 -3.813631 68.279900  -0.840159 -0.251557 -0.480470  0.546892 0.805658 1 0 1.000000
driverswat
0  24.320812 -3.813631 68.279900  -0.840159 -0.251557 -0.480470  0.546892 0.805658 1 0 1.000000
0  24.733728 -4.873446 68.720345  -0.760158 -0.620309 -0.193332  0.565447 0.821284 1 0 1.000000
0  23.632620 -4.006325 70.358246  -0.908753 -0.392172 -0.142721  0.537126 0.848628 1 0 1.000000
driverswat
0  23.632620 -4.006325 70.358246  -0.908753 -0.392172 -0.142721  0.537126 0.848628 1 0 1.000000
0  23.673912 -2.409718 68.857986  -0.937158 -0.195053 -0.289292  0.508805 0.812494 1 0 1.000000
0  24.320812 -3.813631 68.279900  -0.840159 -0.251557 -0.480470  0.546892 0.805658 1 0 1.000000
driverswat
0  23.632620 -4.006325 70.358246  -0.908753 -0.392172 -0.142721  0.537126 0.848628 1 0 1.000000
0  23.343580 -2.079386 69.972855  -0.963690 -0.097073 -0.248752  0.500015 0.836909 1 0 1.000000
0  23.673912 -2.409718 68.857986  -0.937158 -0.195053 -0.289292  0.508805 0.812494 1 0 1.000000
driverswat
0  23.343580 -2.079386 69.972855  -0.963690 -0.097073 -0.248752  0.500015 0.836909 1 0 1.000000
0  23.522509 -1.033333 69.862747  -0.907421 0.210848 -0.363498  0.476577 0.833003 1 0 1.000000
0  23.673912 -2.409718 68.857986  -0.937158 -0.195053 -0.289292  0.508805 0.812494 1 0 1.000000
driverswat
0  23.343580 -2.079386 69.972855  -0.963690 -0.097073 -0.248752  0.500015 0.836909 1 0 1.000000
0  23.123358 -1.239791 70.096733  -0.815655 -0.000983 -0.578538  0.483413 0.840815 1 0 1.000000
0  23.522509 -1.033333 69.862747  -0.907421 0.210848 -0.363498  0.476577 0.833003 1 0 1.000000
driverswat
0  23.522509 -1.033333 69.862747  -0.907421 0.210848 -0.363498  0.476577 0.833003 1 0 1.000000
0  23.123358 -1.239791 70.096733  -0.815655 -0.000983 -0.578538  0.483413 0.840815 1 0 1.000000
0  22.655388 -0.441487 70.963852  -0.590999 0.723496 -0.356755  0.478530 0.858394 1 0 1.000000
driverswat
0  23.164650 -1.845400 71.376770  -0.955205 -0.276608 -0.105226  0.496109 0.863277 1 0 1.000000
0  22.655388 -0.441487 70.963852  -0.590999 0.723496 -0.356755  0.478530 0.858394 1 0 1.000000
0  23.123358 -1.239791 70.096733  -0.815655 -0.000983 -0.578538  0.483413 0.840815 1 0 1.000000
driverswat
0  23.164650 -1.845400 71.376770  -0.955205 -0.276608 -0.105226  0.496109 0.863277 1 0 1.000000
0  22.572803 -0.854403 72.230125  -0.817353 -0.171048 0.550161  0.477554 0.874020 1 0 1.000000
0  22.655388 -0.441487 70.963852  -0.590999 0.723496 -0.356755  0.478530 0.858394 1 0 1.000000
driverswat
0  22.958191 -1.377430 72.243889  -0.947489 -0.278570 0.157047  0.485366 0.876949 1 0 1.000000
0  22.572803 -0.854403 72.230125  -0.817353 -0.171048 0.550161  0.477554 0.874020 1 0 1.000000
0  23.164650 -1.845400 71.376770  -0.955205 -0.276608 -0.105226  0.496109 0.863277 1 0 1.000000
driverswat
0  22.958191 -1.377430 72.243889  -0.947489 -0.278570 0.157047  0.485366 0.876949 1 0 1.000000
0  22.999483 -0.565363 72.381531  -0.902845 0.381208 0.198875  0.469741 0.876949 1 0 1.000000
0  22.572803 -0.854403 72.230125  -0.817353 -0.171048 0.550161  0.477554 0.874020 1 0 1.000000
driverswat
0  23.027012 -1.735290 72.945847  -0.989401 -0.137281 0.047331  0.491226 0.891598 1 0 1.000000
0  22.999483 -0.565363 72.381531  -0.902845 0.381208 0.198875  0.469741 0.876949 1 0 1.000000
0  22.958191 -1.377430 72.243889  -0.947489 -0.278570 0.157047  0.485366 0.876949 1 0 1.000000
driverswat
0  22.999483 -0.565363 72.381531  -0.902845 0.381208 0.198875  0.469741 0.876949 1 0 1.000000
0  23.027012 -1.735290 72.945847  -0.989401 -0.137281 0.047331  0.491226 0.891598 1 0 1.000000
0  22.971956 -0.290085 73.785446  -0.984973 0.165812 0.048324  0.462905 0.903317 1 0 1.000000
driverswat
0  23.027012 -1.735290 72.945847  -0.989401 -0.137281 0.047331  0.491226 0.891598 1 0 1.000000
0  23.233469 -2.602412 73.826736  -0.967409 -0.246989 0.055824  0.504898 0.910154 1 0 1.000000
0  22.971956 -0.290085 73.785446  -0.984973 0.165812 0.048324  0.462905 0.903317 1 0 1.000000
driverswat
0  22.462692 -0.427724 71.913559  -0.766886 0.631192 0.116114  0.475600 0.870113 1 0 1.000000
0  22.572803 -0.854403 72.230125  -0.817353 -0.171048 0.550161  0.477554 0.874020 1 0 1.000000
0  22.999483 -0.565363 72.381531  -0.902845 0.381208 0.198875  0.469741 0.876949 1 0 1.000000
driverswat
0  22.655388 -0.441487 70.963852  -0.590999 0.723496 -0.356755  0.478530 0.858394 1 0 1.000000
0  22.572803 -0.854403 72.230125  -0.817353 -0.171048 0.550161  0.477554 0.874020 1 0 1.000000
0  22.462692 -0.427724 71.913559  -0.766886 0.631192 0.116114  0.475600 0.870113 1 0 1.000000
driverswat
0  22.655388 -0.441487 70.963852  -0.590999 0.723496 -0.356755  0.478530 0.858394 1 0 1.000000
0  22.462692 -0.427724 71.913559  -0.766886 0.631192 0.116114  0.475600 0.870113 1 0 1.000000
0  22.999483 -0.565363 72.381531  -0.902845 0.381208 0.198875  0.469741 0.876949 1 0 1.000000
driverswat
0  22.655388 -0.441487 70.963852  -0.590999 0.723496 -0.356755  0.478530 0.858394 1 0 1.000000
0  22.999483 -0.565363 72.381531  -0.902845 0.381208 0.198875  0.469741 0.876949 1 0 1.000000
0  23.522509 -1.033333 69.862747  -0.907421 0.210848 -0.363498  0.476577 0.833003 1 0 1.000000
driverswat
0  23.673912 -2.409718 68.857986  -0.937158 -0.195053 -0.289292  0.508805 0.812494 1 0 1.000000
0  24.981478 -3.538354 67.454071  -0.708356 -0.488054 -0.509936  0.555681 0.780267 1 0 1.000000
0  24.320812 -3.813631 68.279900  -0.840159 -0.251557 -0.480470  0.546892 0.805658 1 0 1.000000
driverswat
0  25.119116 -5.024849 67.550415  -0.597906 -0.527453 -0.603573  0.575213 0.803705 1 0 1.000000
0  24.320812 -3.813631 68.279900  -0.840159 -0.251557 -0.480470  0.546892 0.805658 1 0 1.000000
0  24.981478 -3.538354 67.454071  -0.708356 -0.488054 -0.509936  0.555681 0.780267 1 0 1.000000
driverswat
0  25.119116 -5.024849 67.550415  -0.597906 -0.527453 -0.603573  0.575213 0.803705 1 0 1.000000
0  24.981478 -3.538354 67.454071  -0.708356 -0.488054 -0.509936  0.555681 0.780267 1 0 1.000000
0  26.000002 -3.703520 66.986099  -0.002758 -0.788413 -0.615141  0.588885 0.769524 1 0 1.000000
driverswat
0  26.000002 -3.703520 66.986099  -0.002758 -0.788413 -0.615141  0.588885 0.769524 1 0 1.000000
0  24.981478 -3.538354 67.454071  -0.708356 -0.488054 -0.509936  0.555681 0.780267 1 0 1.000000
0  26.000002 -3.662228 66.518127  -0.000979 -0.999560 0.029651  0.588885 0.752922 1 0 1.000000
driverswat
0  26.000002 -3.703520 66.986099  -0.002758 -0.788413 -0.615141  0.588885 0.769524 1 0 1.000000
0  26.000002 -3.662228 66.518127  -0.000979 -0.999560 0.029651  0.588885 0.752922 1 0 1.000000
0  26.990999 -3.538354 67.454071  0.707805 -0.488513 -0.510263  0.622089 0.780267 1 0 1.000000
driverswat
0  26.990999 -3.538354 67.454071  0.707805 -0.488513 -0.510263  0.622089 0.780267 1 0 1.000000
0  26.000002 -3.662228 66.518127  -0.000979 -0.999560 0.029651  0.588885 0.752922 1 0 1.000000
0  27.018528 -3.359424 66.490601  0.465843 -0.880366 0.089140  0.622089 0.750969 1 0 1.000000
driverswat
0  24.981478 -3.538354 67.454071  -0.708356 -0.488054 -0.509936  0.555681 0.780267 1 0 1.000000
0  24.953951 -3.359424 66.490601  -0.467399 -0.879176 0.092667  0.555681 0.751946 1 0 1.000000
0  26.000002 -3.662228 66.518127  -0.000979 -0.999560 0.029651  0.588885 0.752922 1 0 1.000000
driverswat
0  28.298565 -2.409718 68.857986  0.937175 -0.194820 -0.289393  0.668966 0.811518 1 0 1.000000
0  27.679192 -3.813630 68.279900  0.840166 -0.251489 -0.480494  0.630879 0.805658 1 0 1.000000
0  26.990999 -3.538354 67.454071  0.707805 -0.488513 -0.510263  0.622089 0.780267 1 0 1.000000
driverswat
0  26.880890 -5.024849 67.550415  0.597861 -0.527090 -0.603936  0.602557 0.803705 1 0 1.000000
0  26.990999 -3.538354 67.454071  0.707805 -0.488513 -0.510263  0.622089 0.780267 1 0 1.000000
0  27.679192 -3.813630 68.279900  0.840166 -0.251489 -0.480494  0.630879 0.805658 1 0 1.000000
driverswat
0  26.880890 -5.024849 67.550415  0.597861 -0.527090 -0.603936  0.602557 0.803705 1 0 1.000000
0  26.000002 -3.703520 66.986099  -0.002758 -0.788413 -0.615141  0.588885 0.769524 1 0 1.000000
0  26.990999 -3.538354 67.454071  0.707805 -0.488513 -0.510263  0.622089 0.780267 1 0 1.000000
driverswat
0  26.000002 -5.203778 67.288910  0.000256 -0.602775 -0.797911  0.588885 0.801752 1 0 1.000000
0  26.000002 -3.703520 66.986099  -0.002758 -0.788413 -0.615141  0.588885 0.769524 1 0 1.000000
0  26.880890 -5.024849 67.550415  0.597861 -0.527090 -0.603936  0.602557 0.803705 1 0 1.000000
driverswat
0  26.000002 -5.203778 67.288910  0.000256 -0.602775 -0.797911  0.588885 0.801752 1 0 1.000000
0  25.119116 -5.024849 67.550415  -0.597906 -0.527453 -0.603573  0.575213 0.803705 1 0 1.000000
0  26.000002 -3.703520 66.986099  -0.002758 -0.788413 -0.615141  0.588885 0.769524 1 0 1.000000
driverswat
0  26.000002 -5.203778 67.288910  0.000256 -0.602775 -0.797911  0.588885 0.801752 1 0 1.000000
0  26.000002 -5.382709 67.633003  0.000003 -0.928076 -0.372390  0.588885 0.807611 1 0 1.000000
0  25.119116 -5.024849 67.550415  -0.597906 -0.527453 -0.603573  0.575213 0.803705 1 0 1.000000
driverswat
0  25.119116 -5.024849 67.550415  -0.597906 -0.527453 -0.603573  0.575213 0.803705 1 0 1.000000
0  26.000002 -5.382709 67.633003  0.000003 -0.928076 -0.372390  0.588885 0.807611 1 0 1.000000
0  26.000002 -5.644221 68.445068  0.000029 -0.918354 -0.395760  0.588885 0.819330 1 0 1.000000
driverswat
0  26.880890 -5.024849 67.550415  0.597861 -0.527090 -0.603936  0.602557 0.803705 1 0 1.000000
0  26.000002 -5.644221 68.445068  0.000029 -0.918354 -0.395760  0.588885 0.819330 1 0 1.000000
0  26.000002 -5.382709 67.633003  0.000003 -0.928076 -0.372390  0.588885 0.807611 1 0 1.000000
driverswat
0  26.000002 -5.203778 67.288910  0.000256 -0.602775 -0.797911  0.588885 0.801752 1 0 1.000000
0  26.880890 -5.024849 67.550415  0.597861 -0.527090 -0.603936  0.602557 0.803705 1 0 1.000000
0  26.000002 -5.382709 67.633003  0.000003 -0.928076 -0.372390  0.588885 0.807611 1 0 1.000000
driverswat
0  23.756496 -1.817873 67.894516  -0.938008 -0.346560 -0.006150  0.495132 0.787103 1 0 1.000000
0  24.128120 -2.643704 66.559418  -0.765863 -0.633305 0.111260  0.520524 0.753899 1 0 1.000000
0  24.981478 -3.538354 67.454071  -0.708356 -0.488054 -0.509936  0.555681 0.780267 1 0 1.000000
driverswat
0  24.981478 -3.538354 67.454071  -0.708356 -0.488054 -0.509936  0.555681 0.780267 1 0 1.000000
0  24.128120 -2.643704 66.559418  -0.765863 -0.633305 0.111260  0.520524 0.753899 1 0 1.000000
0  24.953951 -3.359424 66.490601  -0.467399 -0.879176 0.092667  0.555681 0.751946 1 0 1.000000
driverswat
0  24.128120 -2.643704 66.559418  -0.765863 -0.633305 0.111260  0.520524 0.753899 1 0 1.000000
0  24.692436 -3.483297 65.761124  -0.475101 -0.843341 0.251109  0.553728 0.729484 1 0 1.000000
0  24.953951 -3.359424 66.490601  -0.467399 -0.879176 0.092667  0.555681 0.751946 1 0 1.000000
driverswat
0  24.692436 -3.483297 65.761124  -0.475101 -0.843341 0.251109  0.553728 0.729484 1 0 1.000000
0  26.000002 -3.662228 66.518127  -0.000979 -0.999560 0.029651  0.588885 0.752922 1 0 1.000000
0  24.953951 -3.359424 66.490601  -0.467399 -0.879176 0.092667  0.555681 0.751946 1 0 1.000000
driverswat
0  24.692436 -3.483297 65.761124  -0.475101 -0.843341 0.251109  0.553728 0.729484 1 0 1.000000
0  26.068821 -3.813631 65.637245  0.024053 -0.986374 0.162753  0.589862 0.721671 1 0 1.000000
0  26.000002 -3.662228 66.518127  -0.000979 -0.999560 0.029651  0.588885 0.752922 1 0 1.000000
driverswat
0  27.307568 -3.469534 65.761124  0.487543 -0.836643 0.249662  0.625996 0.729484 1 0 1.000000
0  26.000002 -3.662228 66.518127  -0.000979 -0.999560 0.029651  0.588885 0.752922 1 0 1.000000
0  26.068821 -3.813631 65.637245  0.024053 -0.986374 0.162753  0.589862 0.721671 1 0 1.000000
driverswat
0  27.307568 -3.469534 65.761124  0.487543 -0.836643 0.249662  0.625996 0.729484 1 0 1.000000
0  27.018528 -3.359424 66.490601  0.465843 -0.880366 0.089140  0.622089 0.750969 1 0 1.000000
0  26.000002 -3.662228 66.518127  -0.000979 -0.999560 0.029651  0.588885 0.752922 1 0 1.000000
driverswat
0  27.844358 -2.643703 66.559418  0.782896 -0.615993 0.087333  0.655293 0.752922 1 0 1.000000
0  27.018528 -3.359424 66.490601  0.465843 -0.880366 0.089140  0.622089 0.750969 1 0 1.000000
0  27.307568 -3.469534 65.761124  0.487543 -0.836643 0.249662  0.625996 0.729484 1 0 1.000000
driverswat
0  26.990999 -3.538354 67.454071  0.707805 -0.488513 -0.510263  0.622089 0.780267 1 0 1.000000
0  27.018528 -3.359424 66.490601  0.465843 -0.880366 0.089140  0.622089 0.750969 1 0 1.000000
0  27.844358 -2.643703 66.559418  0.782896 -0.615993 0.087333  0.655293 0.752922 1 0 1.000000
driverswat
0  28.215981 -1.817872 67.894516  0.934753 -0.355249 -0.005934  0.681661 0.786126 1 0 1.000000
0  26.990999 -3.538354 67.454071  0.707805 -0.488513 -0.510263  0.622089 0.780267 1 0 1.000000
0  27.844358 -2.643703 66.559418  0.782896 -0.615993 0.087333  0.655293 0.752922 1 0 1.000000
driverswat
0  28.298565 -2.409718 68.857986  0.937175 -0.194820 -0.289393  0.668966 0.811518 1 0 1.000000
0  26.990999 -3.538354 67.454071  0.707805 -0.488513 -0.510263  0.622089 0.780267 1 0 1.000000
0  28.215981 -1.817872 67.894516  0.934753 -0.355249 -0.005934  0.681661 0.786126 1 0 1.000000
driverswat
0  28.298565 -2.409718 68.857986  0.937175 -0.194820 -0.289393  0.668966 0.811518 1 0 1.000000
0  28.215981 -1.817872 67.894516  0.934753 -0.355249 -0.005934  0.681661 0.786126 1 0 1.000000
0  28.381147 -0.524070 68.321190  0.982803 0.107267 0.150309  0.712912 0.794916 1 0 1.000000
driverswat
0  28.449966 -1.033333 69.862747  0.907122 0.210777 -0.364284  0.702170 0.833003 1 0 1.000000
0  28.298565 -2.409718 68.857986  0.937175 -0.194820 -0.289393  0.668966 0.811518 1 0 1.000000
0  28.381147 -0.524070 68.321190  0.982803 0.107267 0.150309  0.712912 0.794916 1 0 1.000000
driverswat
0  28.312328 -0.235030 69.821457  0.952139 0.273819 -0.135849  0.718772 0.830073 1 0 1.000000
0  28.449966 -1.033333 69.862747  0.907122 0.210777 -0.364284  0.702170 0.833003 1 0 1.000000
0  28.381147 -0.524070 68.321190  0.982803 0.107267 0.150309  0.712912 0.794916 1 0 1.000000
driverswat
0  28.312328 -0.235030 69.821457  0.952139 0.273819 -0.135849  0.718772 0.830073 1 0 1.000000
0  28.972992 -0.565362 72.381531  0.902346 0.382420 0.198812  0.709983 0.876949 1 0 1.000000
0  28.449966 -1.033333 69.862747  0.907122 0.210777 -0.364284  0.702170 0.833003 1 0 1.000000
driverswat
0  28.505024 0.480690 71.445587  0.895145 0.393058 -0.210288  0.729514 0.861324 1 0 1.000000
0  28.972992 -0.565362 72.381531  0.902346 0.382420 0.198812  0.709983 0.876949 1 0 1.000000
0  28.312328 -0.235030 69.821457  0.952139 0.273819 -0.135849  0.718772 0.830073 1 0 1.000000
driverswat
0  28.505024 0.480690 71.445587  0.895145 0.393058 -0.210288  0.729514 0.861324 1 0 1.000000
0  29.000521 -0.290085 73.785446  0.984982 0.165757 0.048323  0.716819 0.903317 1 0 1.000000
0  28.972992 -0.565362 72.381531  0.902346 0.382420 0.198812  0.709983 0.876949 1 0 1.000000
driverswat
0  28.505024 0.480690 71.445587  0.895145 0.393058 -0.210288  0.729514 0.861324 1 0 1.000000
0  28.683952 0.948661 73.069725  0.878054 0.478435 0.010966  0.736351 0.891598 1 0 1.000000
0  29.000521 -0.290085 73.785446  0.984982 0.165757 0.048323  0.716819 0.903317 1 0 1.000000
driverswat
0  27.926941 1.719437 72.381531  0.656339 0.748492 -0.094758  0.751976 0.879879 1 0 1.000000
0  28.683952 0.948661 73.069725  0.878054 0.478435 0.010966  0.736351 0.891598 1 0 1.000000
0  28.505024 0.480690 71.445587  0.895145 0.393058 -0.210288  0.729514 0.861324 1 0 1.000000
driverswat
0  27.926941 1.719437 72.381531  0.656339 0.748492 -0.094758  0.751976 0.879879 1 0 1.000000
0  27.555317 1.512979 70.702339  0.615274 0.747857 -0.249294  0.753929 0.846675 1 0 1.000000
0  26.674431 2.366338 71.775917  0.355557 0.918024 -0.175529  0.773461 0.870113 1 0 1.000000
driverswat
0  27.926941 1.719437 72.381531  0.656339 0.748492 -0.094758  0.751976 0.879879 1 0 1.000000
0  28.505024 0.480690 71.445587  0.895145 0.393058 -0.210288  0.729514 0.861324 1 0 1.000000
0  27.555317 1.512979 70.702339  0.615274 0.747857 -0.249294  0.753929 0.846675 1 0 1.000000
driverswat
0  27.816830 0.866078 69.491119  0.774393 0.615602 -0.146111  0.743187 0.820307 1 0 1.000000
0  27.555317 1.512979 70.702339  0.615274 0.747857 -0.249294  0.753929 0.846675 1 0 1.000000
0  28.505024 0.480690 71.445587  0.895145 0.393058 -0.210288  0.729514 0.861324 1 0 1.000000
driverswat
0  28.312328 -0.235030 69.821457  0.952139 0.273819 -0.135849  0.718772 0.830073 1 0 1.000000
0  27.816830 0.866078 69.491119  0.774393 0.615602 -0.146111  0.743187 0.820307 1 0 1.000000
0  28.505024 0.480690 71.445587  0.895145 0.393058 -0.210288  0.729514 0.861324 1 0 1.000000
driverswat
0  27.816830 0.866078 69.491119  0.774393 0.615602 -0.146111  0.743187 0.820307 1 0 1.000000
0  28.312328 -0.235030 69.821457  0.952139 0.273819 -0.135849  0.718772 0.830073 1 0 1.000000
0  28.381147 -0.524070 68.321190  0.982803 0.107267 0.150309  0.712912 0.794916 1 0 1.000000
driverswat
0  28.683952 0.948661 73.069725  0.878054 0.478435 0.010966  0.736351 0.891598 1 0 1.000000
0  28.078342 1.292757 74.322235  0.712818 0.675211 0.189683  0.748070 0.914060 1 0 1.000000
0  29.000521 -0.290085 73.785446  0.984982 0.165757 0.048323  0.716819 0.903317 1 0 1.000000
driverswat
0  27.926941 1.719437 72.381531  0.656339 0.748492 -0.094758  0.751976 0.879879 1 0 1.000000
0  28.078342 1.292757 74.322235  0.712818 0.675211 0.189683  0.748070 0.914060 1 0 1.000000
0  28.683952 0.948661 73.069725  0.878054 0.478435 0.010966  0.736351 0.891598 1 0 1.000000
driverswat
0  28.078342 1.292757 74.322235  0.712818 0.675211 0.189683  0.748070 0.914060 1 0 1.000000
0  27.926941 1.719437 72.381531  0.656339 0.748492 -0.094758  0.751976 0.879879 1 0 1.000000
0  26.688194 2.380101 73.895554  0.258990 0.951254 0.167451  0.774438 0.912107 1 0 1.000000
driverswat
0  27.926941 1.719437 72.381531  0.656339 0.748492 -0.094758  0.751976 0.879879 1 0 1.000000
0  26.674431 2.366338 71.775917  0.355557 0.918024 -0.175529  0.773461 0.870113 1 0 1.000000
0  26.688194 2.380101 73.895554  0.258990 0.951254 0.167451  0.774438 0.912107 1 0 1.000000
driverswat
0  26.688194 2.380101 73.895554  0.258990 0.951254 0.167451  0.774438 0.912107 1 0 1.000000
0  26.674431 2.366338 71.775917  0.355557 0.918024 -0.175529  0.773461 0.870113 1 0 1.000000
0  26.027531 2.627850 72.959610  0.016578 0.999164 0.037371  0.784204 0.895505 1 0 1.000000
driverswat
0  26.674431 2.366338 71.775917  0.355557 0.918024 -0.175529  0.773461 0.870113 1 0 1.000000
0  26.013765 2.462685 71.707100  0.006961 0.982621 -0.185494  0.784204 0.869137 1 0 1.000000
0  26.027531 2.627850 72.959610  0.016578 0.999164 0.037371  0.784204 0.895505 1 0 1.000000
driverswat
0  26.674431 2.366338 71.775917  0.355557 0.918024 -0.175529  0.773461 0.870113 1 0 1.000000
0  26.000002 2.201171 70.605988  0.010700 0.965962 -0.258463  0.784204 0.842769 1 0 1.000000
0  26.013765 2.462685 71.707100  0.006961 0.982621 -0.185494  0.784204 0.869137 1 0 1.000000
driverswat
0  26.674431 2.366338 71.775917  0.355557 0.918024 -0.175529  0.773461 0.870113 1 0 1.000000
0  27.555317 1.512979 70.702339  0.615274 0.747857 -0.249294  0.753929 0.846675 1 0 1.000000
0  26.000002 2.201171 70.605988  0.010700 0.965962 -0.258463  0.784204 0.842769 1 0 1.000000
driverswat
0  27.555317 1.512979 70.702339  0.615274 0.747857 -0.249294  0.753929 0.846675 1 0 1.000000
0  25.931183 1.967186 69.257141  -0.025643 0.987509 -0.155464  0.784204 0.815424 1 0 1.000000
0  26.000002 2.201171 70.605988  0.010700 0.965962 -0.258463  0.784204 0.842769 1 0 1.000000
driverswat
0  27.816830 0.866078 69.491119  0.774393 0.615602 -0.146111  0.743187 0.820307 1 0 1.000000
0  25.931183 1.967186 69.257141  -0.025643 0.987509 -0.155464  0.784204 0.815424 1 0 1.000000
0  27.555317 1.512979 70.702339  0.615274 0.747857 -0.249294  0.753929 0.846675 1 0 1.000000
driverswat
0  27.500261 1.168882 68.555183  0.631498 0.758585 0.160498  0.752953 0.798822 1 0 1.000000
0  25.931183 1.967186 69.257141  -0.025643 0.987509 -0.155464  0.784204 0.815424 1 0 1.000000
0  27.816830 0.866078 69.491119  0.774393 0.615602 -0.146111  0.743187 0.820307 1 0 1.000000
driverswat
0  27.816830 0.866078 69.491119  0.774393 0.615602 -0.146111  0.743187 0.820307 1 0 1.000000
0  28.381147 -0.524070 68.321190  0.982803 0.107267 0.150309  0.712912 0.794916 1 0 1.000000
0  27.500261 1.168882 68.555183  0.631498 0.758585 0.160498  0.752953 0.798822 1 0 1.000000
driverswat
0  28.381147 -0.524070 68.321190  0.982803 0.107267 0.150309  0.712912 0.794916 1 0 1.000000
0  28.807827 0.700912 66.958572  0.858264 0.363563 0.362221  0.739280 0.759758 1 0 1.000000
0  27.500261 1.168882 68.555183  0.631498 0.758585 0.160498  0.752953 0.798822 1 0 1.000000
driverswat
0  28.794064 -1.253554 66.463074  0.925209 -0.325503 0.195029  0.705100 0.751946 1 0 1.000000
0  28.807827 0.700912 66.958572  0.858264 0.363563 0.362221  0.739280 0.759758 1 0 1.000000
0  28.381147 -0.524070 68.321190  0.982803 0.107267 0.150309  0.712912 0.794916 1 0 1.000000
driverswat
0  28.215981 -1.817872 67.894516  0.934753 -0.355249 -0.005934  0.681661 0.786126 1 0 1.000000
0  28.794064 -1.253554 66.463074  0.925209 -0.325503 0.195029  0.705100 0.751946 1 0 1.000000
0  28.381147 -0.524070 68.321190  0.982803 0.107267 0.150309  0.712912 0.794916 1 0 1.000000
driverswat
0  27.844358 -2.643703 66.559418  0.782896 -0.615993 0.087333  0.655293 0.752922 1 0 1.000000
0  28.794064 -1.253554 66.463074  0.925209 -0.325503 0.195029  0.705100 0.751946 1 0 1.000000
0  28.215981 -1.817872 67.894516  0.934753 -0.355249 -0.005934  0.681661 0.786126 1 0 1.000000
driverswat
0  27.844358 -2.643703 66.559418  0.782896 -0.615993 0.087333  0.655293 0.752922 1 0 1.000000
0  27.307568 -3.469534 65.761124  0.487543 -0.836643 0.249662  0.625996 0.729484 1 0 1.000000
0  28.794064 -1.253554 66.463074  0.925209 -0.325503 0.195029  0.705100 0.751946 1 0 1.000000
driverswat
0  26.027531 2.627850 72.959610  0.016578 0.999164 0.037371  0.784204 0.895505 1 0 1.000000
0  25.986238 2.077297 74.721382  0.000360 0.954013 0.299766  0.784204 0.935545 1 0 1.000000
0  26.688194 2.380101 73.895554  0.258990 0.951254 0.167451  0.774438 0.912107 1 0 1.000000
driverswat
0  26.041292 1.843311 68.431305  0.033229 0.999427 0.006445  0.784204 0.799799 1 0 1.000000
0  25.931183 1.967186 69.257141  -0.025643 0.987509 -0.155464  0.784204 0.815424 1 0 1.000000
0  27.500261 1.168882 68.555183  0.631498 0.758585 0.160498  0.752953 0.798822 1 0 1.000000
driverswat
0  26.041292 1.843311 68.431305  0.033229 0.999427 0.006445  0.784204 0.799799 1 0 1.000000
0  27.500261 1.168882 68.555183  0.631498 0.758585 0.160498  0.752953 0.798822 1 0 1.000000
0  27.280041 1.678145 66.972336  0.376794 0.915096 0.143614  0.766625 0.760735 1 0 1.000000
driverswat
0  28.807827 0.700912 66.958572  0.858264 0.363563 0.362221  0.739280 0.759758 1 0 1.000000
0  27.280041 1.678145 66.972336  0.376794 0.915096 0.143614  0.766625 0.760735 1 0 1.000000
0  27.500261 1.168882 68.555183  0.631498 0.758585 0.160498  0.752953 0.798822 1 0 1.000000
driverswat
0  27.280041 1.678145 66.972336  0.376794 0.915096 0.143614  0.766625 0.760735 1 0 1.000000
0  25.876127 1.788257 66.972336  -0.013778 0.999144 -0.038994  0.784204 0.760735 1 0 1.000000
0  26.041292 1.843311 68.431305  0.033229 0.999427 0.006445  0.784204 0.799799 1 0 1.000000
driverswat
0  32.992039 -20.323364 61.144833  -0.864905 0.187266 0.465694  0.320322 0.077120 1 0 1.000000
0  33.226021 -16.700758 58.508770  -0.909794 0.006304 -0.415012  0.286142 0.138646 1 0 1.000000
0  33.033329 -20.842903 59.363220  -0.902824 0.003711 -0.429994  0.291025 0.065401 1 0 1.000000
driverswat
0  33.446243 -16.094145 60.753063  -0.810603 0.082665 0.579732  0.317392 0.150365 1 0 1.000000
0  33.226021 -16.700758 58.508770  -0.909794 0.006304 -0.415012  0.286142 0.138646 1 0 1.000000
0  32.992039 -20.323364 61.144833  -0.864905 0.187266 0.465694  0.320322 0.077120 1 0 1.000000
driverswat
0  33.363663 -12.990555 60.450287  -0.850364 -0.043223 0.524417  0.315439 0.206030 1 0 1.000000
0  33.226021 -16.700758 58.508770  -0.909794 0.006304 -0.415012  0.286142 0.138646 1 0 1.000000
0  33.446243 -16.094145 60.753063  -0.810603 0.082665 0.579732  0.317392 0.150365 1 0 1.000000
driverswat
0  33.363663 -12.990555 60.450287  -0.850364 -0.043223 0.524417  0.315439 0.206030 1 0 1.000000
0  33.515060 -12.948275 57.692032  -0.802684 -0.142668 -0.579089  0.283212 0.207007 1 0 1.000000
0  33.226021 -16.700758 58.508770  -0.909794 0.006304 -0.415012  0.286142 0.138646 1 0 1.000000
driverswat
0  33.198494 -12.308368 60.380867  -0.863498 -0.210886 0.458147  0.313486 0.217750 1 0 1.000000
0  33.515060 -12.948275 57.692032  -0.802684 -0.142668 -0.579089  0.283212 0.207007 1 0 1.000000
0  33.363663 -12.990555 60.450287  -0.850364 -0.043223 0.524417  0.315439 0.206030 1 0 1.000000
driverswat
0  32.551594 -4.887210 61.563145  -0.917606 0.029134 0.396422  0.310556 0.322245 1 0 1.000000
0  35.318127 -8.190534 62.691780  -0.062520 -0.236448 0.969631  0.344737 0.284158 1 0 1.000000
0  34.932739 -4.859682 63.724068  -0.013771 -0.382989 0.923650  0.338878 0.332987 1 0 1.000000
driverswat
0  32.482773 -8.410755 60.916245  -0.838222 -0.193062 0.510011  0.312510 0.276345 1 0 1.000000
0  35.318127 -8.190534 62.691780  -0.062520 -0.236448 0.969631  0.344737 0.284158 1 0 1.000000
0  32.551594 -4.887210 61.563145  -0.917606 0.029134 0.396422  0.310556 0.322245 1 0 1.000000
driverswat
0  32.482773 -8.410755 60.916245  -0.838222 -0.193062 0.510011  0.312510 0.276345 1 0 1.000000
0  35.978790 -12.025229 61.839695  0.053043 -0.111278 0.992373  0.350597 0.224586 1 0 1.000000
0  35.318127 -8.190534 62.691780  -0.062520 -0.236448 0.969631  0.344737 0.284158 1 0 1.000000
driverswat
0  33.198494 -12.308368 60.380867  -0.863498 -0.210886 0.458147  0.313486 0.217750 1 0 1.000000
0  35.978790 -12.025229 61.839695  0.053043 -0.111278 0.992373  0.350597 0.224586 1 0 1.000000
0  32.482773 -8.410755 60.916245  -0.838222 -0.193062 0.510011  0.312510 0.276345 1 0 1.000000
driverswat
0  33.198494 -12.308368 60.380867  -0.863498 -0.210886 0.458147  0.313486 0.217750 1 0 1.000000
0  33.363663 -12.990555 60.450287  -0.850364 -0.043223 0.524417  0.315439 0.206030 1 0 1.000000
0  35.978790 -12.025229 61.839695  0.053043 -0.111278 0.992373  0.350597 0.224586 1 0 1.000000
driverswat
0  35.978790 -12.025229 61.839695  0.053043 -0.111278 0.992373  0.350597 0.224586 1 0 1.000000
0  33.363663 -12.990555 60.450287  -0.850364 -0.043223 0.524417  0.315439 0.206030 1 0 1.000000
0  36.075138 -12.771605 61.848721  0.097491 0.013987 0.995138  0.352550 0.210913 1 0 1.000000
driverswat
0  33.363663 -12.990555 60.450287  -0.850364 -0.043223 0.524417  0.315439 0.206030 1 0 1.000000
0  33.446243 -16.094145 60.753063  -0.810603 0.082665 0.579732  0.317392 0.150365 1 0 1.000000
0  36.075138 -12.771605 61.848721  0.097491 0.013987 0.995138  0.352550 0.210913 1 0 1.000000
driverswat
0  36.075138 -12.771605 61.848721  0.097491 0.013987 0.995138  0.352550 0.210913 1 0 1.000000
0  33.446243 -16.094145 60.753063  -0.810603 0.082665 0.579732  0.317392 0.150365 1 0 1.000000
0  35.992558 -16.183502 61.864346  0.152847 0.005574 0.988234  0.353526 0.152318 1 0 1.000000
driverswat
0  33.446243 -16.094145 60.753063  -0.810603 0.082665 0.579732  0.317392 0.150365 1 0 1.000000
0  34.684990 -20.442846 62.115616  0.030255 0.132951 0.990661  0.348643 0.080050 1 0 1.000000
0  35.992558 -16.183502 61.864346  0.152847 0.005574 0.988234  0.353526 0.152318 1 0 1.000000
driverswat
0  32.992039 -20.323364 61.144833  -0.864905 0.187266 0.465694  0.320322 0.077120 1 0 1.000000
0  34.684990 -20.442846 62.115616  0.030255 0.132951 0.990661  0.348643 0.080050 1 0 1.000000
0  33.446243 -16.094145 60.753063  -0.810603 0.082665 0.579732  0.317392 0.150365 1 0 1.000000
driverswat
0  34.684990 -20.442846 62.115616  0.030255 0.132951 0.990661  0.348643 0.080050 1 0 1.000000
0  32.992039 -20.323364 61.144833  -0.864905 0.187266 0.465694  0.320322 0.077120 1 0 1.000000
0  34.217022 -22.343529 62.570347  -0.178742 -0.604609 0.776208  0.349620 0.053682 1 0 1.000000
driverswat
0  34.217022 -22.343529 62.570347  -0.178742 -0.604609 0.776208  0.349620 0.053682 1 0 1.000000
0  32.992039 -20.323364 61.144833  -0.864905 0.187266 0.465694  0.320322 0.077120 1 0 1.000000
0  32.634178 -22.202602 61.504635  -0.691835 -0.602227 0.398355  0.326182 0.050752 1 0 1.000000
driverswat
0  34.217022 -22.343529 62.570347  -0.178742 -0.604609 0.776208  0.349620 0.053682 1 0 1.000000
0  32.634178 -22.202602 61.504635  -0.691835 -0.602227 0.398355  0.326182 0.050752 1 0 1.000000
0  34.781338 -20.905643 59.800037  -0.212365 -0.928216 0.305476  0.354503 -0.000031 1 0 1.000000
driverswat
0  32.992039 -20.323364 61.144833  -0.864905 0.187266 0.465694  0.320322 0.077120 1 0 1.000000
0  33.033329 -20.842903 59.363220  -0.902824 0.003711 -0.429994  0.291025 0.065401 1 0 1.000000
0  32.634178 -22.202602 61.504635  -0.691835 -0.602227 0.398355  0.326182 0.050752 1 0 1.000000
driverswat
0  32.634178 -22.202602 61.504635  -0.691835 -0.602227 0.398355  0.326182 0.050752 1 0 1.000000
0  33.033329 -20.842903 59.363220  -0.902824 0.003711 -0.429994  0.291025 0.065401 1 0 1.000000
0  32.813107 -22.756683 59.637390  -0.597830 -0.799736 -0.054969  0.299814 0.036103 1 0 1.000000
driverswat
0  32.634178 -22.202602 61.504635  -0.691835 -0.602227 0.398355  0.326182 0.050752 1 0 1.000000
0  32.813107 -22.756683 59.637390  -0.597830 -0.799736 -0.054969  0.299814 0.036103 1 0 1.000000
0  34.781338 -20.905643 59.800037  -0.212365 -0.928216 0.305476  0.354503 -0.000031 1 0 1.000000
driverswat
0  32.813107 -22.756683 59.637390  -0.597830 -0.799736 -0.054969  0.299814 0.036103 1 0 1.000000
0  34.285839 -23.478985 58.488457  -0.236605 -0.880673 -0.410406  0.257820 0.011689 1 0 1.000000
0  34.781338 -20.905643 59.800037  -0.212365 -0.928216 0.305476  0.354503 -0.000031 1 0 1.000000
driverswat
0  32.813107 -22.756683 59.637390  -0.597830 -0.799736 -0.054969  0.299814 0.036103 1 0 1.000000
0  34.340897 -21.638216 58.263645  -0.191043 -0.180313 -0.964878  0.257820 0.044893 1 0 1.000000
0  34.285839 -23.478985 58.488457  -0.236605 -0.880673 -0.410406  0.257820 0.011689 1 0 1.000000
driverswat
0  33.033329 -20.842903 59.363220  -0.902824 0.003711 -0.429994  0.291025 0.065401 1 0 1.000000
0  34.340897 -21.638216 58.263645  -0.191043 -0.180313 -0.964878  0.257820 0.044893 1 0 1.000000
0  32.813107 -22.756683 59.637390  -0.597830 -0.799736 -0.054969  0.299814 0.036103 1 0 1.000000
driverswat
0  33.033329 -20.842903 59.363220  -0.902824 0.003711 -0.429994  0.291025 0.065401 1 0 1.000000
0  34.629936 -17.943300 57.304195  -0.241479 -0.153587 -0.958175  0.257820 0.113254 1 0 1.000000
0  34.340897 -21.638216 58.263645  -0.191043 -0.180313 -0.964878  0.257820 0.044893 1 0 1.000000
driverswat
0  33.226021 -16.700758 58.508770  -0.909794 0.006304 -0.415012  0.286142 0.138646 1 0 1.000000
0  34.629936 -17.943300 57.304195  -0.241479 -0.153587 -0.958175  0.257820 0.113254 1 0 1.000000
0  33.033329 -20.842903 59.363220  -0.902824 0.003711 -0.429994  0.291025 0.065401 1 0 1.000000
driverswat
0  33.226021 -16.700758 58.508770  -0.909794 0.006304 -0.415012  0.286142 0.138646 1 0 1.000000
0  35.813625 -12.850714 56.650444  -0.027815 -0.167635 -0.985457  0.257820 0.212867 1 0 1.000000
0  34.629936 -17.943300 57.304195  -0.241479 -0.153587 -0.958175  0.257820 0.113254 1 0 1.000000
driverswat
0  33.515060 -12.948275 57.692032  -0.802684 -0.142668 -0.579089  0.283212 0.207007 1 0 1.000000
0  35.813625 -12.850714 56.650444  -0.027815 -0.167635 -0.985457  0.257820 0.212867 1 0 1.000000
0  33.226021 -16.700758 58.508770  -0.909794 0.006304 -0.415012  0.286142 0.138646 1 0 1.000000
driverswat
0  33.432480 -12.120066 57.523888  -0.759862 -0.199817 -0.618614  0.282235 0.219703 1 0 1.000000
0  35.813625 -12.850714 56.650444  -0.027815 -0.167635 -0.985457  0.257820 0.212867 1 0 1.000000
0  33.515060 -12.948275 57.692032  -0.802684 -0.142668 -0.579089  0.283212 0.207007 1 0 1.000000
driverswat
0  33.432480 -12.120066 57.523888  -0.759862 -0.199817 -0.618614  0.282235 0.219703 1 0 1.000000
0  33.515060 -12.948275 57.692032  -0.802684 -0.142668 -0.579089  0.283212 0.207007 1 0 1.000000
0  33.198494 -12.308368 60.380867  -0.863498 -0.210886 0.458147  0.313486 0.217750 1 0 1.000000
driverswat
0  33.198494 -12.308368 60.380867  -0.863498 -0.210886 0.458147  0.313486 0.217750 1 0 1.000000
0  32.441483 -8.713560 57.585392  -0.799143 -0.113887 -0.590255  0.283212 0.268532 1 0 1.000000
0  33.432480 -12.120066 57.523888  -0.759862 -0.199817 -0.618614  0.282235 0.219703 1 0 1.000000
driverswat
0  32.482773 -8.410755 60.916245  -0.838222 -0.193062 0.510011  0.312510 0.276345 1 0 1.000000
0  32.441483 -8.713560 57.585392  -0.799143 -0.113887 -0.590255  0.283212 0.268532 1 0 1.000000
0  33.198494 -12.308368 60.380867  -0.863498 -0.210886 0.458147  0.313486 0.217750 1 0 1.000000
driverswat
0  32.441483 -8.713560 57.585392  -0.799143 -0.113887 -0.590255  0.283212 0.268532 1 0 1.000000
0  32.482773 -8.410755 60.916245  -0.838222 -0.193062 0.510011  0.312510 0.276345 1 0 1.000000
0  31.711998 -5.396473 58.246056  -0.892696 0.211980 -0.397692  0.285165 0.305643 1 0 1.000000
driverswat
0  31.711998 -5.396473 58.246056  -0.892696 0.211980 -0.397692  0.285165 0.305643 1 0 1.000000
0  32.482773 -8.410755 60.916245  -0.838222 -0.193062 0.510011  0.312510 0.276345 1 0 1.000000
0  32.551594 -4.887210 61.563145  -0.917606 0.029134 0.396422  0.310556 0.322245 1 0 1.000000
driverswat
0  31.711998 -5.396473 58.246056  -0.892696 0.211980 -0.397692  0.285165 0.305643 1 0 1.000000
0  32.551594 -4.887210 61.563145  -0.917606 0.029134 0.396422  0.310556 0.322245 1 0 1.000000
0  32.895691 -3.731047 58.149712  0.321312 -0.567371 -0.758188  0.278329 0.326151 1 0 1.000000
driverswat
0  32.895691 -3.731047 58.149712  0.321312 -0.567371 -0.758188  0.278329 0.326151 1 0 1.000000
0  32.551594 -4.887210 61.563145  -0.917606 0.029134 0.396422  0.310556 0.322245 1 0 1.000000
0  33.253551 -3.084146 64.219566  0.006772 -0.604901 0.796272  0.327158 0.354472 1 0 1.000000
driverswat
0  34.684990 -4.969792 57.131187  0.021561 0.106129 -0.994119  0.257820 0.306619 1 0 1.000000
0  32.895691 -3.731047 58.149712  0.321312 -0.567371 -0.758188  0.278329 0.326151 1 0 1.000000
0  33.487534 -1.487539 56.910965  0.772085 0.131365 -0.621794  0.264657 0.354472 1 0 1.000000
driverswat
0  34.684990 -4.969792 57.131187  0.021561 0.106129 -0.994119  0.257820 0.306619 1 0 1.000000
0  31.711998 -5.396473 58.246056  -0.892696 0.211980 -0.397692  0.285165 0.305643 1 0 1.000000
0  32.895691 -3.731047 58.149712  0.321312 -0.567371 -0.758188  0.278329 0.326151 1 0 1.000000
driverswat
0  34.684990 -4.969792 57.131187  0.021561 0.106129 -0.994119  0.257820 0.306619 1 0 1.000000
0  32.441483 -8.713560 57.585392  -0.799143 -0.113887 -0.590255  0.283212 0.268532 1 0 1.000000
0  31.711998 -5.396473 58.246056  -0.892696 0.211980 -0.397692  0.285165 0.305643 1 0 1.000000
driverswat
0  35.318127 -8.300644 56.621925  0.034982 0.109336 -0.993389  0.257820 0.267556 1 0 1.000000
0  32.441483 -8.713560 57.585392  -0.799143 -0.113887 -0.590255  0.283212 0.268532 1 0 1.000000
0  34.684990 -4.969792 57.131187  0.021561 0.106129 -0.994119  0.257820 0.306619 1 0 1.000000
driverswat
0  35.318127 -8.300644 56.621925  0.034982 0.109336 -0.993389  0.257820 0.267556 1 0 1.000000
0  35.978790 -11.687721 56.440178  0.058913 -0.063988 -0.996210  0.257820 0.224586 1 0 1.000000
0  32.441483 -8.713560 57.585392  -0.799143 -0.113887 -0.590255  0.283212 0.268532 1 0 1.000000
driverswat
0  32.441483 -8.713560 57.585392  -0.799143 -0.113887 -0.590255  0.283212 0.268532 1 0 1.000000
0  35.978790 -11.687721 56.440178  0.058913 -0.063988 -0.996210  0.257820 0.224586 1 0 1.000000
0  33.432480 -12.120066 57.523888  -0.759862 -0.199817 -0.618614  0.282235 0.219703 1 0 1.000000
driverswat
0  35.978790 -11.687721 56.440178  0.058913 -0.063988 -0.996210  0.257820 0.224586 1 0 1.000000
0  35.813625 -12.850714 56.650444  -0.027815 -0.167635 -0.985457  0.257820 0.212867 1 0 1.000000
0  33.432480 -12.120066 57.523888  -0.759862 -0.199817 -0.618614  0.282235 0.219703 1 0 1.000000
driverswat
0  32.551594 -4.887210 61.563145  -0.917606 0.029134 0.396422  0.310556 0.322245 1 0 1.000000
0  34.932739 -4.859682 63.724068  -0.013771 -0.382989 0.923650  0.338878 0.332987 1 0 1.000000
0  33.253551 -3.084146 64.219566  0.006772 -0.604901 0.796272  0.327158 0.354472 1 0 1.000000
driverswat
0  33.253551 -3.084146 64.219566  0.006772 -0.604901 0.796272  0.327158 0.354472 1 0 1.000000
0  34.932739 -4.859682 63.724068  -0.013771 -0.382989 0.923650  0.338878 0.332987 1 0 1.000000
0  35.015324 -3.001563 64.315918  0.275745 -0.274640 0.921161  0.338878 0.358379 1 0 1.000000
driverswat
0  33.253551 -3.084146 64.219566  0.006772 -0.604901 0.796272  0.327158 0.354472 1 0 1.000000
0  35.015324 -3.001563 64.315918  0.275745 -0.274640 0.921161  0.338878 0.358379 1 0 1.000000
0  34.409714 -2.024330 64.591187  0.261257 -0.340134 0.903357  0.331065 0.372051 1 0 1.000000
driverswat
0  34.409714 -2.024330 64.591187  0.261257 -0.340134 0.903357  0.331065 0.372051 1 0 1.000000
0  35.015324 -3.001563 64.315918  0.275745 -0.274640 0.921161  0.338878 0.358379 1 0 1.000000
0  35.552113 -0.083627 64.618721  0.487168 0.020670 0.873064  0.337901 0.400372 1 0 1.000000
driverswat
0  34.684990 -20.442846 62.115616  0.030255 0.132951 0.990661  0.348643 0.080050 1 0 1.000000
0  34.217022 -22.343529 62.570347  -0.178742 -0.604609 0.776208  0.349620 0.053682 1 0 1.000000
0  36.281597 -21.390802 61.197083  0.841842 -0.076333 0.534299  0.377941 0.070284 1 0 1.000000
driverswat
0  37.520344 -17.517672 60.597172  0.866472 -0.157588 0.473702  0.379894 0.133763 1 0 1.000000
0  34.684990 -20.442846 62.115616  0.030255 0.132951 0.990661  0.348643 0.080050 1 0 1.000000
0  36.281597 -21.390802 61.197083  0.841842 -0.076333 0.534299  0.377941 0.070284 1 0 1.000000
driverswat
0  35.992558 -16.183502 61.864346  0.152847 0.005574 0.988234  0.353526 0.152318 1 0 1.000000
0  34.684990 -20.442846 62.115616  0.030255 0.132951 0.990661  0.348643 0.080050 1 0 1.000000
0  37.520344 -17.517672 60.597172  0.866472 -0.157588 0.473702  0.379894 0.133763 1 0 1.000000
driverswat
0  38.125954 -12.931265 60.399818  0.877615 -0.046635 0.477092  0.381848 0.207984 1 0 1.000000
0  35.992558 -16.183502 61.864346  0.152847 0.005574 0.988234  0.353526 0.152318 1 0 1.000000
0  37.520344 -17.517672 60.597172  0.866472 -0.157588 0.473702  0.379894 0.133763 1 0 1.000000
driverswat
0  36.075138 -12.771605 61.848721  0.097491 0.013987 0.995138  0.352550 0.210913 1 0 1.000000
0  35.992558 -16.183502 61.864346  0.152847 0.005574 0.988234  0.353526 0.152318 1 0 1.000000
0  38.125954 -12.931265 60.399818  0.877615 -0.046635 0.477092  0.381848 0.207984 1 0 1.000000
driverswat
0  38.153481 -11.933527 60.355774  0.893486 -0.032646 0.447904  0.381848 0.223609 1 0 1.000000
0  36.075138 -12.771605 61.848721  0.097491 0.013987 0.995138  0.352550 0.210913 1 0 1.000000
0  38.125954 -12.931265 60.399818  0.877615 -0.046635 0.477092  0.381848 0.207984 1 0 1.000000
driverswat
0  35.978790 -12.025229 61.839695  0.053043 -0.111278 0.992373  0.350597 0.224586 1 0 1.000000
0  36.075138 -12.771605 61.848721  0.097491 0.013987 0.995138  0.352550 0.210913 1 0 1.000000
0  38.153481 -11.933527 60.355774  0.893486 -0.032646 0.447904  0.381848 0.223609 1 0 1.000000
driverswat
0  38.153481 -11.933527 60.355774  0.893486 -0.032646 0.447904  0.381848 0.223609 1 0 1.000000
0  37.451523 -8.218060 61.631966  0.731390 -0.099792 0.674618  0.369152 0.282205 1 0 1.000000
0  35.978790 -12.025229 61.839695  0.053043 -0.111278 0.992373  0.350597 0.224586 1 0 1.000000
driverswat
0  35.978790 -12.025229 61.839695  0.053043 -0.111278 0.992373  0.350597 0.224586 1 0 1.000000
0  37.451523 -8.218060 61.631966  0.731390 -0.099792 0.674618  0.369152 0.282205 1 0 1.000000
0  35.318127 -8.190534 62.691780  -0.062520 -0.236448 0.969631  0.344737 0.284158 1 0 1.000000
driverswat
0  37.451523 -8.218060 61.631966  0.731390 -0.099792 0.674618  0.369152 0.282205 1 0 1.000000
0  37.589161 -4.887210 62.292625  0.796982 -0.083466 0.598208  0.367199 0.330058 1 0 1.000000
0  35.318127 -8.190534 62.691780  -0.062520 -0.236448 0.969631  0.344737 0.284158 1 0 1.000000
driverswat
0  35.318127 -8.190534 62.691780  -0.062520 -0.236448 0.969631  0.344737 0.284158 1 0 1.000000
0  37.589161 -4.887210 62.292625  0.796982 -0.083466 0.598208  0.367199 0.330058 1 0 1.000000
0  34.932739 -4.859682 63.724068  -0.013771 -0.382989 0.923650  0.338878 0.332987 1 0 1.000000
driverswat
0  37.589161 -4.887210 62.292625  0.796982 -0.083466 0.598208  0.367199 0.330058 1 0 1.000000
0  37.258831 -2.712522 62.774364  0.836405 -0.079160 0.542366  0.363292 0.359355 1 0 1.000000
0  34.932739 -4.859682 63.724068  -0.013771 -0.382989 0.923650  0.338878 0.332987 1 0 1.000000
driverswat
0  34.932739 -4.859682 63.724068  -0.013771 -0.382989 0.923650  0.338878 0.332987 1 0 1.000000
0  37.258831 -2.712522 62.774364  0.836405 -0.079160 0.542366  0.363292 0.359355 1 0 1.000000
0  35.015324 -3.001563 64.315918  0.275745 -0.274640 0.921161  0.338878 0.358379 1 0 1.000000
driverswat
0  37.258831 -2.712522 62.774364  0.836405 -0.079160 0.542366  0.363292 0.359355 1 0 1.000000
0  36.969791 -0.689236 63.806656  0.811174 0.081262 0.579132  0.354503 0.388653 1 0 1.000000
0  35.015324 -3.001563 64.315918  0.275745 -0.274640 0.921161  0.338878 0.358379 1 0 1.000000
driverswat
0  35.015324 -3.001563 64.315918  0.275745 -0.274640 0.921161  0.338878 0.358379 1 0 1.000000
0  36.969791 -0.689236 63.806656  0.811174 0.081262 0.579132  0.354503 0.388653 1 0 1.000000
0  35.552113 -0.083627 64.618721  0.487168 0.020670 0.873064  0.337901 0.400372 1 0 1.000000
driverswat
0  35.552113 -0.083627 64.618721  0.487168 0.020670 0.873064  0.337901 0.400372 1 0 1.000000
0  36.969791 -0.689236 63.806656  0.811174 0.081262 0.579132  0.354503 0.388653 1 0 1.000000
0  36.033848 1.292758 64.054398  0.695064 0.454996 0.556655  0.352550 0.418928 1 0 1.000000
driverswat
0  36.969791 -0.689236 63.806656  0.811174 0.081262 0.579132  0.354503 0.388653 1 0 1.000000
0  35.854916 2.201172 61.480560  0.748641 0.660467 -0.057612  0.372082 0.424787 1 0 1.000000
0  36.033848 1.292758 64.054398  0.695064 0.454996 0.556655  0.352550 0.418928 1 0 1.000000
driverswat
0  35.854916 2.201172 61.480560  0.748641 0.660467 -0.057612  0.372082 0.424787 1 0 1.000000
0  36.969791 -0.689236 63.806656  0.811174 0.081262 0.579132  0.354503 0.388653 1 0 1.000000
0  37.616692 -0.592889 60.406982  0.930646 0.328492 -0.161216  0.384777 0.382794 1 0 1.000000
driverswat
0  37.258831 -2.712522 62.774364  0.836405 -0.079160 0.542366  0.363292 0.359355 1 0 1.000000
0  37.616692 -0.592889 60.406982  0.930646 0.328492 -0.161216  0.384777 0.382794 1 0 1.000000
0  36.969791 -0.689236 63.806656  0.811174 0.081262 0.579132  0.354503 0.388653 1 0 1.000000
driverswat
0  35.854916 2.201172 61.480560  0.748641 0.660467 -0.057612  0.372082 0.424787 1 0 1.000000
0  37.616692 -0.592889 60.406982  0.930646 0.328492 -0.161216  0.384777 0.382794 1 0 1.000000
0  35.042850 1.416633 58.094654  0.663013 0.431675 -0.611613  0.413099 0.417951 1 0 1.000000
driverswat
0  35.042850 1.416633 58.094654  0.663013 0.431675 -0.611613  0.413099 0.417951 1 0 1.000000
0  37.616692 -0.592889 60.406982  0.930646 0.328492 -0.161216  0.384777 0.382794 1 0 1.000000
0  36.309124 -1.184734 58.287350  0.632860 0.201999 -0.747452  0.410169 0.378887 1 0 1.000000
driverswat
0  36.309124 -1.184734 58.287350  0.632860 0.201999 -0.747452  0.410169 0.378887 1 0 1.000000
0  33.487534 -1.487539 56.910965  0.772085 0.131365 -0.621794  0.441420 0.382794 1 0 1.000000
0  35.042850 1.416633 58.094654  0.663013 0.431675 -0.611613  0.413099 0.417951 1 0 1.000000
driverswat
0  34.684990 -4.969792 57.131187  0.021561 0.106129 -0.994119  0.441420 0.332987 1 0 1.000000
0  33.487534 -1.487539 56.910965  0.772085 0.131365 -0.621794  0.441420 0.382794 1 0 1.000000
0  36.309124 -1.184734 58.287350  0.632860 0.201999 -0.747452  0.410169 0.378887 1 0 1.000000
driverswat
0  37.589161 -4.942265 58.590153  0.783349 0.169287 -0.598086  0.405286 0.325175 1 0 1.000000
0  34.684990 -4.969792 57.131187  0.021561 0.106129 -0.994119  0.441420 0.332987 1 0 1.000000
0  36.309124 -1.184734 58.287350  0.632860 0.201999 -0.747452  0.410169 0.378887 1 0 1.000000
driverswat
0  37.616692 -0.592889 60.406982  0.930646 0.328492 -0.161216  0.384777 0.382794 1 0 1.000000
0  37.589161 -4.942265 58.590153  0.783349 0.169287 -0.598086  0.405286 0.325175 1 0 1.000000
0  36.309124 -1.184734 58.287350  0.632860 0.201999 -0.747452  0.410169 0.378887 1 0 1.000000
driverswat
0  38.057133 -4.914738 60.434509  0.997873 0.055635 0.033989  0.385754 0.326151 1 0 1.000000
0  37.589161 -4.942265 58.590153  0.783349 0.169287 -0.598086  0.405286 0.325175 1 0 1.000000
0  37.616692 -0.592889 60.406982  0.930646 0.328492 -0.161216  0.384777 0.382794 1 0 1.000000
driverswat
0  37.258831 -2.712522 62.774364  0.836405 -0.079160 0.542366  0.363292 0.359355 1 0 1.000000
0  38.057133 -4.914738 60.434509  0.997873 0.055635 0.033989  0.385754 0.326151 1 0 1.000000
0  37.616692 -0.592889 60.406982  0.930646 0.328492 -0.161216  0.384777 0.382794 1 0 1.000000
driverswat
0  37.589161 -4.887210 62.292625  0.796982 -0.083466 0.598208  0.367199 0.330058 1 0 1.000000
0  38.057133 -4.914738 60.434509  0.997873 0.055635 0.033989  0.385754 0.326151 1 0 1.000000
0  37.258831 -2.712522 62.774364  0.836405 -0.079160 0.542366  0.363292 0.359355 1 0 1.000000
driverswat
0  37.451523 -8.218060 61.631966  0.731390 -0.099792 0.674618  0.369152 0.282205 1 0 1.000000
0  38.057133 -4.914738 60.434509  0.997873 0.055635 0.033989  0.385754 0.326151 1 0 1.000000
0  37.589161 -4.887210 62.292625  0.796982 -0.083466 0.598208  0.367199 0.330058 1 0 1.000000
driverswat
0  38.291119 -8.245588 59.539856  0.997112 0.058415 0.048532  0.393567 0.278298 1 0 1.000000
0  38.057133 -4.914738 60.434509  0.997873 0.055635 0.033989  0.385754 0.326151 1 0 1.000000
0  37.451523 -8.218060 61.631966  0.731390 -0.099792 0.674618  0.369152 0.282205 1 0 1.000000
driverswat
0  38.153481 -11.933527 60.355774  0.893486 -0.032646 0.447904  0.381848 0.223609 1 0 1.000000
0  38.291119 -8.245588 59.539856  0.997112 0.058415 0.048532  0.393567 0.278298 1 0 1.000000
0  37.451523 -8.218060 61.631966  0.731390 -0.099792 0.674618  0.369152 0.282205 1 0 1.000000
driverswat
0  38.153481 -11.933527 60.355774  0.893486 -0.032646 0.447904  0.381848 0.223609 1 0 1.000000
0  38.153481 -11.736401 57.389038  0.798955 0.030397 -0.600622  0.415052 0.223609 1 0 1.000000
0  38.291119 -8.245588 59.539856  0.997112 0.058415 0.048532  0.393567 0.278298 1 0 1.000000
driverswat
0  38.153481 -11.736401 57.389038  0.798955 0.030397 -0.600622  0.415052 0.223609 1 0 1.000000
0  38.153481 -11.933527 60.355774  0.893486 -0.032646 0.447904  0.381848 0.223609 1 0 1.000000
0  38.291119 -12.894981 57.544426  0.837827 -0.086178 -0.539090  0.412122 0.208960 1 0 1.000000
driverswat
0  38.291119 -12.894981 57.544426  0.837827 -0.086178 -0.539090  0.412122 0.208960 1 0 1.000000
0  38.153481 -11.933527 60.355774  0.893486 -0.032646 0.447904  0.381848 0.223609 1 0 1.000000
0  38.125954 -12.931265 60.399818  0.877615 -0.046635 0.477092  0.381848 0.207984 1 0 1.000000
driverswat
0  38.125954 -12.931265 60.399818  0.877615 -0.046635 0.477092  0.381848 0.207984 1 0 1.000000
0  37.520344 -17.517672 60.597172  0.866472 -0.157588 0.473702  0.379894 0.133763 1 0 1.000000
0  38.291119 -12.894981 57.544426  0.837827 -0.086178 -0.539090  0.412122 0.208960 1 0 1.000000
driverswat
0  37.520344 -17.517672 60.597172  0.866472 -0.157588 0.473702  0.379894 0.133763 1 0 1.000000
0  37.575401 -18.139585 58.199757  0.796727 -0.273116 -0.539104  0.408216 0.121067 1 0 1.000000
0  38.291119 -12.894981 57.544426  0.837827 -0.086178 -0.539090  0.412122 0.208960 1 0 1.000000
driverswat
0  37.520344 -17.517672 60.597172  0.866472 -0.157588 0.473702  0.379894 0.133763 1 0 1.000000
0  36.281597 -21.390802 61.197083  0.841842 -0.076333 0.534299  0.377941 0.070284 1 0 1.000000
0  37.575401 -18.139585 58.199757  0.796727 -0.273116 -0.539104  0.408216 0.121067 1 0 1.000000
driverswat
0  37.575401 -18.139585 58.199757  0.796727 -0.273116 -0.539104  0.408216 0.121067 1 0 1.000000
0  36.281597 -21.390802 61.197083  0.841842 -0.076333 0.534299  0.377941 0.070284 1 0 1.000000
0  36.309128 -21.959082 59.162998  0.821637 -0.259864 -0.507330  0.408216 0.057588 1 0 1.000000
driverswat
0  36.281597 -21.390802 61.197083  0.841842 -0.076333 0.534299  0.377941 0.070284 1 0 1.000000
0  36.102669 -23.277763 61.652924  0.331433 -0.789812 0.516091  0.375988 0.047822 1 0 1.000000
0  36.309128 -21.959082 59.162998  0.821637 -0.259864 -0.507330  0.408216 0.057588 1 0 1.000000
driverswat
0  36.309128 -21.959082 59.162998  0.821637 -0.259864 -0.507330  0.408216 0.057588 1 0 1.000000
0  36.102669 -23.277763 61.652924  0.331433 -0.789812 0.516091  0.375988 0.047822 1 0 1.000000
0  36.116432 -23.915125 59.447582  0.313506 -0.938149 -0.146938  0.404309 0.035127 1 0 1.000000
driverswat
0  38.291119 -8.245588 59.539856  0.997112 0.058415 0.048532  0.393567 0.278298 1 0 1.000000
0  38.153481 -11.736401 57.389038  0.798955 0.030397 -0.600622  0.415052 0.223609 1 0 1.000000
0  37.823151 -8.273117 57.695503  0.740353 0.166756 -0.651206  0.413099 0.277322 1 0 1.000000
driverswat
0  38.057133 -4.914738 60.434509  0.997873 0.055635 0.033989  0.385754 0.326151 1 0 1.000000
0  38.291119 -8.245588 59.539856  0.997112 0.058415 0.048532  0.393567 0.278298 1 0 1.000000
0  37.589161 -4.942265 58.590153  0.783349 0.169287 -0.598086  0.405286 0.325175 1 0 1.000000
driverswat
0  37.589161 -4.942265 58.590153  0.783349 0.169287 -0.598086  0.405286 0.325175 1 0 1.000000
0  38.291119 -8.245588 59.539856  0.997112 0.058415 0.048532  0.393567 0.278298 1 0 1.000000
0  37.823151 -8.273117 57.695503  0.740353 0.166756 -0.651206  0.413099 0.277322 1 0 1.000000
driverswat
0  37.823151 -8.273117 57.695503  0.740353 0.166756 -0.651206  0.413099 0.277322 1 0 1.000000
0  34.684990 -4.969792 57.131187  0.021561 0.106129 -0.994119  0.441420 0.332987 1 0 1.000000
0  37.589161 -4.942265 58.590153  0.783349 0.169287 -0.598086  0.405286 0.325175 1 0 1.000000
driverswat
0  35.318127 -8.300644 56.621925  0.034982 0.109336 -0.993389  0.441420 0.281228 1 0 1.000000
0  34.684990 -4.969792 57.131187  0.021561 0.106129 -0.994119  0.441420 0.332987 1 0 1.000000
0  37.823151 -8.273117 57.695503  0.740353 0.166756 -0.651206  0.413099 0.277322 1 0 1.000000
driverswat
0  38.153481 -11.736401 57.389038  0.798955 0.030397 -0.600622  0.415052 0.223609 1 0 1.000000
0  35.318127 -8.300644 56.621925  0.034982 0.109336 -0.993389  0.441420 0.281228 1 0 1.000000
0  37.823151 -8.273117 57.695503  0.740353 0.166756 -0.651206  0.413099 0.277322 1 0 1.000000
driverswat
0  35.978790 -11.687721 56.440178  0.058913 -0.063988 -0.996210  0.441420 0.224586 1 0 1.000000
0  35.318127 -8.300644 56.621925  0.034982 0.109336 -0.993389  0.441420 0.281228 1 0 1.000000
0  38.153481 -11.736401 57.389038  0.798955 0.030397 -0.600622  0.415052 0.223609 1 0 1.000000
driverswat
0  35.978790 -11.687721 56.440178  0.058913 -0.063988 -0.996210  0.441420 0.224586 1 0 1.000000
0  38.153481 -11.736401 57.389038  0.798955 0.030397 -0.600622  0.415052 0.223609 1 0 1.000000
0  35.813625 -12.850714 56.650444  -0.027815 -0.167635 -0.985457  0.441420 0.207007 1 0 1.000000
driverswat
0  35.813625 -12.850714 56.650444  -0.027815 -0.167635 -0.985457  0.441420 0.207007 1 0 1.000000
0  38.153481 -11.736401 57.389038  0.798955 0.030397 -0.600622  0.415052 0.223609 1 0 1.000000
0  38.291119 -12.894981 57.544426  0.837827 -0.086178 -0.539090  0.412122 0.208960 1 0 1.000000
driverswat
0  35.813625 -12.850714 56.650444  -0.027815 -0.167635 -0.985457  0.441420 0.207007 1 0 1.000000
0  38.291119 -12.894981 57.544426  0.837827 -0.086178 -0.539090  0.412122 0.208960 1 0 1.000000
0  34.629936 -17.943300 57.304195  -0.241479 -0.153587 -0.958175  0.441420 0.102512 1 0 1.000000
driverswat
0  37.575401 -18.139585 58.199757  0.796727 -0.273116 -0.539104  0.408216 0.121067 1 0 1.000000
0  34.629936 -17.943300 57.304195  -0.241479 -0.153587 -0.958175  0.441420 0.102512 1 0 1.000000
0  38.291119 -12.894981 57.544426  0.837827 -0.086178 -0.539090  0.412122 0.208960 1 0 1.000000
driverswat
0  34.629936 -17.943300 57.304195  -0.241479 -0.153587 -0.958175  0.441420 0.102512 1 0 1.000000
0  37.575401 -18.139585 58.199757  0.796727 -0.273116 -0.539104  0.408216 0.121067 1 0 1.000000
0  34.340897 -21.638216 58.263645  -0.191043 -0.180313 -0.964878  0.441420 0.040986 1 0 1.000000
driverswat
0  34.340897 -21.638216 58.263645  -0.191043 -0.180313 -0.964878  0.441420 0.040986 1 0 1.000000
0  37.575401 -18.139585 58.199757  0.796727 -0.273116 -0.539104  0.408216 0.121067 1 0 1.000000
0  36.309128 -21.959082 59.162998  0.821637 -0.259864 -0.507330  0.408216 0.057588 1 0 1.000000
driverswat
0  34.340897 -21.638216 58.263645  -0.191043 -0.180313 -0.964878  0.441420 0.040986 1 0 1.000000
0  36.309128 -21.959082 59.162998  0.821637 -0.259864 -0.507330  0.408216 0.057588 1 0 1.000000
0  34.285839 -23.478985 58.488457  -0.236605 -0.880673 -0.410406  0.441420 0.011689 1 0 1.000000
driverswat
0  34.285839 -23.478985 58.488457  -0.236605 -0.880673 -0.410406  0.441420 0.011689 1 0 1.000000
0  36.309128 -21.959082 59.162998  0.821637 -0.259864 -0.507330  0.408216 0.057588 1 0 1.000000
0  36.116432 -23.915125 59.447582  0.313506 -0.938149 -0.146938  0.404309 0.035127 1 0 1.000000
driverswat
0  34.285839 -23.478985 58.488457  -0.236605 -0.880673 -0.410406  0.441420 0.011689 1 0 1.000000
0  36.116432 -23.915125 59.447582  0.313506 -0.938149 -0.146938  0.404309 0.035127 1 0 1.000000
0  34.781338 -20.905643 59.800037  -0.212365 -0.928216 0.305476  0.354503 -0.000031 1 0 1.000000
driverswat
0  36.116432 -23.915125 59.447582  0.313506 -0.938149 -0.146938  0.404309 0.035127 1 0 1.000000
0  36.102669 -23.277763 61.652924  0.331433 -0.789812 0.516091  0.375988 0.047822 1 0 1.000000
0  34.781338 -20.905643 59.800037  -0.212365 -0.928216 0.305476  0.354503 -0.000031 1 0 1.000000
driverswat
0  36.102669 -23.277763 61.652924  0.331433 -0.789812 0.516091  0.375988 0.047822 1 0 1.000000
0  34.217022 -22.343529 62.570347  -0.178742 -0.604609 0.776208  0.349620 0.053682 1 0 1.000000
0  34.781338 -20.905643 59.800037  -0.212365 -0.928216 0.305476  0.354503 -0.000031 1 0 1.000000
driverswat
0  36.281597 -21.390802 61.197083  0.841842 -0.076333 0.534299  0.377941 0.070284 1 0 1.000000
0  34.217022 -22.343529 62.570347  -0.178742 -0.604609 0.776208  0.349620 0.053682 1 0 1.000000
0  36.102669 -23.277763 61.652924  0.331433 -0.789812 0.516091  0.375988 0.047822 1 0 1.000000
driverswat
0  18.085791 -25.642824 59.640057  0.945371 0.309806 0.101458  0.873074 0.061495 1 0 1.000000
0  17.865568 -25.411520 58.995861  0.502434 0.178965 -0.845891  0.854518 0.071261 1 0 1.000000
0  17.865568 -24.738155 59.036198  0.647482 -0.017185 -0.761887  0.844752 0.082980 1 0 1.000000
driverswat
0  17.865568 -25.411520 58.995861  0.502434 0.178965 -0.845891  0.854518 0.071261 1 0 1.000000
0  18.085791 -25.642824 59.640057  0.945371 0.309806 0.101458  0.873074 0.061495 1 0 1.000000
0  18.278484 -25.553749 59.219162  0.377758 0.904567 -0.197627  0.863308 0.049776 1 0 1.000000
driverswat
0  16.860807 -21.765160 61.387917  -0.815832 -0.050581 0.576072  0.819361 0.249977 1 0 1.000000
0  17.108557 -20.200649 61.679417  -0.103820 -0.007664 0.994567  0.796899 0.231422 1 0 1.000000
0  16.613058 -20.208231 61.430256  -0.678018 -0.164489 0.716404  0.796899 0.247047 1 0 1.000000
driverswat
0  17.108557 -20.200649 61.679417  -0.103820 -0.007664 0.994567  0.796899 0.231422 1 0 1.000000
0  16.860807 -21.765160 61.387917  -0.815832 -0.050581 0.576072  0.819361 0.249977 1 0 1.000000
0  17.315014 -21.724142 61.736420  -0.264761 0.239140 0.934191  0.826197 0.231422 1 0 1.000000
driverswat
0  17.315014 -21.724142 61.736420  -0.264761 0.239140 0.934191  0.826197 0.231422 1 0 1.000000
0  17.865568 -20.177483 61.391304  0.762522 0.170946 0.623970  0.799829 0.207007 1 0 1.000000
0  17.108557 -20.200649 61.679417  -0.103820 -0.007664 0.994567  0.796899 0.231422 1 0 1.000000
driverswat
0  17.865568 -20.177483 61.391304  0.762522 0.170946 0.623970  0.799829 0.207007 1 0 1.000000
0  17.315014 -21.724142 61.736420  -0.264761 0.239140 0.934191  0.826197 0.231422 1 0 1.000000
0  18.113316 -21.642309 61.577305  0.533763 0.525699 0.662373  0.830103 0.203101 1 0 1.000000
driverswat
0  18.113316 -21.642309 61.577305  0.533763 0.525699 0.662373  0.830103 0.203101 1 0 1.000000
0  17.934387 -20.274824 60.541172  0.948928 0.233938 -0.211681  0.796899 0.185522 1 0 1.000000
0  17.865568 -20.177483 61.391304  0.762522 0.170946 0.623970  0.799829 0.207007 1 0 1.000000
driverswat
0  17.934387 -20.274824 60.541172  0.948928 0.233938 -0.211681  0.796899 0.185522 1 0 1.000000
0  18.113316 -21.642309 61.577305  0.533763 0.525699 0.662373  0.830103 0.203101 1 0 1.000000
0  18.361065 -21.692492 60.827621  0.893027 0.436302 -0.110193  0.828150 0.173803 1 0 1.000000
driverswat
0  18.223427 -21.805899 60.349022  0.869527 0.305157 -0.388332  0.824244 0.154271 1 0 1.000000
0  17.934387 -20.274824 60.541172  0.948928 0.233938 -0.211681  0.796899 0.185522 1 0 1.000000
0  18.361065 -21.692492 60.827621  0.893027 0.436302 -0.110193  0.828150 0.173803 1 0 1.000000
driverswat
0  18.223427 -21.805899 60.349022  0.869527 0.305157 -0.388332  0.824244 0.154271 1 0 1.000000
0  18.361065 -21.692492 60.827621  0.893027 0.436302 -0.110193  0.828150 0.173803 1 0 1.000000
0  18.622580 -22.500223 60.569355  0.875309 0.177760 -0.449707  0.842799 0.152318 1 0 1.000000
driverswat
0  18.622580 -22.500223 60.569355  0.875309 0.177760 -0.449707  0.842799 0.152318 1 0 1.000000
0  18.003206 -22.328547 59.464691  0.624184 0.351728 -0.697626  0.821314 0.117161 1 0 1.000000
0  18.223427 -21.805899 60.349022  0.869527 0.305157 -0.388332  0.824244 0.154271 1 0 1.000000
driverswat
0  18.209663 -23.072092 59.266819  0.749389 0.107075 -0.653414  0.830103 0.109348 1 0 1.000000
0  18.003206 -22.328547 59.464691  0.624184 0.351728 -0.697626  0.821314 0.117161 1 0 1.000000
0  18.622580 -22.500223 60.569355  0.875309 0.177760 -0.449707  0.842799 0.152318 1 0 1.000000
driverswat
0  18.209663 -23.072092 59.266819  0.749389 0.107075 -0.653414  0.830103 0.109348 1 0 1.000000
0  17.342541 -23.084568 58.906799  -0.112408 0.203858 -0.972526  0.814478 0.087863 1 0 1.000000
0  18.003206 -22.328547 59.464691  0.624184 0.351728 -0.697626  0.821314 0.117161 1 0 1.000000
driverswat
0  17.342541 -23.084568 58.906799  -0.112408 0.203858 -0.972526  0.814478 0.087863 1 0 1.000000
0  18.209663 -23.072092 59.266819  0.749389 0.107075 -0.653414  0.830103 0.109348 1 0 1.000000
0  17.865568 -24.738155 59.036198  0.647482 -0.017185 -0.761887  0.844752 0.082980 1 0 1.000000
driverswat
0  17.067265 -24.768284 58.895691  -0.391061 -0.112308 -0.913487  0.827174 0.081027 1 0 1.000000
0  17.342541 -23.084568 58.906799  -0.112408 0.203858 -0.972526  0.814478 0.087863 1 0 1.000000
0  17.865568 -24.738155 59.036198  0.647482 -0.017185 -0.761887  0.844752 0.082980 1 0 1.000000
driverswat
0  17.067265 -24.768284 58.895691  -0.391061 -0.112308 -0.913487  0.827174 0.081027 1 0 1.000000
0  17.865568 -24.738155 59.036198  0.647482 -0.017185 -0.761887  0.844752 0.082980 1 0 1.000000
0  17.218666 -25.515760 58.918438  -0.519376 -0.327180 -0.789431  0.839869 0.063448 1 0 1.000000
driverswat
0  17.218666 -25.515760 58.918438  -0.519376 -0.327180 -0.789431  0.839869 0.063448 1 0 1.000000
0  17.865568 -24.738155 59.036198  0.647482 -0.017185 -0.761887  0.844752 0.082980 1 0 1.000000
0  17.865568 -25.411520 58.995861  0.502434 0.178965 -0.845891  0.854518 0.071261 1 0 1.000000
driverswat
0  17.865568 -25.411520 58.995861  0.502434 0.178965 -0.845891  0.854518 0.071261 1 0 1.000000
0  18.016972 -25.963612 58.992893  -0.049178 -0.215474 -0.975270  0.852565 0.043916 1 0 1.000000
0  17.218666 -25.515760 58.918438  -0.519376 -0.327180 -0.789431  0.839869 0.063448 1 0 1.000000
driverswat
0  18.278484 -25.553749 59.219162  0.377758 0.904567 -0.197627  0.863308 0.049776 1 0 1.000000
0  18.016972 -25.963612 58.992893  -0.049178 -0.215474 -0.975270  0.852565 0.043916 1 0 1.000000
0  17.865568 -25.411520 58.995861  0.502434 0.178965 -0.845891  0.854518 0.071261 1 0 1.000000
driverswat
0  18.760220 -26.080469 58.900646  -0.025732 -0.144075 -0.989232  0.860378 0.023408 1 0 1.000000
0  18.016972 -25.963612 58.992893  -0.049178 -0.215474 -0.975270  0.852565 0.043916 1 0 1.000000
0  18.278484 -25.553749 59.219162  0.377758 0.904567 -0.197627  0.863308 0.049776 1 0 1.000000
driverswat
0  18.003206 -22.328547 59.464691  0.624184 0.351728 -0.697626  0.821314 0.117161 1 0 1.000000
0  17.838039 -21.771561 59.578518  0.651236 0.264658 -0.711230  0.814478 0.123020 1 0 1.000000
0  18.223427 -21.805899 60.349022  0.869527 0.305157 -0.388332  0.824244 0.154271 1 0 1.000000
driverswat
0  17.934387 -20.274824 60.541172  0.948928 0.233938 -0.211681  0.796899 0.185522 1 0 1.000000
0  18.223427 -21.805899 60.349022  0.869527 0.305157 -0.388332  0.824244 0.154271 1 0 1.000000
0  17.672873 -20.336662 60.108147  0.809237 0.259600 -0.527014  0.797876 0.167943 1 0 1.000000
driverswat
0  17.838039 -21.771561 59.578518  0.651236 0.264658 -0.711230  0.814478 0.123020 1 0 1.000000
0  17.672873 -20.336662 60.108147  0.809237 0.259600 -0.527014  0.797876 0.167943 1 0 1.000000
0  18.223427 -21.805899 60.349022  0.869527 0.305157 -0.388332  0.824244 0.154271 1 0 1.000000
driverswat
0  17.672873 -20.336662 60.108147  0.809237 0.259600 -0.527014  0.797876 0.167943 1 0 1.000000
0  17.838039 -21.771561 59.578518  0.651236 0.264658 -0.711230  0.814478 0.123020 1 0 1.000000
0  17.204903 -20.300737 59.489662  0.456487 0.187725 -0.869701  0.800806 0.127903 1 0 1.000000
driverswat
0  17.204903 -21.861462 59.322742  -0.084753 0.105165 -0.990837  0.805689 0.093722 1 0 1.000000
0  17.204903 -20.300737 59.489662  0.456487 0.187725 -0.869701  0.800806 0.127903 1 0 1.000000
0  17.838039 -21.771561 59.578518  0.651236 0.264658 -0.711230  0.814478 0.123020 1 0 1.000000
driverswat
0  18.003206 -22.328547 59.464691  0.624184 0.351728 -0.697626  0.821314 0.117161 1 0 1.000000
0  17.204903 -21.861462 59.322742  -0.084753 0.105165 -0.990837  0.805689 0.093722 1 0 1.000000
0  17.838039 -21.771561 59.578518  0.651236 0.264658 -0.711230  0.814478 0.123020 1 0 1.000000
driverswat
0  17.218666 -22.323513 59.230358  -0.167314 0.270983 -0.947932  0.809595 0.091769 1 0 1.000000
0  17.204903 -21.861462 59.322742  -0.084753 0.105165 -0.990837  0.805689 0.093722 1 0 1.000000
0  18.003206 -22.328547 59.464691  0.624184 0.351728 -0.697626  0.821314 0.117161 1 0 1.000000
driverswat
0  17.342541 -23.084568 58.906799  -0.112408 0.203858 -0.972526  0.814478 0.087863 1 0 1.000000
0  17.218666 -22.323513 59.230358  -0.167314 0.270983 -0.947932  0.809595 0.091769 1 0 1.000000
0  18.003206 -22.328547 59.464691  0.624184 0.351728 -0.697626  0.821314 0.117161 1 0 1.000000
driverswat
0  17.204903 -20.300737 59.489662  0.456487 0.187725 -0.869701  0.800806 0.127903 1 0 1.000000
0  17.204903 -21.861462 59.322742  -0.084753 0.105165 -0.990837  0.805689 0.093722 1 0 1.000000
0  16.544239 -20.331968 59.362877  -0.382397 -0.095040 -0.919097  0.799829 0.099582 1 0 1.000000
driverswat
0  20.136604 -25.484348 62.649193  -0.456496 -0.555384 0.695098  0.930692 0.201147 1 0 1.000000
0  20.521992 -25.685106 62.398312  0.421363 -0.889072 0.178896  0.933622 0.190405 1 0 1.000000
0  20.577047 -25.375694 62.671738  0.667960 -0.143114 0.730306  0.926786 0.194311 1 0 1.000000
driverswat
0  20.577047 -25.375694 62.671738  0.667960 -0.143114 0.730306  0.926786 0.194311 1 0 1.000000
0  20.439409 -24.750589 62.625347  0.672652 0.315321 0.669412  0.916044 0.196265 1 0 1.000000
0  20.136604 -25.484348 62.649193  -0.456496 -0.555384 0.695098  0.930692 0.201147 1 0 1.000000
driverswat
0  20.439409 -24.750589 62.625347  0.672652 0.315321 0.669412  0.916044 0.196265 1 0 1.000000
0  19.916382 -25.003057 62.674088  -0.448906 -0.322760 0.833252  0.917020 0.209937 1 0 1.000000
0  20.136604 -25.484348 62.649193  -0.456496 -0.555384 0.695098  0.930692 0.201147 1 0 1.000000
driverswat
0  20.439409 -24.750589 62.625347  0.672652 0.315321 0.669412  0.916044 0.196265 1 0 1.000000
0  19.448410 -24.443245 62.581017  -0.253721 -0.334399 0.907636  0.907254 0.216773 1 0 1.000000
0  19.916382 -25.003057 62.674088  -0.448906 -0.322760 0.833252  0.917020 0.209937 1 0 1.000000
driverswat
0  20.439409 -24.750589 62.625347  0.672652 0.315321 0.669412  0.916044 0.196265 1 0 1.000000
0  20.164131 -24.304945 62.578331  0.584167 0.395608 0.708691  0.907254 0.198218 1 0 1.000000
0  19.448410 -24.443245 62.581017  -0.253721 -0.334399 0.907636  0.907254 0.216773 1 0 1.000000
driverswat
0  20.164131 -24.304945 62.578331  0.584167 0.395608 0.708691  0.907254 0.198218 1 0 1.000000
0  19.778744 -23.847786 62.559853  0.392745 0.457576 0.797731  0.897488 0.201147 1 0 1.000000
0  19.448410 -24.443245 62.581017  -0.253721 -0.334399 0.907636  0.907254 0.216773 1 0 1.000000
driverswat
0  20.164131 -24.304945 62.578331  0.584167 0.395608 0.708691  0.907254 0.198218 1 0 1.000000
0  19.943911 -23.693903 62.019897  0.843088 0.508459 -0.175132  0.891629 0.187475 1 0 1.000000
0  19.778744 -23.847786 62.559853  0.392745 0.457576 0.797731  0.897488 0.201147 1 0 1.000000
driverswat
0  19.778744 -23.847786 62.559853  0.392745 0.457576 0.797731  0.897488 0.201147 1 0 1.000000
0  19.943911 -23.693903 62.019897  0.843088 0.508459 -0.175132  0.891629 0.187475 1 0 1.000000
0  18.622581 -22.921335 62.371994  0.165116 0.446789 0.879270  0.868191 0.214820 1 0 1.000000
driverswat
0  19.943911 -23.693903 62.019897  0.843088 0.508459 -0.175132  0.891629 0.187475 1 0 1.000000
0  19.517231 -22.889824 61.808388  0.862607 0.495630 0.101290  0.872097 0.184545 1 0 1.000000
0  18.622581 -22.921335 62.371994  0.165116 0.446789 0.879270  0.868191 0.214820 1 0 1.000000
driverswat
0  18.113316 -21.642309 61.577305  0.533763 0.525699 0.662373  0.830103 0.203101 1 0 1.000000
0  18.622581 -22.921335 62.371994  0.165116 0.446789 0.879270  0.868191 0.214820 1 0 1.000000
0  19.517231 -22.889824 61.808388  0.862607 0.495630 0.101290  0.872097 0.184545 1 0 1.000000
driverswat
0  18.113316 -21.642309 61.577305  0.533763 0.525699 0.662373  0.830103 0.203101 1 0 1.000000
0  19.517231 -22.889824 61.808388  0.862607 0.495630 0.101290  0.872097 0.184545 1 0 1.000000
0  18.361065 -21.692492 60.827621  0.893027 0.436302 -0.110193  0.828150 0.173803 1 0 1.000000
driverswat
0  19.517231 -22.889824 61.808388  0.862607 0.495630 0.101290  0.872097 0.184545 1 0 1.000000
0  18.622580 -22.500223 60.569355  0.875309 0.177760 -0.449707  0.842799 0.152318 1 0 1.000000
0  18.361065 -21.692492 60.827621  0.893027 0.436302 -0.110193  0.828150 0.173803 1 0 1.000000
driverswat
0  19.269482 -26.562939 60.435997  0.324821 -0.141304 0.935160  0.920927 0.037080 1 0 1.000000
0  18.319777 -25.993195 60.219452  0.612067 0.788214 0.063981  0.894559 0.053682 1 0 1.000000
0  18.113316 -26.408855 60.752167  0.171700 0.008444 0.985113  0.906278 0.057588 1 0 1.000000
driverswat
0  18.319777 -25.993195 60.219452  0.612067 0.788214 0.063981  0.894559 0.053682 1 0 1.000000
0  17.865570 -25.813877 60.565266  0.982820 0.136056 0.124713  0.890652 0.082003 1 0 1.000000
0  18.113316 -26.408855 60.752167  0.171700 0.008444 0.985113  0.906278 0.057588 1 0 1.000000
driverswat
0  18.085791 -25.642824 59.640057  0.945371 0.309806 0.101458  0.873074 0.061495 1 0 1.000000
0  17.865570 -25.813877 60.565266  0.982820 0.136056 0.124713  0.890652 0.082003 1 0 1.000000
0  18.319777 -25.993195 60.219452  0.612067 0.788214 0.063981  0.894559 0.053682 1 0 1.000000
driverswat
0  18.085791 -25.642824 59.640057  0.945371 0.309806 0.101458  0.873074 0.061495 1 0 1.000000
0  18.443649 -24.298248 60.949493  0.901288 -0.295748 -0.316565  0.876003 0.124973 1 0 1.000000
0  17.865570 -25.813877 60.565266  0.982820 0.136056 0.124713  0.890652 0.082003 1 0 1.000000
driverswat
0  18.085791 -25.642824 59.640057  0.945371 0.309806 0.101458  0.873074 0.061495 1 0 1.000000
0  17.865568 -24.738155 59.036198  0.647482 -0.017185 -0.761887  0.844752 0.082980 1 0 1.000000
0  18.443649 -24.298248 60.949493  0.901288 -0.295748 -0.316565  0.876003 0.124973 1 0 1.000000
driverswat
0  18.209663 -23.072092 59.266819  0.749389 0.107075 -0.653414  0.830103 0.109348 1 0 1.000000
0  18.443649 -24.298248 60.949493  0.901288 -0.295748 -0.316565  0.876003 0.124973 1 0 1.000000
0  17.865568 -24.738155 59.036198  0.647482 -0.017185 -0.761887  0.844752 0.082980 1 0 1.000000
driverswat
0  18.443649 -24.298248 60.949493  0.901288 -0.295748 -0.316565  0.876003 0.124973 1 0 1.000000
0  18.209663 -23.072092 59.266819  0.749389 0.107075 -0.653414  0.830103 0.109348 1 0 1.000000
0  18.622580 -22.500223 60.569355  0.875309 0.177760 -0.449707  0.842799 0.152318 1 0 1.000000
driverswat
0  19.338301 -23.449499 61.556259  0.637987 -0.091020 -0.764649  0.877957 0.167943 1 0 1.000000
0  18.443649 -24.298248 60.949493  0.901288 -0.295748 -0.316565  0.876003 0.124973 1 0 1.000000
0  18.622580 -22.500223 60.569355  0.875309 0.177760 -0.449707  0.842799 0.152318 1 0 1.000000
driverswat
0  19.517231 -22.889824 61.808388  0.862607 0.495630 0.101290  0.872097 0.184545 1 0 1.000000
0  19.338301 -23.449499 61.556259  0.637987 -0.091020 -0.764649  0.877957 0.167943 1 0 1.000000
0  18.622580 -22.500223 60.569355  0.875309 0.177760 -0.449707  0.842799 0.152318 1 0 1.000000
driverswat
0  19.517231 -22.889824 61.808388  0.862607 0.495630 0.101290  0.872097 0.184545 1 0 1.000000
0  19.806274 -24.553204 61.716064  0.294592 -0.029235 -0.955176  0.903348 0.170873 1 0 1.000000
0  19.338301 -23.449499 61.556259  0.637987 -0.091020 -0.764649  0.877957 0.167943 1 0 1.000000
driverswat
0  19.806274 -24.553204 61.716064  0.294592 -0.029235 -0.955176  0.903348 0.170873 1 0 1.000000
0  19.517231 -22.889824 61.808388  0.862607 0.495630 0.101290  0.872097 0.184545 1 0 1.000000
0  19.943911 -23.693903 62.019897  0.843088 0.508459 -0.175132  0.891629 0.187475 1 0 1.000000
driverswat
0  19.806274 -24.553204 61.716064  0.294592 -0.029235 -0.955176  0.903348 0.170873 1 0 1.000000
0  19.943911 -23.693903 62.019897  0.843088 0.508459 -0.175132  0.891629 0.187475 1 0 1.000000
0  20.164131 -24.327211 61.996593  0.776430 0.367495 -0.511961  0.904324 0.183569 1 0 1.000000
driverswat
0  19.943911 -23.693903 62.019897  0.843088 0.508459 -0.175132  0.891629 0.187475 1 0 1.000000
0  20.164131 -24.304945 62.578331  0.584167 0.395608 0.708691  0.907254 0.198218 1 0 1.000000
0  20.164131 -24.327211 61.996593  0.776430 0.367495 -0.511961  0.904324 0.183569 1 0 1.000000
driverswat
0  20.164131 -24.304945 62.578331  0.584167 0.395608 0.708691  0.907254 0.198218 1 0 1.000000
0  20.466938 -24.773958 62.057331  0.839972 0.243720 -0.484817  0.914090 0.184545 1 0 1.000000
0  20.164131 -24.327211 61.996593  0.776430 0.367495 -0.511961  0.904324 0.183569 1 0 1.000000
driverswat
0  20.466938 -24.773958 62.057331  0.839972 0.243720 -0.484817  0.914090 0.184545 1 0 1.000000
0  20.164131 -24.304945 62.578331  0.584167 0.395608 0.708691  0.907254 0.198218 1 0 1.000000
0  20.439409 -24.750589 62.625347  0.672652 0.315321 0.669412  0.916044 0.196265 1 0 1.000000
driverswat
0  20.439409 -24.750589 62.625347  0.672652 0.315321 0.669412  0.916044 0.196265 1 0 1.000000
0  20.618340 -25.513229 62.149773  0.797395 -0.313736 -0.515490  0.928739 0.187475 1 0 1.000000
0  20.466938 -24.773958 62.057331  0.839972 0.243720 -0.484817  0.914090 0.184545 1 0 1.000000
driverswat
0  20.618340 -25.513229 62.149773  0.797395 -0.313736 -0.515490  0.928739 0.187475 1 0 1.000000
0  20.439409 -24.750589 62.625347  0.672652 0.315321 0.669412  0.916044 0.196265 1 0 1.000000
0  20.577047 -25.375694 62.671738  0.667960 -0.143114 0.730306  0.926786 0.194311 1 0 1.000000
driverswat
0  20.577047 -25.375694 62.671738  0.667960 -0.143114 0.730306  0.926786 0.194311 1 0 1.000000
0  20.521992 -25.685106 62.398312  0.421363 -0.889072 0.178896  0.933622 0.190405 1 0 1.000000
0  20.618340 -25.513229 62.149773  0.797395 -0.313736 -0.515490  0.928739 0.187475 1 0 1.000000
driverswat
0  19.806274 -24.553204 61.716064  0.294592 -0.029235 -0.955176  0.903348 0.170873 1 0 1.000000
0  20.164131 -24.327211 61.996593  0.776430 0.367495 -0.511961  0.904324 0.183569 1 0 1.000000
0  20.466938 -24.773958 62.057331  0.839972 0.243720 -0.484817  0.914090 0.184545 1 0 1.000000
driverswat
0  20.618340 -25.513229 62.149773  0.797395 -0.313736 -0.515490  0.928739 0.187475 1 0 1.000000
0  20.521992 -25.685106 62.398312  0.421363 -0.889072 0.178896  0.933622 0.190405 1 0 1.000000
0  20.136604 -25.598238 62.004860  -0.417981 -0.655746 -0.628720  0.930692 0.179662 1 0 1.000000
driverswat
0  20.136604 -25.598238 62.004860  -0.417981 -0.655746 -0.628720  0.930692 0.179662 1 0 1.000000
0  20.466938 -24.773958 62.057331  0.839972 0.243720 -0.484817  0.914090 0.184545 1 0 1.000000
0  20.618340 -25.513229 62.149773  0.797395 -0.313736 -0.515490  0.928739 0.187475 1 0 1.000000
driverswat
0  20.136604 -25.598238 62.004860  -0.417981 -0.655746 -0.628720  0.930692 0.179662 1 0 1.000000
0  20.095314 -25.104813 61.878834  0.015639 -0.484200 -0.874818  0.917020 0.173803 1 0 1.000000
0  20.466938 -24.773958 62.057331  0.839972 0.243720 -0.484817  0.914090 0.184545 1 0 1.000000
driverswat
0  20.095314 -25.104813 61.878834  0.015639 -0.484200 -0.874818  0.917020 0.173803 1 0 1.000000
0  19.806274 -24.553204 61.716064  0.294592 -0.029235 -0.955176  0.903348 0.170873 1 0 1.000000
0  20.466938 -24.773958 62.057331  0.839972 0.243720 -0.484817  0.914090 0.184545 1 0 1.000000
driverswat
0  20.095314 -25.104813 61.878834  0.015639 -0.484200 -0.874818  0.917020 0.173803 1 0 1.000000
0  19.214426 -24.845724 61.747776  -0.477251 -0.694858 -0.537963  0.902371 0.156224 1 0 1.000000
0  19.806274 -24.553204 61.716064  0.294592 -0.029235 -0.955176  0.903348 0.170873 1 0 1.000000
driverswat
0  19.806274 -24.553204 61.716064  0.294592 -0.029235 -0.955176  0.903348 0.170873 1 0 1.000000
0  19.214426 -24.845724 61.747776  -0.477251 -0.694858 -0.537963  0.902371 0.156224 1 0 1.000000
0  19.338301 -23.449499 61.556259  0.637987 -0.091020 -0.764649  0.877957 0.167943 1 0 1.000000
driverswat
0  19.214426 -24.845724 61.747776  -0.477251 -0.694858 -0.537963  0.902371 0.156224 1 0 1.000000
0  18.677635 -24.670820 62.148472  0.847079 -0.398254 0.351924  0.897488 0.143529 1 0 1.000000
0  19.338301 -23.449499 61.556259  0.637987 -0.091020 -0.764649  0.877957 0.167943 1 0 1.000000
driverswat
0  18.443649 -24.298248 60.949493  0.901288 -0.295748 -0.316565  0.876003 0.124973 1 0 1.000000
0  19.338301 -23.449499 61.556259  0.637987 -0.091020 -0.764649  0.877957 0.167943 1 0 1.000000
0  18.677635 -24.670820 62.148472  0.847079 -0.398254 0.351924  0.897488 0.143529 1 0 1.000000
driverswat
0  18.539997 -25.102745 62.196587  0.948310 -0.144643 0.282464  0.901395 0.134739 1 0 1.000000
0  18.443649 -24.298248 60.949493  0.901288 -0.295748 -0.316565  0.876003 0.124973 1 0 1.000000
0  18.677635 -24.670820 62.148472  0.847079 -0.398254 0.351924  0.897488 0.143529 1 0 1.000000
driverswat
0  18.443649 -24.298248 60.949493  0.901288 -0.295748 -0.316565  0.876003 0.124973 1 0 1.000000
0  18.539997 -25.102745 62.196587  0.948310 -0.144643 0.282464  0.901395 0.134739 1 0 1.000000
0  18.058262 -25.782927 61.382442  0.920879 -0.107672 -0.374684  0.915067 0.097629 1 0 1.000000
driverswat
0  18.539997 -25.102745 62.196587  0.948310 -0.144643 0.282464  0.901395 0.134739 1 0 1.000000
0  18.498707 -26.282488 61.756523  0.486472 0.421343 -0.765386  0.937529 0.094699 1 0 1.000000
0  18.058262 -25.782927 61.382442  0.920879 -0.107672 -0.374684  0.915067 0.097629 1 0 1.000000
driverswat
0  18.498707 -26.282488 61.756523  0.486472 0.421343 -0.765386  0.937529 0.094699 1 0 1.000000
0  18.058262 -26.870222 61.681648  -0.387379 -0.621312 -0.681109  0.933622 0.083956 1 0 1.000000
0  18.058262 -25.782927 61.382442  0.920879 -0.107672 -0.374684  0.915067 0.097629 1 0 1.000000
driverswat
0  19.063026 -26.837749 61.449516  -0.030271 -0.579530 -0.814388  0.951201 0.072237 1 0 1.000000
0  18.058262 -26.870222 61.681648  -0.387379 -0.621312 -0.681109  0.933622 0.083956 1 0 1.000000
0  18.498707 -26.282488 61.756523  0.486472 0.421343 -0.765386  0.937529 0.094699 1 0 1.000000
driverswat
0  18.966677 -26.234711 61.677517  -0.510210 0.785651 -0.349912  0.955107 0.082980 1 0 1.000000
0  19.063026 -26.837749 61.449516  -0.030271 -0.579530 -0.814388  0.951201 0.072237 1 0 1.000000
0  18.498707 -26.282488 61.756523  0.486472 0.421343 -0.765386  0.937529 0.094699 1 0 1.000000
driverswat
0  19.063026 -26.837749 61.449516  -0.030271 -0.579530 -0.814388  0.951201 0.072237 1 0 1.000000
0  18.966677 -26.234711 61.677517  -0.510210 0.785651 -0.349912  0.955107 0.082980 1 0 1.000000
0  19.627342 -26.086344 61.206158  0.295907 0.093288 -0.950650  0.961943 0.063448 1 0 1.000000
driverswat
0  19.627342 -26.086344 61.206158  0.295907 0.093288 -0.950650  0.961943 0.063448 1 0 1.000000
0  18.966677 -26.234711 61.677517  -0.510210 0.785651 -0.349912  0.955107 0.082980 1 0 1.000000
0  19.530994 -25.786236 61.423599  -0.043519 0.823932 -0.565016  0.976592 0.064425 1 0 1.000000
driverswat
0  18.966677 -26.234711 61.677517  -0.510210 0.785651 -0.349912  0.955107 0.082980 1 0 1.000000
0  19.572287 -25.700752 61.734261  0.186898 0.913856 0.360468  0.976592 0.077120 1 0 1.000000
0  19.530994 -25.786236 61.423599  -0.043519 0.823932 -0.565016  0.976592 0.064425 1 0 1.000000
driverswat
0  19.241955 -26.368256 62.136257  0.189605 0.492374 0.849481  0.966826 0.090793 1 0 1.000000
0  19.572287 -25.700752 61.734261  0.186898 0.913856 0.360468  0.976592 0.077120 1 0 1.000000
0  18.966677 -26.234711 61.677517  -0.510210 0.785651 -0.349912  0.955107 0.082980 1 0 1.000000
driverswat
0  18.966677 -26.234711 61.677517  -0.510210 0.785651 -0.349912  0.955107 0.082980 1 0 1.000000
0  18.498707 -26.282488 61.756523  0.486472 0.421343 -0.765386  0.937529 0.094699 1 0 1.000000
0  19.241955 -26.368256 62.136257  0.189605 0.492374 0.849481  0.966826 0.090793 1 0 1.000000
driverswat
0  19.241955 -26.368256 62.136257  0.189605 0.492374 0.849481  0.966826 0.090793 1 0 1.000000
0  18.498707 -26.282488 61.756523  0.486472 0.421343 -0.765386  0.937529 0.094699 1 0 1.000000
0  18.498707 -26.332129 62.373898  0.479352 0.242925 0.843332  0.943388 0.109348 1 0 1.000000
driverswat
0  18.498707 -26.282488 61.756523  0.486472 0.421343 -0.765386  0.937529 0.094699 1 0 1.000000
0  18.539997 -25.102745 62.196587  0.948310 -0.144643 0.282464  0.901395 0.134739 1 0 1.000000
0  18.498707 -26.332129 62.373898  0.479352 0.242925 0.843332  0.943388 0.109348 1 0 1.000000
driverswat
0  18.539997 -25.102745 62.196587  0.948310 -0.144643 0.282464  0.901395 0.134739 1 0 1.000000
0  18.209665 -25.371763 62.451122  0.328456 -0.026363 0.944151  0.898465 0.138646 1 0 1.000000
0  18.498707 -26.332129 62.373898  0.479352 0.242925 0.843332  0.943388 0.109348 1 0 1.000000
driverswat
0  18.237194 -24.020144 62.642658  -0.146650 -0.020930 0.988967  0.896512 0.140599 1 0 1.000000
0  18.209665 -25.371763 62.451122  0.328456 -0.026363 0.944151  0.898465 0.138646 1 0 1.000000
0  18.539997 -25.102745 62.196587  0.948310 -0.144643 0.282464  0.901395 0.134739 1 0 1.000000
driverswat
0  18.237194 -24.020144 62.642658  -0.146650 -0.020930 0.988967  0.896512 0.140599 1 0 1.000000
0  18.539997 -25.102745 62.196587  0.948310 -0.144643 0.282464  0.901395 0.134739 1 0 1.000000
0  18.677635 -24.670820 62.148472  0.847079 -0.398254 0.351924  0.897488 0.143529 1 0 1.000000
driverswat
0  19.214426 -24.845724 61.747776  -0.477251 -0.694858 -0.537963  0.902371 0.156224 1 0 1.000000
0  18.237194 -24.020144 62.642658  -0.146650 -0.020930 0.988967  0.896512 0.140599 1 0 1.000000
0  18.677635 -24.670820 62.148472  0.847079 -0.398254 0.351924  0.897488 0.143529 1 0 1.000000
driverswat
0  19.448410 -24.443245 62.581017  -0.253721 -0.334399 0.907636  0.906278 0.153294 1 0 1.000000
0  18.237194 -24.020144 62.642658  -0.146650 -0.020930 0.988967  0.896512 0.140599 1 0 1.000000
0  19.214426 -24.845724 61.747776  -0.477251 -0.694858 -0.537963  0.902371 0.156224 1 0 1.000000
driverswat
0  19.448410 -24.443245 62.581017  -0.253721 -0.334399 0.907636  0.906278 0.153294 1 0 1.000000
0  19.214426 -24.845724 61.747776  -0.477251 -0.694858 -0.537963  0.902371 0.156224 1 0 1.000000
0  19.916382 -25.003057 62.674088  -0.448906 -0.322760 0.833252  0.916044 0.156224 1 0 1.000000
driverswat
0  20.095314 -25.104813 61.878834  0.015639 -0.484200 -0.874818  0.917020 0.173803 1 0 1.000000
0  19.916382 -25.003057 62.674088  -0.448906 -0.322760 0.833252  0.916044 0.156224 1 0 1.000000
0  19.214426 -24.845724 61.747776  -0.477251 -0.694858 -0.537963  0.902371 0.156224 1 0 1.000000
driverswat
0  20.136604 -25.598238 62.004860  -0.417981 -0.655746 -0.628720  0.930692 0.179662 1 0 1.000000
0  19.916382 -25.003057 62.674088  -0.448906 -0.322760 0.833252  0.916044 0.156224 1 0 1.000000
0  20.095314 -25.104813 61.878834  0.015639 -0.484200 -0.874818  0.917020 0.173803 1 0 1.000000
driverswat
0  19.916382 -25.003057 62.674088  -0.448906 -0.322760 0.833252  0.916044 0.156224 1 0 1.000000
0  20.136604 -25.598238 62.004860  -0.417981 -0.655746 -0.628720  0.930692 0.179662 1 0 1.000000
0  20.136604 -25.484348 62.649193  -0.456496 -0.555384 0.695098  0.932646 0.155248 1 0 1.000000
driverswat
0  20.521992 -25.685106 62.398312  0.421363 -0.889072 0.178896  0.934599 0.167943 1 0 1.000000
0  20.136604 -25.484348 62.649193  -0.456496 -0.555384 0.695098  0.932646 0.155248 1 0 1.000000
0  20.136604 -25.598238 62.004860  -0.417981 -0.655746 -0.628720  0.930692 0.179662 1 0 1.000000
driverswat
0  18.058262 -25.782927 61.382442  0.920879 -0.107672 -0.374684  0.915067 0.097629 1 0 1.000000
0  18.058262 -26.870222 61.681648  -0.387379 -0.621312 -0.681109  0.933622 0.083956 1 0 1.000000
0  17.383835 -25.479031 61.724468  -0.904304 -0.265622 0.334184  0.918973 0.094699 1 0 1.000000
driverswat
0  17.383835 -25.479031 61.724468  -0.904304 -0.265622 0.334184  0.918973 0.094699 1 0 1.000000
0  17.879333 -26.566187 61.678478  0.243954 0.063221 0.967724  0.932646 0.081027 1 0 1.000000
0  18.058262 -25.782927 61.382442  0.920879 -0.107672 -0.374684  0.915067 0.097629 1 0 1.000000
driverswat
0  18.085791 -26.299238 61.106182  0.830541 0.498842 -0.247706  0.923856 0.071261 1 0 1.000000
0  18.058262 -25.782927 61.382442  0.920879 -0.107672 -0.374684  0.915067 0.097629 1 0 1.000000
0  17.879333 -26.566187 61.678478  0.243954 0.063221 0.967724  0.932646 0.081027 1 0 1.000000
driverswat
0  18.952913 -26.725788 61.430904  0.336468 0.053445 0.940177  0.948271 0.062471 1 0 1.000000
0  18.085791 -26.299238 61.106182  0.830541 0.498842 -0.247706  0.923856 0.071261 1 0 1.000000
0  17.879333 -26.566187 61.678478  0.243954 0.063221 0.967724  0.932646 0.081027 1 0 1.000000
driverswat
0  18.636345 -26.361216 61.018353  -0.262260 0.963776 -0.048528  0.938505 0.056612 1 0 1.000000
0  18.085791 -26.299238 61.106182  0.830541 0.498842 -0.247706  0.923856 0.071261 1 0 1.000000
0  18.952913 -26.725788 61.430904  0.336468 0.053445 0.940177  0.948271 0.062471 1 0 1.000000
driverswat
0  19.682396 -25.870621 61.099224  0.454232 0.603610 0.655231  0.965850 0.042940 1 0 1.000000
0  18.636345 -26.361216 61.018353  -0.262260 0.963776 -0.048528  0.938505 0.056612 1 0 1.000000
0  18.952913 -26.725788 61.430904  0.336468 0.053445 0.940177  0.948271 0.062471 1 0 1.000000
driverswat
0  19.599813 -25.798574 60.718391  0.133343 0.976123 -0.171476  0.963897 0.036103 1 0 1.000000
0  18.636345 -26.361216 61.018353  -0.262260 0.963776 -0.048528  0.938505 0.056612 1 0 1.000000
0  19.682396 -25.870621 61.099224  0.454232 0.603610 0.655231  0.965850 0.042940 1 0 1.000000
driverswat
0  19.613579 -25.976788 60.358849  0.254510 0.349163 -0.901837  0.959014 0.032197 1 0 1.000000
0  18.636345 -26.361216 61.018353  -0.262260 0.963776 -0.048528  0.938505 0.056612 1 0 1.000000
0  19.599813 -25.798574 60.718391  0.133343 0.976123 -0.171476  0.963897 0.036103 1 0 1.000000
driverswat
0  18.760220 -26.893932 60.602695  -0.127219 -0.292721 -0.947697  0.935575 0.041963 1 0 1.000000
0  18.636345 -26.361216 61.018353  -0.262260 0.963776 -0.048528  0.938505 0.056612 1 0 1.000000
0  19.613579 -25.976788 60.358849  0.254510 0.349163 -0.901837  0.959014 0.032197 1 0 1.000000
driverswat
0  18.636345 -26.361216 61.018353  -0.262260 0.963776 -0.048528  0.938505 0.056612 1 0 1.000000
0  18.760220 -26.893932 60.602695  -0.127219 -0.292721 -0.947697  0.935575 0.041963 1 0 1.000000
0  18.085791 -26.299238 61.106182  0.830541 0.498842 -0.247706  0.923856 0.071261 1 0 1.000000
driverswat
0  18.760220 -26.893932 60.602695  -0.127219 -0.292721 -0.947697  0.935575 0.041963 1 0 1.000000
0  17.727932 -26.757357 60.793182  -0.200152 -0.324787 -0.924366  0.917020 0.062471 1 0 1.000000
0  18.085791 -26.299238 61.106182  0.830541 0.498842 -0.247706  0.923856 0.071261 1 0 1.000000
driverswat
0  18.085791 -26.299238 61.106182  0.830541 0.498842 -0.247706  0.923856 0.071261 1 0 1.000000
0  17.727932 -26.757357 60.793182  -0.200152 -0.324787 -0.924366  0.917020 0.062471 1 0 1.000000
0  17.865570 -25.813877 60.565266  0.982820 0.136056 0.124713  0.890652 0.082003 1 0 1.000000
driverswat
0  17.865570 -25.813877 60.565266  0.982820 0.136056 0.124713  0.890652 0.082003 1 0 1.000000
0  18.058262 -25.782927 61.382442  0.920879 -0.107672 -0.374684  0.915067 0.097629 1 0 1.000000
0  18.085791 -26.299238 61.106182  0.830541 0.498842 -0.247706  0.923856 0.071261 1 0 1.000000
driverswat
0  17.865570 -25.813877 60.565266  0.982820 0.136056 0.124713  0.890652 0.082003 1 0 1.000000
0  18.443649 -24.298248 60.949493  0.901288 -0.295748 -0.316565  0.876003 0.124973 1 0 1.000000
0  18.058262 -25.782927 61.382442  0.920879 -0.107672 -0.374684  0.915067 0.097629 1 0 1.000000
driverswat
0  34.134438 -25.813877 60.565266  -0.982821 0.136068 0.124694  0.890652 0.314432 1 0 1.000000
0  34.808865 -25.572441 60.653717  0.939138 -0.343293 0.012995  0.888699 0.313456 1 0 1.000000
0  34.272076 -26.757357 60.793182  0.200150 -0.324787 -0.924366  0.922880 0.321268 1 0 1.000000
driverswat
0  35.276836 -22.978342 60.848499  0.966891 -0.035339 0.252733  0.834986 0.278298 1 0 1.000000
0  35.152962 -24.666468 60.892269  0.973143 -0.125785 0.192797  0.871120 0.296854 1 0 1.000000
0  35.400711 -24.499346 60.187675  0.980940 -0.192844 0.023845  0.855495 0.310526 1 0 1.000000
driverswat
0  34.808865 -25.572441 60.653717  0.939138 -0.343293 0.012995  0.888699 0.313456 1 0 1.000000
0  35.400711 -24.499346 60.187675  0.980940 -0.192844 0.023845  0.855495 0.310526 1 0 1.000000
0  35.152962 -24.666468 60.892269  0.973143 -0.125785 0.192797  0.871120 0.296854 1 0 1.000000
driverswat
0  35.139198 -25.617252 60.180637  0.912464 -0.390345 -0.122642  0.876003 0.324198 1 0 1.000000
0  35.400711 -24.499346 60.187675  0.980940 -0.192844 0.023845  0.855495 0.310526 1 0 1.000000
0  34.808865 -25.572441 60.653717  0.939138 -0.343293 0.012995  0.888699 0.313456 1 0 1.000000
driverswat
0  34.340897 -26.643673 60.581390  0.533189 -0.669002 0.517828  0.901395 0.332987 1 0 1.000000
0  35.139198 -25.617252 60.180637  0.912464 -0.390345 -0.122642  0.876003 0.324198 1 0 1.000000
0  34.808865 -25.572441 60.653717  0.939138 -0.343293 0.012995  0.888699 0.313456 1 0 1.000000
driverswat
0  33.886688 -26.408855 60.752167  -0.171764 0.008442 0.985102  0.911161 0.327128 1 0 1.000000
0  34.340897 -26.643673 60.581390  0.533189 -0.669002 0.517828  0.901395 0.332987 1 0 1.000000
0  34.808865 -25.572441 60.653717  0.939138 -0.343293 0.012995  0.888699 0.313456 1 0 1.000000
driverswat
0  34.808865 -25.572441 60.653717  0.939138 -0.343293 0.012995  0.888699 0.313456 1 0 1.000000
0  34.134438 -25.813877 60.565266  -0.982821 0.136068 0.124694  0.885769 0.312479 1 0 1.000000
0  33.886688 -26.408855 60.752167  -0.171764 0.008442 0.985102  0.911161 0.327128 1 0 1.000000
driverswat
0  33.047096 -26.600508 59.701134  0.098489 -0.190309 -0.976771  0.915067 0.362285 1 0 1.000000
0  33.996799 -26.771904 60.115410  0.321249 -0.833687 -0.449182  0.900418 0.343730 1 0 1.000000
0  32.895691 -26.838774 59.916718  -0.201250 -0.860737 -0.467578  0.919950 0.355449 1 0 1.000000
driverswat
0  33.047096 -26.600508 59.701134  0.098489 -0.190309 -0.976771  0.915067 0.362285 1 0 1.000000
0  32.895691 -26.838774 59.916718  -0.201250 -0.860737 -0.467578  0.919950 0.355449 1 0 1.000000
0  32.400192 -25.984711 59.598759  -0.169537 0.337995 -0.925752  0.940458 0.374004 1 0 1.000000
driverswat
0  32.400192 -25.984711 59.598759  -0.169537 0.337995 -0.925752  0.940458 0.374004 1 0 1.000000
0  32.895691 -26.838774 59.916718  -0.201250 -0.860737 -0.467578  0.919950 0.355449 1 0 1.000000
0  32.083626 -26.199953 59.871426  -0.936711 -0.224399 -0.268734  0.942412 0.364238 1 0 1.000000
driverswat
0  32.400192 -25.984711 59.598759  -0.169537 0.337995 -0.925752  0.940458 0.374004 1 0 1.000000
0  32.083626 -26.199953 59.871426  -0.936711 -0.224399 -0.268734  0.942412 0.364238 1 0 1.000000
0  32.372665 -25.797670 59.848537  -0.183285 0.952999 -0.241244  0.949248 0.371075 1 0 1.000000
driverswat
0  32.083626 -26.199953 59.871426  -0.936711 -0.224399 -0.268734  0.942412 0.364238 1 0 1.000000
0  32.179970 -25.926805 60.252403  -0.605373 0.487463 0.629208  0.950224 0.359355 1 0 1.000000
0  32.372665 -25.797670 59.848537  -0.183285 0.952999 -0.241244  0.949248 0.371075 1 0 1.000000
driverswat
0  32.083626 -26.199953 59.871426  -0.936711 -0.224399 -0.268734  0.942412 0.364238 1 0 1.000000
0  32.702995 -26.822989 60.235577  -0.462079 -0.828667 0.315902  0.925810 0.349590 1 0 1.000000
0  32.179970 -25.926805 60.252403  -0.605373 0.487463 0.629208  0.950224 0.359355 1 0 1.000000
driverswat
0  32.702995 -26.822989 60.235577  -0.462079 -0.828667 0.315902  0.925810 0.349590 1 0 1.000000
0  32.730526 -26.562939 60.435997  -0.324825 -0.141298 0.935160  0.929716 0.342753 1 0 1.000000
0  32.179970 -25.926805 60.252403  -0.605373 0.487463 0.629208  0.950224 0.359355 1 0 1.000000
driverswat
0  32.730526 -26.562939 60.435997  -0.324825 -0.141298 0.935160  0.929716 0.342753 1 0 1.000000
0  32.702995 -26.822989 60.235577  -0.462079 -0.828667 0.315902  0.925810 0.349590 1 0 1.000000
0  33.886688 -26.408855 60.752167  -0.171764 0.008442 0.985102  0.911161 0.327128 1 0 1.000000
driverswat
0  32.702995 -26.822989 60.235577  -0.462079 -0.828667 0.315902  0.925810 0.349590 1 0 1.000000
0  33.886688 -26.857668 60.495144  0.105272 -0.893626 0.436291  0.906278 0.337870 1 0 1.000000
0  33.886688 -26.408855 60.752167  -0.171764 0.008442 0.985102  0.911161 0.327128 1 0 1.000000
driverswat
0  34.340897 -26.643673 60.581390  0.533189 -0.669002 0.517828  0.901395 0.332987 1 0 1.000000
0  33.886688 -26.408855 60.752167  -0.171764 0.008442 0.985102  0.911161 0.327128 1 0 1.000000
0  33.886688 -26.857668 60.495144  0.105272 -0.893626 0.436291  0.906278 0.337870 1 0 1.000000
driverswat
0  34.340897 -26.643673 60.581390  0.533189 -0.669002 0.517828  0.901395 0.332987 1 0 1.000000
0  33.886688 -26.857668 60.495144  0.105272 -0.893626 0.436291  0.906278 0.337870 1 0 1.000000
0  34.368423 -26.583136 60.172016  0.601298 -0.667117 -0.439768  0.895535 0.339824 1 0 1.000000
driverswat
0  34.368423 -26.583136 60.172016  0.601298 -0.667117 -0.439768  0.895535 0.339824 1 0 1.000000
0  35.139198 -25.617252 60.180637  0.912464 -0.390345 -0.122642  0.876003 0.324198 1 0 1.000000
0  34.340897 -26.643673 60.581390  0.533189 -0.669002 0.517828  0.901395 0.332987 1 0 1.000000
driverswat
0  35.139198 -25.617252 60.180637  0.912464 -0.390345 -0.122642  0.876003 0.324198 1 0 1.000000
0  34.368423 -26.583136 60.172016  0.601298 -0.667117 -0.439768  0.895535 0.339824 1 0 1.000000
0  33.983036 -26.463932 59.891628  0.154885 -0.288015 -0.945018  0.892605 0.350566 1 0 1.000000
driverswat
0  34.712521 -25.485912 59.749336  0.846382 -0.526853 -0.077864  0.867214 0.338847 1 0 1.000000
0  35.139198 -25.617252 60.180637  0.912464 -0.390345 -0.122642  0.876003 0.324198 1 0 1.000000
0  33.983036 -26.463932 59.891628  0.154885 -0.288015 -0.945018  0.892605 0.350566 1 0 1.000000
driverswat
0  35.400711 -24.499346 60.187675  0.980940 -0.192844 0.023845  0.855495 0.310526 1 0 1.000000
0  35.139198 -25.617252 60.180637  0.912464 -0.390345 -0.122642  0.876003 0.324198 1 0 1.000000
0  34.712521 -25.485912 59.749336  0.846382 -0.526853 -0.077864  0.867214 0.338847 1 0 1.000000
driverswat
0  34.712521 -25.485912 59.749336  0.846382 -0.526853 -0.077864  0.867214 0.338847 1 0 1.000000
0  35.249310 -24.589108 59.586704  0.962365 -0.254535 -0.095215  0.847682 0.325175 1 0 1.000000
0  35.400711 -24.499346 60.187675  0.980940 -0.192844 0.023845  0.855495 0.310526 1 0 1.000000
driverswat
0  35.318130 -22.990395 59.452900  0.887761 0.080536 -0.453205  0.817408 0.309549 1 0 1.000000
0  35.400711 -24.499346 60.187675  0.980940 -0.192844 0.023845  0.855495 0.310526 1 0 1.000000
0  35.249310 -24.589108 59.586704  0.962365 -0.254535 -0.095215  0.847682 0.325175 1 0 1.000000
driverswat
0  35.318130 -22.990395 59.452900  0.887761 0.080536 -0.453205  0.817408 0.309549 1 0 1.000000
0  35.276836 -22.978342 60.848499  0.966891 -0.035339 0.252733  0.834986 0.278298 1 0 1.000000
0  35.400711 -24.499346 60.187675  0.980940 -0.192844 0.023845  0.855495 0.310526 1 0 1.000000
driverswat
0  35.276836 -22.978342 60.848499  0.966891 -0.035339 0.252733  0.834986 0.278298 1 0 1.000000
0  35.318130 -22.990395 59.452900  0.887761 0.080536 -0.453205  0.817408 0.309549 1 0 1.000000
0  35.400711 -21.860918 60.689800  0.976467 -0.135301 0.167947  0.809595 0.269509 1 0 1.000000
driverswat
0  35.139198 -21.765160 61.387917  0.815816 -0.050542 0.576099  0.819361 0.249977 1 0 1.000000
0  35.276836 -22.978342 60.848499  0.966891 -0.035339 0.252733  0.834986 0.278298 1 0 1.000000
0  35.400711 -21.860918 60.689800  0.976467 -0.135301 0.167947  0.809595 0.269509 1 0 1.000000
driverswat
0  33.983036 -26.463932 59.891628  0.154885 -0.288015 -0.945018  0.892605 0.350566 1 0 1.000000
0  33.996799 -26.771904 60.115410  0.321249 -0.833687 -0.449182  0.900418 0.343730 1 0 1.000000
0  33.047096 -26.600508 59.701134  0.098489 -0.190309 -0.976771  0.915067 0.362285 1 0 1.000000
driverswat
0  34.368423 -26.583136 60.172016  0.601298 -0.667117 -0.439768  0.895535 0.339824 1 0 1.000000
0  33.996799 -26.771904 60.115410  0.321249 -0.833687 -0.449182  0.900418 0.343730 1 0 1.000000
0  33.983036 -26.463932 59.891628  0.154885 -0.288015 -0.945018  0.892605 0.350566 1 0 1.000000
driverswat
0  33.996799 -26.771904 60.115410  0.321249 -0.833687 -0.449182  0.900418 0.343730 1 0 1.000000
0  34.368423 -26.583136 60.172016  0.601298 -0.667117 -0.439768  0.895535 0.339824 1 0 1.000000
0  33.886688 -26.857668 60.495144  0.105272 -0.893626 0.436291  0.906278 0.337870 1 0 1.000000
driverswat
0  33.886688 -26.857668 60.495144  0.105272 -0.893626 0.436291  0.906278 0.337870 1 0 1.000000
0  32.895691 -26.838774 59.916718  -0.201250 -0.860737 -0.467578  0.919950 0.355449 1 0 1.000000
0  33.996799 -26.771904 60.115410  0.321249 -0.833687 -0.449182  0.900418 0.343730 1 0 1.000000
driverswat
0  32.702995 -26.822989 60.235577  -0.462079 -0.828667 0.315902  0.925810 0.349590 1 0 1.000000
0  32.895691 -26.838774 59.916718  -0.201250 -0.860737 -0.467578  0.919950 0.355449 1 0 1.000000
0  33.886688 -26.857668 60.495144  0.105272 -0.893626 0.436291  0.906278 0.337870 1 0 1.000000
driverswat
0  32.083626 -26.199953 59.871426  -0.936711 -0.224399 -0.268734  0.942412 0.364238 1 0 1.000000
0  32.895691 -26.838774 59.916718  -0.201250 -0.860737 -0.467578  0.919950 0.355449 1 0 1.000000
0  32.702995 -26.822989 60.235577  -0.462079 -0.828667 0.315902  0.925810 0.349590 1 0 1.000000
driverswat
0  35.318130 -22.990395 59.452900  0.887761 0.080536 -0.453205  0.817408 0.309549 1 0 1.000000
0  35.345657 -21.835264 59.683861  0.867649 -0.107216 -0.485480  0.789087 0.292947 1 0 1.000000
0  35.400711 -21.860918 60.689800  0.976467 -0.135301 0.167947  0.809595 0.269509 1 0 1.000000
driverswat
0  35.345657 -21.835264 59.683861  0.867649 -0.107216 -0.485480  0.789087 0.292947 1 0 1.000000
0  34.795101 -21.861462 59.322742  0.084686 0.105157 -0.990843  0.774438 0.305643 1 0 1.000000
0  35.455769 -20.331968 59.362877  0.382454 -0.095099 -0.919068  0.774438 0.305643 1 0 1.000000
driverswat
0  35.455769 -20.331968 59.362877  0.382454 -0.095099 -0.919068  0.774438 0.305643 1 0 1.000000
0  35.937500 -20.272335 59.823341  0.914777 -0.323990 -0.241275  0.786157 0.282205 1 0 1.000000
0  35.345657 -21.835264 59.683861  0.867649 -0.107216 -0.485480  0.789087 0.292947 1 0 1.000000
driverswat
0  35.345657 -21.835264 59.683861  0.867649 -0.107216 -0.485480  0.789087 0.292947 1 0 1.000000
0  35.937500 -20.272335 59.823341  0.914777 -0.323990 -0.241275  0.786157 0.282205 1 0 1.000000
0  35.772335 -20.311710 60.828182  0.899101 -0.289003 0.328777  0.795923 0.256813 1 0 1.000000
driverswat
0  35.772335 -20.311710 60.828182  0.899101 -0.289003 0.328777  0.795923 0.256813 1 0 1.000000
0  35.400711 -21.860918 60.689800  0.976467 -0.135301 0.167947  0.809595 0.269509 1 0 1.000000
0  35.345657 -21.835264 59.683861  0.867649 -0.107216 -0.485480  0.789087 0.292947 1 0 1.000000
driverswat
0  35.400711 -21.860918 60.689800  0.976467 -0.135301 0.167947  0.809595 0.269509 1 0 1.000000
0  35.772335 -20.311710 60.828182  0.899101 -0.289003 0.328777  0.795923 0.256813 1 0 1.000000
0  35.386948 -20.208231 61.430256  0.678019 -0.164485 0.716404  0.796899 0.247047 1 0 1.000000
driverswat
0  35.386948 -20.208231 61.430256  0.678019 -0.164485 0.716404  0.796899 0.247047 1 0 1.000000
0  35.139198 -21.765160 61.387917  0.815816 -0.050542 0.576099  0.819361 0.249977 1 0 1.000000
0  35.400711 -21.860918 60.689800  0.976467 -0.135301 0.167947  0.809595 0.269509 1 0 1.000000
driverswat
0  35.139198 -21.765160 61.387917  0.815816 -0.050542 0.576099  0.819361 0.249977 1 0 1.000000
0  35.386948 -20.208231 61.430256  0.678019 -0.164485 0.716404  0.796899 0.247047 1 0 1.000000
0  34.891449 -20.200649 61.679417  0.103764 -0.007664 0.994572  0.796899 0.231422 1 0 1.000000
driverswat
0  33.239788 -26.080469 58.900646  0.025710 -0.144085 -0.989231  0.875027 0.383770 1 0 1.000000
0  33.074623 -26.289091 59.090992  -0.233771 -0.818890 -0.524186  0.880886 0.378887 1 0 1.000000
0  32.537830 -25.572844 58.941463  -0.203744 0.419964 -0.884375  0.891629 0.396466 1 0 1.000000
driverswat
0  32.537830 -25.572844 58.941463  -0.203744 0.419964 -0.884375  0.891629 0.396466 1 0 1.000000
0  33.074623 -26.289091 59.090992  -0.233771 -0.818890 -0.524186  0.880886 0.378887 1 0 1.000000
0  32.262554 -25.768848 59.146633  -0.927726 -0.264625 -0.263245  0.895535 0.389630 1 0 1.000000
driverswat
0  33.074623 -26.289091 59.090992  -0.233771 -0.818890 -0.524186  0.880886 0.378887 1 0 1.000000
0  32.950745 -26.299641 59.393929  -0.421365 -0.872011 0.249095  0.885769 0.374981 1 0 1.000000
0  32.262554 -25.768848 59.146633  -0.927726 -0.264625 -0.263245  0.895535 0.389630 1 0 1.000000
driverswat
0  32.262554 -25.768848 59.146633  -0.927726 -0.264625 -0.263245  0.895535 0.389630 1 0 1.000000
0  32.950745 -26.299641 59.393929  -0.421365 -0.872011 0.249095  0.885769 0.374981 1 0 1.000000
0  32.345139 -25.559887 59.467224  -0.621199 0.398507 0.674762  0.900418 0.386700 1 0 1.000000
driverswat
0  32.950745 -26.299641 59.393929  -0.421365 -0.872011 0.249095  0.885769 0.374981 1 0 1.000000
0  32.950745 -26.082952 59.618473  -0.298057 -0.153099 0.942190  0.891629 0.371075 1 0 1.000000
0  32.345139 -25.559887 59.467224  -0.621199 0.398507 0.674762  0.900418 0.386700 1 0 1.000000
driverswat
0  32.950745 -26.082952 59.618473  -0.298057 -0.153099 0.942190  0.891629 0.371075 1 0 1.000000
0  32.950745 -26.299641 59.393929  -0.421365 -0.872011 0.249095  0.885769 0.374981 1 0 1.000000
0  33.762814 -26.411121 59.578278  0.041668 -0.895290 0.443530  0.875027 0.361309 1 0 1.000000
driverswat
0  33.776577 -26.027596 59.788628  -0.186393 0.041727 0.981589  0.879910 0.354472 1 0 1.000000
0  32.950745 -26.082952 59.618473  -0.298057 -0.153099 0.942190  0.891629 0.371075 1 0 1.000000
0  33.762814 -26.411121 59.578278  0.041668 -0.895290 0.443530  0.875027 0.361309 1 0 1.000000
driverswat
0  34.272076 -26.198229 59.678249  0.432236 -0.680806 0.591334  0.871120 0.355449 1 0 1.000000
0  33.776577 -26.027596 59.788628  -0.186393 0.041727 0.981589  0.879910 0.354472 1 0 1.000000
0  33.762814 -26.411121 59.578278  0.041668 -0.895290 0.443530  0.875027 0.361309 1 0 1.000000
driverswat
0  33.776577 -26.027596 59.788628  -0.186393 0.041727 0.981589  0.879910 0.354472 1 0 1.000000
0  34.272076 -26.198229 59.678249  0.432236 -0.680806 0.591334  0.871120 0.355449 1 0 1.000000
0  34.712521 -25.485912 59.749336  0.846382 -0.526853 -0.077864  0.867214 0.338847 1 0 1.000000
driverswat
0  34.272076 -26.198229 59.678249  0.432236 -0.680806 0.591334  0.871120 0.355449 1 0 1.000000
0  34.932739 -25.528034 59.414547  0.870066 -0.483830 0.094306  0.857448 0.343730 1 0 1.000000
0  34.712521 -25.485912 59.749336  0.846382 -0.526853 -0.077864  0.867214 0.338847 1 0 1.000000
driverswat
0  34.932739 -25.528034 59.414547  0.870066 -0.483830 0.094306  0.857448 0.343730 1 0 1.000000
0  35.249310 -24.589108 59.586704  0.962365 -0.254535 -0.095215  0.847682 0.325175 1 0 1.000000
0  34.712521 -25.485912 59.749336  0.846382 -0.526853 -0.077864  0.867214 0.338847 1 0 1.000000
driverswat
0  35.208019 -24.650946 59.153675  0.884017 -0.151643 -0.442174  0.840846 0.333964 1 0 1.000000
0  35.249310 -24.589108 59.586704  0.962365 -0.254535 -0.095215  0.847682 0.325175 1 0 1.000000
0  34.932739 -25.528034 59.414547  0.870066 -0.483830 0.094306  0.857448 0.343730 1 0 1.000000
driverswat
0  35.318130 -22.990395 59.452900  0.887761 0.080536 -0.453205  0.817408 0.309549 1 0 1.000000
0  35.249310 -24.589108 59.586704  0.962365 -0.254535 -0.095215  0.847682 0.325175 1 0 1.000000
0  35.208019 -24.650946 59.153675  0.884017 -0.151643 -0.442174  0.840846 0.333964 1 0 1.000000
driverswat
0  35.318130 -22.990395 59.452900  0.887761 0.080536 -0.453205  0.817408 0.309549 1 0 1.000000
0  35.208019 -24.650946 59.153675  0.884017 -0.151643 -0.442174  0.840846 0.333964 1 0 1.000000
0  34.932739 -24.768284 58.895691  0.391063 -0.112288 -0.913489  0.837916 0.342753 1 0 1.000000
driverswat
0  34.657463 -23.084568 58.906799  0.112352 0.203858 -0.972532  0.816431 0.328104 1 0 1.000000
0  35.318130 -22.990395 59.452900  0.887761 0.080536 -0.453205  0.817408 0.309549 1 0 1.000000
0  34.932739 -24.768284 58.895691  0.391063 -0.112288 -0.913489  0.837916 0.342753 1 0 1.000000
driverswat
0  34.657463 -23.084568 58.906799  0.112352 0.203858 -0.972532  0.816431 0.328104 1 0 1.000000
0  34.781338 -22.323513 59.230358  0.167248 0.270988 -0.947942  0.788110 0.313456 1 0 1.000000
0  35.318130 -22.990395 59.452900  0.887761 0.080536 -0.453205  0.817408 0.309549 1 0 1.000000
driverswat
0  35.318130 -22.990395 59.452900  0.887761 0.080536 -0.453205  0.817408 0.309549 1 0 1.000000
0  34.781338 -22.323513 59.230358  0.167248 0.270988 -0.947942  0.788110 0.313456 1 0 1.000000
0  35.345657 -21.835264 59.683861  0.867649 -0.107216 -0.485480  0.789087 0.292947 1 0 1.000000
driverswat
0  34.795101 -21.861462 59.322742  0.084686 0.105157 -0.990843  0.774438 0.305643 1 0 1.000000
0  35.345657 -21.835264 59.683861  0.867649 -0.107216 -0.485480  0.789087 0.292947 1 0 1.000000
0  34.781338 -22.323513 59.230358  0.167248 0.270988 -0.947942  0.788110 0.313456 1 0 1.000000
driverswat
0  33.239788 -26.080469 58.900646  0.025710 -0.144085 -0.989231  0.875027 0.383770 1 0 1.000000
0  33.983036 -25.963612 58.992893  0.049214 -0.215519 -0.975259  0.859401 0.369121 1 0 1.000000
0  33.074623 -26.289091 59.090992  -0.233771 -0.818890 -0.524186  0.880886 0.378887 1 0 1.000000
driverswat
0  33.983036 -25.963612 58.992893  0.049214 -0.215519 -0.975259  0.859401 0.369121 1 0 1.000000
0  33.831635 -26.367617 59.208958  0.177585 -0.860569 -0.477373  0.870144 0.366192 1 0 1.000000
0  33.074623 -26.289091 59.090992  -0.233771 -0.818890 -0.524186  0.880886 0.378887 1 0 1.000000
driverswat
0  33.831635 -26.367617 59.208958  0.177585 -0.860569 -0.477373  0.870144 0.366192 1 0 1.000000
0  32.950745 -26.299641 59.393929  -0.421365 -0.872011 0.249095  0.885769 0.374981 1 0 1.000000
0  33.074623 -26.289091 59.090992  -0.233771 -0.818890 -0.524186  0.880886 0.378887 1 0 1.000000
driverswat
0  33.762814 -26.411121 59.578278  0.041668 -0.895290 0.443530  0.875027 0.361309 1 0 1.000000
0  32.950745 -26.299641 59.393929  -0.421365 -0.872011 0.249095  0.885769 0.374981 1 0 1.000000
0  33.831635 -26.367617 59.208958  0.177585 -0.860569 -0.477373  0.870144 0.366192 1 0 1.000000
driverswat
0  33.831635 -26.367617 59.208958  0.177585 -0.860569 -0.477373  0.870144 0.366192 1 0 1.000000
0  34.272076 -26.198229 59.678249  0.432236 -0.680806 0.591334  0.871120 0.355449 1 0 1.000000
0  33.762814 -26.411121 59.578278  0.041668 -0.895290 0.443530  0.875027 0.361309 1 0 1.000000
driverswat
0  34.299606 -26.208496 59.290791  0.501887 -0.801323 -0.325563  0.865261 0.359355 1 0 1.000000
0  34.272076 -26.198229 59.678249  0.432236 -0.680806 0.591334  0.871120 0.355449 1 0 1.000000
0  33.831635 -26.367617 59.208958  0.177585 -0.860569 -0.477373  0.870144 0.366192 1 0 1.000000
driverswat
0  34.299606 -26.208496 59.290791  0.501887 -0.801323 -0.325563  0.865261 0.359355 1 0 1.000000
0  34.932739 -25.528034 59.414547  0.870066 -0.483830 0.094306  0.857448 0.343730 1 0 1.000000
0  34.272076 -26.198229 59.678249  0.432236 -0.680806 0.591334  0.871120 0.355449 1 0 1.000000
driverswat
0  34.781338 -25.515760 58.918438  0.519378 -0.327118 -0.789456  0.847682 0.352519 1 0 1.000000
0  34.932739 -25.528034 59.414547  0.870066 -0.483830 0.094306  0.857448 0.343730 1 0 1.000000
0  34.299606 -26.208496 59.290791  0.501887 -0.801323 -0.325563  0.865261 0.359355 1 0 1.000000
driverswat
0  34.781338 -25.515760 58.918438  0.519378 -0.327118 -0.789456  0.847682 0.352519 1 0 1.000000
0  34.932739 -24.768284 58.895691  0.391063 -0.112288 -0.913489  0.837916 0.342753 1 0 1.000000
0  34.932739 -25.528034 59.414547  0.870066 -0.483830 0.094306  0.857448 0.343730 1 0 1.000000
driverswat
0  34.932739 -24.768284 58.895691  0.391063 -0.112288 -0.913489  0.837916 0.342753 1 0 1.000000
0  35.208019 -24.650946 59.153675  0.884017 -0.151643 -0.442174  0.840846 0.333964 1 0 1.000000
0  34.932739 -25.528034 59.414547  0.870066 -0.483830 0.094306  0.857448 0.343730 1 0 1.000000
driverswat
0  33.831635 -26.367617 59.208958  0.177585 -0.860569 -0.477373  0.870144 0.366192 1 0 1.000000
0  33.983036 -25.963612 58.992893  0.049214 -0.215519 -0.975259  0.859401 0.369121 1 0 1.000000
0  34.299606 -26.208496 59.290791  0.501887 -0.801323 -0.325563  0.865261 0.359355 1 0 1.000000
driverswat
0  33.983036 -25.963612 58.992893  0.049214 -0.215519 -0.975259  0.859401 0.369121 1 0 1.000000
0  34.781338 -25.515760 58.918438  0.519378 -0.327118 -0.789456  0.847682 0.352519 1 0 1.000000
0  34.299606 -26.208496 59.290791  0.501887 -0.801323 -0.325563  0.865261 0.359355 1 0 1.000000
driverswat
0  17.067265 -24.768284 58.895691  -0.391061 -0.112308 -0.913487  0.837916 0.342753 1 0 1.000000
0  17.067265 -25.528034 59.414547  -0.870060 -0.483850 0.094255  0.857448 0.343730 1 0 1.000000
0  16.791986 -24.650946 59.153675  -0.884045 -0.151627 -0.442124  0.840846 0.333964 1 0 1.000000
driverswat
0  17.218666 -25.515760 58.918438  -0.519376 -0.327180 -0.789431  0.847682 0.352519 1 0 1.000000
0  17.067265 -25.528034 59.414547  -0.870060 -0.483850 0.094255  0.857448 0.343730 1 0 1.000000
0  17.067265 -24.768284 58.895691  -0.391061 -0.112308 -0.913487  0.837916 0.342753 1 0 1.000000
driverswat
0  17.218666 -25.515760 58.918438  -0.519376 -0.327180 -0.789431  0.847682 0.352519 1 0 1.000000
0  17.700401 -26.208496 59.290791  -0.501889 -0.801323 -0.325560  0.865261 0.359355 1 0 1.000000
0  17.067265 -25.528034 59.414547  -0.870060 -0.483850 0.094255  0.857448 0.343730 1 0 1.000000
driverswat
0  18.016972 -25.963612 58.992893  -0.049178 -0.215474 -0.975270  0.859401 0.369121 1 0 1.000000
0  17.700401 -26.208496 59.290791  -0.501889 -0.801323 -0.325560  0.865261 0.359355 1 0 1.000000
0  17.218666 -25.515760 58.918438  -0.519376 -0.327180 -0.789431  0.847682 0.352519 1 0 1.000000
driverswat
0  16.791986 -24.650946 59.153675  -0.884045 -0.151627 -0.442124  0.840846 0.333964 1 0 1.000000
0  17.067265 -25.528034 59.414547  -0.870060 -0.483850 0.094255  0.857448 0.343730 1 0 1.000000
0  16.750698 -24.589108 59.586704  -0.962360 -0.254552 -0.095216  0.847682 0.325175 1 0 1.000000
driverswat
0  16.681877 -22.990395 59.452900  -0.887776 0.080578 -0.453168  0.817408 0.309549 1 0 1.000000
0  16.791986 -24.650946 59.153675  -0.884045 -0.151627 -0.442124  0.840846 0.333964 1 0 1.000000
0  16.750698 -24.589108 59.586704  -0.962360 -0.254552 -0.095216  0.847682 0.325175 1 0 1.000000
driverswat
0  16.681877 -22.990395 59.452900  -0.887776 0.080578 -0.453168  0.817408 0.309549 1 0 1.000000
0  17.067265 -24.768284 58.895691  -0.391061 -0.112308 -0.913487  0.837916 0.342753 1 0 1.000000
0  16.791986 -24.650946 59.153675  -0.884045 -0.151627 -0.442124  0.840846 0.333964 1 0 1.000000
driverswat
0  17.342541 -23.084568 58.906799  -0.112408 0.203858 -0.972526  0.816431 0.328104 1 0 1.000000
0  17.067265 -24.768284 58.895691  -0.391061 -0.112308 -0.913487  0.837916 0.342753 1 0 1.000000
0  16.681877 -22.990395 59.452900  -0.887776 0.080578 -0.453168  0.817408 0.309549 1 0 1.000000
driverswat
0  17.342541 -23.084568 58.906799  -0.112408 0.203858 -0.972526  0.816431 0.328104 1 0 1.000000
0  16.681877 -22.990395 59.452900  -0.887776 0.080578 -0.453168  0.817408 0.309549 1 0 1.000000
0  17.218666 -22.323513 59.230358  -0.167314 0.270983 -0.947932  0.788110 0.313456 1 0 1.000000
driverswat
0  16.681877 -22.990395 59.452900  -0.887776 0.080578 -0.453168  0.817408 0.309549 1 0 1.000000
0  16.654348 -21.835264 59.683861  -0.867643 -0.107234 -0.485485  0.789087 0.292947 1 0 1.000000
0  17.218666 -22.323513 59.230358  -0.167314 0.270983 -0.947932  0.788110 0.313456 1 0 1.000000
driverswat
0  17.204903 -21.861462 59.322742  -0.084753 0.105165 -0.990837  0.774438 0.305643 1 0 1.000000
0  17.218666 -22.323513 59.230358  -0.167314 0.270983 -0.947932  0.788110 0.313456 1 0 1.000000
0  16.654348 -21.835264 59.683861  -0.867643 -0.107234 -0.485485  0.789087 0.292947 1 0 1.000000
driverswat
0  16.654348 -21.835264 59.683861  -0.867643 -0.107234 -0.485485  0.789087 0.292947 1 0 1.000000
0  16.544239 -20.331968 59.362877  -0.382397 -0.095040 -0.919097  0.774438 0.305643 1 0 1.000000
0  17.204903 -21.861462 59.322742  -0.084753 0.105165 -0.990837  0.774438 0.305643 1 0 1.000000
driverswat
0  16.544239 -20.331968 59.362877  -0.382397 -0.095040 -0.919097  0.774438 0.305643 1 0 1.000000
0  16.654348 -21.835264 59.683861  -0.867643 -0.107234 -0.485485  0.789087 0.292947 1 0 1.000000
0  16.062504 -20.272335 59.823341  -0.914738 -0.324024 -0.241377  0.786157 0.282205 1 0 1.000000
driverswat
0  16.654348 -21.835264 59.683861  -0.867643 -0.107234 -0.485485  0.789087 0.292947 1 0 1.000000
0  16.227671 -20.311710 60.828182  -0.899129 -0.288857 0.328829  0.795923 0.256813 1 0 1.000000
0  16.062504 -20.272335 59.823341  -0.914738 -0.324024 -0.241377  0.786157 0.282205 1 0 1.000000
driverswat
0  16.227671 -20.311710 60.828182  -0.899129 -0.288857 0.328829  0.795923 0.256813 1 0 1.000000
0  16.654348 -21.835264 59.683861  -0.867643 -0.107234 -0.485485  0.789087 0.292947 1 0 1.000000
0  16.599295 -21.860918 60.689800  -0.976471 -0.135368 0.167869  0.809595 0.269509 1 0 1.000000
driverswat
0  16.599295 -21.860918 60.689800  -0.976471 -0.135368 0.167869  0.809595 0.269509 1 0 1.000000
0  16.613058 -20.208231 61.430256  -0.678018 -0.164489 0.716404  0.796899 0.247047 1 0 1.000000
0  16.227671 -20.311710 60.828182  -0.899129 -0.288857 0.328829  0.795923 0.256813 1 0 1.000000
driverswat
0  16.681877 -22.990395 59.452900  -0.887776 0.080578 -0.453168  0.817408 0.309549 1 0 1.000000
0  16.599295 -21.860918 60.689800  -0.976471 -0.135368 0.167869  0.809595 0.269509 1 0 1.000000
0  16.654348 -21.835264 59.683861  -0.867643 -0.107234 -0.485485  0.789087 0.292947 1 0 1.000000
driverswat
0  19.049259 -26.299641 59.393929  0.421357 -0.872015 0.249095  0.885769 0.374981 1 0 1.000000
0  19.654869 -25.559887 59.467224  0.621140 0.398522 0.674807  0.900418 0.386700 1 0 1.000000
0  19.049259 -26.082952 59.618473  0.298045 -0.153106 0.942193  0.891629 0.371075 1 0 1.000000
driverswat
0  19.737453 -25.768848 59.146633  0.927729 -0.264623 -0.263237  0.895535 0.389630 1 0 1.000000
0  19.654869 -25.559887 59.467224  0.621140 0.398522 0.674807  0.900418 0.386700 1 0 1.000000
0  19.049259 -26.299641 59.393929  0.421357 -0.872015 0.249095  0.885769 0.374981 1 0 1.000000
driverswat
0  18.925385 -26.289091 59.090992  0.233793 -0.818880 -0.524192  0.880886 0.378887 1 0 1.000000
0  19.737453 -25.768848 59.146633  0.927729 -0.264623 -0.263237  0.895535 0.389630 1 0 1.000000
0  19.049259 -26.299641 59.393929  0.421357 -0.872015 0.249095  0.885769 0.374981 1 0 1.000000
driverswat
0  19.462175 -25.572844 58.941463  0.203674 0.419941 -0.884402  0.891629 0.396466 1 0 1.000000
0  19.737453 -25.768848 59.146633  0.927729 -0.264623 -0.263237  0.895535 0.389630 1 0 1.000000
0  18.925385 -26.289091 59.090992  0.233793 -0.818880 -0.524192  0.880886 0.378887 1 0 1.000000
driverswat
0  18.760220 -26.080469 58.900646  -0.025732 -0.144075 -0.989232  0.875027 0.383770 1 0 1.000000
0  19.462175 -25.572844 58.941463  0.203674 0.419941 -0.884402  0.891629 0.396466 1 0 1.000000
0  18.925385 -26.289091 59.090992  0.233793 -0.818880 -0.524192  0.880886 0.378887 1 0 1.000000
driverswat
0  18.760220 -26.080469 58.900646  -0.025732 -0.144075 -0.989232  0.875027 0.383770 1 0 1.000000
0  18.925385 -26.289091 59.090992  0.233793 -0.818880 -0.524192  0.880886 0.378887 1 0 1.000000
0  18.016972 -25.963612 58.992893  -0.049178 -0.215474 -0.975270  0.859401 0.369121 1 0 1.000000
driverswat
0  18.016972 -25.963612 58.992893  -0.049178 -0.215474 -0.975270  0.859401 0.369121 1 0 1.000000
0  18.925385 -26.289091 59.090992  0.233793 -0.818880 -0.524192  0.880886 0.378887 1 0 1.000000
0  18.168373 -26.367617 59.208958  -0.177551 -0.860549 -0.477421  0.870144 0.366192 1 0 1.000000
driverswat
0  18.168373 -26.367617 59.208958  -0.177551 -0.860549 -0.477421  0.870144 0.366192 1 0 1.000000
0  17.700401 -26.208496 59.290791  -0.501889 -0.801323 -0.325560  0.865261 0.359355 1 0 1.000000
0  18.016972 -25.963612 58.992893  -0.049178 -0.215474 -0.975270  0.859401 0.369121 1 0 1.000000
driverswat
0  17.700401 -26.208496 59.290791  -0.501889 -0.801323 -0.325560  0.865261 0.359355 1 0 1.000000
0  18.168373 -26.367617 59.208958  -0.177551 -0.860549 -0.477421  0.870144 0.366192 1 0 1.000000
0  17.727930 -26.198229 59.678249  -0.432202 -0.680786 0.591382  0.871120 0.355449 1 0 1.000000
driverswat
0  17.700401 -26.208496 59.290791  -0.501889 -0.801323 -0.325560  0.865261 0.359355 1 0 1.000000
0  17.727930 -26.198229 59.678249  -0.432202 -0.680786 0.591382  0.871120 0.355449 1 0 1.000000
0  17.067265 -25.528034 59.414547  -0.870060 -0.483850 0.094255  0.857448 0.343730 1 0 1.000000
driverswat
0  17.727930 -26.198229 59.678249  -0.432202 -0.680786 0.591382  0.871120 0.355449 1 0 1.000000
0  17.287487 -25.485912 59.749336  -0.846400 -0.526839 -0.077767  0.867214 0.338847 1 0 1.000000
0  17.067265 -25.528034 59.414547  -0.870060 -0.483850 0.094255  0.857448 0.343730 1 0 1.000000
driverswat
0  17.067265 -25.528034 59.414547  -0.870060 -0.483850 0.094255  0.857448 0.343730 1 0 1.000000
0  17.287487 -25.485912 59.749336  -0.846400 -0.526839 -0.077767  0.867214 0.338847 1 0 1.000000
0  16.750698 -24.589108 59.586704  -0.962360 -0.254552 -0.095216  0.847682 0.325175 1 0 1.000000
driverswat
0  17.287487 -25.485912 59.749336  -0.846400 -0.526839 -0.077767  0.867214 0.338847 1 0 1.000000
0  16.599295 -24.499346 60.187675  -0.980939 -0.192833 0.023952  0.855495 0.310526 1 0 1.000000
0  16.750698 -24.589108 59.586704  -0.962360 -0.254552 -0.095216  0.847682 0.325175 1 0 1.000000
driverswat
0  16.681877 -22.990395 59.452900  -0.887776 0.080578 -0.453168  0.817408 0.309549 1 0 1.000000
0  16.750698 -24.589108 59.586704  -0.962360 -0.254552 -0.095216  0.847682 0.325175 1 0 1.000000
0  16.599295 -24.499346 60.187675  -0.980939 -0.192833 0.023952  0.855495 0.310526 1 0 1.000000
driverswat
0  16.681877 -22.990395 59.452900  -0.887776 0.080578 -0.453168  0.817408 0.309549 1 0 1.000000
0  16.599295 -24.499346 60.187675  -0.980939 -0.192833 0.023952  0.855495 0.310526 1 0 1.000000
0  16.723169 -22.978342 60.848499  -0.966853 -0.035379 0.252872  0.834986 0.278298 1 0 1.000000
driverswat
0  16.723169 -22.978342 60.848499  -0.966853 -0.035379 0.252872  0.834986 0.278298 1 0 1.000000
0  16.599295 -21.860918 60.689800  -0.976471 -0.135368 0.167869  0.809595 0.269509 1 0 1.000000
0  16.681877 -22.990395 59.452900  -0.887776 0.080578 -0.453168  0.817408 0.309549 1 0 1.000000
driverswat
0  16.860807 -21.765160 61.387917  -0.815832 -0.050581 0.576072  0.819361 0.249977 1 0 1.000000
0  16.599295 -21.860918 60.689800  -0.976471 -0.135368 0.167869  0.809595 0.269509 1 0 1.000000
0  16.723169 -22.978342 60.848499  -0.966853 -0.035379 0.252872  0.834986 0.278298 1 0 1.000000
driverswat
0  16.613058 -20.208231 61.430256  -0.678018 -0.164489 0.716404  0.796899 0.247047 1 0 1.000000
0  16.599295 -21.860918 60.689800  -0.976471 -0.135368 0.167869  0.809595 0.269509 1 0 1.000000
0  16.860807 -21.765160 61.387917  -0.815832 -0.050581 0.576072  0.819361 0.249977 1 0 1.000000
driverswat
0  18.168373 -26.367617 59.208958  -0.177551 -0.860549 -0.477421  0.870144 0.366192 1 0 1.000000
0  18.237194 -26.411121 59.578278  -0.041660 -0.895319 0.443473  0.875027 0.361309 1 0 1.000000
0  17.727930 -26.198229 59.678249  -0.432202 -0.680786 0.591382  0.871120 0.355449 1 0 1.000000
driverswat
0  18.168373 -26.367617 59.208958  -0.177551 -0.860549 -0.477421  0.870144 0.366192 1 0 1.000000
0  18.925385 -26.289091 59.090992  0.233793 -0.818880 -0.524192  0.880886 0.378887 1 0 1.000000
0  19.049259 -26.299641 59.393929  0.421357 -0.872015 0.249095  0.885769 0.374981 1 0 1.000000
driverswat
0  18.237194 -26.411121 59.578278  -0.041660 -0.895319 0.443473  0.875027 0.361309 1 0 1.000000
0  18.168373 -26.367617 59.208958  -0.177551 -0.860549 -0.477421  0.870144 0.366192 1 0 1.000000
0  19.049259 -26.299641 59.393929  0.421357 -0.872015 0.249095  0.885769 0.374981 1 0 1.000000
driverswat
0  19.049259 -26.082952 59.618473  0.298045 -0.153106 0.942193  0.891629 0.371075 1 0 1.000000
0  18.237194 -26.411121 59.578278  -0.041660 -0.895319 0.443473  0.875027 0.361309 1 0 1.000000
0  19.049259 -26.299641 59.393929  0.421357 -0.872015 0.249095  0.885769 0.374981 1 0 1.000000
driverswat
0  18.223427 -26.027596 59.788628  0.186387 0.041784 0.981587  0.879910 0.354472 1 0 1.000000
0  18.237194 -26.411121 59.578278  -0.041660 -0.895319 0.443473  0.875027 0.361309 1 0 1.000000
0  19.049259 -26.082952 59.618473  0.298045 -0.153106 0.942193  0.891629 0.371075 1 0 1.000000
driverswat
0  17.727930 -26.198229 59.678249  -0.432202 -0.680786 0.591382  0.871120 0.355449 1 0 1.000000
0  18.237194 -26.411121 59.578278  -0.041660 -0.895319 0.443473  0.875027 0.361309 1 0 1.000000
0  18.223427 -26.027596 59.788628  0.186387 0.041784 0.981587  0.879910 0.354472 1 0 1.000000
driverswat
0  18.223427 -26.027596 59.788628  0.186387 0.041784 0.981587  0.879910 0.354472 1 0 1.000000
0  17.287487 -25.485912 59.749336  -0.846400 -0.526839 -0.077767  0.867214 0.338847 1 0 1.000000
0  17.727930 -26.198229 59.678249  -0.432202 -0.680786 0.591382  0.871120 0.355449 1 0 1.000000
driverswat
0  17.315014 -21.724142 61.736420  -0.264761 0.239140 0.934191  0.826197 0.231422 1 0 1.000000
0  18.622581 -22.921335 62.371994  0.165116 0.446789 0.879270  0.868191 0.214820 1 0 1.000000
0  18.113316 -21.642309 61.577305  0.533763 0.525699 0.662373  0.830103 0.203101 1 0 1.000000
driverswat
0  17.411362 -22.809855 62.187645  -0.538238 0.167306 0.826020  0.851588 0.242164 1 0 1.000000
0  18.622581 -22.921335 62.371994  0.165116 0.446789 0.879270  0.868191 0.214820 1 0 1.000000
0  17.315014 -21.724142 61.736420  -0.264761 0.239140 0.934191  0.826197 0.231422 1 0 1.000000
driverswat
0  17.315014 -21.724142 61.736420  -0.264761 0.239140 0.934191  0.826197 0.231422 1 0 1.000000
0  16.860807 -21.765160 61.387917  -0.815832 -0.050581 0.576072  0.819361 0.249977 1 0 1.000000
0  17.411362 -22.809855 62.187645  -0.538238 0.167306 0.826020  0.851588 0.242164 1 0 1.000000
driverswat
0  17.411362 -22.809855 62.187645  -0.538238 0.167306 0.826020  0.851588 0.242164 1 0 1.000000
0  16.860807 -21.765160 61.387917  -0.815832 -0.050581 0.576072  0.819361 0.249977 1 0 1.000000
0  16.723169 -22.978342 60.848499  -0.966853 -0.035379 0.252872  0.834986 0.278298 1 0 1.000000
driverswat
0  17.191139 -25.572441 60.653717  -0.939019 -0.343624 0.012866  0.888699 0.313456 1 0 1.000000
0  16.847044 -25.602850 61.203609  -0.973623 -0.205439 0.099259  0.896512 0.298807 1 0 1.000000
0  16.847042 -24.666468 60.892269  -0.973143 -0.125803 0.192785  0.871120 0.296854 1 0 1.000000
driverswat
0  17.191139 -25.572441 60.653717  -0.939019 -0.343624 0.012866  0.888699 0.313456 1 0 1.000000
0  16.847042 -24.666468 60.892269  -0.973143 -0.125803 0.192785  0.871120 0.296854 1 0 1.000000
0  16.599295 -24.499346 60.187675  -0.980939 -0.192833 0.023952  0.855495 0.310526 1 0 1.000000
driverswat
0  16.723169 -22.978342 60.848499  -0.966853 -0.035379 0.252872  0.834986 0.278298 1 0 1.000000
0  16.599295 -24.499346 60.187675  -0.980939 -0.192833 0.023952  0.855495 0.310526 1 0 1.000000
0  16.847042 -24.666468 60.892269  -0.973143 -0.125803 0.192785  0.871120 0.296854 1 0 1.000000
driverswat
0  16.723169 -22.978342 60.848499  -0.966853 -0.035379 0.252872  0.834986 0.278298 1 0 1.000000
0  16.847042 -24.666468 60.892269  -0.973143 -0.125803 0.192785  0.871120 0.296854 1 0 1.000000
0  17.122320 -24.257990 61.822651  -0.842002 0.017722 0.539183  0.876003 0.270486 1 0 1.000000
driverswat
0  17.122320 -24.257990 61.822651  -0.842002 0.017722 0.539183  0.876003 0.270486 1 0 1.000000
0  17.411362 -22.809855 62.187645  -0.538238 0.167306 0.826020  0.851588 0.242164 1 0 1.000000
0  16.723169 -22.978342 60.848499  -0.966853 -0.035379 0.252872  0.834986 0.278298 1 0 1.000000
driverswat
0  17.411362 -22.809855 62.187645  -0.538238 0.167306 0.826020  0.851588 0.242164 1 0 1.000000
0  17.122320 -24.257990 61.822651  -0.842002 0.017722 0.539183  0.876003 0.270486 1 0 1.000000
0  18.237194 -24.020144 62.642658  -0.146650 -0.020930 0.988967  0.885769 0.243141 1 0 1.000000
driverswat
0  18.237194 -24.020144 62.642658  -0.146650 -0.020930 0.988967  0.885769 0.243141 1 0 1.000000
0  18.622581 -22.921335 62.371994  0.165116 0.446789 0.879270  0.868191 0.214820 1 0 1.000000
0  17.411362 -22.809855 62.187645  -0.538238 0.167306 0.826020  0.851588 0.242164 1 0 1.000000
driverswat
0  18.237194 -24.020144 62.642658  -0.146650 -0.020930 0.988967  0.885769 0.243141 1 0 1.000000
0  19.778744 -23.847786 62.559853  0.392745 0.457576 0.797731  0.897488 0.201147 1 0 1.000000
0  18.622581 -22.921335 62.371994  0.165116 0.446789 0.879270  0.868191 0.214820 1 0 1.000000
driverswat
0  18.237194 -24.020144 62.642658  -0.146650 -0.020930 0.988967  0.885769 0.243141 1 0 1.000000
0  19.448410 -24.443245 62.581017  -0.253721 -0.334399 0.907636  0.907254 0.216773 1 0 1.000000
0  19.778744 -23.847786 62.559853  0.392745 0.457576 0.797731  0.897488 0.201147 1 0 1.000000
driverswat
0  16.847042 -24.666468 60.892269  -0.973143 -0.125803 0.192785  0.871120 0.296854 1 0 1.000000
0  16.847044 -25.602850 61.203609  -0.973623 -0.205439 0.099259  0.896512 0.298807 1 0 1.000000
0  17.122320 -24.257990 61.822651  -0.842002 0.017722 0.539183  0.876003 0.270486 1 0 1.000000
driverswat
0  17.865570 -25.813877 60.565266  0.982820 0.136056 0.124713  0.890652 0.314432 1 0 1.000000
0  17.727932 -26.757357 60.793182  -0.200152 -0.324787 -0.924366  0.922880 0.321268 1 0 1.000000
0  17.191139 -25.572441 60.653717  -0.939019 -0.343624 0.012866  0.888699 0.313456 1 0 1.000000
driverswat
0  17.727932 -26.757357 60.793182  -0.200152 -0.324787 -0.924366  0.922880 0.321268 1 0 1.000000
0  17.356308 -26.924341 61.152584  -0.713697 -0.673197 -0.193502  0.924833 0.310526 1 0 1.000000
0  17.191139 -25.572441 60.653717  -0.939019 -0.343624 0.012866  0.888699 0.313456 1 0 1.000000
driverswat
0  17.383835 -25.479031 61.724468  -0.904304 -0.265622 0.334184  0.908231 0.282205 1 0 1.000000
0  17.122320 -24.257990 61.822651  -0.842002 0.017722 0.539183  0.876003 0.270486 1 0 1.000000
0  16.847044 -25.602850 61.203609  -0.973623 -0.205439 0.099259  0.896512 0.298807 1 0 1.000000
driverswat
0  17.425125 -26.781286 61.605949  -0.550270 -0.452284 0.701885  0.928739 0.301736 1 0 1.000000
0  17.383835 -25.479031 61.724468  -0.904304 -0.265622 0.334184  0.908231 0.282205 1 0 1.000000
0  16.847044 -25.602850 61.203609  -0.973623 -0.205439 0.099259  0.896512 0.298807 1 0 1.000000
driverswat
0  17.879333 -26.566187 61.678478  0.243954 0.063221 0.967724  0.936552 0.292947 1 0 1.000000
0  17.383835 -25.479031 61.724468  -0.904304 -0.265622 0.334184  0.908231 0.282205 1 0 1.000000
0  17.425125 -26.781286 61.605949  -0.550270 -0.452284 0.701885  0.928739 0.301736 1 0 1.000000
driverswat
0  17.425125 -26.781286 61.605949  -0.550270 -0.452284 0.701885  0.928739 0.301736 1 0 1.000000
0  17.851807 -27.055681 61.583885  -0.132734 -0.713809 0.687647  0.934599 0.303690 1 0 1.000000
0  17.879333 -26.566187 61.678478  0.243954 0.063221 0.967724  0.936552 0.292947 1 0 1.000000
driverswat
0  17.879333 -26.566187 61.678478  0.243954 0.063221 0.967724  0.936552 0.292947 1 0 1.000000
0  17.851807 -27.055681 61.583885  -0.132734 -0.713809 0.687647  0.934599 0.303690 1 0 1.000000
0  18.952913 -26.725788 61.430904  0.336468 0.053445 0.940177  0.959014 0.303690 1 0 1.000000
driverswat
0  18.952913 -26.725788 61.430904  0.336468 0.053445 0.940177  0.959014 0.303690 1 0 1.000000
0  17.851807 -27.055681 61.583885  -0.132734 -0.713809 0.687647  0.934599 0.303690 1 0 1.000000
0  18.966677 -27.056643 61.252407  0.468014 -0.751544 0.464913  0.953154 0.311502 1 0 1.000000
driverswat
0  18.966677 -27.056643 61.252407  0.468014 -0.751544 0.464913  0.953154 0.311502 1 0 1.000000
0  19.682396 -25.870621 61.099224  0.454232 0.603610 0.655231  0.980499 0.319315 1 0 1.000000
0  18.952913 -26.725788 61.430904  0.336468 0.053445 0.940177  0.959014 0.303690 1 0 1.000000
driverswat
0  19.861328 -26.173414 60.743481  0.977485 -0.188904 -0.094015  0.974639 0.326151 1 0 1.000000
0  19.682396 -25.870621 61.099224  0.454232 0.603610 0.655231  0.980499 0.319315 1 0 1.000000
0  18.966677 -27.056643 61.252407  0.468014 -0.751544 0.464913  0.953154 0.311502 1 0 1.000000
driverswat
0  19.861328 -26.173414 60.743481  0.977485 -0.188904 -0.094015  0.974639 0.326151 1 0 1.000000
0  19.599813 -25.798574 60.718391  0.133343 0.976123 -0.171476  0.981475 0.329081 1 0 1.000000
0  19.682396 -25.870621 61.099224  0.454232 0.603610 0.655231  0.980499 0.319315 1 0 1.000000
driverswat
0  19.613579 -25.976788 60.358849  0.254510 0.349163 -0.901837  0.972686 0.335917 1 0 1.000000
0  19.599813 -25.798574 60.718391  0.133343 0.976123 -0.171476  0.981475 0.329081 1 0 1.000000
0  19.861328 -26.173414 60.743481  0.977485 -0.188904 -0.094015  0.974639 0.326151 1 0 1.000000
driverswat
0  19.613579 -25.976788 60.358849  0.254510 0.349163 -0.901837  0.972686 0.335917 1 0 1.000000
0  19.861328 -26.173414 60.743481  0.977485 -0.188904 -0.094015  0.974639 0.326151 1 0 1.000000
0  18.911621 -27.120687 60.846817  0.305501 -0.887352 -0.345364  0.949248 0.320292 1 0 1.000000
driverswat
0  18.760220 -26.893932 60.602695  -0.127219 -0.292721 -0.947697  0.945341 0.329081 1 0 1.000000
0  19.613579 -25.976788 60.358849  0.254510 0.349163 -0.901837  0.972686 0.335917 1 0 1.000000
0  18.911621 -27.120687 60.846817  0.305501 -0.887352 -0.345364  0.949248 0.320292 1 0 1.000000
driverswat
0  18.760220 -26.893932 60.602695  -0.127219 -0.292721 -0.947697  0.945341 0.329081 1 0 1.000000
0  18.911621 -27.120687 60.846817  0.305501 -0.887352 -0.345364  0.949248 0.320292 1 0 1.000000
0  17.727932 -26.757357 60.793182  -0.200152 -0.324787 -0.924366  0.922880 0.321268 1 0 1.000000
driverswat
0  17.727932 -26.757357 60.793182  -0.200152 -0.324787 -0.924366  0.922880 0.321268 1 0 1.000000
0  18.911621 -27.120687 60.846817  0.305501 -0.887352 -0.345364  0.949248 0.320292 1 0 1.000000
0  17.865570 -27.181704 61.090466  -0.232100 -0.939384 -0.252363  0.931669 0.312479 1 0 1.000000
driverswat
0  17.356308 -26.924341 61.152584  -0.713697 -0.673197 -0.193502  0.924833 0.310526 1 0 1.000000
0  17.727932 -26.757357 60.793182  -0.200152 -0.324787 -0.924366  0.922880 0.321268 1 0 1.000000
0  17.865570 -27.181704 61.090466  -0.232100 -0.939384 -0.252363  0.931669 0.312479 1 0 1.000000
driverswat
0  17.356308 -26.924341 61.152584  -0.713697 -0.673197 -0.193502  0.924833 0.310526 1 0 1.000000
0  17.865570 -27.181704 61.090466  -0.232100 -0.939384 -0.252363  0.931669 0.312479 1 0 1.000000
0  17.425125 -26.781286 61.605949  -0.550270 -0.452284 0.701885  0.928739 0.301736 1 0 1.000000
driverswat
0  17.425125 -26.781286 61.605949  -0.550270 -0.452284 0.701885  0.928739 0.301736 1 0 1.000000
0  16.847044 -25.602850 61.203609  -0.973623 -0.205439 0.099259  0.896512 0.298807 1 0 1.000000
0  17.356308 -26.924341 61.152584  -0.713697 -0.673197 -0.193502  0.924833 0.310526 1 0 1.000000
driverswat
0  17.191139 -25.572441 60.653717  -0.939019 -0.343624 0.012866  0.888699 0.313456 1 0 1.000000
0  17.356308 -26.924341 61.152584  -0.713697 -0.673197 -0.193502  0.924833 0.310526 1 0 1.000000
0  16.847044 -25.602850 61.203609  -0.973623 -0.205439 0.099259  0.896512 0.298807 1 0 1.000000
driverswat
0  17.851807 -27.055681 61.583885  -0.132734 -0.713809 0.687647  0.934599 0.303690 1 0 1.000000
0  17.425125 -26.781286 61.605949  -0.550270 -0.452284 0.701885  0.928739 0.301736 1 0 1.000000
0  17.865570 -27.181704 61.090466  -0.232100 -0.939384 -0.252363  0.931669 0.312479 1 0 1.000000
driverswat
0  17.851807 -27.055681 61.583885  -0.132734 -0.713809 0.687647  0.934599 0.303690 1 0 1.000000
0  17.865570 -27.181704 61.090466  -0.232100 -0.939384 -0.252363  0.931669 0.312479 1 0 1.000000
0  18.966677 -27.056643 61.252407  0.468014 -0.751544 0.464913  0.953154 0.311502 1 0 1.000000
driverswat
0  17.865570 -27.181704 61.090466  -0.232100 -0.939384 -0.252363  0.931669 0.312479 1 0 1.000000
0  18.911621 -27.120687 60.846817  0.305501 -0.887352 -0.345364  0.949248 0.320292 1 0 1.000000
0  18.966677 -27.056643 61.252407  0.468014 -0.751544 0.464913  0.953154 0.311502 1 0 1.000000
driverswat
0  18.911621 -27.120687 60.846817  0.305501 -0.887352 -0.345364  0.949248 0.320292 1 0 1.000000
0  19.861328 -26.173414 60.743481  0.977485 -0.188904 -0.094015  0.974639 0.326151 1 0 1.000000
0  18.966677 -27.056643 61.252407  0.468014 -0.751544 0.464913  0.953154 0.311502 1 0 1.000000
driverswat
0  17.659111 -26.643673 60.581390  -0.533187 -0.669007 0.517823  0.901395 0.332987 1 0 1.000000
0  17.191139 -25.572441 60.653717  -0.939019 -0.343624 0.012866  0.888699 0.313456 1 0 1.000000
0  16.860807 -25.617252 60.180637  -0.912455 -0.390345 -0.122704  0.876003 0.324198 1 0 1.000000
driverswat
0  17.631584 -26.583136 60.172016  -0.601331 -0.667154 -0.439665  0.895535 0.339824 1 0 1.000000
0  17.659111 -26.643673 60.581390  -0.533187 -0.669007 0.517823  0.901395 0.332987 1 0 1.000000
0  16.860807 -25.617252 60.180637  -0.912455 -0.390345 -0.122704  0.876003 0.324198 1 0 1.000000
driverswat
0  16.860807 -25.617252 60.180637  -0.912455 -0.390345 -0.122704  0.876003 0.324198 1 0 1.000000
0  18.016972 -26.463932 59.891628  -0.154884 -0.288015 -0.945018  0.892605 0.350566 1 0 1.000000
0  17.631584 -26.583136 60.172016  -0.601331 -0.667154 -0.439665  0.895535 0.339824 1 0 1.000000
driverswat
0  17.287487 -25.485912 59.749336  -0.846400 -0.526839 -0.077767  0.867214 0.338847 1 0 1.000000
0  18.016972 -26.463932 59.891628  -0.154884 -0.288015 -0.945018  0.892605 0.350566 1 0 1.000000
0  16.860807 -25.617252 60.180637  -0.912455 -0.390345 -0.122704  0.876003 0.324198 1 0 1.000000
driverswat
0  16.599295 -24.499346 60.187675  -0.980939 -0.192833 0.023952  0.855495 0.310526 1 0 1.000000
0  17.287487 -25.485912 59.749336  -0.846400 -0.526839 -0.077767  0.867214 0.338847 1 0 1.000000
0  16.860807 -25.617252 60.180637  -0.912455 -0.390345 -0.122704  0.876003 0.324198 1 0 1.000000
driverswat
0  16.860807 -25.617252 60.180637  -0.912455 -0.390345 -0.122704  0.876003 0.324198 1 0 1.000000
0  17.191139 -25.572441 60.653717  -0.939019 -0.343624 0.012866  0.888699 0.313456 1 0 1.000000
0  16.599295 -24.499346 60.187675  -0.980939 -0.192833 0.023952  0.855495 0.310526 1 0 1.000000
driverswat
0  19.297009 -26.822989 60.235577  0.462022 -0.828654 0.316018  0.925810 0.349590 1 0 1.000000
0  19.820034 -25.926805 60.252403  0.605299 0.487497 0.629253  0.950224 0.359355 1 0 1.000000
0  19.269482 -26.562939 60.435997  0.324821 -0.141304 0.935160  0.929716 0.342753 1 0 1.000000
driverswat
0  19.916382 -26.199953 59.871426  0.936700 -0.224373 -0.268792  0.942412 0.364238 1 0 1.000000
0  19.820034 -25.926805 60.252403  0.605299 0.487497 0.629253  0.950224 0.359355 1 0 1.000000
0  19.297009 -26.822989 60.235577  0.462022 -0.828654 0.316018  0.925810 0.349590 1 0 1.000000
driverswat
0  19.916382 -26.199953 59.871426  0.936700 -0.224373 -0.268792  0.942412 0.364238 1 0 1.000000
0  19.627342 -25.797670 59.848537  0.183225 0.953007 -0.241258  0.949248 0.371075 1 0 1.000000
0  19.820034 -25.926805 60.252403  0.605299 0.487497 0.629253  0.950224 0.359355 1 0 1.000000
driverswat
0  19.599813 -25.984711 59.598759  0.169461 0.338006 -0.925762  0.940458 0.374004 1 0 1.000000
0  19.627342 -25.797670 59.848537  0.183225 0.953007 -0.241258  0.949248 0.371075 1 0 1.000000
0  19.916382 -26.199953 59.871426  0.936700 -0.224373 -0.268792  0.942412 0.364238 1 0 1.000000
driverswat
0  19.599813 -25.984711 59.598759  0.169461 0.338006 -0.925762  0.940458 0.374004 1 0 1.000000
0  19.916382 -26.199953 59.871426  0.936700 -0.224373 -0.268792  0.942412 0.364238 1 0 1.000000
0  19.104315 -26.838774 59.916718  0.201293 -0.860711 -0.467607  0.919950 0.355449 1 0 1.000000
driverswat
0  18.952913 -26.600508 59.701134  -0.098428 -0.190300 -0.976779  0.915067 0.362285 1 0 1.000000
0  19.599813 -25.984711 59.598759  0.169461 0.338006 -0.925762  0.940458 0.374004 1 0 1.000000
0  19.104315 -26.838774 59.916718  0.201293 -0.860711 -0.467607  0.919950 0.355449 1 0 1.000000
driverswat
0  18.952913 -26.600508 59.701134  -0.098428 -0.190300 -0.976779  0.915067 0.362285 1 0 1.000000
0  19.104315 -26.838774 59.916718  0.201293 -0.860711 -0.467607  0.919950 0.355449 1 0 1.000000
0  18.003208 -26.771904 60.115410  -0.321234 -0.833689 -0.449190  0.900418 0.343730 1 0 1.000000
driverswat
0  18.016972 -26.463932 59.891628  -0.154884 -0.288015 -0.945018  0.892605 0.350566 1 0 1.000000
0  18.952913 -26.600508 59.701134  -0.098428 -0.190300 -0.976779  0.915067 0.362285 1 0 1.000000
0  18.003208 -26.771904 60.115410  -0.321234 -0.833689 -0.449190  0.900418 0.343730 1 0 1.000000
driverswat
0  17.631584 -26.583136 60.172016  -0.601331 -0.667154 -0.439665  0.895535 0.339824 1 0 1.000000
0  18.016972 -26.463932 59.891628  -0.154884 -0.288015 -0.945018  0.892605 0.350566 1 0 1.000000
0  18.003208 -26.771904 60.115410  -0.321234 -0.833689 -0.449190  0.900418 0.343730 1 0 1.000000
driverswat
0  18.003208 -26.771904 60.115410  -0.321234 -0.833689 -0.449190  0.900418 0.343730 1 0 1.000000
0  18.113316 -26.857668 60.495144  -0.105256 -0.893627 0.436293  0.906278 0.337870 1 0 1.000000
0  17.631584 -26.583136 60.172016  -0.601331 -0.667154 -0.439665  0.895535 0.339824 1 0 1.000000
driverswat
0  17.659111 -26.643673 60.581390  -0.533187 -0.669007 0.517823  0.901395 0.332987 1 0 1.000000
0  17.631584 -26.583136 60.172016  -0.601331 -0.667154 -0.439665  0.895535 0.339824 1 0 1.000000
0  18.113316 -26.857668 60.495144  -0.105256 -0.893627 0.436293  0.906278 0.337870 1 0 1.000000
driverswat
0  17.659111 -26.643673 60.581390  -0.533187 -0.669007 0.517823  0.901395 0.332987 1 0 1.000000
0  18.113316 -26.857668 60.495144  -0.105256 -0.893627 0.436293  0.906278 0.337870 1 0 1.000000
0  18.113316 -26.408855 60.752167  0.171700 0.008444 0.985113  0.911161 0.327128 1 0 1.000000
driverswat
0  18.113316 -26.408855 60.752167  0.171700 0.008444 0.985113  0.911161 0.327128 1 0 1.000000
0  17.191139 -25.572441 60.653717  -0.939019 -0.343624 0.012866  0.888699 0.313456 1 0 1.000000
0  17.659111 -26.643673 60.581390  -0.533187 -0.669007 0.517823  0.901395 0.332987 1 0 1.000000
driverswat
0  17.191139 -25.572441 60.653717  -0.939019 -0.343624 0.012866  0.888699 0.313456 1 0 1.000000
0  18.113316 -26.408855 60.752167  0.171700 0.008444 0.985113  0.911161 0.327128 1 0 1.000000
0  17.865570 -25.813877 60.565266  0.982820 0.136056 0.124713  0.885769 0.312479 1 0 1.000000
driverswat
0  19.269482 -26.562939 60.435997  0.324821 -0.141304 0.935160  0.929716 0.342753 1 0 1.000000
0  18.113316 -26.408855 60.752167  0.171700 0.008444 0.985113  0.911161 0.327128 1 0 1.000000
0  19.297009 -26.822989 60.235577  0.462022 -0.828654 0.316018  0.925810 0.349590 1 0 1.000000
driverswat
0  19.297009 -26.822989 60.235577  0.462022 -0.828654 0.316018  0.925810 0.349590 1 0 1.000000
0  18.113316 -26.408855 60.752167  0.171700 0.008444 0.985113  0.911161 0.327128 1 0 1.000000
0  18.113316 -26.857668 60.495144  -0.105256 -0.893627 0.436293  0.906278 0.337870 1 0 1.000000
driverswat
0  19.297009 -26.822989 60.235577  0.462022 -0.828654 0.316018  0.925810 0.349590 1 0 1.000000
0  18.113316 -26.857668 60.495144  -0.105256 -0.893627 0.436293  0.906278 0.337870 1 0 1.000000
0  19.104315 -26.838774 59.916718  0.201293 -0.860711 -0.467607  0.919950 0.355449 1 0 1.000000
driverswat
0  18.113316 -26.857668 60.495144  -0.105256 -0.893627 0.436293  0.906278 0.337870 1 0 1.000000
0  18.003208 -26.771904 60.115410  -0.321234 -0.833689 -0.449190  0.900418 0.343730 1 0 1.000000
0  19.104315 -26.838774 59.916718  0.201293 -0.860711 -0.467607  0.919950 0.355449 1 0 1.000000
driverswat
0  19.916382 -26.199953 59.871426  0.936700 -0.224373 -0.268792  0.942412 0.364238 1 0 1.000000
0  19.297009 -26.822989 60.235577  0.462022 -0.828654 0.316018  0.925810 0.349590 1 0 1.000000
0  19.104315 -26.838774 59.916718  0.201293 -0.860711 -0.467607  0.919950 0.355449 1 0 1.000000
driverswat
0  25.986238 -0.675472 66.394257  0.000321 -0.346260 0.938138  0.778344 0.079073 1 0 1.000000
0  28.491259 0.232941 68.390015  -0.142758 -0.471021 0.870494  0.751000 0.044893 1 0 1.000000
0  27.376387 1.568035 69.147026  -0.114993 -0.530139 0.840077  0.791040 0.042940 1 0 1.000000
driverswat
0  28.986757 0.563273 66.889755  0.651629 0.237263 0.720476  0.749046 0.003876 1 0 1.000000
0  27.624136 2.008477 67.178795  0.414883 0.756171 0.506040  0.788110 0.003876 1 0 1.000000
0  28.711479 0.315524 68.417542  0.726637 0.005542 0.686999  0.752953 0.039033 1 0 1.000000
driverswat
0  28.711479 0.315524 68.417542  0.726637 0.005542 0.686999  0.752953 0.039033 1 0 1.000000
0  27.624136 2.008477 67.178795  0.414883 0.756171 0.506040  0.788110 0.003876 1 0 1.000000
0  27.679192 1.705673 69.229614  0.481563 0.375674 0.791812  0.788110 0.038057 1 0 1.000000
driverswat
0  27.624136 2.008477 67.178795  0.414883 0.756171 0.506040  0.788110 0.003876 1 0 1.000000
0  25.986238 2.269991 67.330200  0.000000 0.932067 0.362286  0.820338 0.003876 1 0 1.000000
0  27.679192 1.705673 69.229614  0.481563 0.375674 0.791812  0.788110 0.038057 1 0 1.000000
driverswat
0  27.679192 1.705673 69.229614  0.481563 0.375674 0.791812  0.788110 0.038057 1 0 1.000000
0  25.986238 2.269991 67.330200  0.000000 0.932067 0.362286  0.820338 0.003876 1 0 1.000000
0  25.986238 2.366338 69.353485  -0.000019 0.754319 0.656508  0.820338 0.037080 1 0 1.000000
driverswat
0  24.293285 1.705673 69.229614  -0.481635 0.375678 0.791766  0.788110 0.038057 1 0 1.000000
0  25.986238 2.366338 69.353485  -0.000019 0.754319 0.656508  0.820338 0.037080 1 0 1.000000
0  25.986238 2.269991 67.330200  0.000000 0.932067 0.362286  0.820338 0.003876 1 0 1.000000
driverswat
0  25.986238 2.366338 69.353485  -0.000019 0.754319 0.656508  0.820338 0.037080 1 0 1.000000
0  24.293285 1.705673 69.229614  -0.481635 0.375678 0.791766  0.788110 0.038057 1 0 1.000000
0  24.596088 1.568035 69.147026  0.114988 -0.530143 0.840075  0.791040 0.042940 1 0 1.000000
driverswat
0  24.596088 1.568035 69.147026  0.114988 -0.530143 0.840075  0.791040 0.042940 1 0 1.000000
0  24.293285 1.705673 69.229614  -0.481635 0.375678 0.791766  0.788110 0.038057 1 0 1.000000
0  23.481218 0.232941 68.390015  0.142756 -0.471024 0.870492  0.751000 0.044893 1 0 1.000000
driverswat
0  25.986238 -0.675472 66.394257  0.000321 -0.346260 0.938138  0.778344 0.079073 1 0 1.000000
0  24.596088 1.568035 69.147026  0.114988 -0.530143 0.840075  0.791040 0.042940 1 0 1.000000
0  23.481218 0.232941 68.390015  0.142756 -0.471024 0.870492  0.751000 0.044893 1 0 1.000000
driverswat
0  25.986238 -0.675472 66.394257  0.000321 -0.346260 0.938138  0.778344 0.079073 1 0 1.000000
0  25.986238 2.091061 69.339722  -0.000009 -0.324920 0.945742  0.820338 0.045869 1 0 1.000000
0  24.596088 1.568035 69.147026  0.114988 -0.530143 0.840075  0.791040 0.042940 1 0 1.000000
driverswat
0  25.986238 -0.675472 66.394257  0.000321 -0.346260 0.938138  0.778344 0.079073 1 0 1.000000
0  27.376387 1.568035 69.147026  -0.114993 -0.530139 0.840077  0.791040 0.042940 1 0 1.000000
0  25.986238 2.091061 69.339722  -0.000009 -0.324920 0.945742  0.820338 0.045869 1 0 1.000000
driverswat
0  25.986238 2.091061 69.339722  -0.000009 -0.324920 0.945742  0.820338 0.045869 1 0 1.000000
0  27.376387 1.568035 69.147026  -0.114993 -0.530139 0.840077  0.791040 0.042940 1 0 1.000000
0  25.986238 2.366338 69.353485  -0.000019 0.754319 0.656508  0.820338 0.037080 1 0 1.000000
driverswat
0  25.986238 2.366338 69.353485  -0.000019 0.754319 0.656508  0.820338 0.037080 1 0 1.000000
0  27.376387 1.568035 69.147026  -0.114993 -0.530139 0.840077  0.791040 0.042940 1 0 1.000000
0  27.679192 1.705673 69.229614  0.481563 0.375674 0.791812  0.788110 0.038057 1 0 1.000000
driverswat
0  27.376387 1.568035 69.147026  -0.114993 -0.530139 0.840077  0.791040 0.042940 1 0 1.000000
0  28.491259 0.232941 68.390015  -0.142758 -0.471021 0.870494  0.751000 0.044893 1 0 1.000000
0  27.679192 1.705673 69.229614  0.481563 0.375674 0.791812  0.788110 0.038057 1 0 1.000000
driverswat
0  27.679192 1.705673 69.229614  0.481563 0.375674 0.791812  0.788110 0.038057 1 0 1.000000
0  28.491259 0.232941 68.390015  -0.142758 -0.471021 0.870494  0.751000 0.044893 1 0 1.000000
0  28.711479 0.315524 68.417542  0.726637 0.005542 0.686999  0.752953 0.039033 1 0 1.000000
driverswat
0  28.491259 0.232941 68.390015  -0.142758 -0.471021 0.870494  0.751000 0.044893 1 0 1.000000
0  28.394913 -2.010566 67.509125  -0.185775 -0.296310 0.936850  0.694357 0.043916 1 0 1.000000
0  28.711479 0.315524 68.417542  0.726637 0.005542 0.686999  0.752953 0.039033 1 0 1.000000
driverswat
0  28.711479 0.315524 68.417542  0.726637 0.005542 0.686999  0.752953 0.039033 1 0 1.000000
0  28.394913 -2.010566 67.509125  -0.185775 -0.296310 0.936850  0.694357 0.043916 1 0 1.000000
0  28.587605 -2.354662 67.371490  0.655453 -0.478308 0.584469  0.687521 0.035127 1 0 1.000000
driverswat
0  28.587605 -2.354662 67.371490  0.655453 -0.478308 0.584469  0.687521 0.035127 1 0 1.000000
0  28.394913 -2.010566 67.509125  -0.185775 -0.296310 0.936850  0.694357 0.043916 1 0 1.000000
0  27.706718 -3.854921 66.779640  0.490191 -0.774292 0.400231  0.645528 0.031220 1 0 1.000000
driverswat
0  27.706718 -3.854921 66.779640  0.490191 -0.774292 0.400231  0.645528 0.031220 1 0 1.000000
0  28.394913 -2.010566 67.509125  -0.185775 -0.296310 0.936850  0.694357 0.043916 1 0 1.000000
0  27.128637 -3.744811 66.807167  -0.086000 -0.140741 0.986304  0.636738 0.042940 1 0 1.000000
driverswat
0  25.986238 -0.675472 66.394257  0.000321 -0.346260 0.938138  0.647481 0.079073 1 0 1.000000
0  27.128637 -3.744811 66.807167  -0.086000 -0.140741 0.986304  0.636738 0.042940 1 0 1.000000
0  28.394913 -2.010566 67.509125  -0.185775 -0.296310 0.936850  0.694357 0.043916 1 0 1.000000
driverswat
0  28.491259 0.232941 68.390015  -0.142758 -0.471021 0.870494  0.751000 0.044893 1 0 1.000000
0  25.986238 -0.675472 66.394257  0.000321 -0.346260 0.938138  0.647481 0.079073 1 0 1.000000
0  28.394913 -2.010566 67.509125  -0.185775 -0.296310 0.936850  0.694357 0.043916 1 0 1.000000
driverswat
0  25.986238 2.091061 69.339722  -0.000009 -0.324920 0.945742  0.820338 0.045869 1 0 1.000000
0  25.986238 2.366338 69.353485  -0.000019 0.754319 0.656508  0.820338 0.037080 1 0 1.000000
0  24.596088 1.568035 69.147026  0.114988 -0.530143 0.840075  0.791040 0.042940 1 0 1.000000
driverswat
0  23.481218 0.232941 68.390015  0.142756 -0.471024 0.870492  0.751000 0.044893 1 0 1.000000
0  23.577564 -2.010567 67.509125  0.185759 -0.296326 0.936848  0.694357 0.043916 1 0 1.000000
0  25.986238 -0.675472 66.394257  0.000321 -0.346260 0.938138  0.647481 0.079073 1 0 1.000000
driverswat
0  24.348339 2.008477 67.178795  -0.414938 0.756146 0.506034  0.788110 0.003876 1 0 1.000000
0  24.293285 1.705673 69.229614  -0.481635 0.375678 0.791766  0.788110 0.038057 1 0 1.000000
0  25.986238 2.269991 67.330200  0.000000 0.932067 0.362286  0.820338 0.003876 1 0 1.000000
driverswat
0  23.260996 0.315524 68.417542  -0.726636 0.005543 0.687000  0.752953 0.039033 1 0 1.000000
0  24.293285 1.705673 69.229614  -0.481635 0.375678 0.791766  0.788110 0.038057 1 0 1.000000
0  24.348339 2.008477 67.178795  -0.414938 0.756146 0.506034  0.788110 0.003876 1 0 1.000000
driverswat
0  24.293285 1.705673 69.229614  -0.481635 0.375678 0.791766  0.788110 0.038057 1 0 1.000000
0  23.260996 0.315524 68.417542  -0.726636 0.005543 0.687000  0.752953 0.039033 1 0 1.000000
0  23.481218 0.232941 68.390015  0.142756 -0.471024 0.870492  0.751000 0.044893 1 0 1.000000
driverswat
0  23.481218 0.232941 68.390015  0.142756 -0.471024 0.870492  0.751000 0.044893 1 0 1.000000
0  23.260996 0.315524 68.417542  -0.726636 0.005543 0.687000  0.752953 0.039033 1 0 1.000000
0  23.577564 -2.010567 67.509125  0.185759 -0.296326 0.936848  0.694357 0.043916 1 0 1.000000
driverswat
0  23.260996 0.315524 68.417542  -0.726636 0.005543 0.687000  0.752953 0.039033 1 0 1.000000
0  23.384871 -2.354662 67.371490  -0.655457 -0.478304 0.584466  0.687521 0.035127 1 0 1.000000
0  23.577564 -2.010567 67.509125  0.185759 -0.296326 0.936848  0.694357 0.043916 1 0 1.000000
driverswat
0  22.985718 0.563273 66.889755  -0.651660 0.237272 0.720445  0.749046 0.003876 1 0 1.000000
0  23.260996 0.315524 68.417542  -0.726636 0.005543 0.687000  0.752953 0.039033 1 0 1.000000
0  24.348339 2.008477 67.178795  -0.414938 0.756146 0.506034  0.788110 0.003876 1 0 1.000000
driverswat
0  22.985718 0.563273 66.889755  -0.651660 0.237272 0.720445  0.749046 0.003876 1 0 1.000000
0  23.095829 -1.831637 66.504364  -0.697534 -0.397728 0.596036  0.695334 0.003876 1 0 1.000000
0  23.260996 0.315524 68.417542  -0.726636 0.005543 0.687000  0.752953 0.039033 1 0 1.000000
driverswat
0  23.095829 -1.831637 66.504364  -0.697534 -0.397728 0.596036  0.695334 0.003876 1 0 1.000000
0  23.384871 -2.354662 67.371490  -0.655457 -0.478304 0.584466  0.687521 0.035127 1 0 1.000000
0  23.260996 0.315524 68.417542  -0.726636 0.005543 0.687000  0.752953 0.039033 1 0 1.000000
driverswat
0  23.095829 -1.831637 66.504364  -0.697534 -0.397728 0.596036  0.695334 0.003876 1 0 1.000000
0  24.238230 -3.469534 65.788651  -0.449662 -0.760367 0.468663  0.644551 0.003876 1 0 1.000000
0  23.384871 -2.354662 67.371490  -0.655457 -0.478304 0.584466  0.687521 0.035127 1 0 1.000000
driverswat
0  24.238230 -3.469534 65.788651  -0.449662 -0.760367 0.468663  0.644551 0.003876 1 0 1.000000
0  24.293285 -3.854921 66.779640  -0.490145 -0.774341 0.400192  0.645528 0.031220 1 0 1.000000
0  23.384871 -2.354662 67.371490  -0.655457 -0.478304 0.584466  0.687521 0.035127 1 0 1.000000
driverswat
0  23.384871 -2.354662 67.371490  -0.655457 -0.478304 0.584466  0.687521 0.035127 1 0 1.000000
0  24.293285 -3.854921 66.779640  -0.490145 -0.774341 0.400192  0.645528 0.031220 1 0 1.000000
0  23.577564 -2.010567 67.509125  0.185759 -0.296326 0.936848  0.694357 0.043916 1 0 1.000000
driverswat
0  24.293285 -3.854921 66.779640  -0.490145 -0.774341 0.400192  0.645528 0.031220 1 0 1.000000
0  24.871368 -3.744811 66.807167  0.086010 -0.140753 0.986302  0.636738 0.042940 1 0 1.000000
0  23.577564 -2.010567 67.509125  0.185759 -0.296326 0.936848  0.694357 0.043916 1 0 1.000000
driverswat
0  25.986238 -0.675472 66.394257  0.000321 -0.346260 0.938138  0.647481 0.079073 1 0 1.000000
0  23.577564 -2.010567 67.509125  0.185759 -0.296326 0.936848  0.694357 0.043916 1 0 1.000000
0  24.871368 -3.744811 66.807167  0.086010 -0.140753 0.986302  0.636738 0.042940 1 0 1.000000
driverswat
0  24.871368 -3.744811 66.807167  0.086010 -0.140753 0.986302  0.636738 0.042940 1 0 1.000000
0  26.000002 -4.240310 66.807167  -0.000033 -0.287599 0.957751  0.603534 0.045869 1 0 1.000000
0  25.986238 -0.675472 66.394257  0.000321 -0.346260 0.938138  0.647481 0.079073 1 0 1.000000
driverswat
0  27.128637 -3.744811 66.807167  -0.086000 -0.140741 0.986304  0.636738 0.042940 1 0 1.000000
0  25.986238 -0.675472 66.394257  0.000321 -0.346260 0.938138  0.647481 0.079073 1 0 1.000000
0  26.000002 -4.240310 66.807167  -0.000033 -0.287599 0.957751  0.603534 0.045869 1 0 1.000000
driverswat
0  26.000002 -4.240310 66.807167  -0.000033 -0.287599 0.957751  0.603534 0.045869 1 0 1.000000
0  26.000002 -4.501822 66.655769  0.000001 -0.960774 0.277332  0.603534 0.037080 1 0 1.000000
0  27.128637 -3.744811 66.807167  -0.086000 -0.140741 0.986304  0.636738 0.042940 1 0 1.000000
driverswat
0  27.128637 -3.744811 66.807167  -0.086000 -0.140741 0.986304  0.636738 0.042940 1 0 1.000000
0  26.000002 -4.501822 66.655769  0.000001 -0.960774 0.277332  0.603534 0.037080 1 0 1.000000
0  27.706718 -3.854921 66.779640  0.490191 -0.774292 0.400231  0.645528 0.031220 1 0 1.000000
driverswat
0  26.000002 -4.102672 65.664772  0.000241 -0.968429 0.249290  0.603534 0.003876 1 0 1.000000
0  27.706718 -3.854921 66.779640  0.490191 -0.774292 0.400231  0.645528 0.031220 1 0 1.000000
0  26.000002 -4.501822 66.655769  0.000001 -0.960774 0.277332  0.603534 0.037080 1 0 1.000000
driverswat
0  27.734247 -3.469534 65.788651  0.449552 -0.760396 0.468723  0.644551 0.003876 1 0 1.000000
0  27.706718 -3.854921 66.779640  0.490191 -0.774292 0.400231  0.645528 0.031220 1 0 1.000000
0  26.000002 -4.102672 65.664772  0.000241 -0.968429 0.249290  0.603534 0.003876 1 0 1.000000
driverswat
0  27.734247 -3.469534 65.788651  0.449552 -0.760396 0.468723  0.644551 0.003876 1 0 1.000000
0  28.587605 -2.354662 67.371490  0.655453 -0.478308 0.584469  0.687521 0.035127 1 0 1.000000
0  27.706718 -3.854921 66.779640  0.490191 -0.774292 0.400231  0.645528 0.031220 1 0 1.000000
driverswat
0  28.876646 -1.831636 66.504364  0.697604 -0.397655 0.596002  0.695334 0.003876 1 0 1.000000
0  28.587605 -2.354662 67.371490  0.655453 -0.478308 0.584469  0.687521 0.035127 1 0 1.000000
0  27.734247 -3.469534 65.788651  0.449552 -0.760396 0.468723  0.644551 0.003876 1 0 1.000000
driverswat
0  28.876646 -1.831636 66.504364  0.697604 -0.397655 0.596002  0.695334 0.003876 1 0 1.000000
0  28.711479 0.315524 68.417542  0.726637 0.005542 0.686999  0.752953 0.039033 1 0 1.000000
0  28.587605 -2.354662 67.371490  0.655453 -0.478308 0.584469  0.687521 0.035127 1 0 1.000000
driverswat
0  28.986757 0.563273 66.889755  0.651629 0.237263 0.720476  0.749046 0.003876 1 0 1.000000
0  28.711479 0.315524 68.417542  0.726637 0.005542 0.686999  0.752953 0.039033 1 0 1.000000
0  28.876646 -1.831636 66.504364  0.697604 -0.397655 0.596002  0.695334 0.003876 1 0 1.000000
driverswat
0  26.000002 -4.240310 66.807167  -0.000033 -0.287599 0.957751  0.603534 0.045869 1 0 1.000000
0  24.871368 -3.744811 66.807167  0.086010 -0.140753 0.986302  0.636738 0.042940 1 0 1.000000
0  26.000002 -4.501822 66.655769  0.000001 -0.960774 0.277332  0.603534 0.037080 1 0 1.000000
driverswat
0  24.871368 -3.744811 66.807167  0.086010 -0.140753 0.986302  0.636738 0.042940 1 0 1.000000
0  24.293285 -3.854921 66.779640  -0.490145 -0.774341 0.400192  0.645528 0.031220 1 0 1.000000
0  26.000002 -4.501822 66.655769  0.000001 -0.960774 0.277332  0.603534 0.037080 1 0 1.000000
driverswat
0  26.000002 -4.102672 65.664772  0.000241 -0.968429 0.249290  0.603534 0.003876 1 0 1.000000
0  26.000002 -4.501822 66.655769  0.000001 -0.960774 0.277332  0.603534 0.037080 1 0 1.000000
0  24.293285 -3.854921 66.779640  -0.490145 -0.774341 0.400192  0.645528 0.031220 1 0 1.000000
driverswat
0  24.238230 -3.469534 65.788651  -0.449662 -0.760367 0.468663  0.644551 0.003876 1 0 1.000000
0  26.000002 -4.102672 65.664772  0.000241 -0.968429 0.249290  0.603534 0.003876 1 0 1.000000
0  24.293285 -3.854921 66.779640  -0.490145 -0.774341 0.400192  0.645528 0.031220 1 0 1.000000
driverswat
0  19.462175 -25.572844 58.941463  0.203674 0.419941 -0.884402  0.891629 0.396466 1 0 1.000000
0  19.517231 -25.441786 59.200550  0.255377 0.959956 -0.115183  0.898465 0.394513 1 0 1.000000
0  19.737453 -25.768848 59.146633  0.927729 -0.264623 -0.263237  0.895535 0.389630 1 0 1.000000
driverswat
0  19.737453 -25.768848 59.146633  0.927729 -0.264623 -0.263237  0.895535 0.389630 1 0 1.000000
0  19.517231 -25.441786 59.200550  0.255377 0.959956 -0.115183  0.898465 0.394513 1 0 1.000000
0  19.654869 -25.559887 59.467224  0.621140 0.398522 0.674807  0.900418 0.386700 1 0 1.000000
driverswat
0  30.652184 -5.905735 62.251335  0.494137 -0.769452 0.404687  0.523453 0.317362 1 0 1.000000
0  32.895691 -3.731047 58.149712  0.321312 -0.567371 -0.758188  0.588885 0.273415 1 0 1.000000
0  33.253551 -3.084146 64.219566  0.006772 -0.604901 0.796272  0.579119 0.362285 1 0 1.000000
driverswat
0  33.941742 -3.882449 53.937973  0.995245 -0.096703 0.011690  0.604511 0.193335 1 0 1.000000
0  31.120152 1.182647 51.446716  0.623824 0.669201 -0.403749  0.696310 0.177709 1 0 1.000000
0  33.487534 -1.487539 56.910965  0.772085 0.131365 -0.621794  0.621113 0.259743 1 0 1.000000
driverswat
0  32.895691 -3.731047 58.149712  0.321312 -0.567371 -0.758188  0.588885 0.273415 1 0 1.000000
0  33.941742 -3.882449 53.937973  0.995245 -0.096703 0.011690  0.604511 0.193335 1 0 1.000000
0  33.487534 -1.487539 56.910965  0.772085 0.131365 -0.621794  0.621113 0.259743 1 0 1.000000
driverswat
0  33.941742 -3.882449 53.937973  0.995245 -0.096703 0.011690  0.604511 0.193335 1 0 1.000000
0  32.895691 -3.731047 58.149712  0.321312 -0.567371 -0.758188  0.588885 0.273415 1 0 1.000000
0  30.390671 -7.474813 58.301113  0.590283 -0.763133 0.263049  0.518571 0.252907 1 0 1.000000
driverswat
0  30.390671 -7.474813 58.301113  0.590283 -0.763133 0.263049  0.518571 0.252907 1 0 1.000000
0  32.895691 -3.731047 58.149712  0.321312 -0.567371 -0.758188  0.588885 0.273415 1 0 1.000000
0  30.652184 -5.905735 62.251335  0.494137 -0.769452 0.404687  0.523453 0.317362 1 0 1.000000
driverswat
0  30.652184 -5.905735 62.251335  0.494137 -0.769452 0.404687  0.523453 0.317362 1 0 1.000000
0  26.000002 -7.557397 62.099934  0.000000 -0.854437 0.519555  0.449232 0.303690 1 0 1.000000
0  30.390671 -7.474813 58.301113  0.590283 -0.763133 0.263049  0.518571 0.252907 1 0 1.000000
driverswat
0  26.000002 -7.557397 62.099934  0.000000 -0.854437 0.519555  0.449232 0.303690 1 0 1.000000
0  30.652184 -5.905735 62.251335  0.494137 -0.769452 0.404687  0.523453 0.317362 1 0 1.000000
0  26.000002 -4.102672 65.664772  0.000241 -0.968429 0.249290  0.449232 0.388653 1 0 1.000000
driverswat
0  26.000002 -4.102672 65.664772  0.000241 -0.968429 0.249290  0.449232 0.388653 1 0 1.000000
0  30.652184 -5.905735 62.251335  0.494137 -0.769452 0.404687  0.523453 0.317362 1 0 1.000000
0  29.014286 -3.978797 65.224327  0.251552 -0.641432 0.724767  0.496109 0.376934 1 0 1.000000
driverswat
0  26.000002 -4.102672 65.664772  0.000241 -0.968429 0.249290  0.449232 0.388653 1 0 1.000000
0  29.014286 -3.978797 65.224327  0.251552 -0.641432 0.724767  0.496109 0.376934 1 0 1.000000
0  27.734247 -3.469534 65.788651  0.449552 -0.760396 0.468723  0.476577 0.392560 1 0 1.000000
driverswat
0  29.014286 -3.978797 65.224327  0.251552 -0.641432 0.724767  0.496109 0.376934 1 0 1.000000
0  28.876646 -1.831636 66.504364  0.697604 -0.397655 0.596002  0.492203 0.415998 1 0 1.000000
0  27.734247 -3.469534 65.788651  0.449552 -0.760396 0.468723  0.476577 0.392560 1 0 1.000000
driverswat
0  31.698236 -2.795105 64.646248  0.239409 -0.578746 0.779574  0.547868 0.375957 1 0 1.000000
0  28.876646 -1.831636 66.504364  0.697604 -0.397655 0.596002  0.492203 0.415998 1 0 1.000000
0  29.014286 -3.978797 65.224327  0.251552 -0.641432 0.724767  0.496109 0.376934 1 0 1.000000
driverswat
0  32.001038 -0.978276 65.761124  0.238430 -0.359947 0.901992  0.552751 0.410138 1 0 1.000000
0  28.876646 -1.831636 66.504364  0.697604 -0.397655 0.596002  0.492203 0.415998 1 0 1.000000
0  31.698236 -2.795105 64.646248  0.239409 -0.578746 0.779574  0.547868 0.375957 1 0 1.000000
driverswat
0  32.001038 -0.978276 65.761124  0.238430 -0.359947 0.901992  0.552751 0.410138 1 0 1.000000
0  31.698236 -2.795105 64.646248  0.239409 -0.578746 0.779574  0.547868 0.375957 1 0 1.000000
0  33.804104 -1.528831 65.210564  0.309422 -0.390553 0.867022  0.581072 0.395489 1 0 1.000000
driverswat
0  33.914215 0.797259 65.651009  0.435797 0.158635 0.885955  0.583026 0.420881 1 0 1.000000
0  32.001038 -0.978276 65.761124  0.238430 -0.359947 0.901992  0.552751 0.410138 1 0 1.000000
0  33.804104 -1.528831 65.210564  0.309422 -0.390553 0.867022  0.581072 0.395489 1 0 1.000000
driverswat
0  33.914215 0.797259 65.651009  0.435797 0.158635 0.885955  0.583026 0.420881 1 0 1.000000
0  33.804104 -1.528831 65.210564  0.309422 -0.390553 0.867022  0.581072 0.395489 1 0 1.000000
0  35.552113 -0.083627 64.618721  0.487168 0.020670 0.873064  0.604511 0.413068 1 0 1.000000
driverswat
0  35.552113 -0.083627 64.618721  0.487168 0.020670 0.873064  0.604511 0.413068 1 0 1.000000
0  33.804104 -1.528831 65.210564  0.309422 -0.390553 0.867022  0.581072 0.395489 1 0 1.000000
0  34.409714 -2.024330 64.591187  0.261257 -0.340134 0.903357  0.591815 0.387677 1 0 1.000000
driverswat
0  34.409714 -2.024330 64.591187  0.261257 -0.340134 0.903357  0.591815 0.387677 1 0 1.000000
0  33.804104 -1.528831 65.210564  0.309422 -0.390553 0.867022  0.581072 0.395489 1 0 1.000000
0  33.253551 -3.084146 64.219566  0.006772 -0.604901 0.796272  0.579119 0.362285 1 0 1.000000
driverswat
0  33.804104 -1.528831 65.210564  0.309422 -0.390553 0.867022  0.581072 0.395489 1 0 1.000000
0  31.698236 -2.795105 64.646248  0.239409 -0.578746 0.779574  0.547868 0.375957 1 0 1.000000
0  33.253551 -3.084146 64.219566  0.006772 -0.604901 0.796272  0.579119 0.362285 1 0 1.000000
driverswat
0  33.253551 -3.084146 64.219566  0.006772 -0.604901 0.796272  0.579119 0.362285 1 0 1.000000
0  31.698236 -2.795105 64.646248  0.239409 -0.578746 0.779574  0.547868 0.375957 1 0 1.000000
0  30.652184 -5.905735 62.251335  0.494137 -0.769452 0.404687  0.523453 0.317362 1 0 1.000000
driverswat
0  29.014286 -3.978797 65.224327  0.251552 -0.641432 0.724767  0.496109 0.376934 1 0 1.000000
0  30.652184 -5.905735 62.251335  0.494137 -0.769452 0.404687  0.523453 0.317362 1 0 1.000000
0  31.698236 -2.795105 64.646248  0.239409 -0.578746 0.779574  0.547868 0.375957 1 0 1.000000
driverswat
0  32.262554 0.907370 66.229088  0.268440 0.167482 0.948625  0.561541 0.438459 1 0 1.000000
0  32.001038 -0.978276 65.761124  0.238430 -0.359947 0.901992  0.552751 0.410138 1 0 1.000000
0  33.914215 0.797259 65.651009  0.435797 0.158635 0.885955  0.583026 0.420881 1 0 1.000000
driverswat
0  28.986757 0.563273 66.889755  0.651629 0.237263 0.720476  0.513688 0.444319 1 0 1.000000
0  32.001038 -0.978276 65.761124  0.238430 -0.359947 0.901992  0.552751 0.410138 1 0 1.000000
0  32.262554 0.907370 66.229088  0.268440 0.167482 0.948625  0.561541 0.438459 1 0 1.000000
driverswat
0  28.986757 0.563273 66.889755  0.651629 0.237263 0.720476  0.513688 0.444319 1 0 1.000000
0  28.876646 -1.831636 66.504364  0.697604 -0.397655 0.596002  0.492203 0.415998 1 0 1.000000
0  32.001038 -0.978276 65.761124  0.238430 -0.359947 0.901992  0.552751 0.410138 1 0 1.000000
driverswat
0  30.321850 -9.126474 53.153435  0.593875 -0.767018 0.242892  0.515641 0.168920 1 0 1.000000
0  33.941742 -3.882449 53.937973  0.995245 -0.096703 0.011690  0.604511 0.193335 1 0 1.000000
0  30.390671 -7.474813 58.301113  0.590283 -0.763133 0.263049  0.518571 0.252907 1 0 1.000000
driverswat
0  26.000002 -9.195294 58.053360  0.000000 -0.941312 0.337539  0.449232 0.244118 1 0 1.000000
0  30.321850 -9.126474 53.153435  0.593875 -0.767018 0.242892  0.515641 0.168920 1 0 1.000000
0  30.390671 -7.474813 58.301113  0.590283 -0.763133 0.263049  0.518571 0.252907 1 0 1.000000
driverswat
0  30.390671 -7.474813 58.301113  0.590283 -0.763133 0.263049  0.518571 0.252907 1 0 1.000000
0  26.000002 -7.557397 62.099934  0.000000 -0.854437 0.519555  0.449232 0.303690 1 0 1.000000
0  26.000002 -9.195294 58.053360  0.000000 -0.941312 0.337539  0.449232 0.244118 1 0 1.000000
driverswat
0  26.000002 -10.860721 53.015793  0.000000 -0.959313 0.282345  0.449232 0.159154 1 0 1.000000
0  30.321850 -9.126474 53.153435  0.593875 -0.767018 0.242892  0.515641 0.168920 1 0 1.000000
0  26.000002 -9.195294 58.053360  0.000000 -0.941312 0.337539  0.449232 0.244118 1 0 1.000000
driverswat
0  20.852322 1.182646 51.446716  -0.624127 0.669035 -0.403556  0.696310 0.177709 1 0 1.000000
0  25.986237 2.448920 50.841106  -0.000000 0.869822 -0.493365  0.769555 0.179662 1 0 1.000000
0  25.986237 -0.427724 46.739479  -0.000000 0.929500 -0.368822  0.769555 0.099582 1 0 1.000000
driverswat
0  31.120152 1.182647 51.446716  0.623824 0.669201 -0.403749  0.696310 0.177709 1 0 1.000000
0  25.986237 -0.427724 46.739479  -0.000000 0.929500 -0.368822  0.769555 0.099582 1 0 1.000000
0  25.986237 2.448920 50.841106  -0.000000 0.869822 -0.493365  0.769555 0.179662 1 0 1.000000
driverswat
0  31.037569 -1.625177 47.056046  0.632458 0.717776 -0.291194  0.693381 0.099582 1 0 1.000000
0  25.986237 -0.427724 46.739479  -0.000000 0.929500 -0.368822  0.769555 0.099582 1 0 1.000000
0  31.120152 1.182647 51.446716  0.623824 0.669201 -0.403749  0.696310 0.177709 1 0 1.000000
driverswat
0  33.941742 -3.882449 53.937973  0.995245 -0.096703 0.011690  0.604511 0.193335 1 0 1.000000
0  31.037569 -1.625177 47.056046  0.632458 0.717776 -0.291194  0.693381 0.099582 1 0 1.000000
0  31.120152 1.182647 51.446716  0.623824 0.669201 -0.403749  0.696310 0.177709 1 0 1.000000
driverswat
0  33.666466 -5.602930 47.854351  0.996700 0.081179 0.000308  0.607440 0.099582 1 0 1.000000
0  31.037569 -1.625177 47.056046  0.632458 0.717776 -0.291194  0.693381 0.099582 1 0 1.000000
0  33.941742 -3.882449 53.937973  0.995245 -0.096703 0.011690  0.604511 0.193335 1 0 1.000000
driverswat
0  33.666466 -5.602930 47.854351  0.996700 0.081179 0.000308  0.607440 0.099582 1 0 1.000000
0  33.941742 -3.882449 53.937973  0.995245 -0.096703 0.011690  0.604511 0.193335 1 0 1.000000
0  30.321850 -9.126474 53.153435  0.593875 -0.767018 0.242892  0.515641 0.168920 1 0 1.000000
driverswat
0  31.340374 -10.117473 48.404907  0.633381 -0.724101 0.272958  0.528336 0.099582 1 0 1.000000
0  33.666466 -5.602930 47.854351  0.996700 0.081179 0.000308  0.607440 0.099582 1 0 1.000000
0  30.321850 -9.126474 53.153435  0.593875 -0.767018 0.242892  0.515641 0.168920 1 0 1.000000
driverswat
0  31.340374 -10.117473 48.404907  0.633381 -0.724101 0.272958  0.528336 0.099582 1 0 1.000000
0  30.321850 -9.126474 53.153435  0.593875 -0.767018 0.242892  0.515641 0.168920 1 0 1.000000
0  26.000002 -12.071939 48.432434  0.000003 -0.979797 0.199997  0.449232 0.099582 1 0 1.000000
driverswat
0  26.000002 -12.071939 48.432434  0.000003 -0.979797 0.199997  0.449232 0.099582 1 0 1.000000
0  30.321850 -9.126474 53.153435  0.593875 -0.767018 0.242892  0.515641 0.168920 1 0 1.000000
0  26.000002 -10.860721 53.015793  0.000000 -0.959313 0.282345  0.449232 0.159154 1 0 1.000000
driverswat
0  26.000002 -12.071939 48.432434  0.000003 -0.979797 0.199997  0.449232 0.099582 1 0 1.000000
0  26.000002 -10.860721 53.015793  0.000000 -0.959313 0.282345  0.449232 0.159154 1 0 1.000000
0  21.678154 -9.126476 53.153435  -0.593875 -0.767018 0.242892  0.515641 0.168920 1 0 1.000000
driverswat
0  26.000002 -10.860721 53.015793  0.000000 -0.959313 0.282345  0.449232 0.159154 1 0 1.000000
0  26.000002 -9.195294 58.053360  0.000000 -0.941312 0.337539  0.449232 0.244118 1 0 1.000000
0  21.678154 -9.126476 53.153435  -0.593875 -0.767018 0.242892  0.515641 0.168920 1 0 1.000000
driverswat
0  26.000002 -9.195294 58.053360  0.000000 -0.941312 0.337539  0.449232 0.244118 1 0 1.000000
0  21.609333 -7.474813 58.301113  -0.590283 -0.763133 0.263049  0.518571 0.252907 1 0 1.000000
0  21.678154 -9.126476 53.153435  -0.593875 -0.767018 0.242892  0.515641 0.168920 1 0 1.000000
driverswat
0  21.609333 -7.474813 58.301113  -0.590283 -0.763133 0.263049  0.518571 0.252907 1 0 1.000000
0  26.000002 -9.195294 58.053360  0.000000 -0.941312 0.337539  0.449232 0.244118 1 0 1.000000
0  26.000002 -7.557397 62.099934  0.000000 -0.854437 0.519555  0.449232 0.303690 1 0 1.000000
driverswat
0  21.347820 -5.905735 62.251335  -0.493024 -0.770403 0.404237  0.523453 0.317362 1 0 1.000000
0  21.609333 -7.474813 58.301113  -0.590283 -0.763133 0.263049  0.518571 0.252907 1 0 1.000000
0  26.000002 -7.557397 62.099934  0.000000 -0.854437 0.519555  0.449232 0.303690 1 0 1.000000
driverswat
0  26.000002 -7.557397 62.099934  0.000000 -0.854437 0.519555  0.449232 0.303690 1 0 1.000000
0  26.000002 -4.102672 65.664772  0.000241 -0.968429 0.249290  0.449232 0.388653 1 0 1.000000
0  21.347820 -5.905735 62.251335  -0.493024 -0.770403 0.404237  0.523453 0.317362 1 0 1.000000
driverswat
0  26.000002 -4.102672 65.664772  0.000241 -0.968429 0.249290  0.449232 0.388653 1 0 1.000000
0  22.985718 -3.978797 65.224327  -0.251750 -0.641410 0.724717  0.496109 0.376934 1 0 1.000000
0  21.347820 -5.905735 62.251335  -0.493024 -0.770403 0.404237  0.523453 0.317362 1 0 1.000000
driverswat
0  26.000002 -4.102672 65.664772  0.000241 -0.968429 0.249290  0.449232 0.388653 1 0 1.000000
0  24.238230 -3.469534 65.788651  -0.449662 -0.760367 0.468663  0.476577 0.392560 1 0 1.000000
0  22.985718 -3.978797 65.224327  -0.251750 -0.641410 0.724717  0.496109 0.376934 1 0 1.000000
driverswat
0  22.985718 -3.978797 65.224327  -0.251750 -0.641410 0.724717  0.496109 0.376934 1 0 1.000000
0  24.238230 -3.469534 65.788651  -0.449662 -0.760367 0.468663  0.476577 0.392560 1 0 1.000000
0  23.095829 -1.831637 66.504364  -0.697534 -0.397728 0.596036  0.492203 0.415998 1 0 1.000000
driverswat
0  20.659628 -10.117474 48.404907  -0.633115 -0.724427 0.272711  0.528336 0.099582 1 0 1.000000
0  26.000002 -12.071939 48.432434  0.000003 -0.979797 0.199997  0.449232 0.099582 1 0 1.000000
0  21.678154 -9.126476 53.153435  -0.593875 -0.767018 0.242892  0.515641 0.168920 1 0 1.000000
driverswat
0  20.659628 -10.117474 48.404907  -0.633115 -0.724427 0.272711  0.528336 0.099582 1 0 1.000000
0  21.678154 -9.126476 53.153435  -0.593875 -0.767018 0.242892  0.515641 0.168920 1 0 1.000000
0  18.333538 -5.602930 47.854355  -0.996747 0.080594 0.000149  0.607440 0.099582 1 0 1.000000
driverswat
0  18.333538 -5.602930 47.854355  -0.996747 0.080594 0.000149  0.607440 0.099582 1 0 1.000000
0  21.678154 -9.126476 53.153435  -0.593875 -0.767018 0.242892  0.515641 0.168920 1 0 1.000000
0  18.058260 -3.882450 53.937973  -0.995217 -0.096992 0.011667  0.604511 0.193335 1 0 1.000000
driverswat
0  21.678154 -9.126476 53.153435  -0.593875 -0.767018 0.242892  0.515641 0.168920 1 0 1.000000
0  21.609333 -7.474813 58.301113  -0.590283 -0.763133 0.263049  0.518571 0.252907 1 0 1.000000
0  18.058260 -3.882450 53.937973  -0.995217 -0.096992 0.011667  0.604511 0.193335 1 0 1.000000
driverswat
0  18.333538 -5.602930 47.854355  -0.996747 0.080594 0.000149  0.607440 0.099582 1 0 1.000000
0  18.058260 -3.882450 53.937973  -0.995217 -0.096992 0.011667  0.604511 0.193335 1 0 1.000000
0  20.934904 -1.625178 47.056046  -0.632960 0.717385 -0.291068  0.693381 0.099582 1 0 1.000000
driverswat
0  20.934904 -1.625178 47.056046  -0.632960 0.717385 -0.291068  0.693381 0.099582 1 0 1.000000
0  20.852322 1.182646 51.446716  -0.624127 0.669035 -0.403556  0.696310 0.177709 1 0 1.000000
0  25.986237 -0.427724 46.739479  -0.000000 0.929500 -0.368822  0.769555 0.099582 1 0 1.000000
driverswat
0  18.058260 -3.882450 53.937973  -0.995217 -0.096992 0.011667  0.604511 0.193335 1 0 1.000000
0  20.852322 1.182646 51.446716  -0.624127 0.669035 -0.403556  0.696310 0.177709 1 0 1.000000
0  20.934904 -1.625178 47.056046  -0.632960 0.717385 -0.291068  0.693381 0.099582 1 0 1.000000
driverswat
0  18.058260 -3.882450 53.937973  -0.995217 -0.096992 0.011667  0.604511 0.193335 1 0 1.000000
0  18.484940 -1.487540 56.910965  -0.772105 0.131296 -0.621784  0.621113 0.259743 1 0 1.000000
0  20.852322 1.182646 51.446716  -0.624127 0.669035 -0.403556  0.696310 0.177709 1 0 1.000000
driverswat
0  19.104313 -3.731048 58.149712  -0.320641 -0.567981 -0.758015  0.588885 0.273415 1 0 1.000000
0  18.484940 -1.487540 56.910965  -0.772105 0.131296 -0.621784  0.621113 0.259743 1 0 1.000000
0  18.058260 -3.882450 53.937973  -0.995217 -0.096992 0.011667  0.604511 0.193335 1 0 1.000000
driverswat
0  18.058260 -3.882450 53.937973  -0.995217 -0.096992 0.011667  0.604511 0.193335 1 0 1.000000
0  21.609333 -7.474813 58.301113  -0.590283 -0.763133 0.263049  0.518571 0.252907 1 0 1.000000
0  19.104313 -3.731048 58.149712  -0.320641 -0.567981 -0.758015  0.588885 0.273415 1 0 1.000000
driverswat
0  21.609333 -7.474813 58.301113  -0.590283 -0.763133 0.263049  0.518571 0.252907 1 0 1.000000
0  21.347820 -5.905735 62.251335  -0.493024 -0.770403 0.404237  0.523453 0.317362 1 0 1.000000
0  19.104313 -3.731048 58.149712  -0.320641 -0.567981 -0.758015  0.588885 0.273415 1 0 1.000000
driverswat
0  21.347820 -5.905735 62.251335  -0.493024 -0.770403 0.404237  0.523453 0.317362 1 0 1.000000
0  18.718925 -3.084147 64.219566  -0.006724 -0.604922 0.796257  0.579119 0.362285 1 0 1.000000
0  19.104313 -3.731048 58.149712  -0.320641 -0.567981 -0.758015  0.588885 0.273415 1 0 1.000000
driverswat
0  20.274239 -2.795106 64.646248  -0.239421 -0.578750 0.779568  0.547868 0.375957 1 0 1.000000
0  22.985718 -3.978797 65.224327  -0.251750 -0.641410 0.724717  0.496109 0.376934 1 0 1.000000
0  23.095829 -1.831637 66.504364  -0.697534 -0.397728 0.596036  0.492203 0.415998 1 0 1.000000
driverswat
0  19.971436 -0.978278 65.761124  -0.238430 -0.359947 0.901992  0.552751 0.410138 1 0 1.000000
0  20.274239 -2.795106 64.646248  -0.239421 -0.578750 0.779568  0.547868 0.375957 1 0 1.000000
0  23.095829 -1.831637 66.504364  -0.697534 -0.397728 0.596036  0.492203 0.415998 1 0 1.000000
driverswat
0  19.971436 -0.978278 65.761124  -0.238430 -0.359947 0.901992  0.552751 0.410138 1 0 1.000000
0  18.168373 -1.528832 65.210564  -0.309626 -0.390497 0.866974  0.581072 0.395489 1 0 1.000000
0  20.274239 -2.795106 64.646248  -0.239421 -0.578750 0.779568  0.547868 0.375957 1 0 1.000000
driverswat
0  18.058260 0.797258 65.651009  -0.435997 0.158668 0.885850  0.583026 0.420881 1 0 1.000000
0  18.168373 -1.528832 65.210564  -0.309626 -0.390497 0.866974  0.581072 0.395489 1 0 1.000000
0  19.971436 -0.978278 65.761124  -0.238430 -0.359947 0.901992  0.552751 0.410138 1 0 1.000000
driverswat
0  18.058260 0.797258 65.651009  -0.435997 0.158668 0.885850  0.583026 0.420881 1 0 1.000000
0  16.420362 -0.083628 64.618721  -0.487033 0.020702 0.873138  0.604511 0.413068 1 0 1.000000
0  18.168373 -1.528832 65.210564  -0.309626 -0.390497 0.866974  0.581072 0.395489 1 0 1.000000
driverswat
0  16.420362 -0.083628 64.618721  -0.487033 0.020702 0.873138  0.604511 0.413068 1 0 1.000000
0  17.562763 -2.024331 64.591187  -0.261270 -0.340089 0.903370  0.591815 0.387677 1 0 1.000000
0  18.168373 -1.528832 65.210564  -0.309626 -0.390497 0.866974  0.581072 0.395489 1 0 1.000000
driverswat
0  17.562763 -2.024331 64.591187  -0.261270 -0.340089 0.903370  0.591815 0.387677 1 0 1.000000
0  18.718925 -3.084147 64.219566  -0.006724 -0.604922 0.796257  0.579119 0.362285 1 0 1.000000
0  18.168373 -1.528832 65.210564  -0.309626 -0.390497 0.866974  0.581072 0.395489 1 0 1.000000
driverswat
0  18.168373 -1.528832 65.210564  -0.309626 -0.390497 0.866974  0.581072 0.395489 1 0 1.000000
0  18.718925 -3.084147 64.219566  -0.006724 -0.604922 0.796257  0.579119 0.362285 1 0 1.000000
0  20.274239 -2.795106 64.646248  -0.239421 -0.578750 0.779568  0.547868 0.375957 1 0 1.000000
driverswat
0  18.718925 -3.084147 64.219566  -0.006724 -0.604922 0.796257  0.579119 0.362285 1 0 1.000000
0  21.347820 -5.905735 62.251335  -0.493024 -0.770403 0.404237  0.523453 0.317362 1 0 1.000000
0  20.274239 -2.795106 64.646248  -0.239421 -0.578750 0.779568  0.547868 0.375957 1 0 1.000000
driverswat
0  22.985718 -3.978797 65.224327  -0.251750 -0.641410 0.724717  0.496109 0.376934 1 0 1.000000
0  20.274239 -2.795106 64.646248  -0.239421 -0.578750 0.779568  0.547868 0.375957 1 0 1.000000
0  21.347820 -5.905735 62.251335  -0.493024 -0.770403 0.404237  0.523453 0.317362 1 0 1.000000
driverswat
0  22.985718 0.563273 66.889755  -0.651660 0.237272 0.720445  0.513688 0.444319 1 0 1.000000
0  19.971436 -0.978278 65.761124  -0.238430 -0.359947 0.901992  0.552751 0.410138 1 0 1.000000
0  23.095829 -1.831637 66.504364  -0.697534 -0.397728 0.596036  0.492203 0.415998 1 0 1.000000
driverswat
0  22.985718 0.563273 66.889755  -0.651660 0.237272 0.720445  0.513688 0.444319 1 0 1.000000
0  19.709923 0.907370 66.229088  -0.268444 0.167488 0.948623  0.561541 0.438459 1 0 1.000000
0  19.971436 -0.978278 65.761124  -0.238430 -0.359947 0.901992  0.552751 0.410138 1 0 1.000000
driverswat
0  19.709923 0.907370 66.229088  -0.268444 0.167488 0.948623  0.561541 0.438459 1 0 1.000000
0  18.058260 0.797258 65.651009  -0.435997 0.158668 0.885850  0.583026 0.420881 1 0 1.000000
0  19.971436 -0.978278 65.761124  -0.238430 -0.359947 0.901992  0.552751 0.410138 1 0 1.000000
driverswat
0  21.733208 3.894124 56.167717  -0.288927 0.908767 -0.301106  0.710959 0.270486 1 0 1.000000
0  22.146122 5.132872 62.210045  -0.152823 0.978932 0.135418  0.721702 0.354472 1 0 1.000000
0  25.986237 4.293277 55.864914  -0.000000 0.963354 -0.268234  0.769555 0.268532 1 0 1.000000
driverswat
0  20.136600 4.664901 61.989822  -0.305848 0.946040 0.107077  0.695334 0.354472 1 0 1.000000
0  22.146122 5.132872 62.210045  -0.152823 0.978932 0.135418  0.721702 0.354472 1 0 1.000000
0  21.733208 3.894124 56.167717  -0.288927 0.908767 -0.301106  0.710959 0.270486 1 0 1.000000
driverswat
0  22.091068 3.770250 65.086685  -0.229341 0.739076 0.633380  0.719749 0.392560 1 0 1.000000
0  22.146122 5.132872 62.210045  -0.152823 0.978932 0.135418  0.721702 0.354472 1 0 1.000000
0  20.136600 4.664901 61.989822  -0.305848 0.946040 0.107077  0.695334 0.354472 1 0 1.000000
driverswat
0  19.943909 3.027002 64.549896  -0.283501 0.731096 0.620584  0.689474 0.393536 1 0 1.000000
0  22.091068 3.770250 65.086685  -0.229341 0.739076 0.633380  0.719749 0.392560 1 0 1.000000
0  20.136600 4.664901 61.989822  -0.305848 0.946040 0.107077  0.695334 0.354472 1 0 1.000000
driverswat
0  22.091068 3.770250 65.086685  -0.229341 0.739076 0.633380  0.719749 0.392560 1 0 1.000000
0  19.943909 3.027002 64.549896  -0.283501 0.731096 0.620584  0.689474 0.393536 1 0 1.000000
0  19.709923 0.907370 66.229088  -0.268444 0.167488 0.948623  0.679708 0.431623 1 0 1.000000
driverswat
0  19.709923 0.907370 66.229088  -0.268444 0.167488 0.948623  0.679708 0.431623 1 0 1.000000
0  19.943909 3.027002 64.549896  -0.283501 0.731096 0.620584  0.689474 0.393536 1 0 1.000000
0  17.755455 2.903127 64.219566  -0.427478 0.710448 0.559041  0.661153 0.387677 1 0 1.000000
driverswat
0  18.058260 0.797258 65.651009  -0.435997 0.158668 0.885850  0.653340 0.425764 1 0 1.000000
0  19.709923 0.907370 66.229088  -0.268444 0.167488 0.948623  0.679708 0.431623 1 0 1.000000
0  17.755455 2.903127 64.219566  -0.427478 0.710448 0.559041  0.661153 0.387677 1 0 1.000000
driverswat
0  16.420362 -0.083628 64.618721  -0.487033 0.020702 0.873138  0.624043 0.414045 1 0 1.000000
0  18.058260 0.797258 65.651009  -0.435997 0.158668 0.885850  0.653340 0.425764 1 0 1.000000
0  17.755455 2.903127 64.219566  -0.427478 0.710448 0.559041  0.661153 0.387677 1 0 1.000000
driverswat
0  15.938628 1.292756 64.054398  -0.695082 0.454952 0.556668  0.629902 0.386700 1 0 1.000000
0  16.420362 -0.083628 64.618721  -0.487033 0.020702 0.873138  0.624043 0.414045 1 0 1.000000
0  17.755455 2.903127 64.219566  -0.427478 0.710448 0.559041  0.661153 0.387677 1 0 1.000000
driverswat
0  16.117558 2.201170 61.480560  -0.748646 0.660461 -0.057623  0.635762 0.360332 1 0 1.000000
0  15.938628 1.292756 64.054398  -0.695082 0.454952 0.556668  0.629902 0.386700 1 0 1.000000
0  17.755455 2.903127 64.219566  -0.427478 0.710448 0.559041  0.661153 0.387677 1 0 1.000000
driverswat
0  18.140842 4.031763 62.017349  -0.457472 0.886844 0.065023  0.669942 0.359355 1 0 1.000000
0  16.117558 2.201170 61.480560  -0.748646 0.660461 -0.057623  0.635762 0.360332 1 0 1.000000
0  17.755455 2.903127 64.219566  -0.427478 0.710448 0.559041  0.661153 0.387677 1 0 1.000000
driverswat
0  16.929625 1.416631 58.094654  -0.663050 0.431385 -0.611778  0.632832 0.308573 1 0 1.000000
0  16.117558 2.201170 61.480560  -0.748646 0.660461 -0.057623  0.635762 0.360332 1 0 1.000000
0  18.140842 4.031763 62.017349  -0.457472 0.886844 0.065023  0.669942 0.359355 1 0 1.000000
driverswat
0  18.333538 2.490212 57.323879  -0.579410 0.536342 -0.613695  0.659200 0.293924 1 0 1.000000
0  16.929625 1.416631 58.094654  -0.663050 0.431385 -0.611778  0.632832 0.308573 1 0 1.000000
0  18.140842 4.031763 62.017349  -0.457472 0.886844 0.065023  0.669942 0.359355 1 0 1.000000
driverswat
0  18.484940 -1.487540 56.910965  -0.772105 0.131296 -0.621784  0.621113 0.259743 1 0 1.000000
0  16.929625 1.416631 58.094654  -0.663050 0.431385 -0.611778  0.632832 0.308573 1 0 1.000000
0  18.333538 2.490212 57.323879  -0.579410 0.536342 -0.613695  0.659200 0.293924 1 0 1.000000
driverswat
0  18.484940 -1.487540 56.910965  -0.772105 0.131296 -0.621784  0.621113 0.259743 1 0 1.000000
0  18.333538 2.490212 57.323879  -0.579410 0.536342 -0.613695  0.659200 0.293924 1 0 1.000000
0  20.274239 3.109584 56.264061  -0.610049 0.685757 -0.396961  0.687521 0.271462 1 0 1.000000
driverswat
0  18.484940 -1.487540 56.910965  -0.772105 0.131296 -0.621784  0.621113 0.259743 1 0 1.000000
0  20.274239 3.109584 56.264061  -0.610049 0.685757 -0.396961  0.687521 0.271462 1 0 1.000000
0  20.852322 1.182646 51.446716  -0.624127 0.669035 -0.403556  0.696310 0.177709 1 0 1.000000
driverswat
0  20.852322 1.182646 51.446716  -0.624127 0.669035 -0.403556  0.696310 0.177709 1 0 1.000000
0  20.274239 3.109584 56.264061  -0.610049 0.685757 -0.396961  0.687521 0.271462 1 0 1.000000
0  21.733208 3.894124 56.167717  -0.288927 0.908767 -0.301106  0.710959 0.270486 1 0 1.000000
driverswat
0  20.852322 1.182646 51.446716  -0.624127 0.669035 -0.403556  0.696310 0.177709 1 0 1.000000
0  21.733208 3.894124 56.167717  -0.288927 0.908767 -0.301106  0.710959 0.270486 1 0 1.000000
0  25.986237 2.448920 50.841106  -0.000000 0.869822 -0.493365  0.769555 0.179662 1 0 1.000000
driverswat
0  17.755455 2.903127 64.219566  -0.427478 0.710448 0.559041  0.661153 0.387677 1 0 1.000000
0  19.943909 3.027002 64.549896  -0.283501 0.731096 0.620584  0.689474 0.393536 1 0 1.000000
0  18.140842 4.031763 62.017349  -0.457472 0.886844 0.065023  0.669942 0.359355 1 0 1.000000
driverswat
0  19.943909 3.027002 64.549896  -0.283501 0.731096 0.620584  0.689474 0.393536 1 0 1.000000
0  20.136600 4.664901 61.989822  -0.305848 0.946040 0.107077  0.695334 0.354472 1 0 1.000000
0  18.140842 4.031763 62.017349  -0.457472 0.886844 0.065023  0.669942 0.359355 1 0 1.000000
driverswat
0  18.333538 2.490212 57.323879  -0.579410 0.536342 -0.613695  0.659200 0.293924 1 0 1.000000
0  18.140842 4.031763 62.017349  -0.457472 0.886844 0.065023  0.669942 0.359355 1 0 1.000000
0  20.136600 4.664901 61.989822  -0.305848 0.946040 0.107077  0.695334 0.354472 1 0 1.000000
driverswat
0  20.274239 3.109584 56.264061  -0.610049 0.685757 -0.396961  0.687521 0.271462 1 0 1.000000
0  18.333538 2.490212 57.323879  -0.579410 0.536342 -0.613695  0.659200 0.293924 1 0 1.000000
0  20.136600 4.664901 61.989822  -0.305848 0.946040 0.107077  0.695334 0.354472 1 0 1.000000
driverswat
0  20.274239 3.109584 56.264061  -0.610049 0.685757 -0.396961  0.687521 0.271462 1 0 1.000000
0  20.136600 4.664901 61.989822  -0.305848 0.946040 0.107077  0.695334 0.354472 1 0 1.000000
0  21.733208 3.894124 56.167717  -0.288927 0.908767 -0.301106  0.710959 0.270486 1 0 1.000000
driverswat
0  24.348339 2.008477 67.178795  -0.414938 0.756146 0.506034  0.746117 0.423811 1 0 1.000000
0  22.091068 3.770250 65.086685  -0.229341 0.739076 0.633380  0.719749 0.392560 1 0 1.000000
0  22.985718 0.563273 66.889755  -0.651660 0.237272 0.720445  0.723655 0.438459 1 0 1.000000
driverswat
0  22.091068 3.770250 65.086685  -0.229341 0.739076 0.633380  0.719749 0.392560 1 0 1.000000
0  19.709923 0.907370 66.229088  -0.268444 0.167488 0.948623  0.679708 0.431623 1 0 1.000000
0  22.985718 0.563273 66.889755  -0.651660 0.237272 0.720445  0.723655 0.438459 1 0 1.000000
driverswat
0  34.217018 2.903129 64.219566  0.427423 0.710444 0.559087  0.661153 0.387677 1 0 1.000000
0  33.831631 4.031763 62.017349  0.456968 0.887092 0.065174  0.669942 0.359355 1 0 1.000000
0  32.028564 3.027003 64.549896  0.283454 0.731103 0.620598  0.689474 0.393536 1 0 1.000000
driverswat
0  32.028564 3.027003 64.549896  0.283454 0.731103 0.620598  0.689474 0.393536 1 0 1.000000
0  33.831631 4.031763 62.017349  0.456968 0.887092 0.065174  0.669942 0.359355 1 0 1.000000
0  31.835873 4.664901 61.989822  0.305984 0.946007 0.106980  0.695334 0.354472 1 0 1.000000
driverswat
0  33.638939 2.490213 57.323879  0.579226 0.536289 -0.613915  0.659200 0.293924 1 0 1.000000
0  31.835873 4.664901 61.989822  0.305984 0.946007 0.106980  0.695334 0.354472 1 0 1.000000
0  33.831631 4.031763 62.017349  0.456968 0.887092 0.065174  0.669942 0.359355 1 0 1.000000
driverswat
0  31.698235 3.109585 56.264061  0.610048 0.685757 -0.396961  0.687521 0.271462 1 0 1.000000
0  31.835873 4.664901 61.989822  0.305984 0.946007 0.106980  0.695334 0.354472 1 0 1.000000
0  33.638939 2.490213 57.323879  0.579226 0.536289 -0.613915  0.659200 0.293924 1 0 1.000000
driverswat
0  31.698235 3.109585 56.264061  0.610048 0.685757 -0.396961  0.687521 0.271462 1 0 1.000000
0  30.239265 3.894125 56.167717  0.288926 0.908767 -0.301106  0.710959 0.270486 1 0 1.000000
0  31.835873 4.664901 61.989822  0.305984 0.946007 0.106980  0.695334 0.354472 1 0 1.000000
driverswat
0  31.835873 4.664901 61.989822  0.305984 0.946007 0.106980  0.695334 0.354472 1 0 1.000000
0  30.239265 3.894125 56.167717  0.288926 0.908767 -0.301106  0.710959 0.270486 1 0 1.000000
0  29.826351 5.132872 62.210045  0.152754 0.978928 0.135524  0.721702 0.354472 1 0 1.000000
driverswat
0  30.239265 3.894125 56.167717  0.288926 0.908767 -0.301106  0.710959 0.270486 1 0 1.000000
0  25.986237 4.293277 55.864914  -0.000000 0.963354 -0.268234  0.769555 0.268532 1 0 1.000000
0  29.826351 5.132872 62.210045  0.152754 0.978928 0.135524  0.721702 0.354472 1 0 1.000000
driverswat
0  29.826351 5.132872 62.210045  0.152754 0.978928 0.135524  0.721702 0.354472 1 0 1.000000
0  25.986237 4.293277 55.864914  -0.000000 0.963354 -0.268234  0.769555 0.268532 1 0 1.000000
0  25.986237 5.394385 62.210045  -0.000000 0.990981 0.134002  0.769555 0.351543 1 0 1.000000
driverswat
0  22.146122 5.132872 62.210045  -0.152823 0.978932 0.135418  0.721702 0.354472 1 0 1.000000
0  25.986237 5.394385 62.210045  -0.000000 0.990981 0.134002  0.769555 0.351543 1 0 1.000000
0  25.986237 4.293277 55.864914  -0.000000 0.963354 -0.268234  0.769555 0.268532 1 0 1.000000
driverswat
0  25.986237 5.394385 62.210045  -0.000000 0.990981 0.134002  0.769555 0.351543 1 0 1.000000
0  22.146122 5.132872 62.210045  -0.152823 0.978932 0.135418  0.721702 0.354472 1 0 1.000000
0  22.091068 3.770250 65.086685  -0.229341 0.739076 0.633380  0.719749 0.392560 1 0 1.000000
driverswat
0  25.986238 3.866598 65.403259  0.000000 0.827466 0.561515  0.769555 0.396466 1 0 1.000000
0  25.986237 5.394385 62.210045  -0.000000 0.990981 0.134002  0.769555 0.351543 1 0 1.000000
0  22.091068 3.770250 65.086685  -0.229341 0.739076 0.633380  0.719749 0.392560 1 0 1.000000
driverswat
0  25.986238 3.866598 65.403259  0.000000 0.827466 0.561515  0.769555 0.396466 1 0 1.000000
0  22.091068 3.770250 65.086685  -0.229341 0.739076 0.633380  0.719749 0.392560 1 0 1.000000
0  24.348339 2.008477 67.178795  -0.414938 0.756146 0.506034  0.746117 0.423811 1 0 1.000000
driverswat
0  25.986238 2.269991 67.330200  0.000000 0.932067 0.362286  0.762719 0.417951 1 0 1.000000
0  25.986238 3.866598 65.403259  0.000000 0.827466 0.561515  0.769555 0.396466 1 0 1.000000
0  24.348339 2.008477 67.178795  -0.414938 0.756146 0.506034  0.746117 0.423811 1 0 1.000000
driverswat
0  25.986238 2.269991 67.330200  0.000000 0.932067 0.362286  0.762719 0.417951 1 0 1.000000
0  27.624136 2.008477 67.178795  0.414883 0.756171 0.506040  0.746117 0.423811 1 0 1.000000
0  25.986238 3.866598 65.403259  0.000000 0.827466 0.561515  0.769555 0.396466 1 0 1.000000
driverswat
0  25.986238 3.866598 65.403259  0.000000 0.827466 0.561515  0.769555 0.396466 1 0 1.000000
0  27.624136 2.008477 67.178795  0.414883 0.756171 0.506040  0.746117 0.423811 1 0 1.000000
0  29.881407 3.770251 65.086685  0.229307 0.739102 0.633362  0.719749 0.392560 1 0 1.000000
driverswat
0  27.624136 2.008477 67.178795  0.414883 0.756171 0.506040  0.746117 0.423811 1 0 1.000000
0  28.986757 0.563273 66.889755  0.651629 0.237263 0.720476  0.723655 0.438459 1 0 1.000000
0  29.881407 3.770251 65.086685  0.229307 0.739102 0.633362  0.719749 0.392560 1 0 1.000000
driverswat
0  29.881407 3.770251 65.086685  0.229307 0.739102 0.633362  0.719749 0.392560 1 0 1.000000
0  28.986757 0.563273 66.889755  0.651629 0.237263 0.720476  0.723655 0.438459 1 0 1.000000
0  32.262554 0.907370 66.229088  0.268440 0.167482 0.948625  0.679708 0.431623 1 0 1.000000
driverswat
0  25.986238 3.866598 65.403259  0.000000 0.827466 0.561515  0.769555 0.396466 1 0 1.000000
0  29.881407 3.770251 65.086685  0.229307 0.739102 0.633362  0.719749 0.392560 1 0 1.000000
0  25.986237 5.394385 62.210045  -0.000000 0.990981 0.134002  0.769555 0.351543 1 0 1.000000
driverswat
0  25.986237 5.394385 62.210045  -0.000000 0.990981 0.134002  0.769555 0.351543 1 0 1.000000
0  29.881407 3.770251 65.086685  0.229307 0.739102 0.633362  0.719749 0.392560 1 0 1.000000
0  29.826351 5.132872 62.210045  0.152754 0.978928 0.135524  0.721702 0.354472 1 0 1.000000
driverswat
0  29.881407 3.770251 65.086685  0.229307 0.739102 0.633362  0.719749 0.392560 1 0 1.000000
0  31.835873 4.664901 61.989822  0.305984 0.946007 0.106980  0.695334 0.354472 1 0 1.000000
0  29.826351 5.132872 62.210045  0.152754 0.978928 0.135524  0.721702 0.354472 1 0 1.000000
driverswat
0  32.028564 3.027003 64.549896  0.283454 0.731103 0.620598  0.689474 0.393536 1 0 1.000000
0  31.835873 4.664901 61.989822  0.305984 0.946007 0.106980  0.695334 0.354472 1 0 1.000000
0  29.881407 3.770251 65.086685  0.229307 0.739102 0.633362  0.719749 0.392560 1 0 1.000000
driverswat
0  29.881407 3.770251 65.086685  0.229307 0.739102 0.633362  0.719749 0.392560 1 0 1.000000
0  32.262554 0.907370 66.229088  0.268440 0.167482 0.948625  0.679708 0.431623 1 0 1.000000
0  32.028564 3.027003 64.549896  0.283454 0.731103 0.620598  0.689474 0.393536 1 0 1.000000
driverswat
0  32.262554 0.907370 66.229088  0.268440 0.167482 0.948625  0.679708 0.431623 1 0 1.000000
0  34.217018 2.903129 64.219566  0.427423 0.710444 0.559087  0.661153 0.387677 1 0 1.000000
0  32.028564 3.027003 64.549896  0.283454 0.731103 0.620598  0.689474 0.393536 1 0 1.000000
driverswat
0  33.914215 0.797259 65.651009  0.435797 0.158635 0.885955  0.653340 0.425764 1 0 1.000000
0  34.217018 2.903129 64.219566  0.427423 0.710444 0.559087  0.661153 0.387677 1 0 1.000000
0  32.262554 0.907370 66.229088  0.268440 0.167482 0.948625  0.679708 0.431623 1 0 1.000000
driverswat
0  35.552113 -0.083627 64.618721  0.487168 0.020670 0.873064  0.624043 0.414045 1 0 1.000000
0  34.217018 2.903129 64.219566  0.427423 0.710444 0.559087  0.661153 0.387677 1 0 1.000000
0  33.914215 0.797259 65.651009  0.435797 0.158635 0.885955  0.653340 0.425764 1 0 1.000000
driverswat
0  36.033848 1.292758 64.054398  0.695064 0.454996 0.556655  0.629902 0.386700 1 0 1.000000
0  34.217018 2.903129 64.219566  0.427423 0.710444 0.559087  0.661153 0.387677 1 0 1.000000
0  35.552113 -0.083627 64.618721  0.487168 0.020670 0.873064  0.624043 0.414045 1 0 1.000000
driverswat
0  35.854916 2.201172 61.480560  0.748641 0.660467 -0.057612  0.635762 0.360332 1 0 1.000000
0  34.217018 2.903129 64.219566  0.427423 0.710444 0.559087  0.661153 0.387677 1 0 1.000000
0  36.033848 1.292758 64.054398  0.695064 0.454996 0.556655  0.629902 0.386700 1 0 1.000000
driverswat
0  33.831631 4.031763 62.017349  0.456968 0.887092 0.065174  0.669942 0.359355 1 0 1.000000
0  34.217018 2.903129 64.219566  0.427423 0.710444 0.559087  0.661153 0.387677 1 0 1.000000
0  35.854916 2.201172 61.480560  0.748641 0.660467 -0.057612  0.635762 0.360332 1 0 1.000000
driverswat
0  35.042850 1.416633 58.094654  0.663013 0.431675 -0.611613  0.632832 0.308573 1 0 1.000000
0  33.831631 4.031763 62.017349  0.456968 0.887092 0.065174  0.669942 0.359355 1 0 1.000000
0  35.854916 2.201172 61.480560  0.748641 0.660467 -0.057612  0.635762 0.360332 1 0 1.000000
driverswat
0  33.638939 2.490213 57.323879  0.579226 0.536289 -0.613915  0.659200 0.293924 1 0 1.000000
0  33.831631 4.031763 62.017349  0.456968 0.887092 0.065174  0.669942 0.359355 1 0 1.000000
0  35.042850 1.416633 58.094654  0.663013 0.431675 -0.611613  0.632832 0.308573 1 0 1.000000
driverswat
0  33.487534 -1.487539 56.910965  0.772085 0.131365 -0.621794  0.621113 0.259743 1 0 1.000000
0  33.638939 2.490213 57.323879  0.579226 0.536289 -0.613915  0.659200 0.293924 1 0 1.000000
0  35.042850 1.416633 58.094654  0.663013 0.431675 -0.611613  0.632832 0.308573 1 0 1.000000
driverswat
0  33.487534 -1.487539 56.910965  0.772085 0.131365 -0.621794  0.621113 0.259743 1 0 1.000000
0  31.698235 3.109585 56.264061  0.610048 0.685757 -0.396961  0.687521 0.271462 1 0 1.000000
0  33.638939 2.490213 57.323879  0.579226 0.536289 -0.613915  0.659200 0.293924 1 0 1.000000
driverswat
0  33.487534 -1.487539 56.910965  0.772085 0.131365 -0.621794  0.621113 0.259743 1 0 1.000000
0  31.120152 1.182647 51.446716  0.623824 0.669201 -0.403749  0.696310 0.177709 1 0 1.000000
0  31.698235 3.109585 56.264061  0.610048 0.685757 -0.396961  0.687521 0.271462 1 0 1.000000
driverswat
0  31.120152 1.182647 51.446716  0.623824 0.669201 -0.403749  0.696310 0.177709 1 0 1.000000
0  30.239265 3.894125 56.167717  0.288926 0.908767 -0.301106  0.710959 0.270486 1 0 1.000000
0  31.698235 3.109585 56.264061  0.610048 0.685757 -0.396961  0.687521 0.271462 1 0 1.000000
driverswat
0  31.120152 1.182647 51.446716  0.623824 0.669201 -0.403749  0.696310 0.177709 1 0 1.000000
0  25.986237 2.448920 50.841106  -0.000000 0.869822 -0.493365  0.769555 0.179662 1 0 1.000000
0  30.239265 3.894125 56.167717  0.288926 0.908767 -0.301106  0.710959 0.270486 1 0 1.000000
driverswat
0  30.239265 3.894125 56.167717  0.288926 0.908767 -0.301106  0.710959 0.270486 1 0 1.000000
0  25.986237 2.448920 50.841106  -0.000000 0.869822 -0.493365  0.769555 0.179662 1 0 1.000000
0  25.986237 4.293277 55.864914  -0.000000 0.963354 -0.268234  0.769555 0.268532 1 0 1.000000
driverswat
0  21.733208 3.894124 56.167717  -0.288927 0.908767 -0.301106  0.710959 0.270486 1 0 1.000000
0  25.986237 4.293277 55.864914  -0.000000 0.963354 -0.268234  0.769555 0.268532 1 0 1.000000
0  25.986237 2.448920 50.841106  -0.000000 0.869822 -0.493365  0.769555 0.179662 1 0 1.000000
driverswat
0  33.556358 -38.154434 43.560028  0.006144 -0.263915 0.964526  0.126957 0.069308 1 0 1.000000
0  35.786098 -30.446678 45.748482  0.893638 -0.160587 0.419073  0.162114 0.151341 1 0 1.000000
0  33.102150 -30.859589 48.473724  0.096781 -0.484690 0.869315  0.126957 0.162084 1 0 1.000000
driverswat
0  30.817350 -38.250778 41.935898  -0.877816 -0.223621 0.423596  0.087893 0.066378 1 0 1.000000
0  29.922699 -30.419144 46.243980  -0.846947 -0.336568 0.411586  0.089846 0.160131 1 0 1.000000
0  30.184212 -33.364609 40.284233  -0.881064 0.090226 -0.464312  0.044923 0.107395 1 0 1.000000
driverswat
0  30.817350 -38.250778 41.935898  -0.877816 -0.223621 0.423596  0.087893 0.066378 1 0 1.000000
0  33.556358 -38.154434 43.560028  0.006144 -0.263915 0.964526  0.126957 0.069308 1 0 1.000000
0  29.922699 -30.419144 46.243980  -0.846947 -0.336568 0.411586  0.089846 0.160131 1 0 1.000000
driverswat
0  33.556358 -38.154434 43.560028  0.006144 -0.263915 0.964526  0.126957 0.069308 1 0 1.000000
0  33.102150 -30.859589 48.473724  0.096781 -0.484690 0.869315  0.126957 0.162084 1 0 1.000000
0  29.922699 -30.419144 46.243980  -0.846947 -0.336568 0.411586  0.089846 0.160131 1 0 1.000000
driverswat
0  33.102150 -30.859589 48.473724  0.096781 -0.484690 0.869315  0.126957 0.162084 1 0 1.000000
0  32.097389 -25.656858 50.758522  -0.039466 -0.101171 0.994086  0.122074 0.209937 1 0 1.000000
0  29.922699 -30.419144 46.243980  -0.846947 -0.336568 0.411586  0.089846 0.160131 1 0 1.000000
driverswat
0  33.102150 -30.859589 48.473724  0.096781 -0.484690 0.869315  0.126957 0.162084 1 0 1.000000
0  35.386948 -24.665861 48.707710  0.809372 0.068110 0.583334  0.154302 0.212867 1 0 1.000000
0  32.097389 -25.656858 50.758522  -0.039466 -0.101171 0.994086  0.122074 0.209937 1 0 1.000000
driverswat
0  35.786098 -30.446678 45.748482  0.893638 -0.160587 0.419073  0.162114 0.151341 1 0 1.000000
0  35.386948 -24.665861 48.707710  0.809372 0.068110 0.583334  0.154302 0.212867 1 0 1.000000
0  33.102150 -30.859589 48.473724  0.096781 -0.484690 0.869315  0.126957 0.162084 1 0 1.000000
driverswat
0  35.386948 -24.665861 48.707710  0.809372 0.068110 0.583334  0.154302 0.212867 1 0 1.000000
0  35.786098 -30.446678 45.748482  0.893638 -0.160587 0.419073  0.162114 0.151341 1 0 1.000000
0  35.648460 -23.798738 44.592319  0.941393 0.093010 -0.324236  0.195318 0.210913 1 0 1.000000
driverswat
0  36.625694 -33.419670 40.132832  0.880384 0.246931 -0.404906  0.205084 0.098605 1 0 1.000000
0  35.648460 -23.798738 44.592319  0.941393 0.093010 -0.324236  0.195318 0.210913 1 0 1.000000
0  35.786098 -30.446678 45.748482  0.893638 -0.160587 0.419073  0.162114 0.151341 1 0 1.000000
driverswat
0  36.625694 -33.419670 40.132832  0.880384 0.246931 -0.404906  0.205084 0.098605 1 0 1.000000
0  33.446243 -32.662659 38.481171  0.008062 0.385586 -0.922637  0.244148 0.100558 1 0 1.000000
0  35.648460 -23.798738 44.592319  0.941393 0.093010 -0.324236  0.195318 0.210913 1 0 1.000000
driverswat
0  33.446243 -32.662659 38.481171  0.008062 0.385586 -0.922637  0.244148 0.100558 1 0 1.000000
0  36.625694 -33.419670 40.132832  0.880384 0.246931 -0.404906  0.205084 0.098605 1 0 1.000000
0  33.872925 -41.306358 35.012680  -0.070662 0.308077 -0.948734  0.244148 0.006806 1 0 1.000000
driverswat
0  36.625694 -33.419670 40.132832  0.880384 0.246931 -0.404906  0.205084 0.098605 1 0 1.000000
0  37.217541 -42.311119 37.311241  0.925426 0.143862 -0.350557  0.208991 0.006806 1 0 1.000000
0  33.872925 -41.306358 35.012680  -0.070662 0.308077 -0.948734  0.244148 0.006806 1 0 1.000000
driverswat
0  37.217541 -42.311119 37.311241  0.925426 0.143862 -0.350557  0.208991 0.006806 1 0 1.000000
0  36.625694 -33.419670 40.132832  0.880384 0.246931 -0.404906  0.205084 0.098605 1 0 1.000000
0  36.653221 -38.264542 41.812019  0.872221 -0.080363 0.482465  0.169927 0.058565 1 0 1.000000
driverswat
0  36.543110 -42.902962 40.504456  0.907199 -0.133959 0.398805  0.171880 0.006806 1 0 1.000000
0  37.217541 -42.311119 37.311241  0.925426 0.143862 -0.350557  0.208991 0.006806 1 0 1.000000
0  36.653221 -38.264542 41.812019  0.872221 -0.080363 0.482465  0.169927 0.058565 1 0 1.000000
driverswat
0  33.914215 -43.536095 43.711433  -0.041047 -0.183031 0.982250  0.130863 0.006806 1 0 1.000000
0  36.543110 -42.902962 40.504456  0.907199 -0.133959 0.398805  0.171880 0.006806 1 0 1.000000
0  36.653221 -38.264542 41.812019  0.872221 -0.080363 0.482465  0.169927 0.058565 1 0 1.000000
driverswat
0  33.446243 -32.662659 38.481171  0.008062 0.385586 -0.922637  0.244148 0.100558 1 0 1.000000
0  32.083622 -23.234421 42.486450  0.023731 -0.107970 -0.993871  0.244148 0.202124 1 0 1.000000
0  35.648460 -23.798738 44.592319  0.941393 0.093010 -0.324236  0.195318 0.210913 1 0 1.000000
driverswat
0  36.653221 -38.264542 41.812019  0.872221 -0.080363 0.482465  0.169927 0.058565 1 0 1.000000
0  36.625694 -33.419670 40.132832  0.880384 0.246931 -0.404906  0.205084 0.098605 1 0 1.000000
0  35.786098 -30.446678 45.748482  0.893638 -0.160587 0.419073  0.162114 0.151341 1 0 1.000000
driverswat
0  36.653221 -38.264542 41.812019  0.872221 -0.080363 0.482465  0.169927 0.058565 1 0 1.000000
0  35.786098 -30.446678 45.748482  0.893638 -0.160587 0.419073  0.162114 0.151341 1 0 1.000000
0  33.556358 -38.154434 43.560028  0.006144 -0.263915 0.964526  0.126957 0.069308 1 0 1.000000
driverswat
0  33.556358 -38.154434 43.560028  0.006144 -0.263915 0.964526  0.126957 0.069308 1 0 1.000000
0  33.914215 -43.536095 43.711433  -0.041047 -0.183031 0.982250  0.130863 0.006806 1 0 1.000000
0  36.653221 -38.264542 41.812019  0.872221 -0.080363 0.482465  0.169927 0.058565 1 0 1.000000
driverswat
0  33.914215 -43.536095 43.711433  -0.041047 -0.183031 0.982250  0.130863 0.006806 1 0 1.000000
0  33.556358 -38.154434 43.560028  0.006144 -0.263915 0.964526  0.126957 0.069308 1 0 1.000000
0  30.817350 -38.250778 41.935898  -0.877816 -0.223621 0.423596  0.087893 0.066378 1 0 1.000000
driverswat
0  31.822111 -43.632446 40.986191  -0.902580 -0.231552 0.362950  0.096683 0.006806 1 0 1.000000
0  33.914215 -43.536095 43.711433  -0.041047 -0.183031 0.982250  0.130863 0.006806 1 0 1.000000
0  30.817350 -38.250778 41.935898  -0.877816 -0.223621 0.423596  0.087893 0.066378 1 0 1.000000
driverswat
0  31.822111 -43.632446 40.986191  -0.902580 -0.231552 0.362950  0.096683 0.006806 1 0 1.000000
0  30.817350 -38.250778 41.935898  -0.877816 -0.223621 0.423596  0.087893 0.066378 1 0 1.000000
0  31.244030 -43.068130 37.022202  -0.934305 -0.004116 -0.356452  0.053713 0.006806 1 0 1.000000
driverswat
0  31.244030 -43.068130 37.022202  -0.934305 -0.004116 -0.356452  0.053713 0.006806 1 0 1.000000
0  30.817350 -38.250778 41.935898  -0.877816 -0.223621 0.423596  0.087893 0.066378 1 0 1.000000
0  30.184212 -33.364609 40.284233  -0.881064 0.090226 -0.464312  0.044923 0.107395 1 0 1.000000
driverswat
0  31.244030 -43.068130 37.022202  -0.934305 -0.004116 -0.356452  0.053713 0.006806 1 0 1.000000
0  30.184212 -33.364609 40.284233  -0.881064 0.090226 -0.464312  0.044923 0.107395 1 0 1.000000
0  33.872925 -41.306358 35.012680  -0.070662 0.308077 -0.948734  0.002930 0.006806 1 0 1.000000
driverswat
0  30.184212 -33.364609 40.284233  -0.881064 0.090226 -0.464312  0.044923 0.107395 1 0 1.000000
0  33.446243 -32.662659 38.481171  0.008062 0.385586 -0.922637  0.002930 0.103488 1 0 1.000000
0  33.872925 -41.306358 35.012680  -0.070662 0.308077 -0.948734  0.002930 0.006806 1 0 1.000000
driverswat
0  33.446243 -32.662659 38.481171  0.008062 0.385586 -0.922637  0.002930 0.103488 1 0 1.000000
0  30.184212 -33.364609 40.284233  -0.881064 0.090226 -0.464312  0.044923 0.107395 1 0 1.000000
0  32.083622 -23.234421 42.486450  0.023731 -0.107970 -0.993871  0.002930 0.202124 1 0 1.000000
driverswat
0  30.184212 -33.364609 40.284233  -0.881064 0.090226 -0.464312  0.044923 0.107395 1 0 1.000000
0  28.945465 -23.867558 44.523499  -0.907262 -0.187485 -0.376464  0.048830 0.217750 1 0 1.000000
0  32.083622 -23.234421 42.486450  0.023731 -0.107970 -0.993871  0.002930 0.202124 1 0 1.000000
driverswat
0  30.184212 -33.364609 40.284233  -0.881064 0.090226 -0.464312  0.044923 0.107395 1 0 1.000000
0  29.922699 -30.419144 46.243980  -0.846947 -0.336568 0.411586  0.089846 0.160131 1 0 1.000000
0  28.945465 -23.867558 44.523499  -0.907262 -0.187485 -0.376464  0.048830 0.217750 1 0 1.000000
driverswat
0  29.922699 -30.419144 46.243980  -0.846947 -0.336568 0.411586  0.089846 0.160131 1 0 1.000000
0  28.986757 -25.133831 48.501251  -0.852857 -0.155398 0.498485  0.091800 0.215796 1 0 1.000000
0  28.945465 -23.867558 44.523499  -0.907262 -0.187485 -0.376464  0.048830 0.217750 1 0 1.000000
driverswat
0  32.097389 -25.656858 50.758522  -0.039466 -0.101171 0.994086  0.122074 0.209937 1 0 1.000000
0  28.986757 -25.133831 48.501251  -0.852857 -0.155398 0.498485  0.091800 0.215796 1 0 1.000000
0  29.922699 -30.419144 46.243980  -0.846947 -0.336568 0.411586  0.089846 0.160131 1 0 1.000000
driverswat
0  32.097389 -25.656858 50.758522  -0.039466 -0.101171 0.994086  0.122074 0.209937 1 0 1.000000
0  30.803585 -18.623529 48.790291  -0.095967 0.258886 0.961129  0.117191 0.290017 1 0 1.000000
0  28.986757 -25.133831 48.501251  -0.852857 -0.155398 0.498485  0.091800 0.215796 1 0 1.000000
driverswat
0  32.097389 -25.656858 50.758522  -0.039466 -0.101171 0.994086  0.122074 0.209937 1 0 1.000000
0  35.386948 -24.665861 48.707710  0.809372 0.068110 0.583334  0.154302 0.212867 1 0 1.000000
0  30.803585 -18.623529 48.790291  -0.095967 0.258886 0.961129  0.117191 0.290017 1 0 1.000000
driverswat
0  35.386948 -24.665861 48.707710  0.809372 0.068110 0.583334  0.154302 0.212867 1 0 1.000000
0  34.822628 -18.004158 46.422913  0.811626 0.220959 0.540778  0.166021 0.290994 1 0 1.000000
0  30.803585 -18.623529 48.790291  -0.095967 0.258886 0.961129  0.117191 0.290017 1 0 1.000000
driverswat
0  34.822628 -18.004158 46.422913  0.811626 0.220959 0.540778  0.166021 0.290994 1 0 1.000000
0  35.386948 -24.665861 48.707710  0.809372 0.068110 0.583334  0.154302 0.212867 1 0 1.000000
0  35.648460 -23.798738 44.592319  0.941393 0.093010 -0.324236  0.195318 0.210913 1 0 1.000000
driverswat
0  30.803585 -18.623529 48.790291  -0.095967 0.258886 0.961129  0.117191 0.290017 1 0 1.000000
0  27.651665 -18.651060 46.450439  -0.901805 -0.073654 0.425821  0.077151 0.296854 1 0 1.000000
0  28.986757 -25.133831 48.501251  -0.852857 -0.155398 0.498485  0.091800 0.215796 1 0 1.000000
driverswat
0  28.986757 -25.133831 48.501251  -0.852857 -0.155398 0.498485  0.091800 0.215796 1 0 1.000000
0  27.651665 -18.651060 46.450439  -0.901805 -0.073654 0.425821  0.077151 0.296854 1 0 1.000000
0  28.945465 -23.867558 44.523499  -0.907262 -0.187485 -0.376464  0.048830 0.217750 1 0 1.000000
driverswat
0  27.651665 -18.651060 46.450439  -0.901805 -0.073654 0.425821  0.077151 0.296854 1 0 1.000000
0  28.064579 -18.306963 40.724678  -0.672170 -0.460485 -0.579777  0.036134 0.289041 1 0 1.000000
0  28.945465 -23.867558 44.523499  -0.907262 -0.187485 -0.376464  0.048830 0.217750 1 0 1.000000
driverswat
0  28.945465 -23.867558 44.523499  -0.907262 -0.187485 -0.376464  0.048830 0.217750 1 0 1.000000
0  28.064579 -18.306963 40.724678  -0.672170 -0.460485 -0.579777  0.036134 0.289041 1 0 1.000000
0  32.083622 -23.234421 42.486450  0.023731 -0.107970 -0.993871  0.002930 0.202124 1 0 1.000000
driverswat
0  32.083622 -23.234421 42.486450  0.023731 -0.107970 -0.993871  0.002930 0.202124 1 0 1.000000
0  28.064579 -18.306963 40.724678  -0.672170 -0.460485 -0.579777  0.036134 0.289041 1 0 1.000000
0  32.276314 -17.825228 39.940140  0.278031 -0.405234 -0.870910  0.002930 0.274392 1 0 1.000000
driverswat
0  28.064579 -18.306963 40.724678  -0.672170 -0.460485 -0.579777  0.036134 0.289041 1 0 1.000000
0  30.156683 -10.860721 35.576996  0.161563 -0.211171 -0.964004  0.002930 0.345683 1 0 1.000000
0  32.276314 -17.825228 39.940140  0.278031 -0.405234 -0.870910  0.002930 0.274392 1 0 1.000000
driverswat
0  26.000000 -10.915775 37.724159  -0.000000 -0.537415 -0.843318  0.023438 0.360332 1 0 1.000000
0  30.156683 -10.860721 35.576996  0.161563 -0.211171 -0.964004  0.002930 0.345683 1 0 1.000000
0  28.064579 -18.306963 40.724678  -0.672170 -0.460485 -0.579777  0.036134 0.289041 1 0 1.000000
driverswat
0  26.000000 -10.915775 37.724159  -0.000000 -0.537415 -0.843318  0.023438 0.360332 1 0 1.000000
0  26.000000 -6.951788 35.797218  0.000043 0.160276 -0.987072  0.006836 0.429670 1 0 1.000000
0  30.156683 -10.860721 35.576996  0.161563 -0.211171 -0.964004  0.002930 0.345683 1 0 1.000000
driverswat
0  26.000000 -10.915775 37.724159  -0.000000 -0.537415 -0.843318  0.023438 0.360332 1 0 1.000000
0  21.843319 -10.860722 35.577000  -0.161563 -0.211172 -0.964004  0.002930 0.345683 1 0 1.000000
0  26.000000 -6.951788 35.797218  0.000043 0.160276 -0.987072  0.006836 0.429670 1 0 1.000000
driverswat
0  26.000000 -10.915775 37.724159  -0.000000 -0.537415 -0.843318  0.023438 0.360332 1 0 1.000000
0  23.935425 -18.306963 40.724678  0.672170 -0.460485 -0.579777  0.036134 0.289041 1 0 1.000000
0  21.843319 -10.860722 35.577000  -0.161563 -0.211172 -0.964004  0.002930 0.345683 1 0 1.000000
driverswat
0  23.935425 -18.306963 40.724678  0.672170 -0.460485 -0.579777  0.036134 0.289041 1 0 1.000000
0  19.723686 -17.825228 39.940140  -0.278031 -0.405234 -0.870910  0.002930 0.274392 1 0 1.000000
0  21.843319 -10.860722 35.577000  -0.161563 -0.211172 -0.964004  0.002930 0.345683 1 0 1.000000
driverswat
0  19.916382 -23.234421 42.486450  -0.023731 -0.107970 -0.993871  0.002930 0.202124 1 0 1.000000
0  19.723686 -17.825228 39.940140  -0.278031 -0.405234 -0.870910  0.002930 0.274392 1 0 1.000000
0  23.935425 -18.306963 40.724678  0.672170 -0.460485 -0.579777  0.036134 0.289041 1 0 1.000000
driverswat
0  27.651665 -18.651060 46.450439  -0.901805 -0.073654 0.425821  0.077151 0.296854 1 0 1.000000
0  26.000002 -11.672789 43.312279  0.000000 -0.999799 -0.020033  0.047853 0.368145 1 0 1.000000
0  28.064579 -18.306963 40.724678  -0.672170 -0.460485 -0.579777  0.036134 0.289041 1 0 1.000000
driverswat
0  26.000002 -11.672789 43.312279  0.000000 -0.999799 -0.020033  0.047853 0.368145 1 0 1.000000
0  26.000000 -10.915775 37.724159  -0.000000 -0.537415 -0.843318  0.023438 0.360332 1 0 1.000000
0  28.064579 -18.306963 40.724678  -0.672170 -0.460485 -0.579777  0.036134 0.289041 1 0 1.000000
driverswat
0  26.000002 -11.672789 43.312279  0.000000 -0.999799 -0.020033  0.047853 0.368145 1 0 1.000000
0  23.935425 -18.306963 40.724678  0.672170 -0.460485 -0.579777  0.036134 0.289041 1 0 1.000000
0  26.000000 -10.915775 37.724159  -0.000000 -0.537415 -0.843318  0.023438 0.360332 1 0 1.000000
driverswat
0  20.755978 -43.068130 37.022202  0.934322 -0.004153 -0.356407  0.053713 0.006806 1 0 1.000000
0  21.815792 -33.364609 40.284233  0.881064 0.090227 -0.464312  0.044923 0.107395 1 0 1.000000
0  21.182655 -38.250778 41.935898  0.877660 -0.223443 0.424013  0.087893 0.066378 1 0 1.000000
driverswat
0  20.755978 -43.068130 37.022202  0.934322 -0.004153 -0.356407  0.053713 0.006806 1 0 1.000000
0  18.127081 -41.306358 35.012680  0.070650 0.308035 -0.948748  0.002930 0.006806 1 0 1.000000
0  21.815792 -33.364609 40.284233  0.881064 0.090227 -0.464312  0.044923 0.107395 1 0 1.000000
driverswat
0  21.815792 -33.364609 40.284233  0.881064 0.090227 -0.464312  0.044923 0.107395 1 0 1.000000
0  18.127081 -41.306358 35.012680  0.070650 0.308035 -0.948748  0.002930 0.006806 1 0 1.000000
0  18.553759 -32.662659 38.481171  -0.008114 0.385622 -0.922621  0.002930 0.103488 1 0 1.000000
driverswat
0  18.553759 -32.662659 38.481171  -0.008114 0.385622 -0.922621  0.002930 0.103488 1 0 1.000000
0  19.916382 -23.234421 42.486450  -0.023731 -0.107970 -0.993871  0.002930 0.202124 1 0 1.000000
0  21.815792 -33.364609 40.284233  0.881064 0.090227 -0.464312  0.044923 0.107395 1 0 1.000000
driverswat
0  21.815792 -33.364609 40.284233  0.881064 0.090227 -0.464312  0.044923 0.107395 1 0 1.000000
0  19.916382 -23.234421 42.486450  -0.023731 -0.107970 -0.993871  0.002930 0.202124 1 0 1.000000
0  23.054539 -23.867558 44.523499  0.907451 -0.187681 -0.375910  0.048830 0.217750 1 0 1.000000
driverswat
0  23.054539 -23.867558 44.523499  0.907451 -0.187681 -0.375910  0.048830 0.217750 1 0 1.000000
0  19.916382 -23.234421 42.486450  -0.023731 -0.107970 -0.993871  0.002930 0.202124 1 0 1.000000
0  23.935425 -18.306963 40.724678  0.672170 -0.460485 -0.579777  0.036134 0.289041 1 0 1.000000
driverswat
0  24.348339 -18.651060 46.450439  0.901715 -0.073616 0.426018  0.077151 0.296854 1 0 1.000000
0  23.054539 -23.867558 44.523499  0.907451 -0.187681 -0.375910  0.048830 0.217750 1 0 1.000000
0  23.935425 -18.306963 40.724678  0.672170 -0.460485 -0.579777  0.036134 0.289041 1 0 1.000000
driverswat
0  24.348339 -18.651060 46.450439  0.901715 -0.073616 0.426018  0.077151 0.296854 1 0 1.000000
0  23.935425 -18.306963 40.724678  0.672170 -0.460485 -0.579777  0.036134 0.289041 1 0 1.000000
0  26.000002 -11.672789 43.312279  0.000000 -0.999799 -0.020033  0.047853 0.368145 1 0 1.000000
driverswat
0  24.348339 -18.651060 46.450439  0.901715 -0.073616 0.426018  0.077151 0.296854 1 0 1.000000
0  26.000002 -11.672789 43.312279  0.000000 -0.999799 -0.020033  0.047853 0.368145 1 0 1.000000
0  25.545794 -12.195814 45.872360  0.481507 -0.804959 0.346688  0.061525 0.405255 1 0 1.000000
driverswat
0  25.545794 -12.195814 45.872360  0.481507 -0.804959 0.346688  0.061525 0.405255 1 0 1.000000
0  21.746973 -12.925299 47.207451  -0.019230 0.250036 0.968046  0.119144 0.389630 1 0 1.000000
0  24.348339 -18.651060 46.450439  0.901715 -0.073616 0.426018  0.077151 0.296854 1 0 1.000000
driverswat
0  21.746973 -12.925299 47.207451  -0.019230 0.250036 0.968046  0.119144 0.389630 1 0 1.000000
0  25.545794 -12.195814 45.872360  0.481507 -0.804959 0.346688  0.061525 0.405255 1 0 1.000000
0  21.320293 -10.957069 46.477966  -0.463310 -0.433055 0.773180  0.131840 0.437483 1 0 1.000000
driverswat
0  21.196419 -18.623529 48.790291  0.096289 0.258970 0.961074  0.117191 0.290017 1 0 1.000000
0  24.348339 -18.651060 46.450439  0.901715 -0.073616 0.426018  0.077151 0.296854 1 0 1.000000
0  21.746973 -12.925299 47.207451  -0.019230 0.250036 0.968046  0.119144 0.389630 1 0 1.000000
driverswat
0  21.196419 -18.623529 48.790291  0.096289 0.258970 0.961074  0.117191 0.290017 1 0 1.000000
0  23.013247 -25.133831 48.501251  0.852768 -0.155408 0.498633  0.091800 0.215796 1 0 1.000000
0  24.348339 -18.651060 46.450439  0.901715 -0.073616 0.426018  0.077151 0.296854 1 0 1.000000
driverswat
0  23.013247 -25.133831 48.501251  0.852768 -0.155408 0.498633  0.091800 0.215796 1 0 1.000000
0  23.054539 -23.867558 44.523499  0.907451 -0.187681 -0.375910  0.048830 0.217750 1 0 1.000000
0  24.348339 -18.651060 46.450439  0.901715 -0.073616 0.426018  0.077151 0.296854 1 0 1.000000
driverswat
0  22.077305 -30.419144 46.243980  0.846947 -0.336568 0.411586  0.089846 0.160131 1 0 1.000000
0  23.054539 -23.867558 44.523499  0.907451 -0.187681 -0.375910  0.048830 0.217750 1 0 1.000000
0  23.013247 -25.133831 48.501251  0.852768 -0.155408 0.498633  0.091800 0.215796 1 0 1.000000
driverswat
0  21.815792 -33.364609 40.284233  0.881064 0.090227 -0.464312  0.044923 0.107395 1 0 1.000000
0  23.054539 -23.867558 44.523499  0.907451 -0.187681 -0.375910  0.048830 0.217750 1 0 1.000000
0  22.077305 -30.419144 46.243980  0.846947 -0.336568 0.411586  0.089846 0.160131 1 0 1.000000
driverswat
0  21.182655 -38.250778 41.935898  0.877660 -0.223443 0.424013  0.087893 0.066378 1 0 1.000000
0  21.815792 -33.364609 40.284233  0.881064 0.090227 -0.464312  0.044923 0.107395 1 0 1.000000
0  22.077305 -30.419144 46.243980  0.846947 -0.336568 0.411586  0.089846 0.160131 1 0 1.000000
driverswat
0  19.902618 -25.656858 50.758522  0.039523 -0.101204 0.994080  0.122074 0.209937 1 0 1.000000
0  23.013247 -25.133831 48.501251  0.852768 -0.155408 0.498633  0.091800 0.215796 1 0 1.000000
0  21.196419 -18.623529 48.790291  0.096289 0.258970 0.961074  0.117191 0.290017 1 0 1.000000
driverswat
0  19.902618 -25.656858 50.758522  0.039523 -0.101204 0.994080  0.122074 0.209937 1 0 1.000000
0  22.077305 -30.419144 46.243980  0.846947 -0.336568 0.411586  0.089846 0.160131 1 0 1.000000
0  23.013247 -25.133831 48.501251  0.852768 -0.155408 0.498633  0.091800 0.215796 1 0 1.000000
driverswat
0  20.329294 -4.859684 37.462646  -0.518469 0.548543 -0.655965  0.253914 0.414045 1 0 1.000000
0  26.000000 -6.951788 35.797218  0.000043 0.160276 -0.987072  0.287118 0.385723 1 0 1.000000
0  21.843319 -10.860722 35.577000  -0.161563 -0.211172 -0.964004  0.256844 0.359355 1 0 1.000000
driverswat
0  21.843319 -10.860722 35.577000  -0.161563 -0.211172 -0.964004  0.256844 0.359355 1 0 1.000000
0  16.654346 -9.924780 39.953903  -0.932641 0.090237 -0.349339  0.221686 0.383770 1 0 1.000000
0  20.329294 -4.859684 37.462646  -0.518469 0.548543 -0.655965  0.253914 0.414045 1 0 1.000000
driverswat
0  20.329294 -4.859684 37.462646  -0.518469 0.548543 -0.655965  0.253914 0.414045 1 0 1.000000
0  16.654346 -9.924780 39.953903  -0.932641 0.090237 -0.349339  0.221686 0.383770 1 0 1.000000
0  18.374828 -5.644222 41.963425  -0.844978 0.534281 -0.023576  0.225593 0.439436 1 0 1.000000
driverswat
0  16.654346 -9.924780 39.953903  -0.932641 0.090237 -0.349339  0.221686 0.383770 1 0 1.000000
0  18.127079 -8.135479 45.748482  -0.935466 -0.016969 0.353008  0.185553 0.455061 1 0 1.000000
0  18.374828 -5.644222 41.963425  -0.844978 0.534281 -0.023576  0.225593 0.439436 1 0 1.000000
driverswat
0  17.535233 -11.645261 44.661140  -0.831624 0.082638 0.549157  0.180670 0.389630 1 0 1.000000
0  18.127079 -8.135479 45.748482  -0.935466 -0.016969 0.353008  0.185553 0.455061 1 0 1.000000
0  16.654346 -9.924780 39.953903  -0.932641 0.090237 -0.349339  0.221686 0.383770 1 0 1.000000
driverswat
0  17.535233 -11.645261 44.661140  -0.831624 0.082638 0.549157  0.180670 0.389630 1 0 1.000000
0  21.320293 -10.957069 46.477966  -0.463310 -0.433055 0.773180  0.131840 0.437483 1 0 1.000000
0  18.127079 -8.135479 45.748482  -0.935466 -0.016969 0.353008  0.185553 0.455061 1 0 1.000000
driverswat
0  21.746973 -12.925299 47.207451  -0.019230 0.250036 0.968046  0.119144 0.389630 1 0 1.000000
0  21.320293 -10.957069 46.477966  -0.463310 -0.433055 0.773180  0.131840 0.437483 1 0 1.000000
0  17.535233 -11.645261 44.661140  -0.831624 0.082638 0.549157  0.180670 0.389630 1 0 1.000000
driverswat
0  17.177376 -18.004160 46.422913  -0.811599 0.220941 0.540826  0.166021 0.290994 1 0 1.000000
0  21.746973 -12.925299 47.207451  -0.019230 0.250036 0.968046  0.119144 0.389630 1 0 1.000000
0  17.535233 -11.645261 44.661140  -0.831624 0.082638 0.549157  0.180670 0.389630 1 0 1.000000
driverswat
0  21.196419 -18.623529 48.790291  0.096289 0.258970 0.961074  0.117191 0.290017 1 0 1.000000
0  21.746973 -12.925299 47.207451  -0.019230 0.250036 0.968046  0.119144 0.389630 1 0 1.000000
0  17.177376 -18.004160 46.422913  -0.811599 0.220941 0.540826  0.166021 0.290994 1 0 1.000000
driverswat
0  16.613056 -24.665861 48.707710  -0.809372 0.068110 0.583334  0.154302 0.212867 1 0 1.000000
0  21.196419 -18.623529 48.790291  0.096289 0.258970 0.961074  0.117191 0.290017 1 0 1.000000
0  17.177376 -18.004160 46.422913  -0.811599 0.220941 0.540826  0.166021 0.290994 1 0 1.000000
driverswat
0  19.902618 -25.656858 50.758522  0.039523 -0.101204 0.994080  0.122074 0.209937 1 0 1.000000
0  21.196419 -18.623529 48.790291  0.096289 0.258970 0.961074  0.117191 0.290017 1 0 1.000000
0  16.613056 -24.665861 48.707710  -0.809372 0.068110 0.583334  0.154302 0.212867 1 0 1.000000
driverswat
0  18.897858 -30.859589 48.473724  -0.096781 -0.484690 0.869315  0.126957 0.162084 1 0 1.000000
0  19.902618 -25.656858 50.758522  0.039523 -0.101204 0.994080  0.122074 0.209937 1 0 1.000000
0  16.613056 -24.665861 48.707710  -0.809372 0.068110 0.583334  0.154302 0.212867 1 0 1.000000
driverswat
0  18.897858 -30.859589 48.473724  -0.096781 -0.484690 0.869315  0.126957 0.162084 1 0 1.000000
0  22.077305 -30.419144 46.243980  0.846947 -0.336568 0.411586  0.089846 0.160131 1 0 1.000000
0  19.902618 -25.656858 50.758522  0.039523 -0.101204 0.994080  0.122074 0.209937 1 0 1.000000
driverswat
0  18.443649 -38.154434 43.560032  -0.006220 -0.263854 0.964543  0.126957 0.069308 1 0 1.000000
0  22.077305 -30.419144 46.243980  0.846947 -0.336568 0.411586  0.089846 0.160131 1 0 1.000000
0  18.897858 -30.859589 48.473724  -0.096781 -0.484690 0.869315  0.126957 0.162084 1 0 1.000000
driverswat
0  21.182655 -38.250778 41.935898  0.877660 -0.223443 0.424013  0.087893 0.066378 1 0 1.000000
0  22.077305 -30.419144 46.243980  0.846947 -0.336568 0.411586  0.089846 0.160131 1 0 1.000000
0  18.443649 -38.154434 43.560032  -0.006220 -0.263854 0.964543  0.126957 0.069308 1 0 1.000000
driverswat
0  18.085791 -43.536095 43.711433  0.040609 -0.183169 0.982242  0.130863 0.006806 1 0 1.000000
0  21.182655 -38.250778 41.935898  0.877660 -0.223443 0.424013  0.087893 0.066378 1 0 1.000000
0  18.443649 -38.154434 43.560032  -0.006220 -0.263854 0.964543  0.126957 0.069308 1 0 1.000000
driverswat
0  20.177895 -43.632446 40.986191  0.902557 -0.231844 0.362821  0.096683 0.006806 1 0 1.000000
0  21.182655 -38.250778 41.935898  0.877660 -0.223443 0.424013  0.087893 0.066378 1 0 1.000000
0  18.085791 -43.536095 43.711433  0.040609 -0.183169 0.982242  0.130863 0.006806 1 0 1.000000
driverswat
0  20.177895 -43.632446 40.986191  0.902557 -0.231844 0.362821  0.096683 0.006806 1 0 1.000000
0  20.755978 -43.068130 37.022202  0.934322 -0.004153 -0.356407  0.053713 0.006806 1 0 1.000000
0  21.182655 -38.250778 41.935898  0.877660 -0.223443 0.424013  0.087893 0.066378 1 0 1.000000
driverswat
0  16.613056 -17.838991 42.059772  -0.898851 -0.136239 -0.416540  0.209967 0.288064 1 0 1.000000
0  17.535233 -11.645261 44.661140  -0.831624 0.082638 0.549157  0.180670 0.389630 1 0 1.000000
0  16.654346 -9.924780 39.953903  -0.932641 0.090237 -0.349339  0.221686 0.383770 1 0 1.000000
driverswat
0  17.177376 -18.004160 46.422913  -0.811599 0.220941 0.540826  0.166021 0.290994 1 0 1.000000
0  17.535233 -11.645261 44.661140  -0.831624 0.082638 0.549157  0.180670 0.389630 1 0 1.000000
0  16.613056 -17.838991 42.059772  -0.898851 -0.136239 -0.416540  0.209967 0.288064 1 0 1.000000
driverswat
0  17.177376 -18.004160 46.422913  -0.811599 0.220941 0.540826  0.166021 0.290994 1 0 1.000000
0  16.613056 -17.838991 42.059772  -0.898851 -0.136239 -0.416540  0.209967 0.288064 1 0 1.000000
0  16.351543 -23.798738 44.592319  -0.941393 0.093011 -0.324236  0.195318 0.210913 1 0 1.000000
driverswat
0  17.177376 -18.004160 46.422913  -0.811599 0.220941 0.540826  0.166021 0.290994 1 0 1.000000
0  16.351543 -23.798738 44.592319  -0.941393 0.093011 -0.324236  0.195318 0.210913 1 0 1.000000
0  16.613056 -24.665861 48.707710  -0.809372 0.068110 0.583334  0.154302 0.212867 1 0 1.000000
driverswat
0  16.613056 -24.665861 48.707710  -0.809372 0.068110 0.583334  0.154302 0.212867 1 0 1.000000
0  16.351543 -23.798738 44.592319  -0.941393 0.093011 -0.324236  0.195318 0.210913 1 0 1.000000
0  16.213905 -30.446678 45.748482  -0.893990 -0.160398 0.418394  0.162114 0.151341 1 0 1.000000
driverswat
0  16.213905 -30.446678 45.748482  -0.893990 -0.160398 0.418394  0.162114 0.151341 1 0 1.000000
0  18.897858 -30.859589 48.473724  -0.096781 -0.484690 0.869315  0.126957 0.162084 1 0 1.000000
0  16.613056 -24.665861 48.707710  -0.809372 0.068110 0.583334  0.154302 0.212867 1 0 1.000000
driverswat
0  18.443649 -38.154434 43.560032  -0.006220 -0.263854 0.964543  0.126957 0.069308 1 0 1.000000
0  18.897858 -30.859589 48.473724  -0.096781 -0.484690 0.869315  0.126957 0.162084 1 0 1.000000
0  16.213905 -30.446678 45.748482  -0.893990 -0.160398 0.418394  0.162114 0.151341 1 0 1.000000
driverswat
0  15.346785 -38.264542 41.812023  -0.872221 -0.080363 0.482465  0.169927 0.058565 1 0 1.000000
0  18.443649 -38.154434 43.560032  -0.006220 -0.263854 0.964543  0.126957 0.069308 1 0 1.000000
0  16.213905 -30.446678 45.748482  -0.893990 -0.160398 0.418394  0.162114 0.151341 1 0 1.000000
driverswat
0  18.443649 -38.154434 43.560032  -0.006220 -0.263854 0.964543  0.126957 0.069308 1 0 1.000000
0  15.346785 -38.264542 41.812023  -0.872221 -0.080363 0.482465  0.169927 0.058565 1 0 1.000000
0  18.085791 -43.536095 43.711433  0.040609 -0.183169 0.982242  0.130863 0.006806 1 0 1.000000
driverswat
0  18.085791 -43.536095 43.711433  0.040609 -0.183169 0.982242  0.130863 0.006806 1 0 1.000000
0  15.346785 -38.264542 41.812023  -0.872221 -0.080363 0.482465  0.169927 0.058565 1 0 1.000000
0  15.456895 -42.902962 40.504456  -0.907199 -0.133959 0.398805  0.171880 0.006806 1 0 1.000000
driverswat
0  15.456895 -42.902962 40.504456  -0.907199 -0.133959 0.398805  0.171880 0.006806 1 0 1.000000
0  15.346785 -38.264542 41.812023  -0.872221 -0.080363 0.482465  0.169927 0.058565 1 0 1.000000
0  14.782466 -42.311119 37.311245  -0.925426 0.143862 -0.350558  0.208991 0.006806 1 0 1.000000
driverswat
0  14.782466 -42.311119 37.311245  -0.925426 0.143862 -0.350558  0.208991 0.006806 1 0 1.000000
0  15.346785 -38.264542 41.812023  -0.872221 -0.080363 0.482465  0.169927 0.058565 1 0 1.000000
0  15.374311 -33.419670 40.132835  -0.880384 0.246931 -0.404906  0.205084 0.098605 1 0 1.000000
driverswat
0  15.374311 -33.419670 40.132835  -0.880384 0.246931 -0.404906  0.205084 0.098605 1 0 1.000000
0  18.127081 -41.306358 35.012680  0.070650 0.308035 -0.948748  0.244148 0.006806 1 0 1.000000
0  14.782466 -42.311119 37.311245  -0.925426 0.143862 -0.350558  0.208991 0.006806 1 0 1.000000
driverswat
0  18.553759 -32.662659 38.481171  -0.008114 0.385622 -0.922621  0.244148 0.100558 1 0 1.000000
0  18.127081 -41.306358 35.012680  0.070650 0.308035 -0.948748  0.244148 0.006806 1 0 1.000000
0  15.374311 -33.419670 40.132835  -0.880384 0.246931 -0.404906  0.205084 0.098605 1 0 1.000000
driverswat
0  15.374311 -33.419670 40.132835  -0.880384 0.246931 -0.404906  0.205084 0.098605 1 0 1.000000
0  16.351543 -23.798738 44.592319  -0.941393 0.093011 -0.324236  0.195318 0.210913 1 0 1.000000
0  18.553759 -32.662659 38.481171  -0.008114 0.385622 -0.922621  0.244148 0.100558 1 0 1.000000
driverswat
0  18.553759 -32.662659 38.481171  -0.008114 0.385622 -0.922621  0.244148 0.100558 1 0 1.000000
0  16.351543 -23.798738 44.592319  -0.941393 0.093011 -0.324236  0.195318 0.210913 1 0 1.000000
0  19.916382 -23.234421 42.486450  -0.023731 -0.107970 -0.993871  0.244148 0.202124 1 0 1.000000
driverswat
0  16.351543 -23.798738 44.592319  -0.941393 0.093011 -0.324236  0.195318 0.210913 1 0 1.000000
0  16.613056 -17.838991 42.059772  -0.898851 -0.136239 -0.416540  0.209967 0.288064 1 0 1.000000
0  19.916382 -23.234421 42.486450  -0.023731 -0.107970 -0.993871  0.244148 0.202124 1 0 1.000000
driverswat
0  19.916382 -23.234421 42.486450  -0.023731 -0.107970 -0.993871  0.244148 0.202124 1 0 1.000000
0  16.613056 -17.838991 42.059772  -0.898851 -0.136239 -0.416540  0.209967 0.288064 1 0 1.000000
0  19.723686 -17.825228 39.940140  -0.278031 -0.405234 -0.870910  0.244148 0.274392 1 0 1.000000
driverswat
0  16.613056 -17.838991 42.059772  -0.898851 -0.136239 -0.416540  0.209967 0.288064 1 0 1.000000
0  16.654346 -9.924780 39.953903  -0.932641 0.090237 -0.349339  0.221686 0.383770 1 0 1.000000
0  19.723686 -17.825228 39.940140  -0.278031 -0.405234 -0.870910  0.244148 0.274392 1 0 1.000000
driverswat
0  19.723686 -17.825228 39.940140  -0.278031 -0.405234 -0.870910  0.244148 0.274392 1 0 1.000000
0  16.654346 -9.924780 39.953903  -0.932641 0.090237 -0.349339  0.221686 0.383770 1 0 1.000000
0  21.843319 -10.860722 35.577000  -0.161563 -0.211172 -0.964004  0.256844 0.359355 1 0 1.000000
driverswat
0  15.374311 -33.419670 40.132835  -0.880384 0.246931 -0.404906  0.205084 0.098605 1 0 1.000000
0  16.213905 -30.446678 45.748482  -0.893990 -0.160398 0.418394  0.162114 0.151341 1 0 1.000000
0  16.351543 -23.798738 44.592319  -0.941393 0.093011 -0.324236  0.195318 0.210913 1 0 1.000000
driverswat
0  15.346785 -38.264542 41.812023  -0.872221 -0.080363 0.482465  0.169927 0.058565 1 0 1.000000
0  16.213905 -30.446678 45.748482  -0.893990 -0.160398 0.418394  0.162114 0.151341 1 0 1.000000
0  15.374311 -33.419670 40.132835  -0.880384 0.246931 -0.404906  0.205084 0.098605 1 0 1.000000
driverswat
0  19.861324 -4.212782 44.509735  -0.823451 0.561679 -0.080283  0.222663 0.480453 1 0 1.000000
0  18.333538 -5.602930 47.854355  -0.996747 0.080594 0.000149  0.191412 0.491195 1 0 1.000000
0  20.934904 -1.625178 47.056046  -0.632960 0.717385 -0.291068  0.240242 0.516587 1 0 1.000000
driverswat
0  20.934904 -1.625178 47.056046  -0.632960 0.717385 -0.291068  0.240242 0.516587 1 0 1.000000
0  22.338816 -1.790345 42.403870  -0.402331 0.880384 -0.251106  0.256844 0.473617 1 0 1.000000
0  19.861324 -4.212782 44.509735  -0.823451 0.561679 -0.080283  0.222663 0.480453 1 0 1.000000
driverswat
0  25.986237 -0.427724 46.739479  -0.000000 0.929500 -0.368822  0.287118 0.516587 1 0 1.000000
0  22.338816 -1.790345 42.403870  -0.402331 0.880384 -0.251106  0.256844 0.473617 1 0 1.000000
0  20.934904 -1.625178 47.056046  -0.632960 0.717385 -0.291068  0.240242 0.516587 1 0 1.000000
driverswat
0  34.822628 -18.004158 46.422913  0.811626 0.220959 0.540778  0.166021 0.290994 1 0 1.000000
0  35.648460 -23.798738 44.592319  0.941393 0.093010 -0.324236  0.195318 0.210913 1 0 1.000000
0  35.386948 -17.838991 42.059769  0.898851 -0.136238 -0.416541  0.209967 0.288064 1 0 1.000000
driverswat
0  35.648460 -23.798738 44.592319  0.941393 0.093010 -0.324236  0.195318 0.210913 1 0 1.000000
0  32.083622 -23.234421 42.486450  0.023731 -0.107970 -0.993871  0.244148 0.202124 1 0 1.000000
0  35.386948 -17.838991 42.059769  0.898851 -0.136238 -0.416541  0.209967 0.288064 1 0 1.000000
driverswat
0  32.083622 -23.234421 42.486450  0.023731 -0.107970 -0.993871  0.244148 0.202124 1 0 1.000000
0  32.276314 -17.825228 39.940140  0.278031 -0.405234 -0.870910  0.244148 0.274392 1 0 1.000000
0  35.386948 -17.838991 42.059769  0.898851 -0.136238 -0.416541  0.209967 0.288064 1 0 1.000000
driverswat
0  35.386948 -17.838991 42.059769  0.898851 -0.136238 -0.416541  0.209967 0.288064 1 0 1.000000
0  32.276314 -17.825228 39.940140  0.278031 -0.405234 -0.870910  0.244148 0.274392 1 0 1.000000
0  35.345654 -9.924778 39.953903  0.932641 0.090238 -0.349339  0.221686 0.383770 1 0 1.000000
driverswat
0  32.276314 -17.825228 39.940140  0.278031 -0.405234 -0.870910  0.244148 0.274392 1 0 1.000000
0  30.156683 -10.860721 35.576996  0.161563 -0.211171 -0.964004  0.256844 0.359355 1 0 1.000000
0  35.345654 -9.924778 39.953903  0.932641 0.090238 -0.349339  0.221686 0.383770 1 0 1.000000
driverswat
0  30.156683 -10.860721 35.576996  0.161563 -0.211171 -0.964004  0.256844 0.359355 1 0 1.000000
0  31.670706 -4.859682 37.462646  0.517921 0.548764 -0.656213  0.253914 0.414045 1 0 1.000000
0  35.345654 -9.924778 39.953903  0.932641 0.090238 -0.349339  0.221686 0.383770 1 0 1.000000
driverswat
0  31.670706 -4.859682 37.462646  0.517921 0.548764 -0.656213  0.253914 0.414045 1 0 1.000000
0  30.156683 -10.860721 35.576996  0.161563 -0.211171 -0.964004  0.256844 0.359355 1 0 1.000000
0  26.000000 -6.951788 35.797218  0.000043 0.160276 -0.987072  0.287118 0.385723 1 0 1.000000
driverswat
0  25.986237 -3.221785 37.834270  -0.000329 0.757583 -0.652738  0.287118 0.416974 1 0 1.000000
0  31.670706 -4.859682 37.462646  0.517921 0.548764 -0.656213  0.253914 0.414045 1 0 1.000000
0  26.000000 -6.951788 35.797218  0.000043 0.160276 -0.987072  0.287118 0.385723 1 0 1.000000
driverswat
0  25.986237 -3.221785 37.834270  -0.000329 0.757583 -0.652738  0.287118 0.416974 1 0 1.000000
0  26.000000 -6.951788 35.797218  0.000043 0.160276 -0.987072  0.287118 0.385723 1 0 1.000000
0  20.329294 -4.859684 37.462646  -0.518469 0.548543 -0.655965  0.253914 0.414045 1 0 1.000000
driverswat
0  22.338816 -1.790345 42.403870  -0.402331 0.880384 -0.251106  0.256844 0.473617 1 0 1.000000
0  25.986237 -3.221785 37.834270  -0.000329 0.757583 -0.652738  0.287118 0.416974 1 0 1.000000
0  20.329294 -4.859684 37.462646  -0.518469 0.548543 -0.655965  0.253914 0.414045 1 0 1.000000
driverswat
0  20.329294 -4.859684 37.462646  -0.518469 0.548543 -0.655965  0.253914 0.414045 1 0 1.000000
0  18.374828 -5.644222 41.963425  -0.844978 0.534281 -0.023576  0.225593 0.439436 1 0 1.000000
0  22.338816 -1.790345 42.403870  -0.402331 0.880384 -0.251106  0.256844 0.473617 1 0 1.000000
driverswat
0  22.338816 -1.790345 42.403870  -0.402331 0.880384 -0.251106  0.256844 0.473617 1 0 1.000000
0  18.374828 -5.644222 41.963425  -0.844978 0.534281 -0.023576  0.225593 0.439436 1 0 1.000000
0  19.861324 -4.212782 44.509735  -0.823451 0.561679 -0.080283  0.222663 0.480453 1 0 1.000000
driverswat
0  19.861324 -4.212782 44.509735  -0.823451 0.561679 -0.080283  0.222663 0.480453 1 0 1.000000
0  18.374828 -5.644222 41.963425  -0.844978 0.534281 -0.023576  0.225593 0.439436 1 0 1.000000
0  18.127079 -8.135479 45.748482  -0.935466 -0.016969 0.353008  0.185553 0.455061 1 0 1.000000
driverswat
0  18.127079 -8.135479 45.748482  -0.935466 -0.016969 0.353008  0.185553 0.455061 1 0 1.000000
0  18.333538 -5.602930 47.854355  -0.996747 0.080594 0.000149  0.191412 0.491195 1 0 1.000000
0  19.861324 -4.212782 44.509735  -0.823451 0.561679 -0.080283  0.222663 0.480453 1 0 1.000000
driverswat
0  18.333538 -5.602930 47.854355  -0.996747 0.080594 0.000149  0.191412 0.491195 1 0 1.000000
0  18.127079 -8.135479 45.748482  -0.935466 -0.016969 0.353008  0.185553 0.455061 1 0 1.000000
0  20.659628 -10.117474 48.404907  -0.633115 -0.724427 0.272711  0.140629 0.468734 1 0 1.000000
driverswat
0  20.659628 -10.117474 48.404907  -0.633115 -0.724427 0.272711  0.140629 0.468734 1 0 1.000000
0  18.127079 -8.135479 45.748482  -0.935466 -0.016969 0.353008  0.185553 0.455061 1 0 1.000000
0  21.320293 -10.957069 46.477966  -0.463310 -0.433055 0.773180  0.131840 0.437483 1 0 1.000000
driverswat
0  20.659628 -10.117474 48.404907  -0.633115 -0.724427 0.272711  0.140629 0.468734 1 0 1.000000
0  21.320293 -10.957069 46.477966  -0.463310 -0.433055 0.773180  0.131840 0.437483 1 0 1.000000
0  26.000002 -12.071939 48.432434  0.000003 -0.979797 0.199997  0.047853 0.452132 1 0 1.000000
driverswat
0  26.000002 -12.071939 48.432434  0.000003 -0.979797 0.199997  0.047853 0.452132 1 0 1.000000
0  21.320293 -10.957069 46.477966  -0.463310 -0.433055 0.773180  0.131840 0.437483 1 0 1.000000
0  25.545794 -12.195814 45.872360  0.481507 -0.804959 0.346688  0.061525 0.405255 1 0 1.000000
driverswat
0  22.338816 -1.790345 42.403870  -0.402331 0.880384 -0.251106  0.256844 0.473617 1 0 1.000000
0  25.986237 -1.418720 42.279991  -0.000031 0.954367 -0.298638  0.287118 0.479476 1 0 1.000000
0  25.986237 -3.221785 37.834270  -0.000329 0.757583 -0.652738  0.287118 0.416974 1 0 1.000000
driverswat
0  29.633656 -1.790345 42.403870  0.401790 0.880571 -0.251317  0.256844 0.473617 1 0 1.000000
0  25.986237 -3.221785 37.834270  -0.000329 0.757583 -0.652738  0.287118 0.416974 1 0 1.000000
0  25.986237 -1.418720 42.279991  -0.000031 0.954367 -0.298638  0.287118 0.479476 1 0 1.000000
driverswat
0  29.633656 -1.790345 42.403870  0.401790 0.880571 -0.251317  0.256844 0.473617 1 0 1.000000
0  31.670706 -4.859682 37.462646  0.517921 0.548764 -0.656213  0.253914 0.414045 1 0 1.000000
0  25.986237 -3.221785 37.834270  -0.000329 0.757583 -0.652738  0.287118 0.416974 1 0 1.000000
driverswat
0  31.670706 -4.859682 37.462646  0.517921 0.548764 -0.656213  0.253914 0.414045 1 0 1.000000
0  29.633656 -1.790345 42.403870  0.401790 0.880571 -0.251317  0.256844 0.473617 1 0 1.000000
0  33.625172 -5.644221 41.963425  0.845184 0.533984 -0.022921  0.225593 0.439436 1 0 1.000000
driverswat
0  31.670706 -4.859682 37.462646  0.517921 0.548764 -0.656213  0.253914 0.414045 1 0 1.000000
0  33.625172 -5.644221 41.963425  0.845184 0.533984 -0.022921  0.225593 0.439436 1 0 1.000000
0  35.345654 -9.924778 39.953903  0.932641 0.090238 -0.349339  0.221686 0.383770 1 0 1.000000
driverswat
0  26.000002 -12.085703 45.665901  -0.000001 -0.994021 -0.109192  0.047853 0.402326 1 0 1.000000
0  26.000002 -12.071939 48.432434  0.000003 -0.979797 0.199997  0.047853 0.452132 1 0 1.000000
0  25.545794 -12.195814 45.872360  0.481507 -0.804959 0.346688  0.061525 0.405255 1 0 1.000000
driverswat
0  26.000002 -11.672789 43.312279  0.000000 -0.999799 -0.020033  0.047853 0.368145 1 0 1.000000
0  26.000002 -12.085703 45.665901  -0.000001 -0.994021 -0.109192  0.047853 0.402326 1 0 1.000000
0  25.545794 -12.195814 45.872360  0.481507 -0.804959 0.346688  0.061525 0.405255 1 0 1.000000
driverswat
0  26.000002 -11.672789 43.312279  0.000000 -0.999799 -0.020033  0.047853 0.368145 1 0 1.000000
0  26.454208 -12.195814 45.872360  -0.481505 -0.804957 0.346696  0.061525 0.405255 1 0 1.000000
0  26.000002 -12.085703 45.665901  -0.000001 -0.994021 -0.109192  0.047853 0.402326 1 0 1.000000
driverswat
0  27.651665 -18.651060 46.450439  -0.901805 -0.073654 0.425821  0.077151 0.296854 1 0 1.000000
0  26.454208 -12.195814 45.872360  -0.481505 -0.804957 0.346696  0.061525 0.405255 1 0 1.000000
0  26.000002 -11.672789 43.312279  0.000000 -0.999799 -0.020033  0.047853 0.368145 1 0 1.000000
driverswat
0  26.454208 -12.195814 45.872360  -0.481505 -0.804957 0.346696  0.061525 0.405255 1 0 1.000000
0  27.651665 -18.651060 46.450439  -0.901805 -0.073654 0.425821  0.077151 0.296854 1 0 1.000000
0  30.253029 -12.925299 47.207451  0.019230 0.250036 0.968046  0.119144 0.389630 1 0 1.000000
driverswat
0  30.803585 -18.623529 48.790291  -0.095967 0.258886 0.961129  0.117191 0.290017 1 0 1.000000
0  30.253029 -12.925299 47.207451  0.019230 0.250036 0.968046  0.119144 0.389630 1 0 1.000000
0  27.651665 -18.651060 46.450439  -0.901805 -0.073654 0.425821  0.077151 0.296854 1 0 1.000000
driverswat
0  30.803585 -18.623529 48.790291  -0.095967 0.258886 0.961129  0.117191 0.290017 1 0 1.000000
0  34.822628 -18.004158 46.422913  0.811626 0.220959 0.540778  0.166021 0.290994 1 0 1.000000
0  30.253029 -12.925299 47.207451  0.019230 0.250036 0.968046  0.119144 0.389630 1 0 1.000000
driverswat
0  34.822628 -18.004158 46.422913  0.811626 0.220959 0.540778  0.166021 0.290994 1 0 1.000000
0  34.464767 -11.645259 44.661140  0.831624 0.082639 0.549156  0.180670 0.389630 1 0 1.000000
0  30.253029 -12.925299 47.207451  0.019230 0.250036 0.968046  0.119144 0.389630 1 0 1.000000
driverswat
0  34.822628 -18.004158 46.422913  0.811626 0.220959 0.540778  0.166021 0.290994 1 0 1.000000
0  35.386948 -17.838991 42.059769  0.898851 -0.136238 -0.416541  0.209967 0.288064 1 0 1.000000
0  34.464767 -11.645259 44.661140  0.831624 0.082639 0.549156  0.180670 0.389630 1 0 1.000000
driverswat
0  35.386948 -17.838991 42.059769  0.898851 -0.136238 -0.416541  0.209967 0.288064 1 0 1.000000
0  35.345654 -9.924778 39.953903  0.932641 0.090238 -0.349339  0.221686 0.383770 1 0 1.000000
0  34.464767 -11.645259 44.661140  0.831624 0.082639 0.549156  0.180670 0.389630 1 0 1.000000
driverswat
0  34.464767 -11.645259 44.661140  0.831624 0.082639 0.549156  0.180670 0.389630 1 0 1.000000
0  35.345654 -9.924778 39.953903  0.932641 0.090238 -0.349339  0.221686 0.383770 1 0 1.000000
0  33.872921 -8.135477 45.748482  0.935470 -0.016967 0.352998  0.185553 0.455061 1 0 1.000000
driverswat
0  35.345654 -9.924778 39.953903  0.932641 0.090238 -0.349339  0.221686 0.383770 1 0 1.000000
0  33.625172 -5.644221 41.963425  0.845184 0.533984 -0.022921  0.225593 0.439436 1 0 1.000000
0  33.872921 -8.135477 45.748482  0.935470 -0.016967 0.352998  0.185553 0.455061 1 0 1.000000
driverswat
0  32.138680 -4.212782 44.509735  0.823286 0.561927 -0.080239  0.222663 0.480453 1 0 1.000000
0  33.872921 -8.135477 45.748482  0.935470 -0.016967 0.352998  0.185553 0.455061 1 0 1.000000
0  33.625172 -5.644221 41.963425  0.845184 0.533984 -0.022921  0.225593 0.439436 1 0 1.000000
driverswat
0  29.633656 -1.790345 42.403870  0.401790 0.880571 -0.251317  0.256844 0.473617 1 0 1.000000
0  32.138680 -4.212782 44.509735  0.823286 0.561927 -0.080239  0.222663 0.480453 1 0 1.000000
0  33.625172 -5.644221 41.963425  0.845184 0.533984 -0.022921  0.225593 0.439436 1 0 1.000000
driverswat
0  31.037569 -1.625177 47.056046  0.632458 0.717776 -0.291194  0.240242 0.516587 1 0 1.000000
0  32.138680 -4.212782 44.509735  0.823286 0.561927 -0.080239  0.222663 0.480453 1 0 1.000000
0  29.633656 -1.790345 42.403870  0.401790 0.880571 -0.251317  0.256844 0.473617 1 0 1.000000
driverswat
0  25.986237 -0.427724 46.739479  -0.000000 0.929500 -0.368822  0.287118 0.516587 1 0 1.000000
0  31.037569 -1.625177 47.056046  0.632458 0.717776 -0.291194  0.240242 0.516587 1 0 1.000000
0  29.633656 -1.790345 42.403870  0.401790 0.880571 -0.251317  0.256844 0.473617 1 0 1.000000
driverswat
0  25.986237 -1.418720 42.279991  -0.000031 0.954367 -0.298638  0.287118 0.479476 1 0 1.000000
0  25.986237 -0.427724 46.739479  -0.000000 0.929500 -0.368822  0.287118 0.516587 1 0 1.000000
0  29.633656 -1.790345 42.403870  0.401790 0.880571 -0.251317  0.256844 0.473617 1 0 1.000000
driverswat
0  25.986237 -1.418720 42.279991  -0.000031 0.954367 -0.298638  0.287118 0.479476 1 0 1.000000
0  22.338816 -1.790345 42.403870  -0.402331 0.880384 -0.251106  0.256844 0.473617 1 0 1.000000
0  25.986237 -0.427724 46.739479  -0.000000 0.929500 -0.368822  0.287118 0.516587 1 0 1.000000
driverswat
0  30.253029 -12.925299 47.207451  0.019230 0.250036 0.968046  0.119144 0.389630 1 0 1.000000
0  30.679708 -10.957067 46.477966  0.463310 -0.433057 0.773179  0.131840 0.437483 1 0 1.000000
0  26.454208 -12.195814 45.872360  -0.481505 -0.804957 0.346696  0.061525 0.405255 1 0 1.000000
driverswat
0  30.253029 -12.925299 47.207451  0.019230 0.250036 0.968046  0.119144 0.389630 1 0 1.000000
0  34.464767 -11.645259 44.661140  0.831624 0.082639 0.549156  0.180670 0.389630 1 0 1.000000
0  30.679708 -10.957067 46.477966  0.463310 -0.433057 0.773179  0.131840 0.437483 1 0 1.000000
driverswat
0  34.464767 -11.645259 44.661140  0.831624 0.082639 0.549156  0.180670 0.389630 1 0 1.000000
0  33.872921 -8.135477 45.748482  0.935470 -0.016967 0.352998  0.185553 0.455061 1 0 1.000000
0  30.679708 -10.957067 46.477966  0.463310 -0.433057 0.773179  0.131840 0.437483 1 0 1.000000
driverswat
0  26.000002 -12.085703 45.665901  -0.000001 -0.994021 -0.109192  0.047853 0.402326 1 0 1.000000
0  26.454208 -12.195814 45.872360  -0.481505 -0.804957 0.346696  0.061525 0.405255 1 0 1.000000
0  26.000002 -12.071939 48.432434  0.000003 -0.979797 0.199997  0.047853 0.452132 1 0 1.000000
driverswat
0  26.000002 -12.071939 48.432434  0.000003 -0.979797 0.199997  0.047853 0.452132 1 0 1.000000
0  26.454208 -12.195814 45.872360  -0.481505 -0.804957 0.346696  0.061525 0.405255 1 0 1.000000
0  30.679708 -10.957067 46.477966  0.463310 -0.433057 0.773179  0.131840 0.437483 1 0 1.000000
driverswat
0  31.340374 -10.117473 48.404907  0.633381 -0.724101 0.272958  0.140629 0.468734 1 0 1.000000
0  26.000002 -12.071939 48.432434  0.000003 -0.979797 0.199997  0.047853 0.452132 1 0 1.000000
0  30.679708 -10.957067 46.477966  0.463310 -0.433057 0.773179  0.131840 0.437483 1 0 1.000000
driverswat
0  31.340374 -10.117473 48.404907  0.633381 -0.724101 0.272958  0.140629 0.468734 1 0 1.000000
0  30.679708 -10.957067 46.477966  0.463310 -0.433057 0.773179  0.131840 0.437483 1 0 1.000000
0  33.872921 -8.135477 45.748482  0.935470 -0.016967 0.352998  0.185553 0.455061 1 0 1.000000
driverswat
0  33.666466 -5.602930 47.854351  0.996700 0.081179 0.000308  0.191412 0.491195 1 0 1.000000
0  31.340374 -10.117473 48.404907  0.633381 -0.724101 0.272958  0.140629 0.468734 1 0 1.000000
0  33.872921 -8.135477 45.748482  0.935470 -0.016967 0.352998  0.185553 0.455061 1 0 1.000000
driverswat
0  33.872921 -8.135477 45.748482  0.935470 -0.016967 0.352998  0.185553 0.455061 1 0 1.000000
0  32.138680 -4.212782 44.509735  0.823286 0.561927 -0.080239  0.222663 0.480453 1 0 1.000000
0  33.666466 -5.602930 47.854351  0.996700 0.081179 0.000308  0.191412 0.491195 1 0 1.000000
driverswat
0  32.138680 -4.212782 44.509735  0.823286 0.561927 -0.080239  0.222663 0.480453 1 0 1.000000
0  31.037569 -1.625177 47.056046  0.632458 0.717776 -0.291194  0.240242 0.516587 1 0 1.000000
0  33.666466 -5.602930 47.854351  0.996700 0.081179 0.000308  0.191412 0.491195 1 0 1.000000
driverswat
0  24.128120 -2.643704 66.559418  -0.765863 -0.633305 0.111260  0.520524 0.753899 1 0 1.000000
0  23.274761 -1.528832 66.352966  -0.906605 -0.379778 0.183947  0.474624 0.751946 1 0 1.000000
0  24.692436 -3.483297 65.761124  -0.475101 -0.843341 0.251109  0.553728 0.729484 1 0 1.000000
driverswat
0  24.128120 -2.643704 66.559418  -0.765863 -0.633305 0.111260  0.520524 0.753899 1 0 1.000000
0  23.756496 -1.817873 67.894516  -0.938008 -0.346560 -0.006150  0.495132 0.787103 1 0 1.000000
0  23.274761 -1.528832 66.352966  -0.906605 -0.379778 0.183947  0.474624 0.751946 1 0 1.000000
driverswat
0  23.756496 -1.817873 67.894516  -0.938008 -0.346560 -0.006150  0.495132 0.787103 1 0 1.000000
0  23.591328 -0.524071 68.321190  -0.984680 0.105471 0.138855  0.464858 0.794916 1 0 1.000000
0  23.274761 -1.528832 66.352966  -0.906605 -0.379778 0.183947  0.474624 0.751946 1 0 1.000000
driverswat
0  23.274761 -1.528832 66.352966  -0.906605 -0.379778 0.183947  0.474624 0.751946 1 0 1.000000
0  23.591328 -0.524071 68.321190  -0.984680 0.105471 0.138855  0.464858 0.794916 1 0 1.000000
0  23.150885 0.645856 66.931046  -0.876535 0.335246 0.345394  0.440443 0.759758 1 0 1.000000
driverswat
0  23.150885 0.645856 66.931046  -0.876535 0.335246 0.345394  0.440443 0.759758 1 0 1.000000
0  24.472216 1.168882 68.555183  -0.634292 0.759284 0.145469  0.426771 0.798822 1 0 1.000000
0  24.692436 1.678145 66.972336  -0.385775 0.909847 0.152828  0.414075 0.760735 1 0 1.000000
driverswat
0  23.591328 -0.524071 68.321190  -0.984680 0.105471 0.138855  0.464858 0.794916 1 0 1.000000
0  24.472216 1.168882 68.555183  -0.634292 0.759284 0.145469  0.426771 0.798822 1 0 1.000000
0  23.150885 0.645856 66.931046  -0.876535 0.335246 0.345394  0.440443 0.759758 1 0 1.000000
driverswat
0  24.155645 0.866078 69.491119  -0.780444 0.607903 -0.146153  0.436537 0.821284 1 0 1.000000
0  24.472216 1.168882 68.555183  -0.634292 0.759284 0.145469  0.426771 0.798822 1 0 1.000000
0  23.591328 -0.524071 68.321190  -0.984680 0.105471 0.138855  0.464858 0.794916 1 0 1.000000
driverswat
0  24.155645 0.866078 69.491119  -0.780444 0.607903 -0.146153  0.436537 0.821284 1 0 1.000000
0  23.591328 -0.524071 68.321190  -0.984680 0.105471 0.138855  0.464858 0.794916 1 0 1.000000
0  23.660149 -0.235030 69.821457  -0.952135 0.273880 -0.135752  0.460952 0.830073 1 0 1.000000
driverswat
0  23.660149 -0.235030 69.821457  -0.952135 0.273880 -0.135752  0.460952 0.830073 1 0 1.000000
0  23.467453 0.480690 71.445587  -0.895221 0.393042 -0.209993  0.450209 0.861324 1 0 1.000000
0  24.155645 0.866078 69.491119  -0.780444 0.607903 -0.146153  0.436537 0.821284 1 0 1.000000
driverswat
0  24.692436 1.678145 66.972336  -0.385775 0.909847 0.152828  0.414075 0.760735 1 0 1.000000
0  26.041292 1.843311 68.431305  0.033229 0.999427 0.006445  0.396496 0.799799 1 0 1.000000
0  25.876127 1.788257 66.972336  -0.013778 0.999144 -0.038994  0.396496 0.760735 1 0 1.000000
driverswat
0  26.041292 1.843311 68.431305  0.033229 0.999427 0.006445  0.396496 0.799799 1 0 1.000000
0  24.692436 1.678145 66.972336  -0.385775 0.909847 0.152828  0.414075 0.760735 1 0 1.000000
0  24.472216 1.168882 68.555183  -0.634292 0.759284 0.145469  0.426771 0.798822 1 0 1.000000
driverswat
0  26.041292 1.843311 68.431305  0.033229 0.999427 0.006445  0.396496 0.799799 1 0 1.000000
0  24.472216 1.168882 68.555183  -0.634292 0.759284 0.145469  0.426771 0.798822 1 0 1.000000
0  25.931183 1.967186 69.257141  -0.025643 0.987509 -0.155464  0.396496 0.815424 1 0 1.000000
driverswat
0  24.472216 1.168882 68.555183  -0.634292 0.759284 0.145469  0.426771 0.798822 1 0 1.000000
0  24.155645 0.866078 69.491119  -0.780444 0.607903 -0.146153  0.436537 0.821284 1 0 1.000000
0  25.931183 1.967186 69.257141  -0.025643 0.987509 -0.155464  0.396496 0.815424 1 0 1.000000
driverswat
0  25.931183 1.967186 69.257141  -0.025643 0.987509 -0.155464  0.396496 0.815424 1 0 1.000000
0  24.155645 0.866078 69.491119  -0.780444 0.607903 -0.146153  0.436537 0.821284 1 0 1.000000
0  24.417158 1.512979 70.702339  -0.618127 0.747669 -0.242714  0.425794 0.846675 1 0 1.000000
driverswat
0  24.155645 0.866078 69.491119  -0.780444 0.607903 -0.146153  0.436537 0.821284 1 0 1.000000
0  23.467453 0.480690 71.445587  -0.895221 0.393042 -0.209993  0.450209 0.861324 1 0 1.000000
0  24.417158 1.512979 70.702339  -0.618127 0.747669 -0.242714  0.425794 0.846675 1 0 1.000000
driverswat
0  24.045536 1.719437 72.381531  -0.656494 0.748350 -0.094805  0.427747 0.880856 1 0 1.000000
0  24.417158 1.512979 70.702339  -0.618127 0.747669 -0.242714  0.425794 0.846675 1 0 1.000000
0  23.467453 0.480690 71.445587  -0.895221 0.393042 -0.209993  0.450209 0.861324 1 0 1.000000
driverswat
0  24.045536 1.719437 72.381531  -0.656494 0.748350 -0.094805  0.427747 0.880856 1 0 1.000000
0  23.467453 0.480690 71.445587  -0.895221 0.393042 -0.209993  0.450209 0.861324 1 0 1.000000
0  23.288525 0.948661 73.069725  -0.878055 0.478435 0.010965  0.443373 0.891598 1 0 1.000000
driverswat
0  24.045536 1.719437 72.381531  -0.656494 0.748350 -0.094805  0.427747 0.880856 1 0 1.000000
0  23.288525 0.948661 73.069725  -0.878055 0.478435 0.010965  0.443373 0.891598 1 0 1.000000
0  23.894133 1.292757 74.322235  -0.712857 0.675163 0.189711  0.432630 0.914060 1 0 1.000000
driverswat
0  23.288525 0.948661 73.069725  -0.878055 0.478435 0.010965  0.443373 0.891598 1 0 1.000000
0  22.971956 -0.290085 73.785446  -0.984973 0.165812 0.048324  0.462905 0.903317 1 0 1.000000
0  23.894133 1.292757 74.322235  -0.712857 0.675163 0.189711  0.432630 0.914060 1 0 1.000000
driverswat
0  23.467453 0.480690 71.445587  -0.895221 0.393042 -0.209993  0.450209 0.861324 1 0 1.000000
0  22.971956 -0.290085 73.785446  -0.984973 0.165812 0.048324  0.462905 0.903317 1 0 1.000000
0  23.288525 0.948661 73.069725  -0.878055 0.478435 0.010965  0.443373 0.891598 1 0 1.000000
driverswat
0  23.467453 0.480690 71.445587  -0.895221 0.393042 -0.209993  0.450209 0.861324 1 0 1.000000
0  22.999483 -0.565363 72.381531  -0.902845 0.381208 0.198875  0.469741 0.876949 1 0 1.000000
0  22.971956 -0.290085 73.785446  -0.984973 0.165812 0.048324  0.462905 0.903317 1 0 1.000000
driverswat
0  23.467453 0.480690 71.445587  -0.895221 0.393042 -0.209993  0.450209 0.861324 1 0 1.000000
0  23.660149 -0.235030 69.821457  -0.952135 0.273880 -0.135752  0.460952 0.830073 1 0 1.000000
0  22.999483 -0.565363 72.381531  -0.902845 0.381208 0.198875  0.469741 0.876949 1 0 1.000000
driverswat
0  23.660149 -0.235030 69.821457  -0.952135 0.273880 -0.135752  0.460952 0.830073 1 0 1.000000
0  23.522509 -1.033333 69.862747  -0.907421 0.210848 -0.363498  0.476577 0.833003 1 0 1.000000
0  22.999483 -0.565363 72.381531  -0.902845 0.381208 0.198875  0.469741 0.876949 1 0 1.000000
driverswat
0  23.660149 -0.235030 69.821457  -0.952135 0.273880 -0.135752  0.460952 0.830073 1 0 1.000000
0  23.591328 -0.524071 68.321190  -0.984680 0.105471 0.138855  0.464858 0.794916 1 0 1.000000
0  23.522509 -1.033333 69.862747  -0.907421 0.210848 -0.363498  0.476577 0.833003 1 0 1.000000
driverswat
0  23.522509 -1.033333 69.862747  -0.907421 0.210848 -0.363498  0.476577 0.833003 1 0 1.000000
0  23.591328 -0.524071 68.321190  -0.984680 0.105471 0.138855  0.464858 0.794916 1 0 1.000000
0  23.673912 -2.409718 68.857986  -0.937158 -0.195053 -0.289292  0.508805 0.812494 1 0 1.000000
driverswat
0  23.673912 -2.409718 68.857986  -0.937158 -0.195053 -0.289292  0.508805 0.812494 1 0 1.000000
0  23.591328 -0.524071 68.321190  -0.984680 0.105471 0.138855  0.464858 0.794916 1 0 1.000000
0  23.756496 -1.817873 67.894516  -0.938008 -0.346560 -0.006150  0.495132 0.787103 1 0 1.000000
driverswat
0  23.673912 -2.409718 68.857986  -0.937158 -0.195053 -0.289292  0.508805 0.812494 1 0 1.000000
0  23.756496 -1.817873 67.894516  -0.938008 -0.346560 -0.006150  0.495132 0.787103 1 0 1.000000
0  24.981478 -3.538354 67.454071  -0.708356 -0.488054 -0.509936  0.555681 0.780267 1 0 1.000000
driverswat
0  26.000002 2.201171 70.605988  0.010700 0.965962 -0.258463  0.396496 0.842769 1 0 1.000000
0  25.931183 1.967186 69.257141  -0.025643 0.987509 -0.155464  0.396496 0.815424 1 0 1.000000
0  24.417158 1.512979 70.702339  -0.618127 0.747669 -0.242714  0.425794 0.846675 1 0 1.000000
driverswat
0  25.298046 2.366338 71.775917  -0.348738 0.920568 -0.175886  0.407239 0.870113 1 0 1.000000
0  26.000002 2.201171 70.605988  0.010700 0.965962 -0.258463  0.396496 0.842769 1 0 1.000000
0  24.417158 1.512979 70.702339  -0.618127 0.747669 -0.242714  0.425794 0.846675 1 0 1.000000
driverswat
0  24.045536 1.719437 72.381531  -0.656494 0.748350 -0.094805  0.427747 0.880856 1 0 1.000000
0  25.298046 2.366338 71.775917  -0.348738 0.920568 -0.175886  0.407239 0.870113 1 0 1.000000
0  24.417158 1.512979 70.702339  -0.618127 0.747669 -0.242714  0.425794 0.846675 1 0 1.000000
driverswat
0  24.045536 1.719437 72.381531  -0.656494 0.748350 -0.094805  0.427747 0.880856 1 0 1.000000
0  25.284283 2.380101 73.895554  -0.260172 0.951403 0.164751  0.406262 0.912107 1 0 1.000000
0  25.298046 2.366338 71.775917  -0.348738 0.920568 -0.175886  0.407239 0.870113 1 0 1.000000
driverswat
0  23.894133 1.292757 74.322235  -0.712857 0.675163 0.189711  0.432630 0.914060 1 0 1.000000
0  25.284283 2.380101 73.895554  -0.260172 0.951403 0.164751  0.406262 0.912107 1 0 1.000000
0  24.045536 1.719437 72.381531  -0.656494 0.748350 -0.094805  0.427747 0.880856 1 0 1.000000
driverswat
0  25.298046 2.366338 71.775917  -0.348738 0.920568 -0.175886  0.407239 0.870113 1 0 1.000000
0  26.013765 2.462685 71.707100  0.006961 0.982621 -0.185494  0.396496 0.869137 1 0 1.000000
0  26.000002 2.201171 70.605988  0.010700 0.965962 -0.258463  0.396496 0.842769 1 0 1.000000
driverswat
0  25.298046 2.366338 71.775917  -0.348738 0.920568 -0.175886  0.407239 0.870113 1 0 1.000000
0  26.027531 2.627850 72.959610  0.016578 0.999164 0.037371  0.396496 0.895505 1 0 1.000000
0  26.013765 2.462685 71.707100  0.006961 0.982621 -0.185494  0.396496 0.869137 1 0 1.000000
driverswat
0  25.284283 2.380101 73.895554  -0.260172 0.951403 0.164751  0.406262 0.912107 1 0 1.000000
0  26.027531 2.627850 72.959610  0.016578 0.999164 0.037371  0.396496 0.895505 1 0 1.000000
0  25.298046 2.366338 71.775917  -0.348738 0.920568 -0.175886  0.407239 0.870113 1 0 1.000000
driverswat
0  26.027531 2.627850 72.959610  0.016578 0.999164 0.037371  0.396496 0.895505 1 0 1.000000
0  25.284283 2.380101 73.895554  -0.260172 0.951403 0.164751  0.406262 0.912107 1 0 1.000000
0  25.986238 2.077297 74.721382  0.000360 0.954013 0.299766  0.396496 0.935545 1 0 1.000000
driverswat
0  25.284283 -5.561639 70.358246  -0.565571 -0.818308 -0.102480  0.576189 0.852535 1 0 1.000000
0  25.807308 -5.272598 72.230125  -0.339948 -0.940014 0.028450  0.585955 0.885739 1 0 1.000000
0  24.775021 -4.997322 71.624519  -0.401896 -0.913836 0.058165  0.565447 0.874996 1 0 1.000000
driverswat
0  24.775021 -4.914739 73.978134  -0.379891 -0.874141 0.302590  0.562517 0.923826 1 0 1.000000
0  23.811550 -4.143962 73.661568  -0.852759 -0.511697 0.104729  0.537126 0.912107 1 0 1.000000
0  24.141884 -4.804626 72.725624  -0.748468 -0.662381 0.032345  0.551775 0.894528 1 0 1.000000
driverswat
0  24.678673 -5.272598 72.835739  -0.411062 -0.910728 0.040027  0.564470 0.898434 1 0 1.000000
0  24.775021 -4.914739 73.978134  -0.379891 -0.874141 0.302590  0.562517 0.923826 1 0 1.000000
0  24.141884 -4.804626 72.725624  -0.748468 -0.662381 0.032345  0.551775 0.894528 1 0 1.000000
driverswat
0  24.141884 -4.804626 72.725624  -0.748468 -0.662381 0.032345  0.551775 0.894528 1 0 1.000000
0  24.775021 -4.997322 71.624519  -0.401896 -0.913836 0.058165  0.565447 0.874996 1 0 1.000000
0  24.678673 -5.272598 72.835739  -0.411062 -0.910728 0.040027  0.564470 0.898434 1 0 1.000000
driverswat
0  24.775021 -4.997322 71.624519  -0.401896 -0.913836 0.058165  0.565447 0.874996 1 0 1.000000
0  25.807308 -5.272598 72.230125  -0.339948 -0.940014 0.028450  0.585955 0.885739 1 0 1.000000
0  24.678673 -5.272598 72.835739  -0.411062 -0.910728 0.040027  0.564470 0.898434 1 0 1.000000
driverswat
0  25.807308 -5.272598 72.230125  -0.339948 -0.940014 0.028450  0.585955 0.885739 1 0 1.000000
0  26.013767 -5.479054 72.808212  0.001363 -0.999977 0.006573  0.589862 0.898434 1 0 1.000000
0  24.678673 -5.272598 72.835739  -0.411062 -0.910728 0.040027  0.564470 0.898434 1 0 1.000000
driverswat
0  26.000004 -5.341417 72.243889  -0.001701 -0.984845 0.173431  0.589862 0.884762 1 0 1.000000
0  26.013767 -5.479054 72.808212  0.001363 -0.999977 0.006573  0.589862 0.898434 1 0 1.000000
0  25.807308 -5.272598 72.230125  -0.339948 -0.940014 0.028450  0.585955 0.885739 1 0 1.000000
driverswat
0  26.000004 -4.983558 74.335999  -0.000319 -0.951685 0.307076  0.589862 0.940428 1 0 1.000000
0  26.013767 -5.479054 72.808212  0.001363 -0.999977 0.006573  0.589862 0.898434 1 0 1.000000
0  27.224985 -4.914738 73.978134  0.380773 -0.873710 0.302726  0.618183 0.921873 1 0 1.000000
driverswat
0  26.000004 -4.983558 74.335999  -0.000319 -0.951685 0.307076  0.589862 0.940428 1 0 1.000000
0  24.775021 -4.914739 73.978134  -0.379891 -0.874141 0.302590  0.562517 0.923826 1 0 1.000000
0  26.013767 -5.479054 72.808212  0.001363 -0.999977 0.006573  0.589862 0.898434 1 0 1.000000
driverswat
0  24.678673 -5.272598 72.835739  -0.411062 -0.910728 0.040027  0.564470 0.898434 1 0 1.000000
0  26.013767 -5.479054 72.808212  0.001363 -0.999977 0.006573  0.589862 0.898434 1 0 1.000000
0  24.775021 -4.914739 73.978134  -0.379891 -0.874141 0.302590  0.562517 0.923826 1 0 1.000000
driverswat
0  25.545795 -5.534112 70.124260  -0.515153 -0.480198 -0.709949  0.581072 0.847652 1 0 1.000000
0  26.000002 -5.726806 69.972855  0.002022 -0.543660 -0.839303  0.588885 0.845698 1 0 1.000000
0  25.710962 -6.194776 70.454590  -0.645857 -0.726302 -0.235276  0.585955 0.853511 1 0 1.000000
driverswat
0  25.284283 -5.561639 70.358246  -0.565571 -0.818308 -0.102480  0.576189 0.852535 1 0 1.000000
0  25.545795 -5.534112 70.124260  -0.515153 -0.480198 -0.709949  0.581072 0.847652 1 0 1.000000
0  25.710962 -6.194776 70.454590  -0.645857 -0.726302 -0.235276  0.585955 0.853511 1 0 1.000000
driverswat
0  25.284283 -5.561639 70.358246  -0.565571 -0.818308 -0.102480  0.576189 0.852535 1 0 1.000000
0  25.710962 -6.194776 70.454590  -0.645857 -0.726302 -0.235276  0.585955 0.853511 1 0 1.000000
0  25.807308 -5.272598 72.230125  -0.339948 -0.940014 0.028450  0.585955 0.885739 1 0 1.000000
driverswat
0  25.807308 -5.272598 72.230125  -0.339948 -0.940014 0.028450  0.585955 0.885739 1 0 1.000000
0  25.710962 -6.194776 70.454590  -0.645857 -0.726302 -0.235276  0.585955 0.853511 1 0 1.000000
0  26.000004 -6.332415 70.716103  -0.000002 -0.947150 0.320791  0.589862 0.856441 1 0 1.000000
driverswat
0  26.000004 -5.341417 72.243889  -0.001701 -0.984845 0.173431  0.589862 0.884762 1 0 1.000000
0  25.807308 -5.272598 72.230125  -0.339948 -0.940014 0.028450  0.585955 0.885739 1 0 1.000000
0  26.000004 -6.332415 70.716103  -0.000002 -0.947150 0.320791  0.589862 0.856441 1 0 1.000000
driverswat
0  26.000004 -6.332415 70.716103  -0.000002 -0.947150 0.320791  0.589862 0.856441 1 0 1.000000
0  26.192696 -5.272598 72.230125  0.340904 -0.939723 0.026559  0.593768 0.884762 1 0 1.000000
0  26.000004 -5.341417 72.243889  -0.001701 -0.984845 0.173431  0.589862 0.884762 1 0 1.000000
driverswat
0  26.000004 -5.341417 72.243889  -0.001701 -0.984845 0.173431  0.589862 0.884762 1 0 1.000000
0  26.192696 -5.272598 72.230125  0.340904 -0.939723 0.026559  0.593768 0.884762 1 0 1.000000
0  26.013767 -5.479054 72.808212  0.001363 -0.999977 0.006573  0.589862 0.898434 1 0 1.000000
driverswat
0  26.192696 -5.272598 72.230125  0.340904 -0.939723 0.026559  0.593768 0.884762 1 0 1.000000
0  27.321331 -5.272597 72.835739  0.411510 -0.910535 0.039813  0.615253 0.897458 1 0 1.000000
0  26.013767 -5.479054 72.808212  0.001363 -0.999977 0.006573  0.589862 0.898434 1 0 1.000000
driverswat
0  27.321331 -5.272597 72.835739  0.411510 -0.910535 0.039813  0.615253 0.897458 1 0 1.000000
0  27.224985 -4.914738 73.978134  0.380773 -0.873710 0.302726  0.618183 0.921873 1 0 1.000000
0  26.013767 -5.479054 72.808212  0.001363 -0.999977 0.006573  0.589862 0.898434 1 0 1.000000
driverswat
0  27.321331 -5.272597 72.835739  0.411510 -0.910535 0.039813  0.615253 0.897458 1 0 1.000000
0  27.858122 -4.804626 72.725624  0.748896 -0.661904 0.032201  0.627949 0.894528 1 0 1.000000
0  27.224985 -4.914738 73.978134  0.380773 -0.873710 0.302726  0.618183 0.921873 1 0 1.000000
driverswat
0  27.224985 -4.914738 73.978134  0.380773 -0.873710 0.302726  0.618183 0.921873 1 0 1.000000
0  27.858122 -4.804626 72.725624  0.748896 -0.661904 0.032201  0.627949 0.894528 1 0 1.000000
0  28.188456 -4.143962 73.661568  0.852789 -0.511646 0.104736  0.642598 0.911130 1 0 1.000000
driverswat
0  27.858122 -4.804626 72.725624  0.748896 -0.661904 0.032201  0.627949 0.894528 1 0 1.000000
0  28.601370 -3.194257 72.064957  0.955365 -0.295328 -0.007690  0.659200 0.877926 1 0 1.000000
0  28.188456 -4.143962 73.661568  0.852789 -0.511646 0.104736  0.642598 0.911130 1 0 1.000000
driverswat
0  27.858122 -4.804626 72.725624  0.748896 -0.661904 0.032201  0.627949 0.894528 1 0 1.000000
0  28.009525 -4.570642 71.844734  0.767563 -0.640717 0.018148  0.630879 0.876949 1 0 1.000000
0  28.601370 -3.194257 72.064957  0.955365 -0.295328 -0.007690  0.659200 0.877926 1 0 1.000000
driverswat
0  28.009525 -4.570642 71.844734  0.767563 -0.640717 0.018148  0.630879 0.876949 1 0 1.000000
0  28.367384 -4.006324 70.358246  0.908787 -0.392112 -0.142670  0.641621 0.848628 1 0 1.000000
0  28.601370 -3.194257 72.064957  0.955365 -0.295328 -0.007690  0.659200 0.877926 1 0 1.000000
driverswat
0  28.367384 -4.006324 70.358246  0.908787 -0.392112 -0.142670  0.641621 0.848628 1 0 1.000000
0  28.009525 -4.570642 71.844734  0.767563 -0.640717 0.018148  0.630879 0.876949 1 0 1.000000
0  27.582846 -5.093668 70.427063  0.629287 -0.776222 -0.038443  0.618183 0.852535 1 0 1.000000
driverswat
0  27.266275 -4.873446 68.720345  0.760139 -0.620318 -0.193378  0.613300 0.821284 1 0 1.000000
0  28.367384 -4.006324 70.358246  0.908787 -0.392112 -0.142670  0.641621 0.848628 1 0 1.000000
0  27.582846 -5.093668 70.427063  0.629287 -0.776222 -0.038443  0.618183 0.852535 1 0 1.000000
driverswat
0  27.582846 -5.093668 70.427063  0.629287 -0.776222 -0.038443  0.618183 0.852535 1 0 1.000000
0  26.908417 -5.148724 69.050674  0.609051 -0.792546 -0.030465  0.606464 0.828120 1 0 1.000000
0  27.266275 -4.873446 68.720345  0.760139 -0.620318 -0.193378  0.613300 0.821284 1 0 1.000000
driverswat
0  27.266275 -4.873446 68.720345  0.760139 -0.620318 -0.193378  0.613300 0.821284 1 0 1.000000
0  26.908417 -5.148724 69.050674  0.609051 -0.792546 -0.030465  0.606464 0.828120 1 0 1.000000
0  26.536793 -5.602930 68.734108  0.485781 -0.838342 -0.247386  0.596698 0.823237 1 0 1.000000
driverswat
0  28.009525 -4.570642 71.844734  0.767563 -0.640717 0.018148  0.630879 0.876949 1 0 1.000000
0  27.224985 -4.997320 71.624519  0.401971 -0.913801 0.058203  0.614277 0.874020 1 0 1.000000
0  27.582846 -5.093668 70.427063  0.629287 -0.776222 -0.038443  0.618183 0.852535 1 0 1.000000
driverswat
0  27.858122 -4.804626 72.725624  0.748896 -0.661904 0.032201  0.627949 0.894528 1 0 1.000000
0  27.224985 -4.997320 71.624519  0.401971 -0.913801 0.058203  0.614277 0.874020 1 0 1.000000
0  28.009525 -4.570642 71.844734  0.767563 -0.640717 0.018148  0.630879 0.876949 1 0 1.000000
driverswat
0  27.858122 -4.804626 72.725624  0.748896 -0.661904 0.032201  0.627949 0.894528 1 0 1.000000
0  27.321331 -5.272597 72.835739  0.411510 -0.910535 0.039813  0.615253 0.897458 1 0 1.000000
0  27.224985 -4.997320 71.624519  0.401971 -0.913801 0.058203  0.614277 0.874020 1 0 1.000000
driverswat
0  27.224985 -4.997320 71.624519  0.401971 -0.913801 0.058203  0.614277 0.874020 1 0 1.000000
0  27.321331 -5.272597 72.835739  0.411510 -0.910535 0.039813  0.615253 0.897458 1 0 1.000000
0  26.192696 -5.272598 72.230125  0.340904 -0.939723 0.026559  0.593768 0.884762 1 0 1.000000
driverswat
0  26.715723 -5.561639 70.358246  0.565602 -0.818298 -0.102383  0.602557 0.852535 1 0 1.000000
0  27.224985 -4.997320 71.624519  0.401971 -0.913801 0.058203  0.614277 0.874020 1 0 1.000000
0  26.192696 -5.272598 72.230125  0.340904 -0.939723 0.026559  0.593768 0.884762 1 0 1.000000
driverswat
0  26.715723 -5.561639 70.358246  0.565602 -0.818298 -0.102383  0.602557 0.852535 1 0 1.000000
0  26.192696 -5.272598 72.230125  0.340904 -0.939723 0.026559  0.593768 0.884762 1 0 1.000000
0  26.289043 -6.194776 70.454590  0.645808 -0.726432 -0.235009  0.592792 0.853511 1 0 1.000000
driverswat
0  26.715723 -5.561639 70.358246  0.565602 -0.818298 -0.102383  0.602557 0.852535 1 0 1.000000
0  26.289043 -6.194776 70.454590  0.645808 -0.726432 -0.235009  0.592792 0.853511 1 0 1.000000
0  26.454208 -5.534112 70.124260  0.516123 -0.480098 -0.709312  0.597674 0.847652 1 0 1.000000
driverswat
0  26.454208 -5.534112 70.124260  0.516123 -0.480098 -0.709312  0.597674 0.847652 1 0 1.000000
0  26.289043 -6.194776 70.454590  0.645808 -0.726432 -0.235009  0.592792 0.853511 1 0 1.000000
0  26.000002 -5.726806 69.972855  0.002052 -0.543697 -0.839279  0.588885 0.845698 1 0 1.000000
driverswat
0  26.289043 -6.194776 70.454590  0.645808 -0.726432 -0.235009  0.592792 0.853511 1 0 1.000000
0  26.192696 -5.272598 72.230125  0.340904 -0.939723 0.026559  0.593768 0.884762 1 0 1.000000
0  26.000004 -6.332415 70.716103  -0.000002 -0.947150 0.320791  0.589862 0.856441 1 0 1.000000
driverswat
0  26.000004 -6.318650 70.440826  -0.000141 -0.900431 -0.435000  0.589862 0.853511 1 0 1.000000
0  26.289043 -6.194776 70.454590  0.645808 -0.726432 -0.235009  0.592792 0.853511 1 0 1.000000
0  26.000004 -6.332415 70.716103  -0.000002 -0.947150 0.320791  0.589862 0.856441 1 0 1.000000
driverswat
0  26.000002 -5.726806 69.972855  0.000197 -0.621174 -0.783673  0.588885 0.845698 1 0 1.000000
0  26.289043 -6.194776 70.454590  0.645808 -0.726432 -0.235009  0.592792 0.853511 1 0 1.000000
0  26.000004 -6.318650 70.440826  -0.000141 -0.900431 -0.435000  0.589862 0.853511 1 0 1.000000
driverswat
0  26.000002 -5.726806 69.972855  0.000197 -0.621174 -0.783673  0.588885 0.845698 1 0 1.000000
0  26.000004 -6.318650 70.440826  -0.000141 -0.900431 -0.435000  0.589862 0.853511 1 0 1.000000
0  25.710962 -6.194776 70.454590  -0.645857 -0.726302 -0.235276  0.585955 0.853511 1 0 1.000000
driverswat
0  26.000004 -6.318650 70.440826  -0.000141 -0.900431 -0.435000  0.589862 0.853511 1 0 1.000000
0  26.000004 -6.332415 70.716103  -0.000002 -0.947150 0.320791  0.589862 0.856441 1 0 1.000000
0  25.710962 -6.194776 70.454590  -0.645857 -0.726302 -0.235276  0.585955 0.853511 1 0 1.000000
driverswat
0  28.945465 -1.735289 72.945847  0.989524 -0.136994 0.045553  0.688498 0.890622 1 0 1.000000
0  28.601370 -3.194257 72.064957  0.955365 -0.295328 -0.007690  0.659200 0.877926 1 0 1.000000
0  29.014286 -1.377429 72.243889  0.946810 -0.280911 0.156973  0.693381 0.876949 1 0 1.000000
driverswat
0  29.014286 -1.377429 72.243889  0.946810 -0.280911 0.156973  0.693381 0.876949 1 0 1.000000
0  28.601370 -3.194257 72.064957  0.955365 -0.295328 -0.007690  0.659200 0.877926 1 0 1.000000
0  28.807827 -1.845400 71.376770  0.955295 -0.277061 -0.103195  0.683615 0.863277 1 0 1.000000
driverswat
0  28.367384 -4.006324 70.358246  0.908787 -0.392112 -0.142670  0.641621 0.848628 1 0 1.000000
0  28.807827 -1.845400 71.376770  0.955295 -0.277061 -0.103195  0.683615 0.863277 1 0 1.000000
0  28.601370 -3.194257 72.064957  0.955365 -0.295328 -0.007690  0.659200 0.877926 1 0 1.000000
driverswat
0  28.367384 -4.006324 70.358246  0.908787 -0.392112 -0.142670  0.641621 0.848628 1 0 1.000000
0  28.628897 -2.079385 69.972855  0.963764 -0.096999 -0.248494  0.678732 0.836909 1 0 1.000000
0  28.807827 -1.845400 71.376770  0.955295 -0.277061 -0.103195  0.683615 0.863277 1 0 1.000000
driverswat
0  28.849119 -1.239791 70.096733  0.814366 -0.005494 -0.580326  0.695334 0.840815 1 0 1.000000
0  28.807827 -1.845400 71.376770  0.955295 -0.277061 -0.103195  0.683615 0.863277 1 0 1.000000
0  28.628897 -2.079385 69.972855  0.963764 -0.096999 -0.248494  0.678732 0.836909 1 0 1.000000
driverswat
0  28.739010 -2.602412 73.826736  0.967406 -0.246993 0.055861  0.674825 0.909177 1 0 1.000000
0  28.188456 -4.143962 73.661568  0.852789 -0.511646 0.104736  0.642598 0.911130 1 0 1.000000
0  28.601370 -3.194257 72.064957  0.955365 -0.295328 -0.007690  0.659200 0.877926 1 0 1.000000
driverswat
0  28.945465 -1.735289 72.945847  0.989524 -0.136994 0.045553  0.688498 0.890622 1 0 1.000000
0  28.739010 -2.602412 73.826736  0.967406 -0.246993 0.055861  0.674825 0.909177 1 0 1.000000
0  28.601370 -3.194257 72.064957  0.955365 -0.295328 -0.007690  0.659200 0.877926 1 0 1.000000
driverswat
0  28.945465 -1.735289 72.945847  0.989524 -0.136994 0.045553  0.688498 0.890622 1 0 1.000000
0  29.000521 -0.290085 73.785446  0.984982 0.165757 0.048323  0.716819 0.903317 1 0 1.000000
0  28.739010 -2.602412 73.826736  0.967406 -0.246993 0.055861  0.674825 0.909177 1 0 1.000000
driverswat
0  28.972992 -0.565362 72.381531  0.902346 0.382420 0.198812  0.709983 0.876949 1 0 1.000000
0  29.000521 -0.290085 73.785446  0.984982 0.165757 0.048323  0.716819 0.903317 1 0 1.000000
0  28.945465 -1.735289 72.945847  0.989524 -0.136994 0.045553  0.688498 0.890622 1 0 1.000000
driverswat
0  28.945465 -1.735289 72.945847  0.989524 -0.136994 0.045553  0.688498 0.890622 1 0 1.000000
0  29.014286 -1.377429 72.243889  0.946810 -0.280911 0.156973  0.693381 0.876949 1 0 1.000000
0  28.972992 -0.565362 72.381531  0.902346 0.382420 0.198812  0.709983 0.876949 1 0 1.000000
driverswat
0  29.014286 -1.377429 72.243889  0.946810 -0.280911 0.156973  0.693381 0.876949 1 0 1.000000
0  29.399673 -0.854403 72.230125  0.810890 -0.168278 0.560481  0.701193 0.874020 1 0 1.000000
0  28.972992 -0.565362 72.381531  0.902346 0.382420 0.198812  0.709983 0.876949 1 0 1.000000
driverswat
0  29.014286 -1.377429 72.243889  0.946810 -0.280911 0.156973  0.693381 0.876949 1 0 1.000000
0  28.807827 -1.845400 71.376770  0.955295 -0.277061 -0.103195  0.683615 0.863277 1 0 1.000000
0  29.399673 -0.854403 72.230125  0.810890 -0.168278 0.560481  0.701193 0.874020 1 0 1.000000
driverswat
0  28.807827 -1.845400 71.376770  0.955295 -0.277061 -0.103195  0.683615 0.863277 1 0 1.000000
0  29.330853 -0.441486 70.950089  0.597116 0.718594 -0.356476  0.700217 0.857418 1 0 1.000000
0  29.399673 -0.854403 72.230125  0.810890 -0.168278 0.560481  0.701193 0.874020 1 0 1.000000
driverswat
0  28.807827 -1.845400 71.376770  0.955295 -0.277061 -0.103195  0.683615 0.863277 1 0 1.000000
0  28.849119 -1.239791 70.096733  0.814366 -0.005494 -0.580326  0.695334 0.840815 1 0 1.000000
0  29.330853 -0.441486 70.950089  0.597116 0.718594 -0.356476  0.700217 0.857418 1 0 1.000000
driverswat
0  28.449966 -1.033333 69.862747  0.907122 0.210777 -0.364284  0.702170 0.833003 1 0 1.000000
0  29.330853 -0.441486 70.950089  0.597116 0.718594 -0.356476  0.700217 0.857418 1 0 1.000000
0  28.849119 -1.239791 70.096733  0.814366 -0.005494 -0.580326  0.695334 0.840815 1 0 1.000000
driverswat
0  28.628897 -2.079385 69.972855  0.963764 -0.096999 -0.248494  0.678732 0.836909 1 0 1.000000
0  28.449966 -1.033333 69.862747  0.907122 0.210777 -0.364284  0.702170 0.833003 1 0 1.000000
0  28.849119 -1.239791 70.096733  0.814366 -0.005494 -0.580326  0.695334 0.840815 1 0 1.000000
driverswat
0  28.628897 -2.079385 69.972855  0.963764 -0.096999 -0.248494  0.678732 0.836909 1 0 1.000000
0  28.298565 -2.409718 68.857986  0.937175 -0.194820 -0.289393  0.668966 0.811518 1 0 1.000000
0  28.449966 -1.033333 69.862747  0.907122 0.210777 -0.364284  0.702170 0.833003 1 0 1.000000
driverswat
0  28.367384 -4.006324 70.358246  0.908787 -0.392112 -0.142670  0.641621 0.848628 1 0 1.000000
0  28.298565 -2.409718 68.857986  0.937175 -0.194820 -0.289393  0.668966 0.811518 1 0 1.000000
0  28.628897 -2.079385 69.972855  0.963764 -0.096999 -0.248494  0.678732 0.836909 1 0 1.000000
driverswat
0  28.367384 -4.006324 70.358246  0.908787 -0.392112 -0.142670  0.641621 0.848628 1 0 1.000000
0  27.679192 -3.813630 68.279900  0.840166 -0.251489 -0.480494  0.630879 0.805658 1 0 1.000000
0  28.298565 -2.409718 68.857986  0.937175 -0.194820 -0.289393  0.668966 0.811518 1 0 1.000000
driverswat
0  27.679192 -3.813630 68.279900  0.840166 -0.251489 -0.480494  0.630879 0.805658 1 0 1.000000
0  28.367384 -4.006324 70.358246  0.908787 -0.392112 -0.142670  0.641621 0.848628 1 0 1.000000
0  27.266275 -4.873446 68.720345  0.760139 -0.620318 -0.193378  0.613300 0.821284 1 0 1.000000
driverswat
0  26.880890 -5.024849 67.550415  0.597861 -0.527090 -0.603936  0.602557 0.803705 1 0 1.000000
0  27.679192 -3.813630 68.279900  0.840166 -0.251489 -0.480494  0.630879 0.805658 1 0 1.000000
0  27.266275 -4.873446 68.720345  0.760139 -0.620318 -0.193378  0.613300 0.821284 1 0 1.000000
driverswat
0  27.266275 -4.873446 68.720345  0.760139 -0.620318 -0.193378  0.613300 0.821284 1 0 1.000000
0  26.536793 -5.602930 68.734108  0.485781 -0.838342 -0.247386  0.596698 0.823237 1 0 1.000000
0  26.880890 -5.024849 67.550415  0.597861 -0.527090 -0.603936  0.602557 0.803705 1 0 1.000000
driverswat
0  26.536793 -5.602930 68.734108  0.485781 -0.838342 -0.247386  0.596698 0.823237 1 0 1.000000
0  26.000002 -5.644221 68.445068  0.000029 -0.918354 -0.395760  0.588885 0.819330 1 0 1.000000
0  26.880890 -5.024849 67.550415  0.597861 -0.527090 -0.603936  0.602557 0.803705 1 0 1.000000
driverswat
0  29.330853 -0.441486 70.950089  0.597116 0.718594 -0.356476  0.700217 0.857418 1 0 1.000000
0  28.449966 -1.033333 69.862747  0.907122 0.210777 -0.364284  0.702170 0.833003 1 0 1.000000
0  28.972992 -0.565362 72.381531  0.902346 0.382420 0.198812  0.709983 0.876949 1 0 1.000000
driverswat
0  29.330853 -0.441486 70.950089  0.597116 0.718594 -0.356476  0.700217 0.857418 1 0 1.000000
0  28.972992 -0.565362 72.381531  0.902346 0.382420 0.198812  0.709983 0.876949 1 0 1.000000
0  29.509785 -0.427723 71.899796  0.765357 0.633110 0.115762  0.703146 0.869137 1 0 1.000000
driverswat
0  29.330853 -0.441486 70.950089  0.597116 0.718594 -0.356476  0.700217 0.857418 1 0 1.000000
0  29.509785 -0.427723 71.899796  0.765357 0.633110 0.115762  0.703146 0.869137 1 0 1.000000
0  29.399673 -0.854403 72.230125  0.810890 -0.168278 0.560481  0.701193 0.874020 1 0 1.000000
driverswat
0  29.509785 -0.427723 71.899796  0.765357 0.633110 0.115762  0.703146 0.869137 1 0 1.000000
0  28.972992 -0.565362 72.381531  0.902346 0.382420 0.198812  0.709983 0.876949 1 0 1.000000
0  29.399673 -0.854403 72.230125  0.810890 -0.168278 0.560481  0.701193 0.874020 1 0 1.000000
driverswat
0  23.494982 -3.373188 75.808723  -0.679777 -0.342632 0.648465  0.119144 0.633778 1 0 1.000000
0  23.756496 -2.175733 76.400574  -0.623295 -0.108859 0.774373  0.142582 0.651357 1 0 1.000000
0  22.641623 -1.996802 75.134300  -0.860769 -0.084409 0.501948  0.152348 0.617176 1 0 1.000000
driverswat
0  24.898895 -3.648464 76.689613  -0.338723 -0.396390 0.853312  0.104495 0.666982 1 0 1.000000
0  23.756496 -2.175733 76.400574  -0.623295 -0.108859 0.774373  0.142582 0.651357 1 0 1.000000
0  23.494982 -3.373188 75.808723  -0.679777 -0.342632 0.648465  0.119144 0.633778 1 0 1.000000
driverswat
0  24.898895 -3.648464 76.689613  -0.338723 -0.396390 0.853312  0.104495 0.666982 1 0 1.000000
0  25.174171 -1.996802 77.143822  -0.287365 -0.105359 0.952009  0.139653 0.687490 1 0 1.000000
0  23.756496 -2.175733 76.400574  -0.623295 -0.108859 0.774373  0.142582 0.651357 1 0 1.000000
driverswat
0  25.986238 -1.845400 77.308990  -0.000004 -0.082828 0.996564  0.137700 0.707999 1 0 1.000000
0  26.798306 -1.996802 77.143822  0.287445 -0.105325 0.951988  0.139653 0.687490 1 0 1.000000
0  25.986238 -0.758056 77.267700  -0.000019 0.119528 0.992831  0.166997 0.712882 1 0 1.000000
driverswat
0  25.986238 -1.845400 77.308990  -0.000004 -0.082828 0.996564  0.137700 0.707999 1 0 1.000000
0  25.986238 -0.758056 77.267700  -0.000019 0.119528 0.992831  0.166997 0.712882 1 0 1.000000
0  25.174171 -1.996802 77.143822  -0.287365 -0.105359 0.952009  0.139653 0.687490 1 0 1.000000
driverswat
0  25.986238 -3.428243 76.923599  -0.000279 -0.346462 0.938064  0.098636 0.693350 1 0 1.000000
0  25.986238 -1.845400 77.308990  -0.000004 -0.082828 0.996564  0.137700 0.707999 1 0 1.000000
0  25.174171 -1.996802 77.143822  -0.287365 -0.105359 0.952009  0.139653 0.687490 1 0 1.000000
driverswat
0  25.986238 -3.428243 76.923599  -0.000279 -0.346462 0.938064  0.098636 0.693350 1 0 1.000000
0  25.174171 -1.996802 77.143822  -0.287365 -0.105359 0.952009  0.139653 0.687490 1 0 1.000000
0  24.898895 -3.648464 76.689613  -0.338723 -0.396390 0.853312  0.104495 0.666982 1 0 1.000000
driverswat
0  26.000004 -4.887211 76.111534  0.000040 -0.699886 0.714254  0.063478 0.670888 1 0 1.000000
0  25.986238 -3.428243 76.923599  -0.000279 -0.346462 0.938064  0.098636 0.693350 1 0 1.000000
0  24.898895 -3.648464 76.689613  -0.338723 -0.396390 0.853312  0.104495 0.666982 1 0 1.000000
driverswat
0  24.513508 -4.790864 75.588509  -0.453861 -0.698103 0.553771  0.082034 0.638661 1 0 1.000000
0  26.000004 -4.887211 76.111534  0.000040 -0.699886 0.714254  0.063478 0.670888 1 0 1.000000
0  24.898895 -3.648464 76.689613  -0.338723 -0.396390 0.853312  0.104495 0.666982 1 0 1.000000
driverswat
0  24.513508 -4.790864 75.588509  -0.453861 -0.698103 0.553771  0.082034 0.638661 1 0 1.000000
0  24.898895 -3.648464 76.689613  -0.338723 -0.396390 0.853312  0.104495 0.666982 1 0 1.000000
0  23.494982 -3.373188 75.808723  -0.679777 -0.342632 0.648465  0.119144 0.633778 1 0 1.000000
driverswat
0  24.513508 -4.790864 75.588509  -0.453861 -0.698103 0.553771  0.082034 0.638661 1 0 1.000000
0  23.494982 -3.373188 75.808723  -0.679777 -0.342632 0.648465  0.119144 0.633778 1 0 1.000000
0  23.137123 -3.868686 74.941605  -0.770969 -0.479830 0.418771  0.111332 0.613269 1 0 1.000000
driverswat
0  23.137123 -3.868686 74.941605  -0.770969 -0.479830 0.418771  0.111332 0.613269 1 0 1.000000
0  23.494982 -3.373188 75.808723  -0.679777 -0.342632 0.648465  0.119144 0.633778 1 0 1.000000
0  22.641623 -1.996802 75.134300  -0.860769 -0.084409 0.501948  0.152348 0.617176 1 0 1.000000
driverswat
0  23.137123 -3.868686 74.941605  -0.770969 -0.479830 0.418771  0.111332 0.613269 1 0 1.000000
0  22.641623 -1.996802 75.134300  -0.860769 -0.084409 0.501948  0.152348 0.617176 1 0 1.000000
0  22.118597 -2.354662 73.675331  -0.946934 -0.140193 0.289244  0.149419 0.582995 1 0 1.000000
driverswat
0  22.118597 -2.354662 73.675331  -0.946934 -0.140193 0.289244  0.149419 0.582995 1 0 1.000000
0  22.641623 -1.996802 75.134300  -0.860769 -0.084409 0.501948  0.152348 0.617176 1 0 1.000000
0  22.407639 -0.193739 74.391052  -0.915524 0.212516 0.341543  0.192389 0.608387 1 0 1.000000
driverswat
0  21.925903 -0.427724 72.890793  -0.958768 0.218557 0.181650  0.195318 0.575182 1 0 1.000000
0  22.118597 -2.354662 73.675331  -0.946934 -0.140193 0.289244  0.149419 0.582995 1 0 1.000000
0  22.407639 -0.193739 74.391052  -0.915524 0.212516 0.341543  0.192389 0.608387 1 0 1.000000
driverswat
0  21.925903 -0.427724 72.890793  -0.958768 0.218557 0.181650  0.195318 0.575182 1 0 1.000000
0  22.407639 -0.193739 74.391052  -0.915524 0.212516 0.341543  0.192389 0.608387 1 0 1.000000
0  22.848082 1.568035 72.546700  -0.801925 0.588539 0.102656  0.243171 0.585925 1 0 1.000000
driverswat
0  21.925903 -0.427724 72.890793  -0.958768 0.218557 0.181650  0.195318 0.575182 1 0 1.000000
0  22.848082 1.568035 72.546700  -0.801925 0.588539 0.102656  0.243171 0.585925 1 0 1.000000
0  22.407639 1.086299 70.771164  -0.837294 0.544001 0.054792  0.247078 0.542955 1 0 1.000000
driverswat
0  22.407639 1.086299 70.771164  -0.837294 0.544001 0.054792  0.247078 0.542955 1 0 1.000000
0  22.848082 1.568035 72.546700  -0.801925 0.588539 0.102656  0.243171 0.585925 1 0 1.000000
0  23.839077 2.641614 70.743629  -0.525151 0.842483 0.120162  0.293954 0.565416 1 0 1.000000
driverswat
0  22.848082 1.568035 72.546700  -0.801925 0.588539 0.102656  0.243171 0.585925 1 0 1.000000
0  24.238230 2.889363 72.340240  -0.459462 0.888020 0.017749  0.283212 0.604480 1 0 1.000000
0  23.839077 2.641614 70.743629  -0.525151 0.842483 0.120162  0.293954 0.565416 1 0 1.000000
driverswat
0  23.839077 2.641614 70.743629  -0.525151 0.842483 0.120162  0.293954 0.565416 1 0 1.000000
0  24.238230 2.889363 72.340240  -0.459462 0.888020 0.017749  0.283212 0.604480 1 0 1.000000
0  25.986238 3.109585 70.963852  -0.000018 0.996745 0.080620  0.335948 0.598621 1 0 1.000000
driverswat
0  24.238230 2.889363 72.340240  -0.459462 0.888020 0.017749  0.283212 0.604480 1 0 1.000000
0  25.986238 3.357335 72.271416  -0.000041 0.999807 -0.019638  0.319346 0.627918 1 0 1.000000
0  25.986238 3.109585 70.963852  -0.000018 0.996745 0.080620  0.335948 0.598621 1 0 1.000000
driverswat
0  25.986238 -3.428243 76.923599  -0.000279 -0.346462 0.938064  0.098636 0.693350 1 0 1.000000
0  26.798306 -1.996802 77.143822  0.287445 -0.105325 0.951988  0.139653 0.687490 1 0 1.000000
0  25.986238 -1.845400 77.308990  -0.000004 -0.082828 0.996564  0.137700 0.707999 1 0 1.000000
driverswat
0  21.664391 -1.019569 71.294182  -0.996481 0.082484 -0.014872  0.192389 0.536119 1 0 1.000000
0  21.925903 -0.427724 72.890793  -0.958768 0.218557 0.181650  0.195318 0.575182 1 0 1.000000
0  22.407639 1.086299 70.771164  -0.837294 0.544001 0.054792  0.247078 0.542955 1 0 1.000000
driverswat
0  26.000004 -4.887211 76.111534  0.000040 -0.699886 0.714254  0.063478 0.670888 1 0 1.000000
0  27.101110 -3.648464 76.689613  0.338882 -0.395872 0.853490  0.104495 0.666982 1 0 1.000000
0  25.986238 -3.428243 76.923599  -0.000279 -0.346462 0.938064  0.098636 0.693350 1 0 1.000000
driverswat
0  25.986238 -3.428243 76.923599  -0.000279 -0.346462 0.938064  0.098636 0.693350 1 0 1.000000
0  27.101110 -3.648464 76.689613  0.338882 -0.395872 0.853490  0.104495 0.666982 1 0 1.000000
0  26.798306 -1.996802 77.143822  0.287445 -0.105325 0.951988  0.139653 0.687490 1 0 1.000000
driverswat
0  27.101110 -3.648464 76.689613  0.338882 -0.395872 0.853490  0.104495 0.666982 1 0 1.000000
0  28.215982 -2.175732 76.400574  0.623308 -0.108794 0.774372  0.142582 0.651357 1 0 1.000000
0  26.798306 -1.996802 77.143822  0.287445 -0.105325 0.951988  0.139653 0.687490 1 0 1.000000
driverswat
0  28.215982 -2.175732 76.400574  0.623308 -0.108794 0.774372  0.142582 0.651357 1 0 1.000000
0  27.706720 -0.826875 76.785957  0.504686 0.121494 0.854711  0.168950 0.669912 1 0 1.000000
0  26.798306 -1.996802 77.143822  0.287445 -0.105325 0.951988  0.139653 0.687490 1 0 1.000000
driverswat
0  28.215982 -2.175732 76.400574  0.623308 -0.108794 0.774372  0.142582 0.651357 1 0 1.000000
0  28.794064 0.081539 75.671089  0.719637 0.267341 0.640821  0.192389 0.641591 1 0 1.000000
0  27.706720 -0.826875 76.785957  0.504686 0.121494 0.854711  0.168950 0.669912 1 0 1.000000
driverswat
0  29.330854 -1.996801 75.134300  0.860852 -0.083508 0.501957  0.152348 0.617176 1 0 1.000000
0  29.564838 -0.193738 74.391052  0.915391 0.212816 0.341715  0.192389 0.608387 1 0 1.000000
0  28.794064 0.081539 75.671089  0.719637 0.267341 0.640821  0.192389 0.641591 1 0 1.000000
driverswat
0  29.330854 -1.996801 75.134300  0.860852 -0.083508 0.501957  0.152348 0.617176 1 0 1.000000
0  28.794064 0.081539 75.671089  0.719637 0.267341 0.640821  0.192389 0.641591 1 0 1.000000
0  28.215982 -2.175732 76.400574  0.623308 -0.108794 0.774372  0.142582 0.651357 1 0 1.000000
driverswat
0  28.477495 -3.373187 75.808723  0.679806 -0.342623 0.648439  0.119144 0.633778 1 0 1.000000
0  29.330854 -1.996801 75.134300  0.860852 -0.083508 0.501957  0.152348 0.617176 1 0 1.000000
0  28.215982 -2.175732 76.400574  0.623308 -0.108794 0.774372  0.142582 0.651357 1 0 1.000000
driverswat
0  27.101110 -3.648464 76.689613  0.338882 -0.395872 0.853490  0.104495 0.666982 1 0 1.000000
0  28.477495 -3.373187 75.808723  0.679806 -0.342623 0.648439  0.119144 0.633778 1 0 1.000000
0  28.215982 -2.175732 76.400574  0.623308 -0.108794 0.774372  0.142582 0.651357 1 0 1.000000
driverswat
0  27.486498 -4.790864 75.588509  0.453467 -0.697952 0.554284  0.082034 0.638661 1 0 1.000000
0  28.477495 -3.373187 75.808723  0.679806 -0.342623 0.648439  0.119144 0.633778 1 0 1.000000
0  27.101110 -3.648464 76.689613  0.338882 -0.395872 0.853490  0.104495 0.666982 1 0 1.000000
driverswat
0  27.486498 -4.790864 75.588509  0.453467 -0.697952 0.554284  0.082034 0.638661 1 0 1.000000
0  27.101110 -3.648464 76.689613  0.338882 -0.395872 0.853490  0.104495 0.666982 1 0 1.000000
0  26.000004 -4.887211 76.111534  0.000040 -0.699886 0.714254  0.063478 0.670888 1 0 1.000000
driverswat
0  26.000004 -5.506583 75.189354  0.000000 -0.896266 0.443517  0.043947 0.650380 1 0 1.000000
0  27.486498 -4.790864 75.588509  0.453467 -0.697952 0.554284  0.082034 0.638661 1 0 1.000000
0  26.000004 -4.887211 76.111534  0.000040 -0.699886 0.714254  0.063478 0.670888 1 0 1.000000
driverswat
0  26.000004 -5.506583 75.189354  0.000000 -0.896266 0.443517  0.043947 0.650380 1 0 1.000000
0  26.000004 -4.887211 76.111534  0.000040 -0.699886 0.714254  0.063478 0.670888 1 0 1.000000
0  24.513508 -4.790864 75.588509  -0.453861 -0.698103 0.553771  0.082034 0.638661 1 0 1.000000
driverswat
0  26.000004 -5.506583 75.189354  0.000000 -0.896266 0.443517  0.043947 0.650380 1 0 1.000000
0  24.513508 -4.790864 75.588509  -0.453861 -0.698103 0.553771  0.082034 0.638661 1 0 1.000000
0  24.279522 -5.492820 73.854263  -0.446819 -0.598418 0.665018  0.060549 0.599597 1 0 1.000000
driverswat
0  24.279522 -5.492820 73.854263  -0.446819 -0.598418 0.665018  0.060549 0.599597 1 0 1.000000
0  24.513508 -4.790864 75.588509  -0.453861 -0.698103 0.553771  0.082034 0.638661 1 0 1.000000
0  23.137123 -3.868686 74.941605  -0.770969 -0.479830 0.418771  0.111332 0.613269 1 0 1.000000
driverswat
0  22.903137 -4.281602 73.510162  -0.743084 -0.430177 0.512615  0.101566 0.579089 1 0 1.000000
0  24.279522 -5.492820 73.854263  -0.446819 -0.598418 0.665018  0.060549 0.599597 1 0 1.000000
0  23.137123 -3.868686 74.941605  -0.770969 -0.479830 0.418771  0.111332 0.613269 1 0 1.000000
driverswat
0  22.903137 -4.281602 73.510162  -0.743084 -0.430177 0.512615  0.101566 0.579089 1 0 1.000000
0  23.137123 -3.868686 74.941605  -0.770969 -0.479830 0.418771  0.111332 0.613269 1 0 1.000000
0  22.118597 -2.354662 73.675331  -0.946934 -0.140193 0.289244  0.149419 0.582995 1 0 1.000000
driverswat
0  22.903137 -4.281602 73.510162  -0.743084 -0.430177 0.512615  0.101566 0.579089 1 0 1.000000
0  22.118597 -2.354662 73.675331  -0.946934 -0.140193 0.289244  0.149419 0.582995 1 0 1.000000
0  22.063541 -3.056619 73.069725  -0.912218 -0.205620 0.354371  0.135746 0.566393 1 0 1.000000
driverswat
0  22.063541 -3.056619 73.069725  -0.912218 -0.205620 0.354371  0.135746 0.566393 1 0 1.000000
0  22.118597 -2.354662 73.675331  -0.946934 -0.140193 0.289244  0.149419 0.582995 1 0 1.000000
0  21.925903 -0.427724 72.890793  -0.958768 0.218557 0.181650  0.195318 0.575182 1 0 1.000000
driverswat
0  22.063541 -3.056619 73.069725  -0.912218 -0.205620 0.354371  0.135746 0.566393 1 0 1.000000
0  21.925903 -0.427724 72.890793  -0.958768 0.218557 0.181650  0.195318 0.575182 1 0 1.000000
0  21.884613 -3.235549 72.257652  -0.986163 -0.100056 0.132175  0.135746 0.545885 1 0 1.000000
driverswat
0  21.664391 -1.019569 71.294182  -0.996481 0.082484 -0.014872  0.192389 0.536119 1 0 1.000000
0  21.884613 -3.235549 72.257652  -0.986163 -0.100056 0.132175  0.135746 0.545885 1 0 1.000000
0  21.925903 -0.427724 72.890793  -0.958768 0.218557 0.181650  0.195318 0.575182 1 0 1.000000
driverswat
0  22.022251 -2.863925 71.252892  -0.970541 -0.183674 -0.155932  0.149419 0.523423 1 0 1.000000
0  21.884613 -3.235549 72.257652  -0.986163 -0.100056 0.132175  0.135746 0.545885 1 0 1.000000
0  21.664391 -1.019569 71.294182  -0.996481 0.082484 -0.014872  0.192389 0.536119 1 0 1.000000
driverswat
0  21.788265 -1.625178 70.537170  -0.992536 -0.078714 -0.093149  0.183599 0.513657 1 0 1.000000
0  22.022251 -2.863925 71.252892  -0.970541 -0.183674 -0.155932  0.149419 0.523423 1 0 1.000000
0  21.664391 -1.019569 71.294182  -0.996481 0.082484 -0.014872  0.192389 0.536119 1 0 1.000000
driverswat
0  24.279522 -5.492820 73.854263  -0.446819 -0.598418 0.665018  0.060549 0.599597 1 0 1.000000
0  22.903137 -4.281602 73.510162  -0.743084 -0.430177 0.512615  0.101566 0.579089 1 0 1.000000
0  24.251993 -5.988319 73.647804  -0.374737 -0.557216 0.741001  0.049806 0.590808 1 0 1.000000
driverswat
0  22.903137 -4.281602 73.510162  -0.743084 -0.430177 0.512615  0.101566 0.579089 1 0 1.000000
0  22.765499 -4.639462 73.207359  -0.720544 -0.419753 0.551927  0.094729 0.570299 1 0 1.000000
0  24.251993 -5.988319 73.647804  -0.374737 -0.557216 0.741001  0.049806 0.590808 1 0 1.000000
driverswat
0  22.903137 -4.281602 73.510162  -0.743084 -0.430177 0.512615  0.101566 0.579089 1 0 1.000000
0  22.063541 -3.056619 73.069725  -0.912218 -0.205620 0.354371  0.135746 0.566393 1 0 1.000000
0  22.765499 -4.639462 73.207359  -0.720544 -0.419753 0.551927  0.094729 0.570299 1 0 1.000000
driverswat
0  22.036015 -3.689756 72.519173  -0.892879 -0.259621 0.367919  0.123051 0.551744 1 0 1.000000
0  22.063541 -3.056619 73.069725  -0.912218 -0.205620 0.354371  0.135746 0.566393 1 0 1.000000
0  21.884613 -3.235549 72.257652  -0.986163 -0.100056 0.132175  0.135746 0.545885 1 0 1.000000
driverswat
0  22.063541 -3.056619 73.069725  -0.912218 -0.205620 0.354371  0.135746 0.566393 1 0 1.000000
0  22.036015 -3.689756 72.519173  -0.892879 -0.259621 0.367919  0.123051 0.551744 1 0 1.000000
0  22.765499 -4.639462 73.207359  -0.720544 -0.419753 0.551927  0.094729 0.570299 1 0 1.000000
driverswat
0  22.614096 -4.694516 72.835739  -0.799927 -0.442215 0.405663  0.094729 0.560533 1 0 1.000000
0  22.765499 -4.639462 73.207359  -0.720544 -0.419753 0.551927  0.094729 0.570299 1 0 1.000000
0  22.036015 -3.689756 72.519173  -0.892879 -0.259621 0.367919  0.123051 0.551744 1 0 1.000000
driverswat
0  22.614096 -4.694516 72.835739  -0.799927 -0.442215 0.405663  0.094729 0.560533 1 0 1.000000
0  23.949188 -6.181013 73.179832  -0.507595 -0.626396 0.591587  0.047853 0.577136 1 0 1.000000
0  22.765499 -4.639462 73.207359  -0.720544 -0.419753 0.551927  0.094729 0.570299 1 0 1.000000
driverswat
0  23.949188 -6.181013 73.179832  -0.507595 -0.626396 0.591587  0.047853 0.577136 1 0 1.000000
0  24.251993 -5.988319 73.647804  -0.374737 -0.557216 0.741001  0.049806 0.590808 1 0 1.000000
0  22.765499 -4.639462 73.207359  -0.720544 -0.419753 0.551927  0.094729 0.570299 1 0 1.000000
driverswat
0  23.949188 -6.181013 73.179832  -0.507595 -0.626396 0.591587  0.047853 0.577136 1 0 1.000000
0  26.000004 -6.855440 73.276176  0.000003 -0.846128 0.532979  0.003906 0.605457 1 0 1.000000
0  24.251993 -5.988319 73.647804  -0.374737 -0.557216 0.741001  0.049806 0.590808 1 0 1.000000
driverswat
0  26.000004 -6.855440 73.276176  0.000003 -0.846128 0.532979  0.003906 0.605457 1 0 1.000000
0  26.000004 -6.566400 73.716621  0.000003 -0.662044 0.749465  0.012696 0.615223 1 0 1.000000
0  24.251993 -5.988319 73.647804  -0.374737 -0.557216 0.741001  0.049806 0.590808 1 0 1.000000
driverswat
0  24.279522 -5.492820 73.854263  -0.446819 -0.598418 0.665018  0.060549 0.599597 1 0 1.000000
0  24.251993 -5.988319 73.647804  -0.374737 -0.557216 0.741001  0.049806 0.590808 1 0 1.000000
0  26.000004 -6.566400 73.716621  0.000003 -0.662044 0.749465  0.012696 0.615223 1 0 1.000000
driverswat
0  26.000004 -5.947026 73.923080  0.000012 -0.666904 0.745144  0.024415 0.624989 1 0 1.000000
0  24.279522 -5.492820 73.854263  -0.446819 -0.598418 0.665018  0.060549 0.599597 1 0 1.000000
0  26.000004 -6.566400 73.716621  0.000003 -0.662044 0.749465  0.012696 0.615223 1 0 1.000000
driverswat
0  26.000004 -5.947026 73.923080  0.000012 -0.666904 0.745144  0.024415 0.624989 1 0 1.000000
0  26.000004 -5.506583 75.189354  0.000000 -0.896266 0.443517  0.043947 0.650380 1 0 1.000000
0  24.279522 -5.492820 73.854263  -0.446819 -0.598418 0.665018  0.060549 0.599597 1 0 1.000000
driverswat
0  26.000004 -5.947026 73.923080  0.000012 -0.666904 0.745144  0.024415 0.624989 1 0 1.000000
0  27.720484 -5.492820 73.854263  0.446825 -0.598454 0.664981  0.060549 0.599597 1 0 1.000000
0  26.000004 -5.506583 75.189354  0.000000 -0.896266 0.443517  0.043947 0.650380 1 0 1.000000
driverswat
0  26.000004 -5.506583 75.189354  0.000000 -0.896266 0.443517  0.043947 0.650380 1 0 1.000000
0  27.720484 -5.492820 73.854263  0.446825 -0.598454 0.664981  0.060549 0.599597 1 0 1.000000
0  27.486498 -4.790864 75.588509  0.453467 -0.697952 0.554284  0.082034 0.638661 1 0 1.000000
driverswat
0  27.720484 -5.492820 73.854263  0.446825 -0.598454 0.664981  0.060549 0.599597 1 0 1.000000
0  28.862883 -3.868686 74.941605  0.770992 -0.479792 0.418773  0.111332 0.613269 1 0 1.000000
0  27.486498 -4.790864 75.588509  0.453467 -0.697952 0.554284  0.082034 0.638661 1 0 1.000000
driverswat
0  27.486498 -4.790864 75.588509  0.453467 -0.697952 0.554284  0.082034 0.638661 1 0 1.000000
0  28.862883 -3.868686 74.941605  0.770992 -0.479792 0.418773  0.111332 0.613269 1 0 1.000000
0  28.477495 -3.373187 75.808723  0.679806 -0.342623 0.648439  0.119144 0.633778 1 0 1.000000
driverswat
0  28.862883 -3.868686 74.941605  0.770992 -0.479792 0.418773  0.111332 0.613269 1 0 1.000000
0  29.330854 -1.996801 75.134300  0.860852 -0.083508 0.501957  0.152348 0.617176 1 0 1.000000
0  28.477495 -3.373187 75.808723  0.679806 -0.342623 0.648439  0.119144 0.633778 1 0 1.000000
driverswat
0  28.862883 -3.868686 74.941605  0.770992 -0.479792 0.418773  0.111332 0.613269 1 0 1.000000
0  29.853880 -2.354662 73.675331  0.946974 -0.139814 0.289295  0.149419 0.582995 1 0 1.000000
0  29.330854 -1.996801 75.134300  0.860852 -0.083508 0.501957  0.152348 0.617176 1 0 1.000000
driverswat
0  29.853880 -2.354662 73.675331  0.946974 -0.139814 0.289295  0.149419 0.582995 1 0 1.000000
0  29.564838 -0.193738 74.391052  0.915391 0.212816 0.341715  0.192389 0.608387 1 0 1.000000
0  29.330854 -1.996801 75.134300  0.860852 -0.083508 0.501957  0.152348 0.617176 1 0 1.000000
driverswat
0  30.046574 -0.427723 72.890793  0.958780 0.218427 0.181746  0.195318 0.575182 1 0 1.000000
0  29.564838 -0.193738 74.391052  0.915391 0.212816 0.341715  0.192389 0.608387 1 0 1.000000
0  29.853880 -2.354662 73.675331  0.946974 -0.139814 0.289295  0.149419 0.582995 1 0 1.000000
driverswat
0  26.000004 -5.947026 73.923080  0.000012 -0.666904 0.745144  0.024415 0.624989 1 0 1.000000
0  26.000004 -6.566400 73.716621  0.000003 -0.662044 0.749465  0.012696 0.615223 1 0 1.000000
0  27.720484 -5.492820 73.854263  0.446825 -0.598454 0.664981  0.060549 0.599597 1 0 1.000000
driverswat
0  29.564838 -0.193738 74.391052  0.915391 0.212816 0.341715  0.192389 0.608387 1 0 1.000000
0  28.862883 1.430396 74.611275  0.752879 0.538730 0.378079  0.225593 0.628895 1 0 1.000000
0  28.794064 0.081539 75.671089  0.719637 0.267341 0.640821  0.192389 0.641591 1 0 1.000000
driverswat
0  29.564838 -0.193738 74.391052  0.915391 0.212816 0.341715  0.192389 0.608387 1 0 1.000000
0  29.124395 1.568035 72.546700  0.801925 0.588539 0.102656  0.243171 0.585925 1 0 1.000000
0  28.862883 1.430396 74.611275  0.752879 0.538730 0.378079  0.225593 0.628895 1 0 1.000000
driverswat
0  30.046574 -0.427723 72.890793  0.958780 0.218427 0.181746  0.195318 0.575182 1 0 1.000000
0  29.124395 1.568035 72.546700  0.801925 0.588539 0.102656  0.243171 0.585925 1 0 1.000000
0  29.564838 -0.193738 74.391052  0.915391 0.212816 0.341715  0.192389 0.608387 1 0 1.000000
driverswat
0  30.046574 -0.427723 72.890793  0.958780 0.218427 0.181746  0.195318 0.575182 1 0 1.000000
0  29.564838 1.086300 70.771164  0.837281 0.543999 0.054998  0.247078 0.542955 1 0 1.000000
0  29.124395 1.568035 72.546700  0.801925 0.588539 0.102656  0.243171 0.585925 1 0 1.000000
driverswat
0  29.564838 1.086300 70.771164  0.837281 0.543999 0.054998  0.247078 0.542955 1 0 1.000000
0  28.133400 2.641614 70.743629  0.525119 0.842487 0.120272  0.293954 0.565416 1 0 1.000000
0  29.124395 1.568035 72.546700  0.801925 0.588539 0.102656  0.243171 0.585925 1 0 1.000000
driverswat
0  29.564838 1.086300 70.771164  0.837281 0.543999 0.054998  0.247078 0.542955 1 0 1.000000
0  28.133400 2.737962 70.399536  0.498444 0.836526 0.227549  0.298837 0.558580 1 0 1.000000
0  28.133400 2.641614 70.743629  0.525119 0.842487 0.120272  0.293954 0.565416 1 0 1.000000
driverswat
0  28.133400 2.737962 70.399536  0.498444 0.836526 0.227549  0.298837 0.558580 1 0 1.000000
0  25.986238 3.205933 70.647285  -0.000050 0.944945 0.327229  0.340831 0.592761 1 0 1.000000
0  28.133400 2.641614 70.743629  0.525119 0.842487 0.120272  0.293954 0.565416 1 0 1.000000
driverswat
0  30.308086 -1.019569 71.294182  0.996481 0.082485 -0.014873  0.192389 0.536119 1 0 1.000000
0  29.564838 1.086300 70.771164  0.837281 0.543999 0.054998  0.247078 0.542955 1 0 1.000000
0  30.046574 -0.427723 72.890793  0.958780 0.218427 0.181746  0.195318 0.575182 1 0 1.000000
driverswat
0  29.385910 -4.694516 72.835739  0.799923 -0.442221 0.405665  0.094729 0.560533 1 0 1.000000
0  29.963991 -3.689756 72.519173  0.892886 -0.259580 0.367930  0.123051 0.551744 1 0 1.000000
0  29.234507 -4.639461 73.207359  0.720595 -0.419752 0.551860  0.094729 0.570299 1 0 1.000000
driverswat
0  29.385910 -4.694516 72.835739  0.799923 -0.442221 0.405665  0.094729 0.560533 1 0 1.000000
0  29.234507 -4.639461 73.207359  0.720595 -0.419752 0.551860  0.094729 0.570299 1 0 1.000000
0  28.050816 -6.181011 73.179832  0.507590 -0.626405 0.591582  0.047853 0.577136 1 0 1.000000
driverswat
0  28.050816 -6.181011 73.179832  0.507590 -0.626405 0.591582  0.047853 0.577136 1 0 1.000000
0  29.234507 -4.639461 73.207359  0.720595 -0.419752 0.551860  0.094729 0.570299 1 0 1.000000
0  27.748013 -5.988317 73.647804  0.374730 -0.557173 0.741037  0.049806 0.590808 1 0 1.000000
driverswat
0  28.050816 -6.181011 73.179832  0.507590 -0.626405 0.591582  0.047853 0.577136 1 0 1.000000
0  27.748013 -5.988317 73.647804  0.374730 -0.557173 0.741037  0.049806 0.590808 1 0 1.000000
0  26.000004 -6.855440 73.276176  0.000003 -0.846128 0.532979  0.003906 0.605457 1 0 1.000000
driverswat
0  26.000004 -6.855440 73.276176  0.000003 -0.846128 0.532979  0.003906 0.605457 1 0 1.000000
0  27.748013 -5.988317 73.647804  0.374730 -0.557173 0.741037  0.049806 0.590808 1 0 1.000000
0  26.000004 -6.566400 73.716621  0.000003 -0.662044 0.749465  0.012696 0.615223 1 0 1.000000
driverswat
0  27.720484 -5.492820 73.854263  0.446825 -0.598454 0.664981  0.060549 0.599597 1 0 1.000000
0  26.000004 -6.566400 73.716621  0.000003 -0.662044 0.749465  0.012696 0.615223 1 0 1.000000
0  27.748013 -5.988317 73.647804  0.374730 -0.557173 0.741037  0.049806 0.590808 1 0 1.000000
driverswat
0  27.720484 -5.492820 73.854263  0.446825 -0.598454 0.664981  0.060549 0.599597 1 0 1.000000
0  27.748013 -5.988317 73.647804  0.374730 -0.557173 0.741037  0.049806 0.590808 1 0 1.000000
0  29.096869 -4.281601 73.510162  0.743111 -0.430137 0.512609  0.101566 0.579089 1 0 1.000000
driverswat
0  29.096869 -4.281601 73.510162  0.743111 -0.430137 0.512609  0.101566 0.579089 1 0 1.000000
0  28.862883 -3.868686 74.941605  0.770992 -0.479792 0.418773  0.111332 0.613269 1 0 1.000000
0  27.720484 -5.492820 73.854263  0.446825 -0.598454 0.664981  0.060549 0.599597 1 0 1.000000
driverswat
0  29.096869 -4.281601 73.510162  0.743111 -0.430137 0.512609  0.101566 0.579089 1 0 1.000000
0  29.853880 -2.354662 73.675331  0.946974 -0.139814 0.289295  0.149419 0.582995 1 0 1.000000
0  28.862883 -3.868686 74.941605  0.770992 -0.479792 0.418773  0.111332 0.613269 1 0 1.000000
driverswat
0  29.096869 -4.281601 73.510162  0.743111 -0.430137 0.512609  0.101566 0.579089 1 0 1.000000
0  29.908936 -3.056619 73.069725  0.912233 -0.205533 0.354383  0.135746 0.566393 1 0 1.000000
0  29.853880 -2.354662 73.675331  0.946974 -0.139814 0.289295  0.149419 0.582995 1 0 1.000000
driverswat
0  29.908936 -3.056619 73.069725  0.912233 -0.205533 0.354383  0.135746 0.566393 1 0 1.000000
0  30.046574 -0.427723 72.890793  0.958780 0.218427 0.181746  0.195318 0.575182 1 0 1.000000
0  29.853880 -2.354662 73.675331  0.946974 -0.139814 0.289295  0.149419 0.582995 1 0 1.000000
driverswat
0  29.908936 -3.056619 73.069725  0.912233 -0.205533 0.354383  0.135746 0.566393 1 0 1.000000
0  30.087864 -3.235549 72.257652  0.986167 -0.100031 0.132170  0.135746 0.545885 1 0 1.000000
0  30.046574 -0.427723 72.890793  0.958780 0.218427 0.181746  0.195318 0.575182 1 0 1.000000
driverswat
0  30.308086 -1.019569 71.294182  0.996481 0.082485 -0.014873  0.192389 0.536119 1 0 1.000000
0  30.046574 -0.427723 72.890793  0.958780 0.218427 0.181746  0.195318 0.575182 1 0 1.000000
0  30.087864 -3.235549 72.257652  0.986167 -0.100031 0.132170  0.135746 0.545885 1 0 1.000000
driverswat
0  29.950228 -2.863925 71.252892  0.970531 -0.183689 -0.155977  0.149419 0.523423 1 0 1.000000
0  30.308086 -1.019569 71.294182  0.996481 0.082485 -0.014873  0.192389 0.536119 1 0 1.000000
0  30.087864 -3.235549 72.257652  0.986167 -0.100031 0.132170  0.135746 0.545885 1 0 1.000000
driverswat
0  30.184212 -1.625177 70.537170  0.992536 -0.078716 -0.093150  0.183599 0.513657 1 0 1.000000
0  30.308086 -1.019569 71.294182  0.996481 0.082485 -0.014873  0.192389 0.536119 1 0 1.000000
0  29.950228 -2.863925 71.252892  0.970531 -0.183689 -0.155977  0.149419 0.523423 1 0 1.000000
driverswat
0  30.184212 -1.625177 70.537170  0.992536 -0.078716 -0.093150  0.183599 0.513657 1 0 1.000000
0  29.853878 0.714676 70.151787  0.900725 0.427319 0.078062  0.243171 0.524400 1 0 1.000000
0  30.308086 -1.019569 71.294182  0.996481 0.082485 -0.014873  0.192389 0.536119 1 0 1.000000
driverswat
0  30.308086 -1.019569 71.294182  0.996481 0.082485 -0.014873  0.192389 0.536119 1 0 1.000000
0  29.853878 0.714676 70.151787  0.900725 0.427319 0.078062  0.243171 0.524400 1 0 1.000000
0  29.564838 1.086300 70.771164  0.837281 0.543999 0.054998  0.247078 0.542955 1 0 1.000000
driverswat
0  29.853878 0.714676 70.151787  0.900725 0.427319 0.078062  0.243171 0.524400 1 0 1.000000
0  28.133400 2.737962 70.399536  0.498444 0.836526 0.227549  0.298837 0.558580 1 0 1.000000
0  29.564838 1.086300 70.771164  0.837281 0.543999 0.054998  0.247078 0.542955 1 0 1.000000
driverswat
0  29.963991 -3.689756 72.519173  0.892886 -0.259580 0.367930  0.123051 0.551744 1 0 1.000000
0  30.087864 -3.235549 72.257652  0.986167 -0.100031 0.132170  0.135746 0.545885 1 0 1.000000
0  29.908936 -3.056619 73.069725  0.912233 -0.205533 0.354383  0.135746 0.566393 1 0 1.000000
driverswat
0  29.908936 -3.056619 73.069725  0.912233 -0.205533 0.354383  0.135746 0.566393 1 0 1.000000
0  29.234507 -4.639461 73.207359  0.720595 -0.419752 0.551860  0.094729 0.570299 1 0 1.000000
0  29.963991 -3.689756 72.519173  0.892886 -0.259580 0.367930  0.123051 0.551744 1 0 1.000000
driverswat
0  29.096869 -4.281601 73.510162  0.743111 -0.430137 0.512609  0.101566 0.579089 1 0 1.000000
0  29.234507 -4.639461 73.207359  0.720595 -0.419752 0.551860  0.094729 0.570299 1 0 1.000000
0  29.908936 -3.056619 73.069725  0.912233 -0.205533 0.354383  0.135746 0.566393 1 0 1.000000
driverswat
0  29.096869 -4.281601 73.510162  0.743111 -0.430137 0.512609  0.101566 0.579089 1 0 1.000000
0  27.748013 -5.988317 73.647804  0.374730 -0.557173 0.741037  0.049806 0.590808 1 0 1.000000
0  29.234507 -4.639461 73.207359  0.720595 -0.419752 0.551860  0.094729 0.570299 1 0 1.000000
driverswat
0  33.680229 -27.040516 62.082203  0.089781 -0.980277 0.176058  0.931669 0.269509 1 0 1.000000
0  32.565361 -26.697525 62.109779  -0.622458 -0.394573 0.675913  0.955107 0.261696 1 0 1.000000
0  32.634178 -26.890560 61.762859  -0.519507 -0.850030 -0.086952  0.955107 0.271462 1 0 1.000000
driverswat
0  32.565361 -26.697525 62.109779  -0.622458 -0.394573 0.675913  0.955107 0.261696 1 0 1.000000
0  32.152443 -26.072763 61.552452  -0.997783 0.065598 -0.011207  0.979522 0.268532 1 0 1.000000
0  32.634178 -26.890560 61.762859  -0.519507 -0.850030 -0.086952  0.955107 0.271462 1 0 1.000000
driverswat
0  32.152443 -26.072763 61.552452  -0.997783 0.065598 -0.011207  0.979522 0.268532 1 0 1.000000
0  32.427719 -25.700752 61.734261  -0.186977 0.913850 0.360442  0.983428 0.256813 1 0 1.000000
0  32.469009 -25.786236 61.423599  0.043431 0.823951 -0.564994  0.990265 0.269509 1 0 1.000000
driverswat
0  32.372665 -26.086344 61.206158  -0.295944 0.093203 -0.950647  0.983428 0.278298 1 0 1.000000
0  32.152443 -26.072763 61.552452  -0.997783 0.065598 -0.011207  0.979522 0.268532 1 0 1.000000
0  32.469009 -25.786236 61.423599  0.043431 0.823951 -0.564994  0.990265 0.269509 1 0 1.000000
driverswat
0  32.372665 -26.086344 61.206158  -0.295944 0.093203 -0.950647  0.983428 0.278298 1 0 1.000000
0  32.634178 -26.890560 61.762859  -0.519507 -0.850030 -0.086952  0.955107 0.271462 1 0 1.000000
0  32.152443 -26.072763 61.552452  -0.997783 0.065598 -0.011207  0.979522 0.268532 1 0 1.000000
driverswat
0  32.936981 -26.837749 61.449516  0.030273 -0.579538 -0.814383  0.952178 0.280251 1 0 1.000000
0  32.634178 -26.890560 61.762859  -0.519507 -0.850030 -0.086952  0.955107 0.271462 1 0 1.000000
0  32.372665 -26.086344 61.206158  -0.295944 0.093203 -0.950647  0.983428 0.278298 1 0 1.000000
driverswat
0  32.936981 -26.837749 61.449516  0.030273 -0.579538 -0.814383  0.952178 0.280251 1 0 1.000000
0  33.941742 -26.870222 61.681648  0.387326 -0.621306 -0.681144  0.925810 0.280251 1 0 1.000000
0  32.634178 -26.890560 61.762859  -0.519507 -0.850030 -0.086952  0.955107 0.271462 1 0 1.000000
driverswat
0  33.941742 -26.870222 61.681648  0.387326 -0.621306 -0.681144  0.925810 0.280251 1 0 1.000000
0  33.680229 -27.040516 62.082203  0.089781 -0.980277 0.176058  0.931669 0.269509 1 0 1.000000
0  32.634178 -26.890560 61.762859  -0.519507 -0.850030 -0.086952  0.955107 0.271462 1 0 1.000000
driverswat
0  33.680229 -27.040516 62.082203  0.089781 -0.980277 0.176058  0.931669 0.269509 1 0 1.000000
0  33.941742 -26.870222 61.681648  0.387326 -0.621306 -0.681144  0.925810 0.280251 1 0 1.000000
0  34.161964 -26.822104 62.113571  0.723280 -0.668148 0.174483  0.925810 0.271462 1 0 1.000000
driverswat
0  33.941742 -26.870222 61.681648  0.387326 -0.621306 -0.681144  0.925810 0.280251 1 0 1.000000
0  34.616173 -25.479031 61.724468  0.904318 -0.265635 0.334136  0.908231 0.282205 1 0 1.000000
0  34.161964 -26.822104 62.113571  0.723280 -0.668148 0.174483  0.925810 0.271462 1 0 1.000000
driverswat
0  34.616173 -25.479031 61.724468  0.904318 -0.265635 0.334136  0.908231 0.282205 1 0 1.000000
0  34.740047 -25.387547 62.132263  0.945737 -0.215472 0.243214  0.904324 0.271462 1 0 1.000000
0  34.161964 -26.822104 62.113571  0.723280 -0.668148 0.174483  0.925810 0.271462 1 0 1.000000
driverswat
0  33.033329 -27.056643 61.252407  -0.468013 -0.751545 0.464913  0.953154 0.311502 1 0 1.000000
0  33.047096 -26.725788 61.430904  -0.336572 0.053475 0.940138  0.959014 0.303690 1 0 1.000000
0  32.317612 -25.870621 61.099224  -0.454259 0.603620 0.655204  0.980499 0.319315 1 0 1.000000
driverswat
0  33.047096 -26.725788 61.430904  -0.336572 0.053475 0.940138  0.959014 0.303690 1 0 1.000000
0  33.033329 -27.056643 61.252407  -0.468013 -0.751545 0.464913  0.953154 0.311502 1 0 1.000000
0  34.148201 -27.055681 61.583885  0.132729 -0.713814 0.687643  0.934599 0.303690 1 0 1.000000
driverswat
0  34.148201 -27.055681 61.583885  0.132729 -0.713814 0.687643  0.934599 0.303690 1 0 1.000000
0  33.033329 -27.056643 61.252407  -0.468013 -0.751545 0.464913  0.953154 0.311502 1 0 1.000000
0  34.134438 -27.181704 61.090466  0.232110 -0.939366 -0.252419  0.931669 0.312479 1 0 1.000000
driverswat
0  34.148201 -27.055681 61.583885  0.132729 -0.713814 0.687643  0.934599 0.303690 1 0 1.000000
0  34.134438 -27.181704 61.090466  0.232110 -0.939366 -0.252419  0.931669 0.312479 1 0 1.000000
0  34.574883 -26.781286 61.605949  0.550213 -0.452219 0.701971  0.928739 0.301736 1 0 1.000000
driverswat
0  34.643700 -26.924341 61.152584  0.713646 -0.673275 -0.193417  0.924833 0.310526 1 0 1.000000
0  34.574883 -26.781286 61.605949  0.550213 -0.452219 0.701971  0.928739 0.301736 1 0 1.000000
0  34.134438 -27.181704 61.090466  0.232110 -0.939366 -0.252419  0.931669 0.312479 1 0 1.000000
driverswat
0  34.574883 -26.781286 61.605949  0.550213 -0.452219 0.701971  0.928739 0.301736 1 0 1.000000
0  34.643700 -26.924341 61.152584  0.713646 -0.673275 -0.193417  0.924833 0.310526 1 0 1.000000
0  35.152962 -25.602850 61.203609  0.973664 -0.205300 0.099148  0.896512 0.298807 1 0 1.000000
driverswat
0  34.574883 -26.781286 61.605949  0.550213 -0.452219 0.701971  0.928739 0.301736 1 0 1.000000
0  35.152962 -25.602850 61.203609  0.973664 -0.205300 0.099148  0.896512 0.298807 1 0 1.000000
0  34.616173 -25.479031 61.724468  0.904318 -0.265635 0.334136  0.908231 0.282205 1 0 1.000000
driverswat
0  34.616173 -25.479031 61.724468  0.904318 -0.265635 0.334136  0.908231 0.282205 1 0 1.000000
0  35.152962 -25.602850 61.203609  0.973664 -0.205300 0.099148  0.896512 0.298807 1 0 1.000000
0  34.877686 -24.257990 61.822651  0.841966 0.017637 0.539242  0.876003 0.270486 1 0 1.000000
driverswat
0  34.877686 -24.257990 61.822651  0.841966 0.017637 0.539242  0.876003 0.270486 1 0 1.000000
0  34.740047 -25.387547 62.132263  0.945737 -0.215472 0.243214  0.904324 0.271462 1 0 1.000000
0  34.616173 -25.479031 61.724468  0.904318 -0.265635 0.334136  0.908231 0.282205 1 0 1.000000
driverswat
0  34.877686 -24.257990 61.822651  0.841966 0.017637 0.539242  0.876003 0.270486 1 0 1.000000
0  34.478535 -25.264212 62.487389  0.485561 -0.048390 0.872862  0.901395 0.261696 1 0 1.000000
0  34.740047 -25.387547 62.132263  0.945737 -0.215472 0.243214  0.904324 0.271462 1 0 1.000000
driverswat
0  34.740047 -25.387547 62.132263  0.945737 -0.215472 0.243214  0.904324 0.271462 1 0 1.000000
0  34.478535 -25.264212 62.487389  0.485561 -0.048390 0.872862  0.901395 0.261696 1 0 1.000000
0  34.161964 -26.822104 62.113571  0.723280 -0.668148 0.174483  0.925810 0.271462 1 0 1.000000
driverswat
0  34.010563 -26.587910 62.463802  0.347630 -0.344185 0.872175  0.925810 0.261696 1 0 1.000000
0  34.161964 -26.822104 62.113571  0.723280 -0.668148 0.174483  0.925810 0.271462 1 0 1.000000
0  34.478535 -25.264212 62.487389  0.485561 -0.048390 0.872862  0.901395 0.261696 1 0 1.000000
driverswat
0  34.161964 -26.822104 62.113571  0.723280 -0.668148 0.174483  0.925810 0.271462 1 0 1.000000
0  34.010563 -26.587910 62.463802  0.347630 -0.344185 0.872175  0.925810 0.261696 1 0 1.000000
0  33.680229 -27.040516 62.082203  0.089781 -0.980277 0.176058  0.931669 0.269509 1 0 1.000000
driverswat
0  33.680229 -27.040516 62.082203  0.089781 -0.980277 0.176058  0.931669 0.269509 1 0 1.000000
0  34.010563 -26.587910 62.463802  0.347630 -0.344185 0.872175  0.925810 0.261696 1 0 1.000000
0  33.625175 -26.777775 62.420921  -0.079840 -0.463463 0.882512  0.931669 0.259743 1 0 1.000000
driverswat
0  33.625175 -26.777775 62.420921  -0.079840 -0.463463 0.882512  0.931669 0.259743 1 0 1.000000
0  32.565361 -26.697525 62.109779  -0.622458 -0.394573 0.675913  0.955107 0.261696 1 0 1.000000
0  33.680229 -27.040516 62.082203  0.089781 -0.980277 0.176058  0.931669 0.269509 1 0 1.000000
driverswat
0  32.758053 -26.368256 62.136257  -0.189878 0.492287 0.849470  0.956084 0.252907 1 0 1.000000
0  32.565361 -26.697525 62.109779  -0.622458 -0.394573 0.675913  0.955107 0.261696 1 0 1.000000
0  33.625175 -26.777775 62.420921  -0.079840 -0.463463 0.882512  0.931669 0.259743 1 0 1.000000
driverswat
0  32.565361 -26.697525 62.109779  -0.622458 -0.394573 0.675913  0.955107 0.261696 1 0 1.000000
0  32.758053 -26.368256 62.136257  -0.189878 0.492287 0.849470  0.956084 0.252907 1 0 1.000000
0  32.427719 -25.700752 61.734261  -0.186977 0.913850 0.360442  0.983428 0.256813 1 0 1.000000
driverswat
0  32.152443 -26.072763 61.552452  -0.997783 0.065598 -0.011207  0.979522 0.268532 1 0 1.000000
0  32.565361 -26.697525 62.109779  -0.622458 -0.394573 0.675913  0.955107 0.261696 1 0 1.000000
0  32.427719 -25.700752 61.734261  -0.186977 0.913850 0.360442  0.983428 0.256813 1 0 1.000000
driverswat
0  33.501301 -26.332129 62.373898  -0.479412 0.242923 0.843299  0.931669 0.246071 1 0 1.000000
0  32.758053 -26.368256 62.136257  -0.189878 0.492287 0.849470  0.956084 0.252907 1 0 1.000000
0  33.625175 -26.777775 62.420921  -0.079840 -0.463463 0.882512  0.931669 0.259743 1 0 1.000000
driverswat
0  34.010563 -26.587910 62.463802  0.347630 -0.344185 0.872175  0.925810 0.261696 1 0 1.000000
0  33.501301 -26.332129 62.373898  -0.479412 0.242923 0.843299  0.931669 0.246071 1 0 1.000000
0  33.625175 -26.777775 62.420921  -0.079840 -0.463463 0.882512  0.931669 0.259743 1 0 1.000000
driverswat
0  33.501301 -26.332129 62.373898  -0.479412 0.242923 0.843299  0.931669 0.246071 1 0 1.000000
0  34.010563 -26.587910 62.463802  0.347630 -0.344185 0.872175  0.925810 0.261696 1 0 1.000000
0  33.790344 -25.371763 62.451122  -0.328501 -0.026377 0.944135  0.904324 0.246071 1 0 1.000000
driverswat
0  34.478535 -25.264212 62.487389  0.485561 -0.048390 0.872862  0.901395 0.261696 1 0 1.000000
0  33.790344 -25.371763 62.451122  -0.328501 -0.026377 0.944135  0.904324 0.246071 1 0 1.000000
0  34.010563 -26.587910 62.463802  0.347630 -0.344185 0.872175  0.925810 0.261696 1 0 1.000000
driverswat
0  34.478535 -25.264212 62.487389  0.485561 -0.048390 0.872862  0.901395 0.261696 1 0 1.000000
0  33.762814 -24.020144 62.642658  0.146650 -0.020930 0.988967  0.885769 0.243141 1 0 1.000000
0  33.790344 -25.371763 62.451122  -0.328501 -0.026377 0.944135  0.904324 0.246071 1 0 1.000000
driverswat
0  34.478535 -25.264212 62.487389  0.485561 -0.048390 0.872862  0.901395 0.261696 1 0 1.000000
0  34.877686 -24.257990 61.822651  0.841966 0.017637 0.539242  0.876003 0.270486 1 0 1.000000
0  33.762814 -24.020144 62.642658  0.146650 -0.020930 0.988967  0.885769 0.243141 1 0 1.000000
driverswat
0  34.588646 -22.809855 62.187645  0.538196 0.167306 0.826047  0.851588 0.242164 1 0 1.000000
0  33.762814 -24.020144 62.642658  0.146650 -0.020930 0.988967  0.885769 0.243141 1 0 1.000000
0  34.877686 -24.257990 61.822651  0.841966 0.017637 0.539242  0.876003 0.270486 1 0 1.000000
driverswat
0  34.120674 -26.566187 61.678478  -0.243990 0.063188 0.967717  0.936552 0.292947 1 0 1.000000
0  33.047096 -26.725788 61.430904  -0.336572 0.053475 0.940138  0.959014 0.303690 1 0 1.000000
0  34.148201 -27.055681 61.583885  0.132729 -0.713814 0.687643  0.934599 0.303690 1 0 1.000000
driverswat
0  34.574883 -26.781286 61.605949  0.550213 -0.452219 0.701971  0.928739 0.301736 1 0 1.000000
0  34.120674 -26.566187 61.678478  -0.243990 0.063188 0.967717  0.936552 0.292947 1 0 1.000000
0  34.148201 -27.055681 61.583885  0.132729 -0.713814 0.687643  0.934599 0.303690 1 0 1.000000
driverswat
0  34.120674 -26.566187 61.678478  -0.243990 0.063188 0.967717  0.936552 0.292947 1 0 1.000000
0  34.574883 -26.781286 61.605949  0.550213 -0.452219 0.701971  0.928739 0.301736 1 0 1.000000
0  34.616173 -25.479031 61.724468  0.904318 -0.265635 0.334136  0.908231 0.282205 1 0 1.000000
driverswat
0  33.762814 -24.020144 62.642658  0.146650 -0.020930 0.988967  0.885769 0.243141 1 0 1.000000
0  32.221260 -23.847786 62.559853  -0.392822 0.457570 0.797697  0.897488 0.201147 1 0 1.000000
0  32.551598 -24.443245 62.581017  0.253617 -0.334416 0.907659  0.907254 0.216773 1 0 1.000000
driverswat
0  33.762814 -24.020144 62.642658  0.146650 -0.020930 0.988967  0.885769 0.243141 1 0 1.000000
0  33.377426 -22.921335 62.371994  -0.165101 0.446679 0.879329  0.868191 0.214820 1 0 1.000000
0  32.221260 -23.847786 62.559853  -0.392822 0.457570 0.797697  0.897488 0.201147 1 0 1.000000
driverswat
0  33.762814 -24.020144 62.642658  0.146650 -0.020930 0.988967  0.885769 0.243141 1 0 1.000000
0  34.588646 -22.809855 62.187645  0.538196 0.167306 0.826047  0.851588 0.242164 1 0 1.000000
0  33.377426 -22.921335 62.371994  -0.165101 0.446679 0.879329  0.868191 0.214820 1 0 1.000000
driverswat
0  34.588646 -22.809855 62.187645  0.538196 0.167306 0.826047  0.851588 0.242164 1 0 1.000000
0  34.684990 -21.724142 61.736420  0.264703 0.239145 0.934207  0.826197 0.231422 1 0 1.000000
0  33.377426 -22.921335 62.371994  -0.165101 0.446679 0.879329  0.868191 0.214820 1 0 1.000000
driverswat
0  34.684990 -21.724142 61.736420  0.264703 0.239145 0.934207  0.826197 0.231422 1 0 1.000000
0  33.886688 -21.642309 61.577305  -0.533786 0.525673 0.662374  0.830103 0.203101 1 0 1.000000
0  33.377426 -22.921335 62.371994  -0.165101 0.446679 0.879329  0.868191 0.214820 1 0 1.000000
driverswat
0  31.560598 -24.750589 62.625347  -0.672692 0.315256 0.669402  0.916044 0.196265 1 0 1.000000
0  32.551598 -24.443245 62.581017  0.253617 -0.334416 0.907659  0.907254 0.216773 1 0 1.000000
0  31.835875 -24.304945 62.578331  -0.584221 0.395582 0.708661  0.907254 0.198218 1 0 1.000000
driverswat
0  31.835875 -24.304945 62.578331  -0.584221 0.395582 0.708661  0.907254 0.198218 1 0 1.000000
0  32.551598 -24.443245 62.581017  0.253617 -0.334416 0.907659  0.907254 0.216773 1 0 1.000000
0  32.221260 -23.847786 62.559853  -0.392822 0.457570 0.797697  0.897488 0.201147 1 0 1.000000
driverswat
0  31.835875 -24.304945 62.578331  -0.584221 0.395582 0.708661  0.907254 0.198218 1 0 1.000000
0  32.221260 -23.847786 62.559853  -0.392822 0.457570 0.797697  0.897488 0.201147 1 0 1.000000
0  32.056099 -23.693903 62.019897  -0.843119 0.508426 -0.175082  0.891629 0.187475 1 0 1.000000
driverswat
0  32.221260 -23.847786 62.559853  -0.392822 0.457570 0.797697  0.897488 0.201147 1 0 1.000000
0  33.377426 -22.921335 62.371994  -0.165101 0.446679 0.879329  0.868191 0.214820 1 0 1.000000
0  32.056099 -23.693903 62.019897  -0.843119 0.508426 -0.175082  0.891629 0.187475 1 0 1.000000
driverswat
0  32.056099 -23.693903 62.019897  -0.843119 0.508426 -0.175082  0.891629 0.187475 1 0 1.000000
0  33.377426 -22.921335 62.371994  -0.165101 0.446679 0.879329  0.868191 0.214820 1 0 1.000000
0  32.482777 -22.889824 61.808388  -0.862644 0.495575 0.101245  0.872097 0.184545 1 0 1.000000
driverswat
0  33.886688 -21.642309 61.577305  -0.533786 0.525673 0.662374  0.830103 0.203101 1 0 1.000000
0  32.482777 -22.889824 61.808388  -0.862644 0.495575 0.101245  0.872097 0.184545 1 0 1.000000
0  33.377426 -22.921335 62.371994  -0.165101 0.446679 0.879329  0.868191 0.214820 1 0 1.000000
driverswat
0  33.886688 -21.642309 61.577305  -0.533786 0.525673 0.662374  0.830103 0.203101 1 0 1.000000
0  33.638939 -21.692492 60.827621  -0.893044 0.436306 -0.110043  0.828150 0.173803 1 0 1.000000
0  32.482777 -22.889824 61.808388  -0.862644 0.495575 0.101245  0.872097 0.184545 1 0 1.000000
driverswat
0  32.482777 -22.889824 61.808388  -0.862644 0.495575 0.101245  0.872097 0.184545 1 0 1.000000
0  33.638939 -21.692492 60.827621  -0.893044 0.436306 -0.110043  0.828150 0.173803 1 0 1.000000
0  33.377426 -22.500223 60.569355  -0.875075 0.178049 -0.450046  0.842799 0.152318 1 0 1.000000
driverswat
0  33.914215 -25.642824 59.640057  -0.945387 0.309758 0.101462  0.873074 0.061495 1 0 1.000000
0  33.556358 -24.298248 60.949493  -0.901228 -0.295841 -0.316649  0.876003 0.124973 1 0 1.000000
0  34.134438 -24.738155 59.036198  -0.647484 -0.017199 -0.761885  0.844752 0.082980 1 0 1.000000
driverswat
0  33.790340 -23.072092 59.266819  -0.749431 0.107076 -0.653366  0.830103 0.109348 1 0 1.000000
0  34.134438 -24.738155 59.036198  -0.647484 -0.017199 -0.761885  0.844752 0.082980 1 0 1.000000
0  33.556358 -24.298248 60.949493  -0.901228 -0.295841 -0.316649  0.876003 0.124973 1 0 1.000000
driverswat
0  33.556358 -24.298248 60.949493  -0.901228 -0.295841 -0.316649  0.876003 0.124973 1 0 1.000000
0  33.377426 -22.500223 60.569355  -0.875075 0.178049 -0.450046  0.842799 0.152318 1 0 1.000000
0  33.790340 -23.072092 59.266819  -0.749431 0.107076 -0.653366  0.830103 0.109348 1 0 1.000000
driverswat
0  32.661705 -23.449499 61.556259  -0.638027 -0.091022 -0.764615  0.877957 0.167943 1 0 1.000000
0  33.377426 -22.500223 60.569355  -0.875075 0.178049 -0.450046  0.842799 0.152318 1 0 1.000000
0  33.556358 -24.298248 60.949493  -0.901228 -0.295841 -0.316649  0.876003 0.124973 1 0 1.000000
driverswat
0  32.482777 -22.889824 61.808388  -0.862644 0.495575 0.101245  0.872097 0.184545 1 0 1.000000
0  33.377426 -22.500223 60.569355  -0.875075 0.178049 -0.450046  0.842799 0.152318 1 0 1.000000
0  32.661705 -23.449499 61.556259  -0.638027 -0.091022 -0.764615  0.877957 0.167943 1 0 1.000000
driverswat
0  32.482777 -22.889824 61.808388  -0.862644 0.495575 0.101245  0.872097 0.184545 1 0 1.000000
0  32.661705 -23.449499 61.556259  -0.638027 -0.091022 -0.764615  0.877957 0.167943 1 0 1.000000
0  32.193733 -24.553204 61.716064  -0.294714 -0.029061 -0.955144  0.903348 0.170873 1 0 1.000000
driverswat
0  32.193733 -24.553204 61.716064  -0.294714 -0.029061 -0.955144  0.903348 0.170873 1 0 1.000000
0  32.056099 -23.693903 62.019897  -0.843119 0.508426 -0.175082  0.891629 0.187475 1 0 1.000000
0  32.482777 -22.889824 61.808388  -0.862644 0.495575 0.101245  0.872097 0.184545 1 0 1.000000
driverswat
0  32.193733 -24.553204 61.716064  -0.294714 -0.029061 -0.955144  0.903348 0.170873 1 0 1.000000
0  31.835875 -24.327211 61.996593  -0.776426 0.367490 -0.511971  0.904324 0.183569 1 0 1.000000
0  32.056099 -23.693903 62.019897  -0.843119 0.508426 -0.175082  0.891629 0.187475 1 0 1.000000
driverswat
0  32.056099 -23.693903 62.019897  -0.843119 0.508426 -0.175082  0.891629 0.187475 1 0 1.000000
0  31.835875 -24.327211 61.996593  -0.776426 0.367490 -0.511971  0.904324 0.183569 1 0 1.000000
0  31.835875 -24.304945 62.578331  -0.584221 0.395582 0.708661  0.907254 0.198218 1 0 1.000000
driverswat
0  31.835875 -24.304945 62.578331  -0.584221 0.395582 0.708661  0.907254 0.198218 1 0 1.000000
0  31.835875 -24.327211 61.996593  -0.776426 0.367490 -0.511971  0.904324 0.183569 1 0 1.000000
0  31.533070 -24.773958 62.057331  -0.839970 0.243741 -0.484811  0.914090 0.184545 1 0 1.000000
driverswat
0  31.533070 -24.773958 62.057331  -0.839970 0.243741 -0.484811  0.914090 0.184545 1 0 1.000000
0  31.560598 -24.750589 62.625347  -0.672692 0.315256 0.669402  0.916044 0.196265 1 0 1.000000
0  31.835875 -24.304945 62.578331  -0.584221 0.395582 0.708661  0.907254 0.198218 1 0 1.000000
driverswat
0  31.560598 -24.750589 62.625347  -0.672692 0.315256 0.669402  0.916044 0.196265 1 0 1.000000
0  31.533070 -24.773958 62.057331  -0.839970 0.243741 -0.484811  0.914090 0.184545 1 0 1.000000
0  31.381668 -25.513229 62.149773  -0.797395 -0.313734 -0.515492  0.928739 0.187475 1 0 1.000000
driverswat
0  31.381668 -25.513229 62.149773  -0.797395 -0.313734 -0.515492  0.928739 0.187475 1 0 1.000000
0  31.422958 -25.375694 62.671738  -0.667970 -0.143125 0.730295  0.926786 0.194311 1 0 1.000000
0  31.560598 -24.750589 62.625347  -0.672692 0.315256 0.669402  0.916044 0.196265 1 0 1.000000
driverswat
0  31.422958 -25.375694 62.671738  -0.667970 -0.143125 0.730295  0.926786 0.194311 1 0 1.000000
0  31.381668 -25.513229 62.149773  -0.797395 -0.313734 -0.515492  0.928739 0.187475 1 0 1.000000
0  31.478016 -25.685106 62.398312  -0.421363 -0.889074 0.178886  0.933622 0.190405 1 0 1.000000
driverswat
0  31.863403 -25.484348 62.649193  0.456445 -0.555374 0.695138  0.930692 0.201147 1 0 1.000000
0  31.422958 -25.375694 62.671738  -0.667970 -0.143125 0.730295  0.926786 0.194311 1 0 1.000000
0  31.478016 -25.685106 62.398312  -0.421363 -0.889074 0.178886  0.933622 0.190405 1 0 1.000000
driverswat
0  31.422958 -25.375694 62.671738  -0.667970 -0.143125 0.730295  0.926786 0.194311 1 0 1.000000
0  31.863403 -25.484348 62.649193  0.456445 -0.555374 0.695138  0.930692 0.201147 1 0 1.000000
0  31.560598 -24.750589 62.625347  -0.672692 0.315256 0.669402  0.916044 0.196265 1 0 1.000000
driverswat
0  31.560598 -24.750589 62.625347  -0.672692 0.315256 0.669402  0.916044 0.196265 1 0 1.000000
0  31.863403 -25.484348 62.649193  0.456445 -0.555374 0.695138  0.930692 0.201147 1 0 1.000000
0  32.083626 -25.003057 62.674088  0.448905 -0.322761 0.833252  0.917020 0.209937 1 0 1.000000
driverswat
0  31.560598 -24.750589 62.625347  -0.672692 0.315256 0.669402  0.916044 0.196265 1 0 1.000000
0  32.083626 -25.003057 62.674088  0.448905 -0.322761 0.833252  0.917020 0.209937 1 0 1.000000
0  32.551598 -24.443245 62.581017  0.253617 -0.334416 0.907659  0.907254 0.216773 1 0 1.000000
driverswat
0  32.193733 -24.553204 61.716064  -0.294714 -0.029061 -0.955144  0.903348 0.170873 1 0 1.000000
0  31.533070 -24.773958 62.057331  -0.839970 0.243741 -0.484811  0.914090 0.184545 1 0 1.000000
0  31.835875 -24.327211 61.996593  -0.776426 0.367490 -0.511971  0.904324 0.183569 1 0 1.000000
driverswat
0  33.914215 -25.642824 59.640057  -0.945387 0.309758 0.101462  0.873074 0.061495 1 0 1.000000
0  34.134438 -24.738155 59.036198  -0.647484 -0.017199 -0.761885  0.844752 0.082980 1 0 1.000000
0  34.134438 -25.411520 58.995861  -0.502491 0.179053 -0.845839  0.854518 0.071261 1 0 1.000000
driverswat
0  34.134438 -25.411520 58.995861  -0.502491 0.179053 -0.845839  0.854518 0.071261 1 0 1.000000
0  33.721523 -25.553749 59.219162  -0.377885 0.904514 -0.197630  0.863308 0.049776 1 0 1.000000
0  33.914215 -25.642824 59.640057  -0.945387 0.309758 0.101462  0.873074 0.061495 1 0 1.000000
driverswat
0  32.551598 -24.443245 62.581017  0.253617 -0.334416 0.907659  0.906278 0.153294 1 0 1.000000
0  32.083626 -25.003057 62.674088  0.448905 -0.322761 0.833252  0.916044 0.156224 1 0 1.000000
0  32.785583 -24.845724 61.747776  0.477267 -0.694874 -0.537928  0.902371 0.156224 1 0 1.000000
driverswat
0  32.551598 -24.443245 62.581017  0.253617 -0.334416 0.907659  0.906278 0.153294 1 0 1.000000
0  32.785583 -24.845724 61.747776  0.477267 -0.694874 -0.537928  0.902371 0.156224 1 0 1.000000
0  33.762814 -24.020144 62.642658  0.146650 -0.020930 0.988967  0.896512 0.140599 1 0 1.000000
driverswat
0  32.785583 -24.845724 61.747776  0.477267 -0.694874 -0.537928  0.902371 0.156224 1 0 1.000000
0  33.322372 -24.670820 62.148472  -0.847079 -0.398254 0.351924  0.897488 0.143529 1 0 1.000000
0  33.762814 -24.020144 62.642658  0.146650 -0.020930 0.988967  0.896512 0.140599 1 0 1.000000
driverswat
0  32.785583 -24.845724 61.747776  0.477267 -0.694874 -0.537928  0.902371 0.156224 1 0 1.000000
0  32.661705 -23.449499 61.556259  -0.638027 -0.091022 -0.764615  0.877957 0.167943 1 0 1.000000
0  33.322372 -24.670820 62.148472  -0.847079 -0.398254 0.351924  0.897488 0.143529 1 0 1.000000
driverswat
0  32.193733 -24.553204 61.716064  -0.294714 -0.029061 -0.955144  0.903348 0.170873 1 0 1.000000
0  32.661705 -23.449499 61.556259  -0.638027 -0.091022 -0.764615  0.877957 0.167943 1 0 1.000000
0  32.785583 -24.845724 61.747776  0.477267 -0.694874 -0.537928  0.902371 0.156224 1 0 1.000000
driverswat
0  31.904694 -25.104813 61.878834  -0.015705 -0.484158 -0.874840  0.917020 0.173803 1 0 1.000000
0  32.193733 -24.553204 61.716064  -0.294714 -0.029061 -0.955144  0.903348 0.170873 1 0 1.000000
0  32.785583 -24.845724 61.747776  0.477267 -0.694874 -0.537928  0.902371 0.156224 1 0 1.000000
driverswat
0  31.904694 -25.104813 61.878834  -0.015705 -0.484158 -0.874840  0.917020 0.173803 1 0 1.000000
0  31.533070 -24.773958 62.057331  -0.839970 0.243741 -0.484811  0.914090 0.184545 1 0 1.000000
0  32.193733 -24.553204 61.716064  -0.294714 -0.029061 -0.955144  0.903348 0.170873 1 0 1.000000
driverswat
0  31.863403 -25.598238 62.004860  0.417980 -0.655747 -0.628720  0.930692 0.179662 1 0 1.000000
0  31.533070 -24.773958 62.057331  -0.839970 0.243741 -0.484811  0.914090 0.184545 1 0 1.000000
0  31.904694 -25.104813 61.878834  -0.015705 -0.484158 -0.874840  0.917020 0.173803 1 0 1.000000
driverswat
0  31.863403 -25.598238 62.004860  0.417980 -0.655747 -0.628720  0.930692 0.179662 1 0 1.000000
0  31.381668 -25.513229 62.149773  -0.797395 -0.313734 -0.515492  0.928739 0.187475 1 0 1.000000
0  31.533070 -24.773958 62.057331  -0.839970 0.243741 -0.484811  0.914090 0.184545 1 0 1.000000
driverswat
0  31.381668 -25.513229 62.149773  -0.797395 -0.313734 -0.515492  0.928739 0.187475 1 0 1.000000
0  31.863403 -25.598238 62.004860  0.417980 -0.655747 -0.628720  0.930692 0.179662 1 0 1.000000
0  31.478016 -25.685106 62.398312  -0.421363 -0.889074 0.178886  0.933622 0.190405 1 0 1.000000
driverswat
0  31.478016 -25.685106 62.398312  -0.421363 -0.889074 0.178886  0.934599 0.167943 1 0 1.000000
0  31.863403 -25.598238 62.004860  0.417980 -0.655747 -0.628720  0.930692 0.179662 1 0 1.000000
0  31.863403 -25.484348 62.649193  0.456445 -0.555374 0.695138  0.932646 0.155248 1 0 1.000000
driverswat
0  32.083626 -25.003057 62.674088  0.448905 -0.322761 0.833252  0.916044 0.156224 1 0 1.000000
0  31.863403 -25.484348 62.649193  0.456445 -0.555374 0.695138  0.932646 0.155248 1 0 1.000000
0  31.863403 -25.598238 62.004860  0.417980 -0.655747 -0.628720  0.930692 0.179662 1 0 1.000000
driverswat
0  31.863403 -25.598238 62.004860  0.417980 -0.655747 -0.628720  0.930692 0.179662 1 0 1.000000
0  31.904694 -25.104813 61.878834  -0.015705 -0.484158 -0.874840  0.917020 0.173803 1 0 1.000000
0  32.083626 -25.003057 62.674088  0.448905 -0.322761 0.833252  0.916044 0.156224 1 0 1.000000
driverswat
0  31.904694 -25.104813 61.878834  -0.015705 -0.484158 -0.874840  0.917020 0.173803 1 0 1.000000
0  32.785583 -24.845724 61.747776  0.477267 -0.694874 -0.537928  0.902371 0.156224 1 0 1.000000
0  32.083626 -25.003057 62.674088  0.448905 -0.322761 0.833252  0.916044 0.156224 1 0 1.000000
driverswat
0  33.886688 -21.642309 61.577305  -0.533786 0.525673 0.662374  0.830103 0.203101 1 0 1.000000
0  34.134438 -20.177483 61.391304  -0.762558 0.170909 0.623936  0.799829 0.207007 1 0 1.000000
0  34.065617 -20.274824 60.541172  -0.948940 0.233936 -0.211630  0.796899 0.185522 1 0 1.000000
driverswat
0  34.065617 -20.274824 60.541172  -0.948940 0.233936 -0.211630  0.796899 0.185522 1 0 1.000000
0  33.638939 -21.692492 60.827621  -0.893044 0.436306 -0.110043  0.828150 0.173803 1 0 1.000000
0  33.886688 -21.642309 61.577305  -0.533786 0.525673 0.662374  0.830103 0.203101 1 0 1.000000
driverswat
0  33.776577 -21.805899 60.349022  -0.869523 0.305170 -0.388330  0.824244 0.154271 1 0 1.000000
0  33.638939 -21.692492 60.827621  -0.893044 0.436306 -0.110043  0.828150 0.173803 1 0 1.000000
0  34.065617 -20.274824 60.541172  -0.948940 0.233936 -0.211630  0.796899 0.185522 1 0 1.000000
driverswat
0  33.776577 -21.805899 60.349022  -0.869523 0.305170 -0.388330  0.824244 0.154271 1 0 1.000000
0  33.377426 -22.500223 60.569355  -0.875075 0.178049 -0.450046  0.842799 0.152318 1 0 1.000000
0  33.638939 -21.692492 60.827621  -0.893044 0.436306 -0.110043  0.828150 0.173803 1 0 1.000000
driverswat
0  33.377426 -22.500223 60.569355  -0.875075 0.178049 -0.450046  0.842799 0.152318 1 0 1.000000
0  33.776577 -21.805899 60.349022  -0.869523 0.305170 -0.388330  0.824244 0.154271 1 0 1.000000
0  33.996799 -22.328547 59.464691  -0.624282 0.351587 -0.697609  0.821314 0.117161 1 0 1.000000
driverswat
0  33.790340 -23.072092 59.266819  -0.749431 0.107076 -0.653366  0.830103 0.109348 1 0 1.000000
0  33.377426 -22.500223 60.569355  -0.875075 0.178049 -0.450046  0.842799 0.152318 1 0 1.000000
0  33.996799 -22.328547 59.464691  -0.624282 0.351587 -0.697609  0.821314 0.117161 1 0 1.000000
driverswat
0  33.790340 -23.072092 59.266819  -0.749431 0.107076 -0.653366  0.830103 0.109348 1 0 1.000000
0  33.996799 -22.328547 59.464691  -0.624282 0.351587 -0.697609  0.821314 0.117161 1 0 1.000000
0  34.657463 -23.084568 58.906799  0.112352 0.203858 -0.972532  0.814478 0.087863 1 0 1.000000
driverswat
0  34.657463 -23.084568 58.906799  0.112352 0.203858 -0.972532  0.814478 0.087863 1 0 1.000000
0  34.134438 -24.738155 59.036198  -0.647484 -0.017199 -0.761885  0.844752 0.082980 1 0 1.000000
0  33.790340 -23.072092 59.266819  -0.749431 0.107076 -0.653366  0.830103 0.109348 1 0 1.000000
driverswat
0  34.932739 -24.768284 58.895691  0.391063 -0.112288 -0.913489  0.827174 0.081027 1 0 1.000000
0  34.134438 -24.738155 59.036198  -0.647484 -0.017199 -0.761885  0.844752 0.082980 1 0 1.000000
0  34.657463 -23.084568 58.906799  0.112352 0.203858 -0.972532  0.814478 0.087863 1 0 1.000000
driverswat
0  34.932739 -24.768284 58.895691  0.391063 -0.112288 -0.913489  0.827174 0.081027 1 0 1.000000
0  34.781338 -25.515760 58.918438  0.519378 -0.327118 -0.789456  0.839869 0.063448 1 0 1.000000
0  34.134438 -24.738155 59.036198  -0.647484 -0.017199 -0.761885  0.844752 0.082980 1 0 1.000000
driverswat
0  34.781338 -25.515760 58.918438  0.519378 -0.327118 -0.789456  0.839869 0.063448 1 0 1.000000
0  34.134438 -25.411520 58.995861  -0.502491 0.179053 -0.845839  0.854518 0.071261 1 0 1.000000
0  34.134438 -24.738155 59.036198  -0.647484 -0.017199 -0.761885  0.844752 0.082980 1 0 1.000000
driverswat
0  34.134438 -25.411520 58.995861  -0.502491 0.179053 -0.845839  0.854518 0.071261 1 0 1.000000
0  34.781338 -25.515760 58.918438  0.519378 -0.327118 -0.789456  0.839869 0.063448 1 0 1.000000
0  33.983036 -25.963612 58.992893  0.049214 -0.215519 -0.975259  0.852565 0.043916 1 0 1.000000
driverswat
0  33.721523 -25.553749 59.219162  -0.377885 0.904514 -0.197630  0.863308 0.049776 1 0 1.000000
0  34.134438 -25.411520 58.995861  -0.502491 0.179053 -0.845839  0.854518 0.071261 1 0 1.000000
0  33.983036 -25.963612 58.992893  0.049214 -0.215519 -0.975259  0.852565 0.043916 1 0 1.000000
driverswat
0  33.239788 -26.080469 58.900646  0.025710 -0.144085 -0.989231  0.860378 0.023408 1 0 1.000000
0  33.721523 -25.553749 59.219162  -0.377885 0.904514 -0.197630  0.863308 0.049776 1 0 1.000000
0  33.983036 -25.963612 58.992893  0.049214 -0.215519 -0.975259  0.852565 0.043916 1 0 1.000000
driverswat
0  33.239788 -25.658613 59.321198  0.136158 0.963559 0.230251  0.869167 0.031220 1 0 1.000000
0  33.721523 -25.553749 59.219162  -0.377885 0.904514 -0.197630  0.863308 0.049776 1 0 1.000000
0  33.239788 -26.080469 58.900646  0.025710 -0.144085 -0.989231  0.860378 0.023408 1 0 1.000000
driverswat
0  33.239788 -26.080469 58.900646  0.025710 -0.144085 -0.989231  0.860378 0.023408 1 0 1.000000
0  32.537830 -25.572844 58.941463  -0.203744 0.419964 -0.884375  0.862331 0.012665 1 0 1.000000
0  33.239788 -25.658613 59.321198  0.136158 0.963559 0.230251  0.869167 0.031220 1 0 1.000000
driverswat
0  32.537830 -25.572844 58.941463  -0.203744 0.419964 -0.884375  0.862331 0.012665 1 0 1.000000
0  32.482777 -25.441786 59.200550  -0.255425 0.959947 -0.115150  0.872097 0.007782 1 0 1.000000
0  33.239788 -25.658613 59.321198  0.136158 0.963559 0.230251  0.869167 0.031220 1 0 1.000000
driverswat
0  33.239788 -25.658613 59.321198  0.136158 0.963559 0.230251  0.869167 0.031220 1 0 1.000000
0  32.482777 -25.441786 59.200550  -0.255425 0.959947 -0.115150  0.872097 0.007782 1 0 1.000000
0  32.345139 -25.559887 59.467224  -0.621199 0.398507 0.674762  0.877957 0.013642 1 0 1.000000
driverswat
0  34.657463 -23.084568 58.906799  0.112352 0.203858 -0.972532  0.814478 0.087863 1 0 1.000000
0  33.996799 -22.328547 59.464691  -0.624282 0.351587 -0.697609  0.821314 0.117161 1 0 1.000000
0  34.781338 -22.323513 59.230358  0.167248 0.270988 -0.947942  0.809595 0.091769 1 0 1.000000
driverswat
0  34.781338 -22.323513 59.230358  0.167248 0.270988 -0.947942  0.809595 0.091769 1 0 1.000000
0  33.996799 -22.328547 59.464691  -0.624282 0.351587 -0.697609  0.821314 0.117161 1 0 1.000000
0  34.795101 -21.861462 59.322742  0.084686 0.105157 -0.990843  0.805689 0.093722 1 0 1.000000
driverswat
0  33.996799 -22.328547 59.464691  -0.624282 0.351587 -0.697609  0.821314 0.117161 1 0 1.000000
0  34.161964 -21.771561 59.578518  -0.651282 0.264663 -0.711185  0.814478 0.123020 1 0 1.000000
0  34.795101 -21.861462 59.322742  0.084686 0.105157 -0.990843  0.805689 0.093722 1 0 1.000000
driverswat
0  33.996799 -22.328547 59.464691  -0.624282 0.351587 -0.697609  0.821314 0.117161 1 0 1.000000
0  33.776577 -21.805899 60.349022  -0.869523 0.305170 -0.388330  0.824244 0.154271 1 0 1.000000
0  34.161964 -21.771561 59.578518  -0.651282 0.264663 -0.711185  0.814478 0.123020 1 0 1.000000
driverswat
0  34.161964 -21.771561 59.578518  -0.651282 0.264663 -0.711185  0.814478 0.123020 1 0 1.000000
0  33.776577 -21.805899 60.349022  -0.869523 0.305170 -0.388330  0.824244 0.154271 1 0 1.000000
0  34.327133 -20.336662 60.108147  -0.809237 0.259601 -0.527013  0.797876 0.167943 1 0 1.000000
driverswat
0  34.065617 -20.274824 60.541172  -0.948940 0.233936 -0.211630  0.796899 0.185522 1 0 1.000000
0  34.327133 -20.336662 60.108147  -0.809237 0.259601 -0.527013  0.797876 0.167943 1 0 1.000000
0  33.776577 -21.805899 60.349022  -0.869523 0.305170 -0.388330  0.824244 0.154271 1 0 1.000000
driverswat
0  34.327133 -20.336662 60.108147  -0.809237 0.259601 -0.527013  0.797876 0.167943 1 0 1.000000
0  34.795101 -20.300737 59.489662  -0.456498 0.187696 -0.869701  0.800806 0.127903 1 0 1.000000
0  34.161964 -21.771561 59.578518  -0.651282 0.264663 -0.711185  0.814478 0.123020 1 0 1.000000
driverswat
0  34.795101 -21.861462 59.322742  0.084686 0.105157 -0.990843  0.805689 0.093722 1 0 1.000000
0  34.161964 -21.771561 59.578518  -0.651282 0.264663 -0.711185  0.814478 0.123020 1 0 1.000000
0  34.795101 -20.300737 59.489662  -0.456498 0.187696 -0.869701  0.800806 0.127903 1 0 1.000000
driverswat
0  34.795101 -20.300737 59.489662  -0.456498 0.187696 -0.869701  0.800806 0.127903 1 0 1.000000
0  35.455769 -20.331968 59.362877  0.382454 -0.095099 -0.919068  0.799829 0.099582 1 0 1.000000
0  34.795101 -21.861462 59.322742  0.084686 0.105157 -0.990843  0.805689 0.093722 1 0 1.000000
driverswat
0  32.950745 -26.082952 59.618473  -0.298057 -0.153099 0.942190  0.880886 0.024384 1 0 1.000000
0  33.239788 -25.658613 59.321198  0.136158 0.963559 0.230251  0.869167 0.031220 1 0 1.000000
0  32.345139 -25.559887 59.467224  -0.621199 0.398507 0.674762  0.877957 0.013642 1 0 1.000000
driverswat
0  33.239788 -25.658613 59.321198  0.136158 0.963559 0.230251  0.869167 0.031220 1 0 1.000000
0  32.950745 -26.082952 59.618473  -0.298057 -0.153099 0.942190  0.880886 0.024384 1 0 1.000000
0  33.721523 -25.553749 59.219162  -0.377885 0.904514 -0.197630  0.863308 0.049776 1 0 1.000000
driverswat
0  32.950745 -26.082952 59.618473  -0.298057 -0.153099 0.942190  0.880886 0.024384 1 0 1.000000
0  33.776577 -26.027596 59.788628  -0.186393 0.041727 0.981589  0.874050 0.046846 1 0 1.000000
0  33.721523 -25.553749 59.219162  -0.377885 0.904514 -0.197630  0.863308 0.049776 1 0 1.000000
driverswat
0  33.721523 -25.553749 59.219162  -0.377885 0.904514 -0.197630  0.863308 0.049776 1 0 1.000000
0  33.776577 -26.027596 59.788628  -0.186393 0.041727 0.981589  0.874050 0.046846 1 0 1.000000
0  33.914215 -25.642824 59.640057  -0.945387 0.309758 0.101462  0.873074 0.061495 1 0 1.000000
driverswat
0  34.712521 -25.485912 59.749336  0.846382 -0.526853 -0.077864  0.873074 0.069308 1 0 1.000000
0  33.914215 -25.642824 59.640057  -0.945387 0.309758 0.101462  0.873074 0.061495 1 0 1.000000
0  33.776577 -26.027596 59.788628  -0.186393 0.041727 0.981589  0.874050 0.046846 1 0 1.000000
driverswat
0  33.914215 -25.642824 59.640057  -0.945387 0.309758 0.101462  0.873074 0.061495 1 0 1.000000
0  34.712521 -25.485912 59.749336  0.846382 -0.526853 -0.077864  0.873074 0.069308 1 0 1.000000
0  33.983036 -26.463932 59.891628  0.154885 -0.288015 -0.945018  0.886746 0.042940 1 0 1.000000
driverswat
0  33.680229 -25.993195 60.219452  -0.612101 0.788179 0.064082  0.894559 0.053682 1 0 1.000000
0  33.914215 -25.642824 59.640057  -0.945387 0.309758 0.101462  0.873074 0.061495 1 0 1.000000
0  33.983036 -26.463932 59.891628  0.154885 -0.288015 -0.945018  0.886746 0.042940 1 0 1.000000
driverswat
0  33.047096 -26.600508 59.701134  0.098489 -0.190309 -0.976771  0.903348 0.021455 1 0 1.000000
0  33.680229 -25.993195 60.219452  -0.612101 0.788179 0.064082  0.894559 0.053682 1 0 1.000000
0  33.983036 -26.463932 59.891628  0.154885 -0.288015 -0.945018  0.886746 0.042940 1 0 1.000000
driverswat
0  33.060860 -26.056278 60.145336  0.213058 0.965579 0.149213  0.909207 0.035127 1 0 1.000000
0  33.680229 -25.993195 60.219452  -0.612101 0.788179 0.064082  0.894559 0.053682 1 0 1.000000
0  33.047096 -26.600508 59.701134  0.098489 -0.190309 -0.976771  0.903348 0.021455 1 0 1.000000
driverswat
0  33.047096 -26.600508 59.701134  0.098489 -0.190309 -0.976771  0.903348 0.021455 1 0 1.000000
0  32.400192 -25.984711 59.598759  -0.169537 0.337995 -0.925752  0.914090 0.011689 1 0 1.000000
0  33.060860 -26.056278 60.145336  0.213058 0.965579 0.149213  0.909207 0.035127 1 0 1.000000
driverswat
0  32.400192 -25.984711 59.598759  -0.169537 0.337995 -0.925752  0.914090 0.011689 1 0 1.000000
0  32.372665 -25.797670 59.848537  -0.183285 0.952999 -0.241244  0.925810 0.011689 1 0 1.000000
0  33.060860 -26.056278 60.145336  0.213058 0.965579 0.149213  0.909207 0.035127 1 0 1.000000
driverswat
0  33.060860 -26.056278 60.145336  0.213058 0.965579 0.149213  0.909207 0.035127 1 0 1.000000
0  32.372665 -25.797670 59.848537  -0.183285 0.952999 -0.241244  0.925810 0.011689 1 0 1.000000
0  32.179970 -25.926805 60.252403  -0.605373 0.487463 0.629208  0.928739 0.023408 1 0 1.000000
driverswat
0  32.730526 -26.562939 60.435997  -0.324825 -0.141298 0.935160  0.920927 0.037080 1 0 1.000000
0  33.060860 -26.056278 60.145336  0.213058 0.965579 0.149213  0.909207 0.035127 1 0 1.000000
0  32.179970 -25.926805 60.252403  -0.605373 0.487463 0.629208  0.928739 0.023408 1 0 1.000000
driverswat
0  33.060860 -26.056278 60.145336  0.213058 0.965579 0.149213  0.909207 0.035127 1 0 1.000000
0  32.730526 -26.562939 60.435997  -0.324825 -0.141298 0.935160  0.920927 0.037080 1 0 1.000000
0  33.680229 -25.993195 60.219452  -0.612101 0.788179 0.064082  0.894559 0.053682 1 0 1.000000
driverswat
0  32.730526 -26.562939 60.435997  -0.324825 -0.141298 0.935160  0.920927 0.037080 1 0 1.000000
0  33.886688 -26.408855 60.752167  -0.171764 0.008442 0.985102  0.906278 0.057588 1 0 1.000000
0  33.680229 -25.993195 60.219452  -0.612101 0.788179 0.064082  0.894559 0.053682 1 0 1.000000
driverswat
0  33.680229 -25.993195 60.219452  -0.612101 0.788179 0.064082  0.894559 0.053682 1 0 1.000000
0  33.886688 -26.408855 60.752167  -0.171764 0.008442 0.985102  0.906278 0.057588 1 0 1.000000
0  34.134438 -25.813877 60.565266  -0.982821 0.136068 0.124694  0.890652 0.082003 1 0 1.000000
driverswat
0  33.914215 -25.642824 59.640057  -0.945387 0.309758 0.101462  0.873074 0.061495 1 0 1.000000
0  33.680229 -25.993195 60.219452  -0.612101 0.788179 0.064082  0.894559 0.053682 1 0 1.000000
0  34.134438 -25.813877 60.565266  -0.982821 0.136068 0.124694  0.890652 0.082003 1 0 1.000000
driverswat
0  33.914215 -25.642824 59.640057  -0.945387 0.309758 0.101462  0.873074 0.061495 1 0 1.000000
0  34.134438 -25.813877 60.565266  -0.982821 0.136068 0.124694  0.890652 0.082003 1 0 1.000000
0  33.556358 -24.298248 60.949493  -0.901228 -0.295841 -0.316649  0.876003 0.124973 1 0 1.000000
driverswat
0  33.047096 -26.725788 61.430904  -0.336572 0.053475 0.940138  0.948271 0.062471 1 0 1.000000
0  34.120674 -26.566187 61.678478  -0.243990 0.063188 0.967717  0.932646 0.081027 1 0 1.000000
0  33.914215 -26.299238 61.106182  -0.830500 0.498919 -0.247690  0.923856 0.071261 1 0 1.000000
driverswat
0  33.363663 -26.361216 61.018353  0.262236 0.963782 -0.048545  0.938505 0.056612 1 0 1.000000
0  33.047096 -26.725788 61.430904  -0.336572 0.053475 0.940138  0.948271 0.062471 1 0 1.000000
0  33.914215 -26.299238 61.106182  -0.830500 0.498919 -0.247690  0.923856 0.071261 1 0 1.000000
driverswat
0  32.317612 -25.870621 61.099224  -0.454259 0.603620 0.655204  0.965850 0.042940 1 0 1.000000
0  33.047096 -26.725788 61.430904  -0.336572 0.053475 0.940138  0.948271 0.062471 1 0 1.000000
0  33.363663 -26.361216 61.018353  0.262236 0.963782 -0.048545  0.938505 0.056612 1 0 1.000000
driverswat
0  32.400192 -25.798574 60.718391  -0.133408 0.976114 -0.171476  0.963897 0.036103 1 0 1.000000
0  32.317612 -25.870621 61.099224  -0.454259 0.603620 0.655204  0.965850 0.042940 1 0 1.000000
0  33.363663 -26.361216 61.018353  0.262236 0.963782 -0.048545  0.938505 0.056612 1 0 1.000000
driverswat
0  32.386429 -25.976788 60.358849  -0.254568 0.349192 -0.901809  0.959014 0.032197 1 0 1.000000
0  32.400192 -25.798574 60.718391  -0.133408 0.976114 -0.171476  0.963897 0.036103 1 0 1.000000
0  33.363663 -26.361216 61.018353  0.262236 0.963782 -0.048545  0.938505 0.056612 1 0 1.000000
driverswat
0  33.239788 -26.893932 60.602695  0.127221 -0.292728 -0.947695  0.935575 0.041963 1 0 1.000000
0  32.386429 -25.976788 60.358849  -0.254568 0.349192 -0.901809  0.959014 0.032197 1 0 1.000000
0  33.363663 -26.361216 61.018353  0.262236 0.963782 -0.048545  0.938505 0.056612 1 0 1.000000
driverswat
0  33.363663 -26.361216 61.018353  0.262236 0.963782 -0.048545  0.938505 0.056612 1 0 1.000000
0  33.914215 -26.299238 61.106182  -0.830500 0.498919 -0.247690  0.923856 0.071261 1 0 1.000000
0  33.239788 -26.893932 60.602695  0.127221 -0.292728 -0.947695  0.935575 0.041963 1 0 1.000000
driverswat
0  33.239788 -26.893932 60.602695  0.127221 -0.292728 -0.947695  0.935575 0.041963 1 0 1.000000
0  33.914215 -26.299238 61.106182  -0.830500 0.498919 -0.247690  0.923856 0.071261 1 0 1.000000
0  34.272076 -26.757357 60.793182  0.200150 -0.324787 -0.924366  0.917020 0.062471 1 0 1.000000
driverswat
0  33.914215 -26.299238 61.106182  -0.830500 0.498919 -0.247690  0.923856 0.071261 1 0 1.000000
0  34.134438 -25.813877 60.565266  -0.982821 0.136068 0.124694  0.890652 0.082003 1 0 1.000000
0  34.272076 -26.757357 60.793182  0.200150 -0.324787 -0.924366  0.917020 0.062471 1 0 1.000000
driverswat
0  34.134438 -25.813877 60.565266  -0.982821 0.136068 0.124694  0.890652 0.082003 1 0 1.000000
0  33.914215 -26.299238 61.106182  -0.830500 0.498919 -0.247690  0.923856 0.071261 1 0 1.000000
0  33.941742 -25.782927 61.382442  -0.920887 -0.107625 -0.374678  0.915067 0.097629 1 0 1.000000
driverswat
0  34.134438 -25.813877 60.565266  -0.982821 0.136068 0.124694  0.890652 0.082003 1 0 1.000000
0  33.941742 -25.782927 61.382442  -0.920887 -0.107625 -0.374678  0.915067 0.097629 1 0 1.000000
0  33.556358 -24.298248 60.949493  -0.901228 -0.295841 -0.316649  0.876003 0.124973 1 0 1.000000
driverswat
0  33.556358 -24.298248 60.949493  -0.901228 -0.295841 -0.316649  0.876003 0.124973 1 0 1.000000
0  33.941742 -25.782927 61.382442  -0.920887 -0.107625 -0.374678  0.915067 0.097629 1 0 1.000000
0  33.460011 -25.102745 62.196587  -0.948345 -0.144587 0.282377  0.901395 0.134739 1 0 1.000000
driverswat
0  33.460011 -25.102745 62.196587  -0.948345 -0.144587 0.282377  0.901395 0.134739 1 0 1.000000
0  33.941742 -25.782927 61.382442  -0.920887 -0.107625 -0.374678  0.915067 0.097629 1 0 1.000000
0  33.501301 -26.282488 61.756523  -0.486600 0.421297 -0.765330  0.937529 0.094699 1 0 1.000000
driverswat
0  33.556358 -24.298248 60.949493  -0.901228 -0.295841 -0.316649  0.876003 0.124973 1 0 1.000000
0  33.322372 -24.670820 62.148472  -0.847079 -0.398254 0.351924  0.897488 0.143529 1 0 1.000000
0  32.661705 -23.449499 61.556259  -0.638027 -0.091022 -0.764615  0.877957 0.167943 1 0 1.000000
driverswat
0  33.460011 -25.102745 62.196587  -0.948345 -0.144587 0.282377  0.901395 0.134739 1 0 1.000000
0  33.322372 -24.670820 62.148472  -0.847079 -0.398254 0.351924  0.897488 0.143529 1 0 1.000000
0  33.556358 -24.298248 60.949493  -0.901228 -0.295841 -0.316649  0.876003 0.124973 1 0 1.000000
driverswat
0  33.762814 -24.020144 62.642658  0.146650 -0.020930 0.988967  0.896512 0.140599 1 0 1.000000
0  33.322372 -24.670820 62.148472  -0.847079 -0.398254 0.351924  0.897488 0.143529 1 0 1.000000
0  33.460011 -25.102745 62.196587  -0.948345 -0.144587 0.282377  0.901395 0.134739 1 0 1.000000
driverswat
0  33.762814 -24.020144 62.642658  0.146650 -0.020930 0.988967  0.896512 0.140599 1 0 1.000000
0  33.460011 -25.102745 62.196587  -0.948345 -0.144587 0.282377  0.901395 0.134739 1 0 1.000000
0  33.790344 -25.371763 62.451122  -0.328501 -0.026377 0.944135  0.898465 0.138646 1 0 1.000000
driverswat
0  33.460011 -25.102745 62.196587  -0.948345 -0.144587 0.282377  0.901395 0.134739 1 0 1.000000
0  33.501301 -26.332129 62.373898  -0.479412 0.242923 0.843299  0.943388 0.109348 1 0 1.000000
0  33.790344 -25.371763 62.451122  -0.328501 -0.026377 0.944135  0.898465 0.138646 1 0 1.000000
driverswat
0  33.501301 -26.282488 61.756523  -0.486600 0.421297 -0.765330  0.937529 0.094699 1 0 1.000000
0  33.501301 -26.332129 62.373898  -0.479412 0.242923 0.843299  0.943388 0.109348 1 0 1.000000
0  33.460011 -25.102745 62.196587  -0.948345 -0.144587 0.282377  0.901395 0.134739 1 0 1.000000
driverswat
0  32.758053 -26.368256 62.136257  -0.189878 0.492287 0.849470  0.966826 0.090793 1 0 1.000000
0  33.501301 -26.332129 62.373898  -0.479412 0.242923 0.843299  0.943388 0.109348 1 0 1.000000
0  33.501301 -26.282488 61.756523  -0.486600 0.421297 -0.765330  0.937529 0.094699 1 0 1.000000
driverswat
0  33.033329 -26.234711 61.677517  0.510176 0.785686 -0.349883  0.955107 0.082980 1 0 1.000000
0  32.758053 -26.368256 62.136257  -0.189878 0.492287 0.849470  0.966826 0.090793 1 0 1.000000
0  33.501301 -26.282488 61.756523  -0.486600 0.421297 -0.765330  0.937529 0.094699 1 0 1.000000
driverswat
0  32.758053 -26.368256 62.136257  -0.189878 0.492287 0.849470  0.966826 0.090793 1 0 1.000000
0  33.033329 -26.234711 61.677517  0.510176 0.785686 -0.349883  0.955107 0.082980 1 0 1.000000
0  32.427719 -25.700752 61.734261  -0.186977 0.913850 0.360442  0.976592 0.077120 1 0 1.000000
driverswat
0  33.033329 -26.234711 61.677517  0.510176 0.785686 -0.349883  0.955107 0.082980 1 0 1.000000
0  32.469009 -25.786236 61.423599  0.043431 0.823951 -0.564994  0.976592 0.064425 1 0 1.000000
0  32.427719 -25.700752 61.734261  -0.186977 0.913850 0.360442  0.976592 0.077120 1 0 1.000000
driverswat
0  32.372665 -26.086344 61.206158  -0.295944 0.093203 -0.950647  0.961943 0.063448 1 0 1.000000
0  32.469009 -25.786236 61.423599  0.043431 0.823951 -0.564994  0.976592 0.064425 1 0 1.000000
0  33.033329 -26.234711 61.677517  0.510176 0.785686 -0.349883  0.955107 0.082980 1 0 1.000000
driverswat
0  32.936981 -26.837749 61.449516  0.030273 -0.579538 -0.814383  0.951201 0.072237 1 0 1.000000
0  32.372665 -26.086344 61.206158  -0.295944 0.093203 -0.950647  0.961943 0.063448 1 0 1.000000
0  33.033329 -26.234711 61.677517  0.510176 0.785686 -0.349883  0.955107 0.082980 1 0 1.000000
driverswat
0  33.033329 -26.234711 61.677517  0.510176 0.785686 -0.349883  0.955107 0.082980 1 0 1.000000
0  33.501301 -26.282488 61.756523  -0.486600 0.421297 -0.765330  0.937529 0.094699 1 0 1.000000
0  32.936981 -26.837749 61.449516  0.030273 -0.579538 -0.814383  0.951201 0.072237 1 0 1.000000
driverswat
0  32.936981 -26.837749 61.449516  0.030273 -0.579538 -0.814383  0.951201 0.072237 1 0 1.000000
0  33.501301 -26.282488 61.756523  -0.486600 0.421297 -0.765330  0.937529 0.094699 1 0 1.000000
0  33.941742 -26.870222 61.681648  0.387326 -0.621306 -0.681144  0.933622 0.083956 1 0 1.000000
driverswat
0  33.501301 -26.282488 61.756523  -0.486600 0.421297 -0.765330  0.937529 0.094699 1 0 1.000000
0  33.941742 -25.782927 61.382442  -0.920887 -0.107625 -0.374678  0.915067 0.097629 1 0 1.000000
0  33.941742 -26.870222 61.681648  0.387326 -0.621306 -0.681144  0.933622 0.083956 1 0 1.000000
driverswat
0  33.941742 -25.782927 61.382442  -0.920887 -0.107625 -0.374678  0.915067 0.097629 1 0 1.000000
0  34.616173 -25.479031 61.724468  0.904318 -0.265635 0.334136  0.918973 0.094699 1 0 1.000000
0  33.941742 -26.870222 61.681648  0.387326 -0.621306 -0.681144  0.933622 0.083956 1 0 1.000000
driverswat
0  34.616173 -25.479031 61.724468  0.904318 -0.265635 0.334136  0.918973 0.094699 1 0 1.000000
0  33.941742 -25.782927 61.382442  -0.920887 -0.107625 -0.374678  0.915067 0.097629 1 0 1.000000
0  34.120674 -26.566187 61.678478  -0.243990 0.063188 0.967717  0.932646 0.081027 1 0 1.000000
driverswat
0  33.914215 -26.299238 61.106182  -0.830500 0.498919 -0.247690  0.923856 0.071261 1 0 1.000000
0  34.120674 -26.566187 61.678478  -0.243990 0.063188 0.967717  0.932646 0.081027 1 0 1.000000
0  33.941742 -25.782927 61.382442  -0.920887 -0.107625 -0.374678  0.915067 0.097629 1 0 1.000000
driverswat
0  19.627342 -26.086344 61.206158  0.295907 0.093288 -0.950650  0.983428 0.278298 1 0 1.000000
0  19.530994 -25.786236 61.423599  -0.043519 0.823932 -0.565016  0.990265 0.269509 1 0 1.000000
0  19.847563 -26.072763 61.552452  0.997782 0.065608 -0.011206  0.979522 0.268532 1 0 1.000000
driverswat
0  19.627342 -26.086344 61.206158  0.295907 0.093288 -0.950650  0.983428 0.278298 1 0 1.000000
0  19.847563 -26.072763 61.552452  0.997782 0.065608 -0.011206  0.979522 0.268532 1 0 1.000000
0  19.365829 -26.890560 61.762859  0.519502 -0.850033 -0.086955  0.955107 0.271462 1 0 1.000000
driverswat
0  19.063026 -26.837749 61.449516  -0.030271 -0.579530 -0.814388  0.952178 0.280251 1 0 1.000000
0  19.627342 -26.086344 61.206158  0.295907 0.093288 -0.950650  0.983428 0.278298 1 0 1.000000
0  19.365829 -26.890560 61.762859  0.519502 -0.850033 -0.086955  0.955107 0.271462 1 0 1.000000
driverswat
0  19.063026 -26.837749 61.449516  -0.030271 -0.579530 -0.814388  0.952178 0.280251 1 0 1.000000
0  19.365829 -26.890560 61.762859  0.519502 -0.850033 -0.086955  0.955107 0.271462 1 0 1.000000
0  18.058262 -26.870222 61.681648  -0.387379 -0.621312 -0.681109  0.925810 0.280251 1 0 1.000000
driverswat
0  19.434650 -26.697525 62.109779  0.622461 -0.394569 0.675912  0.955107 0.261696 1 0 1.000000
0  19.365829 -26.890560 61.762859  0.519502 -0.850033 -0.086955  0.955107 0.271462 1 0 1.000000
0  19.847563 -26.072763 61.552452  0.997782 0.065608 -0.011206  0.979522 0.268532 1 0 1.000000
driverswat
0  18.319777 -27.040516 62.082203  -0.089798 -0.980274 0.176068  0.931669 0.269509 1 0 1.000000
0  19.365829 -26.890560 61.762859  0.519502 -0.850033 -0.086955  0.955107 0.271462 1 0 1.000000
0  19.434650 -26.697525 62.109779  0.622461 -0.394569 0.675912  0.955107 0.261696 1 0 1.000000
driverswat
0  18.058262 -26.870222 61.681648  -0.387379 -0.621312 -0.681109  0.925810 0.280251 1 0 1.000000
0  19.365829 -26.890560 61.762859  0.519502 -0.850033 -0.086955  0.955107 0.271462 1 0 1.000000
0  18.319777 -27.040516 62.082203  -0.089798 -0.980274 0.176068  0.931669 0.269509 1 0 1.000000
driverswat
0  18.319777 -27.040516 62.082203  -0.089798 -0.980274 0.176068  0.931669 0.269509 1 0 1.000000
0  17.838041 -26.822104 62.113571  -0.723332 -0.668120 0.174375  0.925810 0.271462 1 0 1.000000
0  18.058262 -26.870222 61.681648  -0.387379 -0.621312 -0.681109  0.925810 0.280251 1 0 1.000000
driverswat
0  18.058262 -26.870222 61.681648  -0.387379 -0.621312 -0.681109  0.925810 0.280251 1 0 1.000000
0  17.838041 -26.822104 62.113571  -0.723332 -0.668120 0.174375  0.925810 0.271462 1 0 1.000000
0  17.383835 -25.479031 61.724468  -0.904304 -0.265622 0.334184  0.908231 0.282205 1 0 1.000000
driverswat
0  17.383835 -25.479031 61.724468  -0.904304 -0.265622 0.334184  0.908231 0.282205 1 0 1.000000
0  17.838041 -26.822104 62.113571  -0.723332 -0.668120 0.174375  0.925810 0.271462 1 0 1.000000
0  17.259960 -25.387547 62.132263  -0.945737 -0.215475 0.243211  0.904324 0.271462 1 0 1.000000
driverswat
0  17.122320 -24.257990 61.822651  -0.842002 0.017722 0.539183  0.876003 0.270486 1 0 1.000000
0  17.383835 -25.479031 61.724468  -0.904304 -0.265622 0.334184  0.908231 0.282205 1 0 1.000000
0  17.259960 -25.387547 62.132263  -0.945737 -0.215475 0.243211  0.904324 0.271462 1 0 1.000000
driverswat
0  17.122320 -24.257990 61.822651  -0.842002 0.017722 0.539183  0.876003 0.270486 1 0 1.000000
0  17.259960 -25.387547 62.132263  -0.945737 -0.215475 0.243211  0.904324 0.271462 1 0 1.000000
0  17.521473 -25.264212 62.487389  -0.485571 -0.048371 0.872858  0.901395 0.261696 1 0 1.000000
driverswat
0  17.521473 -25.264212 62.487389  -0.485571 -0.048371 0.872858  0.901395 0.261696 1 0 1.000000
0  18.237194 -24.020144 62.642658  -0.146650 -0.020930 0.988967  0.885769 0.243141 1 0 1.000000
0  17.122320 -24.257990 61.822651  -0.842002 0.017722 0.539183  0.876003 0.270486 1 0 1.000000
driverswat
0  17.521473 -25.264212 62.487389  -0.485571 -0.048371 0.872858  0.901395 0.261696 1 0 1.000000
0  18.209665 -25.371763 62.451122  0.328456 -0.026363 0.944151  0.904324 0.246071 1 0 1.000000
0  18.237194 -24.020144 62.642658  -0.146650 -0.020930 0.988967  0.885769 0.243141 1 0 1.000000
driverswat
0  17.521473 -25.264212 62.487389  -0.485571 -0.048371 0.872858  0.901395 0.261696 1 0 1.000000
0  17.989445 -26.587910 62.463802  -0.347627 -0.344187 0.872176  0.925810 0.261696 1 0 1.000000
0  18.209665 -25.371763 62.451122  0.328456 -0.026363 0.944151  0.904324 0.246071 1 0 1.000000
driverswat
0  18.498707 -26.332129 62.373898  0.479352 0.242925 0.843332  0.931669 0.246071 1 0 1.000000
0  18.209665 -25.371763 62.451122  0.328456 -0.026363 0.944151  0.904324 0.246071 1 0 1.000000
0  17.989445 -26.587910 62.463802  -0.347627 -0.344187 0.872176  0.925810 0.261696 1 0 1.000000
driverswat
0  17.989445 -26.587910 62.463802  -0.347627 -0.344187 0.872176  0.925810 0.261696 1 0 1.000000
0  18.374832 -26.777775 62.420921  0.079837 -0.463455 0.882516  0.931669 0.259743 1 0 1.000000
0  18.498707 -26.332129 62.373898  0.479352 0.242925 0.843332  0.931669 0.246071 1 0 1.000000
driverswat
0  18.498707 -26.332129 62.373898  0.479352 0.242925 0.843332  0.931669 0.246071 1 0 1.000000
0  18.374832 -26.777775 62.420921  0.079837 -0.463455 0.882516  0.931669 0.259743 1 0 1.000000
0  19.241955 -26.368256 62.136257  0.189605 0.492374 0.849481  0.956084 0.252907 1 0 1.000000
driverswat
0  19.241955 -26.368256 62.136257  0.189605 0.492374 0.849481  0.956084 0.252907 1 0 1.000000
0  18.374832 -26.777775 62.420921  0.079837 -0.463455 0.882516  0.931669 0.259743 1 0 1.000000
0  19.434650 -26.697525 62.109779  0.622461 -0.394569 0.675912  0.955107 0.261696 1 0 1.000000
driverswat
0  19.434650 -26.697525 62.109779  0.622461 -0.394569 0.675912  0.955107 0.261696 1 0 1.000000
0  19.572287 -25.700752 61.734261  0.186898 0.913856 0.360468  0.983428 0.256813 1 0 1.000000
0  19.241955 -26.368256 62.136257  0.189605 0.492374 0.849481  0.956084 0.252907 1 0 1.000000
driverswat
0  19.847563 -26.072763 61.552452  0.997782 0.065608 -0.011206  0.979522 0.268532 1 0 1.000000
0  19.572287 -25.700752 61.734261  0.186898 0.913856 0.360468  0.983428 0.256813 1 0 1.000000
0  19.434650 -26.697525 62.109779  0.622461 -0.394569 0.675912  0.955107 0.261696 1 0 1.000000
driverswat
0  19.847563 -26.072763 61.552452  0.997782 0.065608 -0.011206  0.979522 0.268532 1 0 1.000000
0  19.530994 -25.786236 61.423599  -0.043519 0.823932 -0.565016  0.990265 0.269509 1 0 1.000000
0  19.572287 -25.700752 61.734261  0.186898 0.913856 0.360468  0.983428 0.256813 1 0 1.000000
driverswat
0  17.259960 -25.387547 62.132263  -0.945737 -0.215475 0.243211  0.904324 0.271462 1 0 1.000000
0  17.838041 -26.822104 62.113571  -0.723332 -0.668120 0.174375  0.925810 0.271462 1 0 1.000000
0  17.521473 -25.264212 62.487389  -0.485571 -0.048371 0.872858  0.901395 0.261696 1 0 1.000000
driverswat
0  17.989445 -26.587910 62.463802  -0.347627 -0.344187 0.872176  0.925810 0.261696 1 0 1.000000
0  17.521473 -25.264212 62.487389  -0.485571 -0.048371 0.872858  0.901395 0.261696 1 0 1.000000
0  17.838041 -26.822104 62.113571  -0.723332 -0.668120 0.174375  0.925810 0.271462 1 0 1.000000
driverswat
0  17.838041 -26.822104 62.113571  -0.723332 -0.668120 0.174375  0.925810 0.271462 1 0 1.000000
0  18.319777 -27.040516 62.082203  -0.089798 -0.980274 0.176068  0.931669 0.269509 1 0 1.000000
0  17.989445 -26.587910 62.463802  -0.347627 -0.344187 0.872176  0.925810 0.261696 1 0 1.000000
driverswat
0  18.319777 -27.040516 62.082203  -0.089798 -0.980274 0.176068  0.931669 0.269509 1 0 1.000000
0  18.374832 -26.777775 62.420921  0.079837 -0.463455 0.882516  0.931669 0.259743 1 0 1.000000
0  17.989445 -26.587910 62.463802  -0.347627 -0.344187 0.872176  0.925810 0.261696 1 0 1.000000
driverswat
0  18.374832 -26.777775 62.420921  0.079837 -0.463455 0.882516  0.931669 0.259743 1 0 1.000000
0  18.319777 -27.040516 62.082203  -0.089798 -0.980274 0.176068  0.931669 0.269509 1 0 1.000000
0  19.434650 -26.697525 62.109779  0.622461 -0.394569 0.675912  0.955107 0.261696 1 0 1.000000
driverswat
0  19.104313 -3.731048 58.149712  -0.320641 -0.567981 -0.758015  0.278329 0.326151 1 0 1.000000
0  18.718925 -3.084147 64.219566  -0.006724 -0.604922 0.796257  0.327158 0.354472 1 0 1.000000
0  19.448410 -4.887211 61.563145  0.917564 0.029404 0.396500  0.310556 0.322245 1 0 1.000000
driverswat
0  20.288004 -5.396474 58.246056  0.892590 0.212348 -0.397732  0.285165 0.305643 1 0 1.000000
0  19.104313 -3.731048 58.149712  -0.320641 -0.567981 -0.758015  0.278329 0.326151 1 0 1.000000
0  19.448410 -4.887211 61.563145  0.917564 0.029404 0.396500  0.310556 0.322245 1 0 1.000000
driverswat
0  17.315014 -4.969794 57.131187  -0.021916 0.105507 -0.994177  0.257820 0.306619 1 0 1.000000
0  19.104313 -3.731048 58.149712  -0.320641 -0.567981 -0.758015  0.278329 0.326151 1 0 1.000000
0  20.288004 -5.396474 58.246056  0.892590 0.212348 -0.397732  0.285165 0.305643 1 0 1.000000
driverswat
0  17.315014 -4.969794 57.131187  -0.021916 0.105507 -0.994177  0.257820 0.306619 1 0 1.000000
0  18.484940 -1.487540 56.910965  -0.772105 0.131296 -0.621784  0.264657 0.354472 1 0 1.000000
0  19.104313 -3.731048 58.149712  -0.320641 -0.567981 -0.758015  0.278329 0.326151 1 0 1.000000
driverswat
0  16.957153 -3.001564 64.315918  -0.276499 -0.275533 0.920668  0.338878 0.358379 1 0 1.000000
0  16.420362 -0.083628 64.618721  -0.487033 0.020702 0.873138  0.337901 0.400372 1 0 1.000000
0  15.002687 -0.689238 63.806656  -0.811407 0.080957 0.578848  0.354503 0.388653 1 0 1.000000
driverswat
0  17.562763 -2.024331 64.591187  -0.261270 -0.340089 0.903370  0.331065 0.372051 1 0 1.000000
0  16.420362 -0.083628 64.618721  -0.487033 0.020702 0.873138  0.337901 0.400372 1 0 1.000000
0  16.957153 -3.001564 64.315918  -0.276499 -0.275533 0.920668  0.338878 0.358379 1 0 1.000000
driverswat
0  18.718925 -3.084147 64.219566  -0.006724 -0.604922 0.796257  0.327158 0.354472 1 0 1.000000
0  17.562763 -2.024331 64.591187  -0.261270 -0.340089 0.903370  0.331065 0.372051 1 0 1.000000
0  16.957153 -3.001564 64.315918  -0.276499 -0.275533 0.920668  0.338878 0.358379 1 0 1.000000
driverswat
0  18.718925 -3.084147 64.219566  -0.006724 -0.604922 0.796257  0.327158 0.354472 1 0 1.000000
0  16.957153 -3.001564 64.315918  -0.276499 -0.275533 0.920668  0.338878 0.358379 1 0 1.000000
0  17.067265 -4.859684 63.724068  0.014052 -0.383190 0.923563  0.338878 0.332987 1 0 1.000000
driverswat
0  19.448410 -4.887211 61.563145  0.917564 0.029404 0.396500  0.310556 0.322245 1 0 1.000000
0  18.718925 -3.084147 64.219566  -0.006724 -0.604922 0.796257  0.327158 0.354472 1 0 1.000000
0  17.067265 -4.859684 63.724068  0.014052 -0.383190 0.923563  0.338878 0.332987 1 0 1.000000
driverswat
0  19.448410 -4.887211 61.563145  0.917564 0.029404 0.396500  0.310556 0.322245 1 0 1.000000
0  17.067265 -4.859684 63.724068  0.014052 -0.383190 0.923563  0.338878 0.332987 1 0 1.000000
0  16.681877 -8.190535 62.691780  0.062520 -0.236457 0.969629  0.344737 0.284158 1 0 1.000000
driverswat
0  19.517231 -8.410757 60.916245  0.838129 -0.193091 0.510152  0.312510 0.276345 1 0 1.000000
0  19.448410 -4.887211 61.563145  0.917564 0.029404 0.396500  0.310556 0.322245 1 0 1.000000
0  16.681877 -8.190535 62.691780  0.062520 -0.236457 0.969629  0.344737 0.284158 1 0 1.000000
driverswat
0  20.288004 -5.396474 58.246056  0.892590 0.212348 -0.397732  0.285165 0.305643 1 0 1.000000
0  19.448410 -4.887211 61.563145  0.917564 0.029404 0.396500  0.310556 0.322245 1 0 1.000000
0  19.517231 -8.410757 60.916245  0.838129 -0.193091 0.510152  0.312510 0.276345 1 0 1.000000
driverswat
0  19.558521 -8.713560 57.585392  0.799209 -0.113913 -0.590160  0.283212 0.268532 1 0 1.000000
0  20.288004 -5.396474 58.246056  0.892590 0.212348 -0.397732  0.285165 0.305643 1 0 1.000000
0  19.517231 -8.410757 60.916245  0.838129 -0.193091 0.510152  0.312510 0.276345 1 0 1.000000
driverswat
0  17.315014 -4.969794 57.131187  -0.021916 0.105507 -0.994177  0.257820 0.306619 1 0 1.000000
0  20.288004 -5.396474 58.246056  0.892590 0.212348 -0.397732  0.285165 0.305643 1 0 1.000000
0  19.558521 -8.713560 57.585392  0.799209 -0.113913 -0.590160  0.283212 0.268532 1 0 1.000000
driverswat
0  16.681877 -8.300646 56.621925  -0.034977 0.109215 -0.993403  0.257820 0.267556 1 0 1.000000
0  17.315014 -4.969794 57.131187  -0.021916 0.105507 -0.994177  0.257820 0.306619 1 0 1.000000
0  19.558521 -8.713560 57.585392  0.799209 -0.113913 -0.590160  0.283212 0.268532 1 0 1.000000
driverswat
0  16.681877 -8.300646 56.621925  -0.034977 0.109215 -0.993403  0.257820 0.267556 1 0 1.000000
0  19.558521 -8.713560 57.585392  0.799209 -0.113913 -0.590160  0.283212 0.268532 1 0 1.000000
0  16.021212 -11.687722 56.440178  -0.058889 -0.063651 -0.996233  0.257820 0.224586 1 0 1.000000
driverswat
0  19.558521 -8.713560 57.585392  0.799209 -0.113913 -0.590160  0.283212 0.268532 1 0 1.000000
0  18.567524 -12.120068 57.523888  0.759808 -0.199692 -0.618720  0.282235 0.219703 1 0 1.000000
0  16.021212 -11.687722 56.440178  -0.058889 -0.063651 -0.996233  0.257820 0.224586 1 0 1.000000
driverswat
0  16.021212 -11.687722 56.440178  -0.058889 -0.063651 -0.996233  0.257820 0.224586 1 0 1.000000
0  18.567524 -12.120068 57.523888  0.759808 -0.199692 -0.618720  0.282235 0.219703 1 0 1.000000
0  16.186378 -12.850714 56.650444  0.027647 -0.168038 -0.985393  0.257820 0.212867 1 0 1.000000
driverswat
0  18.567524 -12.120068 57.523888  0.759808 -0.199692 -0.618720  0.282235 0.219703 1 0 1.000000
0  18.484940 -12.948278 57.692032  0.802883 -0.142670 -0.578813  0.283212 0.207007 1 0 1.000000
0  16.186378 -12.850714 56.650444  0.027647 -0.168038 -0.985393  0.257820 0.212867 1 0 1.000000
driverswat
0  18.567524 -12.120068 57.523888  0.759808 -0.199692 -0.618720  0.282235 0.219703 1 0 1.000000
0  18.801510 -12.308370 60.380867  0.863489 -0.210944 0.458137  0.313486 0.217750 1 0 1.000000
0  18.484940 -12.948278 57.692032  0.802883 -0.142670 -0.578813  0.283212 0.207007 1 0 1.000000
driverswat
0  18.801510 -12.308370 60.380867  0.863489 -0.210944 0.458137  0.313486 0.217750 1 0 1.000000
0  18.567524 -12.120068 57.523888  0.759808 -0.199692 -0.618720  0.282235 0.219703 1 0 1.000000
0  19.558521 -8.713560 57.585392  0.799209 -0.113913 -0.590160  0.283212 0.268532 1 0 1.000000
driverswat
0  19.517231 -8.410757 60.916245  0.838129 -0.193091 0.510152  0.312510 0.276345 1 0 1.000000
0  18.801510 -12.308370 60.380867  0.863489 -0.210944 0.458137  0.313486 0.217750 1 0 1.000000
0  19.558521 -8.713560 57.585392  0.799209 -0.113913 -0.590160  0.283212 0.268532 1 0 1.000000
driverswat
0  19.517231 -8.410757 60.916245  0.838129 -0.193091 0.510152  0.312510 0.276345 1 0 1.000000
0  16.681877 -8.190535 62.691780  0.062520 -0.236457 0.969629  0.344737 0.284158 1 0 1.000000
0  16.021212 -12.025231 61.839695  -0.053116 -0.111411 0.992354  0.350597 0.224586 1 0 1.000000
driverswat
0  18.801510 -12.308370 60.380867  0.863489 -0.210944 0.458137  0.313486 0.217750 1 0 1.000000
0  19.517231 -8.410757 60.916245  0.838129 -0.193091 0.510152  0.312510 0.276345 1 0 1.000000
0  16.021212 -12.025231 61.839695  -0.053116 -0.111411 0.992354  0.350597 0.224586 1 0 1.000000
driverswat
0  18.801510 -12.308370 60.380867  0.863489 -0.210944 0.458137  0.313486 0.217750 1 0 1.000000
0  16.021212 -12.025231 61.839695  -0.053116 -0.111411 0.992354  0.350597 0.224586 1 0 1.000000
0  18.636343 -12.990557 60.450287  0.850359 -0.043336 0.524416  0.315439 0.206030 1 0 1.000000
driverswat
0  18.801510 -12.308370 60.380867  0.863489 -0.210944 0.458137  0.313486 0.217750 1 0 1.000000
0  18.636343 -12.990557 60.450287  0.850359 -0.043336 0.524416  0.315439 0.206030 1 0 1.000000
0  18.484940 -12.948278 57.692032  0.802883 -0.142670 -0.578813  0.283212 0.207007 1 0 1.000000
driverswat
0  18.636343 -12.990557 60.450287  0.850359 -0.043336 0.524416  0.315439 0.206030 1 0 1.000000
0  18.773983 -16.700758 58.508770  0.909927 0.006386 -0.414720  0.286142 0.138646 1 0 1.000000
0  18.484940 -12.948278 57.692032  0.802883 -0.142670 -0.578813  0.283212 0.207007 1 0 1.000000
driverswat
0  18.484940 -12.948278 57.692032  0.802883 -0.142670 -0.578813  0.283212 0.207007 1 0 1.000000
0  18.773983 -16.700758 58.508770  0.909927 0.006386 -0.414720  0.286142 0.138646 1 0 1.000000
0  16.186378 -12.850714 56.650444  0.027647 -0.168038 -0.985393  0.257820 0.212867 1 0 1.000000
driverswat
0  18.773983 -16.700758 58.508770  0.909927 0.006386 -0.414720  0.286142 0.138646 1 0 1.000000
0  17.370071 -17.943302 57.304195  0.241483 -0.153593 -0.958173  0.257820 0.113254 1 0 1.000000
0  16.186378 -12.850714 56.650444  0.027647 -0.168038 -0.985393  0.257820 0.212867 1 0 1.000000
driverswat
0  18.773983 -16.700758 58.508770  0.909927 0.006386 -0.414720  0.286142 0.138646 1 0 1.000000
0  18.966677 -20.842903 59.363220  0.902783 0.003961 -0.430079  0.291025 0.065401 1 0 1.000000
0  17.370071 -17.943302 57.304195  0.241483 -0.153593 -0.958173  0.257820 0.113254 1 0 1.000000
driverswat
0  18.966677 -20.842903 59.363220  0.902783 0.003961 -0.430079  0.291025 0.065401 1 0 1.000000
0  17.659111 -21.638216 58.263645  0.191137 -0.180368 -0.964849  0.257820 0.044893 1 0 1.000000
0  17.370071 -17.943302 57.304195  0.241483 -0.153593 -0.958173  0.257820 0.113254 1 0 1.000000
driverswat
0  18.966677 -20.842903 59.363220  0.902783 0.003961 -0.430079  0.291025 0.065401 1 0 1.000000
0  19.186897 -22.756683 59.637390  0.597837 -0.799732 -0.054952  0.299814 0.036103 1 0 1.000000
0  17.659111 -21.638216 58.263645  0.191137 -0.180368 -0.964849  0.257820 0.044893 1 0 1.000000
driverswat
0  19.186897 -22.756683 59.637390  0.597837 -0.799732 -0.054952  0.299814 0.036103 1 0 1.000000
0  17.714167 -23.478985 58.488457  0.236677 -0.880656 -0.410401  0.257820 0.011689 1 0 1.000000
0  17.659111 -21.638216 58.263645  0.191137 -0.180368 -0.964849  0.257820 0.044893 1 0 1.000000
driverswat
0  19.186897 -22.756683 59.637390  0.597837 -0.799732 -0.054952  0.299814 0.036103 1 0 1.000000
0  17.218666 -20.905643 59.800037  0.212303 -0.928222 0.305502  0.354503 -0.000031 1 0 1.000000
0  17.714167 -23.478985 58.488457  0.236677 -0.880656 -0.410401  0.257820 0.011689 1 0 1.000000
driverswat
0  19.365829 -22.202602 61.504635  0.691712 -0.602255 0.398525  0.326182 0.050752 1 0 1.000000
0  17.218666 -20.905643 59.800037  0.212303 -0.928222 0.305502  0.354503 -0.000031 1 0 1.000000
0  19.186897 -22.756683 59.637390  0.597837 -0.799732 -0.054952  0.299814 0.036103 1 0 1.000000
driverswat
0  17.782986 -22.343529 62.570347  0.178893 -0.604475 0.776278  0.349620 0.053682 1 0 1.000000
0  17.218666 -20.905643 59.800037  0.212303 -0.928222 0.305502  0.354503 -0.000031 1 0 1.000000
0  19.365829 -22.202602 61.504635  0.691712 -0.602255 0.398525  0.326182 0.050752 1 0 1.000000
driverswat
0  17.782986 -22.343529 62.570347  0.178893 -0.604475 0.776278  0.349620 0.053682 1 0 1.000000
0  19.365829 -22.202602 61.504635  0.691712 -0.602255 0.398525  0.326182 0.050752 1 0 1.000000
0  19.007967 -20.323364 61.144833  0.864740 0.187561 0.465882  0.320322 0.077120 1 0 1.000000
driverswat
0  17.315014 -20.442846 62.115616  -0.030213 0.133240 0.990623  0.348643 0.080050 1 0 1.000000
0  17.782986 -22.343529 62.570347  0.178893 -0.604475 0.776278  0.349620 0.053682 1 0 1.000000
0  19.007967 -20.323364 61.144833  0.864740 0.187561 0.465882  0.320322 0.077120 1 0 1.000000
driverswat
0  19.007967 -20.323364 61.144833  0.864740 0.187561 0.465882  0.320322 0.077120 1 0 1.000000
0  18.553761 -16.094147 60.753063  0.810317 0.083387 0.580029  0.317392 0.150365 1 0 1.000000
0  17.315014 -20.442846 62.115616  -0.030213 0.133240 0.990623  0.348643 0.080050 1 0 1.000000
driverswat
0  18.553761 -16.094147 60.753063  0.810317 0.083387 0.580029  0.317392 0.150365 1 0 1.000000
0  16.007450 -16.182402 61.850628  -0.152963 0.005514 0.988217  0.353526 0.152318 1 0 1.000000
0  17.315014 -20.442846 62.115616  -0.030213 0.133240 0.990623  0.348643 0.080050 1 0 1.000000
driverswat
0  18.636343 -12.990557 60.450287  0.850359 -0.043336 0.524416  0.315439 0.206030 1 0 1.000000
0  18.553761 -16.094147 60.753063  0.810317 0.083387 0.580029  0.317392 0.150365 1 0 1.000000
0  18.773983 -16.700758 58.508770  0.909927 0.006386 -0.414720  0.286142 0.138646 1 0 1.000000
driverswat
0  18.553761 -16.094147 60.753063  0.810317 0.083387 0.580029  0.317392 0.150365 1 0 1.000000
0  19.007967 -20.323364 61.144833  0.864740 0.187561 0.465882  0.320322 0.077120 1 0 1.000000
0  18.773983 -16.700758 58.508770  0.909927 0.006386 -0.414720  0.286142 0.138646 1 0 1.000000
driverswat
0  19.007967 -20.323364 61.144833  0.864740 0.187561 0.465882  0.320322 0.077120 1 0 1.000000
0  18.966677 -20.842903 59.363220  0.902783 0.003961 -0.430079  0.291025 0.065401 1 0 1.000000
0  18.773983 -16.700758 58.508770  0.909927 0.006386 -0.414720  0.286142 0.138646 1 0 1.000000
driverswat
0  19.007967 -20.323364 61.144833  0.864740 0.187561 0.465882  0.320322 0.077120 1 0 1.000000
0  19.365829 -22.202602 61.504635  0.691712 -0.602255 0.398525  0.326182 0.050752 1 0 1.000000
0  18.966677 -20.842903 59.363220  0.902783 0.003961 -0.430079  0.291025 0.065401 1 0 1.000000
driverswat
0  19.365829 -22.202602 61.504635  0.691712 -0.602255 0.398525  0.326182 0.050752 1 0 1.000000
0  19.186897 -22.756683 59.637390  0.597837 -0.799732 -0.054952  0.299814 0.036103 1 0 1.000000
0  18.966677 -20.842903 59.363220  0.902783 0.003961 -0.430079  0.291025 0.065401 1 0 1.000000
driverswat
0  15.690880 -21.959082 59.162998  -0.821509 -0.259537 -0.507704  0.408216 0.057588 1 0 1.000000
0  15.883574 -23.915125 59.447582  -0.313442 -0.938165 -0.146970  0.404309 0.035127 1 0 1.000000
0  15.897338 -23.277763 61.652924  -0.331365 -0.789828 0.516109  0.375988 0.047822 1 0 1.000000
driverswat
0  15.718409 -21.390802 61.197083  -0.841868 -0.076354 0.534256  0.377941 0.070284 1 0 1.000000
0  15.690880 -21.959082 59.162998  -0.821509 -0.259537 -0.507704  0.408216 0.057588 1 0 1.000000
0  15.897338 -23.277763 61.652924  -0.331365 -0.789828 0.516109  0.375988 0.047822 1 0 1.000000
driverswat
0  14.424606 -18.139587 58.199757  -0.796695 -0.273106 -0.539157  0.408216 0.121067 1 0 1.000000
0  15.690880 -21.959082 59.162998  -0.821509 -0.259537 -0.507704  0.408216 0.057588 1 0 1.000000
0  15.718409 -21.390802 61.197083  -0.841868 -0.076354 0.534256  0.377941 0.070284 1 0 1.000000
driverswat
0  14.479661 -17.517672 60.597172  -0.866535 -0.157990 0.473452  0.379894 0.133763 1 0 1.000000
0  14.424606 -18.139587 58.199757  -0.796695 -0.273106 -0.539157  0.408216 0.121067 1 0 1.000000
0  15.718409 -21.390802 61.197083  -0.841868 -0.076354 0.534256  0.377941 0.070284 1 0 1.000000
driverswat
0  14.479661 -17.517672 60.597172  -0.866535 -0.157990 0.473452  0.379894 0.133763 1 0 1.000000
0  13.708885 -12.894983 57.544426  -0.837838 -0.086160 -0.539077  0.412122 0.208960 1 0 1.000000
0  14.424606 -18.139587 58.199757  -0.796695 -0.273106 -0.539157  0.408216 0.121067 1 0 1.000000
driverswat
0  13.874050 -12.931265 60.399818  -0.877690 -0.046501 0.476968  0.381848 0.207984 1 0 1.000000
0  13.708885 -12.894983 57.544426  -0.837838 -0.086160 -0.539077  0.412122 0.208960 1 0 1.000000
0  14.479661 -17.517672 60.597172  -0.866535 -0.157990 0.473452  0.379894 0.133763 1 0 1.000000
driverswat
0  13.874050 -12.931265 60.399818  -0.877690 -0.046501 0.476968  0.381848 0.207984 1 0 1.000000
0  14.479661 -17.517672 60.597172  -0.866535 -0.157990 0.473452  0.379894 0.133763 1 0 1.000000
0  16.007450 -16.182402 61.850628  -0.152963 0.005514 0.988217  0.353526 0.152318 1 0 1.000000
driverswat
0  16.007450 -16.182402 61.850628  -0.152963 0.005514 0.988217  0.353526 0.152318 1 0 1.000000
0  14.479661 -17.517672 60.597172  -0.866535 -0.157990 0.473452  0.379894 0.133763 1 0 1.000000
0  17.315014 -20.442846 62.115616  -0.030213 0.133240 0.990623  0.348643 0.080050 1 0 1.000000
driverswat
0  14.479661 -17.517672 60.597172  -0.866535 -0.157990 0.473452  0.379894 0.133763 1 0 1.000000
0  15.718409 -21.390802 61.197083  -0.841868 -0.076354 0.534256  0.377941 0.070284 1 0 1.000000
0  17.315014 -20.442846 62.115616  -0.030213 0.133240 0.990623  0.348643 0.080050 1 0 1.000000
driverswat
0  17.315014 -20.442846 62.115616  -0.030213 0.133240 0.990623  0.348643 0.080050 1 0 1.000000
0  15.718409 -21.390802 61.197083  -0.841868 -0.076354 0.534256  0.377941 0.070284 1 0 1.000000
0  17.782986 -22.343529 62.570347  0.178893 -0.604475 0.776278  0.349620 0.053682 1 0 1.000000
driverswat
0  15.718409 -21.390802 61.197083  -0.841868 -0.076354 0.534256  0.377941 0.070284 1 0 1.000000
0  15.897338 -23.277763 61.652924  -0.331365 -0.789828 0.516109  0.375988 0.047822 1 0 1.000000
0  17.782986 -22.343529 62.570347  0.178893 -0.604475 0.776278  0.349620 0.053682 1 0 1.000000
driverswat
0  15.897338 -23.277763 61.652924  -0.331365 -0.789828 0.516109  0.375988 0.047822 1 0 1.000000
0  17.218666 -20.905643 59.800037  0.212303 -0.928222 0.305502  0.354503 -0.000031 1 0 1.000000
0  17.782986 -22.343529 62.570347  0.178893 -0.604475 0.776278  0.349620 0.053682 1 0 1.000000
driverswat
0  15.883574 -23.915125 59.447582  -0.313442 -0.938165 -0.146970  0.404309 0.035127 1 0 1.000000
0  17.218666 -20.905643 59.800037  0.212303 -0.928222 0.305502  0.354503 -0.000031 1 0 1.000000
0  15.897338 -23.277763 61.652924  -0.331365 -0.789828 0.516109  0.375988 0.047822 1 0 1.000000
driverswat
0  17.714167 -23.478985 58.488457  0.236677 -0.880656 -0.410401  0.441420 0.011689 1 0 1.000000
0  17.218666 -20.905643 59.800037  0.212303 -0.928222 0.305502  0.354503 -0.000031 1 0 1.000000
0  15.883574 -23.915125 59.447582  -0.313442 -0.938165 -0.146970  0.404309 0.035127 1 0 1.000000
driverswat
0  17.714167 -23.478985 58.488457  0.236677 -0.880656 -0.410401  0.441420 0.011689 1 0 1.000000
0  15.883574 -23.915125 59.447582  -0.313442 -0.938165 -0.146970  0.404309 0.035127 1 0 1.000000
0  15.690880 -21.959082 59.162998  -0.821509 -0.259537 -0.507704  0.408216 0.057588 1 0 1.000000
driverswat
0  17.659111 -21.638216 58.263645  0.191137 -0.180368 -0.964849  0.441420 0.040986 1 0 1.000000
0  17.714167 -23.478985 58.488457  0.236677 -0.880656 -0.410401  0.441420 0.011689 1 0 1.000000
0  15.690880 -21.959082 59.162998  -0.821509 -0.259537 -0.507704  0.408216 0.057588 1 0 1.000000
driverswat
0  17.659111 -21.638216 58.263645  0.191137 -0.180368 -0.964849  0.441420 0.040986 1 0 1.000000
0  15.690880 -21.959082 59.162998  -0.821509 -0.259537 -0.507704  0.408216 0.057588 1 0 1.000000
0  14.424606 -18.139587 58.199757  -0.796695 -0.273106 -0.539157  0.408216 0.121067 1 0 1.000000
driverswat
0  17.370071 -17.943302 57.304195  0.241483 -0.153593 -0.958173  0.441420 0.102512 1 0 1.000000
0  17.659111 -21.638216 58.263645  0.191137 -0.180368 -0.964849  0.441420 0.040986 1 0 1.000000
0  14.424606 -18.139587 58.199757  -0.796695 -0.273106 -0.539157  0.408216 0.121067 1 0 1.000000
driverswat
0  14.424606 -18.139587 58.199757  -0.796695 -0.273106 -0.539157  0.408216 0.121067 1 0 1.000000
0  13.708885 -12.894983 57.544426  -0.837838 -0.086160 -0.539077  0.412122 0.208960 1 0 1.000000
0  17.370071 -17.943302 57.304195  0.241483 -0.153593 -0.958173  0.441420 0.102512 1 0 1.000000
driverswat
0  16.186378 -12.850714 56.650444  0.027647 -0.168038 -0.985393  0.441420 0.207007 1 0 1.000000
0  17.370071 -17.943302 57.304195  0.241483 -0.153593 -0.958173  0.441420 0.102512 1 0 1.000000
0  13.708885 -12.894983 57.544426  -0.837838 -0.086160 -0.539077  0.412122 0.208960 1 0 1.000000
driverswat
0  15.924865 -12.771605 61.848721  -0.097549 0.013959 0.995133  0.352550 0.210913 1 0 1.000000
0  16.007450 -16.182402 61.850628  -0.152963 0.005514 0.988217  0.353526 0.152318 1 0 1.000000
0  18.553761 -16.094147 60.753063  0.810317 0.083387 0.580029  0.317392 0.150365 1 0 1.000000
driverswat
0  15.924865 -12.771605 61.848721  -0.097549 0.013959 0.995133  0.352550 0.210913 1 0 1.000000
0  13.874050 -12.931265 60.399818  -0.877690 -0.046501 0.476968  0.381848 0.207984 1 0 1.000000
0  16.007450 -16.182402 61.850628  -0.152963 0.005514 0.988217  0.353526 0.152318 1 0 1.000000
driverswat
0  13.846523 -11.933528 60.355774  -0.893531 -0.032504 0.447824  0.381848 0.223609 1 0 1.000000
0  13.874050 -12.931265 60.399818  -0.877690 -0.046501 0.476968  0.381848 0.207984 1 0 1.000000
0  15.924865 -12.771605 61.848721  -0.097549 0.013959 0.995133  0.352550 0.210913 1 0 1.000000
driverswat
0  13.708885 -12.894983 57.544426  -0.837838 -0.086160 -0.539077  0.412122 0.208960 1 0 1.000000
0  13.874050 -12.931265 60.399818  -0.877690 -0.046501 0.476968  0.381848 0.207984 1 0 1.000000
0  13.846523 -11.933528 60.355774  -0.893531 -0.032504 0.447824  0.381848 0.223609 1 0 1.000000
driverswat
0  13.846523 -11.736403 57.389038  -0.798926 0.030365 -0.600663  0.415052 0.223609 1 0 1.000000
0  13.708885 -12.894983 57.544426  -0.837838 -0.086160 -0.539077  0.412122 0.208960 1 0 1.000000
0  13.846523 -11.933528 60.355774  -0.893531 -0.032504 0.447824  0.381848 0.223609 1 0 1.000000
driverswat
0  16.186378 -12.850714 56.650444  0.027647 -0.168038 -0.985393  0.441420 0.207007 1 0 1.000000
0  13.708885 -12.894983 57.544426  -0.837838 -0.086160 -0.539077  0.412122 0.208960 1 0 1.000000
0  13.846523 -11.736403 57.389038  -0.798926 0.030365 -0.600663  0.415052 0.223609 1 0 1.000000
driverswat
0  16.021212 -11.687722 56.440178  -0.058889 -0.063651 -0.996233  0.441420 0.224586 1 0 1.000000
0  16.186378 -12.850714 56.650444  0.027647 -0.168038 -0.985393  0.441420 0.207007 1 0 1.000000
0  13.846523 -11.736403 57.389038  -0.798926 0.030365 -0.600663  0.415052 0.223609 1 0 1.000000
driverswat
0  16.021212 -11.687722 56.440178  -0.058889 -0.063651 -0.996233  0.441420 0.224586 1 0 1.000000
0  13.846523 -11.736403 57.389038  -0.798926 0.030365 -0.600663  0.415052 0.223609 1 0 1.000000
0  16.681877 -8.300646 56.621925  -0.034977 0.109215 -0.993403  0.441420 0.281228 1 0 1.000000
driverswat
0  13.846523 -11.736403 57.389038  -0.798926 0.030365 -0.600663  0.415052 0.223609 1 0 1.000000
0  14.176855 -8.273117 57.695503  -0.740398 0.166749 -0.651157  0.413099 0.277322 1 0 1.000000
0  16.681877 -8.300646 56.621925  -0.034977 0.109215 -0.993403  0.441420 0.281228 1 0 1.000000
driverswat
0  16.681877 -8.300646 56.621925  -0.034977 0.109215 -0.993403  0.441420 0.281228 1 0 1.000000
0  14.176855 -8.273117 57.695503  -0.740398 0.166749 -0.651157  0.413099 0.277322 1 0 1.000000
0  17.315014 -4.969794 57.131187  -0.021916 0.105507 -0.994177  0.441420 0.332987 1 0 1.000000
driverswat
0  14.176855 -8.273117 57.695503  -0.740398 0.166749 -0.651157  0.413099 0.277322 1 0 1.000000
0  14.410842 -4.942266 58.590153  -0.783460 0.168302 -0.598218  0.405286 0.325175 1 0 1.000000
0  17.315014 -4.969794 57.131187  -0.021916 0.105507 -0.994177  0.441420 0.332987 1 0 1.000000
driverswat
0  14.410842 -4.942266 58.590153  -0.783460 0.168302 -0.598218  0.405286 0.325175 1 0 1.000000
0  15.663350 -1.184735 58.287350  -0.633049 0.201889 -0.747322  0.410169 0.378887 1 0 1.000000
0  17.315014 -4.969794 57.131187  -0.021916 0.105507 -0.994177  0.441420 0.332987 1 0 1.000000
driverswat
0  14.355785 -0.592891 60.406982  -0.930907 0.328050 -0.160611  0.384777 0.382794 1 0 1.000000
0  15.663350 -1.184735 58.287350  -0.633049 0.201889 -0.747322  0.410169 0.378887 1 0 1.000000
0  14.410842 -4.942266 58.590153  -0.783460 0.168302 -0.598218  0.405286 0.325175 1 0 1.000000
driverswat
0  16.929625 1.416631 58.094654  -0.663050 0.431385 -0.611778  0.413099 0.417951 1 0 1.000000
0  15.663350 -1.184735 58.287350  -0.633049 0.201889 -0.747322  0.410169 0.378887 1 0 1.000000
0  14.355785 -0.592891 60.406982  -0.930907 0.328050 -0.160611  0.384777 0.382794 1 0 1.000000
driverswat
0  16.117558 2.201170 61.480560  -0.748646 0.660461 -0.057623  0.372082 0.424787 1 0 1.000000
0  16.929625 1.416631 58.094654  -0.663050 0.431385 -0.611778  0.413099 0.417951 1 0 1.000000
0  14.355785 -0.592891 60.406982  -0.930907 0.328050 -0.160611  0.384777 0.382794 1 0 1.000000
driverswat
0  16.117558 2.201170 61.480560  -0.748646 0.660461 -0.057623  0.372082 0.424787 1 0 1.000000
0  14.355785 -0.592891 60.406982  -0.930907 0.328050 -0.160611  0.384777 0.382794 1 0 1.000000
0  15.002687 -0.689238 63.806656  -0.811407 0.080957 0.578848  0.354503 0.388653 1 0 1.000000
driverswat
0  15.002687 -0.689238 63.806656  -0.811407 0.080957 0.578848  0.354503 0.388653 1 0 1.000000
0  15.938628 1.292756 64.054398  -0.695082 0.454952 0.556668  0.352550 0.418928 1 0 1.000000
0  16.117558 2.201170 61.480560  -0.748646 0.660461 -0.057623  0.372082 0.424787 1 0 1.000000
driverswat
0  16.420362 -0.083628 64.618721  -0.487033 0.020702 0.873138  0.337901 0.400372 1 0 1.000000
0  15.938628 1.292756 64.054398  -0.695082 0.454952 0.556668  0.352550 0.418928 1 0 1.000000
0  15.002687 -0.689238 63.806656  -0.811407 0.080957 0.578848  0.354503 0.388653 1 0 1.000000
driverswat
0  17.315014 -4.969794 57.131187  -0.021916 0.105507 -0.994177  0.441420 0.332987 1 0 1.000000
0  15.663350 -1.184735 58.287350  -0.633049 0.201889 -0.747322  0.410169 0.378887 1 0 1.000000
0  18.484940 -1.487540 56.910965  -0.772105 0.131296 -0.621784  0.441420 0.382794 1 0 1.000000
driverswat
0  15.663350 -1.184735 58.287350  -0.633049 0.201889 -0.747322  0.410169 0.378887 1 0 1.000000
0  16.929625 1.416631 58.094654  -0.663050 0.431385 -0.611778  0.413099 0.417951 1 0 1.000000
0  18.484940 -1.487540 56.910965  -0.772105 0.131296 -0.621784  0.441420 0.382794 1 0 1.000000
driverswat
0  16.021212 -12.025231 61.839695  -0.053116 -0.111411 0.992354  0.350597 0.224586 1 0 1.000000
0  16.681877 -8.190535 62.691780  0.062520 -0.236457 0.969629  0.344737 0.284158 1 0 1.000000
0  14.548480 -8.218061 61.631966  -0.731390 -0.099792 0.674618  0.369152 0.282205 1 0 1.000000
driverswat
0  14.548480 -8.218061 61.631966  -0.731390 -0.099792 0.674618  0.369152 0.282205 1 0 1.000000
0  16.681877 -8.190535 62.691780  0.062520 -0.236457 0.969629  0.344737 0.284158 1 0 1.000000
0  14.410842 -4.887212 62.292625  -0.796961 -0.083579 0.598220  0.367199 0.330058 1 0 1.000000
driverswat
0  16.681877 -8.190535 62.691780  0.062520 -0.236457 0.969629  0.344737 0.284158 1 0 1.000000
0  17.067265 -4.859684 63.724068  0.014052 -0.383190 0.923563  0.338878 0.332987 1 0 1.000000
0  14.410842 -4.887212 62.292625  -0.796961 -0.083579 0.598220  0.367199 0.330058 1 0 1.000000
driverswat
0  14.410842 -4.887212 62.292625  -0.796961 -0.083579 0.598220  0.367199 0.330058 1 0 1.000000
0  17.067265 -4.859684 63.724068  0.014052 -0.383190 0.923563  0.338878 0.332987 1 0 1.000000
0  14.713647 -2.712524 62.774364  -0.836434 -0.079465 0.542276  0.363292 0.359355 1 0 1.000000
driverswat
0  17.067265 -4.859684 63.724068  0.014052 -0.383190 0.923563  0.338878 0.332987 1 0 1.000000
0  16.957153 -3.001564 64.315918  -0.276499 -0.275533 0.920668  0.338878 0.358379 1 0 1.000000
0  14.713647 -2.712524 62.774364  -0.836434 -0.079465 0.542276  0.363292 0.359355 1 0 1.000000
driverswat
0  14.713647 -2.712524 62.774364  -0.836434 -0.079465 0.542276  0.363292 0.359355 1 0 1.000000
0  16.957153 -3.001564 64.315918  -0.276499 -0.275533 0.920668  0.338878 0.358379 1 0 1.000000
0  15.002687 -0.689238 63.806656  -0.811407 0.080957 0.578848  0.354503 0.388653 1 0 1.000000
driverswat
0  14.713647 -2.712524 62.774364  -0.836434 -0.079465 0.542276  0.363292 0.359355 1 0 1.000000
0  15.002687 -0.689238 63.806656  -0.811407 0.080957 0.578848  0.354503 0.388653 1 0 1.000000
0  14.355785 -0.592891 60.406982  -0.930907 0.328050 -0.160611  0.384777 0.382794 1 0 1.000000
driverswat
0  14.713647 -2.712524 62.774364  -0.836434 -0.079465 0.542276  0.363292 0.359355 1 0 1.000000
0  14.355785 -0.592891 60.406982  -0.930907 0.328050 -0.160611  0.384777 0.382794 1 0 1.000000
0  13.942870 -4.914739 60.434509  -0.997882 0.055283 0.034268  0.385754 0.326151 1 0 1.000000
driverswat
0  13.942870 -4.914739 60.434509  -0.997882 0.055283 0.034268  0.385754 0.326151 1 0 1.000000
0  14.355785 -0.592891 60.406982  -0.930907 0.328050 -0.160611  0.384777 0.382794 1 0 1.000000
0  14.410842 -4.942266 58.590153  -0.783460 0.168302 -0.598218  0.405286 0.325175 1 0 1.000000
driverswat
0  13.942870 -4.914739 60.434509  -0.997882 0.055283 0.034268  0.385754 0.326151 1 0 1.000000
0  14.410842 -4.942266 58.590153  -0.783460 0.168302 -0.598218  0.405286 0.325175 1 0 1.000000
0  13.708885 -8.245590 59.539856  -0.997112 0.058415 0.048532  0.393567 0.278298 1 0 1.000000
driverswat
0  14.410842 -4.942266 58.590153  -0.783460 0.168302 -0.598218  0.405286 0.325175 1 0 1.000000
0  14.176855 -8.273117 57.695503  -0.740398 0.166749 -0.651157  0.413099 0.277322 1 0 1.000000
0  13.708885 -8.245590 59.539856  -0.997112 0.058415 0.048532  0.393567 0.278298 1 0 1.000000
driverswat
0  13.708885 -8.245590 59.539856  -0.997112 0.058415 0.048532  0.393567 0.278298 1 0 1.000000
0  14.176855 -8.273117 57.695503  -0.740398 0.166749 -0.651157  0.413099 0.277322 1 0 1.000000
0  13.846523 -11.736403 57.389038  -0.798926 0.030365 -0.600663  0.415052 0.223609 1 0 1.000000
driverswat
0  13.846523 -11.933528 60.355774  -0.893531 -0.032504 0.447824  0.381848 0.223609 1 0 1.000000
0  13.708885 -8.245590 59.539856  -0.997112 0.058415 0.048532  0.393567 0.278298 1 0 1.000000
0  13.846523 -11.736403 57.389038  -0.798926 0.030365 -0.600663  0.415052 0.223609 1 0 1.000000
driverswat
0  13.846523 -11.933528 60.355774  -0.893531 -0.032504 0.447824  0.381848 0.223609 1 0 1.000000
0  14.548480 -8.218061 61.631966  -0.731390 -0.099792 0.674618  0.369152 0.282205 1 0 1.000000
0  13.708885 -8.245590 59.539856  -0.997112 0.058415 0.048532  0.393567 0.278298 1 0 1.000000
driverswat
0  13.846523 -11.933528 60.355774  -0.893531 -0.032504 0.447824  0.381848 0.223609 1 0 1.000000
0  16.021212 -12.025231 61.839695  -0.053116 -0.111411 0.992354  0.350597 0.224586 1 0 1.000000
0  14.548480 -8.218061 61.631966  -0.731390 -0.099792 0.674618  0.369152 0.282205 1 0 1.000000
driverswat
0  16.021212 -12.025231 61.839695  -0.053116 -0.111411 0.992354  0.350597 0.224586 1 0 1.000000
0  13.846523 -11.933528 60.355774  -0.893531 -0.032504 0.447824  0.381848 0.223609 1 0 1.000000
0  15.924865 -12.771605 61.848721  -0.097549 0.013959 0.995133  0.352550 0.210913 1 0 1.000000
driverswat
0  16.021212 -12.025231 61.839695  -0.053116 -0.111411 0.992354  0.350597 0.224586 1 0 1.000000
0  15.924865 -12.771605 61.848721  -0.097549 0.013959 0.995133  0.352550 0.210913 1 0 1.000000
0  18.636343 -12.990557 60.450287  0.850359 -0.043336 0.524416  0.315439 0.206030 1 0 1.000000
driverswat
0  18.636343 -12.990557 60.450287  0.850359 -0.043336 0.524416  0.315439 0.206030 1 0 1.000000
0  15.924865 -12.771605 61.848721  -0.097549 0.013959 0.995133  0.352550 0.210913 1 0 1.000000
0  18.553761 -16.094147 60.753063  0.810317 0.083387 0.580029  0.317392 0.150365 1 0 1.000000
driverswat
0  14.410842 -4.887212 62.292625  -0.796961 -0.083579 0.598220  0.367199 0.330058 1 0 1.000000
0  14.713647 -2.712524 62.774364  -0.836434 -0.079465 0.542276  0.363292 0.359355 1 0 1.000000
0  13.942870 -4.914739 60.434509  -0.997882 0.055283 0.034268  0.385754 0.326151 1 0 1.000000
driverswat
0  14.548480 -8.218061 61.631966  -0.731390 -0.099792 0.674618  0.369152 0.282205 1 0 1.000000
0  14.410842 -4.887212 62.292625  -0.796961 -0.083579 0.598220  0.367199 0.330058 1 0 1.000000
0  13.942870 -4.914739 60.434509  -0.997882 0.055283 0.034268  0.385754 0.326151 1 0 1.000000
driverswat
0  13.708885 -8.245590 59.539856  -0.997112 0.058415 0.048532  0.393567 0.278298 1 0 1.000000
0  14.548480 -8.218061 61.631966  -0.731390 -0.099792 0.674618  0.369152 0.282205 1 0 1.000000
0  13.942870 -4.914739 60.434509  -0.997882 0.055283 0.034268  0.385754 0.326151 1 0 1.000000
driverswat
0  32.386429 -25.976788 60.358849  -0.254568 0.349192 -0.901809  0.972686 0.335917 1 0 1.000000
0  33.088387 -27.120687 60.846817  -0.305625 -0.887361 -0.345230  0.949248 0.320292 1 0 1.000000
0  32.138680 -26.173414 60.743481  -0.977486 -0.188931 -0.093953  0.974639 0.326151 1 0 1.000000
driverswat
0  33.239788 -26.893932 60.602695  0.127221 -0.292728 -0.947695  0.945341 0.329081 1 0 1.000000
0  33.088387 -27.120687 60.846817  -0.305625 -0.887361 -0.345230  0.949248 0.320292 1 0 1.000000
0  32.386429 -25.976788 60.358849  -0.254568 0.349192 -0.901809  0.972686 0.335917 1 0 1.000000
driverswat
0  33.239788 -26.893932 60.602695  0.127221 -0.292728 -0.947695  0.945341 0.329081 1 0 1.000000
0  34.272076 -26.757357 60.793182  0.200150 -0.324787 -0.924366  0.922880 0.321268 1 0 1.000000
0  33.088387 -27.120687 60.846817  -0.305625 -0.887361 -0.345230  0.949248 0.320292 1 0 1.000000
driverswat
0  32.386429 -25.976788 60.358849  -0.254568 0.349192 -0.901809  0.972686 0.335917 1 0 1.000000
0  32.138680 -26.173414 60.743481  -0.977486 -0.188931 -0.093953  0.974639 0.326151 1 0 1.000000
0  32.400192 -25.798574 60.718391  -0.133408 0.976114 -0.171476  0.981475 0.329081 1 0 1.000000
driverswat
0  32.138680 -26.173414 60.743481  -0.977486 -0.188931 -0.093953  0.974639 0.326151 1 0 1.000000
0  32.317612 -25.870621 61.099224  -0.454259 0.603620 0.655204  0.980499 0.319315 1 0 1.000000
0  32.400192 -25.798574 60.718391  -0.133408 0.976114 -0.171476  0.981475 0.329081 1 0 1.000000
driverswat
0  32.138680 -26.173414 60.743481  -0.977486 -0.188931 -0.093953  0.974639 0.326151 1 0 1.000000
0  33.033329 -27.056643 61.252407  -0.468013 -0.751545 0.464913  0.953154 0.311502 1 0 1.000000
0  32.317612 -25.870621 61.099224  -0.454259 0.603620 0.655204  0.980499 0.319315 1 0 1.000000
driverswat
0  33.088387 -27.120687 60.846817  -0.305625 -0.887361 -0.345230  0.949248 0.320292 1 0 1.000000
0  33.033329 -27.056643 61.252407  -0.468013 -0.751545 0.464913  0.953154 0.311502 1 0 1.000000
0  32.138680 -26.173414 60.743481  -0.977486 -0.188931 -0.093953  0.974639 0.326151 1 0 1.000000
driverswat
0  34.134438 -27.181704 61.090466  0.232110 -0.939366 -0.252419  0.931669 0.312479 1 0 1.000000
0  33.033329 -27.056643 61.252407  -0.468013 -0.751545 0.464913  0.953154 0.311502 1 0 1.000000
0  33.088387 -27.120687 60.846817  -0.305625 -0.887361 -0.345230  0.949248 0.320292 1 0 1.000000
driverswat
0  34.272076 -26.757357 60.793182  0.200150 -0.324787 -0.924366  0.922880 0.321268 1 0 1.000000
0  34.134438 -27.181704 61.090466  0.232110 -0.939366 -0.252419  0.931669 0.312479 1 0 1.000000
0  33.088387 -27.120687 60.846817  -0.305625 -0.887361 -0.345230  0.949248 0.320292 1 0 1.000000
driverswat
0  34.643700 -26.924341 61.152584  0.713646 -0.673275 -0.193417  0.924833 0.310526 1 0 1.000000
0  34.134438 -27.181704 61.090466  0.232110 -0.939366 -0.252419  0.931669 0.312479 1 0 1.000000
0  34.272076 -26.757357 60.793182  0.200150 -0.324787 -0.924366  0.922880 0.321268 1 0 1.000000
driverswat
0  34.272076 -26.757357 60.793182  0.200150 -0.324787 -0.924366  0.922880 0.321268 1 0 1.000000
0  34.808865 -25.572441 60.653717  0.939138 -0.343293 0.012995  0.888699 0.313456 1 0 1.000000
0  34.643700 -26.924341 61.152584  0.713646 -0.673275 -0.193417  0.924833 0.310526 1 0 1.000000
driverswat
0  34.808865 -25.572441 60.653717  0.939138 -0.343293 0.012995  0.888699 0.313456 1 0 1.000000
0  35.152962 -25.602850 61.203609  0.973664 -0.205300 0.099148  0.896512 0.298807 1 0 1.000000
0  34.643700 -26.924341 61.152584  0.713646 -0.673275 -0.193417  0.924833 0.310526 1 0 1.000000
driverswat
0  34.808865 -25.572441 60.653717  0.939138 -0.343293 0.012995  0.888699 0.313456 1 0 1.000000
0  35.152962 -24.666468 60.892269  0.973143 -0.125785 0.192797  0.871120 0.296854 1 0 1.000000
0  35.152962 -25.602850 61.203609  0.973664 -0.205300 0.099148  0.896512 0.298807 1 0 1.000000
driverswat
0  35.152962 -24.666468 60.892269  0.973143 -0.125785 0.192797  0.871120 0.296854 1 0 1.000000
0  34.877686 -24.257990 61.822651  0.841966 0.017637 0.539242  0.876003 0.270486 1 0 1.000000
0  35.152962 -25.602850 61.203609  0.973664 -0.205300 0.099148  0.896512 0.298807 1 0 1.000000
driverswat
0  35.276836 -22.978342 60.848499  0.966891 -0.035339 0.252733  0.834986 0.278298 1 0 1.000000
0  34.877686 -24.257990 61.822651  0.841966 0.017637 0.539242  0.876003 0.270486 1 0 1.000000
0  35.152962 -24.666468 60.892269  0.973143 -0.125785 0.192797  0.871120 0.296854 1 0 1.000000
driverswat
0  34.877686 -24.257990 61.822651  0.841966 0.017637 0.539242  0.876003 0.270486 1 0 1.000000
0  35.276836 -22.978342 60.848499  0.966891 -0.035339 0.252733  0.834986 0.278298 1 0 1.000000
0  34.588646 -22.809855 62.187645  0.538196 0.167306 0.826047  0.851588 0.242164 1 0 1.000000
driverswat
0  34.588646 -22.809855 62.187645  0.538196 0.167306 0.826047  0.851588 0.242164 1 0 1.000000
0  35.276836 -22.978342 60.848499  0.966891 -0.035339 0.252733  0.834986 0.278298 1 0 1.000000
0  35.139198 -21.765160 61.387917  0.815816 -0.050542 0.576099  0.819361 0.249977 1 0 1.000000
driverswat
0  34.684990 -21.724142 61.736420  0.264703 0.239145 0.934207  0.826197 0.231422 1 0 1.000000
0  34.588646 -22.809855 62.187645  0.538196 0.167306 0.826047  0.851588 0.242164 1 0 1.000000
0  35.139198 -21.765160 61.387917  0.815816 -0.050542 0.576099  0.819361 0.249977 1 0 1.000000
driverswat
0  34.891449 -20.200649 61.679417  0.103764 -0.007664 0.994572  0.796899 0.231422 1 0 1.000000
0  34.684990 -21.724142 61.736420  0.264703 0.239145 0.934207  0.826197 0.231422 1 0 1.000000
0  35.139198 -21.765160 61.387917  0.815816 -0.050542 0.576099  0.819361 0.249977 1 0 1.000000
driverswat
0  34.684990 -21.724142 61.736420  0.264703 0.239145 0.934207  0.826197 0.231422 1 0 1.000000
0  34.891449 -20.200649 61.679417  0.103764 -0.007664 0.994572  0.796899 0.231422 1 0 1.000000
0  34.134438 -20.177483 61.391304  -0.762558 0.170909 0.623936  0.799829 0.207007 1 0 1.000000
driverswat
0  34.134438 -20.177483 61.391304  -0.762558 0.170909 0.623936  0.799829 0.207007 1 0 1.000000
0  33.886688 -21.642309 61.577305  -0.533786 0.525673 0.662374  0.830103 0.203101 1 0 1.000000
0  34.684990 -21.724142 61.736420  0.264703 0.239145 0.934207  0.826197 0.231422 1 0 1.000000
driverswat
0  27.734247 2.889363 72.340240  0.459208 0.888154 0.017601  0.283212 0.604480 1 0 1.000000
0  25.986238 3.109585 70.963852  -0.000018 0.996745 0.080620  0.335948 0.598621 1 0 1.000000
0  25.986238 3.357335 72.271416  -0.000041 0.999807 -0.019638  0.319346 0.627918 1 0 1.000000
driverswat
0  27.734247 2.889363 72.340240  0.459208 0.888154 0.017601  0.283212 0.604480 1 0 1.000000
0  25.986238 3.357335 72.271416  -0.000041 0.999807 -0.019638  0.319346 0.627918 1 0 1.000000
0  27.582846 2.806781 73.964371  0.416275 0.875887 0.244002  0.264657 0.635731 1 0 1.000000
driverswat
0  27.582846 2.806781 73.964371  0.416275 0.875887 0.244002  0.264657 0.635731 1 0 1.000000
0  25.986238 3.357335 72.271416  -0.000041 0.999807 -0.019638  0.319346 0.627918 1 0 1.000000
0  25.986238 2.655378 75.106773  0.000000 0.872785 0.488105  0.268563 0.680654 1 0 1.000000
driverswat
0  27.582846 2.806781 73.964371  0.416275 0.875887 0.244002  0.264657 0.635731 1 0 1.000000
0  25.986238 2.655378 75.106773  0.000000 0.872785 0.488105  0.268563 0.680654 1 0 1.000000
0  27.224985 2.228699 75.423340  0.348260 0.713065 0.608484  0.243171 0.663076 1 0 1.000000
driverswat
0  25.986238 2.655378 75.106773  0.000000 0.872785 0.488105  0.268563 0.680654 1 0 1.000000
0  25.986238 1.265229 76.469391  -0.000000 0.576029 0.817429  0.223640 0.704093 1 0 1.000000
0  27.224985 2.228699 75.423340  0.348260 0.713065 0.608484  0.243171 0.663076 1 0 1.000000
driverswat
0  27.224985 2.228699 75.423340  0.348260 0.713065 0.608484  0.243171 0.663076 1 0 1.000000
0  25.986238 1.265229 76.469391  -0.000000 0.576029 0.817429  0.223640 0.704093 1 0 1.000000
0  27.059818 0.769731 76.551971  0.359248 0.446193 0.819667  0.206061 0.681631 1 0 1.000000
driverswat
0  25.986238 1.265229 76.469391  -0.000000 0.576029 0.817429  0.223640 0.704093 1 0 1.000000
0  25.986238 0.301760 76.978653  -0.000043 0.375081 0.926992  0.196295 0.710929 1 0 1.000000
0  27.059818 0.769731 76.551971  0.359248 0.446193 0.819667  0.206061 0.681631 1 0 1.000000
driverswat
0  27.059818 0.769731 76.551971  0.359248 0.446193 0.819667  0.206061 0.681631 1 0 1.000000
0  25.986238 0.301760 76.978653  -0.000043 0.375081 0.926992  0.196295 0.710929 1 0 1.000000
0  26.701960 -0.358905 77.088768  0.255237 0.214071 0.942883  0.177740 0.694327 1 0 1.000000
driverswat
0  26.701960 -0.358905 77.088768  0.255237 0.214071 0.942883  0.177740 0.694327 1 0 1.000000
0  25.986238 0.301760 76.978653  -0.000043 0.375081 0.926992  0.196295 0.710929 1 0 1.000000
0  25.986238 -0.758056 77.267700  -0.000019 0.119528 0.992831  0.166997 0.712882 1 0 1.000000
driverswat
0  25.270519 -0.358905 77.088768  -0.255287 0.214051 0.942874  0.177740 0.694327 1 0 1.000000
0  25.986238 -0.758056 77.267700  -0.000019 0.119528 0.992831  0.166997 0.712882 1 0 1.000000
0  25.986238 0.301760 76.978653  -0.000043 0.375081 0.926992  0.196295 0.710929 1 0 1.000000
driverswat
0  25.174171 -1.996802 77.143822  -0.287365 -0.105359 0.952009  0.139653 0.687490 1 0 1.000000
0  25.986238 -0.758056 77.267700  -0.000019 0.119528 0.992831  0.166997 0.712882 1 0 1.000000
0  25.270519 -0.358905 77.088768  -0.255287 0.214051 0.942874  0.177740 0.694327 1 0 1.000000
driverswat
0  25.174171 -1.996802 77.143822  -0.287365 -0.105359 0.952009  0.139653 0.687490 1 0 1.000000
0  25.270519 -0.358905 77.088768  -0.255287 0.214051 0.942874  0.177740 0.694327 1 0 1.000000
0  24.265759 -0.826876 76.785957  -0.504741 0.121490 0.854679  0.168950 0.669912 1 0 1.000000
driverswat
0  23.756496 -2.175733 76.400574  -0.623295 -0.108859 0.774373  0.142582 0.651357 1 0 1.000000
0  25.174171 -1.996802 77.143822  -0.287365 -0.105359 0.952009  0.139653 0.687490 1 0 1.000000
0  24.265759 -0.826876 76.785957  -0.504741 0.121490 0.854679  0.168950 0.669912 1 0 1.000000
driverswat
0  23.756496 -2.175733 76.400574  -0.623295 -0.108859 0.774373  0.142582 0.651357 1 0 1.000000
0  24.265759 -0.826876 76.785957  -0.504741 0.121490 0.854679  0.168950 0.669912 1 0 1.000000
0  23.178413 0.081539 75.671089  -0.719856 0.267452 0.640528  0.192389 0.641591 1 0 1.000000
driverswat
0  22.641623 -1.996802 75.134300  -0.860769 -0.084409 0.501948  0.152348 0.617176 1 0 1.000000
0  23.756496 -2.175733 76.400574  -0.623295 -0.108859 0.774373  0.142582 0.651357 1 0 1.000000
0  23.178413 0.081539 75.671089  -0.719856 0.267452 0.640528  0.192389 0.641591 1 0 1.000000
driverswat
0  22.641623 -1.996802 75.134300  -0.860769 -0.084409 0.501948  0.152348 0.617176 1 0 1.000000
0  23.178413 0.081539 75.671089  -0.719856 0.267452 0.640528  0.192389 0.641591 1 0 1.000000
0  22.407639 -0.193739 74.391052  -0.915524 0.212516 0.341543  0.192389 0.608387 1 0 1.000000
driverswat
0  22.407639 -0.193739 74.391052  -0.915524 0.212516 0.341543  0.192389 0.608387 1 0 1.000000
0  23.178413 0.081539 75.671089  -0.719856 0.267452 0.640528  0.192389 0.641591 1 0 1.000000
0  23.109594 1.430396 74.611275  -0.752561 0.539182 0.378067  0.225593 0.628895 1 0 1.000000
driverswat
0  22.407639 -0.193739 74.391052  -0.915524 0.212516 0.341543  0.192389 0.608387 1 0 1.000000
0  23.109594 1.430396 74.611275  -0.752561 0.539182 0.378067  0.225593 0.628895 1 0 1.000000
0  22.848082 1.568035 72.546700  -0.801925 0.588539 0.102656  0.243171 0.585925 1 0 1.000000
driverswat
0  22.848082 1.568035 72.546700  -0.801925 0.588539 0.102656  0.243171 0.585925 1 0 1.000000
0  23.109594 1.430396 74.611275  -0.752561 0.539182 0.378067  0.225593 0.628895 1 0 1.000000
0  24.389631 2.806781 73.964371  -0.416310 0.875877 0.243977  0.264657 0.635731 1 0 1.000000
driverswat
0  24.238230 2.889363 72.340240  -0.459462 0.888020 0.017749  0.283212 0.604480 1 0 1.000000
0  22.848082 1.568035 72.546700  -0.801925 0.588539 0.102656  0.243171 0.585925 1 0 1.000000
0  24.389631 2.806781 73.964371  -0.416310 0.875877 0.243977  0.264657 0.635731 1 0 1.000000
driverswat
0  24.238230 2.889363 72.340240  -0.459462 0.888020 0.017749  0.283212 0.604480 1 0 1.000000
0  24.389631 2.806781 73.964371  -0.416310 0.875877 0.243977  0.264657 0.635731 1 0 1.000000
0  25.986238 3.357335 72.271416  -0.000041 0.999807 -0.019638  0.319346 0.627918 1 0 1.000000
driverswat
0  24.389631 2.806781 73.964371  -0.416310 0.875877 0.243977  0.264657 0.635731 1 0 1.000000
0  25.986238 2.655378 75.106773  0.000000 0.872785 0.488105  0.268563 0.680654 1 0 1.000000
0  25.986238 3.357335 72.271416  -0.000041 0.999807 -0.019638  0.319346 0.627918 1 0 1.000000
driverswat
0  24.389631 2.806781 73.964371  -0.416310 0.875877 0.243977  0.264657 0.635731 1 0 1.000000
0  24.747492 2.228699 75.423340  -0.348321 0.713111 0.608396  0.243171 0.663076 1 0 1.000000
0  25.986238 2.655378 75.106773  0.000000 0.872785 0.488105  0.268563 0.680654 1 0 1.000000
driverswat
0  25.986238 2.655378 75.106773  0.000000 0.872785 0.488105  0.268563 0.680654 1 0 1.000000
0  24.747492 2.228699 75.423340  -0.348321 0.713111 0.608396  0.243171 0.663076 1 0 1.000000
0  25.986238 1.265229 76.469391  -0.000000 0.576029 0.817429  0.223640 0.704093 1 0 1.000000
driverswat
0  24.747492 2.228699 75.423340  -0.348321 0.713111 0.608396  0.243171 0.663076 1 0 1.000000
0  24.912659 0.769731 76.551971  -0.359098 0.446464 0.819585  0.206061 0.681631 1 0 1.000000
0  25.986238 1.265229 76.469391  -0.000000 0.576029 0.817429  0.223640 0.704093 1 0 1.000000
driverswat
0  25.986238 1.265229 76.469391  -0.000000 0.576029 0.817429  0.223640 0.704093 1 0 1.000000
0  24.912659 0.769731 76.551971  -0.359098 0.446464 0.819585  0.206061 0.681631 1 0 1.000000
0  25.986238 0.301760 76.978653  -0.000043 0.375081 0.926992  0.196295 0.710929 1 0 1.000000
driverswat
0  24.912659 0.769731 76.551971  -0.359098 0.446464 0.819585  0.206061 0.681631 1 0 1.000000
0  25.270519 -0.358905 77.088768  -0.255287 0.214051 0.942874  0.177740 0.694327 1 0 1.000000
0  25.986238 0.301760 76.978653  -0.000043 0.375081 0.926992  0.196295 0.710929 1 0 1.000000
driverswat
0  24.265759 -0.826876 76.785957  -0.504741 0.121490 0.854679  0.168950 0.669912 1 0 1.000000
0  25.270519 -0.358905 77.088768  -0.255287 0.214051 0.942874  0.177740 0.694327 1 0 1.000000
0  24.912659 0.769731 76.551971  -0.359098 0.446464 0.819585  0.206061 0.681631 1 0 1.000000
driverswat
0  23.178413 0.081539 75.671089  -0.719856 0.267452 0.640528  0.192389 0.641591 1 0 1.000000
0  24.265759 -0.826876 76.785957  -0.504741 0.121490 0.854679  0.168950 0.669912 1 0 1.000000
0  24.912659 0.769731 76.551971  -0.359098 0.446464 0.819585  0.206061 0.681631 1 0 1.000000
driverswat
0  23.178413 0.081539 75.671089  -0.719856 0.267452 0.640528  0.192389 0.641591 1 0 1.000000
0  24.912659 0.769731 76.551971  -0.359098 0.446464 0.819585  0.206061 0.681631 1 0 1.000000
0  24.747492 2.228699 75.423340  -0.348321 0.713111 0.608396  0.243171 0.663076 1 0 1.000000
driverswat
0  23.109594 1.430396 74.611275  -0.752561 0.539182 0.378067  0.225593 0.628895 1 0 1.000000
0  23.178413 0.081539 75.671089  -0.719856 0.267452 0.640528  0.192389 0.641591 1 0 1.000000
0  24.747492 2.228699 75.423340  -0.348321 0.713111 0.608396  0.243171 0.663076 1 0 1.000000
driverswat
0  23.109594 1.430396 74.611275  -0.752561 0.539182 0.378067  0.225593 0.628895 1 0 1.000000
0  24.747492 2.228699 75.423340  -0.348321 0.713111 0.608396  0.243171 0.663076 1 0 1.000000
0  24.389631 2.806781 73.964371  -0.416310 0.875877 0.243977  0.264657 0.635731 1 0 1.000000
driverswat
0  21.788265 -1.625178 70.537170  -0.992536 -0.078714 -0.093149  0.183599 0.513657 1 0 1.000000
0  21.664391 -1.019569 71.294182  -0.996481 0.082484 -0.014872  0.192389 0.536119 1 0 1.000000
0  22.118597 0.714675 70.151787  -0.900737 0.427301 0.078017  0.243171 0.524400 1 0 1.000000
driverswat
0  21.664391 -1.019569 71.294182  -0.996481 0.082484 -0.014872  0.192389 0.536119 1 0 1.000000
0  22.407639 1.086299 70.771164  -0.837294 0.544001 0.054792  0.247078 0.542955 1 0 1.000000
0  22.118597 0.714675 70.151787  -0.900737 0.427301 0.078017  0.243171 0.524400 1 0 1.000000
driverswat
0  22.118597 0.714675 70.151787  -0.900737 0.427301 0.078017  0.243171 0.524400 1 0 1.000000
0  22.407639 1.086299 70.771164  -0.837294 0.544001 0.054792  0.247078 0.542955 1 0 1.000000
0  23.839077 2.737962 70.399536  -0.498483 0.836504 0.227543  0.298837 0.558580 1 0 1.000000
driverswat
0  22.407639 1.086299 70.771164  -0.837294 0.544001 0.054792  0.247078 0.542955 1 0 1.000000
0  23.839077 2.641614 70.743629  -0.525151 0.842483 0.120162  0.293954 0.565416 1 0 1.000000
0  23.839077 2.737962 70.399536  -0.498483 0.836504 0.227543  0.298837 0.558580 1 0 1.000000
driverswat
0  23.839077 2.737962 70.399536  -0.498483 0.836504 0.227543  0.298837 0.558580 1 0 1.000000
0  23.839077 2.641614 70.743629  -0.525151 0.842483 0.120162  0.293954 0.565416 1 0 1.000000
0  25.986238 3.205933 70.647285  -0.000050 0.944945 0.327229  0.340831 0.592761 1 0 1.000000
driverswat
0  23.839077 2.641614 70.743629  -0.525151 0.842483 0.120162  0.293954 0.565416 1 0 1.000000
0  25.986238 3.109585 70.963852  -0.000018 0.996745 0.080620  0.335948 0.598621 1 0 1.000000
0  25.986238 3.205933 70.647285  -0.000050 0.944945 0.327229  0.340831 0.592761 1 0 1.000000
driverswat
0  28.133400 2.641614 70.743629  0.525119 0.842487 0.120272  0.293954 0.565416 1 0 1.000000
0  25.986238 3.205933 70.647285  -0.000050 0.944945 0.327229  0.340831 0.592761 1 0 1.000000
0  25.986238 3.109585 70.963852  -0.000018 0.996745 0.080620  0.335948 0.598621 1 0 1.000000
driverswat
0  28.133400 2.641614 70.743629  0.525119 0.842487 0.120272  0.293954 0.565416 1 0 1.000000
0  25.986238 3.109585 70.963852  -0.000018 0.996745 0.080620  0.335948 0.598621 1 0 1.000000
0  27.734247 2.889363 72.340240  0.459208 0.888154 0.017601  0.283212 0.604480 1 0 1.000000
driverswat
0  29.124395 1.568035 72.546700  0.801925 0.588539 0.102656  0.243171 0.585925 1 0 1.000000
0  28.133400 2.641614 70.743629  0.525119 0.842487 0.120272  0.293954 0.565416 1 0 1.000000
0  27.734247 2.889363 72.340240  0.459208 0.888154 0.017601  0.283212 0.604480 1 0 1.000000
driverswat
0  27.734247 2.889363 72.340240  0.459208 0.888154 0.017601  0.283212 0.604480 1 0 1.000000
0  27.582846 2.806781 73.964371  0.416275 0.875887 0.244002  0.264657 0.635731 1 0 1.000000
0  29.124395 1.568035 72.546700  0.801925 0.588539 0.102656  0.243171 0.585925 1 0 1.000000
driverswat
0  29.124395 1.568035 72.546700  0.801925 0.588539 0.102656  0.243171 0.585925 1 0 1.000000
0  27.582846 2.806781 73.964371  0.416275 0.875887 0.244002  0.264657 0.635731 1 0 1.000000
0  28.862883 1.430396 74.611275  0.752879 0.538730 0.378079  0.225593 0.628895 1 0 1.000000
driverswat
0  28.862883 1.430396 74.611275  0.752879 0.538730 0.378079  0.225593 0.628895 1 0 1.000000
0  27.582846 2.806781 73.964371  0.416275 0.875887 0.244002  0.264657 0.635731 1 0 1.000000
0  27.224985 2.228699 75.423340  0.348260 0.713065 0.608484  0.243171 0.663076 1 0 1.000000
driverswat
0  28.862883 1.430396 74.611275  0.752879 0.538730 0.378079  0.225593 0.628895 1 0 1.000000
0  27.224985 2.228699 75.423340  0.348260 0.713065 0.608484  0.243171 0.663076 1 0 1.000000
0  28.794064 0.081539 75.671089  0.719637 0.267341 0.640821  0.192389 0.641591 1 0 1.000000
driverswat
0  28.794064 0.081539 75.671089  0.719637 0.267341 0.640821  0.192389 0.641591 1 0 1.000000
0  27.224985 2.228699 75.423340  0.348260 0.713065 0.608484  0.243171 0.663076 1 0 1.000000
0  27.059818 0.769731 76.551971  0.359248 0.446193 0.819667  0.206061 0.681631 1 0 1.000000
driverswat
0  28.794064 0.081539 75.671089  0.719637 0.267341 0.640821  0.192389 0.641591 1 0 1.000000
0  27.059818 0.769731 76.551971  0.359248 0.446193 0.819667  0.206061 0.681631 1 0 1.000000
0  27.706720 -0.826875 76.785957  0.504686 0.121494 0.854711  0.168950 0.669912 1 0 1.000000
driverswat
0  27.706720 -0.826875 76.785957  0.504686 0.121494 0.854711  0.168950 0.669912 1 0 1.000000
0  27.059818 0.769731 76.551971  0.359248 0.446193 0.819667  0.206061 0.681631 1 0 1.000000
0  26.701960 -0.358905 77.088768  0.255237 0.214071 0.942883  0.177740 0.694327 1 0 1.000000
driverswat
0  26.798306 -1.996802 77.143822  0.287445 -0.105325 0.951988  0.139653 0.687490 1 0 1.000000
0  27.706720 -0.826875 76.785957  0.504686 0.121494 0.854711  0.168950 0.669912 1 0 1.000000
0  26.701960 -0.358905 77.088768  0.255237 0.214071 0.942883  0.177740 0.694327 1 0 1.000000
driverswat
0  26.798306 -1.996802 77.143822  0.287445 -0.105325 0.951988  0.139653 0.687490 1 0 1.000000
0  26.701960 -0.358905 77.088768  0.255237 0.214071 0.942883  0.177740 0.694327 1 0 1.000000
0  25.986238 -0.758056 77.267700  -0.000019 0.119528 0.992831  0.166997 0.712882 1 0 1.000000
driverswat
0  18.760220 -25.658613 59.321198  -0.136161 0.963543 0.230315  0.869167 0.031220 1 0 1.000000
0  18.760220 -26.080469 58.900646  -0.025732 -0.144075 -0.989232  0.860378 0.023408 1 0 1.000000
0  18.278484 -25.553749 59.219162  0.377758 0.904567 -0.197627  0.863308 0.049776 1 0 1.000000
driverswat
0  18.760220 -26.080469 58.900646  -0.025732 -0.144075 -0.989232  0.860378 0.023408 1 0 1.000000
0  18.760220 -25.658613 59.321198  -0.136161 0.963543 0.230315  0.869167 0.031220 1 0 1.000000
0  19.462175 -25.572844 58.941463  0.203674 0.419941 -0.884402  0.862331 0.012665 1 0 1.000000
driverswat
0  19.462175 -25.572844 58.941463  0.203674 0.419941 -0.884402  0.862331 0.012665 1 0 1.000000
0  18.760220 -25.658613 59.321198  -0.136161 0.963543 0.230315  0.869167 0.031220 1 0 1.000000
0  19.517231 -25.441786 59.200550  0.255377 0.959956 -0.115183  0.872097 0.007782 1 0 1.000000
driverswat
0  18.760220 -25.658613 59.321198  -0.136161 0.963543 0.230315  0.869167 0.031220 1 0 1.000000
0  19.654869 -25.559887 59.467224  0.621140 0.398522 0.674807  0.877957 0.013642 1 0 1.000000
0  19.517231 -25.441786 59.200550  0.255377 0.959956 -0.115183  0.872097 0.007782 1 0 1.000000
driverswat
0  19.049259 -26.082952 59.618473  0.298045 -0.153106 0.942193  0.880886 0.024384 1 0 1.000000
0  19.654869 -25.559887 59.467224  0.621140 0.398522 0.674807  0.877957 0.013642 1 0 1.000000
0  18.760220 -25.658613 59.321198  -0.136161 0.963543 0.230315  0.869167 0.031220 1 0 1.000000
driverswat
0  18.760220 -25.658613 59.321198  -0.136161 0.963543 0.230315  0.869167 0.031220 1 0 1.000000
0  18.278484 -25.553749 59.219162  0.377758 0.904567 -0.197627  0.863308 0.049776 1 0 1.000000
0  19.049259 -26.082952 59.618473  0.298045 -0.153106 0.942193  0.880886 0.024384 1 0 1.000000
driverswat
0  19.049259 -26.082952 59.618473  0.298045 -0.153106 0.942193  0.880886 0.024384 1 0 1.000000
0  18.278484 -25.553749 59.219162  0.377758 0.904567 -0.197627  0.863308 0.049776 1 0 1.000000
0  18.223427 -26.027596 59.788628  0.186387 0.041784 0.981587  0.874050 0.046846 1 0 1.000000
driverswat
0  18.278484 -25.553749 59.219162  0.377758 0.904567 -0.197627  0.863308 0.049776 1 0 1.000000
0  18.085791 -25.642824 59.640057  0.945371 0.309806 0.101458  0.873074 0.061495 1 0 1.000000
0  18.223427 -26.027596 59.788628  0.186387 0.041784 0.981587  0.874050 0.046846 1 0 1.000000
driverswat
0  17.287487 -25.485912 59.749336  -0.846400 -0.526839 -0.077767  0.873074 0.069308 1 0 1.000000
0  18.223427 -26.027596 59.788628  0.186387 0.041784 0.981587  0.874050 0.046846 1 0 1.000000
0  18.085791 -25.642824 59.640057  0.945371 0.309806 0.101458  0.873074 0.061495 1 0 1.000000
driverswat
0  18.085791 -25.642824 59.640057  0.945371 0.309806 0.101458  0.873074 0.061495 1 0 1.000000
0  18.016972 -26.463932 59.891628  -0.154884 -0.288015 -0.945018  0.886746 0.042940 1 0 1.000000
0  17.287487 -25.485912 59.749336  -0.846400 -0.526839 -0.077767  0.873074 0.069308 1 0 1.000000
driverswat
0  18.319777 -25.993195 60.219452  0.612067 0.788214 0.063981  0.894559 0.053682 1 0 1.000000
0  18.016972 -26.463932 59.891628  -0.154884 -0.288015 -0.945018  0.886746 0.042940 1 0 1.000000
0  18.085791 -25.642824 59.640057  0.945371 0.309806 0.101458  0.873074 0.061495 1 0 1.000000
driverswat
0  18.952913 -26.600508 59.701134  -0.098428 -0.190300 -0.976779  0.903348 0.021455 1 0 1.000000
0  18.016972 -26.463932 59.891628  -0.154884 -0.288015 -0.945018  0.886746 0.042940 1 0 1.000000
0  18.319777 -25.993195 60.219452  0.612067 0.788214 0.063981  0.894559 0.053682 1 0 1.000000
driverswat
0  18.939148 -26.056278 60.145336  -0.213072 0.965589 0.149127  0.909207 0.035127 1 0 1.000000
0  18.952913 -26.600508 59.701134  -0.098428 -0.190300 -0.976779  0.903348 0.021455 1 0 1.000000
0  18.319777 -25.993195 60.219452  0.612067 0.788214 0.063981  0.894559 0.053682 1 0 1.000000
driverswat
0  18.952913 -26.600508 59.701134  -0.098428 -0.190300 -0.976779  0.903348 0.021455 1 0 1.000000
0  18.939148 -26.056278 60.145336  -0.213072 0.965589 0.149127  0.909207 0.035127 1 0 1.000000
0  19.599813 -25.984711 59.598759  0.169461 0.338006 -0.925762  0.914090 0.011689 1 0 1.000000
driverswat
0  19.599813 -25.984711 59.598759  0.169461 0.338006 -0.925762  0.914090 0.011689 1 0 1.000000
0  18.939148 -26.056278 60.145336  -0.213072 0.965589 0.149127  0.909207 0.035127 1 0 1.000000
0  19.627342 -25.797670 59.848537  0.183225 0.953007 -0.241258  0.925810 0.011689 1 0 1.000000
driverswat
0  18.939148 -26.056278 60.145336  -0.213072 0.965589 0.149127  0.909207 0.035127 1 0 1.000000
0  19.820034 -25.926805 60.252403  0.605299 0.487497 0.629253  0.928739 0.023408 1 0 1.000000
0  19.627342 -25.797670 59.848537  0.183225 0.953007 -0.241258  0.925810 0.011689 1 0 1.000000
driverswat
0  19.269482 -26.562939 60.435997  0.324821 -0.141304 0.935160  0.920927 0.037080 1 0 1.000000
0  19.820034 -25.926805 60.252403  0.605299 0.487497 0.629253  0.928739 0.023408 1 0 1.000000
0  18.939148 -26.056278 60.145336  -0.213072 0.965589 0.149127  0.909207 0.035127 1 0 1.000000
driverswat
0  18.939148 -26.056278 60.145336  -0.213072 0.965589 0.149127  0.909207 0.035127 1 0 1.000000
0  18.319777 -25.993195 60.219452  0.612067 0.788214 0.063981  0.894559 0.053682 1 0 1.000000
0  19.269482 -26.562939 60.435997  0.324821 -0.141304 0.935160  0.920927 0.037080 1 0 1.000000
driverswat
0  30.184212 -1.625177 70.537170  -0.553372 -0.269118 -0.788261  0.326182 0.672842 1 0 1.000000
0  29.950228 -2.863925 71.252892  -0.558208 -0.610100 -0.562301  0.343760 0.679678 1 0 1.000000
0  25.986238 -1.170972 73.345001  0.000250 -0.324747 -0.945801  0.321299 0.739250 1 0 1.000000
driverswat
0  29.950228 -2.863925 71.252892  -0.558208 -0.610100 -0.562301  0.343760 0.679678 1 0 1.000000
0  30.087864 -3.235549 72.257652  -0.482405 -0.648917 -0.588381  0.356456 0.686514 1 0 1.000000
0  25.986238 -1.170972 73.345001  0.000250 -0.324747 -0.945801  0.321299 0.739250 1 0 1.000000
driverswat
0  30.087864 -3.235549 72.257652  -0.482405 -0.648917 -0.588381  0.356456 0.686514 1 0 1.000000
0  29.963991 -3.689756 72.519173  -0.344829 -0.248432 -0.905193  0.362316 0.690420 1 0 1.000000
0  25.986238 -1.170972 73.345001  0.000250 -0.324747 -0.945801  0.321299 0.739250 1 0 1.000000
driverswat
0  29.963991 -3.689756 72.519173  -0.344829 -0.248432 -0.905193  0.362316 0.690420 1 0 1.000000
0  29.385910 -4.694516 72.835739  -0.236333 -0.088490 -0.967634  0.375011 0.701163 1 0 1.000000
0  25.986238 -1.170972 73.345001  0.000250 -0.324747 -0.945801  0.321299 0.739250 1 0 1.000000
driverswat
0  29.385910 -4.694516 72.835739  -0.236333 -0.088490 -0.967634  0.375011 0.701163 1 0 1.000000
0  28.050816 -6.181011 73.179832  -0.111602 -0.015445 -0.993633  0.392590 0.722648 1 0 1.000000
0  25.986238 -1.170972 73.345001  0.000250 -0.324747 -0.945801  0.321299 0.739250 1 0 1.000000
driverswat
0  28.050816 -6.181011 73.179832  -0.111602 -0.015445 -0.993633  0.392590 0.722648 1 0 1.000000
0  26.000004 -6.855440 73.276176  -0.000058 0.012107 -0.999927  0.396496 0.750969 1 0 1.000000
0  25.986238 -1.170972 73.345001  0.000250 -0.324747 -0.945801  0.321299 0.739250 1 0 1.000000
driverswat
0  23.949188 -6.181013 73.179832  0.111624 -0.015434 -0.993631  0.392590 0.722648 1 0 1.000000
0  25.986238 -1.170972 73.345001  0.000250 -0.324747 -0.945801  0.321299 0.739250 1 0 1.000000
0  26.000004 -6.855440 73.276176  -0.000058 0.012107 -0.999927  0.396496 0.750969 1 0 1.000000
driverswat
0  22.614096 -4.694516 72.835739  0.235997 -0.088469 -0.967718  0.375011 0.701163 1 0 1.000000
0  25.986238 -1.170972 73.345001  0.000250 -0.324747 -0.945801  0.321299 0.739250 1 0 1.000000
0  23.949188 -6.181013 73.179832  0.111624 -0.015434 -0.993631  0.392590 0.722648 1 0 1.000000
driverswat
0  22.036015 -3.689756 72.519173  0.344463 -0.249156 -0.905134  0.362316 0.690420 1 0 1.000000
0  25.986238 -1.170972 73.345001  0.000250 -0.324747 -0.945801  0.321299 0.739250 1 0 1.000000
0  22.614096 -4.694516 72.835739  0.235997 -0.088469 -0.967718  0.375011 0.701163 1 0 1.000000
driverswat
0  21.884613 -3.235549 72.257652  0.482389 -0.648927 -0.588383  0.356456 0.686514 1 0 1.000000
0  25.986238 -1.170972 73.345001  0.000250 -0.324747 -0.945801  0.321299 0.739250 1 0 1.000000
0  22.036015 -3.689756 72.519173  0.344463 -0.249156 -0.905134  0.362316 0.690420 1 0 1.000000
driverswat
0  22.022251 -2.863925 71.252892  0.558091 -0.610273 -0.562228  0.343760 0.679678 1 0 1.000000
0  25.986238 -1.170972 73.345001  0.000250 -0.324747 -0.945801  0.321299 0.739250 1 0 1.000000
0  21.884613 -3.235549 72.257652  0.482389 -0.648927 -0.588383  0.356456 0.686514 1 0 1.000000
driverswat
0  21.788265 -1.625178 70.537170  0.553515 -0.269179 -0.788139  0.326182 0.672842 1 0 1.000000
0  25.986238 -1.170972 73.345001  0.000250 -0.324747 -0.945801  0.321299 0.739250 1 0 1.000000
0  22.022251 -2.863925 71.252892  0.558091 -0.610273 -0.562228  0.343760 0.679678 1 0 1.000000
driverswat
0  22.118597 0.714675 70.151787  0.529373 -0.273020 -0.803258  0.293954 0.673818 1 0 1.000000
0  25.986238 -1.170972 73.345001  0.000250 -0.324747 -0.945801  0.321299 0.739250 1 0 1.000000
0  21.788265 -1.625178 70.537170  0.553515 -0.269179 -0.788139  0.326182 0.672842 1 0 1.000000
driverswat
0  23.839077 2.737962 70.399536  0.364455 -0.422984 -0.829612  0.265633 0.696280 1 0 1.000000
0  25.986238 -1.170972 73.345001  0.000250 -0.324747 -0.945801  0.321299 0.739250 1 0 1.000000
0  22.118597 0.714675 70.151787  0.529373 -0.273020 -0.803258  0.293954 0.673818 1 0 1.000000
driverswat
0  25.986238 3.205933 70.647285  0.000000 -0.522945 -0.852367  0.255867 0.723624 1 0 1.000000
0  25.986238 -1.170972 73.345001  0.000250 -0.324747 -0.945801  0.321299 0.739250 1 0 1.000000
0  23.839077 2.737962 70.399536  0.364455 -0.422984 -0.829612  0.265633 0.696280 1 0 1.000000
driverswat
0  25.986238 3.205933 70.647285  0.000000 -0.522945 -0.852367  0.255867 0.723624 1 0 1.000000
0  28.133400 2.737962 70.399536  -0.364448 -0.422980 -0.829618  0.265633 0.696280 1 0 1.000000
0  25.986238 -1.170972 73.345001  0.000250 -0.324747 -0.945801  0.321299 0.739250 1 0 1.000000
driverswat
0  28.133400 2.737962 70.399536  -0.364448 -0.422980 -0.829618  0.265633 0.696280 1 0 1.000000
0  29.853878 0.714676 70.151787  -0.529482 -0.272940 -0.803214  0.293954 0.673818 1 0 1.000000
0  25.986238 -1.170972 73.345001  0.000250 -0.324747 -0.945801  0.321299 0.739250 1 0 1.000000
driverswat
0  29.853878 0.714676 70.151787  -0.529482 -0.272940 -0.803214  0.293954 0.673818 1 0 1.000000
0  30.184212 -1.625177 70.537170  -0.553372 -0.269118 -0.788261  0.326182 0.672842 1 0 1.000000
0  25.986238 -1.170972 73.345001  0.000250 -0.324747 -0.945801  0.321299 0.739250 1 0 1.000000
driverswat
0  33.666466 -9.387989 44.110584  -0.398334 -0.744267 -0.536094  0.527360 0.004852 1 0 1.000000
0  32.964508 -7.750091 49.464722  -0.641781 -0.394611 0.657570  0.530290 0.091769 1 0 1.000000
0  33.721519 -5.190015 42.968185  -0.403737 0.339725 -0.849461  0.596698 0.003876 1 0 1.000000
driverswat
0  33.721519 -5.190015 42.968185  -0.403737 0.339725 -0.849461  0.596698 0.003876 1 0 1.000000
0  32.964508 -7.750091 49.464722  -0.641781 -0.394611 0.657570  0.530290 0.091769 1 0 1.000000
0  33.212257 -3.565881 48.322323  -0.597125 0.718257 0.357140  0.600604 0.090793 1 0 1.000000
driverswat
0  32.537830 -25.572844 58.941463  -0.203744 0.419964 -0.884375  0.891629 0.396466 1 0 1.000000
0  32.262554 -25.768848 59.146633  -0.927726 -0.264625 -0.263245  0.895535 0.389630 1 0 1.000000
0  32.482777 -25.441786 59.200550  -0.255425 0.959947 -0.115150  0.898465 0.394513 1 0 1.000000
driverswat
0  32.262554 -25.768848 59.146633  -0.927726 -0.264625 -0.263245  0.895535 0.389630 1 0 1.000000
0  32.345139 -25.559887 59.467224  -0.621199 0.398507 0.674762  0.900418 0.386700 1 0 1.000000
0  32.482777 -25.441786 59.200550  -0.255425 0.959947 -0.115150  0.898465 0.394513 1 0 1.000000
driverswat
0  18.333538 -9.387989 44.110584  0.398386 -0.744324 -0.535977  0.527360 0.004852 1 0 1.000000
0  18.278481 -5.190016 42.968185  0.403721 0.339691 -0.849482  0.596698 0.003876 1 0 1.000000
0  19.035494 -7.750092 49.464722  0.641793 -0.394576 0.657580  0.530290 0.091769 1 0 1.000000
driverswat
0  18.278481 -5.190016 42.968185  0.403721 0.339691 -0.849482  0.596698 0.003876 1 0 1.000000
0  18.760216 -3.565882 48.322323  0.597144 0.718124 0.357375  0.600604 0.090793 1 0 1.000000
0  19.035494 -7.750092 49.464722  0.641793 -0.394576 0.657580  0.530290 0.091769 1 0 1.000000
driverswat
0  19.035494 -7.750092 49.464722  0.641793 -0.394576 0.657580  0.452162 0.090793 1 0 1.000000
0  18.760216 -3.565882 48.322323  0.597144 0.718124 0.357375  0.522477 0.089816 1 0 1.000000
0  17.782982 -7.722564 49.533543  -0.515598 -0.384302 0.765814  0.461928 0.081027 1 0 1.000000
driverswat
0  18.760216 -3.565882 48.322323  0.597144 0.718124 0.357375  0.522477 0.089816 1 0 1.000000
0  17.714165 -3.538354 48.363617  -0.525459 0.731298 0.434851  0.513688 0.082003 1 0 1.000000
0  17.782982 -7.722564 49.533543  -0.515598 -0.384302 0.765814  0.461928 0.081027 1 0 1.000000
driverswat
0  17.053497 -5.011086 43.504974  -0.703724 0.465826 -0.536450  0.509781 0.016572 1 0 1.000000
0  17.714165 -3.538354 48.363617  -0.525459 0.731298 0.434851  0.513688 0.082003 1 0 1.000000
0  18.760216 -3.565882 48.322323  0.597144 0.718124 0.357375  0.522477 0.089816 1 0 1.000000
driverswat
0  17.714165 -3.538354 48.363617  -0.525459 0.731298 0.434851  0.513688 0.082003 1 0 1.000000
0  17.053497 -5.011086 43.504974  -0.703724 0.465826 -0.536450  0.509781 0.016572 1 0 1.000000
0  17.782982 -7.722564 49.533543  -0.515598 -0.384302 0.765814  0.461928 0.081027 1 0 1.000000
driverswat
0  17.053497 -5.011086 43.504974  -0.703724 0.465826 -0.536450  0.509781 0.016572 1 0 1.000000
0  17.108555 -9.195295 44.647377  -0.706091 -0.677679 -0.205394  0.459975 0.016572 1 0 1.000000
0  17.782982 -7.722564 49.533543  -0.515598 -0.384302 0.765814  0.461928 0.081027 1 0 1.000000
driverswat
0  19.035494 -7.750092 49.464722  0.641793 -0.394576 0.657580  0.452162 0.090793 1 0 1.000000
0  17.782982 -7.722564 49.533543  -0.515598 -0.384302 0.765814  0.461928 0.081027 1 0 1.000000
0  17.108555 -9.195295 44.647377  -0.706091 -0.677679 -0.205394  0.459975 0.016572 1 0 1.000000
driverswat
0  18.333538 -9.387989 44.110584  0.398386 -0.744324 -0.535977  0.449232 0.003876 1 0 1.000000
0  19.035494 -7.750092 49.464722  0.641793 -0.394576 0.657580  0.452162 0.090793 1 0 1.000000
0  17.108555 -9.195295 44.647377  -0.706091 -0.677679 -0.205394  0.459975 0.016572 1 0 1.000000
driverswat
0  18.278481 -5.190016 42.968185  0.403721 0.339691 -0.849482  0.518571 0.002899 1 0 1.000000
0  18.333538 -9.387989 44.110584  0.398386 -0.744324 -0.535977  0.449232 0.003876 1 0 1.000000
0  17.108555 -9.195295 44.647377  -0.706091 -0.677679 -0.205394  0.459975 0.016572 1 0 1.000000
driverswat
0  17.053497 -5.011086 43.504974  -0.703724 0.465826 -0.536450  0.509781 0.016572 1 0 1.000000
0  18.278481 -5.190016 42.968185  0.403721 0.339691 -0.849482  0.518571 0.002899 1 0 1.000000
0  17.108555 -9.195295 44.647377  -0.706091 -0.677679 -0.205394  0.459975 0.016572 1 0 1.000000
driverswat
0  18.278481 -5.190016 42.968185  0.403721 0.339691 -0.849482  0.518571 0.002899 1 0 1.000000
0  17.053497 -5.011086 43.504974  -0.703724 0.465826 -0.536450  0.509781 0.016572 1 0 1.000000
0  18.760216 -3.565882 48.322323  0.597144 0.718124 0.357375  0.522477 0.089816 1 0 1.000000
driverswat
0  25.091587 -5.148724 69.050674  -0.609051 -0.792547 -0.030434  0.572283 0.828120 1 0 1.000000
0  25.518269 -5.451529 69.078201  -0.274739 -0.663937 -0.695490  0.581072 0.829096 1 0 1.000000
0  25.476976 -5.699278 69.325958  -0.207080 -0.683471 -0.699989  0.582049 0.834956 1 0 1.000000
driverswat
0  26.000002 -5.864444 69.394775  -0.000001 -0.700727 -0.713429  0.588885 0.835932 1 0 1.000000
0  25.476976 -5.699278 69.325958  -0.207080 -0.683471 -0.699989  0.582049 0.834956 1 0 1.000000
0  25.518269 -5.451529 69.078201  -0.274739 -0.663937 -0.695490  0.581072 0.829096 1 0 1.000000
driverswat
0  26.000002 -5.547874 69.091965  0.000000 -0.697377 -0.716704  0.588885 0.830073 1 0 1.000000
0  26.000002 -5.864444 69.394775  -0.000001 -0.700727 -0.713429  0.588885 0.835932 1 0 1.000000
0  25.518269 -5.451529 69.078201  -0.274739 -0.663937 -0.695490  0.581072 0.829096 1 0 1.000000
driverswat
0  26.000002 -5.547874 69.091965  0.000000 -0.697377 -0.716704  0.588885 0.830073 1 0 1.000000
0  26.481737 -5.451529 69.078201  0.274742 -0.663937 -0.695489  0.596698 0.829096 1 0 1.000000
0  26.000002 -5.864444 69.394775  -0.000001 -0.700727 -0.713429  0.588885 0.835932 1 0 1.000000
driverswat
0  26.000002 -5.864444 69.394775  -0.000001 -0.700727 -0.713429  0.588885 0.835932 1 0 1.000000
0  26.481737 -5.451529 69.078201  0.274742 -0.663937 -0.695489  0.596698 0.829096 1 0 1.000000
0  26.523029 -5.699278 69.325958  0.207080 -0.683436 -0.700023  0.596698 0.833979 1 0 1.000000
driverswat
0  26.908417 -5.148724 69.050674  0.609066 -0.792537 -0.030386  0.606464 0.828120 1 0 1.000000
0  26.523029 -5.699278 69.325958  0.207080 -0.683436 -0.700023  0.596698 0.833979 1 0 1.000000
0  26.481737 -5.451529 69.078201  0.274742 -0.663937 -0.695489  0.596698 0.829096 1 0 1.000000
driverswat
0  23.027012 -1.735290 72.945847  -0.989401 -0.137281 0.047331  0.491226 0.891598 1 0 1.000000
0  23.371107 -3.194258 72.064957  -0.955230 -0.295767 -0.007574  0.519547 0.878903 1 0 1.000000
0  23.233469 -2.602412 73.826736  -0.967409 -0.246989 0.055824  0.504898 0.910154 1 0 1.000000
driverswat
0  23.233469 -2.602412 73.826736  -0.967409 -0.246989 0.055824  0.504898 0.910154 1 0 1.000000
0  23.371107 -3.194258 72.064957  -0.955230 -0.295767 -0.007574  0.519547 0.878903 1 0 1.000000
0  23.811550 -4.143962 73.661568  -0.852759 -0.511697 0.104729  0.537126 0.912107 1 0 1.000000
driverswat
0  24.141884 -4.804626 72.725624  -0.748468 -0.662381 0.032345  0.551775 0.894528 1 0 1.000000
0  23.811550 -4.143962 73.661568  -0.852759 -0.511697 0.104729  0.537126 0.912107 1 0 1.000000
0  23.371107 -3.194258 72.064957  -0.955230 -0.295767 -0.007574  0.519547 0.878903 1 0 1.000000
driverswat
0  24.141884 -4.804626 72.725624  -0.748468 -0.662381 0.032345  0.551775 0.894528 1 0 1.000000
0  23.371107 -3.194258 72.064957  -0.955230 -0.295767 -0.007574  0.519547 0.878903 1 0 1.000000
0  23.990480 -4.570642 71.844734  -0.767532 -0.640754 0.018122  0.547868 0.877926 1 0 1.000000
driverswat
0  24.141884 -4.804626 72.725624  -0.748468 -0.662381 0.032345  0.551775 0.894528 1 0 1.000000
0  23.990480 -4.570642 71.844734  -0.767532 -0.640754 0.018122  0.547868 0.877926 1 0 1.000000
0  24.775021 -4.997322 71.624519  -0.401896 -0.913836 0.058165  0.565447 0.874996 1 0 1.000000
driverswat
0  23.990480 -4.570642 71.844734  -0.767532 -0.640754 0.018122  0.547868 0.877926 1 0 1.000000
0  24.417160 -5.093669 70.427063  -0.629328 -0.776188 -0.038456  0.560564 0.852535 1 0 1.000000
0  24.775021 -4.997322 71.624519  -0.401896 -0.913836 0.058165  0.565447 0.874996 1 0 1.000000
driverswat
0  24.417160 -5.093669 70.427063  -0.629328 -0.776188 -0.038456  0.560564 0.852535 1 0 1.000000
0  25.284283 -5.561639 70.358246  -0.565571 -0.818308 -0.102480  0.576189 0.852535 1 0 1.000000
0  24.775021 -4.997322 71.624519  -0.401896 -0.913836 0.058165  0.565447 0.874996 1 0 1.000000
driverswat
0  24.417160 -5.093669 70.427063  -0.629328 -0.776188 -0.038456  0.560564 0.852535 1 0 1.000000
0  25.091587 -5.148724 69.050674  -0.609052 -0.792543 -0.030518  0.572283 0.828120 1 0 1.000000
0  25.284283 -5.561639 70.358246  -0.565571 -0.818308 -0.102480  0.576189 0.852535 1 0 1.000000
driverswat
0  25.284283 -5.561639 70.358246  -0.565571 -0.818308 -0.102480  0.576189 0.852535 1 0 1.000000
0  25.091587 -5.148724 69.050674  -0.609052 -0.792543 -0.030518  0.572283 0.828120 1 0 1.000000
0  25.545795 -5.534112 70.124260  -0.350587 -0.935738 -0.038499  0.581072 0.847652 1 0 1.000000
driverswat
0  25.545795 -5.534112 70.124260  -0.350587 -0.935738 -0.038499  0.581072 0.847652 1 0 1.000000
0  25.091587 -5.148724 69.050674  -0.609052 -0.792543 -0.030518  0.572283 0.828120 1 0 1.000000
0  25.476976 -5.699278 69.325958  -0.650955 -0.731139 0.204189  0.582049 0.834956 1 0 1.000000
driverswat
0  25.476976 -5.699278 69.325958  -0.650955 -0.731139 0.204189  0.582049 0.834956 1 0 1.000000
0  26.000002 -5.864444 69.394775  -0.000051 -0.974504 0.224371  0.588885 0.835932 1 0 1.000000
0  25.545795 -5.534112 70.124260  -0.350587 -0.935738 -0.038499  0.581072 0.847652 1 0 1.000000
driverswat
0  26.000002 -5.864444 69.394775  -0.000051 -0.974504 0.224371  0.588885 0.835932 1 0 1.000000
0  26.000002 -5.726806 69.972855  0.001774 -0.975855 0.218412  0.588885 0.845698 1 0 1.000000
0  25.545795 -5.534112 70.124260  -0.350587 -0.935738 -0.038499  0.581072 0.847652 1 0 1.000000
driverswat
0  26.000002 -5.864444 69.394775  -0.000051 -0.974504 0.224371  0.588885 0.835932 1 0 1.000000
0  26.454208 -5.534112 70.124260  0.350968 -0.935578 -0.038934  0.597674 0.847652 1 0 1.000000
0  26.000002 -5.726806 69.972855  0.001774 -0.975855 0.218412  0.588885 0.845698 1 0 1.000000
driverswat
0  26.523029 -5.699278 69.325958  0.650923 -0.731174 0.204166  0.596698 0.833979 1 0 1.000000
0  26.454208 -5.534112 70.124260  0.350968 -0.935578 -0.038934  0.597674 0.847652 1 0 1.000000
0  26.000002 -5.864444 69.394775  -0.000051 -0.974504 0.224371  0.588885 0.835932 1 0 1.000000
driverswat
0  26.454208 -5.534112 70.124260  0.350968 -0.935578 -0.038934  0.597674 0.847652 1 0 1.000000
0  26.523029 -5.699278 69.325958  0.650923 -0.731174 0.204166  0.596698 0.833979 1 0 1.000000
0  26.908417 -5.148724 69.050674  0.609051 -0.792546 -0.030465  0.606464 0.828120 1 0 1.000000
driverswat
0  26.715723 -5.561639 70.358246  0.565602 -0.818298 -0.102383  0.602557 0.852535 1 0 1.000000
0  26.454208 -5.534112 70.124260  0.350968 -0.935578 -0.038934  0.597674 0.847652 1 0 1.000000
0  26.908417 -5.148724 69.050674  0.609051 -0.792546 -0.030465  0.606464 0.828120 1 0 1.000000
driverswat
0  27.582846 -5.093668 70.427063  0.629287 -0.776222 -0.038443  0.618183 0.852535 1 0 1.000000
0  26.715723 -5.561639 70.358246  0.565602 -0.818298 -0.102383  0.602557 0.852535 1 0 1.000000
0  26.908417 -5.148724 69.050674  0.609051 -0.792546 -0.030465  0.606464 0.828120 1 0 1.000000
driverswat
0  27.582846 -5.093668 70.427063  0.629287 -0.776222 -0.038443  0.618183 0.852535 1 0 1.000000
0  27.224985 -4.997320 71.624519  0.401971 -0.913801 0.058203  0.614277 0.874020 1 0 1.000000
0  26.715723 -5.561639 70.358246  0.565602 -0.818298 -0.102383  0.602557 0.852535 1 0 1.000000
driverswat
0  32.964508 -7.750091 49.464722  -0.641781 -0.394611 0.657570  0.452162 0.090793 1 0 1.000000
0  34.217018 -7.722563 49.533539  0.515576 -0.384103 0.765929  0.461928 0.081027 1 0 1.000000
0  33.212257 -3.565881 48.322323  -0.597125 0.718257 0.357140  0.522477 0.089816 1 0 1.000000
driverswat
0  33.212257 -3.565881 48.322323  -0.597125 0.718257 0.357140  0.522477 0.089816 1 0 1.000000
0  34.217018 -7.722563 49.533539  0.515576 -0.384103 0.765929  0.461928 0.081027 1 0 1.000000
0  34.258308 -3.538353 48.363613  0.525502 0.731256 0.434871  0.513688 0.082003 1 0 1.000000
driverswat
0  34.258308 -3.538353 48.363613  0.525502 0.731256 0.434871  0.513688 0.082003 1 0 1.000000
0  34.217018 -7.722563 49.533539  0.515576 -0.384103 0.765929  0.461928 0.081027 1 0 1.000000
0  34.946503 -5.011085 43.504974  0.703714 0.465819 -0.536469  0.509781 0.016572 1 0 1.000000
driverswat
0  34.946503 -5.011085 43.504974  0.703714 0.465819 -0.536469  0.509781 0.016572 1 0 1.000000
0  33.212257 -3.565881 48.322323  -0.597125 0.718257 0.357140  0.522477 0.089816 1 0 1.000000
0  34.258308 -3.538353 48.363613  0.525502 0.731256 0.434871  0.513688 0.082003 1 0 1.000000
driverswat
0  33.721519 -5.190015 42.968185  -0.403737 0.339725 -0.849461  0.518571 0.002899 1 0 1.000000
0  33.212257 -3.565881 48.322323  -0.597125 0.718257 0.357140  0.522477 0.089816 1 0 1.000000
0  34.946503 -5.011085 43.504974  0.703714 0.465819 -0.536469  0.509781 0.016572 1 0 1.000000
driverswat
0  34.946503 -5.011085 43.504974  0.703714 0.465819 -0.536469  0.509781 0.016572 1 0 1.000000
0  34.891449 -9.195294 44.647377  0.706141 -0.677621 -0.205412  0.459975 0.016572 1 0 1.000000
0  33.721519 -5.190015 42.968185  -0.403737 0.339725 -0.849461  0.518571 0.002899 1 0 1.000000
driverswat
0  33.721519 -5.190015 42.968185  -0.403737 0.339725 -0.849461  0.518571 0.002899 1 0 1.000000
0  34.891449 -9.195294 44.647377  0.706141 -0.677621 -0.205412  0.459975 0.016572 1 0 1.000000
0  33.666466 -9.387989 44.110584  -0.398334 -0.744267 -0.536094  0.449232 0.003876 1 0 1.000000
driverswat
0  33.666466 -9.387989 44.110584  -0.398334 -0.744267 -0.536094  0.449232 0.003876 1 0 1.000000
0  34.891449 -9.195294 44.647377  0.706141 -0.677621 -0.205412  0.459975 0.016572 1 0 1.000000
0  32.964508 -7.750091 49.464722  -0.641781 -0.394611 0.657570  0.452162 0.090793 1 0 1.000000
driverswat
0  32.964508 -7.750091 49.464722  -0.641781 -0.394611 0.657570  0.452162 0.090793 1 0 1.000000
0  34.891449 -9.195294 44.647377  0.706141 -0.677621 -0.205412  0.459975 0.016572 1 0 1.000000
0  34.217018 -7.722563 49.533539  0.515576 -0.384103 0.765929  0.461928 0.081027 1 0 1.000000
driverswat
0  34.946503 -5.011085 43.504974  0.703714 0.465819 -0.536469  0.509781 0.016572 1 0 1.000000
0  34.217018 -7.722563 49.533539  0.515576 -0.384103 0.765929  0.461928 0.081027 1 0 1.000000
0  34.891449 -9.195294 44.647377  0.706141 -0.677621 -0.205412  0.459975 0.016572 1 0 1.000000
end
