version 1
nodes
0 "root" -1
end
skeleton
time 0
0  0.000000 0.000000 0.000000  0.000000 -0.000000 0.000000
end
triangles
aluminium
0  -3.009422 -122.836395 18.119854  -0.482219 0.123869 0.867249  0.650841 0.155423 1 0 1.000000
0  -2.594683 -122.836395 18.119854  0.482218 0.123869 0.867250  0.650841 0.155423 1 0 1.000000
0  -3.012444 -122.467384 18.060726  -0.357223 0.476259 0.803473  0.650841 0.155423 1 0 1.000000
aluminium
0  -2.591661 -122.467384 18.060726  0.357171 0.476318 0.803461  0.650841 0.155423 1 0 1.000000
0  -3.012444 -122.467384 18.060726  -0.357223 0.476259 0.803473  0.650841 0.155423 1 0 1.000000
0  -2.594683 -122.836395 18.119854  0.482218 0.123869 0.867250  0.650841 0.155423 1 0 1.000000
aluminium
0  -28.600336 -126.701469 18.866713  -0.458538 0.819761 -0.343125  0.017530 0.991478 1 0 1.000000
0  -28.600336 -126.827972 18.240723  -0.459038 0.888417 -0.000014  0.017530 0.991478 1 0 1.000000
0  -28.600336 -127.324028 19.127390  -0.458558 -0.819692 0.343263  0.017530 0.991478 1 0 1.000000
aluminium
0  -28.600336 -125.844292 19.723883  -0.459057 0.343058 -0.819498  0.017530 0.991478 1 0 1.000000
0  -28.600336 -126.356133 19.378641  -0.457873 0.628603 -0.628658  0.017530 0.991478 1 0 1.000000
0  -28.600336 -126.832932 19.855438  -0.459046 -0.628189 0.628216  0.017530 0.991478 1 0 1.000000
aluminium
0  -28.600336 -126.356133 19.378641  -0.457873 0.628603 -0.628658  0.017530 0.991478 1 0 1.000000
0  -28.600336 -126.701469 18.866713  -0.458538 0.819761 -0.343125  0.017530 0.991478 1 0 1.000000
0  -28.600336 -126.832932 19.855438  -0.459046 -0.628189 0.628216  0.017530 0.991478 1 0 1.000000
aluminium
0  -28.600336 -127.324028 19.127390  -0.458558 -0.819692 0.343263  0.017530 0.991478 1 0 1.000000
0  -28.600336 -126.832932 19.855438  -0.459046 -0.628189 0.628216  0.017530 0.991478 1 0 1.000000
0  -28.600336 -126.701469 18.866713  -0.458538 0.819761 -0.343125  0.017530 0.991478 1 0 1.000000
aluminium
0  -27.938402 -126.832932 19.855438  0.707260 -0.499881 0.499903  0.017530 0.991478 1 0 1.000000
0  -28.600336 -126.832932 19.855438  -0.459046 -0.628189 0.628216  0.017530 0.991478 1 0 1.000000
0  -28.600336 -127.324028 19.127390  -0.458558 -0.819692 0.343263  0.017530 0.991478 1 0 1.000000
aluminium
0  -27.938358 -127.324028 19.127390  0.707159 -0.652208 0.273039  0.017530 0.991478 1 0 1.000000
0  -27.938402 -126.832932 19.855438  0.707260 -0.499881 0.499903  0.017530 0.991478 1 0 1.000000
0  -28.600336 -127.324028 19.127390  -0.458558 -0.819692 0.343263  0.017530 0.991478 1 0 1.000000
aluminium
0  -28.600336 -127.324028 19.127390  -0.458558 -0.819692 0.343263  0.017530 0.991478 1 0 1.000000
0  -28.600336 -127.503304 18.240723  -0.457907 -0.889000 0.000039  0.017530 0.991478 1 0 1.000000
0  -27.938358 -127.324028 19.127390  0.707159 -0.652208 0.273039  0.017530 0.991478 1 0 1.000000
aluminium
0  -28.600336 -127.503304 18.240723  -0.457907 -0.889000 0.000039  0.017530 0.991478 1 0 1.000000
0  -28.600336 -127.324028 19.127390  -0.458558 -0.819692 0.343263  0.017530 0.991478 1 0 1.000000
0  -28.600336 -126.827972 18.240723  -0.459038 0.888417 -0.000014  0.017530 0.991478 1 0 1.000000
aluminium
0  -28.600336 -126.827972 18.240723  -0.459038 0.888417 -0.000014  0.017530 0.991478 1 0 1.000000
0  -28.600336 -127.324028 17.354013  -0.458090 -0.819971 -0.343220  0.017530 0.991478 1 0 1.000000
0  -28.600336 -127.503304 18.240723  -0.457907 -0.889000 0.000039  0.017530 0.991478 1 0 1.000000
aluminium
0  -28.600336 -126.701469 17.614691  -0.458576 0.819753 0.343095  0.017530 0.991478 1 0 1.000000
0  -28.600336 -127.324028 17.354013  -0.458090 -0.819971 -0.343220  0.017530 0.991478 1 0 1.000000
0  -28.600336 -126.827972 18.240723  -0.459038 0.888417 -0.000014  0.017530 0.991478 1 0 1.000000
aluminium
0  -28.600336 -127.324028 17.354013  -0.458090 -0.819971 -0.343220  0.017530 0.991478 1 0 1.000000
0  -28.600336 -126.701469 17.614691  -0.458576 0.819753 0.343095  0.017530 0.991478 1 0 1.000000
0  -28.600336 -126.832985 16.625963  -0.459697 -0.627972 -0.627956  0.017530 0.991478 1 0 1.000000
aluminium
0  -28.600336 -126.356133 17.102804  -0.457906 0.628643 0.628594  0.017530 0.991478 1 0 1.000000
0  -28.600336 -126.832985 16.625963  -0.459697 -0.627972 -0.627956  0.017530 0.991478 1 0 1.000000
0  -28.600336 -126.701469 17.614691  -0.458576 0.819753 0.343095  0.017530 0.991478 1 0 1.000000
aluminium
0  -28.600336 -126.356133 17.102804  -0.457906 0.628643 0.628594  0.017530 0.991478 1 0 1.000000
0  -28.600336 -125.844292 16.757519  -0.459047 0.343105 0.819484  0.017530 0.991478 1 0 1.000000
0  -28.600336 -126.832985 16.625963  -0.459697 -0.627972 -0.627956  0.017530 0.991478 1 0 1.000000
aluminium
0  -28.600336 -127.503304 18.240723  -0.457907 -0.889000 0.000039  0.017530 0.991478 1 0 1.000000
0  -28.600336 -127.324028 17.354013  -0.458090 -0.819971 -0.343220  0.017530 0.991478 1 0 1.000000
0  -27.938358 -127.503304 18.240723  0.706925 -0.707289 0.000003  0.017530 0.991478 1 0 1.000000
aluminium
0  -27.938358 -127.503304 18.240723  0.706925 -0.707289 0.000003  0.017530 0.991478 1 0 1.000000
0  -27.938358 -127.324028 19.127390  0.707159 -0.652208 0.273039  0.017530 0.991478 1 0 1.000000
0  -28.600336 -127.503304 18.240723  -0.457907 -0.889000 0.000039  0.017530 0.991478 1 0 1.000000
aluminium
0  -28.600336 -125.225700 16.632458  -0.458568 0.088478 0.884244  0.017530 0.991478 1 0 1.000000
0  -28.600336 -125.844292 16.757519  -0.459047 0.343105 0.819484  0.017530 0.991478 1 0 1.000000
0  -27.938402 -125.225700 16.632458  0.707114 0.070426 0.703583  0.017530 0.991478 1 0 1.000000
aluminium
0  -27.938402 -125.225700 16.632458  0.707114 0.070426 0.703583  0.017530 0.991478 1 0 1.000000
0  -28.600336 -125.844292 16.757519  -0.459047 0.343105 0.819484  0.017530 0.991478 1 0 1.000000
0  -27.938402 -125.844292 16.757519  0.707274 0.272907 0.652138  0.017530 0.991478 1 0 1.000000
aluminium
0  -28.600336 -125.844292 16.757519  -0.459047 0.343105 0.819484  0.017530 0.991478 1 0 1.000000
0  -28.600336 -126.356133 17.102804  -0.457906 0.628643 0.628594  0.017530 0.991478 1 0 1.000000
0  -27.938402 -125.844292 16.757519  0.707274 0.272907 0.652138  0.017530 0.991478 1 0 1.000000
aluminium
0  -27.938402 -125.844292 16.757519  0.707274 0.272907 0.652138  0.017530 0.991478 1 0 1.000000
0  -28.600336 -126.356133 17.102804  -0.457906 0.628643 0.628594  0.017530 0.991478 1 0 1.000000
0  -27.938402 -126.356133 17.102804  0.706915 0.500138 0.500132  0.017530 0.991478 1 0 1.000000
aluminium
0  -27.938402 -126.356133 17.102804  0.706915 0.500138 0.500132  0.017530 0.991478 1 0 1.000000
0  -28.600336 -126.356133 17.102804  -0.457906 0.628643 0.628594  0.017530 0.991478 1 0 1.000000
0  -28.600336 -126.701469 17.614691  -0.458576 0.819753 0.343095  0.017530 0.991478 1 0 1.000000
aluminium
0  -27.938402 -126.701469 17.614691  0.707077 0.652294 0.273047  0.017530 0.991478 1 0 1.000000
0  -27.938402 -126.356133 17.102804  0.706915 0.500138 0.500132  0.017530 0.991478 1 0 1.000000
0  -28.600336 -126.701469 17.614691  -0.458576 0.819753 0.343095  0.017530 0.991478 1 0 1.000000
aluminium
0  -27.938402 -126.701469 17.614691  0.707077 0.652294 0.273047  0.017530 0.991478 1 0 1.000000
0  -28.600336 -126.701469 17.614691  -0.458576 0.819753 0.343095  0.017530 0.991478 1 0 1.000000
0  -28.600336 -126.827972 18.240723  -0.459038 0.888417 -0.000014  0.017530 0.991478 1 0 1.000000
aluminium
0  -27.938402 -126.827972 18.240723  0.707230 0.706983 -0.000018  0.017530 0.991478 1 0 1.000000
0  -27.938402 -126.701469 17.614691  0.707077 0.652294 0.273047  0.017530 0.991478 1 0 1.000000
0  -28.600336 -126.827972 18.240723  -0.459038 0.888417 -0.000014  0.017530 0.991478 1 0 1.000000
aluminium
0  -27.938402 -126.827972 18.240723  0.707230 0.706983 -0.000018  0.017530 0.991478 1 0 1.000000
0  -28.600336 -126.827972 18.240723  -0.459038 0.888417 -0.000014  0.017530 0.991478 1 0 1.000000
0  -28.600336 -126.701469 18.866713  -0.458538 0.819761 -0.343125  0.017530 0.991478 1 0 1.000000
aluminium
0  -27.938402 -126.701469 18.866713  0.707102 0.652285 -0.273003  0.017530 0.991478 1 0 1.000000
0  -27.938402 -126.827972 18.240723  0.707230 0.706983 -0.000018  0.017530 0.991478 1 0 1.000000
0  -28.600336 -126.701469 18.866713  -0.458538 0.819761 -0.343125  0.017530 0.991478 1 0 1.000000
aluminium
0  -27.938402 -126.701469 18.866713  0.707102 0.652285 -0.273003  0.017530 0.991478 1 0 1.000000
0  -28.600336 -126.701469 18.866713  -0.458538 0.819761 -0.343125  0.017530 0.991478 1 0 1.000000
0  -28.600336 -126.356133 19.378641  -0.457873 0.628603 -0.628658  0.017530 0.991478 1 0 1.000000
aluminium
0  -27.938402 -126.356133 19.378641  0.706886 0.500133 -0.500180  0.017530 0.991478 1 0 1.000000
0  -27.938402 -126.701469 18.866713  0.707102 0.652285 -0.273003  0.017530 0.991478 1 0 1.000000
0  -28.600336 -126.356133 19.378641  -0.457873 0.628603 -0.628658  0.017530 0.991478 1 0 1.000000
aluminium
0  -27.938402 -126.356133 19.378641  0.706886 0.500133 -0.500180  0.017530 0.991478 1 0 1.000000
0  -28.600336 -126.356133 19.378641  -0.457873 0.628603 -0.628658  0.017530 0.991478 1 0 1.000000
0  -28.600336 -125.844292 19.723883  -0.459057 0.343058 -0.819498  0.017530 0.991478 1 0 1.000000
aluminium
0  -27.938402 -125.844292 19.723883  0.707251 0.272950 -0.652146  0.017530 0.991478 1 0 1.000000
0  -27.938402 -126.356133 19.378641  0.706886 0.500133 -0.500180  0.017530 0.991478 1 0 1.000000
0  -28.600336 -125.844292 19.723883  -0.459057 0.343058 -0.819498  0.017530 0.991478 1 0 1.000000
aluminium
0  -27.938402 -125.844292 19.723883  0.707251 0.272950 -0.652146  0.017530 0.991478 1 0 1.000000
0  -28.600336 -125.844292 19.723883  -0.459057 0.343058 -0.819498  0.017530 0.991478 1 0 1.000000
0  -28.600336 -125.225700 19.848946  -0.458555 0.088542 -0.884244  0.017530 0.991478 1 0 1.000000
aluminium
0  -27.938402 -125.225700 19.848946  0.707049 0.070428 -0.703649  0.017530 0.991478 1 0 1.000000
0  -27.938402 -125.844292 19.723883  0.707251 0.272950 -0.652146  0.017530 0.991478 1 0 1.000000
0  -28.600336 -125.225700 19.848946  -0.458555 0.088542 -0.884244  0.017530 0.991478 1 0 1.000000
aluminium
0  -28.600336 -125.225700 19.848946  -0.458555 0.088542 -0.884244  0.017530 0.991478 1 0 1.000000
0  -28.600336 -122.701500 19.849035  -0.698364 0.000027 -0.715743  0.017530 0.991478 1 0 1.000000
0  -27.938402 -125.225700 19.848946  0.707049 0.070428 -0.703649  0.017530 0.991478 1 0 1.000000
aluminium
0  -27.938402 -122.701500 19.849035  0.715739 0.000026 -0.698368  0.017530 0.991478 1 0 1.000000
0  -27.938402 -125.225700 19.848946  0.707049 0.070428 -0.703649  0.017530 0.991478 1 0 1.000000
0  -28.600336 -122.701500 19.849035  -0.698364 0.000027 -0.715743  0.017530 0.991478 1 0 1.000000
aluminium
0  -28.600336 -122.701500 19.849035  -0.698364 0.000027 -0.715743  0.017530 0.991478 1 0 1.000000
0  -28.600336 -125.225700 19.848946  -0.458555 0.088542 -0.884244  0.017530 0.991478 1 0 1.000000
0  -28.600336 -122.701500 20.510967  -0.698349 -0.000074 0.715758  0.017530 0.991478 1 0 1.000000
aluminium
0  -27.938402 -126.356133 17.102804  0.706915 0.500138 0.500132  0.017530 0.991478 1 0 1.000000
0  -27.938402 -126.832985 16.625963  0.707109 -0.500004 -0.499993  0.017530 0.991478 1 0 1.000000
0  -27.938402 -125.844292 16.757519  0.707274 0.272907 0.652138  0.017530 0.991478 1 0 1.000000
aluminium
0  -27.938402 -126.356133 17.102804  0.706915 0.500138 0.500132  0.017530 0.991478 1 0 1.000000
0  -27.938402 -126.701469 17.614691  0.707077 0.652294 0.273047  0.017530 0.991478 1 0 1.000000
0  -27.938402 -126.832985 16.625963  0.707109 -0.500004 -0.499993  0.017530 0.991478 1 0 1.000000
aluminium
0  -27.938358 -127.324028 17.354013  0.707357 -0.652030 -0.272950  0.017530 0.991478 1 0 1.000000
0  -27.938402 -126.832985 16.625963  0.707109 -0.500004 -0.499993  0.017530 0.991478 1 0 1.000000
0  -27.938402 -126.701469 17.614691  0.707077 0.652294 0.273047  0.017530 0.991478 1 0 1.000000
aluminium
0  -27.938358 -127.324028 17.354013  0.707357 -0.652030 -0.272950  0.017530 0.991478 1 0 1.000000
0  -27.938402 -126.701469 17.614691  0.707077 0.652294 0.273047  0.017530 0.991478 1 0 1.000000
0  -27.938402 -126.827972 18.240723  0.707230 0.706983 -0.000018  0.017530 0.991478 1 0 1.000000
aluminium
0  -27.938402 -122.701500 20.510967  0.715743 -0.000059 0.698364  0.017530 0.991478 1 0 1.000000
0  -27.938402 -125.225700 19.848946  0.707049 0.070428 -0.703649  0.017530 0.991478 1 0 1.000000
0  -27.938402 -122.701500 19.849035  0.715739 0.000026 -0.698368  0.017530 0.991478 1 0 1.000000
aluminium
0  -27.938402 -125.225700 19.848946  0.707049 0.070428 -0.703649  0.017530 0.991478 1 0 1.000000
0  -27.938402 -122.701500 20.510967  0.715743 -0.000059 0.698364  0.017530 0.991478 1 0 1.000000
0  -27.938402 -125.291954 20.510878  0.707050 -0.070429 0.703648  0.017530 0.991478 1 0 1.000000
aluminium
0  -27.938402 -122.701500 20.510967  0.715743 -0.000059 0.698364  0.017530 0.991478 1 0 1.000000
0  -28.600336 -122.701500 20.510967  -0.698349 -0.000074 0.715758  0.017530 0.991478 1 0 1.000000
0  -27.938402 -125.291954 20.510878  0.707050 -0.070429 0.703648  0.017530 0.991478 1 0 1.000000
aluminium
0  -28.600336 -125.291954 20.510878  -0.459216 -0.088467 0.883909  0.017530 0.991478 1 0 1.000000
0  -27.938402 -125.291954 20.510878  0.707050 -0.070429 0.703648  0.017530 0.991478 1 0 1.000000
0  -28.600336 -122.701500 20.510967  -0.698349 -0.000074 0.715758  0.017530 0.991478 1 0 1.000000
aluminium
0  -28.600336 -125.291954 20.510878  -0.459216 -0.088467 0.883909  0.017530 0.991478 1 0 1.000000
0  -28.600336 -122.701500 20.510967  -0.698349 -0.000074 0.715758  0.017530 0.991478 1 0 1.000000
0  -28.600336 -125.225700 19.848946  -0.458555 0.088542 -0.884244  0.017530 0.991478 1 0 1.000000
aluminium
0  -28.600336 -125.225700 19.848946  -0.458555 0.088542 -0.884244  0.017530 0.991478 1 0 1.000000
0  -28.600336 -125.844292 19.723883  -0.459057 0.343058 -0.819498  0.017530 0.991478 1 0 1.000000
0  -28.600336 -125.291954 20.510878  -0.459216 -0.088467 0.883909  0.017530 0.991478 1 0 1.000000
aluminium
0  -28.600336 -126.104874 20.346533  -0.457917 -0.343265 0.820050  0.017530 0.991478 1 0 1.000000
0  -28.600336 -125.291954 20.510878  -0.459216 -0.088467 0.883909  0.017530 0.991478 1 0 1.000000
0  -28.600336 -125.844292 19.723883  -0.459057 0.343058 -0.819498  0.017530 0.991478 1 0 1.000000
aluminium
0  -28.600336 -126.104874 20.346533  -0.457917 -0.343265 0.820050  0.017530 0.991478 1 0 1.000000
0  -28.600336 -125.844292 19.723883  -0.459057 0.343058 -0.819498  0.017530 0.991478 1 0 1.000000
0  -28.600336 -126.832932 19.855438  -0.459046 -0.628189 0.628216  0.017530 0.991478 1 0 1.000000
aluminium
0  -28.600336 -126.104874 20.346533  -0.457917 -0.343265 0.820050  0.017530 0.991478 1 0 1.000000
0  -28.600336 -126.832932 19.855438  -0.459046 -0.628189 0.628216  0.017530 0.991478 1 0 1.000000
0  -27.938402 -126.104874 20.346533  0.706892 -0.273126 0.652461  0.017530 0.991478 1 0 1.000000
aluminium
0  -27.938402 -126.104874 20.346533  0.706892 -0.273126 0.652461  0.017530 0.991478 1 0 1.000000
0  -28.600336 -126.832932 19.855438  -0.459046 -0.628189 0.628216  0.017530 0.991478 1 0 1.000000
0  -27.938402 -126.832932 19.855438  0.707260 -0.499881 0.499903  0.017530 0.991478 1 0 1.000000
aluminium
0  -27.938402 -126.104874 20.346533  0.706892 -0.273126 0.652461  0.017530 0.991478 1 0 1.000000
0  -27.938402 -126.832932 19.855438  0.707260 -0.499881 0.499903  0.017530 0.991478 1 0 1.000000
0  -27.938402 -125.844292 19.723883  0.707251 0.272950 -0.652146  0.017530 0.991478 1 0 1.000000
aluminium
0  -27.938402 -126.356133 19.378641  0.706886 0.500133 -0.500180  0.017530 0.991478 1 0 1.000000
0  -27.938402 -125.844292 19.723883  0.707251 0.272950 -0.652146  0.017530 0.991478 1 0 1.000000
0  -27.938402 -126.832932 19.855438  0.707260 -0.499881 0.499903  0.017530 0.991478 1 0 1.000000
aluminium
0  -27.938402 -126.356133 19.378641  0.706886 0.500133 -0.500180  0.017530 0.991478 1 0 1.000000
0  -27.938402 -126.832932 19.855438  0.707260 -0.499881 0.499903  0.017530 0.991478 1 0 1.000000
0  -27.938402 -126.701469 18.866713  0.707102 0.652285 -0.273003  0.017530 0.991478 1 0 1.000000
aluminium
0  -27.938358 -127.324028 19.127390  0.707159 -0.652208 0.273039  0.017530 0.991478 1 0 1.000000
0  -27.938402 -126.701469 18.866713  0.707102 0.652285 -0.273003  0.017530 0.991478 1 0 1.000000
0  -27.938402 -126.832932 19.855438  0.707260 -0.499881 0.499903  0.017530 0.991478 1 0 1.000000
aluminium
0  -27.938402 -126.701469 18.866713  0.707102 0.652285 -0.273003  0.017530 0.991478 1 0 1.000000
0  -27.938358 -127.324028 19.127390  0.707159 -0.652208 0.273039  0.017530 0.991478 1 0 1.000000
0  -27.938402 -126.827972 18.240723  0.707230 0.706983 -0.000018  0.017530 0.991478 1 0 1.000000
aluminium
0  -27.938358 -127.503304 18.240723  0.706925 -0.707289 0.000003  0.017530 0.991478 1 0 1.000000
0  -27.938402 -126.827972 18.240723  0.707230 0.706983 -0.000018  0.017530 0.991478 1 0 1.000000
0  -27.938358 -127.324028 19.127390  0.707159 -0.652208 0.273039  0.017530 0.991478 1 0 1.000000
aluminium
0  -27.938402 -126.827972 18.240723  0.707230 0.706983 -0.000018  0.017530 0.991478 1 0 1.000000
0  -27.938358 -127.503304 18.240723  0.706925 -0.707289 0.000003  0.017530 0.991478 1 0 1.000000
0  -27.938358 -127.324028 17.354013  0.707357 -0.652030 -0.272950  0.017530 0.991478 1 0 1.000000
aluminium
0  -27.938358 -127.324028 17.354013  0.707357 -0.652030 -0.272950  0.017530 0.991478 1 0 1.000000
0  -27.938358 -127.503304 18.240723  0.706925 -0.707289 0.000003  0.017530 0.991478 1 0 1.000000
0  -28.600336 -127.324028 17.354013  -0.458090 -0.819971 -0.343220  0.017530 0.991478 1 0 1.000000
aluminium
0  -28.600336 -125.291954 20.510878  -0.459216 -0.088467 0.883909  0.017530 0.991478 1 0 1.000000
0  -28.600336 -126.104874 20.346533  -0.457917 -0.343265 0.820050  0.017530 0.991478 1 0 1.000000
0  -27.938402 -125.291954 20.510878  0.707050 -0.070429 0.703648  0.017530 0.991478 1 0 1.000000
aluminium
0  -27.938402 -125.291954 20.510878  0.707050 -0.070429 0.703648  0.017530 0.991478 1 0 1.000000
0  -28.600336 -126.104874 20.346533  -0.457917 -0.343265 0.820050  0.017530 0.991478 1 0 1.000000
0  -27.938402 -126.104874 20.346533  0.706892 -0.273126 0.652461  0.017530 0.991478 1 0 1.000000
aluminium
0  -27.938402 -126.104874 20.346533  0.706892 -0.273126 0.652461  0.017530 0.991478 1 0 1.000000
0  -27.938402 -125.844292 19.723883  0.707251 0.272950 -0.652146  0.017530 0.991478 1 0 1.000000
0  -27.938402 -125.291954 20.510878  0.707050 -0.070429 0.703648  0.017530 0.991478 1 0 1.000000
aluminium
0  -27.938402 -125.225700 19.848946  0.707049 0.070428 -0.703649  0.017530 0.991478 1 0 1.000000
0  -27.938402 -125.291954 20.510878  0.707050 -0.070429 0.703648  0.017530 0.991478 1 0 1.000000
0  -27.938402 -125.844292 19.723883  0.707251 0.272950 -0.652146  0.017530 0.991478 1 0 1.000000
aluminium
0  -27.938358 -127.324028 17.354013  0.707357 -0.652030 -0.272950  0.017530 0.991478 1 0 1.000000
0  -28.600336 -127.324028 17.354013  -0.458090 -0.819971 -0.343220  0.017530 0.991478 1 0 1.000000
0  -27.938402 -126.832985 16.625963  0.707109 -0.500004 -0.499993  0.017530 0.991478 1 0 1.000000
aluminium
0  -28.600336 -126.832985 16.625963  -0.459697 -0.627972 -0.627956  0.017530 0.991478 1 0 1.000000
0  -27.938402 -126.832985 16.625963  0.707109 -0.500004 -0.499993  0.017530 0.991478 1 0 1.000000
0  -28.600336 -127.324028 17.354013  -0.458090 -0.819971 -0.343220  0.017530 0.991478 1 0 1.000000
aluminium
0  -27.938402 -126.832985 16.625963  0.707109 -0.500004 -0.499993  0.017530 0.991478 1 0 1.000000
0  -28.600336 -126.832985 16.625963  -0.459697 -0.627972 -0.627956  0.017530 0.991478 1 0 1.000000
0  -28.600336 -126.104927 16.134869  -0.457894 -0.343317 -0.820041  0.017530 0.991478 1 0 1.000000
aluminium
0  -28.600336 -126.104927 16.134869  -0.457894 -0.343317 -0.820041  0.017530 0.991478 1 0 1.000000
0  -28.600336 -126.832985 16.625963  -0.459697 -0.627972 -0.627956  0.017530 0.991478 1 0 1.000000
0  -28.600336 -125.844292 16.757519  -0.459047 0.343105 0.819484  0.017530 0.991478 1 0 1.000000
aluminium
0  -28.600336 -126.104927 16.134869  -0.457894 -0.343317 -0.820041  0.017530 0.991478 1 0 1.000000
0  -28.600336 -125.844292 16.757519  -0.459047 0.343105 0.819484  0.017530 0.991478 1 0 1.000000
0  -28.600336 -125.291992 15.970525  -0.458560 -0.088544 -0.884241  0.017530 0.991478 1 0 1.000000
aluminium
0  -28.600336 -125.291992 15.970525  -0.458560 -0.088544 -0.884241  0.017530 0.991478 1 0 1.000000
0  -28.600336 -125.844292 16.757519  -0.459047 0.343105 0.819484  0.017530 0.991478 1 0 1.000000
0  -28.600336 -125.225700 16.632458  -0.458568 0.088478 0.884244  0.017530 0.991478 1 0 1.000000
aluminium
0  -28.600336 -125.225700 16.632458  -0.458568 0.088478 0.884244  0.017530 0.991478 1 0 1.000000
0  -28.600338 -122.701500 15.970434  -0.698350 -0.000025 -0.715757  0.017530 0.991478 1 0 1.000000
0  -28.600336 -125.291992 15.970525  -0.458560 -0.088544 -0.884241  0.017530 0.991478 1 0 1.000000
aluminium
0  -28.600338 -122.701500 15.970434  -0.698350 -0.000025 -0.715757  0.017530 0.991478 1 0 1.000000
0  -28.600336 -125.225700 16.632458  -0.458568 0.088478 0.884244  0.017530 0.991478 1 0 1.000000
0  -28.600336 -122.701500 16.632366  -0.698363 -0.000010 0.715743  0.017530 0.991478 1 0 1.000000
aluminium
0  -28.600336 -125.225700 16.632458  -0.458568 0.088478 0.884244  0.017530 0.991478 1 0 1.000000
0  -27.938402 -125.225700 16.632458  0.707114 0.070426 0.703583  0.017530 0.991478 1 0 1.000000
0  -28.600336 -122.701500 16.632366  -0.698363 -0.000010 0.715743  0.017530 0.991478 1 0 1.000000
aluminium
0  -27.938402 -122.701500 16.632366  0.715740 -0.000017 0.698367  0.017530 0.991478 1 0 1.000000
0  -28.600336 -122.701500 16.632366  -0.698363 -0.000010 0.715743  0.017530 0.991478 1 0 1.000000
0  -27.938402 -125.225700 16.632458  0.707114 0.070426 0.703583  0.017530 0.991478 1 0 1.000000
aluminium
0  -27.938402 -122.701500 16.632366  0.715740 -0.000017 0.698367  0.017530 0.991478 1 0 1.000000
0  -27.938402 -125.225700 16.632458  0.707114 0.070426 0.703583  0.017530 0.991478 1 0 1.000000
0  -27.938404 -122.701500 15.970434  0.715742 -0.000025 -0.698365  0.017530 0.991478 1 0 1.000000
aluminium
0  -27.938402 -125.291992 15.970525  0.707149 -0.070407 -0.703550  0.017530 0.991478 1 0 1.000000
0  -27.938404 -122.701500 15.970434  0.715742 -0.000025 -0.698365  0.017530 0.991478 1 0 1.000000
0  -27.938402 -125.225700 16.632458  0.707114 0.070426 0.703583  0.017530 0.991478 1 0 1.000000
aluminium
0  -27.938404 -122.701500 15.970434  0.715742 -0.000025 -0.698365  0.017530 0.991478 1 0 1.000000
0  -27.938402 -125.291992 15.970525  0.707149 -0.070407 -0.703550  0.017530 0.991478 1 0 1.000000
0  -28.600338 -122.701500 15.970434  -0.698350 -0.000025 -0.715757  0.017530 0.991478 1 0 1.000000
aluminium
0  -27.938402 -125.291992 15.970525  0.707149 -0.070407 -0.703550  0.017530 0.991478 1 0 1.000000
0  -28.600336 -125.291992 15.970525  -0.458560 -0.088544 -0.884241  0.017530 0.991478 1 0 1.000000
0  -28.600338 -122.701500 15.970434  -0.698350 -0.000025 -0.715757  0.017530 0.991478 1 0 1.000000
aluminium
0  -27.938402 -125.291992 15.970525  0.707149 -0.070407 -0.703550  0.017530 0.991478 1 0 1.000000
0  -27.938402 -126.104927 16.134869  0.706902 -0.273129 -0.652449  0.017530 0.991478 1 0 1.000000
0  -28.600336 -125.291992 15.970525  -0.458560 -0.088544 -0.884241  0.017530 0.991478 1 0 1.000000
aluminium
0  -27.938402 -126.104927 16.134869  0.706902 -0.273129 -0.652449  0.017530 0.991478 1 0 1.000000
0  -28.600336 -126.104927 16.134869  -0.457894 -0.343317 -0.820041  0.017530 0.991478 1 0 1.000000
0  -28.600336 -125.291992 15.970525  -0.458560 -0.088544 -0.884241  0.017530 0.991478 1 0 1.000000
aluminium
0  -27.938402 -126.104927 16.134869  0.706902 -0.273129 -0.652449  0.017530 0.991478 1 0 1.000000
0  -27.938402 -126.832985 16.625963  0.707109 -0.500004 -0.499993  0.017530 0.991478 1 0 1.000000
0  -28.600336 -126.104927 16.134869  -0.457894 -0.343317 -0.820041  0.017530 0.991478 1 0 1.000000
aluminium
0  -27.938402 -126.104927 16.134869  0.706902 -0.273129 -0.652449  0.017530 0.991478 1 0 1.000000
0  -27.938402 -125.844292 16.757519  0.707274 0.272907 0.652138  0.017530 0.991478 1 0 1.000000
0  -27.938402 -126.832985 16.625963  0.707109 -0.500004 -0.499993  0.017530 0.991478 1 0 1.000000
aluminium
0  -27.938402 -126.104927 16.134869  0.706902 -0.273129 -0.652449  0.017530 0.991478 1 0 1.000000
0  -27.938402 -125.291992 15.970525  0.707149 -0.070407 -0.703550  0.017530 0.991478 1 0 1.000000
0  -27.938402 -125.844292 16.757519  0.707274 0.272907 0.652138  0.017530 0.991478 1 0 1.000000
aluminium
0  -27.938402 -125.225700 16.632458  0.707114 0.070426 0.703583  0.017530 0.991478 1 0 1.000000
0  -27.938402 -125.844292 16.757519  0.707274 0.272907 0.652138  0.017530 0.991478 1 0 1.000000
0  -27.938402 -125.291992 15.970525  0.707149 -0.070407 -0.703550  0.017530 0.991478 1 0 1.000000
aluminium
0  -6.091422 -116.571198 20.444714  1.000000 0.000000 0.000000  0.017530 0.991478 1 0 1.000000
0  -6.091422 -122.403664 14.370600  1.000000 0.000000 0.000000  0.017530 0.991478 1 0 1.000000
0  -6.091422 -116.571198 14.370600  1.000000 0.000000 0.000000  0.017530 0.991478 1 0 1.000000
aluminium
0  -6.091422 -116.571198 20.444714  1.000000 0.000000 -0.000000  0.017530 0.991478 1 0 1.000000
0  -6.091421 -122.403664 20.444714  1.000000 0.000000 -0.000000  0.017530 0.991478 1 0 1.000000
0  -6.091422 -122.403664 14.370600  1.000000 0.000000 -0.000000  0.017530 0.991478 1 0 1.000000
aluminium
0  -6.597488 -123.920921 19.765013  0.000000 -0.994220 -0.107364  0.992676 0.991798 1 0 1.000000
0  -6.597488 -123.790985 19.364973  0.000000 -0.809039 -0.587755  0.992676 0.990608 1 0 1.000000
0  6.597961 -123.790985 19.364973  0.000000 -0.809039 -0.587756  0.992676 0.990608 1 0 1.000000
aluminium
0  6.597961 -123.790985 19.364973  0.000000 -0.809039 -0.587756  0.992676 0.990608 1 0 1.000000
0  6.597961 -123.920921 19.765013  0.000000 -0.994216 0.107400  0.992188 0.991646 1 0 1.000000
0  -6.597488 -123.920921 19.765013  0.000000 -0.994220 -0.107364  0.992676 0.991798 1 0 1.000000
aluminium
0  -6.597488 -123.790985 20.165003  0.000000 -0.809028 0.587770  0.992676 0.990608 1 0 1.000000
0  -6.597488 -123.920921 19.765013  0.000000 -0.994220 -0.107364  0.992676 0.991798 1 0 1.000000
0  6.597961 -123.920921 19.765013  0.000000 -0.994216 0.107400  0.992188 0.991646 1 0 1.000000
aluminium
0  6.597961 -123.920921 19.765013  0.000000 -0.994216 0.107400  0.992188 0.991646 1 0 1.000000
0  6.597961 -123.790985 20.165003  0.000000 -0.809028 0.587770  0.992676 0.990891 1 0 1.000000
0  -6.597488 -123.790985 20.165003  0.000000 -0.809028 0.587770  0.992676 0.990608 1 0 1.000000
aluminium
0  6.597961 -123.450661 19.117735  0.000000 -0.409358 -0.912374  0.992676 0.991608 1 0 1.000000
0  6.597961 -123.790985 19.364973  0.000000 -0.809039 -0.587756  0.992676 0.991798 1 0 1.000000
0  -6.597488 -123.790985 19.364973  0.000000 -0.809039 -0.587755  0.992676 0.990936 1 0 1.000000
aluminium
0  -6.597488 -123.790985 19.364973  0.000000 -0.809039 -0.587755  0.992676 0.990936 1 0 1.000000
0  -6.597488 -123.450661 19.117735  0.000000 -0.205063 -0.978749  0.017530 0.991478 1 0 1.000000
0  6.597961 -123.450661 19.117735  0.000000 -0.409358 -0.912374  0.992676 0.991608 1 0 1.000000
aluminium
0  6.597961 -123.030052 19.117735  0.000000 0.205074 -0.978746  0.017530 0.991478 1 0 1.000000
0  6.597961 -123.450661 19.117735  0.000000 -0.409358 -0.912374  0.992676 0.991608 1 0 1.000000
0  -6.597488 -123.450661 19.117735  0.000000 -0.205063 -0.978749  0.017530 0.991478 1 0 1.000000
aluminium
0  -6.597488 -123.450661 19.117735  0.000000 -0.205063 -0.978749  0.017530 0.991478 1 0 1.000000
0  -6.597488 -123.030052 19.117735  -0.000000 0.409357 -0.912374  0.017530 0.991478 1 0 1.000000
0  6.597961 -123.030052 19.117735  0.000000 0.205074 -0.978746  0.017530 0.991478 1 0 1.000000
aluminium
0  6.597961 -122.689774 19.364973  0.000000 0.587794 -0.809010  0.017530 0.991478 1 0 1.000000
0  6.597961 -123.030052 19.117735  0.000000 0.205074 -0.978746  0.017530 0.991478 1 0 1.000000
0  -6.597488 -123.030052 19.117735  -0.000000 0.409357 -0.912374  0.017530 0.991478 1 0 1.000000
aluminium
0  -6.597488 -123.030052 19.117735  -0.000000 0.409357 -0.912374  0.017530 0.991478 1 0 1.000000
0  -6.597489 -122.689774 19.364973  0.000000 0.587815 -0.808996  0.017530 0.991478 1 0 1.000000
0  6.597961 -122.689774 19.364973  0.000000 0.587794 -0.809010  0.017530 0.991478 1 0 1.000000
aluminium
0  5.930120 -125.051620 14.372449  -1.000000 0.000000 0.000000  0.017530 0.991478 1 0 1.000000
0  5.930120 -122.281212 13.868141  -1.000000 0.000000 0.000000  0.017530 0.991478 1 0 1.000000
0  5.930120 -124.774300 14.071902  -1.000000 -0.000000 0.000000  0.017530 0.991478 1 0 1.000000
aluminium
0  5.930120 -125.051620 14.372449  -1.000000 0.000000 0.000000  0.017530 0.991478 1 0 1.000000
0  5.930120 -125.051620 20.551466  -1.000000 -0.000002 0.000000  0.017530 0.991478 1 0 1.000000
0  5.930120 -122.281212 13.868141  -1.000000 0.000000 0.000000  0.017530 0.991478 1 0 1.000000
aluminium
0  5.930120 -125.051620 20.551466  -1.000000 -0.000002 0.000000  0.017530 0.991478 1 0 1.000000
0  5.930120 -124.774071 20.856253  -1.000000 -0.000003 0.000000  0.017530 0.991478 1 0 1.000000
0  5.930120 -122.281212 13.868141  -1.000000 0.000000 0.000000  0.017530 0.991478 1 0 1.000000
aluminium
0  5.930120 -124.774071 20.856253  -1.000000 0.000000 0.000000  0.017530 0.991478 1 0 1.000000
0  5.930120 -122.281212 21.094200  -1.000000 0.000000 0.000000  0.017530 0.991478 1 0 1.000000
0  5.930120 -122.281212 13.868141  -1.000000 0.000000 0.000000  0.017530 0.991478 1 0 1.000000
aluminium
0  28.600359 -125.844292 19.723879  0.459058 0.343058 -0.819498  0.017530 0.991478 1 0 1.000000
0  28.600359 -126.356133 19.378637  0.457873 0.628623 -0.628638  0.017530 0.991478 1 0 1.000000
0  27.938425 -126.356133 19.378637  -0.706887 0.500165 -0.500146  0.017530 0.991478 1 0 1.000000
aluminium
0  28.600359 -126.356133 19.378637  0.457873 0.628623 -0.628638  0.017530 0.991478 1 0 1.000000
0  27.938425 -126.701469 18.866709  -0.707103 0.652261 -0.273058  0.017530 0.991478 1 0 1.000000
0  27.938425 -126.356133 19.378637  -0.706887 0.500165 -0.500146  0.017530 0.991478 1 0 1.000000
aluminium
0  27.938425 -126.104927 16.134865  -0.706901 -0.273128 -0.652451  0.017530 0.991478 1 0 1.000000
0  27.938425 -125.844292 16.757515  -0.707275 0.272995 0.652101  0.017530 0.991478 1 0 1.000000
0  27.938425 -125.291992 15.970521  -0.707278 -0.070392 -0.703422  0.017530 0.991478 1 0 1.000000
aluminium
0  27.938425 -126.104927 16.134865  -0.706901 -0.273128 -0.652451  0.017530 0.991478 1 0 1.000000
0  27.938425 -126.832985 16.625959  -0.707109 -0.499998 -0.500000  0.017530 0.991478 1 0 1.000000
0  27.938425 -125.844292 16.757515  -0.707275 0.272995 0.652101  0.017530 0.991478 1 0 1.000000
aluminium
0  27.938425 -126.356133 17.102800  -0.706915 0.500139 0.500132  0.017530 0.991478 1 0 1.000000
0  27.938425 -125.844292 16.757515  -0.707275 0.272995 0.652101  0.017530 0.991478 1 0 1.000000
0  27.938425 -126.832985 16.625959  -0.707109 -0.499998 -0.500000  0.017530 0.991478 1 0 1.000000
aluminium
0  27.938425 -126.701469 17.614687  -0.707075 0.652296 0.273047  0.017530 0.991478 1 0 1.000000
0  27.938425 -126.356133 17.102800  -0.706915 0.500139 0.500132  0.017530 0.991478 1 0 1.000000
0  27.938425 -126.832985 16.625959  -0.707109 -0.499998 -0.500000  0.017530 0.991478 1 0 1.000000
aluminium
0  28.600359 -126.701469 17.614687  0.458576 0.819723 0.343164  0.017530 0.991478 1 0 1.000000
0  27.938425 -126.356133 17.102800  -0.706915 0.500139 0.500132  0.017530 0.991478 1 0 1.000000
0  27.938425 -126.701469 17.614687  -0.707075 0.652296 0.273047  0.017530 0.991478 1 0 1.000000
aluminium
0  28.600359 -126.827972 18.240719  0.459038 0.888417 0.000020  0.017530 0.991478 1 0 1.000000
0  28.600359 -126.701469 17.614687  0.458576 0.819723 0.343164  0.017530 0.991478 1 0 1.000000
0  27.938425 -126.701469 17.614687  -0.707075 0.652296 0.273047  0.017530 0.991478 1 0 1.000000
aluminium
0  28.600359 -126.701469 17.614687  0.458576 0.819723 0.343164  0.017530 0.991478 1 0 1.000000
0  28.600359 -126.827972 18.240719  0.459038 0.888417 0.000020  0.017530 0.991478 1 0 1.000000
0  28.600359 -127.324028 17.354010  0.458090 -0.819923 -0.343337  0.017530 0.991478 1 0 1.000000
aluminium
0  28.600359 -127.503304 18.240719  0.457907 -0.889000 0.000017  0.017530 0.991478 1 0 1.000000
0  28.600359 -127.324028 17.354010  0.458090 -0.819923 -0.343337  0.017530 0.991478 1 0 1.000000
0  28.600359 -126.827972 18.240719  0.459038 0.888417 0.000020  0.017530 0.991478 1 0 1.000000
aluminium
0  28.600359 -127.324028 17.354010  0.458090 -0.819923 -0.343337  0.017530 0.991478 1 0 1.000000
0  28.600359 -127.503304 18.240719  0.457907 -0.889000 0.000017  0.017530 0.991478 1 0 1.000000
0  27.938381 -127.503304 18.240719  -0.706926 -0.707288 0.000056  0.017530 0.991478 1 0 1.000000
aluminium
0  28.600359 -127.503304 18.240719  0.457907 -0.889000 0.000017  0.017530 0.991478 1 0 1.000000
0  27.938381 -127.324028 19.127386  -0.707160 -0.652196 0.273067  0.017530 0.991478 1 0 1.000000
0  27.938381 -127.503304 18.240719  -0.706926 -0.707288 0.000056  0.017530 0.991478 1 0 1.000000
aluminium
0  27.938381 -127.503304 18.240719  -0.706926 -0.707288 0.000056  0.017530 0.991478 1 0 1.000000
0  27.938381 -127.324028 19.127386  -0.707160 -0.652196 0.273067  0.017530 0.991478 1 0 1.000000
0  27.938425 -126.827972 18.240719  -0.707229 0.706985 -0.000014  0.017530 0.991478 1 0 1.000000
aluminium
0  27.938425 -126.701469 18.866709  -0.707103 0.652261 -0.273058  0.017530 0.991478 1 0 1.000000
0  27.938425 -126.827972 18.240719  -0.707229 0.706985 -0.000014  0.017530 0.991478 1 0 1.000000
0  27.938381 -127.324028 19.127386  -0.707160 -0.652196 0.273067  0.017530 0.991478 1 0 1.000000
aluminium
0  28.600359 -126.701469 18.866709  0.458538 0.819769 -0.343106  0.017530 0.991478 1 0 1.000000
0  27.938425 -126.827972 18.240719  -0.707229 0.706985 -0.000014  0.017530 0.991478 1 0 1.000000
0  27.938425 -126.701469 18.866709  -0.707103 0.652261 -0.273058  0.017530 0.991478 1 0 1.000000
aluminium
0  28.600359 -126.356133 19.378637  0.457873 0.628623 -0.628638  0.017530 0.991478 1 0 1.000000
0  28.600359 -126.701469 18.866709  0.458538 0.819769 -0.343106  0.017530 0.991478 1 0 1.000000
0  27.938425 -126.701469 18.866709  -0.707103 0.652261 -0.273058  0.017530 0.991478 1 0 1.000000
aluminium
0  28.600359 -126.356133 19.378637  0.457873 0.628623 -0.628638  0.017530 0.991478 1 0 1.000000
0  28.600359 -126.832932 19.855434  0.459046 -0.628190 0.628215  0.017530 0.991478 1 0 1.000000
0  28.600359 -126.701469 18.866709  0.458538 0.819769 -0.343106  0.017530 0.991478 1 0 1.000000
aluminium
0  28.600359 -126.356133 19.378637  0.457873 0.628623 -0.628638  0.017530 0.991478 1 0 1.000000
0  28.600359 -125.844292 19.723879  0.459058 0.343058 -0.819498  0.017530 0.991478 1 0 1.000000
0  28.600359 -126.832932 19.855434  0.459046 -0.628190 0.628215  0.017530 0.991478 1 0 1.000000
aluminium
0  28.600359 -126.832932 19.855434  0.459046 -0.628190 0.628215  0.017530 0.991478 1 0 1.000000
0  28.600359 -125.844292 19.723879  0.459058 0.343058 -0.819498  0.017530 0.991478 1 0 1.000000
0  28.600359 -126.104874 20.346529  0.457917 -0.343301 0.820034  0.017530 0.991478 1 0 1.000000
aluminium
0  28.600359 -126.104874 20.346529  0.457917 -0.343301 0.820034  0.017530 0.991478 1 0 1.000000
0  28.600359 -125.844292 19.723879  0.459058 0.343058 -0.819498  0.017530 0.991478 1 0 1.000000
0  28.600359 -125.291954 20.510874  0.459215 -0.088511 0.883904  0.017530 0.991478 1 0 1.000000
aluminium
0  27.938425 -126.827972 18.240719  -0.707229 0.706985 -0.000014  0.017530 0.991478 1 0 1.000000
0  27.938381 -127.324028 17.354010  -0.707358 -0.652028 -0.272955  0.017530 0.991478 1 0 1.000000
0  27.938381 -127.503304 18.240719  -0.706926 -0.707288 0.000056  0.017530 0.991478 1 0 1.000000
aluminium
0  28.600359 -127.324028 17.354010  0.458090 -0.819923 -0.343337  0.017530 0.991478 1 0 1.000000
0  27.938381 -127.503304 18.240719  -0.706926 -0.707288 0.000056  0.017530 0.991478 1 0 1.000000
0  27.938381 -127.324028 17.354010  -0.707358 -0.652028 -0.272955  0.017530 0.991478 1 0 1.000000
aluminium
0  28.600359 -126.701469 18.866709  0.458538 0.819769 -0.343106  0.017530 0.991478 1 0 1.000000
0  28.600359 -127.324028 19.127386  0.458558 -0.819732 0.343168  0.017530 0.991478 1 0 1.000000
0  28.600359 -126.827972 18.240719  0.459038 0.888417 0.000020  0.017530 0.991478 1 0 1.000000
aluminium
0  28.600359 -126.701469 18.866709  0.458538 0.819769 -0.343106  0.017530 0.991478 1 0 1.000000
0  28.600359 -126.827972 18.240719  0.459038 0.888417 0.000020  0.017530 0.991478 1 0 1.000000
0  27.938425 -126.827972 18.240719  -0.707229 0.706985 -0.000014  0.017530 0.991478 1 0 1.000000
aluminium
0  28.600359 -126.827972 18.240719  0.459038 0.888417 0.000020  0.017530 0.991478 1 0 1.000000
0  27.938425 -126.701469 17.614687  -0.707075 0.652296 0.273047  0.017530 0.991478 1 0 1.000000
0  27.938425 -126.827972 18.240719  -0.707229 0.706985 -0.000014  0.017530 0.991478 1 0 1.000000
aluminium
0  27.938425 -126.701469 17.614687  -0.707075 0.652296 0.273047  0.017530 0.991478 1 0 1.000000
0  27.938381 -127.324028 17.354010  -0.707358 -0.652028 -0.272955  0.017530 0.991478 1 0 1.000000
0  27.938425 -126.827972 18.240719  -0.707229 0.706985 -0.000014  0.017530 0.991478 1 0 1.000000
aluminium
0  27.938425 -126.701469 17.614687  -0.707075 0.652296 0.273047  0.017530 0.991478 1 0 1.000000
0  27.938425 -126.832985 16.625959  -0.707109 -0.499998 -0.500000  0.017530 0.991478 1 0 1.000000
0  27.938381 -127.324028 17.354010  -0.707358 -0.652028 -0.272955  0.017530 0.991478 1 0 1.000000
aluminium
0  27.938381 -127.324028 17.354010  -0.707358 -0.652028 -0.272955  0.017530 0.991478 1 0 1.000000
0  27.938425 -126.832985 16.625959  -0.707109 -0.499998 -0.500000  0.017530 0.991478 1 0 1.000000
0  28.600359 -127.324028 17.354010  0.458090 -0.819923 -0.343337  0.017530 0.991478 1 0 1.000000
aluminium
0  28.600359 -126.832985 16.625959  0.459698 -0.628007 -0.627922  0.017530 0.991478 1 0 1.000000
0  28.600359 -127.324028 17.354010  0.458090 -0.819923 -0.343337  0.017530 0.991478 1 0 1.000000
0  27.938425 -126.832985 16.625959  -0.707109 -0.499998 -0.500000  0.017530 0.991478 1 0 1.000000
aluminium
0  28.600359 -127.324028 17.354010  0.458090 -0.819923 -0.343337  0.017530 0.991478 1 0 1.000000
0  28.600359 -126.832985 16.625959  0.459698 -0.628007 -0.627922  0.017530 0.991478 1 0 1.000000
0  28.600359 -126.701469 17.614687  0.458576 0.819723 0.343164  0.017530 0.991478 1 0 1.000000
aluminium
0  28.600359 -126.701469 17.614687  0.458576 0.819723 0.343164  0.017530 0.991478 1 0 1.000000
0  28.600359 -126.832985 16.625959  0.459698 -0.628007 -0.627922  0.017530 0.991478 1 0 1.000000
0  28.600359 -126.356133 17.102800  0.457906 0.628636 0.628601  0.017530 0.991478 1 0 1.000000
aluminium
0  28.600359 -126.701469 17.614687  0.458576 0.819723 0.343164  0.017530 0.991478 1 0 1.000000
0  28.600359 -126.356133 17.102800  0.457906 0.628636 0.628601  0.017530 0.991478 1 0 1.000000
0  27.938425 -126.356133 17.102800  -0.706915 0.500139 0.500132  0.017530 0.991478 1 0 1.000000
aluminium
0  27.938425 -126.356133 17.102800  -0.706915 0.500139 0.500132  0.017530 0.991478 1 0 1.000000
0  28.600359 -126.356133 17.102800  0.457906 0.628636 0.628601  0.017530 0.991478 1 0 1.000000
0  27.938425 -125.844292 16.757515  -0.707275 0.272995 0.652101  0.017530 0.991478 1 0 1.000000
aluminium
0  28.600359 -125.844292 16.757515  0.459047 0.343073 0.819498  0.017530 0.991478 1 0 1.000000
0  27.938425 -125.844292 16.757515  -0.707275 0.272995 0.652101  0.017530 0.991478 1 0 1.000000
0  28.600359 -126.356133 17.102800  0.457906 0.628636 0.628601  0.017530 0.991478 1 0 1.000000
aluminium
0  27.938425 -125.844292 16.757515  -0.707275 0.272995 0.652101  0.017530 0.991478 1 0 1.000000
0  28.600359 -125.844292 16.757515  0.459047 0.343073 0.819498  0.017530 0.991478 1 0 1.000000
0  27.938425 -125.225700 16.632454  -0.706871 0.070411 0.703830  0.017530 0.991478 1 0 1.000000
aluminium
0  28.600359 -125.225700 16.632454  0.459231 0.088471 0.883900  0.017530 0.991478 1 0 1.000000
0  27.938425 -125.225700 16.632454  -0.706871 0.070411 0.703830  0.017530 0.991478 1 0 1.000000
0  28.600359 -125.844292 16.757515  0.459047 0.343073 0.819498  0.017530 0.991478 1 0 1.000000
aluminium
0  27.938425 -125.225700 16.632454  -0.706871 0.070411 0.703830  0.017530 0.991478 1 0 1.000000
0  28.600359 -125.225700 16.632454  0.459231 0.088471 0.883900  0.017530 0.991478 1 0 1.000000
0  28.600359 -122.701500 16.632362  0.698365 0.000026 0.715741  0.017530 0.991478 1 0 1.000000
aluminium
0  28.600359 -122.701500 16.632362  0.698365 0.000026 0.715741  0.017530 0.991478 1 0 1.000000
0  28.600359 -125.225700 16.632454  0.459231 0.088471 0.883900  0.017530 0.991478 1 0 1.000000
0  28.600357 -122.701500 15.970430  0.698348 -0.000073 -0.715759  0.017530 0.991478 1 0 1.000000
aluminium
0  28.600359 -125.225700 16.632454  0.459231 0.088471 0.883900  0.017530 0.991478 1 0 1.000000
0  28.600359 -125.291992 15.970521  0.458560 -0.088460 -0.884250  0.017530 0.991478 1 0 1.000000
0  28.600357 -122.701500 15.970430  0.698348 -0.000073 -0.715759  0.017530 0.991478 1 0 1.000000
aluminium
0  27.938425 -125.291992 15.970521  -0.707278 -0.070392 -0.703422  0.017530 0.991478 1 0 1.000000
0  28.600357 -122.701500 15.970430  0.698348 -0.000073 -0.715759  0.017530 0.991478 1 0 1.000000
0  28.600359 -125.291992 15.970521  0.458560 -0.088460 -0.884250  0.017530 0.991478 1 0 1.000000
aluminium
0  28.600359 -125.225700 16.632454  0.459231 0.088471 0.883900  0.017530 0.991478 1 0 1.000000
0  28.600359 -125.844292 16.757515  0.459047 0.343073 0.819498  0.017530 0.991478 1 0 1.000000
0  28.600359 -125.291992 15.970521  0.458560 -0.088460 -0.884250  0.017530 0.991478 1 0 1.000000
aluminium
0  28.600359 -125.844292 16.757515  0.459047 0.343073 0.819498  0.017530 0.991478 1 0 1.000000
0  28.600359 -126.104927 16.134865  0.457894 -0.343313 -0.820042  0.017530 0.991478 1 0 1.000000
0  28.600359 -125.291992 15.970521  0.458560 -0.088460 -0.884250  0.017530 0.991478 1 0 1.000000
aluminium
0  27.938425 -125.225700 16.632454  -0.706871 0.070411 0.703830  0.017530 0.991478 1 0 1.000000
0  27.938425 -125.291992 15.970521  -0.707278 -0.070392 -0.703422  0.017530 0.991478 1 0 1.000000
0  27.938425 -125.844292 16.757515  -0.707275 0.272995 0.652101  0.017530 0.991478 1 0 1.000000
aluminium
0  27.938425 -125.291992 15.970521  -0.707278 -0.070392 -0.703422  0.017530 0.991478 1 0 1.000000
0  27.938425 -125.225700 16.632454  -0.706871 0.070411 0.703830  0.017530 0.991478 1 0 1.000000
0  27.938423 -122.701500 15.970430  -0.715744 -0.000061 -0.698363  0.017530 0.991478 1 0 1.000000
aluminium
0  28.600357 -122.701500 15.970430  0.698348 -0.000073 -0.715759  0.017530 0.991478 1 0 1.000000
0  27.938425 -125.291992 15.970521  -0.707278 -0.070392 -0.703422  0.017530 0.991478 1 0 1.000000
0  27.938423 -122.701500 15.970430  -0.715744 -0.000061 -0.698363  0.017530 0.991478 1 0 1.000000
aluminium
0  28.600359 -125.291992 15.970521  0.458560 -0.088460 -0.884250  0.017530 0.991478 1 0 1.000000
0  27.938425 -126.104927 16.134865  -0.706901 -0.273128 -0.652451  0.017530 0.991478 1 0 1.000000
0  27.938425 -125.291992 15.970521  -0.707278 -0.070392 -0.703422  0.017530 0.991478 1 0 1.000000
aluminium
0  28.600359 -125.291992 15.970521  0.458560 -0.088460 -0.884250  0.017530 0.991478 1 0 1.000000
0  28.600359 -126.104927 16.134865  0.457894 -0.343313 -0.820042  0.017530 0.991478 1 0 1.000000
0  27.938425 -126.104927 16.134865  -0.706901 -0.273128 -0.652451  0.017530 0.991478 1 0 1.000000
aluminium
0  28.600359 -126.104927 16.134865  0.457894 -0.343313 -0.820042  0.017530 0.991478 1 0 1.000000
0  27.938425 -126.832985 16.625959  -0.707109 -0.499998 -0.500000  0.017530 0.991478 1 0 1.000000
0  27.938425 -126.104927 16.134865  -0.706901 -0.273128 -0.652451  0.017530 0.991478 1 0 1.000000
aluminium
0  28.600359 -126.104927 16.134865  0.457894 -0.343313 -0.820042  0.017530 0.991478 1 0 1.000000
0  28.600359 -126.832985 16.625959  0.459698 -0.628007 -0.627922  0.017530 0.991478 1 0 1.000000
0  27.938425 -126.832985 16.625959  -0.707109 -0.499998 -0.500000  0.017530 0.991478 1 0 1.000000
aluminium
0  28.600359 -126.104927 16.134865  0.457894 -0.343313 -0.820042  0.017530 0.991478 1 0 1.000000
0  28.600359 -125.844292 16.757515  0.459047 0.343073 0.819498  0.017530 0.991478 1 0 1.000000
0  28.600359 -126.832985 16.625959  0.459698 -0.628007 -0.627922  0.017530 0.991478 1 0 1.000000
aluminium
0  28.600359 -126.356133 17.102800  0.457906 0.628636 0.628601  0.017530 0.991478 1 0 1.000000
0  28.600359 -126.832985 16.625959  0.459698 -0.628007 -0.627922  0.017530 0.991478 1 0 1.000000
0  28.600359 -125.844292 16.757515  0.459047 0.343073 0.819498  0.017530 0.991478 1 0 1.000000
aluminium
0  27.938425 -122.701500 16.632362  -0.715738 0.000026 0.698369  0.017530 0.991478 1 0 1.000000
0  27.938425 -125.225700 16.632454  -0.706871 0.070411 0.703830  0.017530 0.991478 1 0 1.000000
0  28.600359 -122.701500 16.632362  0.698365 0.000026 0.715741  0.017530 0.991478 1 0 1.000000
aluminium
0  27.938425 -122.701500 16.632362  -0.715738 0.000026 0.698369  0.017530 0.991478 1 0 1.000000
0  27.938423 -122.701500 15.970430  -0.715744 -0.000061 -0.698363  0.017530 0.991478 1 0 1.000000
0  27.938425 -125.225700 16.632454  -0.706871 0.070411 0.703830  0.017530 0.991478 1 0 1.000000
aluminium
0  28.600359 -125.291954 20.510874  0.459215 -0.088511 0.883904  0.017530 0.991478 1 0 1.000000
0  27.938425 -125.291954 20.510874  -0.706963 -0.070369 0.703741  0.017530 0.991478 1 0 1.000000
0  28.600359 -126.104874 20.346529  0.457917 -0.343301 0.820034  0.017530 0.991478 1 0 1.000000
aluminium
0  27.938425 -125.291954 20.510874  -0.706963 -0.070369 0.703741  0.017530 0.991478 1 0 1.000000
0  28.600359 -125.291954 20.510874  0.459215 -0.088511 0.883904  0.017530 0.991478 1 0 1.000000
0  28.600359 -122.701500 20.510963  0.698349 -0.000024 0.715758  0.017530 0.991478 1 0 1.000000
aluminium
0  27.938425 -122.701500 20.510963  -0.715743 -0.000025 0.698364  0.017530 0.991478 1 0 1.000000
0  27.938425 -125.291954 20.510874  -0.706963 -0.070369 0.703741  0.017530 0.991478 1 0 1.000000
0  28.600359 -122.701500 20.510963  0.698349 -0.000024 0.715758  0.017530 0.991478 1 0 1.000000
aluminium
0  27.938425 -125.225700 19.848942  -0.707328 0.070403 -0.703371  0.017530 0.991478 1 0 1.000000
0  27.938425 -125.291954 20.510874  -0.706963 -0.070369 0.703741  0.017530 0.991478 1 0 1.000000
0  27.938425 -122.701500 20.510963  -0.715743 -0.000025 0.698364  0.017530 0.991478 1 0 1.000000
aluminium
0  27.938425 -122.701500 19.849031  -0.715739 -0.000017 -0.698368  0.017530 0.991478 1 0 1.000000
0  27.938425 -125.225700 19.848942  -0.707328 0.070403 -0.703371  0.017530 0.991478 1 0 1.000000
0  27.938425 -122.701500 20.510963  -0.715743 -0.000025 0.698364  0.017530 0.991478 1 0 1.000000
aluminium
0  27.938425 -122.701500 19.849031  -0.715739 -0.000017 -0.698368  0.017530 0.991478 1 0 1.000000
0  28.600359 -122.701500 19.849031  0.698364 -0.000009 -0.715743  0.017530 0.991478 1 0 1.000000
0  27.938425 -125.225700 19.848942  -0.707328 0.070403 -0.703371  0.017530 0.991478 1 0 1.000000
aluminium
0  28.600359 -125.225700 19.848942  0.457881 0.088542 -0.884593  0.017530 0.991478 1 0 1.000000
0  27.938425 -125.225700 19.848942  -0.707328 0.070403 -0.703371  0.017530 0.991478 1 0 1.000000
0  28.600359 -122.701500 19.849031  0.698364 -0.000009 -0.715743  0.017530 0.991478 1 0 1.000000
aluminium
0  28.600359 -122.701500 19.849031  0.698364 -0.000009 -0.715743  0.017530 0.991478 1 0 1.000000
0  28.600359 -122.701500 20.510963  0.698349 -0.000024 0.715758  0.017530 0.991478 1 0 1.000000
0  28.600359 -125.225700 19.848942  0.457881 0.088542 -0.884593  0.017530 0.991478 1 0 1.000000
aluminium
0  28.600359 -125.291954 20.510874  0.459215 -0.088511 0.883904  0.017530 0.991478 1 0 1.000000
0  28.600359 -125.225700 19.848942  0.457881 0.088542 -0.884593  0.017530 0.991478 1 0 1.000000
0  28.600359 -122.701500 20.510963  0.698349 -0.000024 0.715758  0.017530 0.991478 1 0 1.000000
aluminium
0  28.600359 -125.225700 19.848942  0.457881 0.088542 -0.884593  0.017530 0.991478 1 0 1.000000
0  28.600359 -125.291954 20.510874  0.459215 -0.088511 0.883904  0.017530 0.991478 1 0 1.000000
0  28.600359 -125.844292 19.723879  0.459058 0.343058 -0.819498  0.017530 0.991478 1 0 1.000000
aluminium
0  28.600359 -125.225700 19.848942  0.457881 0.088542 -0.884593  0.017530 0.991478 1 0 1.000000
0  28.600359 -125.844292 19.723879  0.459058 0.343058 -0.819498  0.017530 0.991478 1 0 1.000000
0  27.938425 -125.844292 19.723879  -0.707251 0.273003 -0.652124  0.017530 0.991478 1 0 1.000000
aluminium
0  28.600359 -125.844292 19.723879  0.459058 0.343058 -0.819498  0.017530 0.991478 1 0 1.000000
0  27.938425 -126.356133 19.378637  -0.706887 0.500165 -0.500146  0.017530 0.991478 1 0 1.000000
0  27.938425 -125.844292 19.723879  -0.707251 0.273003 -0.652124  0.017530 0.991478 1 0 1.000000
aluminium
0  27.938425 -126.356133 19.378637  -0.706887 0.500165 -0.500146  0.017530 0.991478 1 0 1.000000
0  27.938425 -126.832932 19.855434  -0.707259 -0.499928 0.499857  0.017530 0.991478 1 0 1.000000
0  27.938425 -125.844292 19.723879  -0.707251 0.273003 -0.652124  0.017530 0.991478 1 0 1.000000
aluminium
0  27.938425 -126.356133 19.378637  -0.706887 0.500165 -0.500146  0.017530 0.991478 1 0 1.000000
0  27.938425 -126.701469 18.866709  -0.707103 0.652261 -0.273058  0.017530 0.991478 1 0 1.000000
0  27.938425 -126.832932 19.855434  -0.707259 -0.499928 0.499857  0.017530 0.991478 1 0 1.000000
aluminium
0  27.938381 -127.324028 19.127386  -0.707160 -0.652196 0.273067  0.017530 0.991478 1 0 1.000000
0  27.938425 -126.832932 19.855434  -0.707259 -0.499928 0.499857  0.017530 0.991478 1 0 1.000000
0  27.938425 -126.701469 18.866709  -0.707103 0.652261 -0.273058  0.017530 0.991478 1 0 1.000000
aluminium
0  28.600359 -127.324028 19.127386  0.458558 -0.819732 0.343168  0.017530 0.991478 1 0 1.000000
0  27.938425 -126.832932 19.855434  -0.707259 -0.499928 0.499857  0.017530 0.991478 1 0 1.000000
0  27.938381 -127.324028 19.127386  -0.707160 -0.652196 0.273067  0.017530 0.991478 1 0 1.000000
aluminium
0  28.600359 -127.503304 18.240719  0.457907 -0.889000 0.000017  0.017530 0.991478 1 0 1.000000
0  28.600359 -127.324028 19.127386  0.458558 -0.819732 0.343168  0.017530 0.991478 1 0 1.000000
0  27.938381 -127.324028 19.127386  -0.707160 -0.652196 0.273067  0.017530 0.991478 1 0 1.000000
aluminium
0  28.600359 -127.503304 18.240719  0.457907 -0.889000 0.000017  0.017530 0.991478 1 0 1.000000
0  28.600359 -126.827972 18.240719  0.459038 0.888417 0.000020  0.017530 0.991478 1 0 1.000000
0  28.600359 -127.324028 19.127386  0.458558 -0.819732 0.343168  0.017530 0.991478 1 0 1.000000
aluminium
0  28.600359 -125.225700 19.848942  0.457881 0.088542 -0.884593  0.017530 0.991478 1 0 1.000000
0  27.938425 -125.844292 19.723879  -0.707251 0.273003 -0.652124  0.017530 0.991478 1 0 1.000000
0  27.938425 -125.225700 19.848942  -0.707328 0.070403 -0.703371  0.017530 0.991478 1 0 1.000000
aluminium
0  27.938425 -125.225700 19.848942  -0.707328 0.070403 -0.703371  0.017530 0.991478 1 0 1.000000
0  27.938425 -125.844292 19.723879  -0.707251 0.273003 -0.652124  0.017530 0.991478 1 0 1.000000
0  27.938425 -125.291954 20.510874  -0.706963 -0.070369 0.703741  0.017530 0.991478 1 0 1.000000
aluminium
0  27.938425 -126.104874 20.346529  -0.706892 -0.273124 0.652462  0.017530 0.991478 1 0 1.000000
0  27.938425 -125.291954 20.510874  -0.706963 -0.070369 0.703741  0.017530 0.991478 1 0 1.000000
0  27.938425 -125.844292 19.723879  -0.707251 0.273003 -0.652124  0.017530 0.991478 1 0 1.000000
aluminium
0  27.938425 -126.104874 20.346529  -0.706892 -0.273124 0.652462  0.017530 0.991478 1 0 1.000000
0  27.938425 -125.844292 19.723879  -0.707251 0.273003 -0.652124  0.017530 0.991478 1 0 1.000000
0  27.938425 -126.832932 19.855434  -0.707259 -0.499928 0.499857  0.017530 0.991478 1 0 1.000000
aluminium
0  27.938425 -126.832932 19.855434  -0.707259 -0.499928 0.499857  0.017530 0.991478 1 0 1.000000
0  28.600359 -126.832932 19.855434  0.459046 -0.628190 0.628215  0.017530 0.991478 1 0 1.000000
0  27.938425 -126.104874 20.346529  -0.706892 -0.273124 0.652462  0.017530 0.991478 1 0 1.000000
aluminium
0  28.600359 -127.324028 19.127386  0.458558 -0.819732 0.343168  0.017530 0.991478 1 0 1.000000
0  28.600359 -126.832932 19.855434  0.459046 -0.628190 0.628215  0.017530 0.991478 1 0 1.000000
0  27.938425 -126.832932 19.855434  -0.707259 -0.499928 0.499857  0.017530 0.991478 1 0 1.000000
aluminium
0  28.600359 -127.324028 19.127386  0.458558 -0.819732 0.343168  0.017530 0.991478 1 0 1.000000
0  28.600359 -126.701469 18.866709  0.458538 0.819769 -0.343106  0.017530 0.991478 1 0 1.000000
0  28.600359 -126.832932 19.855434  0.459046 -0.628190 0.628215  0.017530 0.991478 1 0 1.000000
aluminium
0  28.600359 -126.104874 20.346529  0.457917 -0.343301 0.820034  0.017530 0.991478 1 0 1.000000
0  27.938425 -126.104874 20.346529  -0.706892 -0.273124 0.652462  0.017530 0.991478 1 0 1.000000
0  28.600359 -126.832932 19.855434  0.459046 -0.628190 0.628215  0.017530 0.991478 1 0 1.000000
aluminium
0  27.938425 -126.104874 20.346529  -0.706892 -0.273124 0.652462  0.017530 0.991478 1 0 1.000000
0  28.600359 -126.104874 20.346529  0.457917 -0.343301 0.820034  0.017530 0.991478 1 0 1.000000
0  27.938425 -125.291954 20.510874  -0.706963 -0.070369 0.703741  0.017530 0.991478 1 0 1.000000
aluminium
0  -2.274473 -121.351570 15.639352  0.971928 0.228890 -0.054447  0.650841 0.155423 1 0 1.000000
0  -2.274473 -121.864716 15.191553  0.972034 -0.045145 -0.230461  0.650841 0.155423 1 0 1.000000
0  -2.274473 -121.505180 15.294247  0.819501 0.375737 -0.432711  0.650841 0.155423 1 0 1.000000
aluminium
0  -2.274473 -121.351570 15.639352  0.971928 0.228890 -0.054447  0.650841 0.155423 1 0 1.000000
0  -2.274473 -122.189392 15.337499  0.801565 -0.428682 -0.416804  0.650841 0.155423 1 0 1.000000
0  -2.274473 -121.864716 15.191553  0.972034 -0.045145 -0.230461  0.650841 0.155423 1 0 1.000000
aluminium
0  -2.274473 -121.351570 15.639352  0.971928 0.228890 -0.054447  0.650841 0.155423 1 0 1.000000
0  -2.274473 -122.367943 15.766354  0.945751 -0.315562 -0.077297  0.650841 0.155423 1 0 1.000000
0  -2.274473 -122.189392 15.337499  0.801565 -0.428682 -0.416804  0.650841 0.155423 1 0 1.000000
aluminium
0  -2.274473 -121.351570 15.639352  0.971928 0.228890 -0.054447  0.650841 0.155423 1 0 1.000000
0  -2.268384 -121.441139 16.161926  0.893285 0.395267 0.214023  0.650841 0.155423 1 0 1.000000
0  -2.274473 -122.367943 15.766354  0.945751 -0.315562 -0.077297  0.650841 0.155423 1 0 1.000000
aluminium
0  -2.268384 -121.441139 16.161926  0.893285 0.395267 0.214023  0.650841 0.155423 1 0 1.000000
0  -2.277405 -122.310165 16.445021  0.959780 -0.265809 0.090372  0.650841 0.155423 1 0 1.000000
0  -2.274473 -122.367943 15.766354  0.945751 -0.315562 -0.077297  0.650841 0.155423 1 0 1.000000
aluminium
0  -2.277405 -122.310165 16.445021  0.959780 -0.265809 0.090372  0.650841 0.155423 1 0 1.000000
0  -2.268384 -121.441139 16.161926  0.893285 0.395267 0.214023  0.650841 0.155423 1 0 1.000000
0  -2.421409 -122.452995 17.260159  0.983933 -0.073434 0.162738  0.650841 0.155423 1 0 1.000000
aluminium
0  -2.421409 -122.452995 17.260159  0.983933 -0.073434 0.162738  0.650841 0.155423 1 0 1.000000
0  -2.268384 -121.441139 16.161926  0.893285 0.395267 0.214023  0.650841 0.155423 1 0 1.000000
0  -2.591661 -122.467384 18.060726  0.562290 0.432190 0.705012  0.650841 0.155423 1 0 1.000000
aluminium
0  -2.591661 -122.467384 18.060726  0.562290 0.432190 0.705012  0.650841 0.155423 1 0 1.000000
0  -2.594683 -122.836395 18.119854  0.770354 0.060006 0.634787  0.650841 0.155423 1 0 1.000000
0  -2.421409 -122.452995 17.260159  0.983933 -0.073434 0.162738  0.650841 0.155423 1 0 1.000000
aluminium
0  6.597961 -122.689774 15.506127  0.000000 0.587816 0.808995  0.017530 0.991478 1 0 1.000000
0  -6.597489 -122.689774 15.506129  0.000000 0.587794 0.809010  0.017530 0.991478 1 0 1.000000
0  6.597961 -123.030052 15.753366  0.000000 0.409454 0.912331  0.017530 0.991478 1 0 1.000000
aluminium
0  -6.597489 -123.030052 15.753367  0.000000 0.204919 0.978779  0.017530 0.991478 1 0 1.000000
0  6.597961 -123.030052 15.753366  0.000000 0.409454 0.912331  0.017530 0.991478 1 0 1.000000
0  -6.597489 -122.689774 15.506129  0.000000 0.587794 0.809010  0.017530 0.991478 1 0 1.000000
aluminium
0  6.597961 -123.030052 15.753366  0.000000 0.409454 0.912331  0.017530 0.991478 1 0 1.000000
0  -6.597489 -123.030052 15.753367  0.000000 0.204919 0.978779  0.017530 0.991478 1 0 1.000000
0  6.597961 -123.450661 15.753366  0.000000 -0.205115 0.978738  0.017530 0.991478 1 0 1.000000
aluminium
0  -6.597489 -123.450661 15.753367  0.000000 -0.409358 0.912374  0.017530 0.991478 1 0 1.000000
0  6.597961 -123.450661 15.753366  0.000000 -0.205115 0.978738  0.017530 0.991478 1 0 1.000000
0  -6.597489 -123.030052 15.753367  0.000000 0.204919 0.978779  0.017530 0.991478 1 0 1.000000
aluminium
0  6.597961 -123.450661 15.753366  0.000000 -0.205115 0.978738  0.017530 0.991478 1 0 1.000000
0  -6.597489 -123.450661 15.753367  0.000000 -0.409358 0.912374  0.017530 0.991478 1 0 1.000000
0  6.597961 -123.790985 15.506127  0.000000 -0.809039 0.587755  0.017530 0.991478 1 0 1.000000
aluminium
0  -6.597489 -123.790985 15.506129  0.000000 -0.809038 0.587756  0.017530 0.991478 1 0 1.000000
0  6.597961 -123.790985 15.506127  0.000000 -0.809039 0.587755  0.017530 0.991478 1 0 1.000000
0  -6.597489 -123.450661 15.753367  0.000000 -0.409358 0.912374  0.017530 0.991478 1 0 1.000000
aluminium
0  6.597961 -123.920921 15.106091  0.000000 -0.994220 0.107366  0.017530 0.991478 1 0 1.000000
0  6.597961 -123.790985 15.506127  0.000000 -0.809039 0.587755  0.017530 0.991478 1 0 1.000000
0  -6.597489 -123.790985 15.506129  0.000000 -0.809038 0.587756  0.017530 0.991478 1 0 1.000000
aluminium
0  -6.597489 -123.790985 15.506129  0.000000 -0.809038 0.587756  0.017530 0.991478 1 0 1.000000
0  -6.597489 -123.920921 15.106092  -0.000000 -0.994216 -0.107399  0.017530 0.991478 1 0 1.000000
0  6.597961 -123.920921 15.106091  0.000000 -0.994220 0.107366  0.017530 0.991478 1 0 1.000000
aluminium
0  6.597961 -123.790985 14.706099  -0.000000 -0.809028 -0.587770  0.017530 0.991478 1 0 1.000000
0  6.597961 -123.920921 15.106091  0.000000 -0.994220 0.107366  0.017530 0.991478 1 0 1.000000
0  -6.597489 -123.920921 15.106092  -0.000000 -0.994216 -0.107399  0.017530 0.991478 1 0 1.000000
aluminium
0  -6.597489 -123.920921 15.106092  -0.000000 -0.994216 -0.107399  0.017530 0.991478 1 0 1.000000
0  -6.597489 -123.790985 14.706100  -0.000000 -0.809028 -0.587770  0.017530 0.991478 1 0 1.000000
0  6.597961 -123.790985 14.706099  -0.000000 -0.809028 -0.587770  0.017530 0.991478 1 0 1.000000
aluminium
0  6.597961 -123.450661 14.458861  -0.000000 -0.409309 -0.912396  0.017530 0.991478 1 0 1.000000
0  6.597961 -123.790985 14.706099  -0.000000 -0.809028 -0.587770  0.017530 0.991478 1 0 1.000000
0  -6.597489 -123.790985 14.706100  -0.000000 -0.809028 -0.587770  0.017530 0.991478 1 0 1.000000
aluminium
0  -6.597489 -123.790985 14.706100  -0.000000 -0.809028 -0.587770  0.017530 0.991478 1 0 1.000000
0  -6.597489 -123.450661 14.458863  -0.000000 -0.205113 -0.978738  0.017530 0.991478 1 0 1.000000
0  6.597961 -123.450661 14.458861  -0.000000 -0.409309 -0.912396  0.017530 0.991478 1 0 1.000000
aluminium
0  6.597961 -123.030052 14.458861  -0.000000 0.205073 -0.978747  0.017530 0.991478 1 0 1.000000
0  6.597961 -123.450661 14.458861  -0.000000 -0.409309 -0.912396  0.017530 0.991478 1 0 1.000000
0  -6.597489 -123.450661 14.458863  -0.000000 -0.205113 -0.978738  0.017530 0.991478 1 0 1.000000
aluminium
0  -6.597489 -123.450661 14.458863  -0.000000 -0.205113 -0.978738  0.017530 0.991478 1 0 1.000000
0  -6.597489 -123.030052 14.458863  -0.000000 0.409356 -0.912375  0.017530 0.991478 1 0 1.000000
0  6.597961 -123.030052 14.458861  -0.000000 0.205073 -0.978747  0.017530 0.991478 1 0 1.000000
aluminium
0  6.597961 -122.689774 14.706099  -0.000000 0.587793 -0.809012  0.017530 0.991478 1 0 1.000000
0  6.597961 -123.030052 14.458861  -0.000000 0.205073 -0.978747  0.017530 0.991478 1 0 1.000000
0  -6.597489 -123.030052 14.458863  -0.000000 0.409356 -0.912375  0.017530 0.991478 1 0 1.000000
aluminium
0  -6.597489 -123.030052 14.458863  -0.000000 0.409356 -0.912375  0.017530 0.991478 1 0 1.000000
0  -6.597489 -122.689774 14.706100  0.000000 0.587813 -0.808997  0.017530 0.991478 1 0 1.000000
0  6.597961 -122.689774 14.706099  -0.000000 0.587793 -0.809012  0.017530 0.991478 1 0 1.000000
aluminium
0  29.091047 -122.776817 22.454639  -0.000039 -1.000000 -0.000019  0.017530 0.991478 1 0 1.000000
0  27.521927 -122.776817 22.454639  -0.000015 -1.000000 -0.000030  0.017530 0.991478 1 0 1.000000
0  29.373283 -122.776817 22.057579  -0.000005 -1.000000 -0.000018  0.017530 0.991478 1 0 1.000000
aluminium
0  27.521927 -122.776817 22.454639  -0.000015 -1.000000 -0.000030  0.017530 0.991478 1 0 1.000000
0  27.342699 -122.776817 22.370798  -0.000011 -1.000000 -0.000028  0.017530 0.991478 1 0 1.000000
0  29.373283 -122.776817 22.057579  -0.000005 -1.000000 -0.000018  0.017530 0.991478 1 0 1.000000
aluminium
0  27.342699 -122.776817 22.370798  -0.000011 -1.000000 -0.000028  0.017530 0.991478 1 0 1.000000
0  27.239691 -122.776817 22.057579  0.000008 -1.000000 -0.000010  0.017530 0.991478 1 0 1.000000
0  29.373283 -122.776817 22.057579  -0.000005 -1.000000 -0.000018  0.017530 0.991478 1 0 1.000000
aluminium
0  29.373283 -122.776817 22.057579  -0.000005 -1.000000 -0.000018  0.017530 0.991478 1 0 1.000000
0  27.239691 -122.776817 22.057579  0.000008 -1.000000 -0.000010  0.017530 0.991478 1 0 1.000000
0  29.373281 -122.776817 14.403791  0.000002 -1.000000 0.000005  0.017530 0.991478 1 0 1.000000
aluminium
0  29.270273 -122.776817 14.090572  -0.000049 -1.000000 -0.000061  0.017530 0.991478 1 0 1.000000
0  29.091045 -122.776817 14.006730  0.000013 -1.000000 0.000004  0.017530 0.991478 1 0 1.000000
0  29.134792 -122.415977 13.779158  0.191516 -0.535307 -0.822659  0.017530 0.991478 1 0 1.000000
aluminium
0  29.451126 -122.415977 13.941154  0.634892 -0.544966 -0.547653  0.017530 0.991478 1 0 1.000000
0  29.270273 -122.776817 14.090572  -0.000049 -1.000000 -0.000061  0.017530 0.991478 1 0 1.000000
0  29.134792 -122.415977 13.779158  0.191516 -0.535307 -0.822659  0.017530 0.991478 1 0 1.000000
aluminium
0  29.451126 -122.415977 13.941154  0.634892 -0.544966 -0.547653  0.017530 0.991478 1 0 1.000000
0  29.603924 -122.415977 14.395359  0.827547 -0.531397 -0.181060  0.017530 0.991478 1 0 1.000000
0  29.270273 -122.776817 14.090572  -0.000049 -1.000000 -0.000061  0.017530 0.991478 1 0 1.000000
aluminium
0  29.373281 -122.776817 14.403791  0.000002 -1.000000 0.000005  0.017530 0.991478 1 0 1.000000
0  29.270273 -122.776817 14.090572  -0.000049 -1.000000 -0.000061  0.017530 0.991478 1 0 1.000000
0  29.603924 -122.415977 14.395359  0.827547 -0.531397 -0.181060  0.017530 0.991478 1 0 1.000000
aluminium
0  29.603924 -122.415977 14.395359  0.827547 -0.531397 -0.181060  0.017530 0.991478 1 0 1.000000
0  29.603926 -122.415977 22.066011  0.833929 -0.534865 0.135949  0.017530 0.991478 1 0 1.000000
0  29.373281 -122.776817 14.403791  0.000002 -1.000000 0.000005  0.017530 0.991478 1 0 1.000000
aluminium
0  29.373283 -122.776817 22.057579  -0.000005 -1.000000 -0.000018  0.017530 0.991478 1 0 1.000000
0  29.373281 -122.776817 14.403791  0.000002 -1.000000 0.000005  0.017530 0.991478 1 0 1.000000
0  29.603926 -122.415977 22.066011  0.833929 -0.534865 0.135949  0.017530 0.991478 1 0 1.000000
aluminium
0  29.270275 -122.776817 22.370798  -0.000007 -1.000000 -0.000013  0.017530 0.991478 1 0 1.000000
0  29.373283 -122.776817 22.057579  -0.000005 -1.000000 -0.000018  0.017530 0.991478 1 0 1.000000
0  29.603926 -122.415977 22.066011  0.833929 -0.534865 0.135949  0.017530 0.991478 1 0 1.000000
aluminium
0  29.373283 -122.776817 22.057579  -0.000005 -1.000000 -0.000018  0.017530 0.991478 1 0 1.000000
0  29.270275 -122.776817 22.370798  -0.000007 -1.000000 -0.000013  0.017530 0.991478 1 0 1.000000
0  29.091047 -122.776817 22.454639  -0.000039 -1.000000 -0.000019  0.017530 0.991478 1 0 1.000000
aluminium
0  29.091047 -122.776817 22.454639  -0.000039 -1.000000 -0.000019  0.017530 0.991478 1 0 1.000000
0  29.270275 -122.776817 22.370798  -0.000007 -1.000000 -0.000013  0.017530 0.991478 1 0 1.000000
0  29.134794 -122.415977 22.682215  0.191098 -0.535518 0.822619  0.017530 0.991478 1 0 1.000000
aluminium
0  29.134794 -122.415977 22.682215  0.191098 -0.535518 0.822619  0.017530 0.991478 1 0 1.000000
0  27.521927 -122.776817 22.454639  -0.000015 -1.000000 -0.000030  0.017530 0.991478 1 0 1.000000
0  29.091047 -122.776817 22.454639  -0.000039 -1.000000 -0.000019  0.017530 0.991478 1 0 1.000000
aluminium
0  27.477051 -122.415977 22.678650  -0.252813 -0.529912 0.809493  0.017530 0.991478 1 0 1.000000
0  27.521927 -122.776817 22.454639  -0.000015 -1.000000 -0.000030  0.017530 0.991478 1 0 1.000000
0  29.134794 -122.415977 22.682215  0.191098 -0.535518 0.822619  0.017530 0.991478 1 0 1.000000
aluminium
0  27.342699 -122.776817 22.370798  -0.000011 -1.000000 -0.000028  0.017530 0.991478 1 0 1.000000
0  27.521927 -122.776817 22.454639  -0.000015 -1.000000 -0.000030  0.017530 0.991478 1 0 1.000000
0  27.477051 -122.415977 22.678650  -0.252813 -0.529912 0.809493  0.017530 0.991478 1 0 1.000000
aluminium
0  27.163969 -122.415977 22.522333  -0.633198 -0.544598 0.549976  0.017530 0.991478 1 0 1.000000
0  27.342699 -122.776817 22.370798  -0.000011 -1.000000 -0.000028  0.017530 0.991478 1 0 1.000000
0  27.477051 -122.415977 22.678650  -0.252813 -0.529912 0.809493  0.017530 0.991478 1 0 1.000000
aluminium
0  27.163969 -122.415977 22.522333  -0.633198 -0.544598 0.549976  0.017530 0.991478 1 0 1.000000
0  27.015547 -122.415977 22.076656  -0.838700 -0.527409 0.135727  0.017530 0.991478 1 0 1.000000
0  27.342699 -122.776817 22.370798  -0.000011 -1.000000 -0.000028  0.017530 0.991478 1 0 1.000000
aluminium
0  27.239691 -122.776817 22.057579  0.000008 -1.000000 -0.000010  0.017530 0.991478 1 0 1.000000
0  27.342699 -122.776817 22.370798  -0.000011 -1.000000 -0.000028  0.017530 0.991478 1 0 1.000000
0  27.015547 -122.415977 22.076656  -0.838700 -0.527409 0.135727  0.017530 0.991478 1 0 1.000000
aluminium
0  27.239691 -122.776817 22.057579  0.000008 -1.000000 -0.000010  0.017530 0.991478 1 0 1.000000
0  27.015547 -122.415977 22.076656  -0.838700 -0.527409 0.135727  0.017530 0.991478 1 0 1.000000
0  27.239689 -122.776817 14.403791  -0.000028 -1.000000 0.000021  0.017530 0.991478 1 0 1.000000
aluminium
0  27.239689 -122.776817 14.403791  -0.000028 -1.000000 0.000021  0.017530 0.991478 1 0 1.000000
0  29.373281 -122.776817 14.403791  0.000002 -1.000000 0.000005  0.017530 0.991478 1 0 1.000000
0  27.239691 -122.776817 22.057579  0.000008 -1.000000 -0.000010  0.017530 0.991478 1 0 1.000000
aluminium
0  29.270273 -122.776817 14.090572  -0.000049 -1.000000 -0.000061  0.017530 0.991478 1 0 1.000000
0  29.373281 -122.776817 14.403791  0.000002 -1.000000 0.000005  0.017530 0.991478 1 0 1.000000
0  27.239689 -122.776817 14.403791  -0.000028 -1.000000 0.000021  0.017530 0.991478 1 0 1.000000
aluminium
0  29.451128 -122.415977 22.520214  0.634791 -0.544962 0.547775  0.017530 0.991478 1 0 1.000000
0  29.270275 -122.776817 22.370798  -0.000007 -1.000000 -0.000013  0.017530 0.991478 1 0 1.000000
0  29.603926 -122.415977 22.066011  0.833929 -0.534865 0.135949  0.017530 0.991478 1 0 1.000000
aluminium
0  29.451128 -122.415977 22.520214  0.634791 -0.544962 0.547775  0.017530 0.991478 1 0 1.000000
0  29.134794 -122.415977 22.682215  0.191098 -0.535518 0.822619  0.017530 0.991478 1 0 1.000000
0  29.270275 -122.776817 22.370798  -0.000007 -1.000000 -0.000013  0.017530 0.991478 1 0 1.000000
aluminium
0  29.091045 -122.776817 14.006730  0.000013 -1.000000 0.000004  0.017530 0.991478 1 0 1.000000
0  29.270273 -122.776817 14.090572  -0.000049 -1.000000 -0.000061  0.017530 0.991478 1 0 1.000000
0  27.239689 -122.776817 14.403791  -0.000028 -1.000000 0.000021  0.017530 0.991478 1 0 1.000000
aluminium
0  27.521925 -122.776817 14.006730  -0.000014 -1.000000 0.000012  0.017530 0.991478 1 0 1.000000
0  29.091045 -122.776817 14.006730  0.000013 -1.000000 0.000004  0.017530 0.991478 1 0 1.000000
0  27.239689 -122.776817 14.403791  -0.000028 -1.000000 0.000021  0.017530 0.991478 1 0 1.000000
aluminium
0  29.091045 -122.776817 14.006730  0.000013 -1.000000 0.000004  0.017530 0.991478 1 0 1.000000
0  27.521925 -122.776817 14.006730  -0.000014 -1.000000 0.000012  0.017530 0.991478 1 0 1.000000
0  29.134792 -122.415977 13.779158  0.191516 -0.535307 -0.822659  0.017530 0.991478 1 0 1.000000
aluminium
0  27.477049 -122.415977 13.782674  -0.252791 -0.529980 -0.809455  0.017530 0.991478 1 0 1.000000
0  29.134792 -122.415977 13.779158  0.191516 -0.535307 -0.822659  0.017530 0.991478 1 0 1.000000
0  27.521925 -122.776817 14.006730  -0.000014 -1.000000 0.000012  0.017530 0.991478 1 0 1.000000
aluminium
0  27.521925 -122.776817 14.006730  -0.000014 -1.000000 0.000012  0.017530 0.991478 1 0 1.000000
0  27.342697 -122.776817 14.090572  0.000004 -1.000000 0.000018  0.017530 0.991478 1 0 1.000000
0  27.477049 -122.415977 13.782674  -0.252791 -0.529980 -0.809455  0.017530 0.991478 1 0 1.000000
aluminium
0  27.163967 -122.415977 13.938991  -0.633171 -0.544644 -0.549961  0.017530 0.991478 1 0 1.000000
0  27.477049 -122.415977 13.782674  -0.252791 -0.529980 -0.809455  0.017530 0.991478 1 0 1.000000
0  27.342697 -122.776817 14.090572  0.000004 -1.000000 0.000018  0.017530 0.991478 1 0 1.000000
aluminium
0  27.163967 -122.415977 13.938991  -0.633171 -0.544644 -0.549961  0.017530 0.991478 1 0 1.000000
0  27.342697 -122.776817 14.090572  0.000004 -1.000000 0.000018  0.017530 0.991478 1 0 1.000000
0  27.015545 -122.415977 14.384669  -0.831598 -0.525155 -0.180714  0.017530 0.991478 1 0 1.000000
aluminium
0  27.342697 -122.776817 14.090572  0.000004 -1.000000 0.000018  0.017530 0.991478 1 0 1.000000
0  27.239689 -122.776817 14.403791  -0.000028 -1.000000 0.000021  0.017530 0.991478 1 0 1.000000
0  27.015545 -122.415977 14.384669  -0.831598 -0.525155 -0.180714  0.017530 0.991478 1 0 1.000000
aluminium
0  27.015545 -122.415977 14.384669  -0.831598 -0.525155 -0.180714  0.017530 0.991478 1 0 1.000000
0  27.239689 -122.776817 14.403791  -0.000028 -1.000000 0.000021  0.017530 0.991478 1 0 1.000000
0  27.015547 -122.415977 22.076656  -0.838700 -0.527409 0.135727  0.017530 0.991478 1 0 1.000000
aluminium
0  27.521925 -122.776817 14.006730  -0.000014 -1.000000 0.000012  0.017530 0.991478 1 0 1.000000
0  27.239689 -122.776817 14.403791  -0.000028 -1.000000 0.000021  0.017530 0.991478 1 0 1.000000
0  27.342697 -122.776817 14.090572  0.000004 -1.000000 0.000018  0.017530 0.991478 1 0 1.000000
aluminium
0  -10.027028 -123.604446 20.833384  0.001019 -0.999999 -0.000317  0.017530 0.991478 1 0 1.000000
0  -8.127957 -123.602554 20.966116  0.000562 -1.000000 -0.000112  0.017530 0.991478 1 0 1.000000
0  -9.894976 -123.604446 20.966297  0.001071 -0.999999 -0.001039  0.017530 0.991478 1 0 1.000000
aluminium
0  -10.027028 -123.604446 20.833384  0.001019 -0.999999 -0.000317  0.017530 0.991478 1 0 1.000000
0  -10.027028 -123.604446 14.110330  0.000306 -1.000000 0.000187  0.017530 0.991478 1 0 1.000000
0  -8.127957 -123.602554 20.966116  0.000562 -1.000000 -0.000112  0.017530 0.991478 1 0 1.000000
aluminium
0  -10.027028 -123.604446 14.110330  0.000306 -1.000000 0.000187  0.017530 0.991478 1 0 1.000000
0  -9.894976 -123.604446 13.977644  0.000641 -1.000000 0.000107  0.017530 0.991478 1 0 1.000000
0  -8.127957 -123.602554 20.966116  0.000562 -1.000000 -0.000112  0.017530 0.991478 1 0 1.000000
aluminium
0  -9.894976 -123.604446 13.977644  0.000641 -1.000000 0.000107  0.017530 0.991478 1 0 1.000000
0  -8.127868 -123.602730 13.977824  0.000722 -1.000000 0.000018  0.017530 0.991478 1 0 1.000000
0  -8.127957 -123.602554 20.966116  0.000562 -1.000000 -0.000112  0.017530 0.991478 1 0 1.000000
aluminium
0  -7.849689 -123.737503 20.953442  -0.812675 -0.582717 0.000008  0.017530 0.991478 1 0 1.000000
0  -8.127957 -123.602554 20.966116  0.000562 -1.000000 -0.000112  0.017530 0.991478 1 0 1.000000
0  -8.127868 -123.602730 13.977824  0.000722 -1.000000 0.000018  0.017530 0.991478 1 0 1.000000
aluminium
0  -7.849555 -123.737717 13.988692  -0.812677 -0.582714 -0.000016  0.017530 0.991478 1 0 1.000000
0  -7.849689 -123.737503 20.953442  -0.812675 -0.582717 0.000008  0.017530 0.991478 1 0 1.000000
0  -8.127868 -123.602730 13.977824  0.000722 -1.000000 0.000018  0.017530 0.991478 1 0 1.000000
aluminium
0  -7.103961 -124.778084 20.855890  -0.812717 -0.582658 0.000001  0.017530 0.991478 1 0 1.000000
0  -7.849689 -123.737503 20.953442  -0.812675 -0.582717 0.000008  0.017530 0.991478 1 0 1.000000
0  -7.849555 -123.737717 13.988692  -0.812677 -0.582714 -0.000016  0.017530 0.991478 1 0 1.000000
aluminium
0  -7.849555 -123.737717 13.988692  -0.812677 -0.582714 -0.000016  0.017530 0.991478 1 0 1.000000
0  -7.103961 -124.778084 14.072220  -0.812999 -0.582265 -0.000000  0.017530 0.991478 1 0 1.000000
0  -7.103961 -124.778084 20.855890  -0.812717 -0.582658 0.000001  0.017530 0.991478 1 0 1.000000
aluminium
0  -7.103961 -124.778084 20.855890  -0.812717 -0.582658 0.000001  0.017530 0.991478 1 0 1.000000
0  -7.103961 -124.778084 14.072220  -0.812999 -0.582265 -0.000000  0.017530 0.991478 1 0 1.000000
0  -6.903898 -125.059105 20.549887  0.007720 -0.999970 0.000039  0.017530 0.991478 1 0 1.000000
aluminium
0  -6.903899 -125.059105 14.374030  0.007699 -0.999970 -0.001055  0.017530 0.991478 1 0 1.000000
0  -6.903898 -125.059105 20.549887  0.007720 -0.999970 0.000039  0.017530 0.991478 1 0 1.000000
0  -7.103961 -124.778084 14.072220  -0.812999 -0.582265 -0.000000  0.017530 0.991478 1 0 1.000000
aluminium
0  -5.930099 -125.051620 20.551466  0.007686 -0.999970 -0.000001  0.017530 0.991478 1 0 1.000000
0  -6.903898 -125.059105 20.549887  0.007720 -0.999970 0.000039  0.017530 0.991478 1 0 1.000000
0  -6.903899 -125.059105 14.374030  0.007699 -0.999970 -0.001055  0.017530 0.991478 1 0 1.000000
aluminium
0  -5.930099 -125.051620 14.372449  0.007686 -0.999970 0.000000  0.017530 0.991478 1 0 1.000000
0  -5.930099 -125.051620 20.551466  0.007686 -0.999970 -0.000001  0.017530 0.991478 1 0 1.000000
0  -6.903899 -125.059105 14.374030  0.007699 -0.999970 -0.001055  0.017530 0.991478 1 0 1.000000
aluminium
0  -27.239670 -122.776817 14.403795  -0.000038 -1.000000 -0.000033  0.017530 0.991478 1 0 1.000000
0  -27.521906 -122.776817 14.006734  0.000027 -1.000000 0.000015  0.017530 0.991478 1 0 1.000000
0  -27.342678 -122.776817 14.090576  -0.000004 -1.000000 0.000019  0.017530 0.991478 1 0 1.000000
aluminium
0  -27.239670 -122.776817 14.403795  -0.000038 -1.000000 -0.000033  0.017530 0.991478 1 0 1.000000
0  -29.091026 -122.776817 14.006734  -0.000061 -1.000000 0.000025  0.017530 0.991478 1 0 1.000000
0  -27.521906 -122.776817 14.006734  0.000027 -1.000000 0.000015  0.017530 0.991478 1 0 1.000000
aluminium
0  -29.091024 -122.776817 22.454643  -0.000013 -1.000000 -0.000002  0.017530 0.991478 1 0 1.000000
0  -29.270252 -122.776817 22.370802  0.000006 -1.000000 0.000018  0.017530 0.991478 1 0 1.000000
0  -27.239668 -122.776817 22.057583  -0.000017 -1.000000 -0.000020  0.017530 0.991478 1 0 1.000000
aluminium
0  -29.270252 -122.776817 22.370802  0.000006 -1.000000 0.000018  0.017530 0.991478 1 0 1.000000
0  -29.373260 -122.776817 22.057583  0.000011 -1.000000 0.000064  0.017530 0.991478 1 0 1.000000
0  -27.239668 -122.776817 22.057583  -0.000017 -1.000000 -0.000020  0.017530 0.991478 1 0 1.000000
aluminium
0  -29.373260 -122.776817 22.057583  0.000011 -1.000000 0.000064  0.017530 0.991478 1 0 1.000000
0  -29.373262 -122.776817 14.403795  -0.000005 -1.000000 0.000056  0.017530 0.991478 1 0 1.000000
0  -27.239668 -122.776817 22.057583  -0.000017 -1.000000 -0.000020  0.017530 0.991478 1 0 1.000000
aluminium
0  -27.239670 -122.776817 14.403795  -0.000038 -1.000000 -0.000033  0.017530 0.991478 1 0 1.000000
0  -27.239668 -122.776817 22.057583  -0.000017 -1.000000 -0.000020  0.017530 0.991478 1 0 1.000000
0  -29.373262 -122.776817 14.403795  -0.000005 -1.000000 0.000056  0.017530 0.991478 1 0 1.000000
aluminium
0  -27.239670 -122.776817 14.403795  -0.000038 -1.000000 -0.000033  0.017530 0.991478 1 0 1.000000
0  -29.373262 -122.776817 14.403795  -0.000005 -1.000000 0.000056  0.017530 0.991478 1 0 1.000000
0  -29.270254 -122.776817 14.090576  0.000008 -1.000000 -0.000013  0.017530 0.991478 1 0 1.000000
aluminium
0  -27.239670 -122.776817 14.403795  -0.000038 -1.000000 -0.000033  0.017530 0.991478 1 0 1.000000
0  -29.270254 -122.776817 14.090576  0.000008 -1.000000 -0.000013  0.017530 0.991478 1 0 1.000000
0  -29.091026 -122.776817 14.006734  -0.000061 -1.000000 0.000025  0.017530 0.991478 1 0 1.000000
aluminium
0  -29.270254 -122.776817 14.090576  0.000008 -1.000000 -0.000013  0.017530 0.991478 1 0 1.000000
0  -29.134773 -122.415977 13.779161  -0.190921 -0.535626 -0.822590  0.017530 0.991478 1 0 1.000000
0  -29.091026 -122.776817 14.006734  -0.000061 -1.000000 0.000025  0.017530 0.991478 1 0 1.000000
aluminium
0  -29.091026 -122.776817 14.006734  -0.000061 -1.000000 0.000025  0.017530 0.991478 1 0 1.000000
0  -29.134773 -122.415977 13.779161  -0.190921 -0.535626 -0.822590  0.017530 0.991478 1 0 1.000000
0  -27.521906 -122.776817 14.006734  0.000027 -1.000000 0.000015  0.017530 0.991478 1 0 1.000000
aluminium
0  -27.477030 -122.415977 13.782678  0.252790 -0.529986 -0.809452  0.017530 0.991478 1 0 1.000000
0  -27.521906 -122.776817 14.006734  0.000027 -1.000000 0.000015  0.017530 0.991478 1 0 1.000000
0  -29.134773 -122.415977 13.779161  -0.190921 -0.535626 -0.822590  0.017530 0.991478 1 0 1.000000
aluminium
0  -27.521906 -122.776817 14.006734  0.000027 -1.000000 0.000015  0.017530 0.991478 1 0 1.000000
0  -27.477030 -122.415977 13.782678  0.252790 -0.529986 -0.809452  0.017530 0.991478 1 0 1.000000
0  -27.342678 -122.776817 14.090576  -0.000004 -1.000000 0.000019  0.017530 0.991478 1 0 1.000000
aluminium
0  -27.163948 -122.415977 13.938994  0.633207 -0.544646 -0.549918  0.017530 0.991478 1 0 1.000000
0  -27.342678 -122.776817 14.090576  -0.000004 -1.000000 0.000019  0.017530 0.991478 1 0 1.000000
0  -27.477030 -122.415977 13.782678  0.252790 -0.529986 -0.809452  0.017530 0.991478 1 0 1.000000
aluminium
0  -27.015526 -122.415977 14.384673  0.831598 -0.525155 -0.180714  0.017530 0.991478 1 0 1.000000
0  -27.342678 -122.776817 14.090576  -0.000004 -1.000000 0.000019  0.017530 0.991478 1 0 1.000000
0  -27.163948 -122.415977 13.938994  0.633207 -0.544646 -0.549918  0.017530 0.991478 1 0 1.000000
aluminium
0  -27.015526 -122.415977 14.384673  0.831598 -0.525155 -0.180714  0.017530 0.991478 1 0 1.000000
0  -27.239670 -122.776817 14.403795  -0.000038 -1.000000 -0.000033  0.017530 0.991478 1 0 1.000000
0  -27.342678 -122.776817 14.090576  -0.000004 -1.000000 0.000019  0.017530 0.991478 1 0 1.000000
aluminium
0  -27.239670 -122.776817 14.403795  -0.000038 -1.000000 -0.000033  0.017530 0.991478 1 0 1.000000
0  -27.015526 -122.415977 14.384673  0.831598 -0.525155 -0.180714  0.017530 0.991478 1 0 1.000000
0  -27.015524 -122.415977 22.076660  0.838736 -0.527417 0.135474  0.017530 0.991478 1 0 1.000000
aluminium
0  -27.015524 -122.415977 22.076660  0.838736 -0.527417 0.135474  0.017530 0.991478 1 0 1.000000
0  -27.239668 -122.776817 22.057583  -0.000017 -1.000000 -0.000020  0.017530 0.991478 1 0 1.000000
0  -27.239670 -122.776817 14.403795  -0.000038 -1.000000 -0.000033  0.017530 0.991478 1 0 1.000000
aluminium
0  -29.134773 -122.415977 13.779161  -0.190921 -0.535626 -0.822590  0.017530 0.991478 1 0 1.000000
0  -29.270254 -122.776817 14.090576  0.000008 -1.000000 -0.000013  0.017530 0.991478 1 0 1.000000
0  -29.451107 -122.415977 13.941158  -0.634825 -0.544960 -0.547737  0.017530 0.991478 1 0 1.000000
aluminium
0  -29.451107 -122.415977 13.941158  -0.634825 -0.544960 -0.547737  0.017530 0.991478 1 0 1.000000
0  -29.270254 -122.776817 14.090576  0.000008 -1.000000 -0.000013  0.017530 0.991478 1 0 1.000000
0  -29.603905 -122.415977 14.395363  -0.827544 -0.531403 -0.181060  0.017530 0.991478 1 0 1.000000
aluminium
0  -29.373262 -122.776817 14.403795  -0.000005 -1.000000 0.000056  0.017530 0.991478 1 0 1.000000
0  -29.603905 -122.415977 14.395363  -0.827544 -0.531403 -0.181060  0.017530 0.991478 1 0 1.000000
0  -29.270254 -122.776817 14.090576  0.000008 -1.000000 -0.000013  0.017530 0.991478 1 0 1.000000
aluminium
0  -29.603905 -122.415977 14.395363  -0.827544 -0.531403 -0.181060  0.017530 0.991478 1 0 1.000000
0  -29.373262 -122.776817 14.403795  -0.000005 -1.000000 0.000056  0.017530 0.991478 1 0 1.000000
0  -29.603903 -122.415977 22.066015  -0.833924 -0.534872 0.135950  0.017530 0.991478 1 0 1.000000
aluminium
0  -29.373260 -122.776817 22.057583  0.000011 -1.000000 0.000064  0.017530 0.991478 1 0 1.000000
0  -29.603903 -122.415977 22.066015  -0.833924 -0.534872 0.135950  0.017530 0.991478 1 0 1.000000
0  -29.373262 -122.776817 14.403795  -0.000005 -1.000000 0.000056  0.017530 0.991478 1 0 1.000000
aluminium
0  -29.603903 -122.415977 22.066015  -0.833924 -0.534872 0.135950  0.017530 0.991478 1 0 1.000000
0  -29.373260 -122.776817 22.057583  0.000011 -1.000000 0.000064  0.017530 0.991478 1 0 1.000000
0  -29.270252 -122.776817 22.370802  0.000006 -1.000000 0.000018  0.017530 0.991478 1 0 1.000000
aluminium
0  -29.603903 -122.415977 22.066015  -0.833924 -0.534872 0.135950  0.017530 0.991478 1 0 1.000000
0  -29.270252 -122.776817 22.370802  0.000006 -1.000000 0.000018  0.017530 0.991478 1 0 1.000000
0  -29.451105 -122.415977 22.520218  -0.634758 -0.544958 0.547816  0.017530 0.991478 1 0 1.000000
aluminium
0  -29.451105 -122.415977 22.520218  -0.634758 -0.544958 0.547816  0.017530 0.991478 1 0 1.000000
0  -29.270252 -122.776817 22.370802  0.000006 -1.000000 0.000018  0.017530 0.991478 1 0 1.000000
0  -29.134771 -122.415977 22.682219  -0.190915 -0.535607 0.822603  0.017530 0.991478 1 0 1.000000
aluminium
0  -29.091024 -122.776817 22.454643  -0.000013 -1.000000 -0.000002  0.017530 0.991478 1 0 1.000000
0  -29.134771 -122.415977 22.682219  -0.190915 -0.535607 0.822603  0.017530 0.991478 1 0 1.000000
0  -29.270252 -122.776817 22.370802  0.000006 -1.000000 0.000018  0.017530 0.991478 1 0 1.000000
aluminium
0  -29.134771 -122.415977 22.682219  -0.190915 -0.535607 0.822603  0.017530 0.991478 1 0 1.000000
0  -29.091024 -122.776817 22.454643  -0.000013 -1.000000 -0.000002  0.017530 0.991478 1 0 1.000000
0  -27.521904 -122.776817 22.454643  0.000023 -1.000000 -0.000038  0.017530 0.991478 1 0 1.000000
aluminium
0  -27.521904 -122.776817 22.454643  0.000023 -1.000000 -0.000038  0.017530 0.991478 1 0 1.000000
0  -29.091024 -122.776817 22.454643  -0.000013 -1.000000 -0.000002  0.017530 0.991478 1 0 1.000000
0  -27.239668 -122.776817 22.057583  -0.000017 -1.000000 -0.000020  0.017530 0.991478 1 0 1.000000
aluminium
0  -27.521904 -122.776817 22.454643  0.000023 -1.000000 -0.000038  0.017530 0.991478 1 0 1.000000
0  -27.239668 -122.776817 22.057583  -0.000017 -1.000000 -0.000020  0.017530 0.991478 1 0 1.000000
0  -27.342676 -122.776817 22.370802  -0.000031 -1.000000 0.000055  0.017530 0.991478 1 0 1.000000
aluminium
0  -27.239668 -122.776817 22.057583  -0.000017 -1.000000 -0.000020  0.017530 0.991478 1 0 1.000000
0  -27.015524 -122.415977 22.076660  0.838736 -0.527417 0.135474  0.017530 0.991478 1 0 1.000000
0  -27.342676 -122.776817 22.370802  -0.000031 -1.000000 0.000055  0.017530 0.991478 1 0 1.000000
aluminium
0  -27.163946 -122.415977 22.522337  0.633239 -0.544591 0.549936  0.017530 0.991478 1 0 1.000000
0  -27.342676 -122.776817 22.370802  -0.000031 -1.000000 0.000055  0.017530 0.991478 1 0 1.000000
0  -27.015524 -122.415977 22.076660  0.838736 -0.527417 0.135474  0.017530 0.991478 1 0 1.000000
aluminium
0  -27.477028 -122.415977 22.678654  0.252812 -0.529905 0.809498  0.017530 0.991478 1 0 1.000000
0  -27.342676 -122.776817 22.370802  -0.000031 -1.000000 0.000055  0.017530 0.991478 1 0 1.000000
0  -27.163946 -122.415977 22.522337  0.633239 -0.544591 0.549936  0.017530 0.991478 1 0 1.000000
aluminium
0  -27.342676 -122.776817 22.370802  -0.000031 -1.000000 0.000055  0.017530 0.991478 1 0 1.000000
0  -27.477028 -122.415977 22.678654  0.252812 -0.529905 0.809498  0.017530 0.991478 1 0 1.000000
0  -27.521904 -122.776817 22.454643  0.000023 -1.000000 -0.000038  0.017530 0.991478 1 0 1.000000
aluminium
0  -27.521904 -122.776817 22.454643  0.000023 -1.000000 -0.000038  0.017530 0.991478 1 0 1.000000
0  -27.477028 -122.415977 22.678654  0.252812 -0.529905 0.809498  0.017530 0.991478 1 0 1.000000
0  -29.134771 -122.415977 22.682219  -0.190915 -0.535607 0.822603  0.017530 0.991478 1 0 1.000000
aluminium
0  5.930120 -125.051620 14.372449  -0.007686 -0.999970 0.000000  0.017530 0.991478 1 0 1.000000
0  6.903920 -125.059105 14.374028  -0.007700 -0.999970 -0.000041  0.017530 0.991478 1 0 1.000000
0  5.930120 -125.051620 20.551466  -0.007686 -0.999970 0.000000  0.017530 0.991478 1 0 1.000000
aluminium
0  6.903920 -125.059105 20.549887  -0.007717 -0.999970 0.001054  0.017530 0.991478 1 0 1.000000
0  5.930120 -125.051620 20.551466  -0.007686 -0.999970 0.000000  0.017530 0.991478 1 0 1.000000
0  6.903920 -125.059105 14.374028  -0.007700 -0.999970 -0.000041  0.017530 0.991478 1 0 1.000000
aluminium
0  6.903920 -125.059105 14.374028  -0.007700 -0.999970 -0.000041  0.017530 0.991478 1 0 1.000000
0  7.103982 -124.778084 14.072218  0.812999 -0.582264 -0.000001  0.017530 0.991478 1 0 1.000000
0  6.903920 -125.059105 20.549887  -0.007717 -0.999970 0.001054  0.017530 0.991478 1 0 1.000000
aluminium
0  7.103983 -124.778084 20.855890  0.812802 -0.582541 0.000001  0.017530 0.991478 1 0 1.000000
0  6.903920 -125.059105 20.549887  -0.007717 -0.999970 0.001054  0.017530 0.991478 1 0 1.000000
0  7.103982 -124.778084 14.072218  0.812999 -0.582264 -0.000001  0.017530 0.991478 1 0 1.000000
aluminium
0  7.849576 -123.737717 13.988690  0.812677 -0.582714 -0.000014  0.017530 0.991478 1 0 1.000000
0  7.103983 -124.778084 20.855890  0.812802 -0.582541 0.000001  0.017530 0.991478 1 0 1.000000
0  7.103982 -124.778084 14.072218  0.812999 -0.582264 -0.000001  0.017530 0.991478 1 0 1.000000
aluminium
0  7.849711 -123.737503 20.953442  0.812676 -0.582715 0.000011  0.017530 0.991478 1 0 1.000000
0  7.103983 -124.778084 20.855890  0.812802 -0.582541 0.000001  0.017530 0.991478 1 0 1.000000
0  7.849576 -123.737717 13.988690  0.812677 -0.582714 -0.000014  0.017530 0.991478 1 0 1.000000
aluminium
0  7.849576 -123.737717 13.988690  0.812677 -0.582714 -0.000014  0.017530 0.991478 1 0 1.000000
0  8.127889 -123.602730 13.977822  -0.000722 -1.000000 -0.000069  0.017530 0.991478 1 0 1.000000
0  7.849711 -123.737503 20.953442  0.812676 -0.582715 0.000011  0.017530 0.991478 1 0 1.000000
aluminium
0  8.127978 -123.602554 20.966116  -0.000560 -1.000000 -0.000200  0.017530 0.991478 1 0 1.000000
0  7.849711 -123.737503 20.953442  0.812676 -0.582715 0.000011  0.017530 0.991478 1 0 1.000000
0  8.127889 -123.602730 13.977822  -0.000722 -1.000000 -0.000069  0.017530 0.991478 1 0 1.000000
aluminium
0  8.127978 -123.602554 20.966116  -0.000560 -1.000000 -0.000200  0.017530 0.991478 1 0 1.000000
0  8.127889 -123.602730 13.977822  -0.000722 -1.000000 -0.000069  0.017530 0.991478 1 0 1.000000
0  9.894997 -123.604446 13.977642  -0.000641 -1.000000 0.000108  0.017530 0.991478 1 0 1.000000
aluminium
0  8.127978 -123.602554 20.966116  -0.000560 -1.000000 -0.000200  0.017530 0.991478 1 0 1.000000
0  9.894997 -123.604446 13.977642  -0.000641 -1.000000 0.000108  0.017530 0.991478 1 0 1.000000
0  10.027049 -123.604446 14.110328  -0.000306 -1.000000 0.000187  0.017530 0.991478 1 0 1.000000
aluminium
0  8.127978 -123.602554 20.966116  -0.000560 -1.000000 -0.000200  0.017530 0.991478 1 0 1.000000
0  10.027049 -123.604446 14.110328  -0.000306 -1.000000 0.000187  0.017530 0.991478 1 0 1.000000
0  10.027049 -123.604446 20.833384  -0.001019 -0.999999 -0.000317  0.017530 0.991478 1 0 1.000000
aluminium
0  8.127978 -123.602554 20.966116  -0.000560 -1.000000 -0.000200  0.017530 0.991478 1 0 1.000000
0  10.027049 -123.604446 20.833384  -0.001019 -0.999999 -0.000317  0.017530 0.991478 1 0 1.000000
0  9.894997 -123.604446 20.966297  -0.001071 -0.999999 -0.001039  0.017530 0.991478 1 0 1.000000
aluminium
0  6.091396 -116.571198 14.370600  -1.000000 0.000000 0.000000  0.017530 0.991478 1 0 1.000000
0  6.091397 -122.403664 14.370600  -1.000000 0.000000 0.000000  0.017530 0.991478 1 0 1.000000
0  6.091397 -116.571198 20.444714  -1.000000 0.000000 0.000000  0.040097 0.883976 1 0 1.000000
aluminium
0  6.091397 -122.403664 14.370600  -1.000000 0.000000 0.000000  0.017530 0.991478 1 0 1.000000
0  6.091397 -122.403664 20.444714  -1.000000 0.000000 0.000000  0.040097 0.883976 1 0 1.000000
0  6.091397 -116.571198 20.444714  -1.000000 0.000000 0.000000  0.040097 0.883976 1 0 1.000000
aluminium
0  -2.274473 -122.189392 15.337499  0.234951 -0.696825 -0.677668  0.650841 0.155423 1 0 1.000000
0  -3.329633 -122.189392 15.337499  -0.234931 -0.696844 -0.677655  0.650841 0.155423 1 0 1.000000
0  -2.274473 -121.864716 15.191553  0.597912 -0.154010 -0.786627  0.650841 0.155423 1 0 1.000000
aluminium
0  -3.329633 -121.864716 15.191553  -0.597916 0.039440 -0.800588  0.650841 0.155423 1 0 1.000000
0  -2.274473 -121.864716 15.191553  0.597912 -0.154010 -0.786627  0.650841 0.155423 1 0 1.000000
0  -3.329633 -122.189392 15.337499  -0.234931 -0.696844 -0.677655  0.650841 0.155423 1 0 1.000000
aluminium
0  -2.274473 -121.864716 15.191553  0.597912 -0.154010 -0.786627  0.650841 0.155423 1 0 1.000000
0  -3.329633 -121.864716 15.191553  -0.597916 0.039440 -0.800588  0.650841 0.155423 1 0 1.000000
0  -2.274473 -121.505180 15.294247  0.239692 0.598987 -0.764044  0.650841 0.155423 1 0 1.000000
aluminium
0  -3.329633 -121.505180 15.294247  -0.239692 0.598987 -0.764044  0.650841 0.155423 1 0 1.000000
0  -2.274473 -121.505180 15.294247  0.239692 0.598987 -0.764044  0.650841 0.155423 1 0 1.000000
0  -3.329633 -121.864716 15.191553  -0.597916 0.039440 -0.800588  0.650841 0.155423 1 0 1.000000
aluminium
0  -5.930099 -122.281212 13.868141  1.000000 0.000000 0.000000  0.017530 0.991478 1 0 1.000000
0  -5.930099 -125.051620 14.372449  1.000000 0.000000 0.000000  0.017530 0.991478 1 0 1.000000
0  -5.930099 -124.774300 14.071902  1.000000 0.000000 0.000000  0.017530 0.991478 1 0 1.000000
aluminium
0  -5.930099 -122.281212 13.868141  1.000000 0.000000 0.000000  0.017530 0.991478 1 0 1.000000
0  -5.930099 -125.051620 20.551466  1.000000 -0.000000 0.000000  0.017530 0.991478 1 0 1.000000
0  -5.930099 -125.051620 14.372449  1.000000 0.000000 0.000000  0.017530 0.991478 1 0 1.000000
aluminium
0  -5.930099 -122.281212 13.868141  1.000000 0.000000 0.000000  0.017530 0.991478 1 0 1.000000
0  -5.930099 -124.774071 20.856253  1.000000 -0.000000 0.000000  0.017530 0.991478 1 0 1.000000
0  -5.930099 -125.051620 20.551466  1.000000 -0.000000 0.000000  0.017530 0.991478 1 0 1.000000
aluminium
0  -5.930099 -122.281212 13.868141  1.000000 0.000000 0.000000  0.017530 0.991478 1 0 1.000000
0  -5.930099 -122.281212 21.094200  1.000000 0.000000 0.000000  0.017530 0.991478 1 0 1.000000
0  -5.930099 -124.774071 20.856253  1.000000 -0.000000 0.000000  0.017530 0.991478 1 0 1.000000
aluminium
0  0.000010 -122.403664 14.370600  0.000000 0.000000 1.000000  0.040097 0.883976 1 0 1.000000
0  6.091397 -122.403664 14.370600  0.000000 0.000000 1.000000  0.040097 0.883976 1 0 1.000000
0  6.091396 -116.571198 14.370600  0.000000 0.000000 1.000000  0.040097 0.883976 1 0 1.000000
aluminium
0  0.000010 -116.571198 14.370600  0.000000 0.000000 1.000000  0.040097 0.883976 1 0 1.000000
0  0.000010 -122.403664 14.370600  0.000000 0.000000 1.000000  0.040097 0.883976 1 0 1.000000
0  6.091396 -116.571198 14.370600  0.000000 0.000000 1.000000  0.040097 0.883976 1 0 1.000000
aluminium
0  -6.091422 -116.571198 14.370600  0.000000 0.000000 1.000000  0.040097 0.883976 1 0 1.000000
0  0.000010 -122.403664 14.370600  0.000000 0.000000 1.000000  0.040097 0.883976 1 0 1.000000
0  0.000010 -116.571198 14.370600  0.000000 0.000000 1.000000  0.040097 0.883976 1 0 1.000000
aluminium
0  -6.091422 -116.571198 14.370600  0.000000 0.000000 1.000000  0.040097 0.883976 1 0 1.000000
0  -6.091422 -122.403664 14.370600  0.000000 0.000000 1.000000  0.040097 0.883976 1 0 1.000000
0  0.000010 -122.403664 14.370600  0.000000 0.000000 1.000000  0.040097 0.883976 1 0 1.000000
aluminium
0  -2.548321 -120.818985 15.758823  0.782072 -0.545674 0.301002  0.650841 0.155423 1 0 1.000000
0  -2.787125 -120.795258 15.986578  0.001786 -0.647629 0.761953  0.650841 0.155423 1 0 1.000000
0  -3.025117 -120.819397 15.759500  -0.776835 -0.546261 0.313251  0.650841 0.155423 1 0 1.000000
aluminium
0  -2.548321 -120.818985 15.758823  0.782072 -0.545674 0.301002  0.650841 0.155423 1 0 1.000000
0  -3.025117 -120.819397 15.759500  -0.776835 -0.546261 0.313251  0.650841 0.155423 1 0 1.000000
0  -3.022953 -120.764587 15.387244  -0.798217 -0.399844 -0.450526  0.650841 0.155423 1 0 1.000000
aluminium
0  -2.550260 -120.764503 15.387288  0.793897 -0.394652 -0.462576  0.650841 0.155423 1 0 1.000000
0  -2.548321 -120.818985 15.758823  0.782072 -0.545674 0.301002  0.650841 0.155423 1 0 1.000000
0  -3.022953 -120.764587 15.387244  -0.798217 -0.399844 -0.450526  0.650841 0.155423 1 0 1.000000
aluminium
0  -2.550260 -120.764503 15.387288  0.793897 -0.394652 -0.462576  0.650841 0.155423 1 0 1.000000
0  -3.022953 -120.764587 15.387244  -0.798217 -0.399844 -0.450526  0.650841 0.155423 1 0 1.000000
0  -2.786629 -120.697174 15.185918  0.000095 -0.330478 -0.943814  0.650841 0.155423 1 0 1.000000
aluminium
0  -2.786629 -120.697174 15.185918  0.000095 -0.330478 -0.943814  0.650841 0.155423 1 0 1.000000
0  -2.553958 -119.485374 15.667585  0.909012 0.091128 -0.406684  0.650841 0.155423 1 0 1.000000
0  -2.550260 -120.764503 15.387288  0.793897 -0.394652 -0.462576  0.650841 0.155423 1 0 1.000000
aluminium
0  -2.553958 -119.485374 15.667585  0.909012 0.091128 -0.406684  0.650841 0.155423 1 0 1.000000
0  -2.786629 -120.697174 15.185918  0.000095 -0.330478 -0.943814  0.650841 0.155423 1 0 1.000000
0  -2.786629 -119.440956 15.468695  0.000000 0.219604 -0.975589  0.650841 0.155423 1 0 1.000000
aluminium
0  -2.786629 -119.440956 15.468695  0.000000 0.219604 -0.975589  0.650841 0.155423 1 0 1.000000
0  -2.786629 -120.697174 15.185918  0.000095 -0.330478 -0.943814  0.650841 0.155423 1 0 1.000000
0  -3.019300 -119.485374 15.667585  -0.908230 0.090955 -0.408466  0.650841 0.155423 1 0 1.000000
aluminium
0  -3.022953 -120.764587 15.387244  -0.798217 -0.399844 -0.450526  0.650841 0.155423 1 0 1.000000
0  -3.019300 -119.485374 15.667585  -0.908230 0.090955 -0.408466  0.650841 0.155423 1 0 1.000000
0  -2.786629 -120.697174 15.185918  0.000095 -0.330478 -0.943814  0.650841 0.155423 1 0 1.000000
aluminium
0  -3.022953 -120.764587 15.387244  -0.798217 -0.399844 -0.450526  0.650841 0.155423 1 0 1.000000
0  -3.025117 -120.819397 15.759500  -0.776835 -0.546261 0.313251  0.650841 0.155423 1 0 1.000000
0  -3.019300 -119.485374 15.667585  -0.908230 0.090955 -0.408466  0.650841 0.155423 1 0 1.000000
aluminium
0  -3.029988 -119.583740 16.036594  -0.923854 -0.087223 0.372674  0.650841 0.155423 1 0 1.000000
0  -3.019300 -119.485374 15.667585  -0.908230 0.090955 -0.408466  0.650841 0.155423 1 0 1.000000
0  -3.025117 -120.819397 15.759500  -0.776835 -0.546261 0.313251  0.650841 0.155423 1 0 1.000000
aluminium
0  -3.029988 -119.583740 16.036594  -0.923854 -0.087223 0.372674  0.650841 0.155423 1 0 1.000000
0  -3.025117 -120.819397 15.759500  -0.776835 -0.546261 0.313251  0.650841 0.155423 1 0 1.000000
0  -2.799302 -119.642235 16.246851  -0.002906 -0.218253 0.975888  0.650841 0.155423 1 0 1.000000
aluminium
0  -2.787125 -120.795258 15.986578  0.001786 -0.647629 0.761953  0.650841 0.155423 1 0 1.000000
0  -2.799302 -119.642235 16.246851  -0.002906 -0.218253 0.975888  0.650841 0.155423 1 0 1.000000
0  -3.025117 -120.819397 15.759500  -0.776835 -0.546261 0.313251  0.650841 0.155423 1 0 1.000000
aluminium
0  -2.787125 -120.795258 15.986578  0.001786 -0.647629 0.761953  0.650841 0.155423 1 0 1.000000
0  -2.548321 -120.818985 15.758823  0.782072 -0.545674 0.301002  0.650841 0.155423 1 0 1.000000
0  -2.799302 -119.642235 16.246851  -0.002906 -0.218253 0.975888  0.650841 0.155423 1 0 1.000000
aluminium
0  -2.546246 -119.575073 16.024057  0.919511 -0.083452 0.384104  0.650841 0.155423 1 0 1.000000
0  -2.799302 -119.642235 16.246851  -0.002906 -0.218253 0.975888  0.650841 0.155423 1 0 1.000000
0  -2.548321 -120.818985 15.758823  0.782072 -0.545674 0.301002  0.650841 0.155423 1 0 1.000000
aluminium
0  -2.546246 -119.575073 16.024057  0.919511 -0.083452 0.384104  0.650841 0.155423 1 0 1.000000
0  -2.548321 -120.818985 15.758823  0.782072 -0.545674 0.301002  0.650841 0.155423 1 0 1.000000
0  -2.553958 -119.485374 15.667585  0.909012 0.091128 -0.406684  0.650841 0.155423 1 0 1.000000
aluminium
0  -2.550260 -120.764503 15.387288  0.793897 -0.394652 -0.462576  0.650841 0.155423 1 0 1.000000
0  -2.553958 -119.485374 15.667585  0.909012 0.091128 -0.406684  0.650841 0.155423 1 0 1.000000
0  -2.548321 -120.818985 15.758823  0.782072 -0.545674 0.301002  0.650841 0.155423 1 0 1.000000
aluminium
0  4.565078 -120.983826 20.746656  -0.923870 0.382708 0.000001  0.017530 0.991478 1 0 1.000000
0  4.565077 -120.983826 13.927447  -0.923870 0.382706 0.000000  0.017530 0.991478 1 0 1.000000
0  4.374125 -121.444794 20.746656  -0.990639 0.136509 0.000001  0.017530 0.991478 1 0 1.000000
aluminium
0  4.374124 -121.444794 13.927447  -0.990639 -0.136510 0.000000  0.017530 0.991478 1 0 1.000000
0  4.374125 -121.444794 20.746656  -0.990639 0.136509 0.000001  0.017530 0.991478 1 0 1.000000
0  4.565077 -120.983826 13.927447  -0.923870 0.382706 0.000000  0.017530 0.991478 1 0 1.000000
aluminium
0  4.374125 -121.444794 20.746656  -0.990639 0.136509 0.000001  0.017530 0.991478 1 0 1.000000
0  4.374124 -121.444794 13.927447  -0.990639 -0.136510 0.000000  0.017530 0.991478 1 0 1.000000
0  4.565078 -121.905762 20.746656  -0.707119 -0.707094 0.000000  0.017530 0.991478 1 0 1.000000
aluminium
0  4.565078 -121.905762 13.927447  -0.707113 -0.707101 0.000000  0.017530 0.991478 1 0 1.000000
0  4.565078 -121.905762 20.746656  -0.707119 -0.707094 0.000000  0.017530 0.991478 1 0 1.000000
0  4.374124 -121.444794 13.927447  -0.990639 -0.136510 0.000000  0.017530 0.991478 1 0 1.000000
aluminium
0  5.026000 -122.096710 20.746656  -0.136525 -0.990637 0.000000  0.017530 0.991478 1 0 1.000000
0  4.565078 -121.905762 20.746656  -0.707119 -0.707094 0.000000  0.017530 0.991478 1 0 1.000000
0  4.565078 -121.905762 13.927447  -0.707113 -0.707101 0.000000  0.017530 0.991478 1 0 1.000000
aluminium
0  5.026000 -122.096710 13.927447  0.136491 -0.990641 0.000000  0.017530 0.991478 1 0 1.000000
0  5.026000 -122.096710 20.746656  -0.136525 -0.990637 0.000000  0.017530 0.991478 1 0 1.000000
0  4.565078 -121.905762 13.927447  -0.707113 -0.707101 0.000000  0.017530 0.991478 1 0 1.000000
aluminium
0  5.486968 -121.905762 20.746656  0.707101 -0.707112 0.000000  0.017530 0.991478 1 0 1.000000
0  5.026000 -122.096710 20.746656  -0.136525 -0.990637 0.000000  0.017530 0.991478 1 0 1.000000
0  5.026000 -122.096710 13.927447  0.136491 -0.990641 0.000000  0.017530 0.991478 1 0 1.000000
aluminium
0  5.486967 -121.905762 13.927447  0.707107 -0.707106 -0.000000  0.017530 0.991478 1 0 1.000000
0  5.486968 -121.905762 20.746656  0.707101 -0.707112 0.000000  0.017530 0.991478 1 0 1.000000
0  5.026000 -122.096710 13.927447  0.136491 -0.990641 0.000000  0.017530 0.991478 1 0 1.000000
aluminium
0  5.677921 -121.444794 20.746656  0.923869 -0.382708 0.000000  0.017530 0.991478 1 0 1.000000
0  5.486968 -121.905762 20.746656  0.707101 -0.707112 0.000000  0.017530 0.991478 1 0 1.000000
0  5.486967 -121.905762 13.927447  0.707107 -0.707106 -0.000000  0.017530 0.991478 1 0 1.000000
aluminium
0  5.486967 -121.905762 13.927447  0.707107 -0.707106 -0.000000  0.017530 0.991478 1 0 1.000000
0  5.677920 -121.444794 13.927447  0.923871 -0.382705 -0.000000  0.017530 0.991478 1 0 1.000000
0  5.677921 -121.444794 20.746656  0.923869 -0.382708 0.000000  0.017530 0.991478 1 0 1.000000
aluminium
0  -3.329633 -121.864716 15.191553  -0.972034 0.011553 -0.234557  0.650841 0.155423 1 0 1.000000
0  -3.329633 -121.351570 15.639352  -0.972133 0.234309 -0.007507  0.650841 0.155423 1 0 1.000000
0  -3.329633 -121.505180 15.294247  -0.819502 0.375804 -0.432653  0.650841 0.155423 1 0 1.000000
aluminium
0  -3.329633 -121.864716 15.191553  -0.972034 0.011553 -0.234557  0.650841 0.155423 1 0 1.000000
0  -3.329633 -122.189392 15.337499  -0.801565 -0.428614 -0.416874  0.650841 0.155423 1 0 1.000000
0  -3.329633 -121.351570 15.639352  -0.972133 0.234309 -0.007507  0.650841 0.155423 1 0 1.000000
aluminium
0  -3.329633 -122.189392 15.337499  -0.801565 -0.428614 -0.416874  0.650841 0.155423 1 0 1.000000
0  -3.329633 -122.367943 15.766354  -0.945969 -0.323237 -0.025706  0.650841 0.155423 1 0 1.000000
0  -3.329633 -121.351570 15.639352  -0.972133 0.234309 -0.007507  0.650841 0.155423 1 0 1.000000
aluminium
0  -3.329633 -122.367943 15.766354  -0.945969 -0.323237 -0.025706  0.650841 0.155423 1 0 1.000000
0  -3.335721 -121.441139 16.161926  -0.893261 0.395298 0.214066  0.650841 0.155423 1 0 1.000000
0  -3.329633 -121.351570 15.639352  -0.972133 0.234309 -0.007507  0.650841 0.155423 1 0 1.000000
aluminium
0  -3.329633 -122.367943 15.766354  -0.945969 -0.323237 -0.025706  0.650841 0.155423 1 0 1.000000
0  -3.326701 -122.310165 16.445021  -0.965392 -0.251962 0.067329  0.650841 0.155423 1 0 1.000000
0  -3.335721 -121.441139 16.161926  -0.893261 0.395298 0.214066  0.650841 0.155423 1 0 1.000000
aluminium
0  -3.182697 -122.452995 17.260159  -0.983933 -0.073429 0.162737  0.650841 0.155423 1 0 1.000000
0  -3.335721 -121.441139 16.161926  -0.893261 0.395298 0.214066  0.650841 0.155423 1 0 1.000000
0  -3.326701 -122.310165 16.445021  -0.965392 -0.251962 0.067329  0.650841 0.155423 1 0 1.000000
aluminium
0  -3.182697 -122.452995 17.260159  -0.983933 -0.073429 0.162737  0.650841 0.155423 1 0 1.000000
0  -3.012444 -122.467384 18.060726  -0.562287 0.432107 0.705065  0.650841 0.155423 1 0 1.000000
0  -3.335721 -121.441139 16.161926  -0.893261 0.395298 0.214066  0.650841 0.155423 1 0 1.000000
aluminium
0  -3.012444 -122.467384 18.060726  -0.562287 0.432107 0.705065  0.650841 0.155423 1 0 1.000000
0  -3.182697 -122.452995 17.260159  -0.983933 -0.073429 0.162737  0.650841 0.155423 1 0 1.000000
0  -3.009422 -122.836395 18.119854  -0.770363 0.060005 0.634775  0.650841 0.155423 1 0 1.000000
aluminium
0  -2.469846 -124.563911 18.362988  0.954318 -0.188113 0.232145  0.650841 0.155423 1 0 1.000000
0  -2.720512 -124.895660 19.074080  0.695448 -0.316913 0.644917  0.650841 0.155423 1 0 1.000000
0  -2.718572 -125.290062 18.753281  0.695229 -0.511306 0.505196  0.650841 0.155423 1 0 1.000000
aluminium
0  -2.469846 -124.563911 18.362988  0.954318 -0.188113 0.232145  0.650841 0.155423 1 0 1.000000
0  -2.521666 -124.025276 18.652166  0.954746 -0.010640 0.297232  0.650841 0.155423 1 0 1.000000
0  -2.720512 -124.895660 19.074080  0.695448 -0.316913 0.644917  0.650841 0.155423 1 0 1.000000
aluminium
0  -2.714694 -124.228363 19.263229  0.696449 -0.049801 0.715876  0.650841 0.155423 1 0 1.000000
0  -2.720512 -124.895660 19.074080  0.695448 -0.316913 0.644917  0.650841 0.155423 1 0 1.000000
0  -2.521666 -124.025276 18.652166  0.954746 -0.010640 0.297232  0.650841 0.155423 1 0 1.000000
aluminium
0  -2.714694 -124.228363 19.263229  0.696449 -0.049801 0.715876  0.650841 0.155423 1 0 1.000000
0  -2.521666 -124.025276 18.652166  0.954746 -0.010640 0.297232  0.650841 0.155423 1 0 1.000000
0  -2.716723 -123.513306 19.165272  0.680898 0.249898 0.688426  0.650841 0.155423 1 0 1.000000
aluminium
0  -2.561579 -123.449036 18.648426  0.936631 0.138026 0.321979  0.650841 0.155423 1 0 1.000000
0  -2.716723 -123.513306 19.165272  0.680898 0.249898 0.688426  0.650841 0.155423 1 0 1.000000
0  -2.521666 -124.025276 18.652166  0.954746 -0.010640 0.297232  0.650841 0.155423 1 0 1.000000
aluminium
0  -2.561579 -123.449036 18.648426  0.936631 0.138026 0.321979  0.650841 0.155423 1 0 1.000000
0  -2.710319 -123.022934 18.839920  0.606225 0.442251 0.660988  0.650841 0.155423 1 0 1.000000
0  -2.716723 -123.513306 19.165272  0.680898 0.249898 0.688426  0.650841 0.155423 1 0 1.000000
aluminium
0  -2.561579 -123.449036 18.648426  0.936631 0.138026 0.321979  0.650841 0.155423 1 0 1.000000
0  -2.566991 -122.784531 18.378592  0.840492 0.265900 0.472091  0.650841 0.155423 1 0 1.000000
0  -2.710319 -123.022934 18.839920  0.606225 0.442251 0.660988  0.650841 0.155423 1 0 1.000000
aluminium
0  -2.566991 -122.784531 18.378592  0.840492 0.265900 0.472091  0.650841 0.155423 1 0 1.000000
0  -2.724120 -122.586548 18.512403  0.601362 0.430392 0.673147  0.650841 0.155423 1 0 1.000000
0  -2.710319 -123.022934 18.839920  0.606225 0.442251 0.660988  0.650841 0.155423 1 0 1.000000
aluminium
0  -2.566991 -122.784531 18.378592  0.840492 0.265900 0.472091  0.650841 0.155423 1 0 1.000000
0  -2.629455 -122.305115 18.228136  0.761634 0.315511 0.566009  0.650841 0.155423 1 0 1.000000
0  -2.724120 -122.586548 18.512403  0.601362 0.430392 0.673147  0.650841 0.155423 1 0 1.000000
aluminium
0  -2.629455 -122.305115 18.228136  0.761634 0.315511 0.566009  0.650841 0.155423 1 0 1.000000
0  -2.768408 -122.175629 18.318834  0.435371 0.421634 0.795410  0.650841 0.155423 1 0 1.000000
0  -2.724120 -122.586548 18.512403  0.601362 0.430392 0.673147  0.650841 0.155423 1 0 1.000000
aluminium
0  -2.403910 -121.383911 16.046652  0.899493 0.313282 0.304577  0.650841 0.155423 1 0 1.000000
0  -2.402692 -121.351936 15.356306  0.902313 0.353847 -0.246217  0.650841 0.155423 1 0 1.000000
0  -2.403143 -121.230469 15.738392  0.950160 0.311335 -0.016317  0.650841 0.155423 1 0 1.000000
aluminium
0  -2.403910 -121.383911 16.046652  0.899493 0.313282 0.304577  0.650841 0.155423 1 0 1.000000
0  -2.402692 -121.634384 15.136849  0.950406 0.106915 -0.292058  0.650841 0.155423 1 0 1.000000
0  -2.402692 -121.351936 15.356306  0.902313 0.353847 -0.246217  0.650841 0.155423 1 0 1.000000
aluminium
0  -2.403910 -121.383911 16.046652  0.899493 0.313282 0.304577  0.650841 0.155423 1 0 1.000000
0  -2.403099 -121.996361 15.120567  0.949746 -0.094710 -0.298350  0.650841 0.155423 1 0 1.000000
0  -2.402692 -121.634384 15.136849  0.950406 0.106915 -0.292058  0.650841 0.155423 1 0 1.000000
aluminium
0  -2.403910 -121.383911 16.046652  0.899493 0.313282 0.304577  0.650841 0.155423 1 0 1.000000
0  -2.403729 -122.322929 15.369292  0.803896 -0.444834 -0.394808  0.650841 0.155423 1 0 1.000000
0  -2.403099 -121.996361 15.120567  0.949746 -0.094710 -0.298350  0.650841 0.155423 1 0 1.000000
aluminium
0  -2.403910 -121.383911 16.046652  0.899493 0.313282 0.304577  0.650841 0.155423 1 0 1.000000
0  -2.404496 -121.787689 16.266378  0.953674 0.084248 0.288805  0.650841 0.155423 1 0 1.000000
0  -2.403729 -122.322929 15.369292  0.803896 -0.444834 -0.394808  0.650841 0.155423 1 0 1.000000
aluminium
0  -2.404496 -121.787689 16.266378  0.953674 0.084248 0.288805  0.650841 0.155423 1 0 1.000000
0  -2.385599 -122.272148 16.232824  0.970996 0.033257 0.236772  0.650841 0.155423 1 0 1.000000
0  -2.403729 -122.322929 15.369292  0.803896 -0.444834 -0.394808  0.650841 0.155423 1 0 1.000000
aluminium
0  -2.385599 -122.272148 16.232824  0.970996 0.033257 0.236772  0.650841 0.155423 1 0 1.000000
0  -2.393266 -122.567375 15.825661  0.692739 -0.341172 -0.635385  0.650841 0.155423 1 0 1.000000
0  -2.403729 -122.322929 15.369292  0.803896 -0.444834 -0.394808  0.650841 0.155423 1 0 1.000000
aluminium
0  -2.385599 -122.272148 16.232824  0.970996 0.033257 0.236772  0.650841 0.155423 1 0 1.000000
0  -2.321422 -123.550331 16.364832  0.992806 -0.035034 -0.114490  0.650841 0.155423 1 0 1.000000
0  -2.393266 -122.567375 15.825661  0.692739 -0.341172 -0.635385  0.650841 0.155423 1 0 1.000000
aluminium
0  -2.321422 -123.550331 16.364832  0.992806 -0.035034 -0.114490  0.650841 0.155423 1 0 1.000000
0  -2.479768 -124.257950 15.903865  0.751288 -0.245279 -0.612703  0.650841 0.155423 1 0 1.000000
0  -2.393266 -122.567375 15.825661  0.692739 -0.341172 -0.635385  0.650841 0.155423 1 0 1.000000
aluminium
0  -2.321422 -123.550331 16.364832  0.992806 -0.035034 -0.114490  0.650841 0.155423 1 0 1.000000
0  -2.359712 -124.234726 16.662628  0.966777 -0.198110 -0.161538  0.650841 0.155423 1 0 1.000000
0  -2.479768 -124.257950 15.903865  0.751288 -0.245279 -0.612703  0.650841 0.155423 1 0 1.000000
aluminium
0  -2.619578 -125.067444 16.354458  0.696452 -0.511047 -0.503771  0.650841 0.155423 1 0 1.000000
0  -2.479768 -124.257950 15.903865  0.751288 -0.245279 -0.612703  0.650841 0.155423 1 0 1.000000
0  -2.359712 -124.234726 16.662628  0.966777 -0.198110 -0.161538  0.650841 0.155423 1 0 1.000000
aluminium
0  -2.619578 -125.067444 16.354458  0.696452 -0.511047 -0.503771  0.650841 0.155423 1 0 1.000000
0  -2.359712 -124.234726 16.662628  0.966777 -0.198110 -0.161538  0.650841 0.155423 1 0 1.000000
0  -2.370130 -124.667770 17.137440  0.945813 -0.300484 -0.123073  0.650841 0.155423 1 0 1.000000
aluminium
0  -2.707207 -125.547714 16.905220  0.463092 -0.791408 -0.399023  0.650841 0.155423 1 0 1.000000
0  -2.619578 -125.067444 16.354458  0.696452 -0.511047 -0.503771  0.650841 0.155423 1 0 1.000000
0  -2.370130 -124.667770 17.137440  0.945813 -0.300484 -0.123073  0.650841 0.155423 1 0 1.000000
aluminium
0  -2.370130 -124.667770 17.137440  0.945813 -0.300484 -0.123073  0.650841 0.155423 1 0 1.000000
0  -2.407022 -124.853180 17.761713  0.950701 -0.307584 0.039502  0.650841 0.155423 1 0 1.000000
0  -2.707207 -125.547714 16.905220  0.463092 -0.791408 -0.399023  0.650841 0.155423 1 0 1.000000
aluminium
0  -2.713612 -125.770424 17.608286  0.684084 -0.728756 -0.030706  0.650841 0.155423 1 0 1.000000
0  -2.707207 -125.547714 16.905220  0.463092 -0.791408 -0.399023  0.650841 0.155423 1 0 1.000000
0  -2.407022 -124.853180 17.761713  0.950701 -0.307584 0.039502  0.650841 0.155423 1 0 1.000000
aluminium
0  -2.407022 -124.853180 17.761713  0.950701 -0.307584 0.039502  0.650841 0.155423 1 0 1.000000
0  -2.719158 -125.642525 18.234318  0.473449 -0.804817 0.357932  0.650841 0.155423 1 0 1.000000
0  -2.713612 -125.770424 17.608286  0.684084 -0.728756 -0.030706  0.650841 0.155423 1 0 1.000000
aluminium
0  -2.719158 -125.642525 18.234318  0.473449 -0.804817 0.357932  0.650841 0.155423 1 0 1.000000
0  -2.407022 -124.853180 17.761713  0.950701 -0.307584 0.039502  0.650841 0.155423 1 0 1.000000
0  -2.469846 -124.563911 18.362988  0.954318 -0.188113 0.232145  0.650841 0.155423 1 0 1.000000
aluminium
0  -2.719158 -125.642525 18.234318  0.473449 -0.804817 0.357932  0.650841 0.155423 1 0 1.000000
0  -2.469846 -124.563911 18.362988  0.954318 -0.188113 0.232145  0.650841 0.155423 1 0 1.000000
0  -2.718572 -125.290062 18.753281  0.695229 -0.511306 0.505196  0.650841 0.155423 1 0 1.000000
aluminium
0  6.091396 -116.571198 14.370600  0.000000 -1.000000 0.000000  0.017530 0.991478 1 0 1.000000
0  6.091397 -116.571198 20.444714  0.000000 -1.000000 0.000000  0.017530 0.991478 1 0 1.000000
0  0.000010 -116.571198 14.370600  0.000000 -1.000000 0.000000  0.017530 0.991478 1 0 1.000000
aluminium
0  6.091397 -116.571198 20.444714  0.000000 -1.000000 0.000000  0.017530 0.991478 1 0 1.000000
0  0.000010 -116.571198 20.444714  0.000000 -1.000000 0.000000  0.017530 0.991478 1 0 1.000000
0  0.000010 -116.571198 14.370600  0.000000 -1.000000 0.000000  0.017530 0.991478 1 0 1.000000
aluminium
0  0.000010 -116.571198 14.370600  0.000000 -1.000000 0.000000  0.017530 0.991478 1 0 1.000000
0  0.000010 -116.571198 20.444714  0.000000 -1.000000 0.000000  0.017530 0.991478 1 0 1.000000
0  -6.091422 -116.571198 20.444714  0.000000 -1.000000 0.000000  0.017530 0.991478 1 0 1.000000
aluminium
0  0.000010 -116.571198 14.370600  0.000000 -1.000000 0.000000  0.017530 0.991478 1 0 1.000000
0  -6.091422 -116.571198 20.444714  0.000000 -1.000000 0.000000  0.017530 0.991478 1 0 1.000000
0  -6.091422 -116.571198 14.370600  0.000000 -1.000000 0.000000  0.017530 0.991478 1 0 1.000000
aluminium
0  6.091397 -116.571198 20.444714  0.000000 0.000000 -1.000000  0.017530 0.991478 1 0 1.000000
0  6.091397 -122.403664 20.444714  0.000000 0.000000 -1.000000  0.017530 0.991478 1 0 1.000000
0  0.000010 -116.571198 20.444714  0.000000 0.000000 -1.000000  0.017530 0.991478 1 0 1.000000
aluminium
0  6.091397 -122.403664 20.444714  0.000000 0.000000 -1.000000  0.017530 0.991478 1 0 1.000000
0  0.000011 -122.403664 20.444714  0.000000 0.000000 -1.000000  0.017530 0.991478 1 0 1.000000
0  0.000010 -116.571198 20.444714  0.000000 0.000000 -1.000000  0.017530 0.991478 1 0 1.000000
aluminium
0  0.000010 -116.571198 20.444714  0.000000 0.000000 -1.000000  0.017530 0.991478 1 0 1.000000
0  0.000011 -122.403664 20.444714  0.000000 0.000000 -1.000000  0.017530 0.991478 1 0 1.000000
0  -6.091421 -122.403664 20.444714  0.000000 0.000000 -1.000000  0.017530 0.991478 1 0 1.000000
aluminium
0  0.000010 -116.571198 20.444714  0.000000 0.000000 -1.000000  0.017530 0.991478 1 0 1.000000
0  -6.091421 -122.403664 20.444714  0.000000 0.000000 -1.000000  0.017530 0.991478 1 0 1.000000
0  -6.091422 -116.571198 20.444714  0.000000 0.000000 -1.000000  0.017530 0.991478 1 0 1.000000
aluminium
0  -6.597488 -123.790985 20.165003  0.000000 -0.809028 0.587770  0.017530 0.991478 1 0 1.000000
0  6.597961 -123.790985 20.165003  0.000000 -0.809028 0.587770  0.017530 0.991478 1 0 1.000000
0  -6.597488 -123.450661 20.412241  0.000000 -0.409358 0.912374  0.017530 0.991478 1 0 1.000000
aluminium
0  6.597961 -123.450661 20.412241  0.000000 -0.205063 0.978749  0.017530 0.991478 1 0 1.000000
0  -6.597488 -123.450661 20.412241  0.000000 -0.409358 0.912374  0.017530 0.991478 1 0 1.000000
0  6.597961 -123.790985 20.165003  0.000000 -0.809028 0.587770  0.017530 0.991478 1 0 1.000000
aluminium
0  -6.597488 -123.450661 20.412241  0.000000 -0.409358 0.912374  0.017530 0.991478 1 0 1.000000
0  6.597961 -123.450661 20.412241  0.000000 -0.205063 0.978749  0.017530 0.991478 1 0 1.000000
0  -6.597488 -123.030052 20.412241  0.000000 0.205023 0.978757  0.017530 0.991478 1 0 1.000000
aluminium
0  6.597961 -123.030052 20.412241  0.000000 0.409357 0.912374  0.017530 0.991478 1 0 1.000000
0  -6.597488 -123.030052 20.412241  0.000000 0.205023 0.978757  0.017530 0.991478 1 0 1.000000
0  6.597961 -123.450661 20.412241  0.000000 -0.205063 0.978749  0.017530 0.991478 1 0 1.000000
aluminium
0  -6.597488 -123.030052 20.412241  0.000000 0.205023 0.978757  0.017530 0.991478 1 0 1.000000
0  6.597961 -123.030052 20.412241  0.000000 0.409357 0.912374  0.017530 0.991478 1 0 1.000000
0  -6.597488 -122.689774 20.165003  0.000000 0.587794 0.809011  0.017530 0.991478 1 0 1.000000
aluminium
0  6.597961 -122.689774 20.165003  0.000000 0.587815 0.808996  0.017530 0.991478 1 0 1.000000
0  -6.597488 -122.689774 20.165003  0.000000 0.587794 0.809011  0.017530 0.991478 1 0 1.000000
0  6.597961 -123.030052 20.412241  0.000000 0.409357 0.912374  0.017530 0.991478 1 0 1.000000
aluminium
0  -3.201414 -121.351936 15.356306  -0.902313 0.353883 -0.246168  0.650841 0.155423 1 0 1.000000
0  -3.200196 -121.383911 16.046652  -0.899498 0.313268 0.304577  0.650841 0.155423 1 0 1.000000
0  -3.200963 -121.230469 15.738392  -0.949769 0.305592 0.067476  0.650841 0.155423 1 0 1.000000
aluminium
0  -3.201414 -121.351936 15.356306  -0.902313 0.353883 -0.246168  0.650841 0.155423 1 0 1.000000
0  -3.201414 -121.634384 15.136849  -0.950436 0.106853 -0.291981  0.650841 0.155423 1 0 1.000000
0  -3.200196 -121.383911 16.046652  -0.899498 0.313268 0.304577  0.650841 0.155423 1 0 1.000000
aluminium
0  -3.201414 -121.634384 15.136849  -0.950436 0.106853 -0.291981  0.650841 0.155423 1 0 1.000000
0  -3.200963 -121.996361 15.120567  -0.949722 -0.094716 -0.298425  0.650841 0.155423 1 0 1.000000
0  -3.200196 -121.383911 16.046652  -0.899498 0.313268 0.304577  0.650841 0.155423 1 0 1.000000
aluminium
0  -3.200963 -121.996361 15.120567  -0.949722 -0.094716 -0.298425  0.650841 0.155423 1 0 1.000000
0  -3.200376 -122.322929 15.369292  -0.803837 -0.444933 -0.394817  0.650841 0.155423 1 0 1.000000
0  -3.200196 -121.383911 16.046652  -0.899498 0.313268 0.304577  0.650841 0.155423 1 0 1.000000
aluminium
0  -3.200376 -122.322929 15.369292  -0.803837 -0.444933 -0.394817  0.650841 0.155423 1 0 1.000000
0  -3.199610 -121.787689 16.266378  -0.953674 0.084242 0.288805  0.650841 0.155423 1 0 1.000000
0  -3.200196 -121.383911 16.046652  -0.899498 0.313268 0.304577  0.650841 0.155423 1 0 1.000000
aluminium
0  -3.200376 -122.322929 15.369292  -0.803837 -0.444933 -0.394817  0.650841 0.155423 1 0 1.000000
0  -3.218506 -122.272148 16.232824  -0.971028 0.033168 0.236651  0.650841 0.155423 1 0 1.000000
0  -3.199610 -121.787689 16.266378  -0.953674 0.084242 0.288805  0.650841 0.155423 1 0 1.000000
aluminium
0  -3.200376 -122.322929 15.369292  -0.803837 -0.444933 -0.394817  0.650841 0.155423 1 0 1.000000
0  -3.210795 -122.567375 15.825661  -0.692644 -0.341282 -0.635430  0.650841 0.155423 1 0 1.000000
0  -3.218506 -122.272148 16.232824  -0.971028 0.033168 0.236651  0.650841 0.155423 1 0 1.000000
aluminium
0  -3.210795 -122.567375 15.825661  -0.692644 -0.341282 -0.635430  0.650841 0.155423 1 0 1.000000
0  -3.282683 -123.550331 16.364832  -0.992927 -0.038392 -0.112343  0.650841 0.155423 1 0 1.000000
0  -3.218506 -122.272148 16.232824  -0.971028 0.033168 0.236651  0.650841 0.155423 1 0 1.000000
aluminium
0  -3.282683 -123.550331 16.364832  -0.992927 -0.038392 -0.112343  0.650841 0.155423 1 0 1.000000
0  -3.210795 -122.567375 15.825661  -0.692644 -0.341282 -0.635430  0.650841 0.155423 1 0 1.000000
0  -3.124337 -124.257950 15.903865  -0.751271 -0.245302 -0.612715  0.650841 0.155423 1 0 1.000000
aluminium
0  -3.282683 -123.550331 16.364832  -0.992927 -0.038392 -0.112343  0.650841 0.155423 1 0 1.000000
0  -3.124337 -124.257950 15.903865  -0.751271 -0.245302 -0.612715  0.650841 0.155423 1 0 1.000000
0  -3.244394 -124.234726 16.662628  -0.966770 -0.198139 -0.161547  0.650841 0.155423 1 0 1.000000
aluminium
0  -2.984482 -125.067444 16.354458  -0.696427 -0.511068 -0.503784  0.650841 0.155423 1 0 1.000000
0  -3.244394 -124.234726 16.662628  -0.966770 -0.198139 -0.161547  0.650841 0.155423 1 0 1.000000
0  -3.124337 -124.257950 15.903865  -0.751271 -0.245302 -0.612715  0.650841 0.155423 1 0 1.000000
aluminium
0  -3.244394 -124.234726 16.662628  -0.966770 -0.198139 -0.161547  0.650841 0.155423 1 0 1.000000
0  -2.984482 -125.067444 16.354458  -0.696427 -0.511068 -0.503784  0.650841 0.155423 1 0 1.000000
0  -3.233976 -124.667770 17.137440  -0.945803 -0.300485 -0.123146  0.650841 0.155423 1 0 1.000000
aluminium
0  -2.896898 -125.547714 16.905220  -0.463119 -0.791398 -0.399011  0.650841 0.155423 1 0 1.000000
0  -3.233976 -124.667770 17.137440  -0.945803 -0.300485 -0.123146  0.650841 0.155423 1 0 1.000000
0  -2.984482 -125.067444 16.354458  -0.696427 -0.511068 -0.503784  0.650841 0.155423 1 0 1.000000
aluminium
0  -3.233976 -124.667770 17.137440  -0.945803 -0.300485 -0.123146  0.650841 0.155423 1 0 1.000000
0  -2.896898 -125.547714 16.905220  -0.463119 -0.791398 -0.399011  0.650841 0.155423 1 0 1.000000
0  -3.197083 -124.853180 17.761713  -0.950701 -0.307583 0.039501  0.650841 0.155423 1 0 1.000000
aluminium
0  -2.896898 -125.547714 16.905220  -0.463119 -0.791398 -0.399011  0.650841 0.155423 1 0 1.000000
0  -2.890494 -125.770424 17.608286  -0.684084 -0.728756 -0.030705  0.650841 0.155423 1 0 1.000000
0  -3.197083 -124.853180 17.761713  -0.950701 -0.307583 0.039501  0.650841 0.155423 1 0 1.000000
aluminium
0  -2.890494 -125.770424 17.608286  -0.684084 -0.728756 -0.030705  0.650841 0.155423 1 0 1.000000
0  -2.884946 -125.642525 18.234318  -0.473450 -0.804808 0.357952  0.650841 0.155423 1 0 1.000000
0  -3.197083 -124.853180 17.761713  -0.950701 -0.307583 0.039501  0.650841 0.155423 1 0 1.000000
aluminium
0  -3.134259 -124.563911 18.362988  -0.954318 -0.188112 0.232144  0.650841 0.155423 1 0 1.000000
0  -3.197083 -124.853180 17.761713  -0.950701 -0.307583 0.039501  0.650841 0.155423 1 0 1.000000
0  -2.884946 -125.642525 18.234318  -0.473450 -0.804808 0.357952  0.650841 0.155423 1 0 1.000000
aluminium
0  -2.885532 -125.290062 18.753281  -0.695310 -0.544495 0.469114  0.650841 0.155423 1 0 1.000000
0  -3.134259 -124.563911 18.362988  -0.954318 -0.188112 0.232144  0.650841 0.155423 1 0 1.000000
0  -2.884946 -125.642525 18.234318  -0.473450 -0.804808 0.357952  0.650841 0.155423 1 0 1.000000
aluminium
0  -2.883593 -124.895660 19.074080  -0.695449 -0.316901 0.644922  0.650841 0.155423 1 0 1.000000
0  -3.134259 -124.563911 18.362988  -0.954318 -0.188112 0.232144  0.650841 0.155423 1 0 1.000000
0  -2.885532 -125.290062 18.753281  -0.695310 -0.544495 0.469114  0.650841 0.155423 1 0 1.000000
aluminium
0  -2.883593 -124.895660 19.074080  -0.695449 -0.316901 0.644922  0.650841 0.155423 1 0 1.000000
0  -3.082439 -124.025276 18.652166  -0.954800 -0.010803 0.297054  0.650841 0.155423 1 0 1.000000
0  -3.134259 -124.563911 18.362988  -0.954318 -0.188112 0.232144  0.650841 0.155423 1 0 1.000000
aluminium
0  -3.082439 -124.025276 18.652166  -0.954800 -0.010803 0.297054  0.650841 0.155423 1 0 1.000000
0  -2.883593 -124.895660 19.074080  -0.695449 -0.316901 0.644922  0.650841 0.155423 1 0 1.000000
0  -2.889411 -124.228363 19.263229  -0.696449 -0.049837 0.715873  0.650841 0.155423 1 0 1.000000
aluminium
0  -2.889411 -124.228363 19.263229  -0.696449 -0.049837 0.715873  0.650841 0.155423 1 0 1.000000
0  -2.887382 -123.513306 19.165272  -0.680898 0.249908 0.688422  0.650841 0.155423 1 0 1.000000
0  -3.082439 -124.025276 18.652166  -0.954800 -0.010803 0.297054  0.650841 0.155423 1 0 1.000000
aluminium
0  -3.042526 -123.449036 18.648426  -0.936632 0.138028 0.321978  0.650841 0.155423 1 0 1.000000
0  -3.082439 -124.025276 18.652166  -0.954800 -0.010803 0.297054  0.650841 0.155423 1 0 1.000000
0  -2.887382 -123.513306 19.165272  -0.680898 0.249908 0.688422  0.650841 0.155423 1 0 1.000000
aluminium
0  -3.042526 -123.449036 18.648426  -0.936632 0.138028 0.321978  0.650841 0.155423 1 0 1.000000
0  -2.887382 -123.513306 19.165272  -0.680898 0.249908 0.688422  0.650841 0.155423 1 0 1.000000
0  -2.893786 -123.022934 18.839920  -0.606348 0.450173 0.655505  0.650841 0.155423 1 0 1.000000
aluminium
0  -3.042526 -123.449036 18.648426  -0.936632 0.138028 0.321978  0.650841 0.155423 1 0 1.000000
0  -2.893786 -123.022934 18.839920  -0.606348 0.450173 0.655505  0.650841 0.155423 1 0 1.000000
0  -3.037113 -122.784531 18.378592  -0.840485 0.265905 0.472101  0.650841 0.155423 1 0 1.000000
aluminium
0  -2.879985 -122.586548 18.512403  -0.601340 0.430371 0.673180  0.650841 0.155423 1 0 1.000000
0  -3.037113 -122.784531 18.378592  -0.840485 0.265905 0.472101  0.650841 0.155423 1 0 1.000000
0  -2.893786 -123.022934 18.839920  -0.606348 0.450173 0.655505  0.650841 0.155423 1 0 1.000000
aluminium
0  -3.037113 -122.784531 18.378592  -0.840485 0.265905 0.472101  0.650841 0.155423 1 0 1.000000
0  -2.879985 -122.586548 18.512403  -0.601340 0.430371 0.673180  0.650841 0.155423 1 0 1.000000
0  -2.974651 -122.305115 18.228136  -0.761637 0.315515 0.566003  0.650841 0.155423 1 0 1.000000
aluminium
0  -2.974651 -122.305115 18.228136  -0.761625 0.315525 0.566014  0.650841 0.155423 1 0 1.000000
0  -2.879985 -122.586548 18.512403  -0.601359 0.430372 0.673162  0.650841 0.155423 1 0 1.000000
0  -2.835697 -122.175629 18.318834  -0.435384 0.421631 0.795404  0.650841 0.155423 1 0 1.000000
aluminium
0  5.930120 -125.051620 14.372449  -0.004548 -0.734932 -0.678125  0.017530 0.991478 1 0 1.000000
0  5.930120 -124.774300 14.071902  -0.001822 -0.436695 -0.899608  0.017530 0.991478 1 0 1.000000
0  6.903920 -125.059105 14.374028  -0.003298 -0.732949 -0.680276  0.017530 0.991478 1 0 1.000000
aluminium
0  7.103982 -124.778084 14.072218  -0.001157 -0.434746 -0.900553  0.017530 0.991478 1 0 1.000000
0  6.903920 -125.059105 14.374028  -0.003298 -0.732949 -0.680276  0.017530 0.991478 1 0 1.000000
0  5.930120 -124.774300 14.071902  -0.001822 -0.436695 -0.899608  0.017530 0.991478 1 0 1.000000
aluminium
0  7.103982 -124.778084 14.072218  -0.001157 -0.434746 -0.900553  0.017530 0.991478 1 0 1.000000
0  5.930120 -124.774300 14.071902  -0.001822 -0.436695 -0.899608  0.017530 0.991478 1 0 1.000000
0  7.849576 -123.737717 13.988690  0.000620 -0.081371 -0.996684  0.017530 0.991478 1 0 1.000000
aluminium
0  5.930120 -122.281212 13.868141  0.003862 -0.076354 -0.997073  0.017530 0.991478 1 0 1.000000
0  7.849576 -123.737717 13.988690  0.000620 -0.081371 -0.996684  0.017530 0.991478 1 0 1.000000
0  5.930120 -124.774300 14.071902  -0.001822 -0.436695 -0.899608  0.017530 0.991478 1 0 1.000000
aluminium
0  7.849576 -123.737717 13.988690  0.000620 -0.081371 -0.996684  0.017530 0.991478 1 0 1.000000
0  5.930120 -122.281212 13.868141  0.003862 -0.076354 -0.997073  0.017530 0.991478 1 0 1.000000
0  8.127889 -123.602730 13.977822  0.003496 -0.066923 -0.997752  0.017530 0.991478 1 0 1.000000
aluminium
0  5.930120 -122.281212 13.868141  0.003862 -0.076354 -0.997073  0.017530 0.991478 1 0 1.000000
0  9.894997 -122.326042 13.910263  0.257442 -0.055761 -0.964683  0.017530 0.991478 1 0 1.000000
0  8.127889 -123.602730 13.977822  0.003496 -0.066923 -0.997752  0.017530 0.991478 1 0 1.000000
aluminium
0  9.894997 -123.604446 13.977642  0.507080 -0.045110 -0.860718  0.017530 0.991478 1 0 1.000000
0  8.127889 -123.602730 13.977822  0.003496 -0.066923 -0.997752  0.017530 0.991478 1 0 1.000000
0  9.894997 -122.326042 13.910263  0.257442 -0.055761 -0.964683  0.017530 0.991478 1 0 1.000000
aluminium
0  9.894997 -122.326042 13.910263  0.257442 -0.055761 -0.964683  0.017530 0.991478 1 0 1.000000
0  10.067413 -122.373848 14.087101  0.923991 -0.037616 -0.380560  0.017530 0.991478 1 0 1.000000
0  9.894997 -123.604446 13.977642  0.507080 -0.045110 -0.860718  0.017530 0.991478 1 0 1.000000
aluminium
0  10.027049 -123.604446 14.110328  0.923723 -0.037505 -0.381220  0.017530 0.991478 1 0 1.000000
0  9.894997 -123.604446 13.977642  0.507080 -0.045110 -0.860718  0.017530 0.991478 1 0 1.000000
0  10.067413 -122.373848 14.087101  0.923991 -0.037616 -0.380560  0.017530 0.991478 1 0 1.000000
aluminium
0  10.067413 -122.373848 14.087101  0.923991 -0.037616 -0.380560  0.017530 0.991478 1 0 1.000000
0  10.027049 -123.604446 20.833384  0.967052 -0.037182 0.251851  0.017530 0.991478 1 0 1.000000
0  10.027049 -123.604446 14.110328  0.923723 -0.037505 -0.381220  0.017530 0.991478 1 0 1.000000
aluminium
0  10.067413 -122.373848 20.860085  0.864236 -0.039454 0.501537  0.017530 0.991478 1 0 1.000000
0  10.027049 -123.604446 20.833384  0.967052 -0.037182 0.251851  0.017530 0.991478 1 0 1.000000
0  10.067413 -122.373848 14.087101  0.923991 -0.037616 -0.380560  0.017530 0.991478 1 0 1.000000
aluminium
0  9.894997 -123.604446 20.966297  0.507904 -0.047789 0.860087  0.017530 0.991478 1 0 1.000000
0  10.027049 -123.604446 20.833384  0.967052 -0.037182 0.251851  0.017530 0.991478 1 0 1.000000
0  10.067413 -122.373848 20.860085  0.864236 -0.039454 0.501537  0.017530 0.991478 1 0 1.000000
aluminium
0  9.894997 -123.604446 20.966297  0.507904 -0.047789 0.860087  0.017530 0.991478 1 0 1.000000
0  10.067413 -122.373848 20.860085  0.864236 -0.039454 0.501537  0.017530 0.991478 1 0 1.000000
0  9.894997 -122.326042 21.037779  0.259191 -0.060578 0.963924  0.017530 0.991478 1 0 1.000000
aluminium
0  8.127978 -123.602554 20.966116  0.004712 -0.075184 0.997159  0.017530 0.991478 1 0 1.000000
0  9.894997 -123.604446 20.966297  0.507904 -0.047789 0.860087  0.017530 0.991478 1 0 1.000000
0  9.894997 -122.326042 21.037779  0.259191 -0.060578 0.963924  0.017530 0.991478 1 0 1.000000
aluminium
0  8.127978 -123.602554 20.966116  0.004712 -0.075184 0.997159  0.017530 0.991478 1 0 1.000000
0  9.894997 -122.326042 21.037779  0.259191 -0.060578 0.963924  0.017530 0.991478 1 0 1.000000
0  5.930120 -122.281212 21.094200  0.005130 -0.088045 0.996103  0.017530 0.991478 1 0 1.000000
aluminium
0  7.849711 -123.737503 20.953442  0.000736 -0.094882 0.995488  0.017530 0.991478 1 0 1.000000
0  8.127978 -123.602554 20.966116  0.004715 -0.075180 0.997159  0.017530 0.991478 1 0 1.000000
0  5.930120 -122.281212 21.094200  0.005132 -0.088042 0.996104  0.017530 0.991478 1 0 1.000000
aluminium
0  5.930120 -122.281212 21.094200  0.005132 -0.088042 0.996104  0.017530 0.991478 1 0 1.000000
0  5.930120 -124.774071 20.856253  -0.001811 -0.445708 0.895176  0.017530 0.991478 1 0 1.000000
0  7.849711 -123.737503 20.953442  0.000736 -0.094882 0.995488  0.017530 0.991478 1 0 1.000000
aluminium
0  7.103983 -124.778084 20.855890  -0.001236 -0.443813 0.896119  0.017530 0.991478 1 0 1.000000
0  7.849711 -123.737503 20.953442  0.000736 -0.094882 0.995488  0.017530 0.991478 1 0 1.000000
0  5.930120 -124.774071 20.856253  -0.001811 -0.445708 0.895176  0.017530 0.991478 1 0 1.000000
aluminium
0  6.903920 -125.059105 20.549887  -0.003408 -0.737502 0.675337  0.017530 0.991478 1 0 1.000000
0  7.103983 -124.778084 20.855890  -0.001236 -0.443813 0.896119  0.017530 0.991478 1 0 1.000000
0  5.930120 -124.774071 20.856253  -0.001811 -0.445708 0.895176  0.017530 0.991478 1 0 1.000000
aluminium
0  5.930120 -125.051620 20.551466  -0.004592 -0.739381 0.673272  0.017530 0.991478 1 0 1.000000
0  6.903920 -125.059105 20.549887  -0.003408 -0.737502 0.675337  0.017530 0.991478 1 0 1.000000
0  5.930120 -124.774071 20.856253  -0.001811 -0.445708 0.895176  0.017530 0.991478 1 0 1.000000
aluminium
0  -3.200376 -122.322929 15.369292  -0.233574 -0.737761 -0.633366  0.650841 0.155423 1 0 1.000000
0  -2.393266 -122.567375 15.825661  0.308694 -0.547527 -0.777767  0.650841 0.155423 1 0 1.000000
0  -3.210795 -122.567375 15.825661  -0.308739 -0.547491 -0.777775  0.650841 0.155423 1 0 1.000000
aluminium
0  -2.403729 -122.322929 15.369292  0.233532 -0.737788 -0.633349  0.650841 0.155423 1 0 1.000000
0  -2.393266 -122.567375 15.825661  0.308694 -0.547527 -0.777767  0.650841 0.155423 1 0 1.000000
0  -3.200376 -122.322929 15.369292  -0.233574 -0.737761 -0.633366  0.650841 0.155423 1 0 1.000000
aluminium
0  -3.200376 -122.322929 15.369292  -0.233574 -0.737761 -0.633366  0.650841 0.155423 1 0 1.000000
0  -3.200963 -121.996361 15.120567  -0.314139 -0.283678 -0.906004  0.650841 0.155423 1 0 1.000000
0  -2.403729 -122.322929 15.369292  0.233532 -0.737788 -0.633349  0.650841 0.155423 1 0 1.000000
aluminium
0  -2.403099 -121.996361 15.120567  0.314081 -0.283668 -0.906027  0.650841 0.155423 1 0 1.000000
0  -2.403729 -122.322929 15.369292  0.233532 -0.737788 -0.633349  0.650841 0.155423 1 0 1.000000
0  -3.200963 -121.996361 15.120567  -0.314139 -0.283678 -0.906004  0.650841 0.155423 1 0 1.000000
aluminium
0  -2.403099 -121.996361 15.120567  0.314081 -0.283668 -0.906027  0.650841 0.155423 1 0 1.000000
0  -3.200963 -121.996361 15.120567  -0.314139 -0.283678 -0.906004  0.650841 0.155423 1 0 1.000000
0  -2.402692 -121.634384 15.136849  0.312909 0.327954 -0.891366  0.650841 0.155423 1 0 1.000000
aluminium
0  -3.201414 -121.634384 15.136849  -0.312822 0.327941 -0.891402  0.650841 0.155423 1 0 1.000000
0  -2.402692 -121.634384 15.136849  0.312909 0.327954 -0.891366  0.650841 0.155423 1 0 1.000000
0  -3.200963 -121.996361 15.120567  -0.314139 -0.283678 -0.906004  0.650841 0.155423 1 0 1.000000
aluminium
0  -3.201414 -121.351936 15.356306  -0.433050 0.739446 -0.515449  0.650841 0.155423 1 0 1.000000
0  -2.402692 -121.634384 15.136849  0.312909 0.327954 -0.891366  0.650841 0.155423 1 0 1.000000
0  -3.201414 -121.634384 15.136849  -0.312822 0.327941 -0.891402  0.650841 0.155423 1 0 1.000000
aluminium
0  -2.402692 -121.351936 15.356306  0.433022 0.739459 -0.515454  0.650841 0.155423 1 0 1.000000
0  -2.402692 -121.634384 15.136849  0.312909 0.327954 -0.891366  0.650841 0.155423 1 0 1.000000
0  -3.201414 -121.351936 15.356306  -0.433050 0.739446 -0.515449  0.650841 0.155423 1 0 1.000000
aluminium
0  -2.402692 -121.351936 15.356306  0.433022 0.739459 -0.515454  0.650841 0.155423 1 0 1.000000
0  -3.201414 -121.351936 15.356306  -0.433050 0.739446 -0.515449  0.650841 0.155423 1 0 1.000000
0  -2.403143 -121.230469 15.738392  0.313365 0.948115 -0.053673  0.650841 0.155423 1 0 1.000000
aluminium
0  -3.200963 -121.230469 15.738392  -0.314045 0.928195 0.199575  0.650841 0.155423 1 0 1.000000
0  -2.403143 -121.230469 15.738392  0.313365 0.948115 -0.053673  0.650841 0.155423 1 0 1.000000
0  -3.201414 -121.351936 15.356306  -0.433050 0.739446 -0.515449  0.650841 0.155423 1 0 1.000000
aluminium
0  -2.403143 -121.230469 15.738392  0.313365 0.948115 -0.053673  0.650841 0.155423 1 0 1.000000
0  -3.200963 -121.230469 15.738392  -0.314045 0.928195 0.199575  0.650841 0.155423 1 0 1.000000
0  -2.403910 -121.383911 16.046652  0.436823 0.646940 0.625024  0.650841 0.155423 1 0 1.000000
aluminium
0  -3.200196 -121.383911 16.046652  -0.436758 0.646990 0.625017  0.650841 0.155423 1 0 1.000000
0  -2.403910 -121.383911 16.046652  0.436823 0.646940 0.625024  0.650841 0.155423 1 0 1.000000
0  -3.200963 -121.230469 15.738392  -0.314045 0.928195 0.199575  0.650841 0.155423 1 0 1.000000
aluminium
0  -3.200196 -121.383911 16.046652  -0.436758 0.646990 0.625017  0.650841 0.155423 1 0 1.000000
0  -3.199610 -121.787689 16.266378  -0.306212 0.209275 0.928675  0.650841 0.155423 1 0 1.000000
0  -2.403910 -121.383911 16.046652  0.436823 0.646940 0.625024  0.650841 0.155423 1 0 1.000000
aluminium
0  -2.403910 -121.383911 16.046652  0.436823 0.646940 0.625024  0.650841 0.155423 1 0 1.000000
0  -3.199610 -121.787689 16.266378  -0.306212 0.209275 0.928675  0.650841 0.155423 1 0 1.000000
0  -2.404496 -121.787689 16.266378  0.306240 0.209246 0.928673  0.650841 0.155423 1 0 1.000000
aluminium
0  -2.404496 -121.787689 16.266378  0.306240 0.209246 0.928673  0.650841 0.155423 1 0 1.000000
0  -3.199610 -121.787689 16.266378  -0.306212 0.209275 0.928675  0.650841 0.155423 1 0 1.000000
0  -2.385599 -122.272148 16.232824  0.267573 0.024329 0.963230  0.650841 0.155423 1 0 1.000000
aluminium
0  -3.218506 -122.272148 16.232824  -0.267546 0.024300 0.963239  0.650841 0.155423 1 0 1.000000
0  -2.385599 -122.272148 16.232824  0.267573 0.024329 0.963230  0.650841 0.155423 1 0 1.000000
0  -3.199610 -121.787689 16.266378  -0.306212 0.209275 0.928675  0.650841 0.155423 1 0 1.000000
aluminium
0  -3.218506 -122.272148 16.232824  -0.267546 0.024300 0.963239  0.650841 0.155423 1 0 1.000000
0  -3.282683 -123.550331 16.364832  -0.037095 0.202973 0.978481  0.650841 0.155423 1 0 1.000000
0  -2.385599 -122.272148 16.232824  0.267573 0.024329 0.963230  0.650841 0.155423 1 0 1.000000
aluminium
0  -3.282683 -123.550331 16.364832  -0.037095 0.202973 0.978481  0.650841 0.155423 1 0 1.000000
0  -2.321422 -123.550331 16.364832  0.035859 0.303268 0.952230  0.650841 0.155423 1 0 1.000000
0  -2.385599 -122.272148 16.232824  0.267573 0.024329 0.963230  0.650841 0.155423 1 0 1.000000
aluminium
0  -3.282683 -123.550331 16.364832  -0.037095 0.202973 0.978481  0.650841 0.155423 1 0 1.000000
0  -3.244394 -124.234726 16.662628  0.000000 0.581707 0.813399  0.650841 0.155423 1 0 1.000000
0  -2.321422 -123.550331 16.364832  0.035859 0.303268 0.952230  0.650841 0.155423 1 0 1.000000
aluminium
0  -2.359712 -124.234726 16.662628  -0.000000 0.581699 0.813404  0.650841 0.155423 1 0 1.000000
0  -2.321422 -123.550331 16.364832  0.035859 0.303268 0.952230  0.650841 0.155423 1 0 1.000000
0  -3.244394 -124.234726 16.662628  0.000000 0.581707 0.813399  0.650841 0.155423 1 0 1.000000
aluminium
0  -2.370130 -124.667770 17.137440  0.000003 0.870701 0.491813  0.650841 0.155423 1 0 1.000000
0  -2.359712 -124.234726 16.662628  -0.000000 0.581699 0.813404  0.650841 0.155423 1 0 1.000000
0  -3.244394 -124.234726 16.662628  0.000000 0.581707 0.813399  0.650841 0.155423 1 0 1.000000
aluminium
0  -3.244394 -124.234726 16.662628  0.000000 0.581707 0.813399  0.650841 0.155423 1 0 1.000000
0  -3.233976 -124.667770 17.137440  -0.000005 0.870760 0.491708  0.650841 0.155423 1 0 1.000000
0  -2.370130 -124.667770 17.137440  0.000003 0.870701 0.491813  0.650841 0.155423 1 0 1.000000
aluminium
0  -2.407022 -124.853180 17.761713  0.000001 0.996814 -0.079758  0.650841 0.155423 1 0 1.000000
0  -2.370130 -124.667770 17.137440  0.000003 0.870701 0.491813  0.650841 0.155423 1 0 1.000000
0  -3.233976 -124.667770 17.137440  -0.000005 0.870760 0.491708  0.650841 0.155423 1 0 1.000000
aluminium
0  -2.407022 -124.853180 17.761713  0.000001 0.996814 -0.079758  0.650841 0.155423 1 0 1.000000
0  -3.233976 -124.667770 17.137440  -0.000005 0.870760 0.491708  0.650841 0.155423 1 0 1.000000
0  -3.197083 -124.853180 17.761713  -0.000001 0.996815 -0.079750  0.650841 0.155423 1 0 1.000000
aluminium
0  -3.197083 -124.853180 17.761713  -0.000001 0.996815 -0.079750  0.650841 0.155423 1 0 1.000000
0  -3.134259 -124.563911 18.362988  0.000008 0.722598 -0.691268  0.650841 0.155423 1 0 1.000000
0  -2.407022 -124.853180 17.761713  0.000001 0.996814 -0.079758  0.650841 0.155423 1 0 1.000000
aluminium
0  -2.469846 -124.563911 18.362988  -0.000004 0.722581 -0.691286  0.650841 0.155423 1 0 1.000000
0  -2.407022 -124.853180 17.761713  0.000001 0.996814 -0.079758  0.650841 0.155423 1 0 1.000000
0  -3.134259 -124.563911 18.362988  0.000008 0.722598 -0.691268  0.650841 0.155423 1 0 1.000000
aluminium
0  -3.134259 -124.563911 18.362988  0.000008 0.722598 -0.691268  0.650841 0.155423 1 0 1.000000
0  -3.082439 -124.025276 18.652166  0.000002 0.321996 -0.946741  0.650841 0.155423 1 0 1.000000
0  -2.469846 -124.563911 18.362988  -0.000004 0.722581 -0.691286  0.650841 0.155423 1 0 1.000000
aluminium
0  -2.521666 -124.025276 18.652166  -0.000002 0.157903 -0.987455  0.650841 0.155423 1 0 1.000000
0  -2.469846 -124.563911 18.362988  -0.000004 0.722581 -0.691286  0.650841 0.155423 1 0 1.000000
0  -3.082439 -124.025276 18.652166  0.000002 0.321996 -0.946741  0.650841 0.155423 1 0 1.000000
aluminium
0  -3.042526 -123.449036 18.648426  -0.000000 -0.194857 -0.980832  0.650841 0.155423 1 0 1.000000
0  -2.521666 -124.025276 18.652166  -0.000002 0.157903 -0.987455  0.650841 0.155423 1 0 1.000000
0  -3.082439 -124.025276 18.652166  0.000002 0.321996 -0.946741  0.650841 0.155423 1 0 1.000000
aluminium
0  -2.561579 -123.449036 18.648426  0.000000 -0.194849 -0.980833  0.650841 0.155423 1 0 1.000000
0  -2.521666 -124.025276 18.652166  -0.000002 0.157903 -0.987455  0.650841 0.155423 1 0 1.000000
0  -3.042526 -123.449036 18.648426  -0.000000 -0.194857 -0.980832  0.650841 0.155423 1 0 1.000000
aluminium
0  -2.561579 -123.449036 18.648426  0.000000 -0.194849 -0.980833  0.650841 0.155423 1 0 1.000000
0  -3.042526 -123.449036 18.648426  -0.000000 -0.194857 -0.980832  0.650841 0.155423 1 0 1.000000
0  -2.566991 -122.784531 18.378592  0.000000 -0.338265 -0.941051  0.650841 0.155423 1 0 1.000000
aluminium
0  -3.037113 -122.784531 18.378592  -0.000001 -0.338134 -0.941098  0.650841 0.155423 1 0 1.000000
0  -2.566991 -122.784531 18.378592  0.000000 -0.338265 -0.941051  0.650841 0.155423 1 0 1.000000
0  -3.042526 -123.449036 18.648426  -0.000000 -0.194857 -0.980832  0.650841 0.155423 1 0 1.000000
aluminium
0  -2.566991 -122.784531 18.378592  0.000000 -0.338265 -0.941051  0.650841 0.155423 1 0 1.000000
0  -3.037113 -122.784531 18.378592  -0.000001 -0.338134 -0.941098  0.650841 0.155423 1 0 1.000000
0  -2.629455 -122.305115 18.228136  0.000000 -0.299427 -0.954119  0.650841 0.155423 1 0 1.000000
aluminium
0  -2.974651 -122.305115 18.228136  0.000000 -0.299437 -0.954116  0.650841 0.155423 1 0 1.000000
0  -2.629455 -122.305115 18.228136  0.000000 -0.299437 -0.954116  0.650841 0.155423 1 0 1.000000
0  -3.037113 -122.784531 18.378592  0.000001 -0.338146 -0.941094  0.650841 0.155423 1 0 1.000000
aluminium
0  -2.274473 -122.189392 15.337499  0.234951 -0.696825 -0.677668  0.648325 0.154469 1 0 1.000000
0  -2.274473 -122.367943 15.766354  0.321250 -0.920635 -0.221878  0.648325 0.154469 1 0 1.000000
0  -3.329633 -122.189392 15.337499  -0.234931 -0.696844 -0.677655  0.648325 0.154469 1 0 1.000000
aluminium
0  -3.329633 -122.367943 15.766354  -0.320829 -0.944529 -0.070240  0.648325 0.154469 1 0 1.000000
0  -3.329633 -122.189392 15.337499  -0.234931 -0.696844 -0.677655  0.648325 0.154469 1 0 1.000000
0  -2.274473 -122.367943 15.766354  0.321250 -0.920635 -0.221878  0.648325 0.154469 1 0 1.000000
aluminium
0  -2.274473 -122.367943 15.766354  0.321250 -0.920635 -0.221878  0.648325 0.154469 1 0 1.000000
0  -2.277405 -122.310165 16.445021  0.284113 -0.958443 0.025837  0.648325 0.154469 1 0 1.000000
0  -3.329633 -122.367943 15.766354  -0.320829 -0.944529 -0.070240  0.648325 0.154469 1 0 1.000000
aluminium
0  -3.326701 -122.310165 16.445021  -0.271436 -0.960641 -0.059087  0.648325 0.154469 1 0 1.000000
0  -3.329633 -122.367943 15.766354  -0.320829 -0.944529 -0.070240  0.648325 0.154469 1 0 1.000000
0  -2.277405 -122.310165 16.445021  0.284113 -0.958443 0.025837  0.648325 0.154469 1 0 1.000000
aluminium
0  -2.277405 -122.310165 16.445021  0.284113 -0.958443 0.025837  0.648325 0.154469 1 0 1.000000
0  -2.421409 -122.452995 17.260159  0.127845 -0.955001 -0.267635  0.648325 0.154469 1 0 1.000000
0  -3.326701 -122.310165 16.445021  -0.271436 -0.960641 -0.059087  0.648325 0.154469 1 0 1.000000
aluminium
0  -2.421409 -122.452995 17.260159  0.127845 -0.955001 -0.267635  0.648325 0.154469 1 0 1.000000
0  -3.182697 -122.452995 17.260159  -0.127879 -0.954990 -0.267660  0.648325 0.154469 1 0 1.000000
0  -3.326701 -122.310165 16.445021  -0.271436 -0.960641 -0.059087  0.648325 0.154469 1 0 1.000000
aluminium
0  -3.182697 -122.452995 17.260159  -0.127879 -0.954990 -0.267660  0.648325 0.154469 1 0 1.000000
0  -2.421409 -122.452995 17.260159  0.127845 -0.955001 -0.267635  0.648325 0.154469 1 0 1.000000
0  -3.009422 -122.836395 18.119854  -0.055462 -0.917270 -0.394385  0.648325 0.154469 1 0 1.000000
aluminium
0  -2.594683 -122.836395 18.119854  0.055461 -0.917274 -0.394376  0.650841 0.155423 1 0 1.000000
0  -3.009422 -122.836395 18.119854  -0.055462 -0.917270 -0.394385  0.648325 0.154469 1 0 1.000000
0  -2.421409 -122.452995 17.260159  0.127845 -0.955001 -0.267635  0.648325 0.154469 1 0 1.000000
aluminium
0  -2.768408 -122.175629 18.318834  0.347867 0.429903 0.833170  0.650841 0.155423 1 0 1.000000
0  -2.835697 -122.175629 18.318834  -0.347862 0.429946 0.833149  0.650841 0.155423 1 0 1.000000
0  -2.724120 -122.586548 18.512403  0.547340 0.448343 0.706688  0.650841 0.155423 1 0 1.000000
aluminium
0  -2.879985 -122.586548 18.512403  -0.547346 0.448346 0.706681  0.650841 0.155423 1 0 1.000000
0  -2.724120 -122.586548 18.512403  0.547314 0.448365 0.706694  0.650841 0.155423 1 0 1.000000
0  -2.835697 -122.175629 18.318834  -0.347860 0.429923 0.833162  0.650841 0.155423 1 0 1.000000
aluminium
0  -2.879985 -122.586548 18.512403  -0.547346 0.448346 0.706681  0.650841 0.155423 1 0 1.000000
0  -2.893786 -123.022934 18.839920  -0.446996 0.512177 0.733396  0.650841 0.155423 1 0 1.000000
0  -2.724120 -122.586548 18.512403  0.547314 0.448365 0.706694  0.650841 0.155423 1 0 1.000000
aluminium
0  -2.710319 -123.022934 18.839920  0.446967 0.501432 0.740802  0.650841 0.155423 1 0 1.000000
0  -2.724120 -122.586548 18.512403  0.547314 0.448365 0.706694  0.650841 0.155423 1 0 1.000000
0  -2.893786 -123.022934 18.839920  -0.446996 0.512177 0.733396  0.650841 0.155423 1 0 1.000000
aluminium
0  -2.893786 -123.022934 18.839920  -0.446996 0.512177 0.733396  0.650841 0.155423 1 0 1.000000
0  -2.887382 -123.513306 19.165272  -0.474801 0.304738 0.825651  0.650841 0.155423 1 0 1.000000
0  -2.710319 -123.022934 18.839920  0.446967 0.501432 0.740802  0.650841 0.155423 1 0 1.000000
aluminium
0  -2.716723 -123.513306 19.165272  0.474827 0.304731 0.825638  0.650841 0.155423 1 0 1.000000
0  -2.710319 -123.022934 18.839920  0.446967 0.501432 0.740802  0.650841 0.155423 1 0 1.000000
0  -2.887382 -123.513306 19.165272  -0.474801 0.304738 0.825651  0.650841 0.155423 1 0 1.000000
aluminium
0  -2.716723 -123.513306 19.165272  0.474827 0.304731 0.825638  0.650841 0.155423 1 0 1.000000
0  -2.887382 -123.513306 19.165272  -0.474801 0.304738 0.825651  0.650841 0.155423 1 0 1.000000
0  -2.714694 -124.228363 19.263229  0.479535 -0.061132 0.875391  0.650841 0.155423 1 0 1.000000
aluminium
0  -2.889411 -124.228363 19.263229  -0.479524 -0.061134 0.875396  0.650841 0.155423 1 0 1.000000
0  -2.714694 -124.228363 19.263229  0.479535 -0.061132 0.875391  0.650841 0.155423 1 0 1.000000
0  -2.887382 -123.513306 19.165272  -0.474801 0.304738 0.825651  0.650841 0.155423 1 0 1.000000
aluminium
0  -2.889411 -124.228363 19.263229  -0.479524 -0.061134 0.875396  0.650841 0.155423 1 0 1.000000
0  -2.883593 -124.895660 19.074080  -0.479124 -0.394939 0.783877  0.650841 0.155423 1 0 1.000000
0  -2.714694 -124.228363 19.263229  0.479535 -0.061132 0.875391  0.650841 0.155423 1 0 1.000000
aluminium
0  -2.720512 -124.895660 19.074080  0.479138 -0.394974 0.783851  0.650841 0.155423 1 0 1.000000
0  -2.714694 -124.228363 19.263229  0.479535 -0.061132 0.875391  0.650841 0.155423 1 0 1.000000
0  -2.883593 -124.895660 19.074080  -0.479124 -0.394939 0.783877  0.650841 0.155423 1 0 1.000000
aluminium
0  -2.720512 -124.895660 19.074080  0.479138 -0.394974 0.783851  0.650841 0.155423 1 0 1.000000
0  -2.883593 -124.895660 19.074080  -0.479124 -0.394939 0.783877  0.650841 0.155423 1 0 1.000000
0  -2.718572 -125.290062 18.753281  0.479154 -0.621262 0.620036  0.650841 0.155423 1 0 1.000000
aluminium
0  -2.885532 -125.290062 18.753281  -0.479155 -0.669395 0.567733  0.650841 0.155423 1 0 1.000000
0  -2.718572 -125.290062 18.753281  0.479154 -0.621262 0.620036  0.650841 0.155423 1 0 1.000000
0  -2.883593 -124.895660 19.074080  -0.479124 -0.394939 0.783877  0.650841 0.155423 1 0 1.000000
aluminium
0  -2.885532 -125.290062 18.753281  -0.479155 -0.669395 0.567733  0.650841 0.155423 1 0 1.000000
0  -2.719158 -125.642525 18.234318  0.323746 -0.867200 0.378356  0.650841 0.155423 1 0 1.000000
0  -2.718572 -125.290062 18.753281  0.479154 -0.621262 0.620036  0.650841 0.155423 1 0 1.000000
aluminium
0  -2.719158 -125.642525 18.234318  0.323746 -0.867200 0.378356  0.650841 0.155423 1 0 1.000000
0  -2.885532 -125.290062 18.753281  -0.479155 -0.669395 0.567733  0.650841 0.155423 1 0 1.000000
0  -2.884946 -125.642525 18.234318  -0.323747 -0.867186 0.378385  0.650841 0.155423 1 0 1.000000
aluminium
0  -2.884946 -125.642525 18.234318  -0.323747 -0.867186 0.378385  0.650841 0.155423 1 0 1.000000
0  -2.890494 -125.770424 17.608286  -0.475823 -0.878587 -0.040955  0.650841 0.155423 1 0 1.000000
0  -2.719158 -125.642525 18.234318  0.323746 -0.867200 0.378356  0.650841 0.155423 1 0 1.000000
aluminium
0  -2.713612 -125.770424 17.608286  0.475810 -0.878590 -0.041033  0.650841 0.155423 1 0 1.000000
0  -2.719158 -125.642525 18.234318  0.323746 -0.867200 0.378356  0.650841 0.155423 1 0 1.000000
0  -2.890494 -125.770424 17.608286  -0.475823 -0.878587 -0.040955  0.650841 0.155423 1 0 1.000000
aluminium
0  -2.890494 -125.770424 17.608286  -0.475823 -0.878587 -0.040955  0.650841 0.155423 1 0 1.000000
0  -2.707207 -125.547714 16.905220  0.320476 -0.838959 -0.439822  0.650841 0.155423 1 0 1.000000
0  -2.713612 -125.770424 17.608286  0.475810 -0.878590 -0.041033  0.650841 0.155423 1 0 1.000000
aluminium
0  -2.707207 -125.547714 16.905220  0.320476 -0.838959 -0.439822  0.650841 0.155423 1 0 1.000000
0  -2.890494 -125.770424 17.608286  -0.475823 -0.878587 -0.040955  0.650841 0.155423 1 0 1.000000
0  -2.896898 -125.547714 16.905220  -0.320513 -0.838967 -0.439780  0.650841 0.155423 1 0 1.000000
aluminium
0  -2.896898 -125.547714 16.905220  -0.320513 -0.838967 -0.439780  0.650841 0.155423 1 0 1.000000
0  -2.984482 -125.067444 16.354458  -0.477658 -0.594533 -0.646817  0.650841 0.155423 1 0 1.000000
0  -2.707207 -125.547714 16.905220  0.320476 -0.838959 -0.439822  0.650841 0.155423 1 0 1.000000
aluminium
0  -2.619578 -125.067444 16.354458  0.477683 -0.594534 -0.646799  0.650841 0.155423 1 0 1.000000
0  -2.707207 -125.547714 16.905220  0.320476 -0.838959 -0.439822  0.650841 0.155423 1 0 1.000000
0  -2.984482 -125.067444 16.354458  -0.477658 -0.594533 -0.646817  0.650841 0.155423 1 0 1.000000
aluminium
0  -2.619578 -125.067444 16.354458  0.477683 -0.594534 -0.646799  0.650841 0.155423 1 0 1.000000
0  -2.984482 -125.067444 16.354458  -0.477658 -0.594533 -0.646817  0.650841 0.155423 1 0 1.000000
0  -2.479768 -124.257950 15.903865  0.480088 -0.281675 -0.830768  0.650841 0.155423 1 0 1.000000
aluminium
0  -3.124337 -124.257950 15.903865  -0.480085 -0.281625 -0.830786  0.650841 0.155423 1 0 1.000000
0  -2.479768 -124.257950 15.903865  0.480088 -0.281675 -0.830768  0.650841 0.155423 1 0 1.000000
0  -2.984482 -125.067444 16.354458  -0.477658 -0.594533 -0.646817  0.650841 0.155423 1 0 1.000000
aluminium
0  -2.479768 -124.257950 15.903865  0.480088 -0.281675 -0.830768  0.650841 0.155423 1 0 1.000000
0  -3.124337 -124.257950 15.903865  -0.480085 -0.281625 -0.830786  0.650841 0.155423 1 0 1.000000
0  -3.210795 -122.567375 15.825661  -0.327860 -0.429295 -0.841554  0.650841 0.155423 1 0 1.000000
aluminium
0  -2.393266 -122.567375 15.825661  0.327893 -0.429268 -0.841555  0.650841 0.155423 1 0 1.000000
0  -2.479768 -124.257950 15.903865  0.480088 -0.281675 -0.830768  0.650841 0.155423 1 0 1.000000
0  -3.210795 -122.567375 15.825661  -0.327860 -0.429295 -0.841554  0.650841 0.155423 1 0 1.000000
aluminium
0  -2.274473 -121.505180 15.294247  0.239667 0.672635 -0.700087  0.650841 0.155423 1 0 1.000000
0  -3.329633 -121.505180 15.294247  -0.239667 0.672635 -0.700087  0.650841 0.155423 1 0 1.000000
0  -2.274473 -121.351570 15.639352  0.598284 0.780786 -0.180083  0.650841 0.155423 1 0 1.000000
aluminium
0  -3.329633 -121.351570 15.639352  -0.597556 0.801571 -0.020265  0.650841 0.155423 1 0 1.000000
0  -2.274473 -121.351570 15.639352  0.598284 0.780786 -0.180083  0.650841 0.155423 1 0 1.000000
0  -3.329633 -121.505180 15.294247  -0.239667 0.672635 -0.700087  0.650841 0.155423 1 0 1.000000
aluminium
0  -2.274473 -121.351570 15.639352  0.598284 0.780786 -0.180083  0.650841 0.155423 1 0 1.000000
0  -3.329633 -121.351570 15.639352  -0.597556 0.801571 -0.020265  0.650841 0.155423 1 0 1.000000
0  -2.268384 -121.441139 16.161926  0.387805 0.860330 0.330817  0.650841 0.155423 1 0 1.000000
aluminium
0  -3.335721 -121.441139 16.161926  -0.387789 0.860322 0.330856  0.650841 0.155423 1 0 1.000000
0  -2.268384 -121.441139 16.161926  0.387805 0.860330 0.330817  0.650841 0.155423 1 0 1.000000
0  -3.329633 -121.351570 15.639352  -0.597556 0.801571 -0.020265  0.650841 0.155423 1 0 1.000000
aluminium
0  -3.335721 -121.441139 16.161926  -0.387789 0.860322 0.330856  0.650841 0.155423 1 0 1.000000
0  -3.012444 -122.467384 18.060726  -0.344031 0.554820 0.757508  0.650841 0.155423 1 0 1.000000
0  -2.268384 -121.441139 16.161926  0.387805 0.860330 0.330817  0.650841 0.155423 1 0 1.000000
aluminium
0  -2.591661 -122.467384 18.060726  0.344102 0.554802 0.757488  0.650841 0.155423 1 0 1.000000
0  -2.268384 -121.441139 16.161926  0.387805 0.860330 0.330817  0.650841 0.155423 1 0 1.000000
0  -3.012444 -122.467384 18.060726  -0.344031 0.554820 0.757508  0.650841 0.155423 1 0 1.000000
aluminium
0  -4.565057 -120.983826 20.746656  0.923869 0.382709 0.000000  0.017530 0.991478 1 0 1.000000
0  -4.374103 -121.444794 20.746656  0.990639 0.136510 -0.000000  0.017530 0.991478 1 0 1.000000
0  -4.565057 -120.983826 13.927447  0.923870 0.382706 -0.000001  0.017530 0.991478 1 0 1.000000
aluminium
0  -4.565057 -120.983826 13.927447  0.923870 0.382706 -0.000001  0.017530 0.991478 1 0 1.000000
0  -4.374103 -121.444794 20.746656  0.990639 0.136510 -0.000000  0.017530 0.991478 1 0 1.000000
0  -4.374104 -121.444794 13.927447  0.990639 -0.136509 -0.000000  0.017530 0.991478 1 0 1.000000
aluminium
0  -4.374103 -121.444794 20.746656  0.990639 0.136510 -0.000000  0.017530 0.991478 1 0 1.000000
0  -4.565056 -121.905762 20.746656  0.707119 -0.707095 -0.000001  0.017530 0.991478 1 0 1.000000
0  -4.374104 -121.444794 13.927447  0.990639 -0.136509 -0.000000  0.017530 0.991478 1 0 1.000000
aluminium
0  -4.374104 -121.444794 13.927447  0.990639 -0.136509 -0.000000  0.017530 0.991478 1 0 1.000000
0  -4.565056 -121.905762 20.746656  0.707119 -0.707095 -0.000001  0.017530 0.991478 1 0 1.000000
0  -4.565057 -121.905762 13.927447  0.707114 -0.707100 -0.000000  0.017530 0.991478 1 0 1.000000
aluminium
0  -4.565056 -121.905762 20.746656  0.707119 -0.707095 -0.000001  0.017530 0.991478 1 0 1.000000
0  -5.025979 -122.096710 20.746656  0.136524 -0.990637 -0.000001  0.017530 0.991478 1 0 1.000000
0  -4.565057 -121.905762 13.927447  0.707114 -0.707100 -0.000000  0.017530 0.991478 1 0 1.000000
aluminium
0  -5.025979 -122.096710 13.927447  -0.136491 -0.990641 -0.000000  0.017530 0.991478 1 0 1.000000
0  -4.565057 -121.905762 13.927447  0.707114 -0.707100 -0.000000  0.017530 0.991478 1 0 1.000000
0  -5.025979 -122.096710 20.746656  0.136524 -0.990637 -0.000001  0.017530 0.991478 1 0 1.000000
aluminium
0  -5.025979 -122.096710 20.746656  0.136524 -0.990637 -0.000001  0.017530 0.991478 1 0 1.000000
0  -5.486946 -121.905762 20.746656  -0.707103 -0.707111 0.000000  0.017530 0.991478 1 0 1.000000
0  -5.025979 -122.096710 13.927447  -0.136491 -0.990641 -0.000000  0.017530 0.991478 1 0 1.000000
aluminium
0  -5.486946 -121.905762 13.927447  -0.707105 -0.707108 0.000000  0.017530 0.991478 1 0 1.000000
0  -5.025979 -122.096710 13.927447  -0.136491 -0.990641 -0.000000  0.017530 0.991478 1 0 1.000000
0  -5.486946 -121.905762 20.746656  -0.707103 -0.707111 0.000000  0.017530 0.991478 1 0 1.000000
aluminium
0  -5.486946 -121.905762 20.746656  -0.707103 -0.707111 0.000000  0.017530 0.991478 1 0 1.000000
0  -5.677899 -121.444794 20.746656  -0.923871 -0.382705 0.000000  0.017530 0.991478 1 0 1.000000
0  -5.486946 -121.905762 13.927447  -0.707105 -0.707108 0.000000  0.017530 0.991478 1 0 1.000000
aluminium
0  -5.677900 -121.444794 13.927447  -0.923868 -0.382711 0.000000  0.017530 0.991478 1 0 1.000000
0  -5.486946 -121.905762 13.927447  -0.707105 -0.707108 0.000000  0.017530 0.991478 1 0 1.000000
0  -5.677899 -121.444794 20.746656  -0.923871 -0.382705 0.000000  0.017530 0.991478 1 0 1.000000
aluminium
0  -6.238944 -118.384216 19.174335  -0.013653 -0.015909 0.999780  0.650841 0.155423 1 0 1.000000
0  -6.238944 -119.132431 19.162430  -0.014006 -0.238601 0.971017  0.650841 0.155423 1 0 1.000000
0  6.274683 -118.347778 19.345806  -0.013652 -0.015928 0.999780  0.650841 0.155423 1 0 1.000000
aluminium
0  6.274683 -119.174278 19.332638  -0.014007 -0.238596 0.971018  0.650841 0.155423 1 0 1.000000
0  6.274683 -118.347778 19.345806  -0.013652 -0.015928 0.999780  0.650841 0.155423 1 0 1.000000
0  -6.238944 -119.132431 19.162430  -0.014006 -0.238601 0.971017  0.650841 0.155423 1 0 1.000000
aluminium
0  -6.238944 -119.132431 19.162430  -0.014006 -0.238601 0.971017  0.650841 0.155423 1 0 1.000000
0  -6.238944 -119.801033 18.826164  -0.014008 -0.637243 0.770536  0.650841 0.155423 1 0 1.000000
0  6.274683 -119.174278 19.332638  -0.014007 -0.238596 0.971018  0.650841 0.155423 1 0 1.000000
aluminium
0  6.274683 -119.912750 18.961283  -0.014009 -0.637215 0.770559  0.650841 0.155423 1 0 1.000000
0  6.274683 -119.174278 19.332638  -0.014007 -0.238596 0.971018  0.650841 0.155423 1 0 1.000000
0  -6.238944 -119.801033 18.826164  -0.014008 -0.637243 0.770536  0.650841 0.155423 1 0 1.000000
aluminium
0  6.274683 -119.912750 18.961283  -0.014009 -0.637215 0.770559  0.650841 0.155423 1 0 1.000000
0  -6.238944 -119.801033 18.826164  -0.014008 -0.637243 0.770536  0.650841 0.155423 1 0 1.000000
0  6.274683 -120.416153 18.305664  -0.014010 -0.908975 0.416616  0.650841 0.155423 1 0 1.000000
aluminium
0  -6.238944 -120.256760 18.232603  -0.014007 -0.908953 0.416663  0.650841 0.155423 1 0 1.000000
0  6.274683 -120.416153 18.305664  -0.014010 -0.908975 0.416616  0.650841 0.155423 1 0 1.000000
0  -6.238944 -119.801033 18.826164  -0.014008 -0.637243 0.770536  0.650841 0.155423 1 0 1.000000
aluminium
0  6.274683 -120.416153 18.305664  -0.014010 -0.908975 0.416616  0.650841 0.155423 1 0 1.000000
0  -6.238944 -120.256760 18.232603  -0.014007 -0.908953 0.416663  0.650841 0.155423 1 0 1.000000
0  6.274683 -120.584190 17.496346  -0.014009 -0.999697 -0.020247  0.650841 0.155423 1 0 1.000000
aluminium
0  -6.238944 -120.408989 17.499863  -0.014002 -0.999698 -0.020213  0.650841 0.155423 1 0 1.000000
0  6.274683 -120.584190 17.496346  -0.014009 -0.999697 -0.020247  0.650841 0.155423 1 0 1.000000
0  -6.238944 -120.256760 18.232603  -0.014007 -0.908953 0.416663  0.650841 0.155423 1 0 1.000000
aluminium
0  -6.238944 -120.408989 17.499863  -0.014002 -0.999698 -0.020213  0.650841 0.155423 1 0 1.000000
0  -6.238944 -120.227264 16.773933  -0.014006 -0.891359 -0.453082  0.650841 0.155423 1 0 1.000000
0  6.274683 -120.584190 17.496346  -0.014009 -0.999697 -0.020247  0.650841 0.155423 1 0 1.000000
aluminium
0  6.274683 -120.383545 16.694468  -0.014010 -0.891373 -0.453054  0.650841 0.155423 1 0 1.000000
0  6.274683 -120.584190 17.496346  -0.014009 -0.999697 -0.020247  0.650841 0.155423 1 0 1.000000
0  -6.238944 -120.227264 16.773933  -0.014006 -0.891359 -0.453082  0.650841 0.155423 1 0 1.000000
aluminium
0  -6.238944 -120.227264 16.773933  -0.014006 -0.891359 -0.453082  0.650841 0.155423 1 0 1.000000
0  -6.238944 -119.747856 16.199270  -0.014009 -0.605535 -0.795695  0.650841 0.155423 1 0 1.000000
0  6.274683 -120.383545 16.694468  -0.014010 -0.891373 -0.453054  0.650841 0.155423 1 0 1.000000
aluminium
0  6.274683 -119.854073 16.059776  -0.014010 -0.605529 -0.795700  0.650841 0.155423 1 0 1.000000
0  6.274683 -120.383545 16.694468  -0.014010 -0.891373 -0.453054  0.650841 0.155423 1 0 1.000000
0  -6.238944 -119.747856 16.199270  -0.014009 -0.605535 -0.795695  0.650841 0.155423 1 0 1.000000
aluminium
0  6.274683 -119.854073 16.059776  -0.014010 -0.605529 -0.795700  0.650841 0.155423 1 0 1.000000
0  -6.238944 -119.747856 16.199270  -0.014009 -0.605535 -0.795695  0.650841 0.155423 1 0 1.000000
0  6.274683 -119.101173 15.718594  -0.013948 -0.199947 -0.979708  0.650841 0.155423 1 0 1.000000
aluminium
0  -6.238944 -119.066261 15.890381  -0.014007 -0.200994 -0.979492  0.650841 0.155423 1 0 1.000000
0  6.274683 -119.101173 15.718594  -0.013948 -0.199947 -0.979708  0.650841 0.155423 1 0 1.000000
0  -6.238944 -119.747856 16.199270  -0.014009 -0.605535 -0.795695  0.650841 0.155423 1 0 1.000000
aluminium
0  -6.238944 -118.330635 15.905624  -0.013553 0.022548 -0.999654  0.650841 0.155423 1 0 1.000000
0  6.274683 -119.101173 15.718594  -0.013948 -0.199947 -0.979708  0.650841 0.155423 1 0 1.000000
0  -6.238944 -119.066261 15.890381  -0.014007 -0.200994 -0.979492  0.650841 0.155423 1 0 1.000000
aluminium
0  6.274683 -118.274796 15.738843  -0.013432 0.024495 -0.999610  0.650841 0.155423 1 0 1.000000
0  6.274683 -119.101173 15.718594  -0.013948 -0.199947 -0.979708  0.650841 0.155423 1 0 1.000000
0  -6.238944 -118.330635 15.905624  -0.013553 0.022548 -0.999654  0.650841 0.155423 1 0 1.000000
aluminium
0  -5.930099 -125.051620 20.551466  0.004592 -0.739362 0.673293  0.017530 0.991478 1 0 1.000000
0  -5.930099 -124.774071 20.856253  0.001811 -0.445699 0.895181  0.017530 0.991478 1 0 1.000000
0  -6.903898 -125.059105 20.549887  0.003329 -0.737379 0.675471  0.017530 0.991478 1 0 1.000000
aluminium
0  -6.903898 -125.059105 20.549887  0.003329 -0.737379 0.675471  0.017530 0.991478 1 0 1.000000
0  -5.930099 -124.774071 20.856253  0.001811 -0.445699 0.895181  0.017530 0.991478 1 0 1.000000
0  -7.103961 -124.778084 20.855890  0.001244 -0.443812 0.896119  0.017530 0.991478 1 0 1.000000
aluminium
0  -7.103961 -124.778084 20.855890  0.001244 -0.443812 0.896119  0.017530 0.991478 1 0 1.000000
0  -5.930099 -124.774071 20.856253  0.001811 -0.445699 0.895181  0.017530 0.991478 1 0 1.000000
0  -7.849689 -123.737503 20.953442  -0.000735 -0.094885 0.995488  0.017530 0.991478 1 0 1.000000
aluminium
0  -5.930099 -122.281212 21.094200  -0.005140 -0.088029 0.996105  0.017530 0.991478 1 0 1.000000
0  -7.849689 -123.737503 20.953442  -0.000735 -0.094885 0.995488  0.017530 0.991478 1 0 1.000000
0  -5.930099 -124.774071 20.856253  0.001811 -0.445699 0.895181  0.017530 0.991478 1 0 1.000000
aluminium
0  -5.930099 -122.281212 21.094200  -0.005140 -0.088029 0.996105  0.017530 0.991478 1 0 1.000000
0  -8.127957 -123.602554 20.966116  -0.004716 -0.075187 0.997158  0.017530 0.991478 1 0 1.000000
0  -7.849689 -123.737503 20.953442  -0.000735 -0.094885 0.995488  0.017530 0.991478 1 0 1.000000
aluminium
0  -9.894976 -122.326042 21.037779  -0.006903 -0.064967 0.997863  0.017530 0.991478 1 0 1.000000
0  -8.127957 -123.602554 20.966116  -0.004716 -0.075187 0.997158  0.017530 0.991478 1 0 1.000000
0  -5.930099 -122.281212 21.094200  -0.005140 -0.088029 0.996105  0.017530 0.991478 1 0 1.000000
aluminium
0  -9.894976 -122.326042 21.037779  -0.006903 -0.064967 0.997863  0.017530 0.991478 1 0 1.000000
0  -9.894976 -123.604446 20.966297  -0.000166 -0.054939 0.998490  0.017530 0.991478 1 0 1.000000
0  -8.127957 -123.602554 20.966116  -0.004716 -0.075187 0.997158  0.017530 0.991478 1 0 1.000000
aluminium
0  -9.894976 -122.326042 21.037779  -0.006903 -0.064967 0.997863  0.017530 0.991478 1 0 1.000000
0  -10.067392 -122.373848 20.860085  -0.999462 -0.032806 0.000275  0.017530 0.991478 1 0 1.000000
0  -9.894976 -123.604446 20.966297  -0.000166 -0.054939 0.998490  0.017530 0.991478 1 0 1.000000
aluminium
0  -10.027028 -123.604446 20.833384  -0.999462 -0.032785 0.000336  0.017530 0.991478 1 0 1.000000
0  -9.894976 -123.604446 20.966297  -0.000166 -0.054939 0.998490  0.017530 0.991478 1 0 1.000000
0  -10.067392 -122.373848 20.860085  -0.999462 -0.032806 0.000275  0.017530 0.991478 1 0 1.000000
aluminium
0  -10.027028 -123.604446 20.833384  -0.999462 -0.032785 0.000336  0.017530 0.991478 1 0 1.000000
0  -10.067392 -122.373848 20.860085  -0.999462 -0.032806 0.000275  0.017530 0.991478 1 0 1.000000
0  -10.067392 -122.373848 14.087103  -0.999462 -0.032795 -0.000026  0.017530 0.991478 1 0 1.000000
aluminium
0  -10.067392 -122.373848 14.087103  -0.999462 -0.032795 -0.000026  0.017530 0.991478 1 0 1.000000
0  -10.027028 -123.604446 14.110330  -0.999463 -0.032774 -0.000289  0.017530 0.991478 1 0 1.000000
0  -10.027028 -123.604446 20.833384  -0.999462 -0.032785 0.000336  0.017530 0.991478 1 0 1.000000
aluminium
0  -10.027028 -123.604446 14.110330  -0.999463 -0.032774 -0.000289  0.017530 0.991478 1 0 1.000000
0  -10.067392 -122.373848 14.087103  -0.999462 -0.032795 -0.000026  0.017530 0.991478 1 0 1.000000
0  -9.894976 -123.604446 13.977644  -0.000149 -0.052636 -0.998614  0.017530 0.991478 1 0 1.000000
aluminium
0  -9.894976 -122.326042 13.910265  -0.005156 -0.059522 -0.998214  0.017530 0.991478 1 0 1.000000
0  -9.894976 -123.604446 13.977644  -0.000149 -0.052636 -0.998614  0.017530 0.991478 1 0 1.000000
0  -10.067392 -122.373848 14.087103  -0.999462 -0.032795 -0.000026  0.017530 0.991478 1 0 1.000000
aluminium
0  -9.894976 -123.604446 13.977644  -0.000149 -0.052636 -0.998614  0.017530 0.991478 1 0 1.000000
0  -9.894976 -122.326042 13.910265  -0.005156 -0.059522 -0.998214  0.017530 0.991478 1 0 1.000000
0  -8.127868 -123.602730 13.977824  -0.003492 -0.066929 -0.997752  0.017530 0.991478 1 0 1.000000
aluminium
0  -5.930099 -122.281212 13.868141  -0.003866 -0.076347 -0.997074  0.017530 0.991478 1 0 1.000000
0  -8.127868 -123.602730 13.977824  -0.003492 -0.066929 -0.997752  0.017530 0.991478 1 0 1.000000
0  -9.894976 -122.326042 13.910265  -0.005156 -0.059522 -0.998214  0.017530 0.991478 1 0 1.000000
aluminium
0  -8.127868 -123.602730 13.977824  -0.003496 -0.066925 -0.997752  0.017530 0.991478 1 0 1.000000
0  -5.930099 -122.281212 13.868141  -0.003861 -0.076357 -0.997073  0.017530 0.991478 1 0 1.000000
0  -7.849555 -123.737717 13.988692  -0.000445 -0.080927 -0.996720  0.017530 0.991478 1 0 1.000000
aluminium
0  -5.930099 -122.281212 13.868141  -0.003861 -0.076357 -0.997073  0.017530 0.991478 1 0 1.000000
0  -5.930099 -124.774300 14.071902  0.001821 -0.436695 -0.899608  0.017530 0.991478 1 0 1.000000
0  -7.849555 -123.737717 13.988692  -0.000445 -0.080927 -0.996720  0.017530 0.991478 1 0 1.000000
aluminium
0  -7.103961 -124.778084 14.072220  0.001159 -0.434746 -0.900552  0.017530 0.991478 1 0 1.000000
0  -7.849555 -123.737717 13.988692  -0.000445 -0.080927 -0.996720  0.017530 0.991478 1 0 1.000000
0  -5.930099 -124.774300 14.071902  0.001821 -0.436695 -0.899608  0.017530 0.991478 1 0 1.000000
aluminium
0  -7.103961 -124.778084 14.072220  0.001159 -0.434746 -0.900552  0.017530 0.991478 1 0 1.000000
0  -5.930099 -124.774300 14.071902  0.001821 -0.436695 -0.899608  0.017530 0.991478 1 0 1.000000
0  -6.903899 -125.059105 14.374030  0.003335 -0.733009 -0.680211  0.017530 0.991478 1 0 1.000000
aluminium
0  -5.930099 -125.051620 14.372449  0.004548 -0.734932 -0.678125  0.017530 0.991478 1 0 1.000000
0  -6.903899 -125.059105 14.374030  0.003335 -0.733009 -0.680211  0.017530 0.991478 1 0 1.000000
0  -5.930099 -124.774300 14.071902  0.001821 -0.436695 -0.899608  0.017530 0.991478 1 0 1.000000
black
0  -13.360683 -106.697365 53.825478  0.748391 -0.354036 -0.560865  0.982422 0.966888 1 0 1.000000
0  -13.222767 -103.076286 51.723778  0.748391 -0.354036 -0.560865  0.980957 0.970383 1 0 1.000000
0  -13.158952 -106.455627 53.942062  0.748391 -0.354036 -0.560865  0.982422 0.967102 1 0 1.000000
black
0  -51.332275 -97.969208 27.970150  0.928957 0.253426 0.269839  0.992676 0.990936 1 0 1.000000
0  -47.832470 -96.907913 14.924703  0.968854 0.186902 0.162452  0.992676 0.991699 1 0 1.000000
0  -47.832470 -96.487030 15.222001  0.954993 -0.171147 0.242273  0.992188 0.990669 1 0 1.000000
black
0  -51.332275 -97.969208 27.970150  0.928957 0.253426 0.269839  0.992676 0.990936 1 0 1.000000
0  -46.947559 -103.068657 27.970150  0.923183 0.367941 0.111144  0.992676 0.990944 1 0 1.000000
0  -47.832470 -96.907913 14.924703  0.968854 0.186902 0.162452  0.992676 0.991699 1 0 1.000000
black
0  -47.206165 -107.537170 14.939990  0.997476 0.058716 -0.039933  0.992676 0.991699 1 0 1.000000
0  -47.832470 -96.907913 14.924703  0.968854 0.186902 0.162452  0.992676 0.991699 1 0 1.000000
0  -46.947559 -103.068657 27.970150  0.923183 0.367941 0.111144  0.992676 0.990944 1 0 1.000000
black
0  51.332291 -97.969193 27.970142  -0.734477 0.631531 0.248420  0.017530 0.991478 1 0 1.000000
0  47.832485 -96.907913 14.924695  -0.968815 0.187271 0.162255  0.017530 0.991478 1 0 1.000000
0  46.947582 -103.068657 27.970142  -0.923184 0.367938 0.111147  0.017530 0.991478 1 0 1.000000
black
0  47.206181 -107.537170 14.939982  -0.997476 0.058716 -0.039932  0.017530 0.991478 1 0 1.000000
0  46.947582 -103.068657 27.970142  -0.923184 0.367938 0.111147  0.017530 0.991478 1 0 1.000000
0  47.832485 -96.907913 14.924695  -0.968815 0.187271 0.162255  0.017530 0.991478 1 0 1.000000
black
0  47.832485 -96.487030 15.221993  -0.954991 -0.171146 0.242283  0.990723 0.991722 1 0 1.000000
0  47.832485 -96.907913 14.924695  -0.968821 0.187151 0.162359  0.017530 0.991478 1 0 1.000000
0  51.332291 -97.969193 27.970142  -0.954991 -0.171146 0.242283  0.017530 0.991478 1 0 1.000000
black
0  -0.233969 -62.700729 60.888004  0.076554 0.996772 -0.024169  0.959473 0.979492 1 0 1.000000
0  -44.912380 -59.300869 59.589310  0.076552 0.996772 -0.024186  0.968750 0.981064 1 0 1.000000
0  -44.407257 -59.303623 59.934776  0.078531 0.991159 -0.106938  0.968750 0.981140 1 0 1.000000
black
0  -45.184200 -59.213467 58.449360  0.074051 0.995527 0.058664  0.969238 0.980682 1 0 1.000000
0  -44.912380 -59.300869 59.589310  0.076552 0.996772 -0.024186  0.968750 0.981064 1 0 1.000000
0  -0.233969 -62.700729 60.888004  0.076554 0.996772 -0.024169  0.959473 0.979492 1 0 1.000000
black
0  0.000010 -116.571198 11.783844  0.000000 0.998874 0.047446  0.017530 0.991478 1 0 1.000000
0  0.000011 -117.340057 27.970100  0.000000 0.998874 0.047446  0.017530 0.991478 1 0 1.000000
0  32.237400 -116.571999 11.783841  0.000025 0.998874 0.047447  0.017530 0.991478 1 0 1.000000
black
0  -32.237377 -116.571999 11.783847  -0.000025 0.998874 0.047446  0.017530 0.991478 1 0 1.000000
0  0.000011 -117.340057 27.970100  0.000000 0.998874 0.047446  0.017530 0.991478 1 0 1.000000
0  0.000010 -116.571198 11.783844  0.000000 0.998874 0.047446  0.017530 0.991478 1 0 1.000000
black
0  0.233988 -62.700729 60.888004  -0.024376 0.319160 -0.947387  0.958984 0.979492 1 0 1.000000
0  22.750980 -95.350021 49.309624  0.185147 0.155155 -0.970385  0.954590 0.964661 1 0 1.000000
0  0.000011 -95.350021 49.309624  0.000000 0.212001 -0.977270  0.958984 0.964630 1 0 1.000000
black
0  0.233988 -62.700729 60.888004  -0.024376 0.319160 -0.947387  0.958984 0.979492 1 0 1.000000
0  45.184216 -59.213459 58.449352  0.124917 0.169684 -0.977550  0.949707 0.980606 1 0 1.000000
0  22.750980 -95.350021 49.309624  0.185147 0.155155 -0.970385  0.954590 0.964661 1 0 1.000000
black
0  33.120644 -100.447853 52.558304  0.328497 0.067864 -0.942064  0.952148 0.962830 1 0 1.000000
0  22.750980 -95.350021 49.309624  0.185147 0.155155 -0.970385  0.954590 0.964661 1 0 1.000000
0  45.184216 -59.213459 58.449352  0.124917 0.169684 -0.977550  0.949707 0.980606 1 0 1.000000
black
0  33.120644 -100.447853 52.558304  0.328497 0.067864 -0.942064  0.952148 0.962830 1 0 1.000000
0  32.900597 -101.173653 52.406448  0.349715 0.115080 -0.929761  0.952148 0.962524 1 0 1.000000
0  22.750980 -95.350021 49.309624  0.185147 0.155155 -0.970385  0.954590 0.964661 1 0 1.000000
black
0  32.900597 -101.173653 52.406448  0.349715 0.115080 -0.929761  0.952148 0.962524 1 0 1.000000
0  27.908617 -114.053574 48.545757  0.370577 0.139690 -0.918237  0.953125 0.956787 1 0 1.000000
0  22.750980 -95.350021 49.309624  0.185147 0.155155 -0.970385  0.954590 0.964661 1 0 1.000000
black
0  27.908617 -114.053574 48.545757  0.370577 0.139690 -0.918237  0.953125 0.956787 1 0 1.000000
0  27.558683 -114.377205 48.349438  0.356738 0.136774 -0.924138  0.953125 0.956635 1 0 1.000000
0  22.750980 -95.350021 49.309624  0.185147 0.155155 -0.970385  0.954590 0.964661 1 0 1.000000
black
0  27.558683 -114.377205 48.349438  0.356738 0.136774 -0.924138  0.953125 0.956635 1 0 1.000000
0  24.196476 -114.973488 47.069408  0.155657 0.123353 -0.980079  0.954102 0.956299 1 0 1.000000
0  22.750980 -95.350021 49.309624  0.185147 0.155155 -0.970385  0.954590 0.964661 1 0 1.000000
black
0  24.196476 -114.973488 47.069408  0.155657 0.123353 -0.980079  0.954102 0.956299 1 0 1.000000
0  0.245898 -118.542648 47.299561  -0.008612 0.094633 -0.995475  0.958984 0.954651 1 0 1.000000
0  22.750980 -95.350021 49.309624  0.185147 0.155155 -0.970385  0.954590 0.964661 1 0 1.000000
black
0  22.750980 -95.350021 49.309624  0.185147 0.155155 -0.970385  0.954590 0.964661 1 0 1.000000
0  0.245898 -118.542648 47.299561  -0.008612 0.094633 -0.995475  0.958984 0.954651 1 0 1.000000
0  0.000011 -95.350021 49.309624  0.000000 0.212001 -0.977270  0.958984 0.964630 1 0 1.000000
black
0  0.245898 -118.542648 47.299561  -0.008612 0.094633 -0.995475  0.958984 0.954651 1 0 1.000000
0  0.000013 -118.542648 47.299561  0.000000 0.086344 -0.996265  0.958984 0.954651 1 0 1.000000
0  0.000011 -95.350021 49.309624  0.000000 0.212001 -0.977270  0.958984 0.964630 1 0 1.000000
black
0  0.000011 -95.350021 49.309624  0.000000 0.212001 -0.977270  0.958984 0.964630 1 0 1.000000
0  0.000013 -118.542648 47.299561  0.000000 0.086344 -0.996265  0.958984 0.954651 1 0 1.000000
0  -0.245873 -118.542648 47.299561  0.008681 0.094699 -0.995468  0.959473 0.954651 1 0 1.000000
black
0  0.000011 -95.350021 49.309624  0.000000 0.212001 -0.977270  0.958984 0.964630 1 0 1.000000
0  -0.245873 -118.542648 47.299561  0.008681 0.094699 -0.995468  0.959473 0.954651 1 0 1.000000
0  -22.750957 -95.350021 49.309624  -0.185146 0.155146 -0.970387  0.964355 0.964569 1 0 1.000000
black
0  -22.750957 -95.350021 49.309624  -0.185146 0.155146 -0.970387  0.964355 0.964569 1 0 1.000000
0  -0.245873 -118.542648 47.299561  0.008681 0.094699 -0.995468  0.959473 0.954651 1 0 1.000000
0  -24.196453 -114.973488 47.069408  -0.155659 0.123353 -0.980079  0.964355 0.956116 1 0 1.000000
black
0  -22.750957 -95.350021 49.309624  -0.185146 0.155146 -0.970387  0.964355 0.964569 1 0 1.000000
0  -24.196453 -114.973488 47.069408  -0.155659 0.123353 -0.980079  0.964355 0.956116 1 0 1.000000
0  -27.558661 -114.377205 48.349445  -0.356737 0.136774 -0.924138  0.965332 0.956421 1 0 1.000000
black
0  -22.750957 -95.350021 49.309624  -0.185146 0.155146 -0.970387  0.964355 0.964569 1 0 1.000000
0  -27.558661 -114.377205 48.349445  -0.356737 0.136774 -0.924138  0.965332 0.956421 1 0 1.000000
0  -27.908594 -114.053574 48.545765  -0.370529 0.139680 -0.918258  0.965332 0.956573 1 0 1.000000
black
0  -22.750957 -95.350021 49.309624  -0.185146 0.155146 -0.970387  0.964355 0.964569 1 0 1.000000
0  -27.908594 -114.053574 48.545765  -0.370529 0.139680 -0.918258  0.965332 0.956573 1 0 1.000000
0  -32.900574 -101.173653 52.406456  -0.349778 0.115203 -0.929722  0.966309 0.962372 1 0 1.000000
black
0  -22.750957 -95.350021 49.309624  -0.185146 0.155146 -0.970387  0.964355 0.964569 1 0 1.000000
0  -32.900574 -101.173653 52.406456  -0.349778 0.115203 -0.929722  0.966309 0.962372 1 0 1.000000
0  -33.120621 -100.447853 52.558311  -0.328518 0.067907 -0.942053  0.966309 0.962708 1 0 1.000000
black
0  -33.120621 -100.447853 52.558311  -0.328518 0.067907 -0.942053  0.966309 0.962708 1 0 1.000000
0  -45.184200 -59.213467 58.449360  -0.125054 0.169572 -0.977551  0.969238 0.980682 1 0 1.000000
0  -22.750957 -95.350021 49.309624  -0.185146 0.155146 -0.970387  0.964355 0.964569 1 0 1.000000
black
0  -0.233969 -62.700729 60.888004  0.024376 0.319160 -0.947387  0.959473 0.979492 1 0 1.000000
0  -22.750957 -95.350021 49.309624  -0.185146 0.155146 -0.970387  0.964355 0.964569 1 0 1.000000
0  -45.184200 -59.213467 58.449360  -0.124918 0.169681 -0.977550  0.969238 0.980682 1 0 1.000000
black
0  0.000011 -95.350021 49.309624  0.000000 0.212001 -0.977270  0.958984 0.964630 1 0 1.000000
0  -22.750957 -95.350021 49.309624  -0.185146 0.155146 -0.970387  0.964355 0.964569 1 0 1.000000
0  -0.233969 -62.700729 60.888004  0.024376 0.319160 -0.947387  0.959473 0.979492 1 0 1.000000
black
0  0.000009 -62.700729 60.888004  0.000000 0.334234 -0.942490  0.959473 0.979492 1 0 1.000000
0  0.000011 -95.350021 49.309624  0.000000 0.212001 -0.977270  0.958984 0.964630 1 0 1.000000
0  -0.233969 -62.700729 60.888004  0.024376 0.319160 -0.947387  0.959473 0.979492 1 0 1.000000
black
0  0.233988 -62.700729 60.888004  -0.024376 0.319160 -0.947387  0.958984 0.979492 1 0 1.000000
0  0.000011 -95.350021 49.309624  0.000000 0.212001 -0.977270  0.958984 0.964630 1 0 1.000000
0  0.000009 -62.700729 60.888004  0.000000 0.334234 -0.942490  0.959473 0.979492 1 0 1.000000
black
0  -13.222767 -103.076286 51.723778  0.011969 -0.548561 -0.836025  0.980957 0.970383 1 0 1.000000
0  0.000012 -103.914871 52.463326  -0.008020 -0.548372 -0.836196  0.972656 0.971268 1 0 1.000000
0  -13.158952 -106.455627 53.942062  0.011969 -0.548561 -0.836025  0.980469 0.975220 1 0 1.000000
black
0  -0.242130 -107.286140 54.671783  -0.000011 -0.547976 -0.836494  0.973145 0.976181 1 0 1.000000
0  -13.158952 -106.455627 53.942062  0.011962 -0.548536 -0.836041  0.980469 0.975220 1 0 1.000000
0  0.000012 -103.914871 52.463326  -0.008028 -0.548370 -0.836197  0.972656 0.971268 1 0 1.000000
black
0  -0.242130 -107.286140 54.671783  -0.000011 -0.547976 -0.836494  0.973145 0.976181 1 0 1.000000
0  0.000012 -103.914871 52.463326  -0.008028 -0.548370 -0.836197  0.972656 0.971268 1 0 1.000000
0  0.242154 -107.286140 54.671783  -0.006051 -0.548269 -0.836280  0.973145 0.976181 1 0 1.000000
black
0  0.000012 -103.914871 52.463326  -0.008028 -0.548370 -0.836197  0.972656 0.971268 1 0 1.000000
0  13.158977 -106.455627 53.942062  -0.011968 -0.548556 -0.836028  0.980469 0.975220 1 0 1.000000
0  0.242154 -107.286140 54.671783  -0.006051 -0.548269 -0.836280  0.973145 0.976181 1 0 1.000000
black
0  13.222790 -103.076286 51.723778  -0.011969 -0.548561 -0.836025  0.980957 0.970383 1 0 1.000000
0  13.158977 -106.455627 53.942062  -0.011968 -0.548556 -0.836028  0.980469 0.975220 1 0 1.000000
0  0.000012 -103.914871 52.463326  -0.008028 -0.548370 -0.836197  0.972656 0.971268 1 0 1.000000
black
0  -51.332275 -97.969208 27.970150  0.464718 0.855844 0.227088  0.992676 0.990936 1 0 1.000000
0  -47.832470 -96.487030 15.222001  0.464718 0.855844 0.227088  0.992676 0.991699 1 0 1.000000
0  -54.509254 -96.244133 27.970150  0.464718 0.855844 0.227088  0.992676 0.990944 1 0 1.000000
black
0  -47.206165 -107.537170 14.939990  0.446367 0.843704 -0.298195  0.992188 0.990669 1 0 1.000000
0  -46.947559 -103.068657 27.970150  0.453115 0.842576 -0.291122  0.992188 0.991417 1 0 1.000000
0  -32.237377 -116.571999 11.783847  0.351751 0.895722 -0.271944  0.992188 0.991417 1 0 1.000000
black
0  -27.975565 -113.436737 27.970102  0.302010 0.917920 -0.257317  0.991699 0.991226 1 0 1.000000
0  -32.237377 -116.571999 11.783847  0.351751 0.895722 -0.271944  0.992188 0.991417 1 0 1.000000
0  -46.947559 -103.068657 27.970150  0.453115 0.842576 -0.291122  0.992188 0.991417 1 0 1.000000
black
0  -32.237377 -116.571999 11.783847  0.351751 0.895722 -0.271944  0.992188 0.991417 1 0 1.000000
0  -27.975565 -113.436737 27.970102  0.302010 0.917920 -0.257317  0.991699 0.991226 1 0 1.000000
0  0.000011 -117.340057 27.970100  -0.000100 0.974463 -0.224549  0.992676 0.990883 1 0 1.000000
black
0  47.206181 -107.537170 14.939982  -0.446367 0.843704 -0.298194  0.990723 0.990173 1 0 1.000000
0  32.237400 -116.571999 11.783841  -0.351751 0.895722 -0.271944  0.990723 0.991112 1 0 1.000000
0  46.947582 -103.068657 27.970142  -0.453115 0.842576 -0.291122  0.990723 0.991264 1 0 1.000000
black
0  27.975588 -113.436737 27.970098  -0.302010 0.917920 -0.257319  0.991699 0.990936 1 0 1.000000
0  46.947582 -103.068657 27.970142  -0.453115 0.842576 -0.291122  0.990723 0.991264 1 0 1.000000
0  32.237400 -116.571999 11.783841  -0.351751 0.895722 -0.271944  0.990723 0.991112 1 0 1.000000
black
0  0.000011 -117.340057 27.970100  -0.000284 0.974465 -0.224541  0.992676 0.990883 1 0 1.000000
0  27.975588 -113.436737 27.970098  -0.302010 0.917920 -0.257319  0.991699 0.990936 1 0 1.000000
0  32.237400 -116.571999 11.783841  -0.351751 0.895722 -0.271944  0.990723 0.991112 1 0 1.000000
black
0  47.808399 -94.959045 27.740404  -0.188403 -0.982090 0.001762  0.992188 0.991417 1 0 1.000000
0  47.832485 -94.978035 19.717699  -0.188403 -0.982090 0.001762  0.992188 0.990669 1 0 1.000000
0  54.509270 -96.244118 27.970142  -0.362086 -0.920364 0.147726  0.991699 0.991463 1 0 1.000000
black
0  47.832485 -95.047852 19.294704  -0.515660 -0.807838 0.285469  0.991699 0.990562 1 0 1.000000
0  47.832485 -96.487030 15.221993  -0.515660 -0.807838 0.285469  0.990723 0.990173 1 0 1.000000
0  54.509270 -96.244118 27.970142  -0.362227 -0.920289 0.147854  0.991699 0.991463 1 0 1.000000
black
0  47.832485 -94.978035 19.717699  -0.362034 -0.919725 0.151777  0.990723 0.991119 1 0 1.000000
0  47.832485 -95.047852 19.294704  -0.362034 -0.919725 0.151777  0.990723 0.990639 1 0 1.000000
0  54.509270 -96.244118 27.970142  -0.362034 -0.919725 0.151777  0.990723 0.991722 1 0 1.000000
black
0  -54.509254 -96.244133 27.970150  0.361831 -0.920273 0.148918  0.991699 0.991463 1 0 1.000000
0  -47.832470 -94.978035 19.717707  0.277183 -0.957702 0.077309  0.991699 0.990562 1 0 1.000000
0  -47.808384 -94.959045 27.740412  0.188405 -0.982090 0.001759  0.992188 0.991646 1 0 1.000000
black
0  -54.509254 -96.244133 27.970150  0.361831 -0.920273 0.148918  0.991699 0.991463 1 0 1.000000
0  -47.832470 -95.047852 19.294712  0.441857 -0.869657 0.220134  0.992676 0.990509 1 0 1.000000
0  -47.832470 -94.978035 19.717707  0.277183 -0.957702 0.077309  0.991699 0.990562 1 0 1.000000
black
0  -54.509254 -96.244133 27.970150  0.361831 -0.920273 0.148918  0.991699 0.991463 1 0 1.000000
0  -47.832470 -96.487030 15.222001  0.515661 -0.807839 0.285465  0.992676 0.991562 1 0 1.000000
0  -47.832470 -95.047852 19.294712  0.441857 -0.869657 0.220134  0.992676 0.990509 1 0 1.000000
black
0  12.567038 -113.043648 51.259289  -0.772339 0.587308 0.241995  0.981934 0.958588 1 0 1.000000
0  12.814277 -112.758804 51.357067  -0.772339 0.587308 0.241995  0.981934 0.958862 1 0 1.000000
0  12.630177 -111.683800 48.160515  -0.772339 0.587308 0.241995  0.979980 0.959259 1 0 1.000000
black
0  0.000012 -113.298019 48.529751  0.076152 -0.385496 0.919562  0.972168 0.958832 1 0 1.000000
0  12.630177 -111.683800 48.160515  0.076000 -0.385702 0.919488  0.979980 0.959259 1 0 1.000000
0  0.000012 -103.914871 52.463326  0.076049 -0.385636 0.919511  0.972656 0.971268 1 0 1.000000
black
0  13.222790 -103.076286 51.723778  0.075895 -0.385845 0.919437  0.980957 0.970383 1 0 1.000000
0  0.000012 -103.914871 52.463326  0.076049 -0.385636 0.919511  0.972656 0.971268 1 0 1.000000
0  12.630177 -111.683800 48.160515  0.076000 -0.385702 0.919488  0.979980 0.959259 1 0 1.000000
black
0  -13.222767 -103.076286 51.723778  0.993976 0.024183 0.106892  0.980957 0.970383 1 0 1.000000
0  -13.360683 -106.697365 53.825478  0.994906 0.041287 0.091961  0.982422 0.966888 1 0 1.000000
0  -12.630153 -111.683800 48.160515  0.994907 0.041290 0.091955  0.979980 0.959259 1 0 1.000000
black
0  -12.814252 -112.758804 51.357067  0.995323 0.058387 0.076960  0.981934 0.958862 1 0 1.000000
0  -12.630153 -111.683800 48.160515  0.994907 0.041290 0.091955  0.979980 0.959259 1 0 1.000000
0  -13.360683 -106.697365 53.825478  0.994906 0.041287 0.091961  0.982422 0.966888 1 0 1.000000
black
0  12.814277 -112.758804 51.357067  -0.995323 0.058387 0.076960  0.981934 0.958862 1 0 1.000000
0  13.360708 -106.697365 53.825478  -0.994907 0.041308 0.091941  0.982422 0.966888 1 0 1.000000
0  12.630177 -111.683800 48.160515  -0.994908 0.041306 0.091939  0.979980 0.959259 1 0 1.000000
black
0  13.222790 -103.076286 51.723778  -0.993976 0.024183 0.106893  0.980957 0.970383 1 0 1.000000
0  12.630177 -111.683800 48.160515  -0.994907 0.041284 0.091959  0.979980 0.959259 1 0 1.000000
0  13.360708 -106.697365 53.825478  -0.994906 0.041287 0.091963  0.982422 0.966888 1 0 1.000000
black
0  -13.222767 -103.076286 51.723778  -0.075895 -0.385846 0.919436  0.980957 0.970383 1 0 1.000000
0  -12.630153 -111.683800 48.160515  -0.076000 -0.385702 0.919488  0.979980 0.959259 1 0 1.000000
0  0.000012 -103.914871 52.463326  -0.076049 -0.385636 0.919511  0.972656 0.971268 1 0 1.000000
black
0  0.000012 -113.298019 48.529751  -0.076152 -0.385496 0.919562  0.972168 0.958832 1 0 1.000000
0  0.000012 -103.914871 52.463326  -0.076049 -0.385636 0.919511  0.972656 0.971268 1 0 1.000000
0  -12.630153 -111.683800 48.160515  -0.076000 -0.385702 0.919488  0.979980 0.959259 1 0 1.000000
black
0  12.630177 -111.683800 48.160515  -0.104858 0.911444 0.397838  0.979980 0.959259 1 0 1.000000
0  0.000012 -113.298019 48.529751  -0.103172 0.915130 0.389735  0.972168 0.958832 1 0 1.000000
0  12.567038 -113.043648 51.259289  -0.103174 0.915130 0.389734  0.979980 0.955200 1 0 1.000000
black
0  0.000013 -114.629822 51.736355  -0.101476 0.918747 0.381585  0.972168 0.954773 1 0 1.000000
0  12.567038 -113.043648 51.259289  -0.103171 0.915136 0.389720  0.979980 0.955200 1 0 1.000000
0  0.000012 -113.298019 48.529751  -0.103169 0.915136 0.389720  0.972168 0.958832 1 0 1.000000
black
0  -12.630153 -111.683800 48.160515  0.104858 0.911444 0.397838  0.979980 0.959259 1 0 1.000000
0  -12.567013 -113.043648 51.259289  0.103170 0.915137 0.389719  0.979980 0.955200 1 0 1.000000
0  0.000012 -113.298019 48.529751  0.103167 0.915142 0.389707  0.972168 0.958832 1 0 1.000000
black
0  0.000013 -114.629822 51.736355  0.101476 0.918747 0.381585  0.972168 0.954773 1 0 1.000000
0  0.000012 -113.298019 48.529751  0.103167 0.915142 0.389707  0.972168 0.958832 1 0 1.000000
0  -12.567013 -113.043648 51.259289  0.103170 0.915137 0.389719  0.979980 0.955200 1 0 1.000000
black
0  44.407272 -59.303616 59.934769  -0.078530 0.991162 -0.106919  0.949707 0.981064 1 0 1.000000
0  44.912395 -59.300861 59.589302  -0.076537 0.996773 -0.024179  0.949707 0.980988 1 0 1.000000
0  0.233988 -62.700729 60.888004  -0.076554 0.996773 -0.024164  0.958984 0.979492 1 0 1.000000
black
0  0.233988 -62.700729 60.888004  -0.076554 0.996773 -0.024164  0.958984 0.979492 1 0 1.000000
0  44.912395 -59.300861 59.589302  -0.076537 0.996773 -0.024179  0.949707 0.980988 1 0 1.000000
0  45.184216 -59.213459 58.449352  -0.074051 0.995527 0.058669  0.949707 0.980606 1 0 1.000000
black
0  -12.630153 -111.683800 48.160515  0.772342 0.587304 0.241996  0.979980 0.959259 1 0 1.000000
0  -12.814252 -112.758804 51.357067  0.772342 0.587304 0.241996  0.981934 0.958862 1 0 1.000000
0  -12.567013 -113.043648 51.259289  0.772342 0.587304 0.241996  0.981934 0.958588 1 0 1.000000
black
0  54.509270 -96.244118 27.970142  -0.464718 0.855844 0.227087  0.991699 0.991226 1 0 1.000000
0  47.832485 -96.487030 15.221993  -0.464718 0.855844 0.227087  0.990723 0.991112 1 0 1.000000
0  51.332291 -97.969193 27.970142  -0.464718 0.855844 0.227087  0.991699 0.990936 1 0 1.000000
black
0  13.158977 -106.455627 53.942062  -0.748391 -0.354035 -0.560865  0.982422 0.967102 1 0 1.000000
0  13.222790 -103.076286 51.723778  -0.748391 -0.354035 -0.560865  0.980957 0.970383 1 0 1.000000
0  13.360708 -106.697365 53.825478  -0.748391 -0.354035 -0.560865  0.982422 0.966888 1 0 1.000000
skin_0
0  0.245898 -118.542648 47.299561  0.132826 -0.913269 -0.385094  0.180671 0.758874 1 0 1.000000
0  24.115208 -115.124969 47.427322  0.132829 -0.913323 -0.384963  0.266804 0.771207 1 0 1.000000
0  0.245898 -118.702614 47.652195  0.131453 -0.902774 -0.409535  0.180671 0.758296 1 0 1.000000
skin_0
0  24.196476 -114.973488 47.069408  0.134109 -0.923165 -0.360251  0.267098 0.771753 1 0 1.000000
0  24.115208 -115.124969 47.427322  0.132829 -0.913323 -0.384963  0.266804 0.771207 1 0 1.000000
0  0.245898 -118.542648 47.299561  0.132826 -0.913269 -0.385094  0.180671 0.758874 1 0 1.000000
skin_0
0  55.372978 -95.893242 19.717699  0.120749 0.992683 -0.000134  0.179993 0.061921 1 0 1.000000
0  55.638798 -96.136688 19.717745  0.973051 -0.230588 -0.000060  0.179114 0.061921 1 0 1.000000
0  55.218193 -95.963058 19.294704  0.112590 0.905913 -0.408221  0.179741 0.060395 1 0 1.000000
skin_0
0  51.570103 -97.823700 14.924695  -0.002756 -0.000037 -0.999996  0.907715 0.539795 1 0 1.000000
0  47.206181 -107.537170 14.939982  0.033270 0.056087 -0.997871  0.891113 0.539307 1 0 1.000000
0  47.832485 -96.907913 14.924695  -0.000282 -0.001145 -0.999999  0.910157 0.530517 1 0 1.000000
skin_0
0  47.832485 -96.907913 14.924695  -0.000282 -0.001145 -0.999999  0.910157 0.530517 1 0 1.000000
0  47.832485 -96.487030 15.221993  0.157386 0.696571 -0.700013  0.914063 0.534180 1 0 1.000000
0  51.570103 -97.823700 14.924695  -0.002756 -0.000037 -0.999996  0.907715 0.539795 1 0 1.000000
skin_0
0  52.026558 -97.402153 15.222174  0.112260 0.905989 -0.408144  0.908691 0.541748 1 0 1.000000
0  51.570103 -97.823700 14.924695  -0.002756 -0.000037 -0.999996  0.907715 0.539795 1 0 1.000000
0  47.832485 -96.487030 15.221993  0.157386 0.696571 -0.700013  0.914063 0.534180 1 0 1.000000
skin_0
0  47.832485 -96.487030 15.221993  0.157386 0.696571 -0.700013  0.914063 0.534180 1 0 1.000000
0  47.832485 -95.047852 19.294704  0.112323 0.906118 -0.407840  0.917969 0.545166 1 0 1.000000
0  52.026558 -97.402153 15.222174  0.112260 0.905989 -0.408144  0.908691 0.541748 1 0 1.000000
skin_0
0  55.218193 -95.963058 19.294704  0.112590 0.905913 -0.408221  0.910156 0.553955 1 0 1.000000
0  52.026558 -97.402153 15.222174  0.112260 0.905989 -0.408144  0.908691 0.541748 1 0 1.000000
0  47.832485 -95.047852 19.294704  0.112323 0.906118 -0.407840  0.917969 0.545166 1 0 1.000000
skin_0
0  47.832485 -94.978035 19.717699  0.121915 0.992540 -0.000992  0.918457 0.546387 1 0 1.000000
0  55.218193 -95.963058 19.294704  0.112590 0.905913 -0.408221  0.910156 0.553955 1 0 1.000000
0  47.832485 -95.047852 19.294704  0.112323 0.906118 -0.407840  0.917969 0.545166 1 0 1.000000
skin_0
0  55.372978 -95.893242 19.717699  0.120749 0.992683 -0.000134  0.910645 0.554932 1 0 1.000000
0  55.218193 -95.963058 19.294704  0.112590 0.905913 -0.408221  0.910156 0.553955 1 0 1.000000
0  47.832485 -94.978035 19.717699  0.121915 0.992540 -0.000992  0.918457 0.546387 1 0 1.000000
skin_0
0  55.372978 -95.893242 27.741261  0.121513 0.992589 -0.000939  0.913086 0.573730 1 0 1.000000
0  55.372978 -95.893242 19.717699  0.120749 0.992683 -0.000134  0.910645 0.554932 1 0 1.000000
0  47.832485 -94.978035 19.717699  0.121915 0.992540 -0.000992  0.918457 0.546387 1 0 1.000000
skin_0
0  55.372978 -95.893242 19.717699  0.120749 0.992683 -0.000134  0.179993 0.061921 1 0 1.000000
0  55.372978 -95.893242 27.741261  0.121513 0.992589 -0.000939  0.179993 0.090875 1 0 1.000000
0  55.638798 -96.136688 19.717745  0.973051 -0.230588 -0.000060  0.179114 0.061921 1 0 1.000000
skin_0
0  55.638798 -96.136688 27.999592  0.973055 -0.230575 -0.000039  0.179114 0.091807 1 0 1.000000
0  55.638798 -96.136688 19.717745  0.973051 -0.230588 -0.000060  0.179114 0.061921 1 0 1.000000
0  55.372978 -95.893242 27.741261  0.121513 0.992589 -0.000939  0.179993 0.090875 1 0 1.000000
skin_0
0  55.638798 -96.136688 19.717745  0.973051 -0.230588 -0.000060  0.179114 0.061921 1 0 1.000000
0  55.638798 -96.136688 27.999592  0.973055 -0.230575 -0.000039  0.179114 0.091807 1 0 1.000000
0  52.593376 -108.988571 19.720854  0.972992 -0.230840 -0.000133  0.132738 0.061932 1 0 1.000000
skin_0
0  52.593376 -108.988571 27.999592  0.973056 -0.230569 -0.000008  0.132738 0.091807 1 0 1.000000
0  52.593376 -108.988571 19.720854  0.972992 -0.230840 -0.000133  0.132738 0.061932 1 0 1.000000
0  55.638798 -96.136688 27.999592  0.973055 -0.230575 -0.000039  0.179114 0.091807 1 0 1.000000
skin_0
0  52.593376 -108.988571 27.999592  0.973056 -0.230569 -0.000008  0.132738 0.091807 1 0 1.000000
0  52.301540 -109.307381 27.999052  0.514316 -0.857601 0.000004  0.131587 0.091805 1 0 1.000000
0  52.593376 -108.988571 19.720854  0.972992 -0.230840 -0.000133  0.132738 0.061932 1 0 1.000000
skin_0
0  52.301540 -109.307381 27.999052  0.514316 -0.857601 0.000004  0.131587 0.091805 1 0 1.000000
0  52.593376 -108.988571 27.999592  0.973056 -0.230569 -0.000008  0.132738 0.091807 1 0 1.000000
0  52.098003 -108.760681 28.427412  0.000270 -0.000158 1.000000  0.133560 0.093351 1 0 1.000000
skin_0
0  52.098003 -108.760681 28.427412  0.000270 -0.000158 1.000000  0.133560 0.093351 1 0 1.000000
0  30.571457 -121.696716 28.427414  0.000005 -0.000035 1.000000  0.086880 0.093351 1 0 1.000000
0  52.301540 -109.307381 27.999052  0.514316 -0.857601 0.000004  0.131587 0.091805 1 0 1.000000
skin_0
0  52.098003 -108.760681 28.427412  0.000270 -0.000158 1.000000  0.133560 0.093351 1 0 1.000000
0  47.643112 -103.836258 28.427412  -0.000155 0.000238 1.000000  0.151330 0.093351 1 0 1.000000
0  30.571457 -121.696716 28.427414  0.000005 -0.000035 1.000000  0.086880 0.093351 1 0 1.000000
skin_0
0  30.571457 -121.696716 28.427414  0.000005 -0.000035 1.000000  0.086880 0.093351 1 0 1.000000
0  47.643112 -103.836258 28.427412  -0.000155 0.000238 1.000000  0.151330 0.093351 1 0 1.000000
0  28.568609 -114.169121 28.427414  -0.000303 0.000133 1.000000  0.114043 0.093351 1 0 1.000000
skin_0
0  46.947582 -103.068657 27.970142  -0.268632 0.328618 0.905454  0.898682 0.603516 1 0 1.000000
0  28.568609 -114.169121 28.427414  -0.000303 0.000133 1.000000  0.860352 0.608398 1 0 1.000000
0  47.643112 -103.836258 28.427412  -0.000155 0.000238 1.000000  0.898438 0.600708 1 0 1.000000
skin_0
0  28.053070 -114.492081 28.167322  -0.752912 -0.208952 0.624070  0.112878 0.092412 1 0 1.000000
0  30.571457 -121.696716 28.427414  0.000005 -0.000035 1.000000  0.086880 0.093351 1 0 1.000000
0  28.568609 -114.169121 28.427414  -0.000303 0.000133 1.000000  0.114043 0.093351 1 0 1.000000
skin_0
0  55.372978 -95.893242 27.741261  0.121513 0.992589 -0.000939  0.913086 0.573730 1 0 1.000000
0  47.832485 -94.978035 19.717699  0.121915 0.992540 -0.000992  0.918457 0.546387 1 0 1.000000
0  47.808399 -94.959045 27.740404  0.122565 0.992458 -0.001980  0.922363 0.566895 1 0 1.000000
skin_0
0  52.076176 -98.464798 28.427412  -0.000150 0.000260 1.000000  0.910156 0.583984 1 0 1.000000
0  51.332291 -97.969193 27.970142  -0.294343 0.370867 0.880806  0.911133 0.586426 1 0 1.000000
0  46.947582 -103.068657 27.970142  -0.268632 0.328618 0.905454  0.898682 0.603516 1 0 1.000000
skin_0
0  51.332291 -97.969193 27.970142  -0.294343 0.370867 0.880806  0.911133 0.586426 1 0 1.000000
0  52.076176 -98.464798 28.427412  -0.000150 0.000260 1.000000  0.910156 0.583984 1 0 1.000000
0  54.509270 -96.244118 27.970142  -0.132815 0.506452 0.851978  0.914063 0.574951 1 0 1.000000
skin_0
0  54.827221 -96.806290 28.427412  0.000166 0.000262 1.000000  0.912109 0.576172 1 0 1.000000
0  54.509270 -96.244118 27.970142  -0.132815 0.506452 0.851978  0.914063 0.574951 1 0 1.000000
0  52.076176 -98.464798 28.427412  -0.000150 0.000260 1.000000  0.910156 0.583984 1 0 1.000000
skin_0
0  54.509270 -96.244118 27.970142  -0.132815 0.506452 0.851978  0.914063 0.574951 1 0 1.000000
0  54.827221 -96.806290 28.427412  0.000166 0.000262 1.000000  0.912109 0.576172 1 0 1.000000
0  55.372978 -95.893242 27.741261  0.121513 0.992589 -0.000939  0.913086 0.573730 1 0 1.000000
skin_0
0  55.638798 -96.136688 27.999592  0.973055 -0.230575 -0.000039  0.179114 0.091807 1 0 1.000000
0  55.372978 -95.893242 27.741261  0.121513 0.992589 -0.000939  0.179993 0.090875 1 0 1.000000
0  54.827221 -96.806290 28.427412  0.000166 0.000262 1.000000  0.176698 0.093351 1 0 1.000000
skin_0
0  54.827221 -96.806290 28.427412  0.000166 0.000262 1.000000  0.176698 0.093351 1 0 1.000000
0  52.593376 -108.988571 27.999592  0.973056 -0.230569 -0.000008  0.132738 0.091807 1 0 1.000000
0  55.638798 -96.136688 27.999592  0.973055 -0.230575 -0.000039  0.179114 0.091807 1 0 1.000000
skin_0
0  52.098003 -108.760681 28.427412  0.000270 -0.000158 1.000000  0.133560 0.093351 1 0 1.000000
0  52.593376 -108.988571 27.999592  0.973056 -0.230569 -0.000008  0.132738 0.091807 1 0 1.000000
0  54.827221 -96.806290 28.427412  0.000166 0.000262 1.000000  0.176698 0.093351 1 0 1.000000
skin_0
0  52.076176 -98.464798 28.427412  -0.000150 0.000260 1.000000  0.170713 0.093351 1 0 1.000000
0  52.098003 -108.760681 28.427412  0.000270 -0.000158 1.000000  0.133560 0.093351 1 0 1.000000
0  54.827221 -96.806290 28.427412  0.000166 0.000262 1.000000  0.176698 0.093351 1 0 1.000000
skin_0
0  52.076176 -98.464798 28.427412  -0.000150 0.000260 1.000000  0.170713 0.093351 1 0 1.000000
0  47.643112 -103.836258 28.427412  -0.000155 0.000238 1.000000  0.151330 0.093351 1 0 1.000000
0  52.098003 -108.760681 28.427412  0.000270 -0.000158 1.000000  0.133560 0.093351 1 0 1.000000
skin_0
0  46.947582 -103.068657 27.970142  -0.268632 0.328618 0.905454  0.898682 0.603516 1 0 1.000000
0  47.643112 -103.836258 28.427412  -0.000155 0.000238 1.000000  0.898438 0.600708 1 0 1.000000
0  52.076176 -98.464798 28.427412  -0.000150 0.000260 1.000000  0.910156 0.583984 1 0 1.000000
skin_0
0  55.372978 -95.893242 27.741261  0.121513 0.992589 -0.000939  0.913086 0.573730 1 0 1.000000
0  47.808399 -94.959045 27.740404  0.055088 0.446878 0.892897  0.922363 0.566895 1 0 1.000000
0  54.509270 -96.244118 27.970142  -0.132815 0.506452 0.851978  0.914063 0.574951 1 0 1.000000
skin_0
0  52.301540 -109.307381 27.999052  0.514316 -0.857601 0.000004  0.131587 0.091805 1 0 1.000000
0  30.711535 -122.255554 27.943398  0.514301 -0.857610 -0.000041  0.084863 0.091604 1 0 1.000000
0  52.301540 -109.307381 19.666824  0.514574 -0.857446 -0.000171  0.131587 0.061738 1 0 1.000000
skin_0
0  30.711535 -122.255554 27.943398  0.514301 -0.857610 -0.000041  0.084863 0.091604 1 0 1.000000
0  52.301540 -109.307381 27.999052  0.514316 -0.857601 0.000004  0.131587 0.091805 1 0 1.000000
0  30.571457 -121.696716 28.427414  0.000005 -0.000035 1.000000  0.086880 0.093351 1 0 1.000000
skin_0
0  30.571457 -121.696716 28.427414  0.000005 -0.000035 1.000000  0.086880 0.093351 1 0 1.000000
0  30.007977 -121.849388 28.061922  -0.752864 -0.209268 0.624021  0.086329 0.092032 1 0 1.000000
0  30.711535 -122.255554 27.943398  0.514301 -0.857610 -0.000041  0.084863 0.091604 1 0 1.000000
skin_0
0  30.007977 -121.849388 28.061922  -0.752864 -0.209268 0.624021  0.086329 0.092032 1 0 1.000000
0  30.571457 -121.696716 28.427414  0.000005 -0.000035 1.000000  0.086880 0.093351 1 0 1.000000
0  28.053070 -114.492081 28.167322  -0.752912 -0.208952 0.624070  0.112878 0.092412 1 0 1.000000
skin_0
0  28.053070 -114.492081 28.167322  -0.752912 -0.208952 0.624070  0.112878 0.092412 1 0 1.000000
0  26.525398 -121.849388 23.858196  -0.752931 -0.209251 0.623945  0.086329 0.076862 1 0 1.000000
0  30.007977 -121.849388 28.061922  -0.752864 -0.209268 0.624021  0.086329 0.092032 1 0 1.000000
skin_0
0  30.007977 -121.849388 28.061922  -0.752864 -0.209268 0.624021  0.086329 0.092032 1 0 1.000000
0  26.525398 -121.849388 23.858196  -0.752931 -0.209251 0.623945  0.086329 0.076862 1 0 1.000000
0  30.155540 -122.403664 27.568710  -0.000116 -1.000000 0.000263  0.084329 0.090252 1 0 1.000000
skin_0
0  26.241718 -122.403664 22.976627  -0.000110 -1.000000 0.000256  0.084329 0.073681 1 0 1.000000
0  30.155540 -122.403664 27.568710  -0.000116 -1.000000 0.000263  0.084329 0.090252 1 0 1.000000
0  26.525398 -121.849388 23.858196  -0.752931 -0.209251 0.623945  0.086329 0.076862 1 0 1.000000
skin_0
0  30.155540 -122.403664 27.568710  -0.000116 -1.000000 0.000263  0.084329 0.090252 1 0 1.000000
0  26.241718 -122.403664 22.976627  -0.000110 -1.000000 0.000256  0.084329 0.073681 1 0 1.000000
0  30.155539 -122.403664 13.561415  0.000168 -1.000000 -0.000287  0.084329 0.039706 1 0 1.000000
skin_0
0  30.155539 -122.403664 13.561415  0.000168 -1.000000 -0.000287  0.084329 0.039706 1 0 1.000000
0  26.241718 -122.403664 22.976627  -0.000110 -1.000000 0.000256  0.084329 0.073681 1 0 1.000000
0  6.091397 -122.403664 14.370600  0.000000 -1.000000 0.000013  0.084329 0.042626 1 0 1.000000
skin_0
0  6.091397 -122.403664 14.370600  0.000000 -1.000000 0.000013  0.084329 0.042626 1 0 1.000000
0  0.606650 -122.403664 13.555146  0.000013 -1.000000 -0.000294  0.084329 0.039683 1 0 1.000000
0  30.155539 -122.403664 13.561415  0.000168 -1.000000 -0.000287  0.084329 0.039706 1 0 1.000000
skin_0
0  0.606650 -122.403664 13.555146  0.000013 -1.000000 -0.000294  0.084329 0.039683 1 0 1.000000
0  6.091397 -122.403664 14.370600  0.000000 -1.000000 0.000013  0.084329 0.042626 1 0 1.000000
0  0.000010 -122.403664 14.370600  0.000000 -1.000000 0.000000  0.084329 0.042626 1 0 1.000000
skin_0
0  0.606650 -122.403664 13.555146  0.000013 -1.000000 -0.000294  0.084329 0.039683 1 0 1.000000
0  0.000010 -122.403664 14.370600  0.000000 -1.000000 0.000000  0.084329 0.042626 1 0 1.000000
0  0.000010 -122.403664 13.555102  0.000013 -1.000000 -0.000297  0.084329 0.039683 1 0 1.000000
skin_0
0  0.000010 -122.403664 13.555102  0.000013 -1.000000 -0.000297  0.084329 0.039683 1 0 1.000000
0  0.000010 -122.403664 14.370600  0.000000 -1.000000 0.000000  0.084329 0.042626 1 0 1.000000
0  -0.606630 -122.403664 13.555146  -0.000021 -1.000000 -0.000295  0.084329 0.039683 1 0 1.000000
skin_0
0  -0.606630 -122.403664 13.555146  -0.000021 -1.000000 -0.000295  0.084329 0.039683 1 0 1.000000
0  -0.606630 -122.253654 13.161152  0.000013 -0.746953 -0.664877  0.084870 0.038261 1 0 1.000000
0  0.000010 -122.403664 13.555102  0.000013 -1.000000 -0.000297  0.084329 0.039683 1 0 1.000000
skin_0
0  -0.606630 -122.253654 13.161152  0.000013 -0.746953 -0.664877  0.084870 0.038261 1 0 1.000000
0  -0.606630 -122.403664 13.555146  -0.000021 -1.000000 -0.000295  0.084329 0.039683 1 0 1.000000
0  -30.155519 -122.403664 13.561419  -0.000216 -1.000000 -0.000252  0.084329 0.039706 1 0 1.000000
skin_0
0  -30.155519 -122.403664 13.561419  -0.000216 -1.000000 -0.000252  0.084329 0.039706 1 0 1.000000
0  -30.236837 -122.250504 13.157592  -0.000138 -0.746934 -0.664899  0.084881 0.038249 1 0 1.000000
0  -0.606630 -122.253654 13.161152  0.000013 -0.746953 -0.664877  0.084870 0.038261 1 0 1.000000
skin_0
0  -30.236837 -122.250504 13.157592  -0.000138 -0.746934 -0.664899  0.084881 0.674291 1 0 1.000000
0  -30.155519 -122.403664 13.561419  -0.000216 -1.000000 -0.000252  0.084328 0.672834 1 0 1.000000
0  -30.711514 -122.255554 13.630511  -0.514120 -0.857718 -0.000189  0.084863 0.672585 1 0 1.000000
skin_0
0  -30.155519 -122.403664 13.561419  -0.000216 -1.000000 -0.000252  0.084328 0.672834 1 0 1.000000
0  -30.155518 -122.403664 27.568714  0.000134 -1.000000 0.000254  0.084328 0.622288 1 0 1.000000
0  -30.711514 -122.255554 13.630511  -0.514120 -0.857718 -0.000189  0.084863 0.672585 1 0 1.000000
skin_0
0  6.091397 -122.403664 20.444714  0.000000 -1.000000 0.000003  0.084329 0.064545 1 0 1.000000
0  6.091397 -122.403664 14.370600  0.000000 -1.000000 0.000013  0.084329 0.042626 1 0 1.000000
0  26.241718 -122.403664 22.976627  -0.000110 -1.000000 0.000256  0.084329 0.073681 1 0 1.000000
skin_0
0  0.000010 -122.253708 13.161198  0.000000 -0.854772 -0.519003  0.084870 0.038262 1 0 1.000000
0  0.000010 -122.403664 13.555102  0.000013 -1.000000 -0.000297  0.084329 0.039683 1 0 1.000000
0  -0.606630 -122.253654 13.161152  0.000013 -0.746953 -0.664877  0.084870 0.038261 1 0 1.000000
skin_0
0  0.606650 -122.403664 13.555146  0.000013 -1.000000 -0.000294  0.084329 0.039683 1 0 1.000000
0  0.000010 -122.403664 13.555102  0.000013 -1.000000 -0.000297  0.084329 0.039683 1 0 1.000000
0  0.606650 -122.253654 13.161152  0.000046 -0.746952 -0.664878  0.084870 0.038261 1 0 1.000000
skin_0
0  0.000010 -122.253708 13.161198  0.000000 -0.854772 -0.519003  0.084870 0.038262 1 0 1.000000
0  0.606650 -122.253654 13.161152  0.000046 -0.746952 -0.664878  0.084870 0.038261 1 0 1.000000
0  0.000010 -122.403664 13.555102  0.000013 -1.000000 -0.000297  0.084329 0.039683 1 0 1.000000
skin_0
0  0.000010 -122.253708 13.161198  0.000000 -0.854772 -0.519003  0.084870 0.038262 1 0 1.000000
0  0.000010 -120.283150 10.948728  -0.000014 -0.609580 -0.792725  0.091981 0.030278 1 0 1.000000
0  0.606650 -122.253654 13.161152  0.000046 -0.746952 -0.664878  0.084870 0.038261 1 0 1.000000
skin_0
0  0.000010 -122.253708 13.161198  0.000000 -0.854772 -0.519003  0.084870 0.038262 1 0 1.000000
0  -0.606630 -122.253654 13.161152  0.000013 -0.746953 -0.664877  0.084870 0.038261 1 0 1.000000
0  0.000010 -120.283150 10.948728  -0.000014 -0.609580 -0.792725  0.091981 0.030278 1 0 1.000000
skin_0
0  -0.606720 -120.283150 10.948683  0.000050 -0.746573 -0.665303  0.091981 0.030278 1 0 1.000000
0  0.000010 -120.283150 10.948728  -0.000014 -0.609580 -0.792725  0.091981 0.030278 1 0 1.000000
0  -0.606630 -122.253654 13.161152  0.000013 -0.746953 -0.664877  0.084870 0.038261 1 0 1.000000
skin_0
0  -0.606630 -122.253654 13.161152  0.000013 -0.746953 -0.664877  0.084870 0.038261 1 0 1.000000
0  -30.236837 -122.250504 13.157592  -0.000138 -0.746934 -0.664899  0.084881 0.038249 1 0 1.000000
0  -0.606720 -120.283150 10.948683  0.000050 -0.746573 -0.665303  0.091981 0.030278 1 0 1.000000
skin_0
0  0.000010 -119.771271 10.805264  -0.000000 -0.085234 -0.996361  0.093828 0.029760 1 0 1.000000
0  0.000010 -120.283150 10.948728  -0.000014 -0.609580 -0.792725  0.091981 0.030278 1 0 1.000000
0  -0.606720 -120.283150 10.948683  0.000050 -0.746573 -0.665303  0.091981 0.030278 1 0 1.000000
skin_0
0  0.606740 -120.283150 10.948683  0.000004 -0.746572 -0.665304  0.091981 0.030278 1 0 1.000000
0  0.000010 -120.283150 10.948728  -0.000014 -0.609580 -0.792725  0.091981 0.030278 1 0 1.000000
0  0.000010 -119.771271 10.805264  -0.000000 -0.085234 -0.996361  0.093828 0.029760 1 0 1.000000
skin_0
0  0.606740 -120.283150 10.948683  0.000004 -0.746572 -0.665304  0.091981 0.030278 1 0 1.000000
0  0.606650 -122.253654 13.161152  0.000046 -0.746952 -0.664878  0.084870 0.038261 1 0 1.000000
0  0.000010 -120.283150 10.948728  -0.000014 -0.609580 -0.792725  0.091981 0.030278 1 0 1.000000
skin_0
0  0.606785 -119.770859 10.805400  0.000149 0.292200 -0.956357  0.093829 0.029761 1 0 1.000000
0  0.606740 -120.283150 10.948683  0.000004 -0.746572 -0.665304  0.091981 0.030278 1 0 1.000000
0  0.000010 -119.771271 10.805264  -0.000000 -0.085234 -0.996361  0.093828 0.029760 1 0 1.000000
skin_0
0  0.606650 -122.253654 13.161152  0.000046 -0.746952 -0.664878  0.084870 0.038261 1 0 1.000000
0  30.155539 -122.403664 13.561415  0.000168 -1.000000 -0.000287  0.084329 0.039706 1 0 1.000000
0  0.606650 -122.403664 13.555146  0.000013 -1.000000 -0.000294  0.084329 0.039683 1 0 1.000000
skin_0
0  30.236856 -122.250504 13.157588  0.000122 -0.746941 -0.664891  0.084881 0.038249 1 0 1.000000
0  30.155539 -122.403664 13.561415  0.000168 -1.000000 -0.000287  0.084329 0.039706 1 0 1.000000
0  0.606650 -122.253654 13.161152  0.000046 -0.746952 -0.664878  0.084870 0.038261 1 0 1.000000
skin_0
0  0.606650 -122.253654 13.161152  0.000046 -0.746952 -0.664878  0.084870 0.038261 1 0 1.000000
0  0.606740 -120.283150 10.948683  0.000004 -0.746572 -0.665304  0.091981 0.030278 1 0 1.000000
0  30.236856 -122.250504 13.157588  0.000122 -0.746941 -0.664891  0.084881 0.038249 1 0 1.000000
skin_0
0  31.556211 -120.283150 10.948635  0.000198 -0.746597 -0.665277  0.091981 0.030277 1 0 1.000000
0  30.236856 -122.250504 13.157588  0.000122 -0.746941 -0.664891  0.084881 0.038249 1 0 1.000000
0  0.606740 -120.283150 10.948683  0.000004 -0.746572 -0.665304  0.091981 0.030278 1 0 1.000000
skin_0
0  0.606785 -119.770859 10.805400  0.000149 0.292200 -0.956357  0.093829 0.029761 1 0 1.000000
0  31.556211 -120.283150 10.948635  0.000198 -0.746597 -0.665277  0.091981 0.030277 1 0 1.000000
0  0.606740 -120.283150 10.948683  0.000004 -0.746572 -0.665304  0.091981 0.030278 1 0 1.000000
skin_0
0  32.047668 -119.736496 10.815860  0.023767 0.290870 -0.956467  0.093953 0.029798 1 0 1.000000
0  31.556211 -120.283150 10.948635  0.000198 -0.746597 -0.665277  0.091981 0.030277 1 0 1.000000
0  0.606785 -119.770859 10.805400  0.000149 0.292200 -0.956357  0.093829 0.029761 1 0 1.000000
skin_0
0  -30.007954 -121.849388 28.061926  0.752854 -0.209249 0.624040  0.086329 0.620508 1 0 1.000000
0  -30.155518 -122.403664 27.568714  0.000134 -1.000000 0.000254  0.084328 0.622288 1 0 1.000000
0  -26.525375 -121.849388 23.858200  0.752931 -0.209251 0.623946  0.086329 0.635678 1 0 1.000000
skin_0
0  -26.241695 -122.403664 22.976631  0.000093 -1.000000 0.000262  0.084328 0.638859 1 0 1.000000
0  -26.525375 -121.849388 23.858200  0.752931 -0.209251 0.623946  0.086329 0.635678 1 0 1.000000
0  -30.155518 -122.403664 27.568714  0.000134 -1.000000 0.000254  0.084328 0.622288 1 0 1.000000
skin_0
0  -30.155519 -122.403664 13.561419  -0.000216 -1.000000 -0.000252  0.084328 0.672834 1 0 1.000000
0  -26.241695 -122.403664 22.976631  0.000093 -1.000000 0.000262  0.084328 0.638859 1 0 1.000000
0  -30.155518 -122.403664 27.568714  0.000134 -1.000000 0.000254  0.084328 0.622288 1 0 1.000000
skin_0
0  -26.241695 -122.403664 22.976631  0.000093 -1.000000 0.000262  0.084328 0.638859 1 0 1.000000
0  -30.155519 -122.403664 13.561419  -0.000216 -1.000000 -0.000252  0.084328 0.672834 1 0 1.000000
0  -6.091376 -122.403664 14.370600  0.000000 -1.000000 0.000000  0.084328 0.669914 1 0 1.000000
skin_0
0  -6.091376 -122.403664 14.370600  0.000000 -1.000000 0.000000  0.084329 0.042626 1 0 1.000000
0  -30.155519 -122.403664 13.561419  -0.000216 -1.000000 -0.000252  0.084329 0.039706 1 0 1.000000
0  -0.606630 -122.403664 13.555146  -0.000021 -1.000000 -0.000295  0.084329 0.039683 1 0 1.000000
skin_0
0  -0.606630 -122.403664 13.555146  -0.000021 -1.000000 -0.000295  0.084329 0.039683 1 0 1.000000
0  0.000010 -122.403664 14.370600  0.000000 -1.000000 0.000000  0.084329 0.042626 1 0 1.000000
0  -6.091376 -122.403664 14.370600  0.000000 -1.000000 0.000000  0.084329 0.042626 1 0 1.000000
skin_0
0  -6.091376 -122.403664 14.370600  0.000000 -1.000000 0.000000  0.084328 0.669914 1 0 1.000000
0  -6.091375 -122.403664 20.444714  0.000000 -1.000000 -0.000002  0.084328 0.647995 1 0 1.000000
0  -26.241695 -122.403664 22.976631  0.000093 -1.000000 0.000262  0.084328 0.638859 1 0 1.000000
skin_0
0  -30.155518 -122.403664 27.568714  0.000134 -1.000000 0.000254  0.084328 0.622288 1 0 1.000000
0  -30.711512 -122.255554 27.943401  -0.514347 -0.857582 -0.000003  0.084863 0.620936 1 0 1.000000
0  -30.711514 -122.255554 13.630511  -0.514120 -0.857718 -0.000189  0.084863 0.672585 1 0 1.000000
skin_0
0  -30.155518 -122.403664 27.568714  0.000134 -1.000000 0.000254  0.084328 0.622288 1 0 1.000000
0  -30.007954 -121.849388 28.061926  0.752854 -0.209249 0.624040  0.086329 0.620508 1 0 1.000000
0  -30.711512 -122.255554 27.943401  -0.514347 -0.857582 -0.000003  0.084863 0.620936 1 0 1.000000
skin_0
0  -30.571434 -121.696716 28.427418  0.000040 -0.000019 1.000000  0.086879 0.619190 1 0 1.000000
0  -30.711512 -122.255554 27.943401  -0.514347 -0.857582 -0.000003  0.084863 0.620936 1 0 1.000000
0  -30.007954 -121.849388 28.061926  0.752854 -0.209249 0.624040  0.086329 0.620508 1 0 1.000000
skin_0
0  -30.571434 -121.696716 28.427418  0.000040 -0.000019 1.000000  0.086879 0.619190 1 0 1.000000
0  -30.007954 -121.849388 28.061926  0.752854 -0.209249 0.624040  0.086329 0.620508 1 0 1.000000
0  -28.053047 -114.492081 28.167326  0.752912 -0.208952 0.624070  0.112878 0.620128 1 0 1.000000
skin_0
0  -30.007954 -121.849388 28.061926  0.752854 -0.209249 0.624040  0.086329 0.620508 1 0 1.000000
0  -26.525375 -121.849388 23.858200  0.752931 -0.209251 0.623946  0.086329 0.635678 1 0 1.000000
0  -28.053047 -114.492081 28.167326  0.752912 -0.208952 0.624070  0.112878 0.620128 1 0 1.000000
skin_0
0  -28.053047 -114.492081 28.167326  0.752912 -0.208952 0.624070  0.112878 0.620128 1 0 1.000000
0  -26.525375 -121.849388 23.858200  0.752931 -0.209251 0.623946  0.086329 0.635678 1 0 1.000000
0  -27.475676 -114.356560 27.917831  -0.071454 -0.512647 0.855621  0.113367 0.621028 1 0 1.000000
skin_0
0  -26.525375 -121.849388 23.858200  0.752931 -0.209251 0.623946  0.086329 0.635678 1 0 1.000000
0  -25.790876 -121.876297 23.551159  -0.071517 -0.512796 0.855526  0.086231 0.636786 1 0 1.000000
0  -27.475676 -114.356560 27.917831  -0.071454 -0.512647 0.855621  0.113367 0.621028 1 0 1.000000
skin_0
0  -25.790876 -121.876297 23.551159  -0.071517 -0.512796 0.855526  0.086231 0.636786 1 0 1.000000
0  -26.525375 -121.849388 23.858200  0.752931 -0.209251 0.623946  0.086329 0.635678 1 0 1.000000
0  -26.241695 -122.403664 22.976631  0.000093 -1.000000 0.000262  0.084328 0.638859 1 0 1.000000
skin_0
0  -26.241695 -122.403664 22.976631  0.000093 -1.000000 0.000262  0.084329 0.073681 1 0 1.000000
0  -0.607531 -122.403664 25.119686  -0.000027 -1.000000 0.000328  0.084329 0.081414 1 0 1.000000
0  -25.790876 -121.876297 23.551159  -0.071517 -0.512796 0.855526  0.086232 0.075754 1 0 1.000000
skin_0
0  -6.091375 -122.403664 20.444714  0.000000 -1.000000 -0.000002  0.084329 0.064545 1 0 1.000000
0  -0.607531 -122.403664 25.119686  -0.000027 -1.000000 0.000328  0.084329 0.081414 1 0 1.000000
0  -26.241695 -122.403664 22.976631  0.000093 -1.000000 0.000262  0.084329 0.073681 1 0 1.000000
skin_0
0  0.000011 -122.403664 20.444714  0.000000 -1.000000 0.000004  0.084329 0.064545 1 0 1.000000
0  -0.607531 -122.403664 25.119686  -0.000027 -1.000000 0.000328  0.084329 0.081414 1 0 1.000000
0  -6.091375 -122.403664 20.444714  0.000000 -1.000000 -0.000002  0.084329 0.064545 1 0 1.000000
skin_0
0  28.568609 -114.169121 28.427414  -0.000303 0.000133 1.000000  0.860352 0.608398 1 0 1.000000
0  46.947582 -103.068657 27.970142  -0.268632 0.328618 0.905454  0.898682 0.603516 1 0 1.000000
0  27.975588 -113.436737 27.970098  -0.248368 0.158019 0.955690  0.859863 0.611816 1 0 1.000000
skin_0
0  27.975588 -113.436737 27.970098  -0.248368 0.158019 0.955690  0.859863 0.611816 1 0 1.000000
0  28.053070 -114.492081 28.167322  -0.752912 -0.208952 0.624070  0.858887 0.607910 1 0 1.000000
0  28.568609 -114.169121 28.427414  -0.000303 0.000133 1.000000  0.860352 0.608398 1 0 1.000000
skin_0
0  28.053070 -114.492081 28.167322  -0.752912 -0.208952 0.624070  0.858887 0.607910 1 0 1.000000
0  27.975588 -113.436737 27.970098  -0.248368 0.158019 0.955690  0.859863 0.611816 1 0 1.000000
0  27.475698 -114.356560 27.917828  0.071454 -0.512647 0.855621  0.857910 0.608643 1 0 1.000000
skin_0
0  27.475698 -114.356560 27.917828  0.071454 -0.512647 0.855621  0.113367 0.091512 1 0 1.000000
0  26.525398 -121.849388 23.858196  -0.752931 -0.209251 0.623945  0.086329 0.076862 1 0 1.000000
0  28.053070 -114.492081 28.167322  -0.752912 -0.208952 0.624070  0.112878 0.092412 1 0 1.000000
skin_0
0  26.525398 -121.849388 23.858196  -0.752931 -0.209251 0.623945  0.086329 0.076862 1 0 1.000000
0  27.475698 -114.356560 27.917828  0.071454 -0.512647 0.855621  0.113367 0.091512 1 0 1.000000
0  25.790899 -121.876297 23.551155  0.071509 -0.512793 0.855529  0.086232 0.075754 1 0 1.000000
skin_0
0  26.241718 -122.403664 22.976627  -0.000110 -1.000000 0.000256  0.084329 0.073681 1 0 1.000000
0  26.525398 -121.849388 23.858196  -0.752931 -0.209251 0.623945  0.086329 0.076862 1 0 1.000000
0  25.790899 -121.876297 23.551155  0.071509 -0.512793 0.855529  0.086232 0.075754 1 0 1.000000
skin_0
0  26.241718 -122.403664 22.976627  -0.000110 -1.000000 0.000256  0.084329 0.073681 1 0 1.000000
0  25.790899 -121.876297 23.551155  0.071509 -0.512793 0.855529  0.086232 0.075754 1 0 1.000000
0  0.607553 -122.403664 25.119686  0.000000 -1.000000 0.000327  0.084329 0.081414 1 0 1.000000
skin_0
0  6.091397 -122.403664 20.444714  0.000000 -1.000000 0.000003  0.084329 0.064545 1 0 1.000000
0  26.241718 -122.403664 22.976627  -0.000110 -1.000000 0.000256  0.084329 0.073681 1 0 1.000000
0  0.607553 -122.403664 25.119686  0.000000 -1.000000 0.000327  0.084329 0.081414 1 0 1.000000
skin_0
0  6.091397 -122.403664 20.444714  0.000000 -1.000000 0.000003  0.084329 0.064545 1 0 1.000000
0  0.607553 -122.403664 25.119686  0.000000 -1.000000 0.000327  0.084329 0.081414 1 0 1.000000
0  0.000011 -122.403664 20.444714  0.000000 -1.000000 0.000003  0.084329 0.064545 1 0 1.000000
skin_0
0  0.000011 -122.403664 20.444714  0.000000 -1.000000 0.000003  0.084329 0.064545 1 0 1.000000
0  0.607553 -122.403664 25.119686  0.000000 -1.000000 0.000327  0.084329 0.081414 1 0 1.000000
0  0.000011 -122.403664 25.165827  0.000000 -1.000000 0.000291  0.084329 0.081581 1 0 1.000000
skin_0
0  0.000011 -122.403664 25.165827  0.000000 -1.000000 0.000291  0.084329 0.081581 1 0 1.000000
0  -0.607531 -122.403664 25.119686  -0.000027 -1.000000 0.000328  0.084329 0.081414 1 0 1.000000
0  0.000011 -122.403664 20.444714  0.000000 -1.000000 0.000003  0.084329 0.064545 1 0 1.000000
skin_0
0  -0.607531 -122.403664 25.119686  -0.000027 -1.000000 0.000328  0.084329 0.081414 1 0 1.000000
0  0.000011 -122.403664 25.165827  0.000000 -1.000000 0.000291  0.084329 0.081581 1 0 1.000000
0  -0.607486 -121.876297 25.662783  -0.071731 -0.512569 0.855644  0.086232 0.083374 1 0 1.000000
skin_0
0  -0.607486 -121.876297 25.662783  -0.071731 -0.512569 0.855644  0.086232 0.083374 1 0 1.000000
0  -25.790876 -121.876297 23.551159  -0.071517 -0.512796 0.855526  0.086232 0.075754 1 0 1.000000
0  -0.607531 -122.403664 25.119686  -0.000027 -1.000000 0.000328  0.084329 0.081414 1 0 1.000000
skin_0
0  -0.607666 -117.943764 28.017141  -0.071632 -0.512354 0.855782  0.100422 0.091870 1 0 1.000000
0  -25.790876 -121.876297 23.551159  -0.071517 -0.512796 0.855526  0.086232 0.075754 1 0 1.000000
0  -0.607486 -121.876297 25.662783  -0.071731 -0.512569 0.855644  0.086232 0.083374 1 0 1.000000
skin_0
0  -27.475676 -114.356560 27.917831  -0.071454 -0.512647 0.855621  0.113367 0.091512 1 0 1.000000
0  -25.790876 -121.876297 23.551159  -0.071517 -0.512796 0.855526  0.086232 0.075754 1 0 1.000000
0  -0.607666 -117.943764 28.017141  -0.071632 -0.512354 0.855782  0.100422 0.091870 1 0 1.000000
skin_0
0  -27.475676 -114.356560 27.917831  -0.071454 -0.512647 0.855621  0.745117 0.608643 1 0 1.000000
0  -0.607666 -117.943764 28.017141  -0.071632 -0.512354 0.855782  0.800293 0.613525 1 0 1.000000
0  -27.975565 -113.436737 27.970102  0.248361 0.158019 0.955692  0.743652 0.611816 1 0 1.000000
skin_0
0  -27.475676 -114.356560 27.917831  -0.071454 -0.512647 0.855621  0.745117 0.608643 1 0 1.000000
0  -27.975565 -113.436737 27.970102  0.248361 0.158019 0.955692  0.743652 0.611816 1 0 1.000000
0  -28.053047 -114.492081 28.167326  0.752912 -0.208952 0.624070  0.744141 0.607910 1 0 1.000000
skin_0
0  -28.568586 -114.169121 28.427418  0.000311 0.000118 1.000000  0.743164 0.608398 1 0 1.000000
0  -28.053047 -114.492081 28.167326  0.752912 -0.208952 0.624070  0.744141 0.607910 1 0 1.000000
0  -27.975565 -113.436737 27.970102  0.248361 0.158019 0.955692  0.743652 0.611816 1 0 1.000000
skin_0
0  0.607688 -117.943764 28.017141  0.071667 -0.512349 0.855782  0.802734 0.613525 1 0 1.000000
0  0.000011 -117.340057 27.970100  0.000000 0.069939 0.997551  0.801758 0.616699 1 0 1.000000
0  0.000011 -118.020935 28.019260  0.000009 -0.331983 0.943285  0.801758 0.613770 1 0 1.000000
skin_0
0  0.607688 -117.943764 28.017141  0.071667 -0.512349 0.855782  0.802734 0.613525 1 0 1.000000
0  27.975588 -113.436737 27.970098  -0.248368 0.158019 0.955690  0.859863 0.611816 1 0 1.000000
0  0.000011 -117.340057 27.970100  0.000000 0.069939 0.997551  0.801758 0.616699 1 0 1.000000
skin_0
0  27.475698 -114.356560 27.917828  0.071454 -0.512647 0.855621  0.857910 0.608643 1 0 1.000000
0  27.975588 -113.436737 27.970098  -0.248368 0.158019 0.955690  0.859863 0.611816 1 0 1.000000
0  0.607688 -117.943764 28.017141  0.071667 -0.512349 0.855782  0.802734 0.613525 1 0 1.000000
skin_0
0  27.475698 -114.356560 27.917828  0.071454 -0.512647 0.855621  0.113367 0.091512 1 0 1.000000
0  0.607688 -117.943764 28.017141  0.071667 -0.512349 0.855782  0.100422 0.091870 1 0 1.000000
0  25.790899 -121.876297 23.551155  0.071509 -0.512793 0.855529  0.086232 0.075754 1 0 1.000000
skin_0
0  0.607508 -121.876297 25.662783  0.071724 -0.512573 0.855643  0.086232 0.083374 1 0 1.000000
0  25.790899 -121.876297 23.551155  0.071509 -0.512793 0.855529  0.086232 0.075754 1 0 1.000000
0  0.607688 -117.943764 28.017141  0.071667 -0.512349 0.855782  0.100422 0.091870 1 0 1.000000
skin_0
0  0.607508 -121.876297 25.662783  0.071724 -0.512573 0.855643  0.086232 0.083374 1 0 1.000000
0  0.607553 -122.403664 25.119686  0.000000 -1.000000 0.000327  0.084329 0.081414 1 0 1.000000
0  25.790899 -121.876297 23.551155  0.071509 -0.512793 0.855529  0.086232 0.075754 1 0 1.000000
skin_0
0  0.607553 -122.403664 25.119686  0.000000 -1.000000 0.000327  0.084329 0.081414 1 0 1.000000
0  0.607508 -121.876297 25.662783  0.071724 -0.512573 0.855643  0.086232 0.083374 1 0 1.000000
0  0.000011 -122.403664 25.165827  0.000000 -1.000000 0.000291  0.084329 0.081581 1 0 1.000000
skin_0
0  0.000011 -121.876297 25.708200  -0.000000 -0.620827 0.783948  0.086232 0.083538 1 0 1.000000
0  0.000011 -122.403664 25.165827  0.000000 -1.000000 0.000291  0.084329 0.081581 1 0 1.000000
0  0.607508 -121.876297 25.662783  0.071724 -0.512573 0.855643  0.086232 0.083374 1 0 1.000000
skin_0
0  0.000011 -121.876297 25.708200  -0.000000 -0.620827 0.783948  0.086232 0.083538 1 0 1.000000
0  -0.607486 -121.876297 25.662783  -0.071731 -0.512569 0.855644  0.086232 0.083374 1 0 1.000000
0  0.000011 -122.403664 25.165827  0.000000 -1.000000 0.000291  0.084329 0.081581 1 0 1.000000
skin_0
0  -0.607486 -121.876297 25.662783  -0.071731 -0.512569 0.855644  0.086232 0.083374 1 0 1.000000
0  0.000011 -121.876297 25.708200  -0.000000 -0.620827 0.783948  0.086232 0.083538 1 0 1.000000
0  0.000011 -118.020935 28.019260  0.000009 -0.331983 0.943285  0.100144 0.091878 1 0 1.000000
skin_0
0  -0.607666 -117.943764 28.017141  -0.071632 -0.512354 0.855782  0.100422 0.091870 1 0 1.000000
0  -0.607486 -121.876297 25.662783  -0.071731 -0.512569 0.855644  0.086232 0.083374 1 0 1.000000
0  0.000011 -118.020935 28.019260  0.000009 -0.331983 0.943285  0.100144 0.091878 1 0 1.000000
skin_0
0  0.000011 -118.020935 28.019260  0.000009 -0.331983 0.943285  0.801758 0.613770 1 0 1.000000
0  0.000011 -117.340057 27.970100  0.000000 0.069939 0.997551  0.801758 0.616699 1 0 1.000000
0  -0.607666 -117.943764 28.017141  -0.071632 -0.512354 0.855782  0.800293 0.613525 1 0 1.000000
skin_0
0  0.000011 -117.340057 27.970100  0.000000 0.069939 0.997551  0.801758 0.616699 1 0 1.000000
0  -27.975565 -113.436737 27.970102  0.248361 0.158019 0.955692  0.743652 0.611816 1 0 1.000000
0  -0.607666 -117.943764 28.017141  -0.071632 -0.512354 0.855782  0.800293 0.613525 1 0 1.000000
skin_0
0  0.607688 -117.943764 28.017141  0.071667 -0.512349 0.855782  0.100422 0.091870 1 0 1.000000
0  0.000011 -118.020935 28.019260  0.000009 -0.331983 0.943285  0.100144 0.091878 1 0 1.000000
0  0.607508 -121.876297 25.662783  0.071724 -0.512573 0.855643  0.086232 0.083374 1 0 1.000000
skin_0
0  0.000011 -121.876297 25.708200  -0.000000 -0.620827 0.783948  0.086232 0.083538 1 0 1.000000
0  0.607508 -121.876297 25.662783  0.071724 -0.512573 0.855643  0.086232 0.083374 1 0 1.000000
0  0.000011 -118.020935 28.019260  0.000009 -0.331983 0.943285  0.100144 0.091878 1 0 1.000000
skin_0
0  -51.332275 -97.969208 27.970150  0.294347 0.370868 0.880805  0.691895 0.586426 1 0 1.000000
0  -54.509254 -96.244133 27.970150  0.132816 0.506462 0.851972  0.689453 0.574951 1 0 1.000000
0  -52.076153 -98.464813 28.427420  0.000152 0.000259 1.000000  0.692871 0.583984 1 0 1.000000
skin_0
0  -51.332275 -97.969208 27.970150  0.294347 0.370868 0.880805  0.691895 0.586426 1 0 1.000000
0  -52.076153 -98.464813 28.427420  0.000152 0.000259 1.000000  0.692871 0.583984 1 0 1.000000
0  -46.947559 -103.068657 27.970150  0.268637 0.328614 0.905454  0.704346 0.603516 1 0 1.000000
skin_0
0  -47.643089 -103.836258 28.427420  0.000173 0.000224 1.000000  0.705078 0.600708 1 0 1.000000
0  -46.947559 -103.068657 27.970150  0.268637 0.328614 0.905454  0.704346 0.603516 1 0 1.000000
0  -52.076153 -98.464813 28.427420  0.000152 0.000259 1.000000  0.692871 0.583984 1 0 1.000000
skin_0
0  -46.947559 -103.068657 27.970150  0.268637 0.328614 0.905454  0.704346 0.603516 1 0 1.000000
0  -47.643089 -103.836258 28.427420  0.000173 0.000224 1.000000  0.705078 0.600708 1 0 1.000000
0  -28.568586 -114.169121 28.427418  0.000311 0.000118 1.000000  0.743164 0.608398 1 0 1.000000
skin_0
0  -27.975565 -113.436737 27.970102  0.248361 0.158019 0.955692  0.743652 0.611816 1 0 1.000000
0  -46.947559 -103.068657 27.970150  0.268637 0.328614 0.905454  0.704346 0.603516 1 0 1.000000
0  -28.568586 -114.169121 28.427418  0.000311 0.000118 1.000000  0.743164 0.608398 1 0 1.000000
skin_0
0  -28.568586 -114.169121 28.427418  0.000311 0.000118 1.000000  0.114043 0.619190 1 0 1.000000
0  -30.571434 -121.696716 28.427418  0.000040 -0.000019 1.000000  0.086879 0.619190 1 0 1.000000
0  -28.053047 -114.492081 28.167326  0.752912 -0.208952 0.624070  0.112878 0.620128 1 0 1.000000
skin_0
0  -30.571434 -121.696716 28.427418  0.000040 -0.000019 1.000000  0.086879 0.619190 1 0 1.000000
0  -28.568586 -114.169121 28.427418  0.000311 0.000118 1.000000  0.114043 0.619190 1 0 1.000000
0  -47.643089 -103.836258 28.427420  0.000173 0.000224 1.000000  0.151330 0.619190 1 0 1.000000
skin_0
0  -52.097980 -108.760696 28.427420  -0.000272 -0.000154 1.000000  0.133560 0.619190 1 0 1.000000
0  -30.571434 -121.696716 28.427418  0.000040 -0.000019 1.000000  0.086879 0.619190 1 0 1.000000
0  -47.643089 -103.836258 28.427420  0.000173 0.000224 1.000000  0.151330 0.619190 1 0 1.000000
skin_0
0  -52.097980 -108.760696 28.427420  -0.000272 -0.000154 1.000000  0.133560 0.619190 1 0 1.000000
0  -47.643089 -103.836258 28.427420  0.000173 0.000224 1.000000  0.151330 0.619190 1 0 1.000000
0  -52.076153 -98.464813 28.427420  0.000152 0.000259 1.000000  0.170713 0.619190 1 0 1.000000
skin_0
0  -54.827206 -96.806305 28.427420  -0.000200 0.000243 1.000000  0.176698 0.619190 1 0 1.000000
0  -52.097980 -108.760696 28.427420  -0.000272 -0.000154 1.000000  0.133560 0.619190 1 0 1.000000
0  -52.076153 -98.464813 28.427420  0.000152 0.000259 1.000000  0.170713 0.619190 1 0 1.000000
skin_0
0  -54.827206 -96.806305 28.427420  -0.000200 0.000243 1.000000  0.690918 0.576172 1 0 1.000000
0  -52.076153 -98.464813 28.427420  0.000152 0.000259 1.000000  0.692871 0.583984 1 0 1.000000
0  -54.509254 -96.244133 27.970150  0.132816 0.506462 0.851972  0.689453 0.574951 1 0 1.000000
skin_0
0  -55.372963 -95.893257 27.741268  -0.121466 0.992595 -0.000914  0.690430 0.573486 1 0 1.000000
0  -54.827206 -96.806305 28.427420  -0.000200 0.000243 1.000000  0.690918 0.576172 1 0 1.000000
0  -54.509254 -96.244133 27.970150  0.132816 0.506462 0.851972  0.689453 0.574951 1 0 1.000000
skin_0
0  -54.509254 -96.244133 27.970150  0.132816 0.506462 0.851972  0.689453 0.574951 1 0 1.000000
0  -47.808384 -94.959045 27.740412  -0.122697 0.992442 -0.001965  0.681152 0.566895 1 0 1.000000
0  -55.372963 -95.893257 27.741268  -0.121466 0.992595 -0.000914  0.690430 0.573486 1 0 1.000000
skin_0
0  -47.808384 -94.959045 27.740412  -0.122697 0.992442 -0.001965  0.681152 0.566895 1 0 1.000000
0  -47.832470 -94.978035 19.717707  -0.121531 0.992587 -0.001012  0.685059 0.546387 1 0 1.000000
0  -55.372963 -95.893257 27.741268  -0.121466 0.992595 -0.000914  0.690430 0.573486 1 0 1.000000
skin_0
0  -47.832470 -94.978035 19.717707  -0.121531 0.992587 -0.001012  0.685059 0.546387 1 0 1.000000
0  -55.372963 -95.893257 19.717707  -0.120757 0.992682 -0.000133  0.692871 0.554932 1 0 1.000000
0  -55.372963 -95.893257 27.741268  -0.121466 0.992595 -0.000914  0.690430 0.573486 1 0 1.000000
skin_0
0  -55.218178 -95.963074 19.294712  -0.112590 0.905916 -0.408215  0.692871 0.553955 1 0 1.000000
0  -55.372963 -95.893257 19.717707  -0.120757 0.992682 -0.000133  0.692871 0.554932 1 0 1.000000
0  -47.832470 -94.978035 19.717707  -0.121531 0.992587 -0.001012  0.685059 0.546387 1 0 1.000000
skin_0
0  -55.638783 -96.136703 19.717752  -0.973049 -0.230601 -0.000097  0.179114 0.650619 1 0 1.000000
0  -55.372963 -95.893257 19.717707  -0.120757 0.992682 -0.000133  0.179993 0.650619 1 0 1.000000
0  -55.218178 -95.963074 19.294712  -0.112590 0.905916 -0.408215  0.179741 0.652145 1 0 1.000000
skin_0
0  -55.218178 -95.963074 19.294712  -0.112590 0.905916 -0.408215  0.179741 0.652145 1 0 1.000000
0  -55.465328 -96.244408 19.294260  -0.804277 -0.188376 -0.563608  0.178725 0.652147 1 0 1.000000
0  -55.638783 -96.136703 19.717752  -0.973049 -0.230601 -0.000097  0.179114 0.650619 1 0 1.000000
skin_0
0  -55.638783 -96.136703 19.717752  -0.973049 -0.230601 -0.000097  0.179114 0.650619 1 0 1.000000
0  -55.465328 -96.244408 19.294260  -0.804277 -0.188376 -0.563608  0.178725 0.652147 1 0 1.000000
0  -52.593353 -108.988586 19.720861  -0.972991 -0.230842 -0.000129  0.132737 0.650608 1 0 1.000000
skin_0
0  -52.460537 -108.983078 19.270853  -0.822790 -0.179857 -0.539136  0.132757 0.652231 1 0 1.000000
0  -52.593353 -108.988586 19.720861  -0.972991 -0.230842 -0.000129  0.132737 0.650608 1 0 1.000000
0  -55.465328 -96.244408 19.294260  -0.804277 -0.188376 -0.563608  0.178725 0.652147 1 0 1.000000
skin_0
0  -52.460537 -108.983078 19.270853  -0.822790 -0.179857 -0.539136  0.132757 0.652231 1 0 1.000000
0  -52.301517 -109.307396 19.666832  -0.514535 -0.857469 -0.000148  0.131587 0.650803 1 0 1.000000
0  -52.593353 -108.988586 19.720861  -0.972991 -0.230842 -0.000129  0.132737 0.650608 1 0 1.000000
skin_0
0  -52.460537 -108.983078 19.270853  -0.822790 -0.179857 -0.539136  0.132757 0.652231 1 0 1.000000
0  -52.115749 -109.337296 19.202257  -0.551902 -0.762446 -0.337758  0.131479 0.652479 1 0 1.000000
0  -52.301517 -109.307396 19.666832  -0.514535 -0.857469 -0.000148  0.131587 0.650803 1 0 1.000000
skin_0
0  -52.301517 -109.307396 19.666832  -0.514535 -0.857469 -0.000148  0.131587 0.650803 1 0 1.000000
0  -52.115749 -109.337296 19.202257  -0.551902 -0.762446 -0.337758  0.131479 0.652479 1 0 1.000000
0  -30.711514 -122.255554 13.630511  -0.514120 -0.857718 -0.000189  0.084863 0.672585 1 0 1.000000
skin_0
0  -47.832470 -94.978035 19.717707  -0.121531 0.992587 -0.001012  0.685059 0.546387 1 0 1.000000
0  -47.832470 -95.047852 19.294712  -0.157144 0.916580 -0.367676  0.685059 0.545166 1 0 1.000000
0  -55.218178 -95.963074 19.294712  -0.112590 0.905916 -0.408215  0.692871 0.553955 1 0 1.000000
skin_0
0  -30.711514 -122.255554 13.630511  -0.514120 -0.857718 -0.000189  0.084863 0.672585 1 0 1.000000
0  -30.711512 -122.255554 27.943401  -0.514347 -0.857582 -0.000003  0.084863 0.620936 1 0 1.000000
0  -52.301517 -109.307396 19.666832  -0.514535 -0.857469 -0.000148  0.131587 0.650803 1 0 1.000000
skin_0
0  -52.301517 -109.307396 27.999060  -0.514296 -0.857613 0.000009  0.131587 0.620735 1 0 1.000000
0  -52.301517 -109.307396 19.666832  -0.514535 -0.857469 -0.000148  0.131587 0.650803 1 0 1.000000
0  -30.711512 -122.255554 27.943401  -0.514347 -0.857582 -0.000003  0.084863 0.620936 1 0 1.000000
skin_0
0  -30.711512 -122.255554 27.943401  -0.514347 -0.857582 -0.000003  0.084863 0.620936 1 0 1.000000
0  -30.571434 -121.696716 28.427418  0.000040 -0.000019 1.000000  0.086879 0.619190 1 0 1.000000
0  -52.301517 -109.307396 27.999060  -0.514296 -0.857613 0.000009  0.131587 0.620735 1 0 1.000000
skin_0
0  -52.097980 -108.760696 28.427420  -0.000272 -0.000154 1.000000  0.133560 0.619190 1 0 1.000000
0  -52.301517 -109.307396 27.999060  -0.514296 -0.857613 0.000009  0.131587 0.620735 1 0 1.000000
0  -30.571434 -121.696716 28.427418  0.000040 -0.000019 1.000000  0.086879 0.619190 1 0 1.000000
skin_0
0  -52.097980 -108.760696 28.427420  -0.000272 -0.000154 1.000000  0.133560 0.619190 1 0 1.000000
0  -52.593353 -108.988586 27.999599  -0.973055 -0.230574 -0.000010  0.132737 0.620733 1 0 1.000000
0  -52.301517 -109.307396 27.999060  -0.514296 -0.857613 0.000009  0.131587 0.620735 1 0 1.000000
skin_0
0  -52.593353 -108.988586 27.999599  -0.973055 -0.230574 -0.000010  0.132737 0.620733 1 0 1.000000
0  -52.097980 -108.760696 28.427420  -0.000272 -0.000154 1.000000  0.133560 0.619190 1 0 1.000000
0  -54.827206 -96.806305 28.427420  -0.000200 0.000243 1.000000  0.176698 0.619190 1 0 1.000000
skin_0
0  -54.827206 -96.806305 28.427420  -0.000200 0.000243 1.000000  0.176698 0.619190 1 0 1.000000
0  -55.638783 -96.136703 27.999599  -0.973056 -0.230568 -0.000050  0.179114 0.620733 1 0 1.000000
0  -52.593353 -108.988586 27.999599  -0.973055 -0.230574 -0.000010  0.132737 0.620733 1 0 1.000000
skin_0
0  -55.372963 -95.893257 27.741268  -0.121466 0.992595 -0.000914  0.179993 0.621665 1 0 1.000000
0  -55.638783 -96.136703 27.999599  -0.973056 -0.230568 -0.000050  0.179114 0.620733 1 0 1.000000
0  -54.827206 -96.806305 28.427420  -0.000200 0.000243 1.000000  0.176698 0.619190 1 0 1.000000
skin_0
0  -55.638783 -96.136703 27.999599  -0.973056 -0.230568 -0.000050  0.179114 0.620733 1 0 1.000000
0  -55.372963 -95.893257 27.741268  -0.121466 0.992595 -0.000914  0.179993 0.621665 1 0 1.000000
0  -55.638783 -96.136703 19.717752  -0.973049 -0.230601 -0.000097  0.179114 0.650619 1 0 1.000000
skin_0
0  -55.372963 -95.893257 19.717707  -0.120757 0.992682 -0.000133  0.179993 0.650619 1 0 1.000000
0  -55.638783 -96.136703 19.717752  -0.973049 -0.230601 -0.000097  0.179114 0.650619 1 0 1.000000
0  -55.372963 -95.893257 27.741268  -0.121466 0.992595 -0.000914  0.179993 0.621665 1 0 1.000000
skin_0
0  -55.638783 -96.136703 19.717752  -0.973049 -0.230601 -0.000097  0.179114 0.650619 1 0 1.000000
0  -52.593353 -108.988586 19.720861  -0.972991 -0.230842 -0.000129  0.132737 0.650608 1 0 1.000000
0  -55.638783 -96.136703 27.999599  -0.973056 -0.230568 -0.000050  0.179114 0.620733 1 0 1.000000
skin_0
0  -55.638783 -96.136703 27.999599  -0.973056 -0.230568 -0.000050  0.179114 0.620733 1 0 1.000000
0  -52.593353 -108.988586 19.720861  -0.972991 -0.230842 -0.000129  0.132737 0.650608 1 0 1.000000
0  -52.593353 -108.988586 27.999599  -0.973055 -0.230574 -0.000010  0.132737 0.620733 1 0 1.000000
skin_0
0  -52.301517 -109.307396 27.999060  -0.514296 -0.857613 0.000009  0.131587 0.620735 1 0 1.000000
0  -52.593353 -108.988586 27.999599  -0.973055 -0.230574 -0.000010  0.132737 0.620733 1 0 1.000000
0  -52.593353 -108.988586 19.720861  -0.972991 -0.230842 -0.000129  0.132737 0.650608 1 0 1.000000
skin_0
0  -52.593353 -108.988586 19.720861  -0.972991 -0.230842 -0.000129  0.132737 0.650608 1 0 1.000000
0  -52.301517 -109.307396 19.666832  -0.514535 -0.857469 -0.000148  0.131587 0.650803 1 0 1.000000
0  -52.301517 -109.307396 27.999060  -0.514296 -0.857613 0.000009  0.131587 0.620735 1 0 1.000000
skin_0
0  -49.669304 -109.336975 15.206262  -0.551147 -0.760755 -0.342767  0.131480 0.666899 1 0 1.000000
0  -30.835766 -122.089592 13.232820  -0.550864 -0.761064 -0.342536  0.085462 0.674020 1 0 1.000000
0  -52.115749 -109.337296 19.202257  -0.551902 -0.762446 -0.337758  0.131479 0.652479 1 0 1.000000
skin_0
0  -49.669304 -109.336975 15.206262  -0.551147 -0.760755 -0.342767  0.131480 0.666899 1 0 1.000000
0  -52.115749 -109.337296 19.202257  -0.551902 -0.762446 -0.337758  0.131479 0.652479 1 0 1.000000
0  -49.969032 -108.983070 15.200893  -0.840250 -0.170475 -0.514701  0.132757 0.666918 1 0 1.000000
skin_0
0  -52.460537 -108.983078 19.270853  -0.822790 -0.179857 -0.539136  0.132757 0.652231 1 0 1.000000
0  -49.969032 -108.983070 15.200893  -0.840250 -0.170475 -0.514701  0.132757 0.666918 1 0 1.000000
0  -52.115749 -109.337296 19.202257  -0.551902 -0.762446 -0.337758  0.131479 0.652479 1 0 1.000000
skin_0
0  -49.969032 -108.983070 15.200893  -0.840250 -0.170475 -0.514701  0.132757 0.666918 1 0 1.000000
0  -52.460537 -108.983078 19.270853  -0.822790 -0.179857 -0.539136  0.132757 0.652231 1 0 1.000000
0  -52.257320 -97.690895 15.200893  -0.822730 -0.179560 -0.539327  0.173506 0.666918 1 0 1.000000
skin_0
0  -55.465328 -96.244408 19.294260  -0.804277 -0.188376 -0.563608  0.178725 0.652147 1 0 1.000000
0  -52.257320 -97.690895 15.200893  -0.822730 -0.179560 -0.539327  0.173506 0.666918 1 0 1.000000
0  -52.460537 -108.983078 19.270853  -0.822790 -0.179857 -0.539136  0.132757 0.652231 1 0 1.000000
skin_0
0  -55.465328 -96.244408 19.294260  -0.804277 -0.188376 -0.563608  0.178725 0.652147 1 0 1.000000
0  -55.218178 -95.963074 19.294712  -0.112590 0.905916 -0.408215  0.179741 0.652145 1 0 1.000000
0  -52.257320 -97.690895 15.200893  -0.822730 -0.179560 -0.539327  0.173506 0.666918 1 0 1.000000
skin_0
0  -52.026543 -97.402168 15.222181  -0.157186 0.916466 -0.367944  0.174548 0.666841 1 0 1.000000
0  -52.257320 -97.690895 15.200893  -0.822730 -0.179560 -0.539327  0.173506 0.666918 1 0 1.000000
0  -55.218178 -95.963074 19.294712  -0.112590 0.905916 -0.408215  0.179741 0.652145 1 0 1.000000
skin_0
0  -55.218178 -95.963074 19.294712  -0.112590 0.905916 -0.408215  0.692871 0.553955 1 0 1.000000
0  -47.832470 -95.047852 19.294712  -0.157144 0.916580 -0.367676  0.685059 0.545166 1 0 1.000000
0  -52.026543 -97.402168 15.222181  -0.157186 0.916466 -0.367944  0.694824 0.541748 1 0 1.000000
skin_0
0  -47.832470 -96.487030 15.222001  -0.201498 0.923419 -0.326644  0.689453 0.534180 1 0 1.000000
0  -52.026543 -97.402168 15.222181  -0.157186 0.916466 -0.367944  0.694824 0.541748 1 0 1.000000
0  -47.832470 -95.047852 19.294712  -0.157144 0.916580 -0.367676  0.685059 0.545166 1 0 1.000000
skin_0
0  -52.026543 -97.402168 15.222181  -0.157186 0.916466 -0.367944  0.694824 0.541748 1 0 1.000000
0  -47.832470 -96.487030 15.222001  -0.201498 0.923419 -0.326644  0.689453 0.534180 1 0 1.000000
0  -51.570087 -97.823715 14.924703  0.002775 -0.000022 -0.999996  0.695313 0.539795 1 0 1.000000
skin_0
0  -47.832470 -96.907913 14.924703  0.000250 -0.001151 -0.999999  0.692871 0.530517 1 0 1.000000
0  -51.570087 -97.823715 14.924703  0.002775 -0.000022 -0.999996  0.695313 0.539795 1 0 1.000000
0  -47.832470 -96.487030 15.222001  -0.201498 0.923419 -0.326644  0.689453 0.534180 1 0 1.000000
skin_0
0  -47.832470 -96.907913 14.924703  0.000250 -0.001151 -0.999999  0.692871 0.530517 1 0 1.000000
0  -47.206165 -107.537170 14.939990  -0.033267 0.056089 -0.997871  0.711914 0.539307 1 0 1.000000
0  -51.570087 -97.823715 14.924703  0.002775 -0.000022 -0.999996  0.695313 0.539795 1 0 1.000000
skin_0
0  -47.206165 -107.537170 14.939990  -0.033267 0.056089 -0.997871  0.711914 0.539307 1 0 1.000000
0  -49.421925 -109.007797 14.926101  -0.049579 0.153818 -0.986855  0.711426 0.544189 1 0 1.000000
0  -51.570087 -97.823715 14.924703  0.002775 -0.000022 -0.999996  0.695313 0.539795 1 0 1.000000
skin_0
0  -47.206165 -107.537170 14.939990  -0.033267 0.056089 -0.997871  0.711914 0.539307 1 0 1.000000
0  -32.237377 -116.571999 11.783847  -0.038255 0.261259 -0.964511  0.739746 0.525391 1 0 1.000000
0  -49.421925 -109.007797 14.926101  -0.049579 0.153818 -0.986855  0.711426 0.544189 1 0 1.000000
skin_0
0  -32.047646 -119.736496 10.815866  -0.023788 0.290876 -0.956465  0.741211 0.532227 1 0 1.000000
0  -49.421925 -109.007797 14.926101  -0.049579 0.153818 -0.986855  0.711426 0.544189 1 0 1.000000
0  -32.237377 -116.571999 11.783847  -0.038255 0.261259 -0.964511  0.739746 0.525391 1 0 1.000000
skin_0
0  -32.237377 -116.571999 11.783847  -0.038255 0.261259 -0.964511  0.739746 0.525391 1 0 1.000000
0  -0.606766 -119.770859 10.805400  -0.000000 0.292200 -0.956357  0.800293 0.521729 1 0 1.000000
0  -32.047646 -119.736496 10.815866  -0.023788 0.290876 -0.956465  0.741211 0.532227 1 0 1.000000
skin_0
0  -31.556192 -120.283150 10.948639  -0.000128 -0.746566 -0.665311  0.091981 0.030277 1 0 1.000000
0  -32.047646 -119.736496 10.815866  -0.023788 0.290876 -0.956465  0.093953 0.029798 1 0 1.000000
0  -0.606766 -119.770859 10.805400  -0.000000 0.292200 -0.956357  0.093829 0.029761 1 0 1.000000
skin_0
0  -32.150650 -120.128731 11.029459  -0.550427 -0.759141 -0.347470  0.092538 0.681971 1 0 1.000000
0  -32.047646 -119.736496 10.815866  -0.023788 0.290876 -0.956465  0.093953 0.682742 1 0 1.000000
0  -31.556192 -120.283150 10.948639  -0.000128 -0.746566 -0.665311  0.091980 0.682263 1 0 1.000000
skin_0
0  -32.150650 -120.128731 11.029459  -0.550427 -0.759141 -0.347470  0.092538 0.681971 1 0 1.000000
0  -31.556192 -120.283150 10.948639  -0.000128 -0.746566 -0.665311  0.091980 0.682263 1 0 1.000000
0  -30.835766 -122.089592 13.232820  -0.550864 -0.761064 -0.342536  0.085462 0.674020 1 0 1.000000
skin_0
0  -32.150650 -120.128731 11.029459  -0.550427 -0.759141 -0.347470  0.092538 0.681971 1 0 1.000000
0  -30.835766 -122.089592 13.232820  -0.550864 -0.761064 -0.342536  0.085462 0.674020 1 0 1.000000
0  -49.669304 -109.336975 15.206262  -0.551147 -0.760755 -0.342767  0.131480 0.666899 1 0 1.000000
skin_0
0  -32.150650 -120.128731 11.029459  -0.550427 -0.759141 -0.347470  0.092538 0.681971 1 0 1.000000
0  -49.669304 -109.336975 15.206262  -0.551147 -0.760755 -0.342767  0.131480 0.666899 1 0 1.000000
0  -32.047646 -119.736496 10.815866  -0.023788 0.290876 -0.956465  0.093953 0.682742 1 0 1.000000
skin_0
0  -49.421925 -109.007797 14.926101  -0.049579 0.153818 -0.986855  0.132668 0.667910 1 0 1.000000
0  -32.047646 -119.736496 10.815866  -0.023788 0.290876 -0.956465  0.093953 0.682742 1 0 1.000000
0  -49.669304 -109.336975 15.206262  -0.551147 -0.760755 -0.342767  0.131480 0.666899 1 0 1.000000
skin_0
0  -49.669304 -109.336975 15.206262  -0.551147 -0.760755 -0.342767  0.131480 0.666899 1 0 1.000000
0  -49.969032 -108.983070 15.200893  -0.840250 -0.170475 -0.514701  0.132757 0.666918 1 0 1.000000
0  -49.421925 -109.007797 14.926101  -0.049579 0.153818 -0.986855  0.132668 0.667910 1 0 1.000000
skin_0
0  -49.421925 -109.007797 14.926101  -0.049579 0.153818 -0.986855  0.132668 0.667910 1 0 1.000000
0  -49.969032 -108.983070 15.200893  -0.840250 -0.170475 -0.514701  0.132757 0.666918 1 0 1.000000
0  -51.570087 -97.823715 14.924703  0.002775 -0.000022 -0.999996  0.173026 0.667915 1 0 1.000000
skin_0
0  -52.257320 -97.690895 15.200893  -0.822730 -0.179560 -0.539327  0.173506 0.666918 1 0 1.000000
0  -51.570087 -97.823715 14.924703  0.002775 -0.000022 -0.999996  0.173026 0.667915 1 0 1.000000
0  -49.969032 -108.983070 15.200893  -0.840250 -0.170475 -0.514701  0.132757 0.666918 1 0 1.000000
skin_0
0  -52.026543 -97.402168 15.222181  -0.157186 0.916466 -0.367944  0.174548 0.666841 1 0 1.000000
0  -51.570087 -97.823715 14.924703  0.002775 -0.000022 -0.999996  0.173026 0.667915 1 0 1.000000
0  -52.257320 -97.690895 15.200893  -0.822730 -0.179560 -0.539327  0.173506 0.666918 1 0 1.000000
skin_0
0  0.000010 -116.571198 11.783844  -0.000000 0.292429 -0.956287  0.801758 0.507324 1 0 1.000000
0  -0.606766 -119.770859 10.805400  -0.000000 0.292200 -0.956357  0.800293 0.521729 1 0 1.000000
0  -32.237377 -116.571999 11.783847  -0.038255 0.261259 -0.964511  0.739746 0.525391 1 0 1.000000
skin_0
0  -30.835766 -122.089592 13.232820  -0.550864 -0.761064 -0.342536  0.085462 0.674020 1 0 1.000000
0  -30.711514 -122.255554 13.630511  -0.514120 -0.857718 -0.000189  0.084863 0.672585 1 0 1.000000
0  -52.115749 -109.337296 19.202257  -0.551902 -0.762446 -0.337758  0.131479 0.652479 1 0 1.000000
skin_0
0  -30.236837 -122.250504 13.157592  -0.000138 -0.746934 -0.664899  0.084881 0.674291 1 0 1.000000
0  -30.711514 -122.255554 13.630511  -0.514120 -0.857718 -0.000189  0.084863 0.672585 1 0 1.000000
0  -30.835766 -122.089592 13.232820  -0.550864 -0.761064 -0.342536  0.085462 0.674020 1 0 1.000000
skin_0
0  -30.236837 -122.250504 13.157592  -0.000138 -0.746934 -0.664899  0.084881 0.674291 1 0 1.000000
0  -30.835766 -122.089592 13.232820  -0.550864 -0.761064 -0.342536  0.085462 0.674020 1 0 1.000000
0  -31.556192 -120.283150 10.948639  -0.000128 -0.746566 -0.665311  0.091980 0.682263 1 0 1.000000
skin_0
0  -31.556192 -120.283150 10.948639  -0.000128 -0.746566 -0.665311  0.091981 0.030277 1 0 1.000000
0  -0.606720 -120.283150 10.948683  0.000050 -0.746573 -0.665303  0.091981 0.030278 1 0 1.000000
0  -30.236837 -122.250504 13.157592  -0.000138 -0.746934 -0.664899  0.084881 0.038249 1 0 1.000000
skin_0
0  -0.606766 -119.770859 10.805400  -0.000000 0.292200 -0.956357  0.093829 0.029761 1 0 1.000000
0  -0.606720 -120.283150 10.948683  0.000050 -0.746573 -0.665303  0.091981 0.030278 1 0 1.000000
0  -31.556192 -120.283150 10.948639  -0.000128 -0.746566 -0.665311  0.091981 0.030277 1 0 1.000000
skin_0
0  0.000010 -119.771271 10.805264  -0.000000 -0.085234 -0.996361  0.093828 0.029760 1 0 1.000000
0  -0.606720 -120.283150 10.948683  0.000050 -0.746573 -0.665303  0.091981 0.030278 1 0 1.000000
0  -0.606766 -119.770859 10.805400  -0.000000 0.292200 -0.956357  0.093829 0.029761 1 0 1.000000
skin_0
0  -0.606766 -119.770859 10.805400  -0.000000 0.292200 -0.956357  0.800293 0.521729 1 0 1.000000
0  0.000010 -116.571198 11.783844  -0.000000 0.292429 -0.956287  0.801758 0.507324 1 0 1.000000
0  0.000010 -119.771271 10.805264  -0.000000 -0.085234 -0.996361  0.801758 0.521484 1 0 1.000000
skin_0
0  0.000010 -119.771271 10.805264  -0.000000 -0.085234 -0.996361  0.801758 0.521484 1 0 1.000000
0  0.000010 -116.571198 11.783844  -0.000000 0.292429 -0.956287  0.801758 0.507324 1 0 1.000000
0  0.606785 -119.770859 10.805400  0.000149 0.292200 -0.956357  0.802734 0.521729 1 0 1.000000
skin_0
0  0.606785 -119.770859 10.805400  0.000149 0.292200 -0.956357  0.802734 0.521729 1 0 1.000000
0  0.000010 -116.571198 11.783844  -0.000000 0.292429 -0.956287  0.801758 0.507324 1 0 1.000000
0  32.237400 -116.571999 11.783841  0.038251 0.261258 -0.964511  0.863281 0.525391 1 0 1.000000
skin_0
0  32.237400 -116.571999 11.783841  0.038251 0.261258 -0.964511  0.863281 0.525391 1 0 1.000000
0  32.047668 -119.736496 10.815860  0.023767 0.290870 -0.956467  0.861816 0.532227 1 0 1.000000
0  0.606785 -119.770859 10.805400  0.000149 0.292200 -0.956357  0.802734 0.521729 1 0 1.000000
skin_0
0  32.047668 -119.736496 10.815860  0.023767 0.290870 -0.956467  0.861816 0.532227 1 0 1.000000
0  32.237400 -116.571999 11.783841  0.038251 0.261258 -0.964511  0.863281 0.525391 1 0 1.000000
0  49.421940 -109.007797 14.926093  0.049625 0.153852 -0.986847  0.892090 0.544189 1 0 1.000000
skin_0
0  49.669319 -109.336975 15.206254  0.551176 -0.760741 -0.342752  0.131480 0.045641 1 0 1.000000
0  32.047668 -119.736496 10.815860  0.023767 0.290870 -0.956467  0.093953 0.029798 1 0 1.000000
0  49.421940 -109.007797 14.926093  0.049625 0.153852 -0.986847  0.132668 0.044630 1 0 1.000000
skin_0
0  49.421940 -109.007797 14.926093  0.049625 0.153852 -0.986847  0.132668 0.044630 1 0 1.000000
0  49.969048 -108.983070 15.200886  0.840250 -0.170477 -0.514702  0.132757 0.045622 1 0 1.000000
0  49.669319 -109.336975 15.206254  0.551176 -0.760741 -0.342752  0.131480 0.045641 1 0 1.000000
skin_0
0  49.969048 -108.983070 15.200886  0.840250 -0.170477 -0.514702  0.132757 0.045622 1 0 1.000000
0  52.115772 -109.337280 19.202250  0.551950 -0.762426 -0.337726  0.131479 0.060061 1 0 1.000000
0  49.669319 -109.336975 15.206254  0.551176 -0.760741 -0.342752  0.131480 0.045641 1 0 1.000000
skin_0
0  52.460560 -108.983063 19.270845  0.822780 -0.179811 -0.539167  0.132758 0.060309 1 0 1.000000
0  52.115772 -109.337280 19.202250  0.551950 -0.762426 -0.337726  0.131479 0.060061 1 0 1.000000
0  49.969048 -108.983070 15.200886  0.840250 -0.170477 -0.514702  0.132757 0.045622 1 0 1.000000
skin_0
0  52.301540 -109.307381 19.666824  0.514574 -0.857446 -0.000171  0.131587 0.061738 1 0 1.000000
0  52.115772 -109.337280 19.202250  0.551950 -0.762426 -0.337726  0.131479 0.060061 1 0 1.000000
0  52.460560 -108.983063 19.270845  0.822780 -0.179811 -0.539167  0.132758 0.060309 1 0 1.000000
skin_0
0  52.593376 -108.988571 19.720854  0.972992 -0.230840 -0.000133  0.132738 0.061932 1 0 1.000000
0  52.301540 -109.307381 19.666824  0.514574 -0.857446 -0.000171  0.131587 0.061738 1 0 1.000000
0  52.460560 -108.983063 19.270845  0.822780 -0.179811 -0.539167  0.132758 0.060309 1 0 1.000000
skin_0
0  52.593376 -108.988571 19.720854  0.972992 -0.230840 -0.000133  0.132738 0.061932 1 0 1.000000
0  52.301540 -109.307381 27.999052  0.514316 -0.857601 0.000004  0.131587 0.091805 1 0 1.000000
0  52.301540 -109.307381 19.666824  0.514574 -0.857446 -0.000171  0.131587 0.061738 1 0 1.000000
skin_0
0  47.206181 -107.537170 14.939982  0.033270 0.056087 -0.997871  0.891113 0.539307 1 0 1.000000
0  49.421940 -109.007797 14.926093  0.049625 0.153852 -0.986847  0.892090 0.544189 1 0 1.000000
0  32.237400 -116.571999 11.783841  0.038251 0.261258 -0.964511  0.863281 0.525391 1 0 1.000000
skin_0
0  51.570103 -97.823700 14.924695  -0.002756 -0.000037 -0.999996  0.907715 0.539795 1 0 1.000000
0  49.421940 -109.007797 14.926093  0.049625 0.153852 -0.986847  0.892090 0.544189 1 0 1.000000
0  47.206181 -107.537170 14.939982  0.033270 0.056087 -0.997871  0.891113 0.539307 1 0 1.000000
skin_0
0  49.421940 -109.007797 14.926093  0.049625 0.153852 -0.986847  0.132668 0.044630 1 0 1.000000
0  51.570103 -97.823700 14.924695  -0.002756 -0.000037 -0.999996  0.173027 0.044625 1 0 1.000000
0  49.969048 -108.983070 15.200886  0.840250 -0.170477 -0.514702  0.132757 0.045622 1 0 1.000000
skin_0
0  52.257336 -97.690880 15.200886  0.822734 -0.179558 -0.539322  0.173506 0.045622 1 0 1.000000
0  49.969048 -108.983070 15.200886  0.840250 -0.170477 -0.514702  0.132757 0.045622 1 0 1.000000
0  51.570103 -97.823700 14.924695  -0.002756 -0.000037 -0.999996  0.173027 0.044625 1 0 1.000000
skin_0
0  52.257336 -97.690880 15.200886  0.822734 -0.179558 -0.539322  0.173506 0.045622 1 0 1.000000
0  51.570103 -97.823700 14.924695  -0.002756 -0.000037 -0.999996  0.173027 0.044625 1 0 1.000000
0  52.026558 -97.402153 15.222174  0.112260 0.905989 -0.408144  0.174548 0.045699 1 0 1.000000
skin_0
0  52.026558 -97.402153 15.222174  0.112260 0.905989 -0.408144  0.174548 0.045699 1 0 1.000000
0  55.218193 -95.963058 19.294704  0.112590 0.905913 -0.408221  0.179741 0.060395 1 0 1.000000
0  52.257336 -97.690880 15.200886  0.822734 -0.179558 -0.539322  0.173506 0.045622 1 0 1.000000
skin_0
0  55.465343 -96.244392 19.294252  0.804276 -0.188380 -0.563608  0.178726 0.060393 1 0 1.000000
0  52.257336 -97.690880 15.200886  0.822734 -0.179558 -0.539322  0.173506 0.045622 1 0 1.000000
0  55.218193 -95.963058 19.294704  0.112590 0.905913 -0.408221  0.179741 0.060395 1 0 1.000000
skin_0
0  55.218193 -95.963058 19.294704  0.112590 0.905913 -0.408221  0.179741 0.060395 1 0 1.000000
0  55.638798 -96.136688 19.717745  0.973051 -0.230588 -0.000060  0.179114 0.061921 1 0 1.000000
0  55.465343 -96.244392 19.294252  0.804276 -0.188380 -0.563608  0.178726 0.060393 1 0 1.000000
skin_0
0  55.638798 -96.136688 19.717745  0.973051 -0.230588 -0.000060  0.179114 0.061921 1 0 1.000000
0  52.593376 -108.988571 19.720854  0.972992 -0.230840 -0.000133  0.132738 0.061932 1 0 1.000000
0  55.465343 -96.244392 19.294252  0.804276 -0.188380 -0.563608  0.178726 0.060393 1 0 1.000000
skin_0
0  52.460560 -108.983063 19.270845  0.822780 -0.179811 -0.539167  0.132758 0.060309 1 0 1.000000
0  55.465343 -96.244392 19.294252  0.804276 -0.188380 -0.563608  0.178726 0.060393 1 0 1.000000
0  52.593376 -108.988571 19.720854  0.972992 -0.230840 -0.000133  0.132738 0.061932 1 0 1.000000
skin_0
0  55.465343 -96.244392 19.294252  0.804276 -0.188380 -0.563608  0.178726 0.060393 1 0 1.000000
0  52.460560 -108.983063 19.270845  0.822780 -0.179811 -0.539167  0.132758 0.060309 1 0 1.000000
0  52.257336 -97.690880 15.200886  0.822734 -0.179558 -0.539322  0.173506 0.045622 1 0 1.000000
skin_0
0  49.969048 -108.983070 15.200886  0.840250 -0.170477 -0.514702  0.132757 0.045622 1 0 1.000000
0  52.257336 -97.690880 15.200886  0.822734 -0.179558 -0.539322  0.173506 0.045622 1 0 1.000000
0  52.460560 -108.983063 19.270845  0.822780 -0.179811 -0.539167  0.132758 0.060309 1 0 1.000000
skin_0
0  30.155539 -122.403664 13.561415  0.000168 -1.000000 -0.000287  0.084329 0.039706 1 0 1.000000
0  30.711533 -122.255554 13.630507  0.514148 -0.857702 -0.000211  0.084863 0.039955 1 0 1.000000
0  30.155540 -122.403664 27.568710  -0.000116 -1.000000 0.000263  0.084329 0.090252 1 0 1.000000
skin_0
0  30.155539 -122.403664 13.561415  0.000168 -1.000000 -0.000287  0.084329 0.039706 1 0 1.000000
0  30.236856 -122.250504 13.157588  0.000122 -0.746941 -0.664891  0.084881 0.038249 1 0 1.000000
0  30.711533 -122.255554 13.630507  0.514148 -0.857702 -0.000211  0.084863 0.039955 1 0 1.000000
skin_0
0  30.835785 -122.089592 13.232816  0.550867 -0.761064 -0.342530  0.085462 0.038520 1 0 1.000000
0  30.711533 -122.255554 13.630507  0.514148 -0.857702 -0.000211  0.084863 0.039955 1 0 1.000000
0  30.236856 -122.250504 13.157588  0.000122 -0.746941 -0.664891  0.084881 0.038249 1 0 1.000000
skin_0
0  30.236856 -122.250504 13.157588  0.000122 -0.746941 -0.664891  0.084881 0.038249 1 0 1.000000
0  31.556211 -120.283150 10.948635  0.000198 -0.746597 -0.665277  0.091981 0.030277 1 0 1.000000
0  30.835785 -122.089592 13.232816  0.550867 -0.761064 -0.342530  0.085462 0.038520 1 0 1.000000
skin_0
0  32.150673 -120.128731 11.029453  0.550409 -0.759155 -0.347468  0.092538 0.030569 1 0 1.000000
0  30.835785 -122.089592 13.232816  0.550867 -0.761064 -0.342530  0.085462 0.038520 1 0 1.000000
0  31.556211 -120.283150 10.948635  0.000198 -0.746597 -0.665277  0.091981 0.030277 1 0 1.000000
skin_0
0  31.556211 -120.283150 10.948635  0.000198 -0.746597 -0.665277  0.091981 0.030277 1 0 1.000000
0  32.047668 -119.736496 10.815860  0.023767 0.290870 -0.956467  0.093953 0.029798 1 0 1.000000
0  32.150673 -120.128731 11.029453  0.550409 -0.759155 -0.347468  0.092538 0.030569 1 0 1.000000
skin_0
0  32.047668 -119.736496 10.815860  0.023767 0.290870 -0.956467  0.093953 0.029798 1 0 1.000000
0  49.669319 -109.336975 15.206254  0.551176 -0.760741 -0.342752  0.131480 0.045641 1 0 1.000000
0  32.150673 -120.128731 11.029453  0.550409 -0.759155 -0.347468  0.092538 0.030569 1 0 1.000000
skin_0
0  30.835785 -122.089592 13.232816  0.550867 -0.761064 -0.342530  0.085462 0.038520 1 0 1.000000
0  32.150673 -120.128731 11.029453  0.550409 -0.759155 -0.347468  0.092538 0.030569 1 0 1.000000
0  49.669319 -109.336975 15.206254  0.551176 -0.760741 -0.342752  0.131480 0.045641 1 0 1.000000
skin_0
0  49.669319 -109.336975 15.206254  0.551176 -0.760741 -0.342752  0.131480 0.045641 1 0 1.000000
0  52.115772 -109.337280 19.202250  0.551950 -0.762426 -0.337726  0.131479 0.060061 1 0 1.000000
0  30.835785 -122.089592 13.232816  0.550867 -0.761064 -0.342530  0.085462 0.038520 1 0 1.000000
skin_0
0  30.835785 -122.089592 13.232816  0.550867 -0.761064 -0.342530  0.085462 0.038520 1 0 1.000000
0  52.115772 -109.337280 19.202250  0.551950 -0.762426 -0.337726  0.131479 0.060061 1 0 1.000000
0  30.711533 -122.255554 13.630507  0.514148 -0.857702 -0.000211  0.084863 0.039955 1 0 1.000000
skin_0
0  52.301540 -109.307381 19.666824  0.514574 -0.857446 -0.000171  0.131587 0.061738 1 0 1.000000
0  30.711533 -122.255554 13.630507  0.514148 -0.857702 -0.000211  0.084863 0.039955 1 0 1.000000
0  52.115772 -109.337280 19.202250  0.551950 -0.762426 -0.337726  0.131479 0.060061 1 0 1.000000
skin_0
0  30.711533 -122.255554 13.630507  0.514148 -0.857702 -0.000211  0.084863 0.039955 1 0 1.000000
0  52.301540 -109.307381 19.666824  0.514574 -0.857446 -0.000171  0.131587 0.061738 1 0 1.000000
0  30.711535 -122.255554 27.943398  0.514301 -0.857610 -0.000041  0.084863 0.091604 1 0 1.000000
skin_0
0  30.711535 -122.255554 27.943398  0.514301 -0.857610 -0.000041  0.084863 0.091604 1 0 1.000000
0  30.155540 -122.403664 27.568710  -0.000116 -1.000000 0.000263  0.084329 0.090252 1 0 1.000000
0  30.711533 -122.255554 13.630507  0.514148 -0.857702 -0.000211  0.084863 0.039955 1 0 1.000000
skin_0
0  30.155540 -122.403664 27.568710  -0.000116 -1.000000 0.000263  0.084329 0.090252 1 0 1.000000
0  30.711535 -122.255554 27.943398  0.514301 -0.857610 -0.000041  0.084863 0.091604 1 0 1.000000
0  30.007977 -121.849388 28.061922  -0.752864 -0.209268 0.624021  0.086329 0.092032 1 0 1.000000
skin_0
0  32.651825 -101.619003 53.614094  0.915253 -0.385601 0.116721  0.297609 0.819944 1 0 1.000000
0  27.907084 -114.335403 48.801701  0.915252 -0.385706 0.116382  0.280487 0.774056 1 0 1.000000
0  32.926395 -101.317787 52.747723  0.906470 -0.394846 0.149698  0.298600 0.821031 1 0 1.000000
skin_0
0  27.907084 -114.335403 48.801701  0.915252 -0.385706 0.116382  0.280487 0.774056 1 0 1.000000
0  27.709906 -114.732201 49.196190  0.922806 -0.376131 0.083397  0.279776 0.772624 1 0 1.000000
0  27.436733 -114.734360 48.528435  0.283965 -0.758437 -0.586632  0.278790 0.772616 1 0 1.000000
skin_0
0  27.907084 -114.335403 48.801701  0.915252 -0.385706 0.116382  0.280487 0.774056 1 0 1.000000
0  32.651825 -101.619003 53.614094  0.915253 -0.385601 0.116721  0.297609 0.819944 1 0 1.000000
0  27.709906 -114.732201 49.196190  0.922806 -0.376131 0.083397  0.279776 0.772624 1 0 1.000000
skin_0
0  32.651825 -101.619003 53.614094  0.915253 -0.385601 0.116721  0.297609 0.819944 1 0 1.000000
0  31.893473 -101.762566 54.016884  0.084821 -0.291911 0.952677  0.294873 0.819426 1 0 1.000000
0  27.709906 -114.732201 49.196190  0.922806 -0.376131 0.083397  0.279776 0.772624 1 0 1.000000
skin_0
0  32.148777 -101.207878 54.130260  0.050439 -0.134642 0.989610  0.295794 0.821427 1 0 1.000000
0  31.893473 -101.762566 54.016884  0.084821 -0.291911 0.952677  0.294873 0.819426 1 0 1.000000
0  32.651825 -101.619003 53.614094  0.915253 -0.385601 0.116721  0.297609 0.819944 1 0 1.000000
skin_0
0  32.148777 -101.207878 54.130260  0.050439 -0.134642 0.989610  0.295794 0.821427 1 0 1.000000
0  32.651825 -101.619003 53.614094  0.915253 -0.385601 0.116721  0.297609 0.819944 1 0 1.000000
0  32.841244 -101.024948 53.747814  0.935969 -0.299656 0.184844  0.298293 0.822087 1 0 1.000000
skin_0
0  32.651825 -101.619003 53.614094  0.915253 -0.385601 0.116721  0.297609 0.819944 1 0 1.000000
0  32.926395 -101.317787 52.747723  0.906470 -0.394846 0.149698  0.298600 0.821031 1 0 1.000000
0  32.841244 -101.024948 53.747814  0.935969 -0.299656 0.184844  0.298293 0.822087 1 0 1.000000
skin_0
0  33.135075 -100.616890 52.920002  0.933050 -0.300812 0.197306  0.299353 0.823560 1 0 1.000000
0  32.841244 -101.024948 53.747814  0.935969 -0.299656 0.184844  0.298293 0.822087 1 0 1.000000
0  32.926395 -101.317787 52.747723  0.906470 -0.394846 0.149698  0.298600 0.821031 1 0 1.000000
skin_0
0  45.158054 -59.550674 58.726673  0.929878 -0.301774 0.210381  0.342738 0.971749 1 0 1.000000
0  44.959160 -59.580933 59.561432  0.932963 -0.300709 0.197876  0.342021 0.971640 1 0 1.000000
0  33.135075 -100.616890 52.920002  0.933050 -0.300812 0.197306  0.299353 0.823560 1 0 1.000000
skin_0
0  32.841244 -101.024948 53.747814  0.935969 -0.299656 0.184844  0.298293 0.822087 1 0 1.000000
0  33.135075 -100.616890 52.920002  0.933050 -0.300812 0.197306  0.299353 0.823560 1 0 1.000000
0  44.959160 -59.580933 59.561432  0.932963 -0.300709 0.197876  0.342021 0.971640 1 0 1.000000
skin_0
0  44.371151 -59.615345 59.999126  0.032764 -0.148895 0.988310  0.339899 0.971516 1 0 1.000000
0  32.841244 -101.024948 53.747814  0.935969 -0.299656 0.184844  0.298293 0.822087 1 0 1.000000
0  44.959160 -59.580933 59.561432  0.932963 -0.300709 0.197876  0.342021 0.971640 1 0 1.000000
skin_0
0  32.841244 -101.024948 53.747814  0.935969 -0.299656 0.184844  0.298293 0.822087 1 0 1.000000
0  44.371151 -59.615345 59.999126  0.032764 -0.148895 0.988310  0.339899 0.971516 1 0 1.000000
0  32.148777 -101.207878 54.130260  0.050439 -0.134642 0.989610  0.295794 0.821427 1 0 1.000000
skin_0
0  44.371151 -59.615345 59.999126  0.032764 -0.148895 0.988310  0.339899 0.971516 1 0 1.000000
0  0.242151 -63.015213 60.936890  0.050101 -0.134171 0.989691  0.180657 0.959247 1 0 1.000000
0  32.148777 -101.207878 54.130260  0.050439 -0.134642 0.989610  0.295794 0.821427 1 0 1.000000
skin_0
0  0.242154 -102.085976 56.209648  0.067827 -0.119863 0.990471  0.180657 0.818258 1 0 1.000000
0  32.148777 -101.207878 54.130260  0.050439 -0.134642 0.989610  0.295794 0.821427 1 0 1.000000
0  0.242151 -63.015213 60.936890  0.050101 -0.134171 0.989691  0.180657 0.959247 1 0 1.000000
skin_0
0  32.148777 -101.207878 54.130260  0.050439 -0.134642 0.989610  0.295794 0.821427 1 0 1.000000
0  0.242154 -102.085976 56.209648  0.067827 -0.119863 0.990471  0.180657 0.818258 1 0 1.000000
0  31.893473 -101.762566 54.016884  0.084821 -0.291911 0.952677  0.294873 0.819426 1 0 1.000000
skin_0
0  0.242154 -102.650673 56.071644  0.069152 -0.232216 0.970203  0.180657 0.816221 1 0 1.000000
0  31.893473 -101.762566 54.016884  0.084821 -0.291911 0.952677  0.294873 0.819426 1 0 1.000000
0  0.242154 -102.085976 56.209648  0.067827 -0.119863 0.990471  0.180657 0.818258 1 0 1.000000
skin_0
0  24.115208 -115.124969 47.427322  0.189010 -0.897040 -0.399493  0.266804 0.771207 1 0 1.000000
0  27.436733 -114.734360 48.528435  0.283965 -0.758437 -0.586632  0.278790 0.772616 1 0 1.000000
0  27.067682 -115.256577 49.025215  0.212126 -0.860724 -0.462770  0.277458 0.770732 1 0 1.000000
skin_0
0  24.115208 -115.124969 47.427322  0.189010 -0.897040 -0.399493  0.266804 0.771207 1 0 1.000000
0  24.196476 -114.973488 47.069408  0.316360 -0.751107 -0.579443  0.267098 0.771753 1 0 1.000000
0  27.436733 -114.734360 48.528435  0.283965 -0.758437 -0.586632  0.278790 0.772616 1 0 1.000000
skin_0
0  27.558683 -114.377205 48.349438  0.617055 -0.502642 -0.605470  0.279230 0.773905 1 0 1.000000
0  27.436733 -114.734360 48.528435  0.283965 -0.758437 -0.586632  0.278790 0.772616 1 0 1.000000
0  24.196476 -114.973488 47.069408  0.316360 -0.751107 -0.579443  0.267098 0.771753 1 0 1.000000
skin_0
0  27.436733 -114.734360 48.528435  0.283965 -0.758437 -0.586632  0.278790 0.772616 1 0 1.000000
0  27.558683 -114.377205 48.349438  0.617055 -0.502642 -0.605470  0.279230 0.773905 1 0 1.000000
0  27.907084 -114.335403 48.801701  0.915252 -0.385706 0.116382  0.280487 0.774056 1 0 1.000000
skin_0
0  27.908617 -114.053574 48.545757  0.872595 -0.351992 -0.338644  0.280493 0.775073 1 0 1.000000
0  27.907084 -114.335403 48.801701  0.915252 -0.385706 0.116382  0.280487 0.774056 1 0 1.000000
0  27.558683 -114.377205 48.349438  0.617055 -0.502642 -0.605470  0.279230 0.773905 1 0 1.000000
skin_0
0  27.908617 -114.053574 48.545757  0.872595 -0.351992 -0.338644  0.280493 0.775073 1 0 1.000000
0  32.926395 -101.317787 52.747723  0.906470 -0.394846 0.149698  0.298600 0.821031 1 0 1.000000
0  27.907084 -114.335403 48.801701  0.915252 -0.385706 0.116382  0.280487 0.774056 1 0 1.000000
skin_0
0  32.926395 -101.317787 52.747723  0.906470 -0.394846 0.149698  0.298600 0.821031 1 0 1.000000
0  27.908617 -114.053574 48.545757  0.872595 -0.351992 -0.338644  0.280493 0.775073 1 0 1.000000
0  32.900597 -101.173653 52.406448  0.947442 -0.266673 -0.176743  0.298507 0.821551 1 0 1.000000
skin_0
0  32.926395 -101.317787 52.747723  0.906470 -0.394846 0.149698  0.298600 0.821031 1 0 1.000000
0  32.900597 -101.173653 52.406448  0.947442 -0.266673 -0.176743  0.298507 0.821551 1 0 1.000000
0  33.135075 -100.616890 52.920002  0.933050 -0.300812 0.197306  0.299353 0.823560 1 0 1.000000
skin_0
0  33.135075 -100.616890 52.920002  0.933050 -0.300812 0.197306  0.299353 0.823560 1 0 1.000000
0  32.900597 -101.173653 52.406448  0.947442 -0.266673 -0.176743  0.298507 0.821551 1 0 1.000000
0  33.120644 -100.447853 52.558304  0.951333 -0.253276 -0.175547  0.299301 0.824170 1 0 1.000000
skin_0
0  33.135075 -100.616890 52.920002  0.933050 -0.300812 0.197306  0.299353 0.823560 1 0 1.000000
0  33.120644 -100.447853 52.558304  0.951333 -0.253276 -0.175547  0.299301 0.824170 1 0 1.000000
0  45.158054 -59.550674 58.726673  0.929878 -0.301774 0.210381  0.342738 0.971749 1 0 1.000000
skin_0
0  45.158054 -59.550674 58.726673  0.929878 -0.301774 0.210381  0.009165 0.998706 1 0 1.000000
0  33.120644 -100.447853 52.558304  0.951333 -0.253276 -0.175547  0.008770 0.997366 1 0 1.000000
0  45.184216 -59.213459 58.449352  0.997762 -0.065210 0.014805  0.009175 0.998710 1 0 1.000000
skin_0
0  45.184216 -59.213459 58.449352  0.997762 -0.065210 0.014805  0.009175 0.998710 1 0 1.000000
0  44.912395 -59.300861 59.589302  0.882392 0.096113 0.460594  0.009150 0.998734 1 0 1.000000
0  45.158054 -59.550674 58.726673  0.929878 -0.301774 0.210381  0.009165 0.998706 1 0 1.000000
skin_0
0  44.959160 -59.580933 59.561432  0.932963 -0.300709 0.197876  0.009146 0.998723 1 0 1.000000
0  45.158054 -59.550674 58.726673  0.929878 -0.301774 0.210381  0.009165 0.998706 1 0 1.000000
0  44.912395 -59.300861 59.589302  0.882392 0.096113 0.460594  0.009150 0.998734 1 0 1.000000
skin_0
0  44.912395 -59.300861 59.589302  0.882392 0.096113 0.460594  0.009150 0.998734 1 0 1.000000
0  44.407272 -59.303616 59.934769  0.404452 0.108256 0.908130  0.009131 0.998743 1 0 1.000000
0  44.959160 -59.580933 59.561432  0.932963 -0.300709 0.197876  0.009146 0.998723 1 0 1.000000
skin_0
0  44.371151 -59.615345 59.999126  0.032764 -0.148895 0.988310  0.009126 0.998732 1 0 1.000000
0  44.959160 -59.580933 59.561432  0.932963 -0.300709 0.197876  0.009146 0.998723 1 0 1.000000
0  44.407272 -59.303616 59.934769  0.404452 0.108256 0.908130  0.009131 0.998743 1 0 1.000000
skin_0
0  44.407272 -59.303616 59.934769  0.404452 0.108256 0.908130  0.009131 0.998743 1 0 1.000000
0  0.233988 -62.700729 60.888004  0.003701 0.165643 0.986179  0.008022 0.998724 1 0 1.000000
0  44.371151 -59.615345 59.999126  0.032764 -0.148895 0.988310  0.009126 0.998732 1 0 1.000000
skin_0
0  0.242151 -63.015213 60.936890  0.050101 -0.134171 0.989691  0.008022 0.998715 1 0 1.000000
0  44.371151 -59.615345 59.999126  0.032764 -0.148895 0.988310  0.009126 0.998732 1 0 1.000000
0  0.233988 -62.700729 60.888004  0.003701 0.165643 0.986179  0.008022 0.998724 1 0 1.000000
skin_0
0  0.242151 -63.015213 60.936890  0.050101 -0.134171 0.989691  0.008022 0.998715 1 0 1.000000
0  0.233988 -62.700729 60.888004  0.003701 0.165643 0.986179  0.008022 0.998724 1 0 1.000000
0  0.000009 -63.015213 60.936890  0.000000 0.016905 0.999857  0.008018 0.998715 1 0 1.000000
skin_0
0  0.000009 -62.700729 60.888004  0.000000 0.153603 0.988133  0.008018 0.998726 1 0 1.000000
0  0.000009 -63.015213 60.936890  0.000000 0.016905 0.999857  0.008018 0.998715 1 0 1.000000
0  0.233988 -62.700729 60.888004  0.003701 0.165643 0.986179  0.008022 0.998724 1 0 1.000000
skin_0
0  0.000009 -62.700729 60.888004  0.000000 0.153603 0.988133  0.008018 0.998726 1 0 1.000000
0  -0.233969 -62.700729 60.888004  -0.003698 0.165645 0.986178  0.008013 0.998724 1 0 1.000000
0  0.000009 -63.015213 60.936890  0.000000 0.016905 0.999857  0.008018 0.998715 1 0 1.000000
skin_0
0  0.000009 -63.015213 60.936890  0.000000 0.016905 0.999857  0.179783 0.959247 1 0 1.000000
0  0.242154 -102.085976 56.209648  0.067827 -0.119863 0.990471  0.180657 0.818258 1 0 1.000000
0  0.242151 -63.015213 60.936890  0.050101 -0.134171 0.989691  0.180657 0.959247 1 0 1.000000
skin_0
0  0.242154 -102.085976 56.209648  0.067827 -0.119863 0.990471  0.180657 0.818258 1 0 1.000000
0  0.000009 -63.015213 60.936890  0.000000 0.016905 0.999857  0.179783 0.959247 1 0 1.000000
0  0.000012 -102.085976 56.209648  0.000003 -0.198604 0.980080  0.179783 0.818258 1 0 1.000000
skin_0
0  -0.242130 -102.085976 56.209648  -0.067834 -0.119867 0.990470  0.178910 0.818258 1 0 1.000000
0  0.000012 -102.085976 56.209648  0.000003 -0.198604 0.980080  0.179783 0.818258 1 0 1.000000
0  0.000009 -63.015213 60.936890  0.000000 0.016905 0.999857  0.179783 0.959247 1 0 1.000000
skin_0
0  -0.242130 -102.085976 56.209648  -0.067834 -0.119867 0.990470  0.178910 0.818258 1 0 1.000000
0  -0.242130 -102.650673 56.071644  -0.069152 -0.232215 0.970203  0.178910 0.816221 1 0 1.000000
0  0.000012 -102.085976 56.209648  0.000003 -0.198604 0.980080  0.179783 0.818258 1 0 1.000000
skin_0
0  -0.242130 -102.085976 56.209648  -0.067834 -0.119867 0.990470  0.178910 0.818258 1 0 1.000000
0  -31.893450 -101.762566 54.016891  -0.084823 -0.291910 0.952677  0.064694 0.819426 1 0 1.000000
0  -0.242130 -102.650673 56.071644  -0.069152 -0.232215 0.970203  0.178910 0.816221 1 0 1.000000
skin_0
0  -31.893450 -101.762566 54.016891  -0.084823 -0.291910 0.952677  0.064694 0.819426 1 0 1.000000
0  -13.675570 -106.343552 54.230434  -0.078312 -0.300406 0.950591  0.130434 0.802895 1 0 1.000000
0  -0.242130 -102.650673 56.071644  -0.069152 -0.232215 0.970203  0.178910 0.816221 1 0 1.000000
skin_0
0  -31.893450 -101.762566 54.016891  -0.084823 -0.291910 0.952677  0.064694 0.819426 1 0 1.000000
0  -26.942911 -115.059219 49.527138  -0.079522 -0.395639 0.914957  0.082558 0.771444 1 0 1.000000
0  -13.675570 -106.343552 54.230434  -0.078312 -0.300406 0.950591  0.130434 0.802895 1 0 1.000000
skin_0
0  -26.942911 -115.059219 49.527138  -0.079522 -0.395639 0.914957  0.082558 0.771444 1 0 1.000000
0  -31.893450 -101.762566 54.016891  -0.084823 -0.291910 0.952677  0.064694 0.819426 1 0 1.000000
0  -27.709883 -114.732201 49.196198  -0.922803 -0.376138 0.083398  0.079791 0.772624 1 0 1.000000
skin_0
0  -26.942911 -115.059219 49.527138  -0.079522 -0.395639 0.914957  0.082558 0.771444 1 0 1.000000
0  -27.709883 -114.732201 49.196198  -0.922803 -0.376138 0.083398  0.079791 0.772624 1 0 1.000000
0  -27.067656 -115.256577 49.025223  -0.212104 -0.860736 -0.462758  0.082108 0.770732 1 0 1.000000
skin_0
0  -27.067656 -115.256577 49.025223  -0.212104 -0.860736 -0.462758  0.082108 0.770732 1 0 1.000000
0  -27.709883 -114.732201 49.196198  -0.922803 -0.376138 0.083398  0.079791 0.772624 1 0 1.000000
0  -27.436710 -114.734360 48.528442  -0.283970 -0.758461 -0.586599  0.080776 0.772616 1 0 1.000000
skin_0
0  -27.067656 -115.256577 49.025223  -0.212104 -0.860736 -0.462758  0.082108 0.770732 1 0 1.000000
0  -27.436710 -114.734360 48.528442  -0.283970 -0.758461 -0.586599  0.080776 0.772616 1 0 1.000000
0  -24.115185 -115.124969 47.427322  -0.189011 -0.897040 -0.399492  0.092762 0.771207 1 0 1.000000
skin_0
0  -24.196453 -114.973488 47.069408  -0.316348 -0.751109 -0.579448  0.092469 0.771753 1 0 1.000000
0  -24.115185 -115.124969 47.427322  -0.189011 -0.897040 -0.399492  0.092762 0.771207 1 0 1.000000
0  -27.436710 -114.734360 48.528442  -0.283970 -0.758461 -0.586599  0.080776 0.772616 1 0 1.000000
skin_0
0  -27.436710 -114.734360 48.528442  -0.283970 -0.758461 -0.586599  0.080776 0.772616 1 0 1.000000
0  -27.558661 -114.377205 48.349445  -0.617058 -0.502638 -0.605470  0.080336 0.773905 1 0 1.000000
0  -24.196453 -114.973488 47.069408  -0.316348 -0.751109 -0.579448  0.092469 0.771753 1 0 1.000000
skin_0
0  -27.436710 -114.734360 48.528442  -0.283970 -0.758461 -0.586599  0.080776 0.772616 1 0 1.000000
0  -27.907061 -114.335403 48.801708  -0.915240 -0.385731 0.116389  0.079079 0.774056 1 0 1.000000
0  -27.558661 -114.377205 48.349445  -0.617058 -0.502638 -0.605470  0.080336 0.773905 1 0 1.000000
skin_0
0  -27.908594 -114.053574 48.545765  -0.872592 -0.352001 -0.338642  0.079074 0.775073 1 0 1.000000
0  -27.558661 -114.377205 48.349445  -0.617058 -0.502638 -0.605470  0.080336 0.773905 1 0 1.000000
0  -27.907061 -114.335403 48.801708  -0.915240 -0.385731 0.116389  0.079079 0.774056 1 0 1.000000
skin_0
0  -27.908594 -114.053574 48.545765  -0.872592 -0.352001 -0.338642  0.079074 0.775073 1 0 1.000000
0  -27.907061 -114.335403 48.801708  -0.915240 -0.385731 0.116389  0.079079 0.774056 1 0 1.000000
0  -32.926373 -101.317787 52.747730  -0.906493 -0.394784 0.149720  0.060967 0.821031 1 0 1.000000
skin_0
0  -32.900574 -101.173653 52.406456  -0.964057 -0.215741 -0.155080  0.061060 0.821551 1 0 1.000000
0  -27.908594 -114.053574 48.545765  -0.872592 -0.352001 -0.338642  0.079074 0.775073 1 0 1.000000
0  -32.926373 -101.317787 52.747730  -0.906493 -0.394784 0.149720  0.060967 0.821031 1 0 1.000000
skin_0
0  -32.926373 -101.317787 52.747730  -0.906493 -0.394784 0.149720  0.060967 0.821031 1 0 1.000000
0  -33.068485 -100.616890 52.920010  -0.932731 -0.302054 0.196915  0.060454 0.823560 1 0 1.000000
0  -32.900574 -101.173653 52.406456  -0.964057 -0.215741 -0.155080  0.061060 0.821551 1 0 1.000000
skin_0
0  -45.158039 -59.550682 58.726681  -0.929464 -0.303131 0.210257  0.016828 0.971749 1 0 1.000000
0  -33.068485 -100.616890 52.920010  -0.932731 -0.302054 0.196915  0.060454 0.823560 1 0 1.000000
0  -44.959145 -59.580940 59.561440  -0.932602 -0.302068 0.197507  0.017546 0.971640 1 0 1.000000
skin_0
0  -32.774609 -101.024948 53.747822  -0.935706 -0.300889 0.184172  0.061514 0.822087 1 0 1.000000
0  -44.959145 -59.580940 59.561440  -0.932602 -0.302068 0.197507  0.017546 0.971640 1 0 1.000000
0  -33.068485 -100.616890 52.920010  -0.932731 -0.302054 0.196915  0.060454 0.823560 1 0 1.000000
skin_0
0  -33.068485 -100.616890 52.920010  -0.932731 -0.302054 0.196915  0.060454 0.823560 1 0 1.000000
0  -32.926373 -101.317787 52.747730  -0.906493 -0.394784 0.149720  0.060967 0.821031 1 0 1.000000
0  -32.774609 -101.024948 53.747822  -0.935706 -0.300889 0.184172  0.061514 0.822087 1 0 1.000000
skin_0
0  -32.651802 -101.619003 53.614101  -0.915250 -0.385621 0.116677  0.061958 0.819944 1 0 1.000000
0  -32.774609 -101.024948 53.747822  -0.935706 -0.300889 0.184172  0.061514 0.822087 1 0 1.000000
0  -32.926373 -101.317787 52.747730  -0.906493 -0.394784 0.149720  0.060967 0.821031 1 0 1.000000
skin_0
0  -32.926373 -101.317787 52.747730  -0.906493 -0.394784 0.149720  0.060967 0.821031 1 0 1.000000
0  -27.907061 -114.335403 48.801708  -0.915240 -0.385731 0.116389  0.079079 0.774056 1 0 1.000000
0  -32.651802 -101.619003 53.614101  -0.915250 -0.385621 0.116677  0.061958 0.819944 1 0 1.000000
skin_0
0  -32.774609 -101.024948 53.747822  -0.935706 -0.300889 0.184172  0.061514 0.822087 1 0 1.000000
0  -32.651802 -101.619003 53.614101  -0.915250 -0.385621 0.116677  0.061958 0.819944 1 0 1.000000
0  -32.148754 -101.207878 54.130268  -0.050478 -0.134609 0.989612  0.063773 0.821427 1 0 1.000000
skin_0
0  -32.774609 -101.024948 53.747822  -0.935706 -0.300889 0.184172  0.061514 0.822087 1 0 1.000000
0  -32.148754 -101.207878 54.130268  -0.050478 -0.134609 0.989612  0.063773 0.821427 1 0 1.000000
0  -44.371136 -59.615353 59.999134  -0.032767 -0.148878 0.988313  0.019668 0.971516 1 0 1.000000
skin_0
0  -44.959145 -59.580940 59.561440  -0.932602 -0.302068 0.197507  0.017546 0.971640 1 0 1.000000
0  -32.774609 -101.024948 53.747822  -0.935706 -0.300889 0.184172  0.061514 0.822087 1 0 1.000000
0  -44.371136 -59.615353 59.999134  -0.032767 -0.148878 0.988313  0.019668 0.971516 1 0 1.000000
skin_0
0  -44.371136 -59.615353 59.999134  -0.032767 -0.148878 0.988313  0.019668 0.971516 1 0 1.000000
0  -32.148754 -101.207878 54.130268  -0.050478 -0.134609 0.989612  0.063773 0.821427 1 0 1.000000
0  -0.242133 -63.015213 60.936890  -0.050092 -0.134172 0.989691  0.178909 0.959247 1 0 1.000000
skin_0
0  -33.054050 -100.447853 52.558311  -0.959327 -0.229121 -0.164909  0.060506 0.824170 1 0 1.000000
0  -32.900574 -101.173653 52.406456  -0.964057 -0.215739 -0.155084  0.061060 0.821551 1 0 1.000000
0  -33.068485 -100.616890 52.920010  -0.932731 -0.302054 0.196915  0.060454 0.823560 1 0 1.000000
skin_0
0  -33.054050 -100.447853 52.558311  -0.959327 -0.229121 -0.164909  0.060506 0.824170 1 0 1.000000
0  -33.068485 -100.616890 52.920010  -0.932731 -0.302054 0.196915  0.060454 0.823560 1 0 1.000000
0  -45.158039 -59.550682 58.726681  -0.929464 -0.303131 0.210257  0.016828 0.971749 1 0 1.000000
skin_0
0  -45.158039 -59.550682 58.726681  -0.929464 -0.303131 0.210257  0.006870 0.998706 1 0 1.000000
0  -45.184200 -59.213467 58.449360  -0.997731 -0.065845 0.014048  0.006860 0.998710 1 0 1.000000
0  -33.054050 -100.447853 52.558311  -0.959327 -0.229121 -0.164909  0.007266 0.997366 1 0 1.000000
skin_0
0  -45.184200 -59.213467 58.449360  -0.997731 -0.065845 0.014048  0.006860 0.998710 1 0 1.000000
0  -45.158039 -59.550682 58.726681  -0.929464 -0.303131 0.210257  0.006870 0.998706 1 0 1.000000
0  -44.912380 -59.300869 59.589310  -0.882391 0.096129 0.460593  0.006885 0.998734 1 0 1.000000
skin_0
0  -44.959145 -59.580940 59.561440  -0.932602 -0.302068 0.197507  0.006890 0.998723 1 0 1.000000
0  -44.912380 -59.300869 59.589310  -0.882391 0.096129 0.460593  0.006885 0.998734 1 0 1.000000
0  -45.158039 -59.550682 58.726681  -0.929464 -0.303131 0.210257  0.006870 0.998706 1 0 1.000000
skin_0
0  -44.912380 -59.300869 59.589310  -0.882391 0.096129 0.460593  0.006885 0.998734 1 0 1.000000
0  -44.959145 -59.580940 59.561440  -0.932602 -0.302068 0.197507  0.006890 0.998723 1 0 1.000000
0  -44.407257 -59.303623 59.934776  -0.404458 0.108261 0.908127  0.006904 0.998743 1 0 1.000000
skin_0
0  -44.371136 -59.615353 59.999134  -0.032767 -0.148878 0.988313  0.006904 0.998732 1 0 1.000000
0  -44.407257 -59.303623 59.934776  -0.404458 0.108261 0.908127  0.006904 0.998743 1 0 1.000000
0  -44.959145 -59.580940 59.561440  -0.932602 -0.302068 0.197507  0.006890 0.998723 1 0 1.000000
skin_0
0  -44.371136 -59.615353 59.999134  -0.032767 -0.148878 0.988313  0.006904 0.998732 1 0 1.000000
0  -0.233969 -62.700729 60.888004  -0.003698 0.165645 0.986178  0.008013 0.998724 1 0 1.000000
0  -44.407257 -59.303623 59.934776  -0.404458 0.108261 0.908127  0.006904 0.998743 1 0 1.000000
skin_0
0  -0.233969 -62.700729 60.888004  -0.003698 0.165645 0.986178  0.008013 0.998724 1 0 1.000000
0  -44.371136 -59.615353 59.999134  -0.032767 -0.148878 0.988313  0.006904 0.998732 1 0 1.000000
0  -0.242133 -63.015213 60.936890  -0.050092 -0.134172 0.989691  0.008013 0.998715 1 0 1.000000
skin_0
0  -0.242133 -63.015213 60.936890  -0.050092 -0.134172 0.989691  0.008013 0.998715 1 0 1.000000
0  0.000009 -63.015213 60.936890  0.000000 0.016905 0.999857  0.008018 0.998715 1 0 1.000000
0  -0.233969 -62.700729 60.888004  -0.003698 0.165645 0.986178  0.008013 0.998724 1 0 1.000000
skin_0
0  -0.242133 -63.015213 60.936890  -0.050092 -0.134172 0.989691  0.178909 0.959247 1 0 1.000000
0  -0.242130 -102.085976 56.209648  -0.067834 -0.119867 0.990470  0.178910 0.818258 1 0 1.000000
0  0.000009 -63.015213 60.936890  0.000000 0.016905 0.999857  0.179783 0.959247 1 0 1.000000
skin_0
0  -0.242130 -102.085976 56.209648  -0.067834 -0.119867 0.990470  0.178910 0.818258 1 0 1.000000
0  -0.242133 -63.015213 60.936890  -0.050092 -0.134172 0.989691  0.178909 0.959247 1 0 1.000000
0  -32.148754 -101.207878 54.130268  -0.050478 -0.134609 0.989612  0.063773 0.821427 1 0 1.000000
skin_0
0  -31.893450 -101.762566 54.016891  -0.084823 -0.291910 0.952677  0.064694 0.819426 1 0 1.000000
0  -0.242130 -102.085976 56.209648  -0.067834 -0.119867 0.990470  0.178910 0.818258 1 0 1.000000
0  -32.148754 -101.207878 54.130268  -0.050478 -0.134609 0.989612  0.063773 0.821427 1 0 1.000000
skin_0
0  -32.651802 -101.619003 53.614101  -0.915250 -0.385621 0.116677  0.061958 0.819944 1 0 1.000000
0  -31.893450 -101.762566 54.016891  -0.084823 -0.291910 0.952677  0.064694 0.819426 1 0 1.000000
0  -32.148754 -101.207878 54.130268  -0.050478 -0.134609 0.989612  0.063773 0.821427 1 0 1.000000
skin_0
0  -32.651802 -101.619003 53.614101  -0.915250 -0.385621 0.116677  0.061958 0.819944 1 0 1.000000
0  -27.709883 -114.732201 49.196198  -0.922803 -0.376138 0.083398  0.079791 0.772624 1 0 1.000000
0  -31.893450 -101.762566 54.016891  -0.084823 -0.291910 0.952677  0.064694 0.819426 1 0 1.000000
skin_0
0  -27.907061 -114.335403 48.801708  -0.915240 -0.385731 0.116389  0.079079 0.774056 1 0 1.000000
0  -27.709883 -114.732201 49.196198  -0.922803 -0.376138 0.083398  0.079791 0.772624 1 0 1.000000
0  -32.651802 -101.619003 53.614101  -0.915250 -0.385621 0.116677  0.061958 0.819944 1 0 1.000000
skin_0
0  -27.907061 -114.335403 48.801708  -0.915240 -0.385731 0.116389  0.079079 0.774056 1 0 1.000000
0  -27.436710 -114.734360 48.528442  -0.283970 -0.758461 -0.586599  0.080776 0.772616 1 0 1.000000
0  -27.709883 -114.732201 49.196198  -0.922803 -0.376138 0.083398  0.079791 0.772624 1 0 1.000000
skin_0
0  12.567038 -113.043648 51.259289  -0.292789 -0.073139 0.953376  0.008276 0.997175 1 0 1.000000
0  13.036665 -113.345680 51.380341  0.076052 -0.446133 0.891730  0.008286 0.997168 1 0 1.000000
0  12.814277 -112.758804 51.357067  -0.554855 -0.181600 0.811885  0.008281 0.997183 1 0 1.000000
skin_0
0  13.036665 -113.345680 51.380341  0.076052 -0.446133 0.891730  0.226827 0.777627 1 0 1.000000
0  26.942938 -115.059219 49.527130  0.079522 -0.395639 0.914957  0.277008 0.771444 1 0 1.000000
0  13.675595 -106.343552 54.230434  0.078316 -0.300416 0.950588  0.229132 0.802895 1 0 1.000000
skin_0
0  13.036665 -113.345680 51.380341  0.076052 -0.446133 0.891730  0.008286 0.997168 1 0 1.000000
0  13.675595 -106.343552 54.230434  0.078316 -0.300416 0.950588  0.008311 0.997341 1 0 1.000000
0  12.814277 -112.758804 51.357067  -0.554855 -0.181600 0.811885  0.008281 0.997183 1 0 1.000000
skin_0
0  13.360708 -106.697365 53.825478  -0.490429 -0.430674 0.757627  0.008301 0.997332 1 0 1.000000
0  12.814277 -112.758804 51.357067  -0.554855 -0.181600 0.811885  0.008281 0.997183 1 0 1.000000
0  13.675595 -106.343552 54.230434  0.078316 -0.300416 0.950588  0.008311 0.997341 1 0 1.000000
skin_0
0  13.158977 -106.455627 53.942062  -0.047993 -0.899511 0.434253  0.008301 0.997336 1 0 1.000000
0  13.360708 -106.697365 53.825478  -0.490429 -0.430674 0.757627  0.008301 0.997332 1 0 1.000000
0  13.675595 -106.343552 54.230434  0.078316 -0.300416 0.950588  0.008311 0.997341 1 0 1.000000
skin_0
0  13.158977 -106.455627 53.942062  -0.047993 -0.899511 0.434253  0.008301 0.997336 1 0 1.000000
0  13.675595 -106.343552 54.230434  0.078316 -0.300416 0.950588  0.008311 0.997341 1 0 1.000000
0  0.242154 -107.212090 54.974266  0.068805 -0.233332 0.969960  0.008022 0.997373 1 0 1.000000
skin_0
0  0.242154 -107.212090 54.974266  0.068805 -0.233332 0.969960  0.008022 0.997373 1 0 1.000000
0  0.242154 -107.286140 54.671783  0.037992 -0.970618 0.237607  0.008022 0.997363 1 0 1.000000
0  13.158977 -106.455627 53.942062  -0.047993 -0.899511 0.434253  0.008301 0.997336 1 0 1.000000
skin_0
0  0.242154 -107.286140 54.671783  0.037992 -0.970618 0.237607  0.008022 0.997363 1 0 1.000000
0  0.242154 -107.212090 54.974266  0.068805 -0.233332 0.969960  0.008022 0.997373 1 0 1.000000
0  0.000012 -107.286140 54.671783  0.000000 -0.971317 0.237787  0.008018 0.997366 1 0 1.000000
skin_0
0  0.000012 -107.286140 54.671783  0.000000 -0.971317 0.237787  0.008018 0.997366 1 0 1.000000
0  0.242154 -107.212090 54.974266  0.068805 -0.233332 0.969960  0.008022 0.997373 1 0 1.000000
0  0.000012 -107.212090 54.974266  0.000000 -0.705683 0.708528  0.008018 0.997373 1 0 1.000000
skin_0
0  0.000012 -107.212090 54.974266  0.000000 -0.705683 0.708528  0.008018 0.997373 1 0 1.000000
0  -0.242130 -107.212090 54.974266  -0.068748 -0.233331 0.969964  0.008013 0.997373 1 0 1.000000
0  0.000012 -107.286140 54.671783  0.000000 -0.971317 0.237787  0.008018 0.997366 1 0 1.000000
skin_0
0  -0.242130 -107.212090 54.974266  -0.068748 -0.233331 0.969964  0.178910 0.799761 1 0 1.000000
0  0.000012 -107.212090 54.974266  0.000000 -0.705683 0.708528  0.179783 0.799761 1 0 1.000000
0  0.000012 -102.650673 56.071644  0.000000 -0.235654 0.971837  0.179783 0.816221 1 0 1.000000
skin_0
0  0.242154 -107.212090 54.974266  0.068805 -0.233332 0.969960  0.180657 0.799761 1 0 1.000000
0  0.000012 -102.650673 56.071644  0.000000 -0.235654 0.971837  0.179783 0.816221 1 0 1.000000
0  0.000012 -107.212090 54.974266  0.000000 -0.705683 0.708528  0.179783 0.799761 1 0 1.000000
skin_0
0  0.000012 -102.650673 56.071644  0.000000 -0.235654 0.971837  0.179783 0.816221 1 0 1.000000
0  0.242154 -107.212090 54.974266  0.068805 -0.233332 0.969960  0.180657 0.799761 1 0 1.000000
0  0.242154 -102.650673 56.071644  0.069152 -0.232216 0.970203  0.180657 0.816221 1 0 1.000000
skin_0
0  0.242154 -102.650673 56.071644  0.069152 -0.232216 0.970203  0.180657 0.816221 1 0 1.000000
0  0.242154 -107.212090 54.974266  0.068805 -0.233332 0.969960  0.180657 0.799761 1 0 1.000000
0  13.675595 -106.343552 54.230434  0.078316 -0.300416 0.950588  0.229132 0.802895 1 0 1.000000
skin_0
0  13.675595 -106.343552 54.230434  0.078316 -0.300416 0.950588  0.229132 0.802895 1 0 1.000000
0  31.893473 -101.762566 54.016884  0.084821 -0.291911 0.952677  0.294873 0.819426 1 0 1.000000
0  0.242154 -102.650673 56.071644  0.069152 -0.232216 0.970203  0.180657 0.816221 1 0 1.000000
skin_0
0  31.893473 -101.762566 54.016884  0.084821 -0.291911 0.952677  0.294873 0.819426 1 0 1.000000
0  13.675595 -106.343552 54.230434  0.078316 -0.300416 0.950588  0.229132 0.802895 1 0 1.000000
0  26.942938 -115.059219 49.527130  0.079522 -0.395639 0.914957  0.277008 0.771444 1 0 1.000000
skin_0
0  26.942938 -115.059219 49.527130  0.079522 -0.395639 0.914957  0.277008 0.771444 1 0 1.000000
0  27.709906 -114.732201 49.196190  0.922806 -0.376131 0.083397  0.279776 0.772624 1 0 1.000000
0  31.893473 -101.762566 54.016884  0.084821 -0.291911 0.952677  0.294873 0.819426 1 0 1.000000
skin_0
0  27.067682 -115.256577 49.025215  0.212126 -0.860724 -0.462770  0.277458 0.770732 1 0 1.000000
0  27.709906 -114.732201 49.196190  0.922806 -0.376131 0.083397  0.279776 0.772624 1 0 1.000000
0  26.942938 -115.059219 49.527130  0.079522 -0.395639 0.914957  0.277008 0.771444 1 0 1.000000
skin_0
0  27.067682 -115.256577 49.025215  0.212126 -0.860724 -0.462770  0.277458 0.770732 1 0 1.000000
0  27.436733 -114.734360 48.528435  0.283965 -0.758437 -0.586632  0.278790 0.772616 1 0 1.000000
0  27.709906 -114.732201 49.196190  0.922806 -0.376131 0.083397  0.279776 0.772624 1 0 1.000000
skin_0
0  -0.242130 -107.286140 54.671783  -0.037845 -0.970630 0.237583  0.008013 0.997363 1 0 1.000000
0  -0.242130 -107.212090 54.974266  -0.068748 -0.233331 0.969964  0.008013 0.997373 1 0 1.000000
0  -13.158952 -106.455627 53.942062  0.047997 -0.899513 0.434250  0.007734 0.997336 1 0 1.000000
skin_0
0  -0.242130 -107.286140 54.671783  -0.037845 -0.970630 0.237583  0.008013 0.997363 1 0 1.000000
0  0.000012 -107.286140 54.671783  0.000000 -0.971317 0.237787  0.008018 0.997366 1 0 1.000000
0  -0.242130 -107.212090 54.974266  -0.068748 -0.233331 0.969964  0.008013 0.997373 1 0 1.000000
skin_0
0  0.000012 -102.085976 56.209648  0.000003 -0.198604 0.980080  0.179783 0.818258 1 0 1.000000
0  0.242154 -102.650673 56.071644  0.069152 -0.232216 0.970203  0.180657 0.816221 1 0 1.000000
0  0.242154 -102.085976 56.209648  0.067827 -0.119863 0.990471  0.180657 0.818258 1 0 1.000000
skin_0
0  0.242154 -102.650673 56.071644  0.069152 -0.232216 0.970203  0.180657 0.816221 1 0 1.000000
0  0.000012 -102.085976 56.209648  0.000003 -0.198604 0.980080  0.179783 0.818258 1 0 1.000000
0  0.000012 -102.650673 56.071644  0.000000 -0.235654 0.971837  0.179783 0.816221 1 0 1.000000
skin_0
0  -0.242130 -102.650673 56.071644  -0.069152 -0.232215 0.970203  0.178910 0.816221 1 0 1.000000
0  0.000012 -102.650673 56.071644  0.000000 -0.235654 0.971837  0.179783 0.816221 1 0 1.000000
0  0.000012 -102.085976 56.209648  0.000003 -0.198604 0.980080  0.179783 0.818258 1 0 1.000000
skin_0
0  -0.242130 -102.650673 56.071644  -0.069152 -0.232215 0.970203  0.178910 0.816221 1 0 1.000000
0  -0.242130 -107.212090 54.974266  -0.068748 -0.233331 0.969964  0.178910 0.799761 1 0 1.000000
0  0.000012 -102.650673 56.071644  0.000000 -0.235654 0.971837  0.179783 0.816221 1 0 1.000000
skin_0
0  -0.242130 -107.212090 54.974266  -0.068748 -0.233331 0.969964  0.178910 0.799761 1 0 1.000000
0  -0.242130 -102.650673 56.071644  -0.069152 -0.232215 0.970203  0.178910 0.816221 1 0 1.000000
0  -13.675570 -106.343552 54.230434  -0.078312 -0.300406 0.950591  0.130434 0.802895 1 0 1.000000
skin_0
0  -13.675570 -106.343552 54.230434  -0.078312 -0.300406 0.950591  0.007720 0.997341 1 0 1.000000
0  -13.158952 -106.455627 53.942062  0.047997 -0.899513 0.434250  0.007734 0.997336 1 0 1.000000
0  -0.242130 -107.212090 54.974266  -0.068748 -0.233331 0.969964  0.008013 0.997373 1 0 1.000000
skin_0
0  -13.675570 -106.343552 54.230434  -0.078312 -0.300406 0.950591  0.007720 0.997341 1 0 1.000000
0  -13.360683 -106.697365 53.825478  0.490404 -0.430705 0.757626  0.007729 0.997332 1 0 1.000000
0  -13.158952 -106.455627 53.942062  0.047997 -0.899513 0.434250  0.007734 0.997336 1 0 1.000000
skin_0
0  -13.360683 -106.697365 53.825478  0.490404 -0.430705 0.757626  0.007729 0.997332 1 0 1.000000
0  -13.675570 -106.343552 54.230434  -0.078312 -0.300406 0.950591  0.007720 0.997341 1 0 1.000000
0  -12.814252 -112.758804 51.357067  0.665148 -0.229026 0.710721  0.007749 0.997183 1 0 1.000000
skin_0
0  -13.036640 -113.345680 51.380341  -0.076140 -0.446199 0.891689  0.007744 0.997168 1 0 1.000000
0  -12.814252 -112.758804 51.357067  0.665148 -0.229026 0.710721  0.007749 0.997183 1 0 1.000000
0  -13.675570 -106.343552 54.230434  -0.078312 -0.300406 0.950591  0.007720 0.997341 1 0 1.000000
skin_0
0  -13.036640 -113.345680 51.380341  -0.076140 -0.446199 0.891689  0.132740 0.777627 1 0 1.000000
0  -13.675570 -106.343552 54.230434  -0.078312 -0.300406 0.950591  0.130434 0.802895 1 0 1.000000
0  -26.942911 -115.059219 49.527138  -0.079522 -0.395639 0.914957  0.082558 0.771444 1 0 1.000000
skin_0
0  -13.036640 -113.345680 51.380341  -0.076140 -0.446199 0.891689  0.132740 0.777627 1 0 1.000000
0  -26.942911 -115.059219 49.527138  -0.079522 -0.395639 0.914957  0.082558 0.771444 1 0 1.000000
0  -0.242129 -118.920181 49.455605  -0.076428 -0.477880 0.875094  0.178910 0.757511 1 0 1.000000
skin_0
0  -0.242129 -119.070236 48.957298  -0.137166 -0.945231 -0.296183  0.178910 0.756970 1 0 1.000000
0  -0.242129 -118.920181 49.455605  -0.076428 -0.477880 0.875094  0.178910 0.757511 1 0 1.000000
0  -26.942911 -115.059219 49.527138  -0.079522 -0.395639 0.914957  0.082558 0.771444 1 0 1.000000
skin_0
0  0.000013 -118.920181 49.455605  0.000000 -0.957533 0.288323  0.179783 0.757511 1 0 1.000000
0  -0.242129 -118.920181 49.455605  -0.076428 -0.477880 0.875094  0.178910 0.757511 1 0 1.000000
0  -0.242129 -119.070236 48.957298  -0.137166 -0.945231 -0.296183  0.178910 0.756970 1 0 1.000000
skin_0
0  0.000013 -119.070236 48.957298  0.000000 -0.957527 0.288343  0.179783 0.756970 1 0 1.000000
0  0.000013 -118.920181 49.455605  0.000000 -0.957533 0.288323  0.179783 0.757511 1 0 1.000000
0  -0.242129 -119.070236 48.957298  -0.137166 -0.945231 -0.296183  0.178910 0.756970 1 0 1.000000
skin_0
0  0.000013 -119.070236 48.957298  0.000000 -0.957527 0.288343  0.179783 0.756970 1 0 1.000000
0  0.242155 -119.070236 48.957298  0.137166 -0.945233 -0.296176  0.180657 0.756970 1 0 1.000000
0  0.000013 -118.920181 49.455605  0.000000 -0.957533 0.288323  0.179783 0.757511 1 0 1.000000
skin_0
0  0.242155 -118.920181 49.455605  0.076429 -0.477832 0.875120  0.180657 0.757511 1 0 1.000000
0  0.000013 -118.920181 49.455605  0.000000 -0.957533 0.288323  0.179783 0.757511 1 0 1.000000
0  0.242155 -119.070236 48.957298  0.137166 -0.945233 -0.296176  0.180657 0.756970 1 0 1.000000
skin_0
0  0.242155 -118.920181 49.455605  0.076429 -0.477832 0.875120  0.180657 0.757511 1 0 1.000000
0  0.242155 -119.070236 48.957298  0.137166 -0.945233 -0.296176  0.180657 0.756970 1 0 1.000000
0  26.942938 -115.059219 49.527130  0.079522 -0.395639 0.914957  0.277008 0.771444 1 0 1.000000
skin_0
0  13.036665 -113.345680 51.380341  0.076052 -0.446133 0.891730  0.226827 0.777627 1 0 1.000000
0  0.242155 -118.920181 49.455605  0.076429 -0.477832 0.875120  0.180657 0.757511 1 0 1.000000
0  26.942938 -115.059219 49.527130  0.079522 -0.395639 0.914957  0.277008 0.771444 1 0 1.000000
skin_0
0  -26.942911 -115.059219 49.527138  -0.079522 -0.395639 0.914957  0.082558 0.771444 1 0 1.000000
0  -27.067656 -115.256577 49.025223  -0.212104 -0.860736 -0.462758  0.082108 0.770732 1 0 1.000000
0  -0.242129 -119.070236 48.957298  -0.137166 -0.945231 -0.296183  0.178910 0.756970 1 0 1.000000
skin_0
0  -24.115185 -115.124969 47.427322  -0.189011 -0.897040 -0.399492  0.092762 0.771207 1 0 1.000000
0  -0.242129 -119.070236 48.957298  -0.137166 -0.945231 -0.296183  0.178910 0.756970 1 0 1.000000
0  -27.067656 -115.256577 49.025223  -0.212104 -0.860736 -0.462758  0.082108 0.770732 1 0 1.000000
skin_0
0  -0.245873 -118.702614 47.652195  -0.140307 -0.953125 -0.268078  0.178896 0.758296 1 0 1.000000
0  -0.242129 -119.070236 48.957298  -0.137166 -0.945231 -0.296183  0.178910 0.756970 1 0 1.000000
0  -24.115185 -115.124969 47.427322  -0.189011 -0.897040 -0.399492  0.092762 0.771207 1 0 1.000000
skin_0
0  -0.245873 -118.702614 47.652195  -0.140307 -0.953125 -0.268078  0.178896 0.758296 1 0 1.000000
0  0.000013 -118.702614 47.652195  0.000000 -0.962542 -0.271133  0.179783 0.758296 1 0 1.000000
0  -0.242129 -119.070236 48.957298  -0.137166 -0.945231 -0.296183  0.178910 0.756970 1 0 1.000000
skin_0
0  0.000013 -119.070236 48.957298  0.000000 -0.962547 -0.271117  0.179783 0.756970 1 0 1.000000
0  -0.242129 -119.070236 48.957298  -0.137166 -0.945231 -0.296183  0.178910 0.756970 1 0 1.000000
0  0.000013 -118.702614 47.652195  0.000000 -0.962542 -0.271133  0.179783 0.758296 1 0 1.000000
skin_0
0  0.000013 -119.070236 48.957298  0.000000 -0.962547 -0.271117  0.179783 0.756970 1 0 1.000000
0  0.000013 -118.702614 47.652195  0.000000 -0.962542 -0.271133  0.179783 0.758296 1 0 1.000000
0  0.242155 -119.070236 48.957298  0.137166 -0.945233 -0.296176  0.180657 0.756970 1 0 1.000000
skin_0
0  0.245898 -118.702614 47.652195  0.140307 -0.953128 -0.268067  0.180671 0.758296 1 0 1.000000
0  0.242155 -119.070236 48.957298  0.137166 -0.945233 -0.296176  0.180657 0.756970 1 0 1.000000
0  0.000013 -118.702614 47.652195  0.000000 -0.962542 -0.271133  0.179783 0.758296 1 0 1.000000
skin_0
0  0.245898 -118.702614 47.652195  0.140307 -0.953128 -0.268067  0.180671 0.758296 1 0 1.000000
0  24.115208 -115.124969 47.427322  0.189010 -0.897040 -0.399493  0.266804 0.771207 1 0 1.000000
0  0.242155 -119.070236 48.957298  0.137166 -0.945233 -0.296176  0.180657 0.756970 1 0 1.000000
skin_0
0  24.115208 -115.124969 47.427322  0.189010 -0.897040 -0.399493  0.266804 0.771207 1 0 1.000000
0  27.067682 -115.256577 49.025215  0.212126 -0.860724 -0.462770  0.277458 0.770732 1 0 1.000000
0  0.242155 -119.070236 48.957298  0.137166 -0.945233 -0.296176  0.180657 0.756970 1 0 1.000000
skin_0
0  27.067682 -115.256577 49.025215  0.212126 -0.860724 -0.462770  0.277458 0.770732 1 0 1.000000
0  26.942938 -115.059219 49.527130  0.079522 -0.395639 0.914957  0.277008 0.771444 1 0 1.000000
0  0.242155 -119.070236 48.957298  0.137166 -0.945233 -0.296176  0.180657 0.756970 1 0 1.000000
skin_0
0  -0.242129 -118.920181 49.455605  -0.076428 -0.477880 0.875094  0.178910 0.757511 1 0 1.000000
0  -0.242129 -115.022781 51.736355  -0.089856 -0.503025 0.859588  0.178910 0.771575 1 0 1.000000
0  -13.036640 -113.345680 51.380341  -0.076140 -0.446199 0.891689  0.132740 0.777627 1 0 1.000000
skin_0
0  -0.242129 -115.022781 51.736355  -0.089856 -0.503025 0.859588  0.178910 0.771575 1 0 1.000000
0  -0.242129 -118.920181 49.455605  -0.076428 -0.477880 0.875094  0.178910 0.757511 1 0 1.000000
0  0.000013 -115.022781 51.736355  0.000008 -0.347695 0.937608  0.179783 0.771575 1 0 1.000000
skin_0
0  -0.242129 -118.920181 49.455605  -0.076428 -0.477880 0.875094  0.178910 0.757511 1 0 1.000000
0  0.000013 -118.920181 49.455605  0.000000 -0.505071 0.863078  0.179783 0.757511 1 0 1.000000
0  0.000013 -115.022781 51.736355  0.000008 -0.347695 0.937608  0.179783 0.771575 1 0 1.000000
skin_0
0  0.242155 -118.920181 49.455605  0.076429 -0.477832 0.875120  0.180657 0.757511 1 0 1.000000
0  0.000013 -115.022781 51.736355  0.000008 -0.347695 0.937608  0.179783 0.771575 1 0 1.000000
0  0.000013 -118.920181 49.455605  0.000000 -0.505071 0.863078  0.179783 0.757511 1 0 1.000000
skin_0
0  0.000013 -115.022781 51.736355  0.000008 -0.347695 0.937608  0.179783 0.771575 1 0 1.000000
0  0.242155 -118.920181 49.455605  0.076429 -0.477832 0.875120  0.180657 0.757511 1 0 1.000000
0  0.242155 -115.022781 51.736355  0.089856 -0.503026 0.859588  0.180657 0.771575 1 0 1.000000
skin_0
0  0.242155 -115.022781 51.736355  0.089856 -0.503026 0.859588  0.180657 0.771575 1 0 1.000000
0  0.242155 -118.920181 49.455605  0.076429 -0.477832 0.875120  0.180657 0.757511 1 0 1.000000
0  13.036665 -113.345680 51.380341  0.076052 -0.446133 0.891730  0.226827 0.777627 1 0 1.000000
skin_0
0  13.036665 -113.345680 51.380341  -0.019258 0.346023 0.938028  0.008286 0.997168 1 0 1.000000
0  12.567038 -113.043648 51.259289  0.008031 0.186732 0.982378  0.008276 0.997175 1 0 1.000000
0  0.242155 -115.022781 51.736355  0.005455 0.123970 0.992271  0.008022 0.997166 1 0 1.000000
skin_0
0  0.000013 -114.629822 51.736355  0.017612 0.010850 0.999786  0.008018 0.997180 1 0 1.000000
0  0.242155 -115.022781 51.736355  0.005455 0.123970 0.992271  0.008022 0.997166 1 0 1.000000
0  12.567038 -113.043648 51.259289  0.008031 0.186732 0.982378  0.008276 0.997175 1 0 1.000000
skin_0
0  0.242155 -115.022781 51.736355  0.005417 0.123961 0.992272  0.008022 0.997166 1 0 1.000000
0  0.000013 -114.629822 51.736355  0.017589 0.010838 0.999786  0.008018 0.997180 1 0 1.000000
0  0.000013 -115.022781 51.736355  0.000017 -0.347530 0.937669  0.008018 0.997166 1 0 1.000000
skin_0
0  0.000013 -115.022781 51.736355  -0.000017 -0.347530 0.937669  0.008018 0.997166 1 0 1.000000
0  0.000013 -114.629822 51.736355  -0.017629 0.010862 0.999786  0.008018 0.997180 1 0 1.000000
0  -0.242129 -115.022781 51.736355  -0.005435 0.123959 0.992272  0.008013 0.997166 1 0 1.000000
skin_0
0  0.000013 -114.629822 51.736355  -0.017629 0.010862 0.999786  0.008018 0.997180 1 0 1.000000
0  -12.567013 -113.043648 51.259289  0.094910 0.101147 0.990334  0.007754 0.997175 1 0 1.000000
0  -0.242129 -115.022781 51.736355  -0.005435 0.123959 0.992272  0.008013 0.997166 1 0 1.000000
skin_0
0  -13.036640 -113.345680 51.380341  0.161153 0.140925 0.976816  0.007744 0.997168 1 0 1.000000
0  -0.242129 -115.022781 51.736355  -0.005435 0.123959 0.992272  0.008013 0.997166 1 0 1.000000
0  -12.567013 -113.043648 51.259289  0.094910 0.101147 0.990334  0.007754 0.997175 1 0 1.000000
skin_0
0  -12.814252 -112.758804 51.357067  0.292789 -0.073138 0.953376  0.007749 0.997183 1 0 1.000000
0  -13.036640 -113.345680 51.380341  0.161153 0.140925 0.976816  0.007744 0.997168 1 0 1.000000
0  -12.567013 -113.043648 51.259289  0.094910 0.101147 0.990334  0.007754 0.997175 1 0 1.000000
skin_0
0  -0.245873 -118.702614 47.652195  0.000000 -0.910680 -0.413112  0.178896 0.758296 1 0 1.000000
0  -0.245873 -118.542648 47.299561  0.000000 -0.910680 -0.413112  0.178896 0.758874 1 0 1.000000
0  0.000013 -118.702614 47.652195  0.000000 -0.910680 -0.413113  0.179783 0.758296 1 0 1.000000
skin_0
0  0.000013 -118.542648 47.299561  0.000000 -0.910680 -0.413113  0.179783 0.758874 1 0 1.000000
0  0.000013 -118.702614 47.652195  0.000000 -0.910680 -0.413113  0.179783 0.758296 1 0 1.000000
0  -0.245873 -118.542648 47.299561  0.000000 -0.910680 -0.413112  0.178896 0.758874 1 0 1.000000
skin_0
0  0.000013 -118.702614 47.652195  0.000000 -0.910680 -0.413113  0.179783 0.758296 1 0 1.000000
0  0.000013 -118.542648 47.299561  0.000000 -0.910680 -0.413113  0.179783 0.758874 1 0 1.000000
0  0.245898 -118.702614 47.652195  0.000000 -0.910679 -0.413114  0.180671 0.758296 1 0 1.000000
skin_0
0  0.245898 -118.542648 47.299561  0.000000 -0.910679 -0.413114  0.180671 0.758874 1 0 1.000000
0  0.245898 -118.702614 47.652195  0.000000 -0.910679 -0.413114  0.180671 0.758296 1 0 1.000000
0  0.000013 -118.542648 47.299561  0.000000 -0.910680 -0.413113  0.179783 0.758874 1 0 1.000000
skin_0
0  -0.245873 -118.702614 47.652195  -0.131455 -0.902793 -0.409492  0.178896 0.758296 1 0 1.000000
0  -24.115185 -115.124969 47.427322  -0.132839 -0.913322 -0.384963  0.092762 0.771207 1 0 1.000000
0  -0.245873 -118.542648 47.299561  -0.132829 -0.913287 -0.385051  0.178896 0.758874 1 0 1.000000
skin_0
0  -24.196453 -114.973488 47.069408  -0.134109 -0.923165 -0.360251  0.092469 0.771753 1 0 1.000000
0  -0.245873 -118.542648 47.299561  -0.132829 -0.913287 -0.385051  0.178896 0.758874 1 0 1.000000
0  -24.115185 -115.124969 47.427322  -0.132839 -0.913322 -0.384963  0.092762 0.771207 1 0 1.000000
skin4
0  13.360708 -106.697365 53.825478  0.074779 -0.381869 0.921186  6.949889 2.145131 1 0 1.000000
0  13.158977 -106.455627 53.942062  0.075996 -0.381913 0.921068  6.861592 2.253665 1 0 1.000000
0  12.814277 -112.758804 51.357067  0.075681 -0.381897 0.921101  6.688671 -1.018006 1 0 1.000000
skin4
0  12.814277 -112.758804 51.357067  0.075681 -0.381897 0.921101  6.688671 -1.018006 1 0 1.000000
0  13.158977 -106.455627 53.942062  0.075996 -0.381913 0.921068  6.861592 2.253665 1 0 1.000000
0  12.567038 -113.043648 51.259289  0.078094 -0.378760 0.922194  6.570940 -1.148616 1 0 1.000000
skin4
0  13.158977 -106.455627 53.942062  0.075996 -0.381913 0.921068  6.861592 2.253665 1 0 1.000000
0  0.242154 -107.286140 54.671783  0.052901 -0.375383 0.925359  0.588202 2.040276 1 0 1.000000
0  12.567038 -113.043648 51.259289  0.078094 -0.378760 0.922194  6.570940 -1.148616 1 0 1.000000
skin4
0  0.000013 -114.629822 51.736355  -0.000000 -0.372505 0.928030  0.470930 -1.794304 1 0 1.000000
0  12.567038 -113.043648 51.259289  0.078094 -0.378760 0.922194  6.570940 -1.148616 1 0 1.000000
0  0.242154 -107.286140 54.671783  0.052901 -0.375383 0.925359  0.588202 2.040276 1 0 1.000000
skin4
0  0.000012 -107.286140 54.671783  0.000000 -0.371168 0.928566  0.470930 2.040276 1 0 1.000000
0  0.000013 -114.629822 51.736355  -0.000000 -0.372505 0.928030  0.470930 -1.794304 1 0 1.000000
0  0.242154 -107.286140 54.671783  0.052901 -0.375383 0.925359  0.588202 2.040276 1 0 1.000000
skin4
0  -0.242130 -107.286140 54.671783  -0.052949 -0.375390 0.925353  0.353427 2.040276 1 0 1.000000
0  0.000013 -114.629822 51.736355  -0.000000 -0.372505 0.928030  0.470930 -1.794304 1 0 1.000000
0  0.000012 -107.286140 54.671783  0.000000 -0.371168 0.928566  0.470930 2.040276 1 0 1.000000
skin4
0  -0.242130 -107.286140 54.671783  -0.052949 -0.375390 0.925353  0.353427 2.040276 1 0 1.000000
0  -12.567013 -113.043648 51.259289  -0.077739 -0.379495 0.921922  -5.629079 -1.148616 1 0 1.000000
0  0.000013 -114.629822 51.736355  -0.000000 -0.372505 0.928030  0.470930 -1.794304 1 0 1.000000
skin4
0  -13.158952 -106.455627 53.942062  -0.075996 -0.381915 0.921068  -5.919731 2.253665 1 0 1.000000
0  -12.567013 -113.043648 51.259289  -0.077739 -0.379495 0.921922  -5.629079 -1.148616 1 0 1.000000
0  -0.242130 -107.286140 54.671783  -0.052949 -0.375390 0.925353  0.353427 2.040276 1 0 1.000000
skin4
0  -12.814252 -112.758804 51.357067  -0.075347 -0.381883 0.921134  -5.746809 -1.018006 1 0 1.000000
0  -12.567013 -113.043648 51.259289  -0.077739 -0.379495 0.921922  -5.629079 -1.148616 1 0 1.000000
0  -13.158952 -106.455627 53.942062  -0.075996 -0.381915 0.921068  -5.919731 2.253665 1 0 1.000000
skin4
0  -13.360683 -106.697365 53.825478  -0.074779 -0.381873 0.921184  -6.008029 2.145131 1 0 1.000000
0  -12.814252 -112.758804 51.357067  -0.075347 -0.381883 0.921134  -5.746809 -1.018006 1 0 1.000000
0  -13.158952 -106.455627 53.942062  -0.075996 -0.381915 0.921068  -5.919731 2.253665 1 0 1.000000
skin3
0  -3.903890 -119.201614 27.125965  -0.063736 -0.552219 0.831259  0.855469 0.307617 1 0 1.000000
0  -5.297886 -120.315620 26.279030  -0.063737 -0.552219 0.831259  1.007813 0.458008 1 0 1.000000
0  -3.911512 -120.370911 26.348619  -0.063749 -0.552211 0.831264  1.007813 0.307617 1 0 1.000000
skin3
0  -5.290264 -119.146324 27.056421  -0.063724 -0.552228 0.831254  0.855469 0.458008 1 0 1.000000
0  -5.297886 -120.315620 26.279030  -0.063737 -0.552219 0.831259  1.007813 0.458008 1 0 1.000000
0  -3.903890 -119.201614 27.125965  -0.063736 -0.552219 0.831259  0.855469 0.307617 1 0 1.000000
skin3
0  3.911534 -120.370911 26.348619  0.063749 -0.552211 0.831263  1.007813 0.307617 1 0 1.000000
0  5.297908 -120.315620 26.279030  0.063737 -0.552219 0.831259  1.007813 0.458008 1 0 1.000000
0  3.903912 -119.201614 27.125965  0.063737 -0.552219 0.831259  0.855469 0.307617 1 0 1.000000
skin3
0  5.290286 -119.146324 27.056421  0.063724 -0.552227 0.831255  0.855469 0.458008 1 0 1.000000
0  3.903912 -119.201614 27.125965  0.063737 -0.552219 0.831259  0.855469 0.307617 1 0 1.000000
0  5.297908 -120.315620 26.279030  0.063737 -0.552219 0.831259  1.007813 0.458008 1 0 1.000000
skin3
0  10.536815 -118.880806 26.657555  0.063747 -0.552224 0.831255  1.007813 0.307617 1 0 1.000000
0  11.923189 -118.825516 26.587965  0.063748 -0.552229 0.831252  1.007813 0.458008 1 0 1.000000
0  10.529193 -117.711510 27.434942  0.063748 -0.552229 0.831252  0.855469 0.307617 1 0 1.000000
skin3
0  11.915567 -117.656219 27.365355  0.063748 -0.552234 0.831249  0.855469 0.458008 1 0 1.000000
0  10.529193 -117.711510 27.434942  0.063748 -0.552229 0.831252  0.855469 0.307617 1 0 1.000000
0  11.923189 -118.825516 26.587965  0.063748 -0.552229 0.831252  1.007813 0.458008 1 0 1.000000
skin3
0  15.597443 -121.726707 24.526306  0.070348 -0.513811 0.855014  1.007813 0.307617 1 0 1.000000
0  16.983185 -121.670341 24.446165  0.070348 -0.513811 0.855014  1.007813 0.458008 1 0 1.000000
0  15.590316 -120.523438 25.249981  0.070348 -0.513811 0.855014  0.855469 0.307617 1 0 1.000000
skin3
0  16.976059 -120.467072 25.169838  0.070348 -0.513811 0.855014  0.855469 0.458008 1 0 1.000000
0  15.590316 -120.523438 25.249981  0.070348 -0.513811 0.855014  0.855469 0.307617 1 0 1.000000
0  16.983185 -121.670341 24.446165  0.070348 -0.513811 0.855014  1.007813 0.458008 1 0 1.000000
skin3
0  21.618113 -119.560417 25.373781  0.076944 -0.474350 0.876967  1.007813 0.307617 1 0 1.000000
0  23.003222 -119.503418 25.283083  0.076961 -0.474339 0.876972  1.007813 0.458008 1 0 1.000000
0  21.611076 -118.325638 26.042297  0.076962 -0.474338 0.876972  0.855469 0.307617 1 0 1.000000
skin3
0  22.996143 -118.268623 25.951555  0.076979 -0.474327 0.876977  0.855469 0.458008 1 0 1.000000
0  21.611076 -118.325638 26.042297  0.076962 -0.474338 0.876972  0.855469 0.307617 1 0 1.000000
0  23.003222 -119.503418 25.283083  0.076961 -0.474339 0.876972  1.007813 0.458008 1 0 1.000000
skin3
0  15.450190 -119.073570 26.543991  0.076965 -0.474343 0.876969  1.007813 0.307617 1 0 1.000000
0  16.835257 -119.016518 26.453295  0.076972 -0.474340 0.876970  1.007813 0.458008 1 0 1.000000
0  15.443110 -117.838776 27.212505  0.076972 -0.474340 0.876970  0.855469 0.307617 1 0 1.000000
skin3
0  16.828175 -117.781761 27.121767  0.076979 -0.474338 0.876971  0.855469 0.458008 1 0 1.000000
0  15.443110 -117.838776 27.212505  0.076972 -0.474340 0.876970  0.855469 0.307617 1 0 1.000000
0  16.835257 -119.016518 26.453295  0.076972 -0.474340 0.876970  1.007813 0.458008 1 0 1.000000
skin3
0  22.217131 -116.593872 27.025660  0.069225 -0.518457 0.852297  1.007813 0.307617 1 0 1.000000
0  23.603006 -116.536285 26.948132  0.069224 -0.518451 0.852301  1.007813 0.458008 1 0 1.000000
0  22.208155 -115.394585 27.755919  0.069224 -0.518451 0.852301  0.855469 0.307617 1 0 1.000000
skin3
0  23.593987 -115.336990 27.678392  0.069224 -0.518446 0.852304  0.855469 0.458008 1 0 1.000000
0  22.208155 -115.394585 27.755919  0.069224 -0.518451 0.852301  0.855469 0.307617 1 0 1.000000
0  23.603006 -116.536285 26.948132  0.069224 -0.518451 0.852301  1.007813 0.458008 1 0 1.000000
skin3
0  28.878494 -122.828461 21.940769  -0.009519 -0.999948 -0.003662  1.005859 0.454102 1 0 1.000000
0  27.841822 -122.818581 21.937656  -0.009256 -0.999951 -0.003393  0.859375 0.453613 1 0 1.000000
0  28.870781 -122.824715 20.939911  -0.009267 -0.999951 -0.003405  1.004883 0.312500 1 0 1.000000
skin3
0  27.834381 -122.815376 20.937836  -0.009004 -0.999955 -0.003136  0.858398 0.312012 1 0 1.000000
0  28.870781 -122.824715 20.939911  -0.009267 -0.999951 -0.003405  1.004883 0.312500 1 0 1.000000
0  27.841822 -122.818581 21.937656  -0.009256 -0.999951 -0.003393  0.859375 0.453613 1 0 1.000000
skin3
0  28.825180 -122.798645 15.573009  -0.009512 -0.999948 -0.003662  1.005859 0.454102 1 0 1.000000
0  27.788511 -122.788773 15.569852  -0.009248 -0.999951 -0.003401  0.859375 0.453613 1 0 1.000000
0  28.817421 -122.794899 14.572150  -0.009260 -0.999951 -0.003412  1.004883 0.312500 1 0 1.000000
skin3
0  27.781067 -122.785568 14.570030  -0.008997 -0.999955 -0.003151  0.858398 0.312012 1 0 1.000000
0  28.817421 -122.794899 14.572150  -0.009260 -0.999951 -0.003412  1.004883 0.312500 1 0 1.000000
0  27.788511 -122.788773 15.569852  -0.009248 -0.999951 -0.003401  0.859375 0.453613 1 0 1.000000
skin3
0  -27.834358 -122.815376 20.937840  0.009004 -0.999955 -0.003136  0.858398 0.312012 1 0 1.000000
0  -27.841799 -122.818581 21.937660  0.009256 -0.999951 -0.003393  0.859375 0.453613 1 0 1.000000
0  -28.870758 -122.824715 20.939915  0.009267 -0.999951 -0.003405  1.004883 0.312500 1 0 1.000000
skin3
0  -28.878471 -122.828461 21.940773  0.009519 -0.999948 -0.003662  1.005859 0.454102 1 0 1.000000
0  -28.870758 -122.824715 20.939915  0.009267 -0.999951 -0.003405  1.004883 0.312500 1 0 1.000000
0  -27.841799 -122.818581 21.937660  0.009256 -0.999951 -0.003393  0.859375 0.453613 1 0 1.000000
skin3
0  -27.781048 -122.785568 14.570034  0.008997 -0.999955 -0.003151  0.858398 0.312012 1 0 1.000000
0  -27.788492 -122.788773 15.569856  0.009248 -0.999951 -0.003401  0.859375 0.453613 1 0 1.000000
0  -28.817402 -122.794899 14.572154  0.009260 -0.999951 -0.003412  1.004883 0.312500 1 0 1.000000
skin3
0  -28.825161 -122.798645 15.573013  0.009512 -0.999948 -0.003662  1.005859 0.454102 1 0 1.000000
0  -28.817402 -122.794899 14.572154  0.009260 -0.999951 -0.003412  1.004883 0.312500 1 0 1.000000
0  -27.788492 -122.788773 15.569856  0.009248 -0.999951 -0.003401  0.859375 0.453613 1 0 1.000000
skin3
0  -8.575483 -123.680168 19.546139  0.002140 -0.999997 0.001076  0.858398 0.312012 1 0 1.000000
0  -8.582159 -123.679222 20.444668  0.002368 -0.999997 0.000835  0.859375 0.453613 1 0 1.000000
0  -9.506935 -123.682159 19.548080  0.002378 -0.999997 0.000823  1.004883 0.312500 1 0 1.000000
skin3
0  -9.513880 -123.681648 20.447554  0.002606 -0.999996 0.000583  1.005859 0.454102 1 0 1.000000
0  -9.506935 -123.682159 19.548080  0.002378 -0.999997 0.000823  1.004883 0.312500 1 0 1.000000
0  -8.582159 -123.679222 20.444668  0.002368 -0.999997 0.000835  0.859375 0.453613 1 0 1.000000
skin3
0  -8.575575 -123.691177 16.922945  0.002124 -0.999997 0.001021  0.858398 0.312012 1 0 1.000000
0  -8.582250 -123.690277 17.821472  0.002359 -0.999997 0.000771  0.859375 0.453613 1 0 1.000000
0  -9.507026 -123.693153 16.924885  0.002370 -0.999997 0.000759  1.004883 0.312500 1 0 1.000000
skin3
0  -9.513970 -123.692703 17.824358  0.002606 -0.999996 0.000510  1.005859 0.454102 1 0 1.000000
0  -9.507026 -123.693153 16.924885  0.002370 -0.999997 0.000759  1.004883 0.312500 1 0 1.000000
0  -8.582250 -123.690277 17.821472  0.002359 -0.999997 0.000771  0.859375 0.453613 1 0 1.000000
skin3
0  -8.575665 -123.701996 14.344398  0.002140 -0.999997 0.001003  0.858398 0.312012 1 0 1.000000
0  -8.582340 -123.701096 15.242924  0.002376 -0.999997 0.000780  0.859375 0.453613 1 0 1.000000
0  -9.507071 -123.703987 14.346292  0.002387 -0.999997 0.000769  1.004883 0.312500 1 0 1.000000
skin3
0  -9.514061 -123.703537 15.245811  0.002622 -0.999996 0.000546  1.005859 0.454102 1 0 1.000000
0  -9.507071 -123.703987 14.346292  0.002387 -0.999997 0.000769  1.004883 0.312500 1 0 1.000000
0  -8.582340 -123.701096 15.242924  0.002376 -0.999997 0.000780  0.859375 0.453613 1 0 1.000000
skin3
0  9.513901 -123.681648 20.447554  -0.002606 -0.999996 0.000583  1.005859 0.454102 1 0 1.000000
0  8.582180 -123.679222 20.444668  -0.002368 -0.999997 0.000835  0.859375 0.453613 1 0 1.000000
0  9.506956 -123.682159 19.548080  -0.002378 -0.999997 0.000823  1.004883 0.312500 1 0 1.000000
skin3
0  8.575504 -123.680168 19.546139  -0.002140 -0.999997 0.001076  0.858398 0.312012 1 0 1.000000
0  9.506956 -123.682159 19.548080  -0.002378 -0.999997 0.000823  1.004883 0.312500 1 0 1.000000
0  8.582180 -123.679222 20.444668  -0.002368 -0.999997 0.000835  0.859375 0.453613 1 0 1.000000
skin3
0  9.513991 -123.692703 17.824358  -0.002606 -0.999996 0.000510  1.005859 0.454102 1 0 1.000000
0  8.582271 -123.690277 17.821472  -0.002359 -0.999997 0.000771  0.859375 0.453613 1 0 1.000000
0  9.507047 -123.693153 16.924885  -0.002370 -0.999997 0.000759  1.004883 0.312500 1 0 1.000000
skin3
0  8.575596 -123.691177 16.922945  -0.002124 -0.999997 0.001021  0.858398 0.312012 1 0 1.000000
0  9.507047 -123.693153 16.924885  -0.002370 -0.999997 0.000759  1.004883 0.312500 1 0 1.000000
0  8.582271 -123.690277 17.821472  -0.002359 -0.999997 0.000771  0.859375 0.453613 1 0 1.000000
skin3
0  9.514082 -123.703537 15.245810  -0.002622 -0.999996 0.000528  1.005859 0.454102 1 0 1.000000
0  8.582361 -123.701096 15.242922  -0.002376 -0.999997 0.000771  0.859375 0.453613 1 0 1.000000
0  9.507092 -123.703987 14.346290  -0.002387 -0.999997 0.000760  1.004883 0.312500 1 0 1.000000
skin3
0  8.575686 -123.701996 14.344396  -0.002140 -0.999997 0.001003  0.858398 0.312012 1 0 1.000000
0  9.507092 -123.703987 14.346290  -0.002387 -0.999997 0.000760  1.004883 0.312500 1 0 1.000000
0  8.582361 -123.701096 15.242922  -0.002376 -0.999997 0.000771  0.859375 0.453613 1 0 1.000000
skin3
0  -10.529172 -117.711510 27.434942  -0.063749 -0.552232 0.831249  0.855469 0.307617 1 0 1.000000
0  -11.923166 -118.825516 26.587965  -0.063749 -0.552232 0.831249  1.007813 0.458008 1 0 1.000000
0  -10.536792 -118.880806 26.657555  -0.063748 -0.552225 0.831254  1.007813 0.307617 1 0 1.000000
skin3
0  -11.915546 -117.656219 27.365355  -0.063749 -0.552239 0.831245  0.855469 0.458008 1 0 1.000000
0  -11.923166 -118.825516 26.587965  -0.063749 -0.552232 0.831249  1.007813 0.458008 1 0 1.000000
0  -10.529172 -117.711510 27.434942  -0.063749 -0.552232 0.831249  0.855469 0.307617 1 0 1.000000
skin3
0  -15.590293 -120.523438 25.249985  -0.070347 -0.513811 0.855015  0.855469 0.307617 1 0 1.000000
0  -16.983162 -121.670341 24.446169  -0.070347 -0.513811 0.855015  1.007813 0.458008 1 0 1.000000
0  -15.597420 -121.726707 24.526310  -0.070349 -0.513811 0.855014  1.007813 0.307617 1 0 1.000000
skin3
0  -16.976036 -120.467072 25.169842  -0.070346 -0.513810 0.855015  0.855469 0.458008 1 0 1.000000
0  -16.983162 -121.670341 24.446169  -0.070347 -0.513811 0.855015  1.007813 0.458008 1 0 1.000000
0  -15.590293 -120.523438 25.249985  -0.070347 -0.513811 0.855015  0.855469 0.307617 1 0 1.000000
skin3
0  -21.611053 -118.325638 26.042301  -0.076962 -0.474339 0.876972  0.855469 0.307617 1 0 1.000000
0  -23.003199 -119.503418 25.283087  -0.076961 -0.474339 0.876972  1.007813 0.458008 1 0 1.000000
0  -21.618090 -119.560417 25.373785  -0.076944 -0.474350 0.876967  1.007813 0.307617 1 0 1.000000
skin3
0  -22.996120 -118.268623 25.951559  -0.076979 -0.474327 0.876977  0.855469 0.458008 1 0 1.000000
0  -23.003199 -119.503418 25.283087  -0.076961 -0.474339 0.876972  1.007813 0.458008 1 0 1.000000
0  -21.611053 -118.325638 26.042301  -0.076962 -0.474339 0.876972  0.855469 0.307617 1 0 1.000000
skin3
0  -15.443089 -117.838776 27.212509  -0.076972 -0.474340 0.876970  0.855469 0.307617 1 0 1.000000
0  -16.835234 -119.016518 26.453299  -0.076972 -0.474340 0.876970  1.007813 0.458008 1 0 1.000000
0  -15.450167 -119.073570 26.543995  -0.076962 -0.474342 0.876970  1.007813 0.307617 1 0 1.000000
skin3
0  -16.828152 -117.781761 27.121771  -0.076981 -0.474338 0.876971  0.855469 0.458008 1 0 1.000000
0  -16.835234 -119.016518 26.453299  -0.076972 -0.474340 0.876970  1.007813 0.458008 1 0 1.000000
0  -15.443089 -117.838776 27.212509  -0.076972 -0.474340 0.876970  0.855469 0.307617 1 0 1.000000
skin3
0  -22.208132 -115.394585 27.755922  -0.069224 -0.518452 0.852300  0.855469 0.307617 1 0 1.000000
0  -23.602983 -116.536285 26.948135  -0.069224 -0.518452 0.852300  1.007813 0.458008 1 0 1.000000
0  -22.217108 -116.593872 27.025663  -0.069224 -0.518458 0.852297  1.007813 0.307617 1 0 1.000000
skin3
0  -23.593964 -115.336990 27.678396  -0.069224 -0.518446 0.852304  0.855469 0.458008 1 0 1.000000
0  -23.602983 -116.536285 26.948135  -0.069224 -0.518452 0.852300  1.007813 0.458008 1 0 1.000000
0  -22.208132 -115.394585 27.755922  -0.069224 -0.518452 0.852300  0.855469 0.307617 1 0 1.000000
end
